2026-09-16 00:00:20 | INFO    | Run=autophasenn_momamba_stage2_eq1_bs24_lr2e-4_20260916_000016 | data=autophasenn | phase=reduced_bn_no_outer_skip (frozen) | refiner trainable parameters=2,346,543 | device=cuda | train/val=25,000/5,000 | checkpoints=/data_ssd/oyys/autophasenn/autophasenn_pipeline_output/high_strain_cnn_refiner/autophasenn_momamba_stage2_eq1_bs24_lr2e-4_20260916_000016
2026-09-16 00:00:20 | INFO    | MoM experts=[3, 3, 3, 3] | top-k=2 | router heads=2 | complex base channels=4 | position/router/codec dropout=0.10/0.20/0.10 | projection=False | precision=float32
2026-09-16 00:00:20 | INFO    | Object loss=aligned component MAE (full) | physics weight=0 | Fourier metric=validation only | support=stored target amplitude >= 0.1
2026-09-16 00:01:44 | INFO    | TRAIN | epoch=001/100 | batch=00050/01041 | total=3.00048e-01 | object=3.00048e-01 | physics=0.00000e+00 | elapsed=00:01:24 | eta=00:27:43 | data_wait=0.43s
2026-09-16 00:03:13 | INFO    | TRAIN | epoch=001/100 | batch=00100/01041 | total=2.08141e-01 | object=2.08141e-01 | physics=0.00000e+00 | elapsed=00:02:52 | eta=00:27:02 | data_wait=0.44s
2026-09-16 00:04:40 | INFO    | TRAIN | epoch=001/100 | batch=00150/01041 | total=1.91660e-01 | object=1.91660e-01 | physics=0.00000e+00 | elapsed=00:04:19 | eta=00:25:40 | data_wait=0.45s
2026-09-16 00:06:02 | INFO    | TRAIN | epoch=001/100 | batch=00200/01041 | total=1.75061e-01 | object=1.75061e-01 | physics=0.00000e+00 | elapsed=00:05:42 | eta=00:23:58 | data_wait=0.46s
2026-09-16 00:07:24 | INFO    | TRAIN | epoch=001/100 | batch=00250/01041 | total=1.93487e-01 | object=1.93487e-01 | physics=0.00000e+00 | elapsed=00:07:04 | eta=00:22:22 | data_wait=0.47s
2026-09-16 00:08:52 | INFO    | TRAIN | epoch=001/100 | batch=00300/01041 | total=1.70165e-01 | object=1.70165e-01 | physics=0.00000e+00 | elapsed=00:08:31 | eta=00:21:03 | data_wait=0.48s
2026-09-16 00:10:13 | INFO    | TRAIN | epoch=001/100 | batch=00350/01041 | total=1.71189e-01 | object=1.71189e-01 | physics=0.00000e+00 | elapsed=00:09:53 | eta=00:19:31 | data_wait=0.49s
2026-09-16 00:11:34 | INFO    | TRAIN | epoch=001/100 | batch=00400/01041 | total=1.58255e-01 | object=1.58255e-01 | physics=0.00000e+00 | elapsed=00:11:14 | eta=00:18:00 | data_wait=0.49s
2026-09-16 00:13:00 | INFO    | TRAIN | epoch=001/100 | batch=00450/01041 | total=1.48899e-01 | object=1.48899e-01 | physics=0.00000e+00 | elapsed=00:12:40 | eta=00:16:38 | data_wait=0.51s
2026-09-16 00:14:21 | INFO    | TRAIN | epoch=001/100 | batch=00500/01041 | total=1.40329e-01 | object=1.40329e-01 | physics=0.00000e+00 | elapsed=00:14:01 | eta=00:15:09 | data_wait=0.51s
2026-09-16 00:15:42 | INFO    | TRAIN | epoch=001/100 | batch=00550/01041 | total=1.42067e-01 | object=1.42067e-01 | physics=0.00000e+00 | elapsed=00:15:21 | eta=00:13:42 | data_wait=0.52s
2026-09-16 00:17:04 | INFO    | TRAIN | epoch=001/100 | batch=00600/01041 | total=1.40442e-01 | object=1.40442e-01 | physics=0.00000e+00 | elapsed=00:16:44 | eta=00:12:18 | data_wait=0.53s
2026-09-16 00:18:32 | INFO    | TRAIN | epoch=001/100 | batch=00650/01041 | total=1.51364e-01 | object=1.51364e-01 | physics=0.00000e+00 | elapsed=00:18:12 | eta=00:10:57 | data_wait=0.54s
2026-09-16 00:19:55 | INFO    | TRAIN | epoch=001/100 | batch=00700/01041 | total=1.36925e-01 | object=1.36925e-01 | physics=0.00000e+00 | elapsed=00:19:34 | eta=00:09:32 | data_wait=0.55s
2026-09-16 00:21:17 | INFO    | TRAIN | epoch=001/100 | batch=00750/01041 | total=1.31120e-01 | object=1.31120e-01 | physics=0.00000e+00 | elapsed=00:20:57 | eta=00:08:08 | data_wait=0.56s
2026-09-16 00:22:45 | INFO    | TRAIN | epoch=001/100 | batch=00800/01041 | total=1.37223e-01 | object=1.37223e-01 | physics=0.00000e+00 | elapsed=00:22:24 | eta=00:06:45 | data_wait=0.57s
2026-09-16 00:24:10 | INFO    | TRAIN | epoch=001/100 | batch=00850/01041 | total=1.29636e-01 | object=1.29636e-01 | physics=0.00000e+00 | elapsed=00:23:49 | eta=00:05:21 | data_wait=0.58s
2026-09-16 00:25:32 | INFO    | TRAIN | epoch=001/100 | batch=00900/01041 | total=1.14971e-01 | object=1.14971e-01 | physics=0.00000e+00 | elapsed=00:25:12 | eta=00:03:57 | data_wait=0.59s
2026-09-16 00:26:55 | INFO    | TRAIN | epoch=001/100 | batch=00950/01041 | total=1.31734e-01 | object=1.31734e-01 | physics=0.00000e+00 | elapsed=00:26:35 | eta=00:02:33 | data_wait=0.60s
2026-09-16 00:28:24 | INFO    | TRAIN | epoch=001/100 | batch=01000/01041 | total=1.32580e-01 | object=1.32580e-01 | physics=0.00000e+00 | elapsed=00:28:04 | eta=00:01:09 | data_wait=0.61s
2026-09-16 00:29:32 | INFO    | TRAIN | epoch=001/100 | batch=01041/01041 | total=1.26260e-01 | object=1.26260e-01 | physics=0.00000e+00 | elapsed=00:29:11 | eta=00:00:00 | data_wait=0.62s
2026-09-16 00:30:04 | INFO    | VAL | epoch=001/100 | batch=00050/00209 | total=1.27897e-01 | object=1.27897e-01 | physics=3.72884e-03 | elapsed=00:00:33 | eta=00:01:44 | data_wait=0.47s
2026-09-16 00:30:36 | INFO    | VAL | epoch=001/100 | batch=00100/00209 | total=1.31457e-01 | object=1.31457e-01 | physics=3.79498e-03 | elapsed=00:01:04 | eta=00:01:10 | data_wait=0.48s
2026-09-16 00:31:08 | INFO    | VAL | epoch=001/100 | batch=00150/00209 | total=1.24602e-01 | object=1.24602e-01 | physics=3.98227e-03 | elapsed=00:01:36 | eta=00:00:38 | data_wait=0.49s
2026-09-16 00:31:39 | INFO    | VAL | epoch=001/100 | batch=00200/00209 | total=1.30866e-01 | object=1.30866e-01 | physics=3.18446e-03 | elapsed=00:02:07 | eta=00:00:06 | data_wait=0.50s
2026-09-16 00:31:44 | INFO    | VAL | epoch=001/100 | batch=00209/00209 | total=1.23989e-01 | object=1.23989e-01 | physics=3.02158e-03 | elapsed=00:02:13 | eta=00:00:00 | data_wait=0.50s
2026-09-16 00:31:45 | INFO    | Epoch 001 complete | train=1.63789e-01 | val=1.29445e-01 | best=1.29445e-01 | real=7.17260e-02 | imag=5.77191e-02 | lr=2.000e-04 | epoch_time=00:31:24 | eta=2d 03:49:22 | finish=2026-09-18 04:21:07 CST
2026-09-16 00:33:15 | INFO    | TRAIN | epoch=002/100 | batch=00050/01041 | total=1.31657e-01 | object=1.31657e-01 | physics=0.00000e+00 | elapsed=00:01:30 | eta=00:29:47 | data_wait=0.33s
2026-09-16 00:34:38 | INFO    | TRAIN | epoch=002/100 | batch=00100/01041 | total=1.23687e-01 | object=1.23687e-01 | physics=0.00000e+00 | elapsed=00:02:53 | eta=00:27:09 | data_wait=0.34s
2026-09-16 00:36:01 | INFO    | TRAIN | epoch=002/100 | batch=00150/01041 | total=1.31007e-01 | object=1.31007e-01 | physics=0.00000e+00 | elapsed=00:04:17 | eta=00:25:24 | data_wait=0.35s
2026-09-16 00:37:25 | INFO    | TRAIN | epoch=002/100 | batch=00200/01041 | total=1.27317e-01 | object=1.27317e-01 | physics=0.00000e+00 | elapsed=00:05:40 | eta=00:23:52 | data_wait=0.36s
2026-09-16 00:38:55 | INFO    | TRAIN | epoch=002/100 | batch=00250/01041 | total=1.19851e-01 | object=1.19851e-01 | physics=0.00000e+00 | elapsed=00:07:10 | eta=00:22:41 | data_wait=0.37s
2026-09-16 00:40:19 | INFO    | TRAIN | epoch=002/100 | batch=00300/01041 | total=1.17601e-01 | object=1.17601e-01 | physics=0.00000e+00 | elapsed=00:08:34 | eta=00:21:10 | data_wait=0.37s
2026-09-16 00:41:42 | INFO    | TRAIN | epoch=002/100 | batch=00350/01041 | total=1.17809e-01 | object=1.17809e-01 | physics=0.00000e+00 | elapsed=00:09:57 | eta=00:19:39 | data_wait=0.38s
2026-09-16 00:43:11 | INFO    | TRAIN | epoch=002/100 | batch=00400/01041 | total=1.36892e-01 | object=1.36892e-01 | physics=0.00000e+00 | elapsed=00:11:26 | eta=00:18:19 | data_wait=0.39s
2026-09-16 00:44:33 | INFO    | TRAIN | epoch=002/100 | batch=00450/01041 | total=1.29362e-01 | object=1.29362e-01 | physics=0.00000e+00 | elapsed=00:12:48 | eta=00:16:49 | data_wait=0.40s
2026-09-16 00:45:56 | INFO    | TRAIN | epoch=002/100 | batch=00500/01041 | total=1.28879e-01 | object=1.28879e-01 | physics=0.00000e+00 | elapsed=00:14:11 | eta=00:15:21 | data_wait=0.41s
2026-09-16 00:47:19 | INFO    | TRAIN | epoch=002/100 | batch=00550/01041 | total=1.23831e-01 | object=1.23831e-01 | physics=0.00000e+00 | elapsed=00:15:34 | eta=00:13:54 | data_wait=0.42s
2026-09-16 00:48:51 | INFO    | TRAIN | epoch=002/100 | batch=00600/01041 | total=1.25507e-01 | object=1.25507e-01 | physics=0.00000e+00 | elapsed=00:17:06 | eta=00:12:34 | data_wait=0.43s
2026-09-16 00:50:13 | INFO    | TRAIN | epoch=002/100 | batch=00650/01041 | total=1.29779e-01 | object=1.29779e-01 | physics=0.00000e+00 | elapsed=00:18:28 | eta=00:11:07 | data_wait=0.44s
2026-09-16 00:51:35 | INFO    | TRAIN | epoch=002/100 | batch=00700/01041 | total=1.21956e-01 | object=1.21956e-01 | physics=0.00000e+00 | elapsed=00:19:50 | eta=00:09:40 | data_wait=0.45s
2026-09-16 00:52:59 | INFO    | TRAIN | epoch=002/100 | batch=00750/01041 | total=1.24153e-01 | object=1.24153e-01 | physics=0.00000e+00 | elapsed=00:21:14 | eta=00:08:14 | data_wait=0.46s
2026-09-16 00:54:28 | INFO    | TRAIN | epoch=002/100 | batch=00800/01041 | total=1.18223e-01 | object=1.18223e-01 | physics=0.00000e+00 | elapsed=00:22:43 | eta=00:06:51 | data_wait=0.47s
2026-09-16 00:55:51 | INFO    | TRAIN | epoch=002/100 | batch=00850/01041 | total=1.29717e-01 | object=1.29717e-01 | physics=0.00000e+00 | elapsed=00:24:06 | eta=00:05:25 | data_wait=0.48s
2026-09-16 00:57:13 | INFO    | TRAIN | epoch=002/100 | batch=00900/01041 | total=1.24872e-01 | object=1.24872e-01 | physics=0.00000e+00 | elapsed=00:25:29 | eta=00:03:59 | data_wait=0.49s
2026-09-16 00:58:37 | INFO    | TRAIN | epoch=002/100 | batch=00950/01041 | total=1.23500e-01 | object=1.23500e-01 | physics=0.00000e+00 | elapsed=00:26:53 | eta=00:02:34 | data_wait=0.50s
2026-09-16 01:00:05 | INFO    | TRAIN | epoch=002/100 | batch=01000/01041 | total=1.22797e-01 | object=1.22797e-01 | physics=0.00000e+00 | elapsed=00:28:20 | eta=00:01:10 | data_wait=0.51s
2026-09-16 01:01:12 | INFO    | TRAIN | epoch=002/100 | batch=01041/01041 | total=1.20190e-01 | object=1.20190e-01 | physics=0.00000e+00 | elapsed=00:29:27 | eta=00:00:00 | data_wait=0.52s
2026-09-16 01:01:45 | INFO    | VAL | epoch=002/100 | batch=00050/00209 | total=1.26067e-01 | object=1.26067e-01 | physics=3.61027e-03 | elapsed=00:00:33 | eta=00:01:45 | data_wait=0.35s
2026-09-16 01:02:17 | INFO    | VAL | epoch=002/100 | batch=00100/00209 | total=1.25824e-01 | object=1.25824e-01 | physics=3.49399e-03 | elapsed=00:01:05 | eta=00:01:11 | data_wait=0.36s
2026-09-16 01:02:49 | INFO    | VAL | epoch=002/100 | batch=00150/00209 | total=1.16342e-01 | object=1.16342e-01 | physics=3.77190e-03 | elapsed=00:01:37 | eta=00:00:38 | data_wait=0.37s
2026-09-16 01:03:21 | INFO    | VAL | epoch=002/100 | batch=00200/00209 | total=1.21659e-01 | object=1.21659e-01 | physics=2.92552e-03 | elapsed=00:02:09 | eta=00:00:06 | data_wait=0.38s
2026-09-16 01:03:27 | INFO    | VAL | epoch=002/100 | batch=00209/00209 | total=1.16939e-01 | object=1.16939e-01 | physics=2.62664e-03 | elapsed=00:02:15 | eta=00:00:00 | data_wait=0.38s
2026-09-16 01:03:27 | INFO    | Epoch 002 complete | train=1.25576e-01 | val=1.21563e-01 | best=1.21563e-01 | real=6.75767e-02 | imag=5.39863e-02 | lr=1.998e-04 | epoch_time=00:31:42 | eta=2d 03:32:33 | finish=2026-09-18 04:36:00 CST
2026-09-16 01:04:56 | INFO    | TRAIN | epoch=003/100 | batch=00050/01041 | total=1.24608e-01 | object=1.24608e-01 | physics=0.00000e+00 | elapsed=00:01:29 | eta=00:29:27 | data_wait=0.30s
2026-09-16 01:06:20 | INFO    | TRAIN | epoch=003/100 | batch=00100/01041 | total=1.20018e-01 | object=1.20018e-01 | physics=0.00000e+00 | elapsed=00:02:53 | eta=00:27:09 | data_wait=0.31s
2026-09-16 01:07:45 | INFO    | TRAIN | epoch=003/100 | batch=00150/01041 | total=1.26406e-01 | object=1.26406e-01 | physics=0.00000e+00 | elapsed=00:04:17 | eta=00:25:29 | data_wait=0.32s
2026-09-16 01:09:15 | INFO    | TRAIN | epoch=003/100 | batch=00200/01041 | total=1.15922e-01 | object=1.15922e-01 | physics=0.00000e+00 | elapsed=00:05:48 | eta=00:24:23 | data_wait=0.33s
2026-09-16 01:10:39 | INFO    | TRAIN | epoch=003/100 | batch=00250/01041 | total=1.18494e-01 | object=1.18494e-01 | physics=0.00000e+00 | elapsed=00:07:11 | eta=00:22:45 | data_wait=0.34s
2026-09-16 01:12:05 | INFO    | TRAIN | epoch=003/100 | batch=00300/01041 | total=1.09317e-01 | object=1.09317e-01 | physics=0.00000e+00 | elapsed=00:08:38 | eta=00:21:18 | data_wait=0.35s
2026-09-16 01:13:33 | INFO    | TRAIN | epoch=003/100 | batch=00350/01041 | total=1.16694e-01 | object=1.16694e-01 | physics=0.00000e+00 | elapsed=00:10:06 | eta=00:19:56 | data_wait=0.36s
2026-09-16 01:14:58 | INFO    | TRAIN | epoch=003/100 | batch=00400/01041 | total=1.22203e-01 | object=1.22203e-01 | physics=0.00000e+00 | elapsed=00:11:30 | eta=00:18:26 | data_wait=0.37s
2026-09-16 01:16:28 | INFO    | TRAIN | epoch=003/100 | batch=00450/01041 | total=1.15835e-01 | object=1.15835e-01 | physics=0.00000e+00 | elapsed=00:13:01 | eta=00:17:05 | data_wait=0.38s
2026-09-16 01:17:52 | INFO    | TRAIN | epoch=003/100 | batch=00500/01041 | total=1.21864e-01 | object=1.21864e-01 | physics=0.00000e+00 | elapsed=00:14:25 | eta=00:15:36 | data_wait=0.39s
2026-09-16 01:19:18 | INFO    | TRAIN | epoch=003/100 | batch=00550/01041 | total=1.21575e-01 | object=1.21575e-01 | physics=0.00000e+00 | elapsed=00:15:51 | eta=00:14:09 | data_wait=0.40s
2026-09-16 01:20:47 | INFO    | TRAIN | epoch=003/100 | batch=00600/01041 | total=1.34723e-01 | object=1.34723e-01 | physics=0.00000e+00 | elapsed=00:17:20 | eta=00:12:44 | data_wait=0.41s
2026-09-16 01:22:13 | INFO    | TRAIN | epoch=003/100 | batch=00650/01041 | total=1.17097e-01 | object=1.17097e-01 | physics=0.00000e+00 | elapsed=00:18:46 | eta=00:11:17 | data_wait=0.42s
2026-09-16 01:23:44 | INFO    | TRAIN | epoch=003/100 | batch=00700/01041 | total=1.17403e-01 | object=1.17403e-01 | physics=0.00000e+00 | elapsed=00:20:17 | eta=00:09:53 | data_wait=0.44s
2026-09-16 01:25:14 | INFO    | TRAIN | epoch=003/100 | batch=00750/01041 | total=1.05277e-01 | object=1.05277e-01 | physics=0.00000e+00 | elapsed=00:21:46 | eta=00:08:27 | data_wait=0.45s
2026-09-16 01:26:45 | INFO    | TRAIN | epoch=003/100 | batch=00800/01041 | total=1.13209e-01 | object=1.13209e-01 | physics=0.00000e+00 | elapsed=00:23:18 | eta=00:07:01 | data_wait=0.46s
2026-09-16 01:28:10 | INFO    | TRAIN | epoch=003/100 | batch=00850/01041 | total=1.12366e-01 | object=1.12366e-01 | physics=0.00000e+00 | elapsed=00:24:43 | eta=00:05:33 | data_wait=0.47s
2026-09-16 01:29:40 | INFO    | TRAIN | epoch=003/100 | batch=00900/01041 | total=1.18954e-01 | object=1.18954e-01 | physics=0.00000e+00 | elapsed=00:26:13 | eta=00:04:06 | data_wait=0.48s
2026-09-16 01:31:06 | INFO    | TRAIN | epoch=003/100 | batch=00950/01041 | total=1.17154e-01 | object=1.17154e-01 | physics=0.00000e+00 | elapsed=00:27:39 | eta=00:02:39 | data_wait=0.49s
2026-09-16 01:32:35 | INFO    | TRAIN | epoch=003/100 | batch=01000/01041 | total=1.10949e-01 | object=1.10949e-01 | physics=0.00000e+00 | elapsed=00:29:07 | eta=00:01:12 | data_wait=0.50s
2026-09-16 01:33:48 | INFO    | TRAIN | epoch=003/100 | batch=01041/01041 | total=1.22145e-01 | object=1.22145e-01 | physics=0.00000e+00 | elapsed=00:30:21 | eta=00:00:00 | data_wait=0.51s
2026-09-16 01:34:22 | INFO    | VAL | epoch=003/100 | batch=00050/00209 | total=1.18250e-01 | object=1.18250e-01 | physics=6.40856e-03 | elapsed=00:00:34 | eta=00:01:48 | data_wait=0.36s
2026-09-16 01:34:54 | INFO    | VAL | epoch=003/100 | batch=00100/00209 | total=1.20049e-01 | object=1.20049e-01 | physics=6.46645e-03 | elapsed=00:01:06 | eta=00:01:12 | data_wait=0.37s
2026-09-16 01:35:27 | INFO    | VAL | epoch=003/100 | batch=00150/00209 | total=1.11834e-01 | object=1.11834e-01 | physics=6.84730e-03 | elapsed=00:01:39 | eta=00:00:39 | data_wait=0.38s
2026-09-16 01:36:00 | INFO    | VAL | epoch=003/100 | batch=00200/00209 | total=1.13653e-01 | object=1.13653e-01 | physics=5.32285e-03 | elapsed=00:02:12 | eta=00:00:06 | data_wait=0.39s
2026-09-16 01:36:06 | INFO    | VAL | epoch=003/100 | batch=00209/00209 | total=1.10177e-01 | object=1.10177e-01 | physics=5.10151e-03 | elapsed=00:02:18 | eta=00:00:00 | data_wait=0.39s
2026-09-16 01:36:07 | INFO    | Epoch 003 complete | train=1.17575e-01 | val=1.14952e-01 | best=1.14952e-01 | real=6.27266e-02 | imag=5.22252e-02 | lr=1.996e-04 | epoch_time=00:32:40 | eta=2d 03:36:38 | finish=2026-09-18 05:12:45 CST
2026-09-16 01:37:39 | INFO    | TRAIN | epoch=004/100 | batch=00050/01041 | total=1.12968e-01 | object=1.12968e-01 | physics=0.00000e+00 | elapsed=00:01:32 | eta=00:30:23 | data_wait=0.34s
2026-09-16 01:39:06 | INFO    | TRAIN | epoch=004/100 | batch=00100/01041 | total=1.21653e-01 | object=1.21653e-01 | physics=0.00000e+00 | elapsed=00:02:59 | eta=00:28:03 | data_wait=0.35s
2026-09-16 01:40:39 | INFO    | TRAIN | epoch=004/100 | batch=00150/01041 | total=1.11161e-01 | object=1.11161e-01 | physics=0.00000e+00 | elapsed=00:04:32 | eta=00:26:58 | data_wait=0.36s
2026-09-16 01:42:08 | INFO    | TRAIN | epoch=004/100 | batch=00200/01041 | total=1.07217e-01 | object=1.07217e-01 | physics=0.00000e+00 | elapsed=00:06:01 | eta=00:25:18 | data_wait=0.37s
2026-09-16 01:43:40 | INFO    | TRAIN | epoch=004/100 | batch=00250/01041 | total=1.18641e-01 | object=1.18641e-01 | physics=0.00000e+00 | elapsed=00:07:33 | eta=00:23:54 | data_wait=0.38s
2026-09-16 01:45:08 | INFO    | TRAIN | epoch=004/100 | batch=00300/01041 | total=1.11755e-01 | object=1.11755e-01 | physics=0.00000e+00 | elapsed=00:09:01 | eta=00:22:16 | data_wait=0.39s
2026-09-16 01:46:39 | INFO    | TRAIN | epoch=004/100 | batch=00350/01041 | total=1.20090e-01 | object=1.20090e-01 | physics=0.00000e+00 | elapsed=00:10:33 | eta=00:20:49 | data_wait=0.40s
2026-09-16 01:48:13 | INFO    | TRAIN | epoch=004/100 | batch=00400/01041 | total=1.15502e-01 | object=1.15502e-01 | physics=0.00000e+00 | elapsed=00:12:06 | eta=00:19:24 | data_wait=0.40s
2026-09-16 01:49:45 | INFO    | TRAIN | epoch=004/100 | batch=00450/01041 | total=1.21473e-01 | object=1.21473e-01 | physics=0.00000e+00 | elapsed=00:13:38 | eta=00:17:54 | data_wait=0.41s
2026-09-16 01:51:14 | INFO    | TRAIN | epoch=004/100 | batch=00500/01041 | total=1.05289e-01 | object=1.05289e-01 | physics=0.00000e+00 | elapsed=00:15:07 | eta=00:16:22 | data_wait=0.42s
2026-09-16 01:52:43 | INFO    | TRAIN | epoch=004/100 | batch=00550/01041 | total=1.13508e-01 | object=1.13508e-01 | physics=0.00000e+00 | elapsed=00:16:36 | eta=00:14:49 | data_wait=0.43s
2026-09-16 01:54:17 | INFO    | TRAIN | epoch=004/100 | batch=00600/01041 | total=1.20066e-01 | object=1.20066e-01 | physics=0.00000e+00 | elapsed=00:18:10 | eta=00:13:21 | data_wait=0.45s
2026-09-16 01:55:50 | INFO    | TRAIN | epoch=004/100 | batch=00650/01041 | total=1.11210e-01 | object=1.11210e-01 | physics=0.00000e+00 | elapsed=00:19:43 | eta=00:11:52 | data_wait=0.46s
2026-09-16 01:57:22 | INFO    | TRAIN | epoch=004/100 | batch=00700/01041 | total=1.10929e-01 | object=1.10929e-01 | physics=0.00000e+00 | elapsed=00:21:15 | eta=00:10:21 | data_wait=0.47s
2026-09-16 01:58:57 | INFO    | TRAIN | epoch=004/100 | batch=00750/01041 | total=1.15443e-01 | object=1.15443e-01 | physics=0.00000e+00 | elapsed=00:22:50 | eta=00:08:51 | data_wait=0.48s
2026-09-16 02:00:25 | INFO    | TRAIN | epoch=004/100 | batch=00800/01041 | total=9.93303e-02 | object=9.93303e-02 | physics=0.00000e+00 | elapsed=00:24:19 | eta=00:07:19 | data_wait=0.49s
2026-09-16 02:02:00 | INFO    | TRAIN | epoch=004/100 | batch=00850/01041 | total=1.01833e-01 | object=1.01833e-01 | physics=0.00000e+00 | elapsed=00:25:54 | eta=00:05:49 | data_wait=0.50s
2026-09-16 02:03:28 | INFO    | TRAIN | epoch=004/100 | batch=00900/01041 | total=1.03677e-01 | object=1.03677e-01 | physics=0.00000e+00 | elapsed=00:27:22 | eta=00:04:17 | data_wait=0.51s
2026-09-16 02:05:02 | INFO    | TRAIN | epoch=004/100 | batch=00950/01041 | total=1.04022e-01 | object=1.04022e-01 | physics=0.00000e+00 | elapsed=00:28:55 | eta=00:02:46 | data_wait=0.52s
2026-09-16 02:06:29 | INFO    | TRAIN | epoch=004/100 | batch=01000/01041 | total=1.06210e-01 | object=1.06210e-01 | physics=0.00000e+00 | elapsed=00:30:23 | eta=00:01:15 | data_wait=0.53s
2026-09-16 02:07:45 | INFO    | TRAIN | epoch=004/100 | batch=01041/01041 | total=1.09247e-01 | object=1.09247e-01 | physics=0.00000e+00 | elapsed=00:31:38 | eta=00:00:00 | data_wait=0.55s
2026-09-16 02:08:19 | INFO    | VAL | epoch=004/100 | batch=00050/00209 | total=1.12399e-01 | object=1.12399e-01 | physics=6.70682e-03 | elapsed=00:00:34 | eta=00:01:49 | data_wait=0.47s
2026-09-16 02:08:51 | INFO    | VAL | epoch=004/100 | batch=00100/00209 | total=1.12531e-01 | object=1.12531e-01 | physics=6.87241e-03 | elapsed=00:01:06 | eta=00:01:12 | data_wait=0.48s
2026-09-16 02:09:23 | INFO    | VAL | epoch=004/100 | batch=00150/00209 | total=1.06986e-01 | object=1.06986e-01 | physics=7.06937e-03 | elapsed=00:01:38 | eta=00:00:39 | data_wait=0.49s
2026-09-16 02:09:56 | INFO    | VAL | epoch=004/100 | batch=00200/00209 | total=1.06367e-01 | object=1.06367e-01 | physics=5.53630e-03 | elapsed=00:02:11 | eta=00:00:06 | data_wait=0.50s
2026-09-16 02:10:01 | INFO    | VAL | epoch=004/100 | batch=00209/00209 | total=1.05375e-01 | object=1.05375e-01 | physics=5.49898e-03 | elapsed=00:02:16 | eta=00:00:00 | data_wait=0.50s
2026-09-16 02:10:02 | INFO    | Epoch 004 complete | train=1.09839e-01 | val=1.09200e-01 | best=1.09200e-01 | real=5.95765e-02 | imag=4.96233e-02 | lr=1.992e-04 | epoch_time=00:33:55 | eta=2d 03:52:29 | finish=2026-09-18 06:02:31 CST
2026-09-16 02:11:35 | INFO    | TRAIN | epoch=005/100 | batch=00050/01041 | total=1.06606e-01 | object=1.06606e-01 | physics=0.00000e+00 | elapsed=00:01:33 | eta=00:30:43 | data_wait=0.31s
2026-09-16 02:13:02 | INFO    | TRAIN | epoch=005/100 | batch=00100/01041 | total=1.02887e-01 | object=1.02887e-01 | physics=0.00000e+00 | elapsed=00:03:01 | eta=00:28:19 | data_wait=0.32s
2026-09-16 02:14:35 | INFO    | TRAIN | epoch=005/100 | batch=00150/01041 | total=1.09215e-01 | object=1.09215e-01 | physics=0.00000e+00 | elapsed=00:04:33 | eta=00:27:03 | data_wait=0.33s
2026-09-16 02:16:02 | INFO    | TRAIN | epoch=005/100 | batch=00200/01041 | total=1.02990e-01 | object=1.02990e-01 | physics=0.00000e+00 | elapsed=00:06:01 | eta=00:25:17 | data_wait=0.34s
2026-09-16 02:17:35 | INFO    | TRAIN | epoch=005/100 | batch=00250/01041 | total=1.06785e-01 | object=1.06785e-01 | physics=0.00000e+00 | elapsed=00:07:33 | eta=00:23:53 | data_wait=0.36s
2026-09-16 02:19:06 | INFO    | TRAIN | epoch=005/100 | batch=00300/01041 | total=9.81119e-02 | object=9.81119e-02 | physics=0.00000e+00 | elapsed=00:09:05 | eta=00:22:25 | data_wait=0.36s
2026-09-16 02:20:42 | INFO    | TRAIN | epoch=005/100 | batch=00350/01041 | total=1.03805e-01 | object=1.03805e-01 | physics=0.00000e+00 | elapsed=00:10:40 | eta=00:21:04 | data_wait=0.38s
2026-09-16 02:22:17 | INFO    | TRAIN | epoch=005/100 | batch=00400/01041 | total=9.18566e-02 | object=9.18566e-02 | physics=0.00000e+00 | elapsed=00:12:15 | eta=00:19:38 | data_wait=0.39s
2026-09-16 02:23:48 | INFO    | TRAIN | epoch=005/100 | batch=00450/01041 | total=9.50351e-02 | object=9.50351e-02 | physics=0.00000e+00 | elapsed=00:13:47 | eta=00:18:06 | data_wait=0.40s
2026-09-16 02:25:20 | INFO    | TRAIN | epoch=005/100 | batch=00500/01041 | total=1.04026e-01 | object=1.04026e-01 | physics=0.00000e+00 | elapsed=00:15:19 | eta=00:16:34 | data_wait=0.41s
2026-09-16 02:26:57 | INFO    | TRAIN | epoch=005/100 | batch=00550/01041 | total=9.65344e-02 | object=9.65344e-02 | physics=0.00000e+00 | elapsed=00:16:55 | eta=00:15:06 | data_wait=0.42s
2026-09-16 02:28:37 | INFO    | TRAIN | epoch=005/100 | batch=00600/01041 | total=1.08273e-01 | object=1.08273e-01 | physics=0.00000e+00 | elapsed=00:18:35 | eta=00:13:40 | data_wait=0.43s
2026-09-16 02:30:15 | INFO    | TRAIN | epoch=005/100 | batch=00650/01041 | total=1.06944e-01 | object=1.06944e-01 | physics=0.00000e+00 | elapsed=00:20:13 | eta=00:12:10 | data_wait=0.44s
2026-09-16 02:31:50 | INFO    | TRAIN | epoch=005/100 | batch=00700/01041 | total=1.06056e-01 | object=1.06056e-01 | physics=0.00000e+00 | elapsed=00:21:49 | eta=00:10:37 | data_wait=0.45s
2026-09-16 02:33:22 | INFO    | TRAIN | epoch=005/100 | batch=00750/01041 | total=9.17167e-02 | object=9.17167e-02 | physics=0.00000e+00 | elapsed=00:23:20 | eta=00:09:03 | data_wait=0.46s
2026-09-16 02:34:55 | INFO    | TRAIN | epoch=005/100 | batch=00800/01041 | total=9.37769e-02 | object=9.37769e-02 | physics=0.00000e+00 | elapsed=00:24:53 | eta=00:07:30 | data_wait=0.48s
2026-09-16 02:36:29 | INFO    | TRAIN | epoch=005/100 | batch=00850/01041 | total=9.73480e-02 | object=9.73480e-02 | physics=0.00000e+00 | elapsed=00:26:27 | eta=00:05:57 | data_wait=0.49s
2026-09-16 02:38:06 | INFO    | TRAIN | epoch=005/100 | batch=00900/01041 | total=9.20276e-02 | object=9.20276e-02 | physics=0.00000e+00 | elapsed=00:28:04 | eta=00:04:24 | data_wait=0.50s
2026-09-16 02:39:44 | INFO    | TRAIN | epoch=005/100 | batch=00950/01041 | total=1.00221e-01 | object=1.00221e-01 | physics=0.00000e+00 | elapsed=00:29:42 | eta=00:02:51 | data_wait=0.51s
2026-09-16 02:41:16 | INFO    | TRAIN | epoch=005/100 | batch=01000/01041 | total=8.40880e-02 | object=8.40880e-02 | physics=0.00000e+00 | elapsed=00:31:14 | eta=00:01:17 | data_wait=0.52s
2026-09-16 02:42:36 | INFO    | TRAIN | epoch=005/100 | batch=01041/01041 | total=9.10399e-02 | object=9.10399e-02 | physics=0.00000e+00 | elapsed=00:32:35 | eta=00:00:00 | data_wait=0.54s
2026-09-16 02:43:14 | INFO    | VAL | epoch=005/100 | batch=00050/00209 | total=1.03848e-01 | object=1.03848e-01 | physics=5.79187e-03 | elapsed=00:00:37 | eta=00:01:58 | data_wait=0.38s
2026-09-16 02:43:47 | INFO    | VAL | epoch=005/100 | batch=00100/00209 | total=1.07726e-01 | object=1.07726e-01 | physics=6.02147e-03 | elapsed=00:01:11 | eta=00:01:17 | data_wait=0.40s
2026-09-16 02:44:19 | INFO    | VAL | epoch=005/100 | batch=00150/00209 | total=9.54238e-02 | object=9.54238e-02 | physics=6.05247e-03 | elapsed=00:01:42 | eta=00:00:40 | data_wait=0.42s
2026-09-16 02:44:56 | INFO    | VAL | epoch=005/100 | batch=00200/00209 | total=9.73561e-02 | object=9.73561e-02 | physics=4.61145e-03 | elapsed=00:02:20 | eta=00:00:06 | data_wait=0.43s
2026-09-16 02:45:02 | INFO    | VAL | epoch=005/100 | batch=00209/00209 | total=9.81064e-02 | object=9.81064e-02 | physics=4.76541e-03 | elapsed=00:02:26 | eta=00:00:00 | data_wait=0.43s
2026-09-16 02:45:03 | INFO    | Epoch 005 complete | train=1.00207e-01 | val=1.01741e-01 | best=1.01741e-01 | real=5.54432e-02 | imag=4.62981e-02 | lr=1.988e-04 | epoch_time=00:35:01 | eta=2d 04:09:29 | finish=2026-09-18 06:54:32 CST
2026-09-16 02:47:05 | INFO    | TRAIN | epoch=006/100 | batch=00050/01041 | total=9.72372e-02 | object=9.72372e-02 | physics=0.00000e+00 | elapsed=00:02:02 | eta=00:40:26 | data_wait=0.29s
2026-09-16 02:48:51 | INFO    | TRAIN | epoch=006/100 | batch=00100/01041 | total=9.62682e-02 | object=9.62682e-02 | physics=0.00000e+00 | elapsed=00:03:48 | eta=00:35:50 | data_wait=0.30s
2026-09-16 02:50:41 | INFO    | TRAIN | epoch=006/100 | batch=00150/01041 | total=9.69109e-02 | object=9.69109e-02 | physics=0.00000e+00 | elapsed=00:05:38 | eta=00:33:26 | data_wait=0.32s
2026-09-16 02:52:20 | INFO    | TRAIN | epoch=006/100 | batch=00200/01041 | total=9.64281e-02 | object=9.64281e-02 | physics=0.00000e+00 | elapsed=00:07:17 | eta=00:30:36 | data_wait=0.33s
2026-09-16 02:54:05 | INFO    | TRAIN | epoch=006/100 | batch=00250/01041 | total=9.52371e-02 | object=9.52371e-02 | physics=0.00000e+00 | elapsed=00:09:02 | eta=00:28:34 | data_wait=0.34s
2026-09-16 02:55:54 | INFO    | TRAIN | epoch=006/100 | batch=00300/01041 | total=8.79312e-02 | object=8.79312e-02 | physics=0.00000e+00 | elapsed=00:10:51 | eta=00:26:47 | data_wait=0.36s
2026-09-16 02:57:42 | INFO    | TRAIN | epoch=006/100 | batch=00350/01041 | total=9.01657e-02 | object=9.01657e-02 | physics=0.00000e+00 | elapsed=00:12:39 | eta=00:24:59 | data_wait=0.37s
2026-09-16 02:59:37 | INFO    | TRAIN | epoch=006/100 | batch=00400/01041 | total=9.66242e-02 | object=9.66242e-02 | physics=0.00000e+00 | elapsed=00:14:34 | eta=00:23:21 | data_wait=0.39s
2026-09-16 03:01:22 | INFO    | TRAIN | epoch=006/100 | batch=00450/01041 | total=9.68755e-02 | object=9.68755e-02 | physics=0.00000e+00 | elapsed=00:16:19 | eta=00:21:26 | data_wait=0.40s
2026-09-16 03:03:08 | INFO    | TRAIN | epoch=006/100 | batch=00500/01041 | total=1.06746e-01 | object=1.06746e-01 | physics=0.00000e+00 | elapsed=00:18:05 | eta=00:19:34 | data_wait=0.42s
2026-09-16 03:04:54 | INFO    | TRAIN | epoch=006/100 | batch=00550/01041 | total=1.00601e-01 | object=1.00601e-01 | physics=0.00000e+00 | elapsed=00:19:51 | eta=00:17:43 | data_wait=0.43s
2026-09-16 03:06:41 | INFO    | TRAIN | epoch=006/100 | batch=00600/01041 | total=9.46322e-02 | object=9.46322e-02 | physics=0.00000e+00 | elapsed=00:21:38 | eta=00:15:54 | data_wait=0.44s
2026-09-16 03:08:28 | INFO    | TRAIN | epoch=006/100 | batch=00650/01041 | total=9.33891e-02 | object=9.33891e-02 | physics=0.00000e+00 | elapsed=00:23:25 | eta=00:14:05 | data_wait=0.45s
2026-09-16 03:10:15 | INFO    | TRAIN | epoch=006/100 | batch=00700/01041 | total=9.34236e-02 | object=9.34236e-02 | physics=0.00000e+00 | elapsed=00:25:12 | eta=00:12:17 | data_wait=0.47s
2026-09-16 03:12:05 | INFO    | TRAIN | epoch=006/100 | batch=00750/01041 | total=9.29927e-02 | object=9.29927e-02 | physics=0.00000e+00 | elapsed=00:27:02 | eta=00:10:29 | data_wait=0.48s
2026-09-16 03:13:54 | INFO    | TRAIN | epoch=006/100 | batch=00800/01041 | total=9.06091e-02 | object=9.06091e-02 | physics=0.00000e+00 | elapsed=00:28:51 | eta=00:08:41 | data_wait=0.49s
2026-09-16 03:15:44 | INFO    | TRAIN | epoch=006/100 | batch=00850/01041 | total=9.94824e-02 | object=9.94824e-02 | physics=0.00000e+00 | elapsed=00:30:41 | eta=00:06:54 | data_wait=0.51s
2026-09-16 03:17:27 | INFO    | TRAIN | epoch=006/100 | batch=00900/01041 | total=9.62707e-02 | object=9.62707e-02 | physics=0.00000e+00 | elapsed=00:32:24 | eta=00:05:05 | data_wait=0.52s
2026-09-16 03:19:15 | INFO    | TRAIN | epoch=006/100 | batch=00950/01041 | total=9.28149e-02 | object=9.28149e-02 | physics=0.00000e+00 | elapsed=00:34:12 | eta=00:03:17 | data_wait=0.53s
2026-09-16 03:21:02 | INFO    | TRAIN | epoch=006/100 | batch=01000/01041 | total=8.62644e-02 | object=8.62644e-02 | physics=0.00000e+00 | elapsed=00:35:59 | eta=00:01:29 | data_wait=0.55s
2026-09-16 03:22:33 | INFO    | TRAIN | epoch=006/100 | batch=01041/01041 | total=1.02515e-01 | object=1.02515e-01 | physics=0.00000e+00 | elapsed=00:37:30 | eta=00:00:00 | data_wait=0.56s
2026-09-16 03:23:15 | INFO    | VAL | epoch=006/100 | batch=00050/00209 | total=1.00815e-01 | object=1.00815e-01 | physics=4.24346e-03 | elapsed=00:00:42 | eta=00:02:14 | data_wait=0.39s
2026-09-16 03:23:48 | INFO    | VAL | epoch=006/100 | batch=00100/00209 | total=1.03368e-01 | object=1.03368e-01 | physics=4.63142e-03 | elapsed=00:01:15 | eta=00:01:22 | data_wait=0.41s
2026-09-16 03:24:24 | INFO    | VAL | epoch=006/100 | batch=00150/00209 | total=9.39362e-02 | object=9.39362e-02 | physics=4.69997e-03 | elapsed=00:01:51 | eta=00:00:44 | data_wait=0.42s
2026-09-16 03:25:03 | INFO    | VAL | epoch=006/100 | batch=00200/00209 | total=9.44843e-02 | object=9.44843e-02 | physics=3.23959e-03 | elapsed=00:02:31 | eta=00:00:07 | data_wait=0.44s
2026-09-16 03:25:10 | INFO    | VAL | epoch=006/100 | batch=00209/00209 | total=9.74075e-02 | object=9.74075e-02 | physics=3.44441e-03 | elapsed=00:02:37 | eta=00:00:00 | data_wait=0.44s
2026-09-16 03:25:10 | INFO    | Epoch 006 complete | train=9.44054e-02 | val=9.81586e-02 | best=9.81586e-02 | real=5.39749e-02 | imag=4.41837e-02 | lr=1.982e-04 | epoch_time=00:40:07 | eta=2d 05:29:00 | finish=2026-09-18 08:54:10 CST
2026-09-16 03:26:58 | INFO    | TRAIN | epoch=007/100 | batch=00050/01041 | total=8.98646e-02 | object=8.98646e-02 | physics=0.00000e+00 | elapsed=00:01:47 | eta=00:35:28 | data_wait=0.30s
2026-09-16 03:28:54 | INFO    | TRAIN | epoch=007/100 | batch=00100/01041 | total=8.61414e-02 | object=8.61414e-02 | physics=0.00000e+00 | elapsed=00:03:43 | eta=00:35:02 | data_wait=0.31s
2026-09-16 03:30:44 | INFO    | TRAIN | epoch=007/100 | batch=00150/01041 | total=8.35294e-02 | object=8.35294e-02 | physics=0.00000e+00 | elapsed=00:05:34 | eta=00:33:05 | data_wait=0.33s
2026-09-16 03:32:40 | INFO    | TRAIN | epoch=007/100 | batch=00200/01041 | total=9.24569e-02 | object=9.24569e-02 | physics=0.00000e+00 | elapsed=00:07:30 | eta=00:31:33 | data_wait=0.35s
2026-09-16 03:34:29 | INFO    | TRAIN | epoch=007/100 | batch=00250/01041 | total=8.93142e-02 | object=8.93142e-02 | physics=0.00000e+00 | elapsed=00:09:19 | eta=00:29:27 | data_wait=0.36s
2026-09-16 03:36:18 | INFO    | TRAIN | epoch=007/100 | batch=00300/01041 | total=8.65203e-02 | object=8.65203e-02 | physics=0.00000e+00 | elapsed=00:11:08 | eta=00:27:30 | data_wait=0.37s
2026-09-16 03:38:10 | INFO    | TRAIN | epoch=007/100 | batch=00350/01041 | total=9.32943e-02 | object=9.32943e-02 | physics=0.00000e+00 | elapsed=00:12:59 | eta=00:25:39 | data_wait=0.39s
2026-09-16 03:39:54 | INFO    | TRAIN | epoch=007/100 | batch=00400/01041 | total=9.06963e-02 | object=9.06963e-02 | physics=0.00000e+00 | elapsed=00:14:44 | eta=00:23:37 | data_wait=0.40s
2026-09-16 03:41:40 | INFO    | TRAIN | epoch=007/100 | batch=00450/01041 | total=8.32399e-02 | object=8.32399e-02 | physics=0.00000e+00 | elapsed=00:16:30 | eta=00:21:40 | data_wait=0.41s
2026-09-16 03:43:30 | INFO    | TRAIN | epoch=007/100 | batch=00500/01041 | total=9.01833e-02 | object=9.01833e-02 | physics=0.00000e+00 | elapsed=00:18:20 | eta=00:19:50 | data_wait=0.42s
2026-09-16 03:45:17 | INFO    | TRAIN | epoch=007/100 | batch=00550/01041 | total=9.55817e-02 | object=9.55817e-02 | physics=0.00000e+00 | elapsed=00:20:07 | eta=00:17:58 | data_wait=0.44s
2026-09-16 03:47:12 | INFO    | TRAIN | epoch=007/100 | batch=00600/01041 | total=8.63135e-02 | object=8.63135e-02 | physics=0.00000e+00 | elapsed=00:22:02 | eta=00:16:12 | data_wait=0.45s
2026-09-16 03:49:09 | INFO    | TRAIN | epoch=007/100 | batch=00650/01041 | total=8.67013e-02 | object=8.67013e-02 | physics=0.00000e+00 | elapsed=00:23:59 | eta=00:14:26 | data_wait=0.47s
2026-09-16 03:51:04 | INFO    | TRAIN | epoch=007/100 | batch=00700/01041 | total=9.44926e-02 | object=9.44926e-02 | physics=0.00000e+00 | elapsed=00:25:54 | eta=00:12:37 | data_wait=0.48s
2026-09-16 03:52:59 | INFO    | TRAIN | epoch=007/100 | batch=00750/01041 | total=8.35544e-02 | object=8.35544e-02 | physics=0.00000e+00 | elapsed=00:27:49 | eta=00:10:48 | data_wait=0.50s
2026-09-16 03:54:50 | INFO    | TRAIN | epoch=007/100 | batch=00800/01041 | total=9.09423e-02 | object=9.09423e-02 | physics=0.00000e+00 | elapsed=00:29:39 | eta=00:08:56 | data_wait=0.51s
2026-09-16 03:56:45 | INFO    | TRAIN | epoch=007/100 | batch=00850/01041 | total=8.84751e-02 | object=8.84751e-02 | physics=0.00000e+00 | elapsed=00:31:35 | eta=00:07:06 | data_wait=0.52s
2026-09-16 03:58:41 | INFO    | TRAIN | epoch=007/100 | batch=00900/01041 | total=8.94081e-02 | object=8.94081e-02 | physics=0.00000e+00 | elapsed=00:33:31 | eta=00:05:15 | data_wait=0.54s
2026-09-16 04:00:40 | INFO    | TRAIN | epoch=007/100 | batch=00950/01041 | total=9.11828e-02 | object=9.11828e-02 | physics=0.00000e+00 | elapsed=00:35:30 | eta=00:03:24 | data_wait=0.55s
2026-09-16 04:02:36 | INFO    | TRAIN | epoch=007/100 | batch=01000/01041 | total=9.53056e-02 | object=9.53056e-02 | physics=0.00000e+00 | elapsed=00:37:25 | eta=00:01:32 | data_wait=0.57s
2026-09-16 04:04:11 | INFO    | TRAIN | epoch=007/100 | batch=01041/01041 | total=7.78109e-02 | object=7.78109e-02 | physics=0.00000e+00 | elapsed=00:39:01 | eta=00:00:00 | data_wait=0.59s
2026-09-16 04:04:52 | INFO    | VAL | epoch=007/100 | batch=00050/00209 | total=9.33899e-02 | object=9.33899e-02 | physics=3.78529e-03 | elapsed=00:00:41 | eta=00:02:10 | data_wait=0.46s
2026-09-16 04:05:27 | INFO    | VAL | epoch=007/100 | batch=00100/00209 | total=9.99175e-02 | object=9.99175e-02 | physics=4.12346e-03 | elapsed=00:01:16 | eta=00:01:22 | data_wait=0.48s
2026-09-16 04:06:06 | INFO    | VAL | epoch=007/100 | batch=00150/00209 | total=9.16435e-02 | object=9.16435e-02 | physics=4.42985e-03 | elapsed=00:01:55 | eta=00:00:45 | data_wait=0.50s
2026-09-16 04:06:45 | INFO    | VAL | epoch=007/100 | batch=00200/00209 | total=8.63029e-02 | object=8.63029e-02 | physics=2.93613e-03 | elapsed=00:02:34 | eta=00:00:07 | data_wait=0.51s
2026-09-16 04:06:52 | INFO    | VAL | epoch=007/100 | batch=00209/00209 | total=9.16913e-02 | object=9.16913e-02 | physics=2.96730e-03 | elapsed=00:02:41 | eta=00:00:00 | data_wait=0.52s
2026-09-16 04:06:53 | INFO    | Epoch 007 complete | train=8.98229e-02 | val=9.33411e-02 | best=9.33411e-02 | real=5.09704e-02 | imag=4.23707e-02 | lr=1.976e-04 | epoch_time=00:41:43 | eta=2d 06:35:28 | finish=2026-09-18 10:42:21 CST
2026-09-16 04:08:48 | INFO    | TRAIN | epoch=008/100 | batch=00050/01041 | total=8.93339e-02 | object=8.93339e-02 | physics=0.00000e+00 | elapsed=00:01:55 | eta=00:37:55 | data_wait=0.49s
2026-09-16 04:10:46 | INFO    | TRAIN | epoch=008/100 | batch=00100/01041 | total=8.87843e-02 | object=8.87843e-02 | physics=0.00000e+00 | elapsed=00:03:54 | eta=00:36:38 | data_wait=0.51s
2026-09-16 04:12:42 | INFO    | TRAIN | epoch=008/100 | batch=00150/01041 | total=8.87865e-02 | object=8.87865e-02 | physics=0.00000e+00 | elapsed=00:05:50 | eta=00:34:37 | data_wait=0.52s
2026-09-16 04:14:35 | INFO    | TRAIN | epoch=008/100 | batch=00200/01041 | total=8.42101e-02 | object=8.42101e-02 | physics=0.00000e+00 | elapsed=00:07:42 | eta=00:32:23 | data_wait=0.54s
2026-09-16 04:16:31 | INFO    | TRAIN | epoch=008/100 | batch=00250/01041 | total=9.65793e-02 | object=9.65793e-02 | physics=0.00000e+00 | elapsed=00:09:38 | eta=00:30:28 | data_wait=0.55s
2026-09-16 04:18:22 | INFO    | TRAIN | epoch=008/100 | batch=00300/01041 | total=8.42289e-02 | object=8.42289e-02 | physics=0.00000e+00 | elapsed=00:11:30 | eta=00:28:23 | data_wait=0.57s
2026-09-16 04:20:18 | INFO    | TRAIN | epoch=008/100 | batch=00350/01041 | total=8.46251e-02 | object=8.46251e-02 | physics=0.00000e+00 | elapsed=00:13:25 | eta=00:26:29 | data_wait=0.58s
2026-09-16 04:22:13 | INFO    | TRAIN | epoch=008/100 | batch=00400/01041 | total=9.58629e-02 | object=9.58629e-02 | physics=0.00000e+00 | elapsed=00:15:20 | eta=00:24:35 | data_wait=0.60s
2026-09-16 04:24:07 | INFO    | TRAIN | epoch=008/100 | batch=00450/01041 | total=8.10991e-02 | object=8.10991e-02 | physics=0.00000e+00 | elapsed=00:17:14 | eta=00:22:38 | data_wait=0.62s
2026-09-16 04:26:03 | INFO    | TRAIN | epoch=008/100 | batch=00500/01041 | total=8.82223e-02 | object=8.82223e-02 | physics=0.00000e+00 | elapsed=00:19:10 | eta=00:20:45 | data_wait=0.63s
2026-09-16 04:27:58 | INFO    | TRAIN | epoch=008/100 | batch=00550/01041 | total=8.09781e-02 | object=8.09781e-02 | physics=0.00000e+00 | elapsed=00:21:05 | eta=00:18:50 | data_wait=0.65s
2026-09-16 04:29:54 | INFO    | TRAIN | epoch=008/100 | batch=00600/01041 | total=8.42870e-02 | object=8.42870e-02 | physics=0.00000e+00 | elapsed=00:23:01 | eta=00:16:55 | data_wait=0.66s
2026-09-16 04:31:46 | INFO    | TRAIN | epoch=008/100 | batch=00650/01041 | total=9.12779e-02 | object=9.12779e-02 | physics=0.00000e+00 | elapsed=00:24:53 | eta=00:14:58 | data_wait=0.68s
2026-09-16 04:33:41 | INFO    | TRAIN | epoch=008/100 | batch=00700/01041 | total=8.28984e-02 | object=8.28984e-02 | physics=0.00000e+00 | elapsed=00:26:48 | eta=00:13:03 | data_wait=0.70s
2026-09-16 04:35:40 | INFO    | TRAIN | epoch=008/100 | batch=00750/01041 | total=9.25238e-02 | object=9.25238e-02 | physics=0.00000e+00 | elapsed=00:28:47 | eta=00:11:10 | data_wait=0.71s
2026-09-16 04:37:31 | INFO    | TRAIN | epoch=008/100 | batch=00800/01041 | total=8.06554e-02 | object=8.06554e-02 | physics=0.00000e+00 | elapsed=00:30:38 | eta=00:09:14 | data_wait=0.72s
2026-09-16 04:39:23 | INFO    | TRAIN | epoch=008/100 | batch=00850/01041 | total=7.99627e-02 | object=7.99627e-02 | physics=0.00000e+00 | elapsed=00:32:31 | eta=00:07:18 | data_wait=0.74s
2026-09-16 04:41:16 | INFO    | TRAIN | epoch=008/100 | batch=00900/01041 | total=9.11040e-02 | object=9.11040e-02 | physics=0.00000e+00 | elapsed=00:34:23 | eta=00:05:23 | data_wait=0.75s
2026-09-16 04:43:10 | INFO    | TRAIN | epoch=008/100 | batch=00950/01041 | total=8.32787e-02 | object=8.32787e-02 | physics=0.00000e+00 | elapsed=00:36:18 | eta=00:03:29 | data_wait=0.76s
2026-09-16 04:45:04 | INFO    | TRAIN | epoch=008/100 | batch=01000/01041 | total=8.02901e-02 | object=8.02901e-02 | physics=0.00000e+00 | elapsed=00:38:11 | eta=00:01:34 | data_wait=0.78s
2026-09-16 04:46:36 | INFO    | TRAIN | epoch=008/100 | batch=01041/01041 | total=8.25177e-02 | object=8.25177e-02 | physics=0.00000e+00 | elapsed=00:39:43 | eta=00:00:00 | data_wait=0.80s
2026-09-16 04:47:18 | INFO    | VAL | epoch=008/100 | batch=00050/00209 | total=8.54470e-02 | object=8.54470e-02 | physics=4.21241e-03 | elapsed=00:00:42 | eta=00:02:13 | data_wait=0.43s
2026-09-16 04:47:56 | INFO    | VAL | epoch=008/100 | batch=00100/00209 | total=1.01955e-01 | object=1.01955e-01 | physics=4.61508e-03 | elapsed=00:01:21 | eta=00:01:28 | data_wait=0.45s
2026-09-16 04:48:34 | INFO    | VAL | epoch=008/100 | batch=00150/00209 | total=8.18981e-02 | object=8.18981e-02 | physics=4.63160e-03 | elapsed=00:01:58 | eta=00:00:46 | data_wait=0.47s
2026-09-16 04:49:10 | INFO    | VAL | epoch=008/100 | batch=00200/00209 | total=8.22964e-02 | object=8.22964e-02 | physics=3.29249e-03 | elapsed=00:02:34 | eta=00:00:07 | data_wait=0.50s
2026-09-16 04:49:17 | INFO    | VAL | epoch=008/100 | batch=00209/00209 | total=8.92530e-02 | object=8.92530e-02 | physics=3.19946e-03 | elapsed=00:02:41 | eta=00:00:00 | data_wait=0.51s
2026-09-16 04:49:17 | INFO    | Epoch 008 complete | train=8.63221e-02 | val=8.67295e-02 | best=8.67295e-02 | real=4.67554e-02 | imag=3.99741e-02 | lr=1.969e-04 | epoch_time=00:42:25 | eta=2d 07:22:56 | finish=2026-09-18 12:12:13 CST
2026-09-16 04:51:10 | INFO    | TRAIN | epoch=009/100 | batch=00050/01041 | total=9.09569e-02 | object=9.09569e-02 | physics=0.00000e+00 | elapsed=00:01:52 | eta=00:37:07 | data_wait=0.33s
2026-09-16 04:52:59 | INFO    | TRAIN | epoch=009/100 | batch=00100/01041 | total=8.38175e-02 | object=8.38175e-02 | physics=0.00000e+00 | elapsed=00:03:41 | eta=00:34:42 | data_wait=0.34s
2026-09-16 04:54:47 | INFO    | TRAIN | epoch=009/100 | batch=00150/01041 | total=8.43495e-02 | object=8.43495e-02 | physics=0.00000e+00 | elapsed=00:05:30 | eta=00:32:39 | data_wait=0.35s
2026-09-16 04:56:37 | INFO    | TRAIN | epoch=009/100 | batch=00200/01041 | total=8.18311e-02 | object=8.18311e-02 | physics=0.00000e+00 | elapsed=00:07:20 | eta=00:30:50 | data_wait=0.37s
2026-09-16 04:58:33 | INFO    | TRAIN | epoch=009/100 | batch=00250/01041 | total=8.06944e-02 | object=8.06944e-02 | physics=0.00000e+00 | elapsed=00:09:15 | eta=00:29:17 | data_wait=0.39s
2026-09-16 05:00:25 | INFO    | TRAIN | epoch=009/100 | batch=00300/01041 | total=8.07478e-02 | object=8.07478e-02 | physics=0.00000e+00 | elapsed=00:11:08 | eta=00:27:29 | data_wait=0.40s
2026-09-16 05:02:16 | INFO    | TRAIN | epoch=009/100 | batch=00350/01041 | total=7.87442e-02 | object=7.87442e-02 | physics=0.00000e+00 | elapsed=00:12:58 | eta=00:25:37 | data_wait=0.41s
2026-09-16 05:04:05 | INFO    | TRAIN | epoch=009/100 | batch=00400/01041 | total=7.82856e-02 | object=7.82856e-02 | physics=0.00000e+00 | elapsed=00:14:48 | eta=00:23:43 | data_wait=0.42s
2026-09-16 05:06:02 | INFO    | TRAIN | epoch=009/100 | batch=00450/01041 | total=7.74231e-02 | object=7.74231e-02 | physics=0.00000e+00 | elapsed=00:16:44 | eta=00:21:59 | data_wait=0.44s
2026-09-16 05:07:58 | INFO    | TRAIN | epoch=009/100 | batch=00500/01041 | total=8.71225e-02 | object=8.71225e-02 | physics=0.00000e+00 | elapsed=00:18:41 | eta=00:20:12 | data_wait=0.45s
2026-09-16 05:09:52 | INFO    | TRAIN | epoch=009/100 | batch=00550/01041 | total=8.87478e-02 | object=8.87478e-02 | physics=0.00000e+00 | elapsed=00:20:35 | eta=00:18:22 | data_wait=0.47s
2026-09-16 05:11:42 | INFO    | TRAIN | epoch=009/100 | batch=00600/01041 | total=9.44567e-02 | object=9.44567e-02 | physics=0.00000e+00 | elapsed=00:22:25 | eta=00:16:28 | data_wait=0.48s
2026-09-16 05:13:32 | INFO    | TRAIN | epoch=009/100 | batch=00650/01041 | total=8.24500e-02 | object=8.24500e-02 | physics=0.00000e+00 | elapsed=00:24:15 | eta=00:14:35 | data_wait=0.49s
2026-09-16 05:15:26 | INFO    | TRAIN | epoch=009/100 | batch=00700/01041 | total=8.54672e-02 | object=8.54672e-02 | physics=0.00000e+00 | elapsed=00:26:09 | eta=00:12:44 | data_wait=0.51s
2026-09-16 05:17:23 | INFO    | TRAIN | epoch=009/100 | batch=00750/01041 | total=8.95960e-02 | object=8.95960e-02 | physics=0.00000e+00 | elapsed=00:28:05 | eta=00:10:54 | data_wait=0.52s
2026-09-16 05:19:13 | INFO    | TRAIN | epoch=009/100 | batch=00800/01041 | total=8.70285e-02 | object=8.70285e-02 | physics=0.00000e+00 | elapsed=00:29:56 | eta=00:09:01 | data_wait=0.53s
2026-09-16 05:21:06 | INFO    | TRAIN | epoch=009/100 | batch=00850/01041 | total=7.55688e-02 | object=7.55688e-02 | physics=0.00000e+00 | elapsed=00:31:48 | eta=00:07:09 | data_wait=0.55s
2026-09-16 05:22:55 | INFO    | TRAIN | epoch=009/100 | batch=00900/01041 | total=8.40563e-02 | object=8.40563e-02 | physics=0.00000e+00 | elapsed=00:33:38 | eta=00:05:16 | data_wait=0.56s
2026-09-16 05:24:45 | INFO    | TRAIN | epoch=009/100 | batch=00950/01041 | total=8.46378e-02 | object=8.46378e-02 | physics=0.00000e+00 | elapsed=00:35:27 | eta=00:03:24 | data_wait=0.57s
2026-09-16 05:26:42 | INFO    | TRAIN | epoch=009/100 | batch=01000/01041 | total=8.05538e-02 | object=8.05538e-02 | physics=0.00000e+00 | elapsed=00:37:24 | eta=00:01:32 | data_wait=0.59s
2026-09-16 05:28:12 | INFO    | TRAIN | epoch=009/100 | batch=01041/01041 | total=8.16825e-02 | object=8.16825e-02 | physics=0.00000e+00 | elapsed=00:38:54 | eta=00:00:00 | data_wait=0.60s
2026-09-16 05:28:53 | INFO    | VAL | epoch=009/100 | batch=00050/00209 | total=8.43529e-02 | object=8.43529e-02 | physics=3.64186e-03 | elapsed=00:00:41 | eta=00:02:12 | data_wait=0.57s
2026-09-16 05:29:34 | INFO    | VAL | epoch=009/100 | batch=00100/00209 | total=9.41384e-02 | object=9.41384e-02 | physics=4.05134e-03 | elapsed=00:01:22 | eta=00:01:29 | data_wait=0.59s
2026-09-16 05:30:08 | INFO    | VAL | epoch=009/100 | batch=00150/00209 | total=8.62734e-02 | object=8.62734e-02 | physics=4.31860e-03 | elapsed=00:01:56 | eta=00:00:46 | data_wait=0.61s
2026-09-16 05:30:47 | INFO    | VAL | epoch=009/100 | batch=00200/00209 | total=8.22753e-02 | object=8.22753e-02 | physics=2.96491e-03 | elapsed=00:02:35 | eta=00:00:07 | data_wait=0.62s
2026-09-16 05:30:54 | INFO    | VAL | epoch=009/100 | batch=00209/00209 | total=8.21344e-02 | object=8.21344e-02 | physics=2.82332e-03 | elapsed=00:02:42 | eta=00:00:00 | data_wait=0.63s
2026-09-16 05:30:55 | INFO    | Epoch 009 complete | train=8.32566e-02 | val=8.48209e-02 | best=8.48209e-02 | real=4.56119e-02 | imag=3.92090e-02 | lr=1.960e-04 | epoch_time=00:41:37 | eta=2d 07:42:28 | finish=2026-09-18 13:13:22 CST
2026-09-16 05:32:51 | INFO    | TRAIN | epoch=010/100 | batch=00050/01041 | total=8.05760e-02 | object=8.05760e-02 | physics=0.00000e+00 | elapsed=00:01:56 | eta=00:38:16 | data_wait=0.40s
2026-09-16 05:34:44 | INFO    | TRAIN | epoch=010/100 | batch=00100/01041 | total=8.17676e-02 | object=8.17676e-02 | physics=0.00000e+00 | elapsed=00:03:49 | eta=00:35:54 | data_wait=0.42s
2026-09-16 05:36:34 | INFO    | TRAIN | epoch=010/100 | batch=00150/01041 | total=7.90229e-02 | object=7.90229e-02 | physics=0.00000e+00 | elapsed=00:05:39 | eta=00:33:33 | data_wait=0.43s
2026-09-16 05:38:32 | INFO    | TRAIN | epoch=010/100 | batch=00200/01041 | total=8.20400e-02 | object=8.20400e-02 | physics=0.00000e+00 | elapsed=00:07:37 | eta=00:32:03 | data_wait=0.45s
2026-09-16 05:40:28 | INFO    | TRAIN | epoch=010/100 | batch=00250/01041 | total=7.65620e-02 | object=7.65620e-02 | physics=0.00000e+00 | elapsed=00:09:34 | eta=00:30:15 | data_wait=0.46s
2026-09-16 05:42:21 | INFO    | TRAIN | epoch=010/100 | batch=00300/01041 | total=7.17755e-02 | object=7.17755e-02 | physics=0.00000e+00 | elapsed=00:11:27 | eta=00:28:16 | data_wait=0.47s
2026-09-16 05:44:15 | INFO    | TRAIN | epoch=010/100 | batch=00350/01041 | total=8.09340e-02 | object=8.09340e-02 | physics=0.00000e+00 | elapsed=00:13:20 | eta=00:26:20 | data_wait=0.49s
2026-09-16 05:46:13 | INFO    | TRAIN | epoch=010/100 | batch=00400/01041 | total=7.79232e-02 | object=7.79232e-02 | physics=0.00000e+00 | elapsed=00:15:18 | eta=00:24:32 | data_wait=0.50s
2026-09-16 05:48:08 | INFO    | TRAIN | epoch=010/100 | batch=00450/01041 | total=7.25181e-02 | object=7.25181e-02 | physics=0.00000e+00 | elapsed=00:17:13 | eta=00:22:37 | data_wait=0.52s
2026-09-16 05:50:00 | INFO    | TRAIN | epoch=010/100 | batch=00500/01041 | total=8.32547e-02 | object=8.32547e-02 | physics=0.00000e+00 | elapsed=00:19:05 | eta=00:20:39 | data_wait=0.53s
2026-09-16 05:51:52 | INFO    | TRAIN | epoch=010/100 | batch=00550/01041 | total=7.60362e-02 | object=7.60362e-02 | physics=0.00000e+00 | elapsed=00:20:57 | eta=00:18:42 | data_wait=0.55s
2026-09-16 05:53:43 | INFO    | TRAIN | epoch=010/100 | batch=00600/01041 | total=7.74170e-02 | object=7.74170e-02 | physics=0.00000e+00 | elapsed=00:22:48 | eta=00:16:46 | data_wait=0.56s
2026-09-16 05:55:32 | INFO    | TRAIN | epoch=010/100 | batch=00650/01041 | total=8.47426e-02 | object=8.47426e-02 | physics=0.00000e+00 | elapsed=00:24:37 | eta=00:14:49 | data_wait=0.57s
2026-09-16 05:57:25 | INFO    | TRAIN | epoch=010/100 | batch=00700/01041 | total=8.55356e-02 | object=8.55356e-02 | physics=0.00000e+00 | elapsed=00:26:31 | eta=00:12:55 | data_wait=0.59s
2026-09-16 05:59:18 | INFO    | TRAIN | epoch=010/100 | batch=00750/01041 | total=7.41391e-02 | object=7.41391e-02 | physics=0.00000e+00 | elapsed=00:28:24 | eta=00:11:01 | data_wait=0.60s
2026-09-16 06:01:13 | INFO    | TRAIN | epoch=010/100 | batch=00800/01041 | total=7.83551e-02 | object=7.83551e-02 | physics=0.00000e+00 | elapsed=00:30:18 | eta=00:09:08 | data_wait=0.61s
2026-09-16 06:03:08 | INFO    | TRAIN | epoch=010/100 | batch=00850/01041 | total=7.60116e-02 | object=7.60116e-02 | physics=0.00000e+00 | elapsed=00:32:13 | eta=00:07:14 | data_wait=0.63s
2026-09-16 06:04:58 | INFO    | TRAIN | epoch=010/100 | batch=00900/01041 | total=8.33354e-02 | object=8.33354e-02 | physics=0.00000e+00 | elapsed=00:34:03 | eta=00:05:20 | data_wait=0.65s
2026-09-16 06:06:48 | INFO    | TRAIN | epoch=010/100 | batch=00950/01041 | total=7.65025e-02 | object=7.65025e-02 | physics=0.00000e+00 | elapsed=00:35:53 | eta=00:03:26 | data_wait=0.66s
2026-09-16 06:08:40 | INFO    | TRAIN | epoch=010/100 | batch=01000/01041 | total=7.70647e-02 | object=7.70647e-02 | physics=0.00000e+00 | elapsed=00:37:45 | eta=00:01:33 | data_wait=0.68s
2026-09-16 06:10:15 | INFO    | TRAIN | epoch=010/100 | batch=01041/01041 | total=8.31963e-02 | object=8.31963e-02 | physics=0.00000e+00 | elapsed=00:39:21 | eta=00:00:00 | data_wait=0.69s
2026-09-16 06:11:00 | INFO    | VAL | epoch=010/100 | batch=00050/00209 | total=8.79371e-02 | object=8.79371e-02 | physics=3.31281e-03 | elapsed=00:00:44 | eta=00:02:21 | data_wait=0.55s
2026-09-16 06:11:36 | INFO    | VAL | epoch=010/100 | batch=00100/00209 | total=9.16258e-02 | object=9.16258e-02 | physics=3.62760e-03 | elapsed=00:01:20 | eta=00:01:28 | data_wait=0.56s
2026-09-16 06:12:13 | INFO    | VAL | epoch=010/100 | batch=00150/00209 | total=9.19315e-02 | object=9.19315e-02 | physics=3.80442e-03 | elapsed=00:01:57 | eta=00:00:46 | data_wait=0.58s
2026-09-16 06:12:53 | INFO    | VAL | epoch=010/100 | batch=00200/00209 | total=7.98020e-02 | object=7.98020e-02 | physics=2.57806e-03 | elapsed=00:02:38 | eta=00:00:07 | data_wait=0.59s
2026-09-16 06:13:00 | INFO    | VAL | epoch=010/100 | batch=00209/00209 | total=8.96924e-02 | object=8.96924e-02 | physics=2.47685e-03 | elapsed=00:02:44 | eta=00:00:00 | data_wait=0.60s
2026-09-16 06:13:00 | INFO    | Epoch 010 complete | train=8.00359e-02 | val=8.43231e-02 | best=8.43231e-02 | real=4.51822e-02 | imag=3.91409e-02 | lr=1.951e-04 | epoch_time=00:42:06 | eta=2d 07:54:00 | finish=2026-09-18 14:07:01 CST
2026-09-16 06:14:53 | INFO    | TRAIN | epoch=011/100 | batch=00050/01041 | total=8.10047e-02 | object=8.10047e-02 | physics=0.00000e+00 | elapsed=00:01:52 | eta=00:37:05 | data_wait=0.28s
2026-09-16 06:16:45 | INFO    | TRAIN | epoch=011/100 | batch=00100/01041 | total=7.49859e-02 | object=7.49859e-02 | physics=0.00000e+00 | elapsed=00:03:45 | eta=00:35:15 | data_wait=0.29s
2026-09-16 06:18:37 | INFO    | TRAIN | epoch=011/100 | batch=00150/01041 | total=7.67420e-02 | object=7.67420e-02 | physics=0.00000e+00 | elapsed=00:05:37 | eta=00:33:21 | data_wait=0.30s
2026-09-16 06:20:38 | INFO    | TRAIN | epoch=011/100 | batch=00200/01041 | total=7.43406e-02 | object=7.43406e-02 | physics=0.00000e+00 | elapsed=00:07:37 | eta=00:32:03 | data_wait=0.32s
2026-09-16 06:22:28 | INFO    | TRAIN | epoch=011/100 | batch=00250/01041 | total=7.80589e-02 | object=7.80589e-02 | physics=0.00000e+00 | elapsed=00:09:28 | eta=00:29:57 | data_wait=0.33s
2026-09-16 06:24:20 | INFO    | TRAIN | epoch=011/100 | batch=00300/01041 | total=7.03026e-02 | object=7.03026e-02 | physics=0.00000e+00 | elapsed=00:11:20 | eta=00:27:59 | data_wait=0.35s
2026-09-16 06:26:16 | INFO    | TRAIN | epoch=011/100 | batch=00350/01041 | total=7.96225e-02 | object=7.96225e-02 | physics=0.00000e+00 | elapsed=00:13:15 | eta=00:26:10 | data_wait=0.36s
2026-09-16 06:28:10 | INFO    | TRAIN | epoch=011/100 | batch=00400/01041 | total=8.03182e-02 | object=8.03182e-02 | physics=0.00000e+00 | elapsed=00:15:10 | eta=00:24:18 | data_wait=0.38s
2026-09-16 06:30:07 | INFO    | TRAIN | epoch=011/100 | batch=00450/01041 | total=7.72524e-02 | object=7.72524e-02 | physics=0.00000e+00 | elapsed=00:17:06 | eta=00:22:28 | data_wait=0.39s
2026-09-16 06:32:02 | INFO    | TRAIN | epoch=011/100 | batch=00500/01041 | total=7.92705e-02 | object=7.92705e-02 | physics=0.00000e+00 | elapsed=00:19:01 | eta=00:20:35 | data_wait=0.41s
2026-09-16 06:33:54 | INFO    | TRAIN | epoch=011/100 | batch=00550/01041 | total=7.48898e-02 | object=7.48898e-02 | physics=0.00000e+00 | elapsed=00:20:54 | eta=00:18:39 | data_wait=0.42s
2026-09-16 06:35:46 | INFO    | TRAIN | epoch=011/100 | batch=00600/01041 | total=7.68097e-02 | object=7.68097e-02 | physics=0.00000e+00 | elapsed=00:22:46 | eta=00:16:44 | data_wait=0.44s
2026-09-16 06:37:38 | INFO    | TRAIN | epoch=011/100 | batch=00650/01041 | total=7.37786e-02 | object=7.37786e-02 | physics=0.00000e+00 | elapsed=00:24:37 | eta=00:14:49 | data_wait=0.45s
2026-09-16 06:39:38 | INFO    | TRAIN | epoch=011/100 | batch=00700/01041 | total=7.86686e-02 | object=7.86686e-02 | physics=0.00000e+00 | elapsed=00:26:37 | eta=00:12:58 | data_wait=0.47s
2026-09-16 06:41:30 | INFO    | TRAIN | epoch=011/100 | batch=00750/01041 | total=8.00794e-02 | object=8.00794e-02 | physics=0.00000e+00 | elapsed=00:28:30 | eta=00:11:03 | data_wait=0.48s
2026-09-16 06:43:24 | INFO    | TRAIN | epoch=011/100 | batch=00800/01041 | total=8.47527e-02 | object=8.47527e-02 | physics=0.00000e+00 | elapsed=00:30:23 | eta=00:09:09 | data_wait=0.50s
2026-09-16 06:45:19 | INFO    | TRAIN | epoch=011/100 | batch=00850/01041 | total=8.58430e-02 | object=8.58430e-02 | physics=0.00000e+00 | elapsed=00:32:19 | eta=00:07:16 | data_wait=0.51s
2026-09-16 06:47:14 | INFO    | TRAIN | epoch=011/100 | batch=00900/01041 | total=7.96937e-02 | object=7.96937e-02 | physics=0.00000e+00 | elapsed=00:34:13 | eta=00:05:22 | data_wait=0.53s
2026-09-16 06:49:10 | INFO    | TRAIN | epoch=011/100 | batch=00950/01041 | total=7.44840e-02 | object=7.44840e-02 | physics=0.00000e+00 | elapsed=00:36:09 | eta=00:03:28 | data_wait=0.54s
2026-09-16 06:51:12 | INFO    | TRAIN | epoch=011/100 | batch=01000/01041 | total=8.21503e-02 | object=8.21503e-02 | physics=0.00000e+00 | elapsed=00:38:11 | eta=00:01:34 | data_wait=0.56s
2026-09-16 06:52:46 | INFO    | TRAIN | epoch=011/100 | batch=01041/01041 | total=7.98129e-02 | object=7.98129e-02 | physics=0.00000e+00 | elapsed=00:39:46 | eta=00:00:00 | data_wait=0.59s
2026-09-16 06:53:20 | INFO    | VAL | epoch=011/100 | batch=00050/00209 | total=7.73660e-02 | object=7.73660e-02 | physics=3.19279e-03 | elapsed=00:00:34 | eta=00:01:49 | data_wait=0.55s
2026-09-16 06:54:01 | INFO    | VAL | epoch=011/100 | batch=00100/00209 | total=8.92666e-02 | object=8.92666e-02 | physics=3.59103e-03 | elapsed=00:01:15 | eta=00:01:21 | data_wait=0.57s
2026-09-16 06:54:40 | INFO    | VAL | epoch=011/100 | batch=00150/00209 | total=8.28597e-02 | object=8.28597e-02 | physics=4.05319e-03 | elapsed=00:01:54 | eta=00:00:45 | data_wait=0.58s
2026-09-16 06:55:18 | INFO    | VAL | epoch=011/100 | batch=00200/00209 | total=7.66456e-02 | object=7.66456e-02 | physics=2.69614e-03 | elapsed=00:02:32 | eta=00:00:07 | data_wait=0.60s
2026-09-16 06:55:24 | INFO    | VAL | epoch=011/100 | batch=00209/00209 | total=7.17671e-02 | object=7.17671e-02 | physics=2.28430e-03 | elapsed=00:02:38 | eta=00:00:00 | data_wait=0.61s
2026-09-16 06:55:25 | INFO    | Epoch 011 complete | train=7.71537e-02 | val=7.91691e-02 | best=7.91691e-02 | real=4.23722e-02 | imag=3.67970e-02 | lr=1.941e-04 | epoch_time=00:42:25 | eta=2d 07:58:22 | finish=2026-09-18 14:53:47 CST
2026-09-16 06:57:24 | INFO    | TRAIN | epoch=012/100 | batch=00050/01041 | total=7.07754e-02 | object=7.07754e-02 | physics=0.00000e+00 | elapsed=00:01:59 | eta=00:39:11 | data_wait=0.48s
2026-09-16 06:59:18 | INFO    | TRAIN | epoch=012/100 | batch=00100/01041 | total=7.32343e-02 | object=7.32343e-02 | physics=0.00000e+00 | elapsed=00:03:53 | eta=00:36:29 | data_wait=0.50s
2026-09-16 07:01:13 | INFO    | TRAIN | epoch=012/100 | batch=00150/01041 | total=7.23767e-02 | object=7.23767e-02 | physics=0.00000e+00 | elapsed=00:05:48 | eta=00:34:27 | data_wait=0.51s
2026-09-16 07:03:11 | INFO    | TRAIN | epoch=012/100 | batch=00200/01041 | total=7.98046e-02 | object=7.98046e-02 | physics=0.00000e+00 | elapsed=00:07:46 | eta=00:32:38 | data_wait=0.53s
2026-09-16 07:05:06 | INFO    | TRAIN | epoch=012/100 | batch=00250/01041 | total=6.88827e-02 | object=6.88827e-02 | physics=0.00000e+00 | elapsed=00:09:41 | eta=00:30:39 | data_wait=0.54s
2026-09-16 07:07:01 | INFO    | TRAIN | epoch=012/100 | batch=00300/01041 | total=7.56496e-02 | object=7.56496e-02 | physics=0.00000e+00 | elapsed=00:11:36 | eta=00:28:39 | data_wait=0.56s
2026-09-16 07:08:53 | INFO    | TRAIN | epoch=012/100 | batch=00350/01041 | total=6.95904e-02 | object=6.95904e-02 | physics=0.00000e+00 | elapsed=00:13:28 | eta=00:26:35 | data_wait=0.58s
2026-09-16 07:10:43 | INFO    | TRAIN | epoch=012/100 | batch=00400/01041 | total=7.15988e-02 | object=7.15988e-02 | physics=0.00000e+00 | elapsed=00:15:18 | eta=00:24:31 | data_wait=0.59s
2026-09-16 07:12:37 | INFO    | TRAIN | epoch=012/100 | batch=00450/01041 | total=7.39015e-02 | object=7.39015e-02 | physics=0.00000e+00 | elapsed=00:17:12 | eta=00:22:35 | data_wait=0.60s
2026-09-16 07:14:35 | INFO    | TRAIN | epoch=012/100 | batch=00500/01041 | total=7.62849e-02 | object=7.62849e-02 | physics=0.00000e+00 | elapsed=00:19:09 | eta=00:20:44 | data_wait=0.62s
2026-09-16 07:16:26 | INFO    | TRAIN | epoch=012/100 | batch=00550/01041 | total=7.65570e-02 | object=7.65570e-02 | physics=0.00000e+00 | elapsed=00:21:01 | eta=00:18:46 | data_wait=0.63s
2026-09-16 07:18:20 | INFO    | TRAIN | epoch=012/100 | batch=00600/01041 | total=7.00286e-02 | object=7.00286e-02 | physics=0.00000e+00 | elapsed=00:22:55 | eta=00:16:50 | data_wait=0.65s
2026-09-16 07:20:18 | INFO    | TRAIN | epoch=012/100 | batch=00650/01041 | total=7.65391e-02 | object=7.65391e-02 | physics=0.00000e+00 | elapsed=00:24:53 | eta=00:14:58 | data_wait=0.66s
2026-09-16 07:22:14 | INFO    | TRAIN | epoch=012/100 | batch=00700/01041 | total=7.45553e-02 | object=7.45553e-02 | physics=0.00000e+00 | elapsed=00:26:49 | eta=00:13:04 | data_wait=0.67s
2026-09-16 07:24:12 | INFO    | TRAIN | epoch=012/100 | batch=00750/01041 | total=7.12030e-02 | object=7.12030e-02 | physics=0.00000e+00 | elapsed=00:28:47 | eta=00:11:10 | data_wait=0.69s
2026-09-16 07:26:10 | INFO    | TRAIN | epoch=012/100 | batch=00800/01041 | total=7.54106e-02 | object=7.54106e-02 | physics=0.00000e+00 | elapsed=00:30:45 | eta=00:09:16 | data_wait=0.70s
2026-09-16 07:28:02 | INFO    | TRAIN | epoch=012/100 | batch=00850/01041 | total=6.55056e-02 | object=6.55056e-02 | physics=0.00000e+00 | elapsed=00:32:37 | eta=00:07:20 | data_wait=0.71s
2026-09-16 07:30:02 | INFO    | TRAIN | epoch=012/100 | batch=00900/01041 | total=7.61709e-02 | object=7.61709e-02 | physics=0.00000e+00 | elapsed=00:34:37 | eta=00:05:25 | data_wait=0.73s
2026-09-16 07:31:56 | INFO    | TRAIN | epoch=012/100 | batch=00950/01041 | total=7.31598e-02 | object=7.31598e-02 | physics=0.00000e+00 | elapsed=00:36:31 | eta=00:03:30 | data_wait=0.75s
2026-09-16 07:33:50 | INFO    | TRAIN | epoch=012/100 | batch=01000/01041 | total=6.84683e-02 | object=6.84683e-02 | physics=0.00000e+00 | elapsed=00:38:25 | eta=00:01:35 | data_wait=0.76s
2026-09-16 07:35:22 | INFO    | TRAIN | epoch=012/100 | batch=01041/01041 | total=7.29199e-02 | object=7.29199e-02 | physics=0.00000e+00 | elapsed=00:39:57 | eta=00:00:00 | data_wait=0.78s
2026-09-16 07:36:04 | INFO    | VAL | epoch=012/100 | batch=00050/00209 | total=7.67817e-02 | object=7.67817e-02 | physics=2.55477e-03 | elapsed=00:00:41 | eta=00:02:11 | data_wait=0.56s
2026-09-16 07:36:43 | INFO    | VAL | epoch=012/100 | batch=00100/00209 | total=8.40627e-02 | object=8.40627e-02 | physics=2.84819e-03 | elapsed=00:01:21 | eta=00:01:28 | data_wait=0.58s
2026-09-16 07:37:22 | INFO    | VAL | epoch=012/100 | batch=00150/00209 | total=8.27472e-02 | object=8.27472e-02 | physics=3.53458e-03 | elapsed=00:01:59 | eta=00:00:47 | data_wait=0.60s
2026-09-16 07:37:57 | INFO    | VAL | epoch=012/100 | batch=00200/00209 | total=7.44752e-02 | object=7.44752e-02 | physics=2.21801e-03 | elapsed=00:02:34 | eta=00:00:07 | data_wait=0.63s
2026-09-16 07:38:03 | INFO    | VAL | epoch=012/100 | batch=00209/00209 | total=7.15167e-02 | object=7.15167e-02 | physics=1.83940e-03 | elapsed=00:02:40 | eta=00:00:00 | data_wait=0.63s
2026-09-16 07:38:03 | INFO    | Epoch 012 complete | train=7.45096e-02 | val=7.87970e-02 | best=7.87970e-02 | real=4.20616e-02 | imag=3.67354e-02 | lr=1.930e-04 | epoch_time=00:42:38 | eta=2d 07:56:36 | finish=2026-09-18 15:34:39 CST
2026-09-16 07:40:01 | INFO    | TRAIN | epoch=013/100 | batch=00050/01041 | total=7.21324e-02 | object=7.21324e-02 | physics=0.00000e+00 | elapsed=00:01:57 | eta=00:38:45 | data_wait=0.38s
2026-09-16 07:41:59 | INFO    | TRAIN | epoch=013/100 | batch=00100/01041 | total=7.20101e-02 | object=7.20101e-02 | physics=0.00000e+00 | elapsed=00:03:56 | eta=00:36:59 | data_wait=0.39s
2026-09-16 07:43:50 | INFO    | TRAIN | epoch=013/100 | batch=00150/01041 | total=7.62798e-02 | object=7.62798e-02 | physics=0.00000e+00 | elapsed=00:05:46 | eta=00:34:17 | data_wait=0.40s
2026-09-16 07:45:45 | INFO    | TRAIN | epoch=013/100 | batch=00200/01041 | total=7.25209e-02 | object=7.25209e-02 | physics=0.00000e+00 | elapsed=00:07:41 | eta=00:32:20 | data_wait=0.42s
2026-09-16 07:47:42 | INFO    | TRAIN | epoch=013/100 | batch=00250/01041 | total=6.86886e-02 | object=6.86886e-02 | physics=0.00000e+00 | elapsed=00:09:39 | eta=00:30:32 | data_wait=0.44s
2026-09-16 07:49:35 | INFO    | TRAIN | epoch=013/100 | batch=00300/01041 | total=8.04533e-02 | object=8.04533e-02 | physics=0.00000e+00 | elapsed=00:11:32 | eta=00:28:28 | data_wait=0.45s
2026-09-16 07:51:27 | INFO    | TRAIN | epoch=013/100 | batch=00350/01041 | total=7.73783e-02 | object=7.73783e-02 | physics=0.00000e+00 | elapsed=00:13:23 | eta=00:26:26 | data_wait=0.46s
2026-09-16 07:53:21 | INFO    | TRAIN | epoch=013/100 | batch=00400/01041 | total=6.97213e-02 | object=6.97213e-02 | physics=0.00000e+00 | elapsed=00:15:17 | eta=00:24:30 | data_wait=0.48s
2026-09-16 07:55:21 | INFO    | TRAIN | epoch=013/100 | batch=00450/01041 | total=7.15706e-02 | object=7.15706e-02 | physics=0.00000e+00 | elapsed=00:17:17 | eta=00:22:42 | data_wait=0.50s
2026-09-16 07:57:14 | INFO    | TRAIN | epoch=013/100 | batch=00500/01041 | total=6.97492e-02 | object=6.97492e-02 | physics=0.00000e+00 | elapsed=00:19:11 | eta=00:20:45 | data_wait=0.51s
2026-09-16 07:59:09 | INFO    | TRAIN | epoch=013/100 | batch=00550/01041 | total=6.86257e-02 | object=6.86257e-02 | physics=0.00000e+00 | elapsed=00:21:05 | eta=00:18:49 | data_wait=0.53s
2026-09-16 08:01:05 | INFO    | TRAIN | epoch=013/100 | batch=00600/01041 | total=6.91115e-02 | object=6.91115e-02 | physics=0.00000e+00 | elapsed=00:23:01 | eta=00:16:55 | data_wait=0.54s
2026-09-16 08:03:01 | INFO    | TRAIN | epoch=013/100 | batch=00650/01041 | total=6.76452e-02 | object=6.76452e-02 | physics=0.00000e+00 | elapsed=00:24:58 | eta=00:15:01 | data_wait=0.55s
2026-09-16 08:04:57 | INFO    | TRAIN | epoch=013/100 | batch=00700/01041 | total=6.90868e-02 | object=6.90868e-02 | physics=0.00000e+00 | elapsed=00:26:54 | eta=00:13:06 | data_wait=0.57s
2026-09-16 08:06:51 | INFO    | TRAIN | epoch=013/100 | batch=00750/01041 | total=6.54325e-02 | object=6.54325e-02 | physics=0.00000e+00 | elapsed=00:28:48 | eta=00:11:10 | data_wait=0.58s
2026-09-16 08:08:45 | INFO    | TRAIN | epoch=013/100 | batch=00800/01041 | total=7.13444e-02 | object=7.13444e-02 | physics=0.00000e+00 | elapsed=00:30:42 | eta=00:09:15 | data_wait=0.60s
2026-09-16 08:10:43 | INFO    | TRAIN | epoch=013/100 | batch=00850/01041 | total=7.31110e-02 | object=7.31110e-02 | physics=0.00000e+00 | elapsed=00:32:39 | eta=00:07:20 | data_wait=0.61s
2026-09-16 08:12:34 | INFO    | TRAIN | epoch=013/100 | batch=00900/01041 | total=7.12166e-02 | object=7.12166e-02 | physics=0.00000e+00 | elapsed=00:34:31 | eta=00:05:24 | data_wait=0.62s
2026-09-16 08:14:32 | INFO    | TRAIN | epoch=013/100 | batch=00950/01041 | total=6.74051e-02 | object=6.74051e-02 | physics=0.00000e+00 | elapsed=00:36:28 | eta=00:03:30 | data_wait=0.64s
2026-09-16 08:16:29 | INFO    | TRAIN | epoch=013/100 | batch=01000/01041 | total=6.88065e-02 | object=6.88065e-02 | physics=0.00000e+00 | elapsed=00:38:26 | eta=00:01:35 | data_wait=0.65s
2026-09-16 08:18:01 | INFO    | TRAIN | epoch=013/100 | batch=01041/01041 | total=6.73977e-02 | object=6.73977e-02 | physics=0.00000e+00 | elapsed=00:39:58 | eta=00:00:00 | data_wait=0.67s
2026-09-16 08:18:44 | INFO    | VAL | epoch=013/100 | batch=00050/00209 | total=7.74971e-02 | object=7.74971e-02 | physics=2.38651e-03 | elapsed=00:00:43 | eta=00:02:16 | data_wait=0.55s
2026-09-16 08:19:24 | INFO    | VAL | epoch=013/100 | batch=00100/00209 | total=7.97644e-02 | object=7.97644e-02 | physics=2.43482e-03 | elapsed=00:01:23 | eta=00:01:30 | data_wait=0.57s
2026-09-16 08:19:58 | INFO    | VAL | epoch=013/100 | batch=00150/00209 | total=7.88566e-02 | object=7.88566e-02 | physics=3.21420e-03 | elapsed=00:01:57 | eta=00:00:46 | data_wait=0.59s
2026-09-16 08:20:39 | INFO    | VAL | epoch=013/100 | batch=00200/00209 | total=7.03238e-02 | object=7.03238e-02 | physics=1.98808e-03 | elapsed=00:02:38 | eta=00:00:07 | data_wait=0.61s
2026-09-16 08:20:46 | INFO    | VAL | epoch=013/100 | batch=00209/00209 | total=7.49238e-02 | object=7.49238e-02 | physics=1.80740e-03 | elapsed=00:02:45 | eta=00:00:00 | data_wait=0.61s
2026-09-16 08:20:47 | INFO    | Epoch 013 complete | train=7.19377e-02 | val=7.53699e-02 | best=7.53699e-02 | real=4.01655e-02 | imag=3.52044e-02 | lr=1.918e-04 | epoch_time=00:42:43 | eta=2d 07:49:06 | finish=2026-09-18 16:09:53 CST
2026-09-16 08:22:44 | INFO    | TRAIN | epoch=014/100 | batch=00050/01041 | total=6.69183e-02 | object=6.69183e-02 | physics=0.00000e+00 | elapsed=00:01:57 | eta=00:38:40 | data_wait=0.44s
2026-09-16 08:24:41 | INFO    | TRAIN | epoch=014/100 | batch=00100/01041 | total=7.29579e-02 | object=7.29579e-02 | physics=0.00000e+00 | elapsed=00:03:54 | eta=00:36:42 | data_wait=0.46s
2026-09-16 08:26:49 | INFO    | TRAIN | epoch=014/100 | batch=00150/01041 | total=7.09796e-02 | object=7.09796e-02 | physics=0.00000e+00 | elapsed=00:06:02 | eta=00:35:50 | data_wait=0.47s
2026-09-16 08:28:45 | INFO    | TRAIN | epoch=014/100 | batch=00200/01041 | total=6.47973e-02 | object=6.47973e-02 | physics=0.00000e+00 | elapsed=00:07:58 | eta=00:33:31 | data_wait=0.49s
2026-09-16 08:30:44 | INFO    | TRAIN | epoch=014/100 | batch=00250/01041 | total=6.60045e-02 | object=6.60045e-02 | physics=0.00000e+00 | elapsed=00:09:58 | eta=00:31:31 | data_wait=0.50s
2026-09-16 08:32:38 | INFO    | TRAIN | epoch=014/100 | batch=00300/01041 | total=6.85823e-02 | object=6.85823e-02 | physics=0.00000e+00 | elapsed=00:11:51 | eta=00:29:17 | data_wait=0.52s
2026-09-16 08:34:37 | INFO    | TRAIN | epoch=014/100 | batch=00350/01041 | total=6.59253e-02 | object=6.59253e-02 | physics=0.00000e+00 | elapsed=00:13:50 | eta=00:27:18 | data_wait=0.53s
2026-09-16 08:36:44 | INFO    | TRAIN | epoch=014/100 | batch=00400/01041 | total=6.66680e-02 | object=6.66680e-02 | physics=0.00000e+00 | elapsed=00:15:57 | eta=00:25:34 | data_wait=0.55s
2026-09-16 08:38:51 | INFO    | TRAIN | epoch=014/100 | batch=00450/01041 | total=6.82278e-02 | object=6.82278e-02 | physics=0.00000e+00 | elapsed=00:18:04 | eta=00:23:44 | data_wait=0.56s
2026-09-16 08:40:54 | INFO    | TRAIN | epoch=014/100 | batch=00500/01041 | total=6.65318e-02 | object=6.65318e-02 | physics=0.00000e+00 | elapsed=00:20:07 | eta=00:21:46 | data_wait=0.58s
2026-09-16 08:42:58 | INFO    | TRAIN | epoch=014/100 | batch=00550/01041 | total=6.63074e-02 | object=6.63074e-02 | physics=0.00000e+00 | elapsed=00:22:11 | eta=00:19:48 | data_wait=0.59s
2026-09-16 08:45:02 | INFO    | TRAIN | epoch=014/100 | batch=00600/01041 | total=7.17173e-02 | object=7.17173e-02 | physics=0.00000e+00 | elapsed=00:24:15 | eta=00:17:50 | data_wait=0.61s
2026-09-16 08:47:02 | INFO    | TRAIN | epoch=014/100 | batch=00650/01041 | total=6.86696e-02 | object=6.86696e-02 | physics=0.00000e+00 | elapsed=00:26:15 | eta=00:15:47 | data_wait=0.63s
2026-09-16 08:49:02 | INFO    | TRAIN | epoch=014/100 | batch=00700/01041 | total=7.20448e-02 | object=7.20448e-02 | physics=0.00000e+00 | elapsed=00:28:15 | eta=00:13:46 | data_wait=0.64s
2026-09-16 08:51:06 | INFO    | TRAIN | epoch=014/100 | batch=00750/01041 | total=6.58542e-02 | object=6.58542e-02 | physics=0.00000e+00 | elapsed=00:30:19 | eta=00:11:46 | data_wait=0.66s
2026-09-16 08:53:03 | INFO    | TRAIN | epoch=014/100 | batch=00800/01041 | total=5.85098e-02 | object=5.85098e-02 | physics=0.00000e+00 | elapsed=00:32:16 | eta=00:09:43 | data_wait=0.67s
2026-09-16 08:54:59 | INFO    | TRAIN | epoch=014/100 | batch=00850/01041 | total=6.90459e-02 | object=6.90459e-02 | physics=0.00000e+00 | elapsed=00:34:12 | eta=00:07:41 | data_wait=0.68s
2026-09-16 08:57:01 | INFO    | TRAIN | epoch=014/100 | batch=00900/01041 | total=6.02618e-02 | object=6.02618e-02 | physics=0.00000e+00 | elapsed=00:36:14 | eta=00:05:41 | data_wait=0.70s
2026-09-16 08:58:58 | INFO    | TRAIN | epoch=014/100 | batch=00950/01041 | total=7.11130e-02 | object=7.11130e-02 | physics=0.00000e+00 | elapsed=00:38:11 | eta=00:03:39 | data_wait=0.71s
2026-09-16 09:01:01 | INFO    | TRAIN | epoch=014/100 | batch=01000/01041 | total=6.77566e-02 | object=6.77566e-02 | physics=0.00000e+00 | elapsed=00:40:14 | eta=00:01:39 | data_wait=0.73s
2026-09-16 09:02:41 | INFO    | TRAIN | epoch=014/100 | batch=01041/01041 | total=7.00103e-02 | object=7.00103e-02 | physics=0.00000e+00 | elapsed=00:41:54 | eta=00:00:00 | data_wait=0.75s
2026-09-16 09:03:24 | INFO    | VAL | epoch=014/100 | batch=00050/00209 | total=7.06892e-02 | object=7.06892e-02 | physics=2.20489e-03 | elapsed=00:00:43 | eta=00:02:17 | data_wait=0.45s
2026-09-16 09:04:06 | INFO    | VAL | epoch=014/100 | batch=00100/00209 | total=7.90256e-02 | object=7.90256e-02 | physics=2.42851e-03 | elapsed=00:01:26 | eta=00:01:34 | data_wait=0.47s
2026-09-16 09:04:42 | INFO    | VAL | epoch=014/100 | batch=00150/00209 | total=8.36523e-02 | object=8.36523e-02 | physics=3.33877e-03 | elapsed=00:02:02 | eta=00:00:48 | data_wait=0.49s
2026-09-16 09:05:23 | INFO    | VAL | epoch=014/100 | batch=00200/00209 | total=7.14239e-02 | object=7.14239e-02 | physics=1.88860e-03 | elapsed=00:02:42 | eta=00:00:07 | data_wait=0.51s
2026-09-16 09:05:30 | INFO    | VAL | epoch=014/100 | batch=00209/00209 | total=6.94685e-02 | object=6.94685e-02 | physics=1.70322e-03 | elapsed=00:02:49 | eta=00:00:00 | data_wait=0.51s
2026-09-16 09:05:30 | INFO    | Epoch 014 complete | train=6.92225e-02 | val=7.41934e-02 | best=7.41934e-02 | real=3.94141e-02 | imag=3.47793e-02 | lr=1.905e-04 | epoch_time=00:44:44 | eta=2d 07:48:53 | finish=2026-09-18 16:54:23 CST
2026-09-16 09:07:33 | INFO    | TRAIN | epoch=015/100 | batch=00050/01041 | total=6.07686e-02 | object=6.07686e-02 | physics=0.00000e+00 | elapsed=00:02:02 | eta=00:40:21 | data_wait=0.43s
2026-09-16 09:09:32 | INFO    | TRAIN | epoch=015/100 | batch=00100/01041 | total=6.71987e-02 | object=6.71987e-02 | physics=0.00000e+00 | elapsed=00:04:02 | eta=00:37:53 | data_wait=0.44s
2026-09-16 09:11:30 | INFO    | TRAIN | epoch=015/100 | batch=00150/01041 | total=7.63735e-02 | object=7.63735e-02 | physics=0.00000e+00 | elapsed=00:05:59 | eta=00:35:34 | data_wait=0.46s
2026-09-16 09:13:29 | INFO    | TRAIN | epoch=015/100 | batch=00200/01041 | total=6.22085e-02 | object=6.22085e-02 | physics=0.00000e+00 | elapsed=00:07:58 | eta=00:33:30 | data_wait=0.47s
2026-09-16 09:15:24 | INFO    | TRAIN | epoch=015/100 | batch=00250/01041 | total=6.24387e-02 | object=6.24387e-02 | physics=0.00000e+00 | elapsed=00:09:54 | eta=00:31:18 | data_wait=0.49s
2026-09-16 09:17:28 | INFO    | TRAIN | epoch=015/100 | batch=00300/01041 | total=7.41386e-02 | object=7.41386e-02 | physics=0.00000e+00 | elapsed=00:11:57 | eta=00:29:32 | data_wait=0.50s
2026-09-16 09:19:30 | INFO    | TRAIN | epoch=015/100 | batch=00350/01041 | total=6.76644e-02 | object=6.76644e-02 | physics=0.00000e+00 | elapsed=00:14:00 | eta=00:27:38 | data_wait=0.52s
2026-09-16 09:21:30 | INFO    | TRAIN | epoch=015/100 | batch=00400/01041 | total=6.65556e-02 | object=6.65556e-02 | physics=0.00000e+00 | elapsed=00:15:59 | eta=00:25:37 | data_wait=0.53s
2026-09-16 09:23:29 | INFO    | TRAIN | epoch=015/100 | batch=00450/01041 | total=6.51808e-02 | object=6.51808e-02 | physics=0.00000e+00 | elapsed=00:17:59 | eta=00:23:37 | data_wait=0.55s
2026-09-16 09:25:25 | INFO    | TRAIN | epoch=015/100 | batch=00500/01041 | total=6.74745e-02 | object=6.74745e-02 | physics=0.00000e+00 | elapsed=00:19:55 | eta=00:21:33 | data_wait=0.56s
2026-09-16 09:27:29 | INFO    | TRAIN | epoch=015/100 | batch=00550/01041 | total=6.54832e-02 | object=6.54832e-02 | physics=0.00000e+00 | elapsed=00:21:58 | eta=00:19:37 | data_wait=0.58s
2026-09-16 09:29:26 | INFO    | TRAIN | epoch=015/100 | batch=00600/01041 | total=6.10475e-02 | object=6.10475e-02 | physics=0.00000e+00 | elapsed=00:23:56 | eta=00:17:35 | data_wait=0.59s
2026-09-16 09:31:27 | INFO    | TRAIN | epoch=015/100 | batch=00650/01041 | total=6.06595e-02 | object=6.06595e-02 | physics=0.00000e+00 | elapsed=00:25:57 | eta=00:15:37 | data_wait=0.61s
2026-09-16 09:33:23 | INFO    | TRAIN | epoch=015/100 | batch=00700/01041 | total=7.17366e-02 | object=7.17366e-02 | physics=0.00000e+00 | elapsed=00:27:52 | eta=00:13:35 | data_wait=0.62s
2026-09-16 09:35:20 | INFO    | TRAIN | epoch=015/100 | batch=00750/01041 | total=6.33236e-02 | object=6.33236e-02 | physics=0.00000e+00 | elapsed=00:29:50 | eta=00:11:35 | data_wait=0.64s
2026-09-16 09:37:22 | INFO    | TRAIN | epoch=015/100 | batch=00800/01041 | total=6.37674e-02 | object=6.37674e-02 | physics=0.00000e+00 | elapsed=00:31:51 | eta=00:09:36 | data_wait=0.65s
2026-09-16 09:39:18 | INFO    | TRAIN | epoch=015/100 | batch=00850/01041 | total=6.69527e-02 | object=6.69527e-02 | physics=0.00000e+00 | elapsed=00:33:48 | eta=00:07:36 | data_wait=0.66s
2026-09-16 09:41:19 | INFO    | TRAIN | epoch=015/100 | batch=00900/01041 | total=6.42436e-02 | object=6.42436e-02 | physics=0.00000e+00 | elapsed=00:35:49 | eta=00:05:37 | data_wait=0.68s
2026-09-16 09:43:17 | INFO    | TRAIN | epoch=015/100 | batch=00950/01041 | total=6.30427e-02 | object=6.30427e-02 | physics=0.00000e+00 | elapsed=00:37:46 | eta=00:03:37 | data_wait=0.70s
2026-09-16 09:45:12 | INFO    | TRAIN | epoch=015/100 | batch=01000/01041 | total=6.64801e-02 | object=6.64801e-02 | physics=0.00000e+00 | elapsed=00:39:41 | eta=00:01:38 | data_wait=0.71s
2026-09-16 09:46:47 | INFO    | TRAIN | epoch=015/100 | batch=01041/01041 | total=6.56573e-02 | object=6.56573e-02 | physics=0.00000e+00 | elapsed=00:41:17 | eta=00:00:00 | data_wait=0.73s
2026-09-16 09:47:25 | INFO    | VAL | epoch=015/100 | batch=00050/00209 | total=7.51621e-02 | object=7.51621e-02 | physics=2.01627e-03 | elapsed=00:00:38 | eta=00:02:01 | data_wait=0.58s
2026-09-16 09:48:06 | INFO    | VAL | epoch=015/100 | batch=00100/00209 | total=7.64585e-02 | object=7.64585e-02 | physics=1.96300e-03 | elapsed=00:01:19 | eta=00:01:26 | data_wait=0.59s
2026-09-16 09:48:46 | INFO    | VAL | epoch=015/100 | batch=00150/00209 | total=7.78288e-02 | object=7.78288e-02 | physics=2.92034e-03 | elapsed=00:01:59 | eta=00:00:47 | data_wait=0.61s
2026-09-16 09:49:28 | INFO    | VAL | epoch=015/100 | batch=00200/00209 | total=6.84255e-02 | object=6.84255e-02 | physics=1.65593e-03 | elapsed=00:02:40 | eta=00:00:07 | data_wait=0.63s
2026-09-16 09:49:33 | INFO    | VAL | epoch=015/100 | batch=00209/00209 | total=6.29712e-02 | object=6.29712e-02 | physics=1.50928e-03 | elapsed=00:02:46 | eta=00:00:00 | data_wait=0.63s
2026-09-16 09:49:34 | INFO    | Epoch 015 complete | train=6.67907e-02 | val=7.32126e-02 | best=7.32126e-02 | real=3.89161e-02 | imag=3.42965e-02 | lr=1.892e-04 | epoch_time=00:44:04 | eta=2d 07:38:59 | finish=2026-09-18 17:28:33 CST
2026-09-16 09:51:30 | INFO    | TRAIN | epoch=016/100 | batch=00050/01041 | total=6.26322e-02 | object=6.26322e-02 | physics=0.00000e+00 | elapsed=00:01:56 | eta=00:38:15 | data_wait=0.47s
2026-09-16 09:53:26 | INFO    | TRAIN | epoch=016/100 | batch=00100/01041 | total=6.69407e-02 | object=6.69407e-02 | physics=0.00000e+00 | elapsed=00:03:52 | eta=00:36:19 | data_wait=0.49s
2026-09-16 09:55:23 | INFO    | TRAIN | epoch=016/100 | batch=00150/01041 | total=6.13222e-02 | object=6.13222e-02 | physics=0.00000e+00 | elapsed=00:05:49 | eta=00:34:30 | data_wait=0.51s
2026-09-16 09:57:21 | INFO    | TRAIN | epoch=016/100 | batch=00200/01041 | total=6.23928e-02 | object=6.23928e-02 | physics=0.00000e+00 | elapsed=00:07:47 | eta=00:32:44 | data_wait=0.52s
2026-09-16 09:59:22 | INFO    | TRAIN | epoch=016/100 | batch=00250/01041 | total=6.78159e-02 | object=6.78159e-02 | physics=0.00000e+00 | elapsed=00:09:48 | eta=00:30:59 | data_wait=0.54s
2026-09-16 10:01:18 | INFO    | TRAIN | epoch=016/100 | batch=00300/01041 | total=6.35594e-02 | object=6.35594e-02 | physics=0.00000e+00 | elapsed=00:11:43 | eta=00:28:58 | data_wait=0.55s
2026-09-16 10:03:17 | INFO    | TRAIN | epoch=016/100 | batch=00350/01041 | total=5.86337e-02 | object=5.86337e-02 | physics=0.00000e+00 | elapsed=00:13:43 | eta=00:27:05 | data_wait=0.57s
2026-09-16 10:05:10 | INFO    | TRAIN | epoch=016/100 | batch=00400/01041 | total=7.39107e-02 | object=7.39107e-02 | physics=0.00000e+00 | elapsed=00:15:36 | eta=00:25:00 | data_wait=0.58s
2026-09-16 10:07:08 | INFO    | TRAIN | epoch=016/100 | batch=00450/01041 | total=6.01089e-02 | object=6.01089e-02 | physics=0.00000e+00 | elapsed=00:17:33 | eta=00:23:03 | data_wait=0.60s
2026-09-16 10:09:09 | INFO    | TRAIN | epoch=016/100 | batch=00500/01041 | total=6.13309e-02 | object=6.13309e-02 | physics=0.00000e+00 | elapsed=00:19:35 | eta=00:21:11 | data_wait=0.62s
2026-09-16 10:11:04 | INFO    | TRAIN | epoch=016/100 | batch=00550/01041 | total=6.38821e-02 | object=6.38821e-02 | physics=0.00000e+00 | elapsed=00:21:30 | eta=00:19:12 | data_wait=0.63s
2026-09-16 10:13:04 | INFO    | TRAIN | epoch=016/100 | batch=00600/01041 | total=6.22147e-02 | object=6.22147e-02 | physics=0.00000e+00 | elapsed=00:23:30 | eta=00:17:16 | data_wait=0.65s
2026-09-16 10:15:08 | INFO    | TRAIN | epoch=016/100 | batch=00650/01041 | total=6.33982e-02 | object=6.33982e-02 | physics=0.00000e+00 | elapsed=00:25:34 | eta=00:15:23 | data_wait=0.67s
2026-09-16 10:17:11 | INFO    | TRAIN | epoch=016/100 | batch=00700/01041 | total=5.42718e-02 | object=5.42718e-02 | physics=0.00000e+00 | elapsed=00:27:36 | eta=00:13:27 | data_wait=0.69s
2026-09-16 10:19:11 | INFO    | TRAIN | epoch=016/100 | batch=00750/01041 | total=6.27713e-02 | object=6.27713e-02 | physics=0.00000e+00 | elapsed=00:29:36 | eta=00:11:29 | data_wait=0.70s
2026-09-16 10:21:10 | INFO    | TRAIN | epoch=016/100 | batch=00800/01041 | total=6.21006e-02 | object=6.21006e-02 | physics=0.00000e+00 | elapsed=00:31:36 | eta=00:09:31 | data_wait=0.72s
2026-09-16 10:23:05 | INFO    | TRAIN | epoch=016/100 | batch=00850/01041 | total=6.55726e-02 | object=6.55726e-02 | physics=0.00000e+00 | elapsed=00:33:31 | eta=00:07:32 | data_wait=0.73s
2026-09-16 10:25:01 | INFO    | TRAIN | epoch=016/100 | batch=00900/01041 | total=6.47491e-02 | object=6.47491e-02 | physics=0.00000e+00 | elapsed=00:35:27 | eta=00:05:33 | data_wait=0.75s
2026-09-16 10:27:00 | INFO    | TRAIN | epoch=016/100 | batch=00950/01041 | total=6.21622e-02 | object=6.21622e-02 | physics=0.00000e+00 | elapsed=00:37:26 | eta=00:03:35 | data_wait=0.76s
2026-09-16 10:28:57 | INFO    | TRAIN | epoch=016/100 | batch=01000/01041 | total=6.32798e-02 | object=6.32798e-02 | physics=0.00000e+00 | elapsed=00:39:23 | eta=00:01:37 | data_wait=0.78s
2026-09-16 10:30:33 | INFO    | TRAIN | epoch=016/100 | batch=01041/01041 | total=6.19836e-02 | object=6.19836e-02 | physics=0.00000e+00 | elapsed=00:40:59 | eta=00:00:00 | data_wait=0.81s
2026-09-16 10:31:16 | INFO    | VAL | epoch=016/100 | batch=00050/00209 | total=7.60420e-02 | object=7.60420e-02 | physics=1.76147e-03 | elapsed=00:00:43 | eta=00:02:17 | data_wait=0.63s
2026-09-16 10:31:58 | INFO    | VAL | epoch=016/100 | batch=00100/00209 | total=7.93193e-02 | object=7.93193e-02 | physics=1.75147e-03 | elapsed=00:01:25 | eta=00:01:33 | data_wait=0.65s
2026-09-16 10:32:38 | INFO    | VAL | epoch=016/100 | batch=00150/00209 | total=8.06375e-02 | object=8.06375e-02 | physics=2.55566e-03 | elapsed=00:02:04 | eta=00:00:49 | data_wait=0.67s
2026-09-16 10:33:14 | INFO    | VAL | epoch=016/100 | batch=00200/00209 | total=7.31919e-02 | object=7.31919e-02 | physics=1.55949e-03 | elapsed=00:02:41 | eta=00:00:07 | data_wait=0.69s
2026-09-16 10:33:21 | INFO    | VAL | epoch=016/100 | batch=00209/00209 | total=7.54365e-02 | object=7.54365e-02 | physics=1.53135e-03 | elapsed=00:02:48 | eta=00:00:00 | data_wait=0.69s
2026-09-16 10:33:22 | INFO    | Epoch 016 complete | train=6.43709e-02 | val=7.36303e-02 | best=7.32126e-02 | real=3.92689e-02 | imag=3.43614e-02 | lr=1.877e-04 | epoch_time=00:43:47 | eta=2d 07:23:21 | finish=2026-09-18 17:56:43 CST
2026-09-16 10:35:20 | INFO    | TRAIN | epoch=017/100 | batch=00050/01041 | total=6.31243e-02 | object=6.31243e-02 | physics=0.00000e+00 | elapsed=00:01:58 | eta=00:39:02 | data_wait=0.45s
2026-09-16 10:37:17 | INFO    | TRAIN | epoch=017/100 | batch=00100/01041 | total=5.87990e-02 | object=5.87990e-02 | physics=0.00000e+00 | elapsed=00:03:56 | eta=00:36:57 | data_wait=0.47s
2026-09-16 10:39:11 | INFO    | TRAIN | epoch=017/100 | batch=00150/01041 | total=6.22596e-02 | object=6.22596e-02 | physics=0.00000e+00 | elapsed=00:05:50 | eta=00:34:36 | data_wait=0.49s
2026-09-16 10:41:12 | INFO    | TRAIN | epoch=017/100 | batch=00200/01041 | total=5.91637e-02 | object=5.91637e-02 | physics=0.00000e+00 | elapsed=00:07:51 | eta=00:33:00 | data_wait=0.50s
2026-09-16 10:43:14 | INFO    | TRAIN | epoch=017/100 | batch=00250/01041 | total=5.56132e-02 | object=5.56132e-02 | physics=0.00000e+00 | elapsed=00:09:52 | eta=00:31:14 | data_wait=0.52s
2026-09-16 10:45:15 | INFO    | TRAIN | epoch=017/100 | batch=00300/01041 | total=6.49391e-02 | object=6.49391e-02 | physics=0.00000e+00 | elapsed=00:11:54 | eta=00:29:23 | data_wait=0.53s
2026-09-16 10:47:18 | INFO    | TRAIN | epoch=017/100 | batch=00350/01041 | total=6.64736e-02 | object=6.64736e-02 | physics=0.00000e+00 | elapsed=00:13:56 | eta=00:27:31 | data_wait=0.55s
2026-09-16 10:49:21 | INFO    | TRAIN | epoch=017/100 | batch=00400/01041 | total=7.09853e-02 | object=7.09853e-02 | physics=0.00000e+00 | elapsed=00:15:59 | eta=00:25:37 | data_wait=0.57s
2026-09-16 10:51:23 | INFO    | TRAIN | epoch=017/100 | batch=00450/01041 | total=6.54598e-02 | object=6.54598e-02 | physics=0.00000e+00 | elapsed=00:18:02 | eta=00:23:41 | data_wait=0.58s
2026-09-16 10:53:25 | INFO    | TRAIN | epoch=017/100 | batch=00500/01041 | total=6.29591e-02 | object=6.29591e-02 | physics=0.00000e+00 | elapsed=00:20:04 | eta=00:21:42 | data_wait=0.60s
2026-09-16 10:55:27 | INFO    | TRAIN | epoch=017/100 | batch=00550/01041 | total=6.55601e-02 | object=6.55601e-02 | physics=0.00000e+00 | elapsed=00:22:05 | eta=00:19:43 | data_wait=0.62s
2026-09-16 10:57:27 | INFO    | TRAIN | epoch=017/100 | batch=00600/01041 | total=6.18213e-02 | object=6.18213e-02 | physics=0.00000e+00 | elapsed=00:24:06 | eta=00:17:43 | data_wait=0.63s
2026-09-16 10:59:28 | INFO    | TRAIN | epoch=017/100 | batch=00650/01041 | total=6.09004e-02 | object=6.09004e-02 | physics=0.00000e+00 | elapsed=00:26:06 | eta=00:15:42 | data_wait=0.65s
2026-09-16 11:01:25 | INFO    | TRAIN | epoch=017/100 | batch=00700/01041 | total=6.35509e-02 | object=6.35509e-02 | physics=0.00000e+00 | elapsed=00:28:04 | eta=00:13:40 | data_wait=0.67s
2026-09-16 11:03:25 | INFO    | TRAIN | epoch=017/100 | batch=00750/01041 | total=5.97707e-02 | object=5.97707e-02 | physics=0.00000e+00 | elapsed=00:30:04 | eta=00:11:40 | data_wait=0.68s
2026-09-16 11:05:27 | INFO    | TRAIN | epoch=017/100 | batch=00800/01041 | total=6.49550e-02 | object=6.49550e-02 | physics=0.00000e+00 | elapsed=00:32:06 | eta=00:09:40 | data_wait=0.70s
2026-09-16 11:07:26 | INFO    | TRAIN | epoch=017/100 | batch=00850/01041 | total=6.37229e-02 | object=6.37229e-02 | physics=0.00000e+00 | elapsed=00:34:04 | eta=00:07:39 | data_wait=0.71s
2026-09-16 11:09:24 | INFO    | TRAIN | epoch=017/100 | batch=00900/01041 | total=5.50185e-02 | object=5.50185e-02 | physics=0.00000e+00 | elapsed=00:36:02 | eta=00:05:39 | data_wait=0.73s
2026-09-16 11:11:24 | INFO    | TRAIN | epoch=017/100 | batch=00950/01041 | total=5.90184e-02 | object=5.90184e-02 | physics=0.00000e+00 | elapsed=00:38:02 | eta=00:03:39 | data_wait=0.74s
2026-09-16 11:13:25 | INFO    | TRAIN | epoch=017/100 | batch=01000/01041 | total=6.13791e-02 | object=6.13791e-02 | physics=0.00000e+00 | elapsed=00:40:04 | eta=00:01:39 | data_wait=0.76s
2026-09-16 11:15:01 | INFO    | TRAIN | epoch=017/100 | batch=01041/01041 | total=6.66272e-02 | object=6.66272e-02 | physics=0.00000e+00 | elapsed=00:41:39 | eta=00:00:00 | data_wait=0.79s
2026-09-16 11:15:45 | INFO    | VAL | epoch=017/100 | batch=00050/00209 | total=6.75737e-02 | object=6.75737e-02 | physics=1.72099e-03 | elapsed=00:00:44 | eta=00:02:20 | data_wait=0.55s
2026-09-16 11:16:26 | INFO    | VAL | epoch=017/100 | batch=00100/00209 | total=7.75286e-02 | object=7.75286e-02 | physics=1.70626e-03 | elapsed=00:01:25 | eta=00:01:33 | data_wait=0.56s
2026-09-16 11:17:02 | INFO    | VAL | epoch=017/100 | batch=00150/00209 | total=7.52707e-02 | object=7.52707e-02 | physics=2.30504e-03 | elapsed=00:02:02 | eta=00:00:48 | data_wait=0.59s
2026-09-16 11:17:40 | INFO    | VAL | epoch=017/100 | batch=00200/00209 | total=6.88096e-02 | object=6.88096e-02 | physics=1.55219e-03 | elapsed=00:02:39 | eta=00:00:07 | data_wait=0.60s
2026-09-16 11:17:47 | INFO    | VAL | epoch=017/100 | batch=00209/00209 | total=7.23885e-02 | object=7.23885e-02 | physics=1.51741e-03 | elapsed=00:02:46 | eta=00:00:00 | data_wait=0.61s
2026-09-16 11:17:47 | INFO    | Epoch 017 complete | train=6.21447e-02 | val=7.01288e-02 | best=7.01288e-02 | real=3.72369e-02 | imag=3.28919e-02 | lr=1.861e-04 | epoch_time=00:44:26 | eta=2d 07:07:33 | finish=2026-09-18 18:25:20 CST
2026-09-16 11:19:46 | INFO    | TRAIN | epoch=018/100 | batch=00050/01041 | total=6.40320e-02 | object=6.40320e-02 | physics=0.00000e+00 | elapsed=00:01:59 | eta=00:39:09 | data_wait=0.44s
2026-09-16 11:21:47 | INFO    | TRAIN | epoch=018/100 | batch=00100/01041 | total=5.85389e-02 | object=5.85389e-02 | physics=0.00000e+00 | elapsed=00:04:00 | eta=00:37:35 | data_wait=0.46s
2026-09-16 11:23:44 | INFO    | TRAIN | epoch=018/100 | batch=00150/01041 | total=6.14170e-02 | object=6.14170e-02 | physics=0.00000e+00 | elapsed=00:05:57 | eta=00:35:21 | data_wait=0.48s
2026-09-16 11:25:37 | INFO    | TRAIN | epoch=018/100 | batch=00200/01041 | total=6.18959e-02 | object=6.18959e-02 | physics=0.00000e+00 | elapsed=00:07:50 | eta=00:32:55 | data_wait=0.49s
2026-09-16 11:27:37 | INFO    | TRAIN | epoch=018/100 | batch=00250/01041 | total=5.62142e-02 | object=5.62142e-02 | physics=0.00000e+00 | elapsed=00:09:49 | eta=00:31:05 | data_wait=0.51s
2026-09-16 11:29:33 | INFO    | TRAIN | epoch=018/100 | batch=00300/01041 | total=6.43466e-02 | object=6.43466e-02 | physics=0.00000e+00 | elapsed=00:11:46 | eta=00:29:03 | data_wait=0.52s
2026-09-16 11:31:28 | INFO    | TRAIN | epoch=018/100 | batch=00350/01041 | total=5.27766e-02 | object=5.27766e-02 | physics=0.00000e+00 | elapsed=00:13:41 | eta=00:27:00 | data_wait=0.54s
2026-09-16 11:33:24 | INFO    | TRAIN | epoch=018/100 | batch=00400/01041 | total=6.57155e-02 | object=6.57155e-02 | physics=0.00000e+00 | elapsed=00:15:37 | eta=00:25:01 | data_wait=0.56s
2026-09-16 11:35:21 | INFO    | TRAIN | epoch=018/100 | batch=00450/01041 | total=5.84392e-02 | object=5.84392e-02 | physics=0.00000e+00 | elapsed=00:17:33 | eta=00:23:03 | data_wait=0.57s
2026-09-16 11:37:15 | INFO    | TRAIN | epoch=018/100 | batch=00500/01041 | total=6.45520e-02 | object=6.45520e-02 | physics=0.00000e+00 | elapsed=00:19:28 | eta=00:21:04 | data_wait=0.58s
2026-09-16 11:39:12 | INFO    | TRAIN | epoch=018/100 | batch=00550/01041 | total=5.93145e-02 | object=5.93145e-02 | physics=0.00000e+00 | elapsed=00:21:25 | eta=00:19:07 | data_wait=0.60s
2026-09-16 11:41:11 | INFO    | TRAIN | epoch=018/100 | batch=00600/01041 | total=5.74450e-02 | object=5.74450e-02 | physics=0.00000e+00 | elapsed=00:23:24 | eta=00:17:12 | data_wait=0.62s
2026-09-16 11:43:09 | INFO    | TRAIN | epoch=018/100 | batch=00650/01041 | total=6.08391e-02 | object=6.08391e-02 | physics=0.00000e+00 | elapsed=00:25:21 | eta=00:15:15 | data_wait=0.63s
2026-09-16 11:45:07 | INFO    | TRAIN | epoch=018/100 | batch=00700/01041 | total=5.77964e-02 | object=5.77964e-02 | physics=0.00000e+00 | elapsed=00:27:20 | eta=00:13:19 | data_wait=0.65s
2026-09-16 11:47:12 | INFO    | TRAIN | epoch=018/100 | batch=00750/01041 | total=6.05057e-02 | object=6.05057e-02 | physics=0.00000e+00 | elapsed=00:29:24 | eta=00:11:25 | data_wait=0.67s
2026-09-16 11:49:13 | INFO    | TRAIN | epoch=018/100 | batch=00800/01041 | total=5.84348e-02 | object=5.84348e-02 | physics=0.00000e+00 | elapsed=00:31:26 | eta=00:09:28 | data_wait=0.68s
2026-09-16 11:51:18 | INFO    | TRAIN | epoch=018/100 | batch=00850/01041 | total=5.91676e-02 | object=5.91676e-02 | physics=0.00000e+00 | elapsed=00:33:31 | eta=00:07:32 | data_wait=0.70s
2026-09-16 11:53:18 | INFO    | TRAIN | epoch=018/100 | batch=00900/01041 | total=6.31141e-02 | object=6.31141e-02 | physics=0.00000e+00 | elapsed=00:35:31 | eta=00:05:34 | data_wait=0.71s
2026-09-16 11:55:20 | INFO    | TRAIN | epoch=018/100 | batch=00950/01041 | total=5.39228e-02 | object=5.39228e-02 | physics=0.00000e+00 | elapsed=00:37:32 | eta=00:03:36 | data_wait=0.72s
2026-09-16 11:57:21 | INFO    | TRAIN | epoch=018/100 | batch=01000/01041 | total=5.70667e-02 | object=5.70667e-02 | physics=0.00000e+00 | elapsed=00:39:33 | eta=00:01:37 | data_wait=0.74s
2026-09-16 11:59:05 | INFO    | TRAIN | epoch=018/100 | batch=01041/01041 | total=5.96269e-02 | object=5.96269e-02 | physics=0.00000e+00 | elapsed=00:41:18 | eta=00:00:00 | data_wait=0.77s
2026-09-16 11:59:46 | INFO    | VAL | epoch=018/100 | batch=00050/00209 | total=6.88995e-02 | object=6.88995e-02 | physics=1.69307e-03 | elapsed=00:00:41 | eta=00:02:10 | data_wait=0.52s
2026-09-16 12:00:26 | INFO    | VAL | epoch=018/100 | batch=00100/00209 | total=7.68291e-02 | object=7.68291e-02 | physics=1.68601e-03 | elapsed=00:01:21 | eta=00:01:28 | data_wait=0.54s
2026-09-16 12:01:07 | INFO    | VAL | epoch=018/100 | batch=00150/00209 | total=7.48893e-02 | object=7.48893e-02 | physics=2.02161e-03 | elapsed=00:02:01 | eta=00:00:48 | data_wait=0.56s
2026-09-16 12:01:42 | INFO    | VAL | epoch=018/100 | batch=00200/00209 | total=6.91259e-02 | object=6.91259e-02 | physics=1.46432e-03 | elapsed=00:02:37 | eta=00:00:07 | data_wait=0.58s
2026-09-16 12:01:48 | INFO    | VAL | epoch=018/100 | batch=00209/00209 | total=6.67819e-02 | object=6.67819e-02 | physics=1.44733e-03 | elapsed=00:02:42 | eta=00:00:00 | data_wait=0.59s
2026-09-16 12:01:49 | INFO    | Epoch 018 complete | train=6.01977e-02 | val=7.07638e-02 | best=7.01288e-02 | real=3.74151e-02 | imag=3.33487e-02 | lr=1.845e-04 | epoch_time=00:44:01 | eta=2d 06:46:42 | finish=2026-09-18 18:48:30 CST
2026-09-16 12:03:47 | INFO    | TRAIN | epoch=019/100 | batch=00050/01041 | total=5.35831e-02 | object=5.35831e-02 | physics=0.00000e+00 | elapsed=00:01:59 | eta=00:39:11 | data_wait=0.31s
2026-09-16 12:05:49 | INFO    | TRAIN | epoch=019/100 | batch=00100/01041 | total=5.79846e-02 | object=5.79846e-02 | physics=0.00000e+00 | elapsed=00:04:01 | eta=00:37:46 | data_wait=0.33s
2026-09-16 12:07:53 | INFO    | TRAIN | epoch=019/100 | batch=00150/01041 | total=5.48123e-02 | object=5.48123e-02 | physics=0.00000e+00 | elapsed=00:06:04 | eta=00:36:02 | data_wait=0.35s
2026-09-16 12:09:53 | INFO    | TRAIN | epoch=019/100 | batch=00200/01041 | total=6.07849e-02 | object=6.07849e-02 | physics=0.00000e+00 | elapsed=00:08:04 | eta=00:33:55 | data_wait=0.36s
2026-09-16 12:11:55 | INFO    | TRAIN | epoch=019/100 | batch=00250/01041 | total=5.93940e-02 | object=5.93940e-02 | physics=0.00000e+00 | elapsed=00:10:07 | eta=00:31:59 | data_wait=0.38s
2026-09-16 12:13:58 | INFO    | TRAIN | epoch=019/100 | batch=00300/01041 | total=5.89101e-02 | object=5.89101e-02 | physics=0.00000e+00 | elapsed=00:12:10 | eta=00:30:03 | data_wait=0.39s
2026-09-16 12:16:04 | INFO    | TRAIN | epoch=019/100 | batch=00350/01041 | total=6.21369e-02 | object=6.21369e-02 | physics=0.00000e+00 | elapsed=00:14:16 | eta=00:28:09 | data_wait=0.41s
2026-09-16 12:18:07 | INFO    | TRAIN | epoch=019/100 | batch=00400/01041 | total=6.03017e-02 | object=6.03017e-02 | physics=0.00000e+00 | elapsed=00:16:19 | eta=00:26:08 | data_wait=0.42s
2026-09-16 12:20:12 | INFO    | TRAIN | epoch=019/100 | batch=00450/01041 | total=5.95129e-02 | object=5.95129e-02 | physics=0.00000e+00 | elapsed=00:18:23 | eta=00:24:09 | data_wait=0.43s
2026-09-16 12:22:17 | INFO    | TRAIN | epoch=019/100 | batch=00500/01041 | total=5.76008e-02 | object=5.76008e-02 | physics=0.00000e+00 | elapsed=00:20:28 | eta=00:22:09 | data_wait=0.45s
2026-09-16 12:24:23 | INFO    | TRAIN | epoch=019/100 | batch=00550/01041 | total=5.61912e-02 | object=5.61912e-02 | physics=0.00000e+00 | elapsed=00:22:34 | eta=00:20:09 | data_wait=0.47s
2026-09-16 12:26:20 | INFO    | TRAIN | epoch=019/100 | batch=00600/01041 | total=5.89394e-02 | object=5.89394e-02 | physics=0.00000e+00 | elapsed=00:24:31 | eta=00:18:01 | data_wait=0.48s
2026-09-16 12:28:23 | INFO    | TRAIN | epoch=019/100 | batch=00650/01041 | total=6.16354e-02 | object=6.16354e-02 | physics=0.00000e+00 | elapsed=00:26:35 | eta=00:15:59 | data_wait=0.49s
2026-09-16 12:30:28 | INFO    | TRAIN | epoch=019/100 | batch=00700/01041 | total=5.79860e-02 | object=5.79860e-02 | physics=0.00000e+00 | elapsed=00:28:39 | eta=00:13:57 | data_wait=0.51s
2026-09-16 12:32:31 | INFO    | TRAIN | epoch=019/100 | batch=00750/01041 | total=6.40763e-02 | object=6.40763e-02 | physics=0.00000e+00 | elapsed=00:30:43 | eta=00:11:55 | data_wait=0.52s
2026-09-16 12:34:36 | INFO    | TRAIN | epoch=019/100 | batch=00800/01041 | total=5.89496e-02 | object=5.89496e-02 | physics=0.00000e+00 | elapsed=00:32:47 | eta=00:09:53 | data_wait=0.54s
2026-09-16 12:36:40 | INFO    | TRAIN | epoch=019/100 | batch=00850/01041 | total=6.30021e-02 | object=6.30021e-02 | physics=0.00000e+00 | elapsed=00:34:52 | eta=00:07:50 | data_wait=0.56s
2026-09-16 12:38:47 | INFO    | TRAIN | epoch=019/100 | batch=00900/01041 | total=5.79470e-02 | object=5.79470e-02 | physics=0.00000e+00 | elapsed=00:36:59 | eta=00:05:48 | data_wait=0.57s
2026-09-16 12:40:56 | INFO    | TRAIN | epoch=019/100 | batch=00950/01041 | total=5.86821e-02 | object=5.86821e-02 | physics=0.00000e+00 | elapsed=00:39:07 | eta=00:03:45 | data_wait=0.59s
2026-09-16 12:43:07 | INFO    | TRAIN | epoch=019/100 | batch=01000/01041 | total=6.03216e-02 | object=6.03216e-02 | physics=0.00000e+00 | elapsed=00:41:18 | eta=00:01:42 | data_wait=0.60s
2026-09-16 12:44:50 | INFO    | TRAIN | epoch=019/100 | batch=01041/01041 | total=5.94279e-02 | object=5.94279e-02 | physics=0.00000e+00 | elapsed=00:43:01 | eta=00:00:00 | data_wait=0.62s
2026-09-16 12:45:29 | INFO    | VAL | epoch=019/100 | batch=00050/00209 | total=6.34403e-02 | object=6.34403e-02 | physics=1.66978e-03 | elapsed=00:00:39 | eta=00:02:05 | data_wait=0.53s
2026-09-16 12:46:10 | INFO    | VAL | epoch=019/100 | batch=00100/00209 | total=6.48469e-02 | object=6.48469e-02 | physics=1.59640e-03 | elapsed=00:01:21 | eta=00:01:28 | data_wait=0.54s
2026-09-16 12:46:53 | INFO    | VAL | epoch=019/100 | batch=00150/00209 | total=7.66125e-02 | object=7.66125e-02 | physics=2.12560e-03 | elapsed=00:02:03 | eta=00:00:48 | data_wait=0.56s
2026-09-16 12:47:32 | INFO    | VAL | epoch=019/100 | batch=00200/00209 | total=6.49657e-02 | object=6.49657e-02 | physics=1.49901e-03 | elapsed=00:02:42 | eta=00:00:07 | data_wait=0.59s
2026-09-16 12:47:38 | INFO    | VAL | epoch=019/100 | batch=00209/00209 | total=6.28992e-02 | object=6.28992e-02 | physics=1.43620e-03 | elapsed=00:02:48 | eta=00:00:00 | data_wait=0.59s
2026-09-16 12:47:39 | INFO    | Epoch 019 complete | train=5.85583e-02 | val=6.58295e-02 | best=6.58295e-02 | real=3.45026e-02 | imag=3.13269e-02 | lr=1.828e-04 | epoch_time=00:45:51 | eta=2d 06:31:11 | finish=2026-09-18 19:18:50 CST
2026-09-16 12:49:46 | INFO    | TRAIN | epoch=020/100 | batch=00050/01041 | total=5.78200e-02 | object=5.78200e-02 | physics=0.00000e+00 | elapsed=00:02:07 | eta=00:41:53 | data_wait=0.59s
2026-09-16 12:51:47 | INFO    | TRAIN | epoch=020/100 | batch=00100/01041 | total=5.60404e-02 | object=5.60404e-02 | physics=0.00000e+00 | elapsed=00:04:08 | eta=00:38:53 | data_wait=0.61s
2026-09-16 12:53:47 | INFO    | TRAIN | epoch=020/100 | batch=00150/01041 | total=5.57920e-02 | object=5.57920e-02 | physics=0.00000e+00 | elapsed=00:06:08 | eta=00:36:26 | data_wait=0.62s
2026-09-16 12:55:50 | INFO    | TRAIN | epoch=020/100 | batch=00200/01041 | total=5.50749e-02 | object=5.50749e-02 | physics=0.00000e+00 | elapsed=00:08:11 | eta=00:34:24 | data_wait=0.64s
2026-09-16 12:57:54 | INFO    | TRAIN | epoch=020/100 | batch=00250/01041 | total=5.49966e-02 | object=5.49966e-02 | physics=0.00000e+00 | elapsed=00:10:15 | eta=00:32:26 | data_wait=0.65s
2026-09-16 12:59:57 | INFO    | TRAIN | epoch=020/100 | batch=00300/01041 | total=5.50362e-02 | object=5.50362e-02 | physics=0.00000e+00 | elapsed=00:12:18 | eta=00:30:23 | data_wait=0.67s
2026-09-16 13:02:01 | INFO    | TRAIN | epoch=020/100 | batch=00350/01041 | total=5.55294e-02 | object=5.55294e-02 | physics=0.00000e+00 | elapsed=00:14:22 | eta=00:28:21 | data_wait=0.69s
2026-09-16 13:04:02 | INFO    | TRAIN | epoch=020/100 | batch=00400/01041 | total=5.60635e-02 | object=5.60635e-02 | physics=0.00000e+00 | elapsed=00:16:22 | eta=00:26:14 | data_wait=0.70s
2026-09-16 13:06:04 | INFO    | TRAIN | epoch=020/100 | batch=00450/01041 | total=5.93875e-02 | object=5.93875e-02 | physics=0.00000e+00 | elapsed=00:18:24 | eta=00:24:11 | data_wait=0.72s
2026-09-16 13:08:03 | INFO    | TRAIN | epoch=020/100 | batch=00500/01041 | total=6.70821e-02 | object=6.70821e-02 | physics=0.00000e+00 | elapsed=00:20:24 | eta=00:22:05 | data_wait=0.74s
2026-09-16 13:10:04 | INFO    | TRAIN | epoch=020/100 | batch=00550/01041 | total=5.88442e-02 | object=5.88442e-02 | physics=0.00000e+00 | elapsed=00:22:24 | eta=00:20:00 | data_wait=0.75s
2026-09-16 13:12:02 | INFO    | TRAIN | epoch=020/100 | batch=00600/01041 | total=6.01230e-02 | object=6.01230e-02 | physics=0.00000e+00 | elapsed=00:24:23 | eta=00:17:55 | data_wait=0.77s
2026-09-16 13:14:00 | INFO    | TRAIN | epoch=020/100 | batch=00650/01041 | total=5.92817e-02 | object=5.92817e-02 | physics=0.00000e+00 | elapsed=00:26:20 | eta=00:15:51 | data_wait=0.78s
2026-09-16 13:16:00 | INFO    | TRAIN | epoch=020/100 | batch=00700/01041 | total=5.72913e-02 | object=5.72913e-02 | physics=0.00000e+00 | elapsed=00:28:20 | eta=00:13:48 | data_wait=0.80s
2026-09-16 13:18:01 | INFO    | TRAIN | epoch=020/100 | batch=00750/01041 | total=5.52143e-02 | object=5.52143e-02 | physics=0.00000e+00 | elapsed=00:30:22 | eta=00:11:47 | data_wait=0.82s
2026-09-16 13:20:02 | INFO    | TRAIN | epoch=020/100 | batch=00800/01041 | total=5.44855e-02 | object=5.44855e-02 | physics=0.00000e+00 | elapsed=00:32:23 | eta=00:09:45 | data_wait=0.83s
2026-09-16 13:22:04 | INFO    | TRAIN | epoch=020/100 | batch=00850/01041 | total=5.94630e-02 | object=5.94630e-02 | physics=0.00000e+00 | elapsed=00:34:25 | eta=00:07:44 | data_wait=0.85s
2026-09-16 13:24:06 | INFO    | TRAIN | epoch=020/100 | batch=00900/01041 | total=6.15024e-02 | object=6.15024e-02 | physics=0.00000e+00 | elapsed=00:36:27 | eta=00:05:43 | data_wait=0.86s
2026-09-16 13:26:10 | INFO    | TRAIN | epoch=020/100 | batch=00950/01041 | total=5.74364e-02 | object=5.74364e-02 | physics=0.00000e+00 | elapsed=00:38:31 | eta=00:03:41 | data_wait=0.88s
2026-09-16 13:28:06 | INFO    | TRAIN | epoch=020/100 | batch=01000/01041 | total=5.63653e-02 | object=5.63653e-02 | physics=0.00000e+00 | elapsed=00:40:27 | eta=00:01:40 | data_wait=0.89s
2026-09-16 13:29:49 | INFO    | TRAIN | epoch=020/100 | batch=01041/01041 | total=5.50413e-02 | object=5.50413e-02 | physics=0.00000e+00 | elapsed=00:42:09 | eta=00:00:00 | data_wait=0.91s
2026-09-16 13:30:28 | INFO    | VAL | epoch=020/100 | batch=00050/00209 | total=6.64051e-02 | object=6.64051e-02 | physics=1.59777e-03 | elapsed=00:00:39 | eta=00:02:04 | data_wait=0.43s
2026-09-16 13:31:08 | INFO    | VAL | epoch=020/100 | batch=00100/00209 | total=6.74456e-02 | object=6.74456e-02 | physics=1.52649e-03 | elapsed=00:01:19 | eta=00:01:26 | data_wait=0.45s
2026-09-16 13:31:49 | INFO    | VAL | epoch=020/100 | batch=00150/00209 | total=7.65422e-02 | object=7.65422e-02 | physics=1.99067e-03 | elapsed=00:02:00 | eta=00:00:47 | data_wait=0.47s
2026-09-16 13:32:30 | INFO    | VAL | epoch=020/100 | batch=00200/00209 | total=6.59619e-02 | object=6.59619e-02 | physics=1.41686e-03 | elapsed=00:02:42 | eta=00:00:07 | data_wait=0.49s
2026-09-16 13:32:36 | INFO    | VAL | epoch=020/100 | batch=00209/00209 | total=6.62689e-02 | object=6.62689e-02 | physics=1.39673e-03 | elapsed=00:02:47 | eta=00:00:00 | data_wait=0.49s
2026-09-16 13:32:37 | INFO    | Epoch 020 complete | train=5.69966e-02 | val=6.75446e-02 | best=6.58295e-02 | real=3.58790e-02 | imag=3.16656e-02 | lr=1.810e-04 | epoch_time=00:44:58 | eta=2d 06:09:06 | finish=2026-09-18 19:41:42 CST
2026-09-16 13:34:44 | INFO    | TRAIN | epoch=021/100 | batch=00050/01041 | total=5.67231e-02 | object=5.67231e-02 | physics=0.00000e+00 | elapsed=00:02:07 | eta=00:41:57 | data_wait=0.54s
2026-09-16 13:36:49 | INFO    | TRAIN | epoch=021/100 | batch=00100/01041 | total=5.57324e-02 | object=5.57324e-02 | physics=0.00000e+00 | elapsed=00:04:12 | eta=00:39:31 | data_wait=0.55s
2026-09-16 13:38:53 | INFO    | TRAIN | epoch=021/100 | batch=00150/01041 | total=5.42796e-02 | object=5.42796e-02 | physics=0.00000e+00 | elapsed=00:06:16 | eta=00:37:14 | data_wait=0.56s
2026-09-16 13:40:57 | INFO    | TRAIN | epoch=021/100 | batch=00200/01041 | total=5.32452e-02 | object=5.32452e-02 | physics=0.00000e+00 | elapsed=00:08:20 | eta=00:35:02 | data_wait=0.58s
2026-09-16 13:43:06 | INFO    | TRAIN | epoch=021/100 | batch=00250/01041 | total=5.73544e-02 | object=5.73544e-02 | physics=0.00000e+00 | elapsed=00:10:29 | eta=00:33:11 | data_wait=0.60s
2026-09-16 13:45:12 | INFO    | TRAIN | epoch=021/100 | batch=00300/01041 | total=5.45685e-02 | object=5.45685e-02 | physics=0.00000e+00 | elapsed=00:12:35 | eta=00:31:05 | data_wait=0.62s
2026-09-16 13:47:12 | INFO    | TRAIN | epoch=021/100 | batch=00350/01041 | total=5.61529e-02 | object=5.61529e-02 | physics=0.00000e+00 | elapsed=00:14:36 | eta=00:28:49 | data_wait=0.63s
2026-09-16 13:49:18 | INFO    | TRAIN | epoch=021/100 | batch=00400/01041 | total=5.45091e-02 | object=5.45091e-02 | physics=0.00000e+00 | elapsed=00:16:41 | eta=00:26:44 | data_wait=0.65s
2026-09-16 13:51:26 | INFO    | TRAIN | epoch=021/100 | batch=00450/01041 | total=5.54968e-02 | object=5.54968e-02 | physics=0.00000e+00 | elapsed=00:18:50 | eta=00:24:44 | data_wait=0.66s
2026-09-16 13:53:28 | INFO    | TRAIN | epoch=021/100 | batch=00500/01041 | total=5.37216e-02 | object=5.37216e-02 | physics=0.00000e+00 | elapsed=00:20:52 | eta=00:22:34 | data_wait=0.68s
2026-09-16 13:55:35 | INFO    | TRAIN | epoch=021/100 | batch=00550/01041 | total=5.02690e-02 | object=5.02690e-02 | physics=0.00000e+00 | elapsed=00:22:58 | eta=00:20:30 | data_wait=0.70s
2026-09-16 13:57:38 | INFO    | TRAIN | epoch=021/100 | batch=00600/01041 | total=5.87635e-02 | object=5.87635e-02 | physics=0.00000e+00 | elapsed=00:25:01 | eta=00:18:23 | data_wait=0.71s
2026-09-16 13:59:42 | INFO    | TRAIN | epoch=021/100 | batch=00650/01041 | total=5.43003e-02 | object=5.43003e-02 | physics=0.00000e+00 | elapsed=00:27:05 | eta=00:16:18 | data_wait=0.73s
2026-09-16 14:01:43 | INFO    | TRAIN | epoch=021/100 | batch=00700/01041 | total=5.48917e-02 | object=5.48917e-02 | physics=0.00000e+00 | elapsed=00:29:06 | eta=00:14:11 | data_wait=0.74s
2026-09-16 14:03:45 | INFO    | TRAIN | epoch=021/100 | batch=00750/01041 | total=5.42893e-02 | object=5.42893e-02 | physics=0.00000e+00 | elapsed=00:31:08 | eta=00:12:05 | data_wait=0.76s
2026-09-16 14:05:45 | INFO    | TRAIN | epoch=021/100 | batch=00800/01041 | total=5.64053e-02 | object=5.64053e-02 | physics=0.00000e+00 | elapsed=00:33:08 | eta=00:09:59 | data_wait=0.77s
2026-09-16 14:07:49 | INFO    | TRAIN | epoch=021/100 | batch=00850/01041 | total=5.79370e-02 | object=5.79370e-02 | physics=0.00000e+00 | elapsed=00:35:12 | eta=00:07:55 | data_wait=0.79s
2026-09-16 14:09:50 | INFO    | TRAIN | epoch=021/100 | batch=00900/01041 | total=5.55829e-02 | object=5.55829e-02 | physics=0.00000e+00 | elapsed=00:37:14 | eta=00:05:50 | data_wait=0.80s
2026-09-16 14:11:50 | INFO    | TRAIN | epoch=021/100 | batch=00950/01041 | total=5.49585e-02 | object=5.49585e-02 | physics=0.00000e+00 | elapsed=00:39:13 | eta=00:03:45 | data_wait=0.82s
2026-09-16 14:13:54 | INFO    | TRAIN | epoch=021/100 | batch=01000/01041 | total=5.62528e-02 | object=5.62528e-02 | physics=0.00000e+00 | elapsed=00:41:17 | eta=00:01:42 | data_wait=0.83s
2026-09-16 14:15:30 | INFO    | TRAIN | epoch=021/100 | batch=01041/01041 | total=5.34953e-02 | object=5.34953e-02 | physics=0.00000e+00 | elapsed=00:42:53 | eta=00:00:00 | data_wait=0.85s
2026-09-16 14:16:10 | INFO    | VAL | epoch=021/100 | batch=00050/00209 | total=6.23687e-02 | object=6.23687e-02 | physics=1.51354e-03 | elapsed=00:00:40 | eta=00:02:08 | data_wait=0.56s
2026-09-16 14:16:52 | INFO    | VAL | epoch=021/100 | batch=00100/00209 | total=6.39885e-02 | object=6.39885e-02 | physics=1.46165e-03 | elapsed=00:01:22 | eta=00:01:29 | data_wait=0.57s
2026-09-16 14:17:34 | INFO    | VAL | epoch=021/100 | batch=00150/00209 | total=7.44993e-02 | object=7.44993e-02 | physics=1.90102e-03 | elapsed=00:02:04 | eta=00:00:49 | data_wait=0.59s
2026-09-16 14:18:08 | INFO    | VAL | epoch=021/100 | batch=00200/00209 | total=6.64970e-02 | object=6.64970e-02 | physics=1.37643e-03 | elapsed=00:02:38 | eta=00:00:07 | data_wait=0.61s
2026-09-16 14:18:14 | INFO    | VAL | epoch=021/100 | batch=00209/00209 | total=6.07159e-02 | object=6.07159e-02 | physics=1.30503e-03 | elapsed=00:02:45 | eta=00:00:00 | data_wait=0.62s
2026-09-16 14:18:15 | INFO    | Epoch 021 complete | train=5.55026e-02 | val=6.58424e-02 | best=6.58295e-02 | real=3.46728e-02 | imag=3.11696e-02 | lr=1.791e-04 | epoch_time=00:45:38 | eta=2d 05:47:23 | finish=2026-09-18 20:05:38 CST
2026-09-16 14:20:18 | INFO    | TRAIN | epoch=022/100 | batch=00050/01041 | total=5.29382e-02 | object=5.29382e-02 | physics=0.00000e+00 | elapsed=00:02:03 | eta=00:40:36 | data_wait=0.46s
2026-09-16 14:22:25 | INFO    | TRAIN | epoch=022/100 | batch=00100/01041 | total=5.74904e-02 | object=5.74904e-02 | physics=0.00000e+00 | elapsed=00:04:10 | eta=00:39:10 | data_wait=0.47s
2026-09-16 14:24:22 | INFO    | TRAIN | epoch=022/100 | batch=00150/01041 | total=6.13762e-02 | object=6.13762e-02 | physics=0.00000e+00 | elapsed=00:06:07 | eta=00:36:22 | data_wait=0.49s
2026-09-16 14:26:23 | INFO    | TRAIN | epoch=022/100 | batch=00200/01041 | total=5.27314e-02 | object=5.27314e-02 | physics=0.00000e+00 | elapsed=00:08:07 | eta=00:34:10 | data_wait=0.50s
2026-09-16 14:28:26 | INFO    | TRAIN | epoch=022/100 | batch=00250/01041 | total=5.29510e-02 | object=5.29510e-02 | physics=0.00000e+00 | elapsed=00:10:11 | eta=00:32:12 | data_wait=0.52s
2026-09-16 14:30:26 | INFO    | TRAIN | epoch=022/100 | batch=00300/01041 | total=5.11904e-02 | object=5.11904e-02 | physics=0.00000e+00 | elapsed=00:12:11 | eta=00:30:06 | data_wait=0.54s
2026-09-16 14:32:24 | INFO    | TRAIN | epoch=022/100 | batch=00350/01041 | total=5.55420e-02 | object=5.55420e-02 | physics=0.00000e+00 | elapsed=00:14:09 | eta=00:27:56 | data_wait=0.56s
2026-09-16 14:34:26 | INFO    | TRAIN | epoch=022/100 | batch=00400/01041 | total=5.45177e-02 | object=5.45177e-02 | physics=0.00000e+00 | elapsed=00:16:10 | eta=00:25:55 | data_wait=0.57s
2026-09-16 14:36:31 | INFO    | TRAIN | epoch=022/100 | batch=00450/01041 | total=5.28266e-02 | object=5.28266e-02 | physics=0.00000e+00 | elapsed=00:18:16 | eta=00:24:00 | data_wait=0.59s
2026-09-16 14:38:34 | INFO    | TRAIN | epoch=022/100 | batch=00500/01041 | total=5.75118e-02 | object=5.75118e-02 | physics=0.00000e+00 | elapsed=00:20:19 | eta=00:21:59 | data_wait=0.60s
2026-09-16 14:40:34 | INFO    | TRAIN | epoch=022/100 | batch=00550/01041 | total=5.10904e-02 | object=5.10904e-02 | physics=0.00000e+00 | elapsed=00:22:19 | eta=00:19:55 | data_wait=0.62s
2026-09-16 14:42:32 | INFO    | TRAIN | epoch=022/100 | batch=00600/01041 | total=5.11955e-02 | object=5.11955e-02 | physics=0.00000e+00 | elapsed=00:24:17 | eta=00:17:51 | data_wait=0.63s
2026-09-16 14:44:37 | INFO    | TRAIN | epoch=022/100 | batch=00650/01041 | total=5.16265e-02 | object=5.16265e-02 | physics=0.00000e+00 | elapsed=00:26:21 | eta=00:15:51 | data_wait=0.65s
2026-09-16 14:46:42 | INFO    | TRAIN | epoch=022/100 | batch=00700/01041 | total=6.03086e-02 | object=6.03086e-02 | physics=0.00000e+00 | elapsed=00:28:27 | eta=00:13:52 | data_wait=0.67s
2026-09-16 14:48:47 | INFO    | TRAIN | epoch=022/100 | batch=00750/01041 | total=5.42979e-02 | object=5.42979e-02 | physics=0.00000e+00 | elapsed=00:30:32 | eta=00:11:51 | data_wait=0.68s
2026-09-16 14:50:43 | INFO    | TRAIN | epoch=022/100 | batch=00800/01041 | total=5.85676e-02 | object=5.85676e-02 | physics=0.00000e+00 | elapsed=00:32:28 | eta=00:09:47 | data_wait=0.70s
2026-09-16 14:52:47 | INFO    | TRAIN | epoch=022/100 | batch=00850/01041 | total=4.80821e-02 | object=4.80821e-02 | physics=0.00000e+00 | elapsed=00:34:32 | eta=00:07:45 | data_wait=0.71s
2026-09-16 14:54:48 | INFO    | TRAIN | epoch=022/100 | batch=00900/01041 | total=5.85161e-02 | object=5.85161e-02 | physics=0.00000e+00 | elapsed=00:36:33 | eta=00:05:44 | data_wait=0.72s
2026-09-16 14:56:53 | INFO    | TRAIN | epoch=022/100 | batch=00950/01041 | total=5.21679e-02 | object=5.21679e-02 | physics=0.00000e+00 | elapsed=00:38:38 | eta=00:03:42 | data_wait=0.74s
2026-09-16 14:58:59 | INFO    | TRAIN | epoch=022/100 | batch=01000/01041 | total=5.40180e-02 | object=5.40180e-02 | physics=0.00000e+00 | elapsed=00:40:44 | eta=00:01:40 | data_wait=0.75s
2026-09-16 15:00:33 | INFO    | TRAIN | epoch=022/100 | batch=01041/01041 | total=5.23988e-02 | object=5.23988e-02 | physics=0.00000e+00 | elapsed=00:42:18 | eta=00:00:00 | data_wait=0.77s
2026-09-16 15:01:14 | INFO    | VAL | epoch=022/100 | batch=00050/00209 | total=6.10185e-02 | object=6.10185e-02 | physics=1.50698e-03 | elapsed=00:00:41 | eta=00:02:09 | data_wait=0.39s
2026-09-16 15:01:52 | INFO    | VAL | epoch=022/100 | batch=00100/00209 | total=6.32614e-02 | object=6.32614e-02 | physics=1.45357e-03 | elapsed=00:01:19 | eta=00:01:26 | data_wait=0.41s
2026-09-16 15:02:34 | INFO    | VAL | epoch=022/100 | batch=00150/00209 | total=7.17068e-02 | object=7.17068e-02 | physics=1.88018e-03 | elapsed=00:02:01 | eta=00:00:48 | data_wait=0.43s
2026-09-16 15:03:13 | INFO    | VAL | epoch=022/100 | batch=00200/00209 | total=6.33134e-02 | object=6.33134e-02 | physics=1.36292e-03 | elapsed=00:02:40 | eta=00:00:07 | data_wait=0.45s
2026-09-16 15:03:19 | INFO    | VAL | epoch=022/100 | batch=00209/00209 | total=6.47063e-02 | object=6.47063e-02 | physics=1.34628e-03 | elapsed=00:02:46 | eta=00:00:00 | data_wait=0.46s
2026-09-16 15:03:20 | INFO    | Epoch 022 complete | train=5.41726e-02 | val=6.39200e-02 | best=6.39200e-02 | real=3.35075e-02 | imag=3.04125e-02 | lr=1.772e-04 | epoch_time=00:45:05 | eta=2d 05:21:33 | finish=2026-09-18 20:24:53 CST
2026-09-16 15:05:23 | INFO    | TRAIN | epoch=023/100 | batch=00050/01041 | total=5.36726e-02 | object=5.36726e-02 | physics=0.00000e+00 | elapsed=00:02:02 | eta=00:40:25 | data_wait=0.66s
2026-09-16 15:07:30 | INFO    | TRAIN | epoch=023/100 | batch=00100/01041 | total=5.15294e-02 | object=5.15294e-02 | physics=0.00000e+00 | elapsed=00:04:09 | eta=00:39:07 | data_wait=0.67s
2026-09-16 15:09:41 | INFO    | TRAIN | epoch=023/100 | batch=00150/01041 | total=5.52891e-02 | object=5.52891e-02 | physics=0.00000e+00 | elapsed=00:06:21 | eta=00:37:44 | data_wait=0.69s
2026-09-16 15:11:42 | INFO    | TRAIN | epoch=023/100 | batch=00200/01041 | total=5.25090e-02 | object=5.25090e-02 | physics=0.00000e+00 | elapsed=00:08:22 | eta=00:35:09 | data_wait=0.70s
2026-09-16 15:13:49 | INFO    | TRAIN | epoch=023/100 | batch=00250/01041 | total=5.37187e-02 | object=5.37187e-02 | physics=0.00000e+00 | elapsed=00:10:29 | eta=00:33:09 | data_wait=0.72s
2026-09-16 15:15:53 | INFO    | TRAIN | epoch=023/100 | batch=00300/01041 | total=4.85766e-02 | object=4.85766e-02 | physics=0.00000e+00 | elapsed=00:12:32 | eta=00:30:58 | data_wait=0.73s
2026-09-16 15:17:55 | INFO    | TRAIN | epoch=023/100 | batch=00350/01041 | total=5.03280e-02 | object=5.03280e-02 | physics=0.00000e+00 | elapsed=00:14:35 | eta=00:28:47 | data_wait=0.74s
2026-09-16 15:19:59 | INFO    | TRAIN | epoch=023/100 | batch=00400/01041 | total=4.90162e-02 | object=4.90162e-02 | physics=0.00000e+00 | elapsed=00:16:39 | eta=00:26:41 | data_wait=0.76s
2026-09-16 15:22:09 | INFO    | TRAIN | epoch=023/100 | batch=00450/01041 | total=5.43634e-02 | object=5.43634e-02 | physics=0.00000e+00 | elapsed=00:18:49 | eta=00:24:42 | data_wait=0.78s
2026-09-16 15:24:11 | INFO    | TRAIN | epoch=023/100 | batch=00500/01041 | total=5.57659e-02 | object=5.57659e-02 | physics=0.00000e+00 | elapsed=00:20:51 | eta=00:22:33 | data_wait=0.79s
2026-09-16 15:26:14 | INFO    | TRAIN | epoch=023/100 | batch=00550/01041 | total=5.08935e-02 | object=5.08935e-02 | physics=0.00000e+00 | elapsed=00:22:53 | eta=00:20:26 | data_wait=0.81s
2026-09-16 15:28:13 | INFO    | TRAIN | epoch=023/100 | batch=00600/01041 | total=5.28248e-02 | object=5.28248e-02 | physics=0.00000e+00 | elapsed=00:24:52 | eta=00:18:17 | data_wait=0.82s
2026-09-16 15:30:08 | INFO    | TRAIN | epoch=023/100 | batch=00650/01041 | total=4.91508e-02 | object=4.91508e-02 | physics=0.00000e+00 | elapsed=00:26:47 | eta=00:16:07 | data_wait=0.84s
2026-09-16 15:32:07 | INFO    | TRAIN | epoch=023/100 | batch=00700/01041 | total=4.89481e-02 | object=4.89481e-02 | physics=0.00000e+00 | elapsed=00:28:46 | eta=00:14:01 | data_wait=0.86s
2026-09-16 15:34:06 | INFO    | TRAIN | epoch=023/100 | batch=00750/01041 | total=5.15173e-02 | object=5.15173e-02 | physics=0.00000e+00 | elapsed=00:30:46 | eta=00:11:56 | data_wait=0.88s
2026-09-16 15:36:04 | INFO    | TRAIN | epoch=023/100 | batch=00800/01041 | total=5.90619e-02 | object=5.90619e-02 | physics=0.00000e+00 | elapsed=00:32:44 | eta=00:09:52 | data_wait=0.89s
2026-09-16 15:38:00 | INFO    | TRAIN | epoch=023/100 | batch=00850/01041 | total=5.79958e-02 | object=5.79958e-02 | physics=0.00000e+00 | elapsed=00:34:40 | eta=00:07:47 | data_wait=0.91s
2026-09-16 15:39:59 | INFO    | TRAIN | epoch=023/100 | batch=00900/01041 | total=5.35536e-02 | object=5.35536e-02 | physics=0.00000e+00 | elapsed=00:36:38 | eta=00:05:44 | data_wait=0.92s
2026-09-16 15:42:00 | INFO    | TRAIN | epoch=023/100 | batch=00950/01041 | total=5.68371e-02 | object=5.68371e-02 | physics=0.00000e+00 | elapsed=00:38:40 | eta=00:03:42 | data_wait=0.93s
2026-09-16 15:44:02 | INFO    | TRAIN | epoch=023/100 | batch=01000/01041 | total=4.99722e-02 | object=4.99722e-02 | physics=0.00000e+00 | elapsed=00:40:42 | eta=00:01:40 | data_wait=0.95s
2026-09-16 15:45:36 | INFO    | TRAIN | epoch=023/100 | batch=01041/01041 | total=4.76381e-02 | object=4.76381e-02 | physics=0.00000e+00 | elapsed=00:42:16 | eta=00:00:00 | data_wait=0.97s
2026-09-16 15:46:18 | INFO    | VAL | epoch=023/100 | batch=00050/00209 | total=5.88798e-02 | object=5.88798e-02 | physics=1.44392e-03 | elapsed=00:00:42 | eta=00:02:13 | data_wait=0.40s
2026-09-16 15:46:52 | INFO    | VAL | epoch=023/100 | batch=00100/00209 | total=6.50150e-02 | object=6.50150e-02 | physics=1.45266e-03 | elapsed=00:01:16 | eta=00:01:22 | data_wait=0.43s
2026-09-16 15:47:33 | INFO    | VAL | epoch=023/100 | batch=00150/00209 | total=7.51850e-02 | object=7.51850e-02 | physics=1.87166e-03 | elapsed=00:01:57 | eta=00:00:46 | data_wait=0.45s
2026-09-16 15:48:16 | INFO    | VAL | epoch=023/100 | batch=00200/00209 | total=6.51779e-02 | object=6.51779e-02 | physics=1.34573e-03 | elapsed=00:02:40 | eta=00:00:07 | data_wait=0.46s
2026-09-16 15:48:23 | INFO    | VAL | epoch=023/100 | batch=00209/00209 | total=6.17172e-02 | object=6.17172e-02 | physics=1.28385e-03 | elapsed=00:02:47 | eta=00:00:00 | data_wait=0.47s
2026-09-16 15:48:24 | INFO    | Epoch 023 complete | train=5.29754e-02 | val=6.38195e-02 | best=6.38195e-02 | real=3.34961e-02 | imag=3.03234e-02 | lr=1.751e-04 | epoch_time=00:45:04 | eta=2d 04:53:57 | finish=2026-09-18 20:42:21 CST
2026-09-16 15:50:23 | INFO    | TRAIN | epoch=024/100 | batch=00050/01041 | total=5.35499e-02 | object=5.35499e-02 | physics=0.00000e+00 | elapsed=00:01:59 | eta=00:39:26 | data_wait=0.48s
2026-09-16 15:52:23 | INFO    | TRAIN | epoch=024/100 | batch=00100/01041 | total=5.32510e-02 | object=5.32510e-02 | physics=0.00000e+00 | elapsed=00:03:59 | eta=00:37:27 | data_wait=0.49s
2026-09-16 15:54:26 | INFO    | TRAIN | epoch=024/100 | batch=00150/01041 | total=5.14412e-02 | object=5.14412e-02 | physics=0.00000e+00 | elapsed=00:06:02 | eta=00:35:50 | data_wait=0.51s
2026-09-16 15:56:29 | INFO    | TRAIN | epoch=024/100 | batch=00200/01041 | total=4.62569e-02 | object=4.62569e-02 | physics=0.00000e+00 | elapsed=00:08:05 | eta=00:34:00 | data_wait=0.53s
2026-09-16 15:58:29 | INFO    | TRAIN | epoch=024/100 | batch=00250/01041 | total=5.26398e-02 | object=5.26398e-02 | physics=0.00000e+00 | elapsed=00:10:05 | eta=00:31:55 | data_wait=0.54s
2026-09-16 16:00:30 | INFO    | TRAIN | epoch=024/100 | batch=00300/01041 | total=4.99216e-02 | object=4.99216e-02 | physics=0.00000e+00 | elapsed=00:12:06 | eta=00:29:53 | data_wait=0.56s
2026-09-16 16:02:29 | INFO    | TRAIN | epoch=024/100 | batch=00350/01041 | total=5.15082e-02 | object=5.15082e-02 | physics=0.00000e+00 | elapsed=00:14:05 | eta=00:27:49 | data_wait=0.58s
2026-09-16 16:04:30 | INFO    | TRAIN | epoch=024/100 | batch=00400/01041 | total=5.57096e-02 | object=5.57096e-02 | physics=0.00000e+00 | elapsed=00:16:06 | eta=00:25:48 | data_wait=0.59s
2026-09-16 16:06:32 | INFO    | TRAIN | epoch=024/100 | batch=00450/01041 | total=5.40001e-02 | object=5.40001e-02 | physics=0.00000e+00 | elapsed=00:18:08 | eta=00:23:49 | data_wait=0.61s
2026-09-16 16:08:36 | INFO    | TRAIN | epoch=024/100 | batch=00500/01041 | total=5.40908e-02 | object=5.40908e-02 | physics=0.00000e+00 | elapsed=00:20:12 | eta=00:21:52 | data_wait=0.62s
2026-09-16 16:10:38 | INFO    | TRAIN | epoch=024/100 | batch=00550/01041 | total=5.37638e-02 | object=5.37638e-02 | physics=0.00000e+00 | elapsed=00:22:14 | eta=00:19:51 | data_wait=0.64s
2026-09-16 16:12:40 | INFO    | TRAIN | epoch=024/100 | batch=00600/01041 | total=5.57624e-02 | object=5.57624e-02 | physics=0.00000e+00 | elapsed=00:24:16 | eta=00:17:50 | data_wait=0.65s
2026-09-16 16:14:39 | INFO    | TRAIN | epoch=024/100 | batch=00650/01041 | total=4.87657e-02 | object=4.87657e-02 | physics=0.00000e+00 | elapsed=00:26:15 | eta=00:15:48 | data_wait=0.67s
2026-09-16 16:16:40 | INFO    | TRAIN | epoch=024/100 | batch=00700/01041 | total=4.79486e-02 | object=4.79486e-02 | physics=0.00000e+00 | elapsed=00:28:16 | eta=00:13:46 | data_wait=0.69s
2026-09-16 16:18:39 | INFO    | TRAIN | epoch=024/100 | batch=00750/01041 | total=4.88987e-02 | object=4.88987e-02 | physics=0.00000e+00 | elapsed=00:30:15 | eta=00:11:44 | data_wait=0.70s
2026-09-16 16:20:41 | INFO    | TRAIN | epoch=024/100 | batch=00800/01041 | total=5.38843e-02 | object=5.38843e-02 | physics=0.00000e+00 | elapsed=00:32:17 | eta=00:09:44 | data_wait=0.72s
2026-09-16 16:22:45 | INFO    | TRAIN | epoch=024/100 | batch=00850/01041 | total=5.23262e-02 | object=5.23262e-02 | physics=0.00000e+00 | elapsed=00:34:21 | eta=00:07:43 | data_wait=0.73s
2026-09-16 16:24:43 | INFO    | TRAIN | epoch=024/100 | batch=00900/01041 | total=5.19657e-02 | object=5.19657e-02 | physics=0.00000e+00 | elapsed=00:36:19 | eta=00:05:41 | data_wait=0.75s
2026-09-16 16:26:45 | INFO    | TRAIN | epoch=024/100 | batch=00950/01041 | total=4.72449e-02 | object=4.72449e-02 | physics=0.00000e+00 | elapsed=00:38:21 | eta=00:03:40 | data_wait=0.76s
2026-09-16 16:28:48 | INFO    | TRAIN | epoch=024/100 | batch=01000/01041 | total=5.32759e-02 | object=5.32759e-02 | physics=0.00000e+00 | elapsed=00:40:24 | eta=00:01:39 | data_wait=0.78s
2026-09-16 16:30:29 | INFO    | TRAIN | epoch=024/100 | batch=01041/01041 | total=5.35516e-02 | object=5.35516e-02 | physics=0.00000e+00 | elapsed=00:42:05 | eta=00:00:00 | data_wait=0.79s
2026-09-16 16:31:11 | INFO    | VAL | epoch=024/100 | batch=00050/00209 | total=6.12825e-02 | object=6.12825e-02 | physics=1.45003e-03 | elapsed=00:00:42 | eta=00:02:12 | data_wait=0.39s
2026-09-16 16:31:52 | INFO    | VAL | epoch=024/100 | batch=00100/00209 | total=6.36360e-02 | object=6.36360e-02 | physics=1.40298e-03 | elapsed=00:01:22 | eta=00:01:30 | data_wait=0.41s
2026-09-16 16:32:30 | INFO    | VAL | epoch=024/100 | batch=00150/00209 | total=7.34876e-02 | object=7.34876e-02 | physics=1.80253e-03 | elapsed=00:02:01 | eta=00:00:48 | data_wait=0.43s
2026-09-16 16:33:07 | INFO    | VAL | epoch=024/100 | batch=00200/00209 | total=6.37331e-02 | object=6.37331e-02 | physics=1.30757e-03 | elapsed=00:02:38 | eta=00:00:07 | data_wait=0.45s
2026-09-16 16:33:13 | INFO    | VAL | epoch=024/100 | batch=00209/00209 | total=6.35935e-02 | object=6.35935e-02 | physics=1.31279e-03 | elapsed=00:02:44 | eta=00:00:00 | data_wait=0.45s
2026-09-16 16:33:13 | INFO    | Epoch 024 complete | train=5.19334e-02 | val=6.43247e-02 | best=6.38195e-02 | real=3.37333e-02 | imag=3.05913e-02 | lr=1.730e-04 | epoch_time=00:44:49 | eta=2d 04:24:08 | finish=2026-09-18 20:57:22 CST
2026-09-16 16:35:15 | INFO    | TRAIN | epoch=025/100 | batch=00050/01041 | total=5.20742e-02 | object=5.20742e-02 | physics=0.00000e+00 | elapsed=00:02:02 | eta=00:40:15 | data_wait=0.30s
2026-09-16 16:37:15 | INFO    | TRAIN | epoch=025/100 | batch=00100/01041 | total=4.66015e-02 | object=4.66015e-02 | physics=0.00000e+00 | elapsed=00:04:01 | eta=00:37:52 | data_wait=0.32s
2026-09-16 16:39:16 | INFO    | TRAIN | epoch=025/100 | batch=00150/01041 | total=5.22769e-02 | object=5.22769e-02 | physics=0.00000e+00 | elapsed=00:06:02 | eta=00:35:51 | data_wait=0.33s
2026-09-16 16:41:18 | INFO    | TRAIN | epoch=025/100 | batch=00200/01041 | total=5.16464e-02 | object=5.16464e-02 | physics=0.00000e+00 | elapsed=00:08:05 | eta=00:33:58 | data_wait=0.35s
2026-09-16 16:43:22 | INFO    | TRAIN | epoch=025/100 | batch=00250/01041 | total=4.98072e-02 | object=4.98072e-02 | physics=0.00000e+00 | elapsed=00:10:09 | eta=00:32:06 | data_wait=0.37s
2026-09-16 16:45:25 | INFO    | TRAIN | epoch=025/100 | batch=00300/01041 | total=5.20073e-02 | object=5.20073e-02 | physics=0.00000e+00 | elapsed=00:12:11 | eta=00:30:06 | data_wait=0.38s
2026-09-16 16:47:26 | INFO    | TRAIN | epoch=025/100 | batch=00350/01041 | total=4.89687e-02 | object=4.89687e-02 | physics=0.00000e+00 | elapsed=00:14:12 | eta=00:28:03 | data_wait=0.40s
2026-09-16 16:49:28 | INFO    | TRAIN | epoch=025/100 | batch=00400/01041 | total=5.04292e-02 | object=5.04292e-02 | physics=0.00000e+00 | elapsed=00:16:15 | eta=00:26:02 | data_wait=0.41s
2026-09-16 16:51:26 | INFO    | TRAIN | epoch=025/100 | batch=00450/01041 | total=5.14958e-02 | object=5.14958e-02 | physics=0.00000e+00 | elapsed=00:18:13 | eta=00:23:55 | data_wait=0.43s
2026-09-16 16:53:24 | INFO    | TRAIN | epoch=025/100 | batch=00500/01041 | total=4.98636e-02 | object=4.98636e-02 | physics=0.00000e+00 | elapsed=00:20:11 | eta=00:21:50 | data_wait=0.44s
2026-09-16 16:55:28 | INFO    | TRAIN | epoch=025/100 | batch=00550/01041 | total=4.94121e-02 | object=4.94121e-02 | physics=0.00000e+00 | elapsed=00:22:15 | eta=00:19:52 | data_wait=0.45s
2026-09-16 16:57:34 | INFO    | TRAIN | epoch=025/100 | batch=00600/01041 | total=5.39252e-02 | object=5.39252e-02 | physics=0.00000e+00 | elapsed=00:24:20 | eta=00:17:53 | data_wait=0.47s
2026-09-16 16:59:34 | INFO    | TRAIN | epoch=025/100 | batch=00650/01041 | total=5.13647e-02 | object=5.13647e-02 | physics=0.00000e+00 | elapsed=00:26:21 | eta=00:15:51 | data_wait=0.49s
2026-09-16 17:01:36 | INFO    | TRAIN | epoch=025/100 | batch=00700/01041 | total=4.74974e-02 | object=4.74974e-02 | physics=0.00000e+00 | elapsed=00:28:22 | eta=00:13:49 | data_wait=0.50s
2026-09-16 17:03:35 | INFO    | TRAIN | epoch=025/100 | batch=00750/01041 | total=5.15338e-02 | object=5.15338e-02 | physics=0.00000e+00 | elapsed=00:30:22 | eta=00:11:47 | data_wait=0.51s
2026-09-16 17:05:40 | INFO    | TRAIN | epoch=025/100 | batch=00800/01041 | total=4.86704e-02 | object=4.86704e-02 | physics=0.00000e+00 | elapsed=00:32:26 | eta=00:09:46 | data_wait=0.53s
2026-09-16 17:07:44 | INFO    | TRAIN | epoch=025/100 | batch=00850/01041 | total=5.16647e-02 | object=5.16647e-02 | physics=0.00000e+00 | elapsed=00:34:31 | eta=00:07:45 | data_wait=0.54s
2026-09-16 17:09:41 | INFO    | TRAIN | epoch=025/100 | batch=00900/01041 | total=5.29153e-02 | object=5.29153e-02 | physics=0.00000e+00 | elapsed=00:36:27 | eta=00:05:43 | data_wait=0.56s
2026-09-16 17:11:39 | INFO    | TRAIN | epoch=025/100 | batch=00950/01041 | total=5.45105e-02 | object=5.45105e-02 | physics=0.00000e+00 | elapsed=00:38:25 | eta=00:03:41 | data_wait=0.57s
2026-09-16 17:13:37 | INFO    | TRAIN | epoch=025/100 | batch=01000/01041 | total=4.66017e-02 | object=4.66017e-02 | physics=0.00000e+00 | elapsed=00:40:24 | eta=00:01:39 | data_wait=0.59s
2026-09-16 17:15:14 | INFO    | TRAIN | epoch=025/100 | batch=01041/01041 | total=5.16025e-02 | object=5.16025e-02 | physics=0.00000e+00 | elapsed=00:42:00 | eta=00:00:00 | data_wait=0.61s
2026-09-16 17:15:55 | INFO    | VAL | epoch=025/100 | batch=00050/00209 | total=6.12239e-02 | object=6.12239e-02 | physics=1.44021e-03 | elapsed=00:00:41 | eta=00:02:09 | data_wait=0.60s
2026-09-16 17:16:35 | INFO    | VAL | epoch=025/100 | batch=00100/00209 | total=6.39140e-02 | object=6.39140e-02 | physics=1.41470e-03 | elapsed=00:01:21 | eta=00:01:29 | data_wait=0.62s
2026-09-16 17:17:14 | INFO    | VAL | epoch=025/100 | batch=00150/00209 | total=7.46803e-02 | object=7.46803e-02 | physics=1.82676e-03 | elapsed=00:02:00 | eta=00:00:47 | data_wait=0.64s
2026-09-16 17:17:49 | INFO    | VAL | epoch=025/100 | batch=00200/00209 | total=6.34122e-02 | object=6.34122e-02 | physics=1.28480e-03 | elapsed=00:02:35 | eta=00:00:07 | data_wait=0.67s
2026-09-16 17:17:54 | INFO    | VAL | epoch=025/100 | batch=00209/00209 | total=6.30264e-02 | object=6.30264e-02 | physics=1.27252e-03 | elapsed=00:02:40 | eta=00:00:00 | data_wait=0.67s
2026-09-16 17:17:55 | INFO    | Epoch 025 complete | train=5.07388e-02 | val=6.46850e-02 | best=6.38195e-02 | real=3.38355e-02 | imag=3.08495e-02 | lr=1.709e-04 | epoch_time=00:44:41 | eta=2d 03:52:43 | finish=2026-09-18 21:10:38 CST
2026-09-16 17:19:52 | INFO    | TRAIN | epoch=026/100 | batch=00050/01041 | total=4.94444e-02 | object=4.94444e-02 | physics=0.00000e+00 | elapsed=00:01:57 | eta=00:38:36 | data_wait=0.36s
2026-09-16 17:21:48 | INFO    | TRAIN | epoch=026/100 | batch=00100/01041 | total=5.17926e-02 | object=5.17926e-02 | physics=0.00000e+00 | elapsed=00:03:54 | eta=00:36:39 | data_wait=0.38s
2026-09-16 17:23:48 | INFO    | TRAIN | epoch=026/100 | batch=00150/01041 | total=4.78007e-02 | object=4.78007e-02 | physics=0.00000e+00 | elapsed=00:05:53 | eta=00:34:57 | data_wait=0.40s
2026-09-16 17:25:48 | INFO    | TRAIN | epoch=026/100 | batch=00200/01041 | total=5.36884e-02 | object=5.36884e-02 | physics=0.00000e+00 | elapsed=00:07:53 | eta=00:33:08 | data_wait=0.42s
2026-09-16 17:27:46 | INFO    | TRAIN | epoch=026/100 | batch=00250/01041 | total=5.19142e-02 | object=5.19142e-02 | physics=0.00000e+00 | elapsed=00:09:51 | eta=00:31:09 | data_wait=0.44s
2026-09-16 17:29:44 | INFO    | TRAIN | epoch=026/100 | batch=00300/01041 | total=4.71693e-02 | object=4.71693e-02 | physics=0.00000e+00 | elapsed=00:11:49 | eta=00:29:12 | data_wait=0.45s
2026-09-16 17:31:39 | INFO    | TRAIN | epoch=026/100 | batch=00350/01041 | total=4.79872e-02 | object=4.79872e-02 | physics=0.00000e+00 | elapsed=00:13:44 | eta=00:27:07 | data_wait=0.46s
2026-09-16 17:33:33 | INFO    | TRAIN | epoch=026/100 | batch=00400/01041 | total=5.07541e-02 | object=5.07541e-02 | physics=0.00000e+00 | elapsed=00:15:39 | eta=00:25:04 | data_wait=0.48s
2026-09-16 17:35:35 | INFO    | TRAIN | epoch=026/100 | batch=00450/01041 | total=4.66391e-02 | object=4.66391e-02 | physics=0.00000e+00 | elapsed=00:17:41 | eta=00:23:13 | data_wait=0.50s
2026-09-16 17:37:33 | INFO    | TRAIN | epoch=026/100 | batch=00500/01041 | total=4.94220e-02 | object=4.94220e-02 | physics=0.00000e+00 | elapsed=00:19:38 | eta=00:21:15 | data_wait=0.51s
2026-09-16 17:39:29 | INFO    | TRAIN | epoch=026/100 | batch=00550/01041 | total=4.84191e-02 | object=4.84191e-02 | physics=0.00000e+00 | elapsed=00:21:34 | eta=00:19:15 | data_wait=0.53s
2026-09-16 17:41:26 | INFO    | TRAIN | epoch=026/100 | batch=00600/01041 | total=4.88592e-02 | object=4.88592e-02 | physics=0.00000e+00 | elapsed=00:23:31 | eta=00:17:17 | data_wait=0.55s
2026-09-16 17:43:26 | INFO    | TRAIN | epoch=026/100 | batch=00650/01041 | total=5.03588e-02 | object=5.03588e-02 | physics=0.00000e+00 | elapsed=00:25:31 | eta=00:15:21 | data_wait=0.56s
2026-09-16 17:45:21 | INFO    | TRAIN | epoch=026/100 | batch=00700/01041 | total=4.72831e-02 | object=4.72831e-02 | physics=0.00000e+00 | elapsed=00:27:26 | eta=00:13:22 | data_wait=0.58s
2026-09-16 17:47:20 | INFO    | TRAIN | epoch=026/100 | batch=00750/01041 | total=4.80325e-02 | object=4.80325e-02 | physics=0.00000e+00 | elapsed=00:29:25 | eta=00:11:25 | data_wait=0.60s
2026-09-16 17:49:19 | INFO    | TRAIN | epoch=026/100 | batch=00800/01041 | total=5.04146e-02 | object=5.04146e-02 | physics=0.00000e+00 | elapsed=00:31:24 | eta=00:09:28 | data_wait=0.62s
2026-09-16 17:51:14 | INFO    | TRAIN | epoch=026/100 | batch=00850/01041 | total=4.91937e-02 | object=4.91937e-02 | physics=0.00000e+00 | elapsed=00:33:19 | eta=00:07:29 | data_wait=0.63s
2026-09-16 17:53:08 | INFO    | TRAIN | epoch=026/100 | batch=00900/01041 | total=4.82172e-02 | object=4.82172e-02 | physics=0.00000e+00 | elapsed=00:35:13 | eta=00:05:31 | data_wait=0.65s
2026-09-16 17:55:05 | INFO    | TRAIN | epoch=026/100 | batch=00950/01041 | total=4.91185e-02 | object=4.91185e-02 | physics=0.00000e+00 | elapsed=00:37:10 | eta=00:03:34 | data_wait=0.67s
2026-09-16 17:56:59 | INFO    | TRAIN | epoch=026/100 | batch=01000/01041 | total=4.73150e-02 | object=4.73150e-02 | physics=0.00000e+00 | elapsed=00:39:05 | eta=00:01:36 | data_wait=0.68s
2026-09-16 17:58:32 | INFO    | TRAIN | epoch=026/100 | batch=01041/01041 | total=5.63627e-02 | object=5.63627e-02 | physics=0.00000e+00 | elapsed=00:40:38 | eta=00:00:00 | data_wait=0.70s
2026-09-16 17:59:11 | INFO    | VAL | epoch=026/100 | batch=00050/00209 | total=6.08768e-02 | object=6.08768e-02 | physics=1.40833e-03 | elapsed=00:00:38 | eta=00:02:02 | data_wait=0.49s
2026-09-16 17:59:50 | INFO    | VAL | epoch=026/100 | batch=00100/00209 | total=6.43314e-02 | object=6.43314e-02 | physics=1.37146e-03 | elapsed=00:01:17 | eta=00:01:24 | data_wait=0.51s
2026-09-16 18:00:30 | INFO    | VAL | epoch=026/100 | batch=00150/00209 | total=7.35353e-02 | object=7.35353e-02 | physics=1.80811e-03 | elapsed=00:01:58 | eta=00:00:46 | data_wait=0.53s
2026-09-16 18:01:09 | INFO    | VAL | epoch=026/100 | batch=00200/00209 | total=6.26468e-02 | object=6.26468e-02 | physics=1.24826e-03 | elapsed=00:02:37 | eta=00:00:07 | data_wait=0.54s
2026-09-16 18:01:15 | INFO    | VAL | epoch=026/100 | batch=00209/00209 | total=6.20549e-02 | object=6.20549e-02 | physics=1.26761e-03 | elapsed=00:02:42 | eta=00:00:00 | data_wait=0.55s
2026-09-16 18:01:16 | INFO    | Epoch 026 complete | train=4.97229e-02 | val=6.41276e-02 | best=6.38195e-02 | real=3.37024e-02 | imag=3.04252e-02 | lr=1.686e-04 | epoch_time=00:43:21 | eta=2d 03:16:28 | finish=2026-09-18 21:17:43 CST
2026-09-16 18:03:08 | INFO    | TRAIN | epoch=027/100 | batch=00050/01041 | total=4.64665e-02 | object=4.64665e-02 | physics=0.00000e+00 | elapsed=00:01:52 | eta=00:37:00 | data_wait=0.48s
2026-09-16 18:05:00 | INFO    | TRAIN | epoch=027/100 | batch=00100/01041 | total=4.42490e-02 | object=4.42490e-02 | physics=0.00000e+00 | elapsed=00:03:45 | eta=00:35:15 | data_wait=0.50s
2026-09-16 18:06:57 | INFO    | TRAIN | epoch=027/100 | batch=00150/01041 | total=4.92491e-02 | object=4.92491e-02 | physics=0.00000e+00 | elapsed=00:05:42 | eta=00:33:50 | data_wait=0.51s
2026-09-16 18:08:51 | INFO    | TRAIN | epoch=027/100 | batch=00200/01041 | total=4.79334e-02 | object=4.79334e-02 | physics=0.00000e+00 | elapsed=00:07:36 | eta=00:31:55 | data_wait=0.53s
2026-09-16 18:10:48 | INFO    | TRAIN | epoch=027/100 | batch=00250/01041 | total=4.69418e-02 | object=4.69418e-02 | physics=0.00000e+00 | elapsed=00:09:32 | eta=00:30:11 | data_wait=0.54s
2026-09-16 18:12:47 | INFO    | TRAIN | epoch=027/100 | batch=00300/01041 | total=4.59455e-02 | object=4.59455e-02 | physics=0.00000e+00 | elapsed=00:11:31 | eta=00:28:28 | data_wait=0.56s
2026-09-16 18:14:45 | INFO    | TRAIN | epoch=027/100 | batch=00350/01041 | total=5.68332e-02 | object=5.68332e-02 | physics=0.00000e+00 | elapsed=00:13:29 | eta=00:26:37 | data_wait=0.58s
2026-09-16 18:16:43 | INFO    | TRAIN | epoch=027/100 | batch=00400/01041 | total=4.75485e-02 | object=4.75485e-02 | physics=0.00000e+00 | elapsed=00:15:28 | eta=00:24:47 | data_wait=0.60s
2026-09-16 18:18:38 | INFO    | TRAIN | epoch=027/100 | batch=00450/01041 | total=4.73744e-02 | object=4.73744e-02 | physics=0.00000e+00 | elapsed=00:17:23 | eta=00:22:49 | data_wait=0.61s
2026-09-16 18:20:38 | INFO    | TRAIN | epoch=027/100 | batch=00500/01041 | total=4.69068e-02 | object=4.69068e-02 | physics=0.00000e+00 | elapsed=00:19:22 | eta=00:20:57 | data_wait=0.62s
2026-09-16 18:22:36 | INFO    | TRAIN | epoch=027/100 | batch=00550/01041 | total=5.17354e-02 | object=5.17354e-02 | physics=0.00000e+00 | elapsed=00:21:20 | eta=00:19:03 | data_wait=0.64s
2026-09-16 18:24:31 | INFO    | TRAIN | epoch=027/100 | batch=00600/01041 | total=4.70756e-02 | object=4.70756e-02 | physics=0.00000e+00 | elapsed=00:23:16 | eta=00:17:06 | data_wait=0.65s
2026-09-16 18:26:25 | INFO    | TRAIN | epoch=027/100 | batch=00650/01041 | total=4.91151e-02 | object=4.91151e-02 | physics=0.00000e+00 | elapsed=00:25:09 | eta=00:15:08 | data_wait=0.67s
2026-09-16 18:28:21 | INFO    | TRAIN | epoch=027/100 | batch=00700/01041 | total=4.95253e-02 | object=4.95253e-02 | physics=0.00000e+00 | elapsed=00:27:05 | eta=00:13:12 | data_wait=0.68s
2026-09-16 18:30:24 | INFO    | TRAIN | epoch=027/100 | batch=00750/01041 | total=5.39135e-02 | object=5.39135e-02 | physics=0.00000e+00 | elapsed=00:29:08 | eta=00:11:18 | data_wait=0.70s
2026-09-16 18:32:23 | INFO    | TRAIN | epoch=027/100 | batch=00800/01041 | total=5.13146e-02 | object=5.13146e-02 | physics=0.00000e+00 | elapsed=00:31:07 | eta=00:09:23 | data_wait=0.72s
2026-09-16 18:34:22 | INFO    | TRAIN | epoch=027/100 | batch=00850/01041 | total=4.44009e-02 | object=4.44009e-02 | physics=0.00000e+00 | elapsed=00:33:07 | eta=00:07:26 | data_wait=0.73s
2026-09-16 18:36:26 | INFO    | TRAIN | epoch=027/100 | batch=00900/01041 | total=4.24317e-02 | object=4.24317e-02 | physics=0.00000e+00 | elapsed=00:35:10 | eta=00:05:31 | data_wait=0.75s
2026-09-16 18:38:26 | INFO    | TRAIN | epoch=027/100 | batch=00950/01041 | total=5.03554e-02 | object=5.03554e-02 | physics=0.00000e+00 | elapsed=00:37:10 | eta=00:03:34 | data_wait=0.76s
2026-09-16 18:40:24 | INFO    | TRAIN | epoch=027/100 | batch=01000/01041 | total=4.66867e-02 | object=4.66867e-02 | physics=0.00000e+00 | elapsed=00:39:08 | eta=00:01:36 | data_wait=0.78s
2026-09-16 18:41:59 | INFO    | TRAIN | epoch=027/100 | batch=01041/01041 | total=4.97817e-02 | object=4.97817e-02 | physics=0.00000e+00 | elapsed=00:40:44 | eta=00:00:00 | data_wait=0.80s
2026-09-16 18:42:43 | INFO    | VAL | epoch=027/100 | batch=00050/00209 | total=5.94373e-02 | object=5.94373e-02 | physics=1.44381e-03 | elapsed=00:00:44 | eta=00:02:19 | data_wait=0.46s
2026-09-16 18:43:18 | INFO    | VAL | epoch=027/100 | batch=00100/00209 | total=6.29522e-02 | object=6.29522e-02 | physics=1.45109e-03 | elapsed=00:01:19 | eta=00:01:26 | data_wait=0.49s
2026-09-16 18:43:57 | INFO    | VAL | epoch=027/100 | batch=00150/00209 | total=7.01591e-02 | object=7.01591e-02 | physics=1.81367e-03 | elapsed=00:01:58 | eta=00:00:46 | data_wait=0.51s
2026-09-16 18:44:38 | INFO    | VAL | epoch=027/100 | batch=00200/00209 | total=5.91071e-02 | object=5.91071e-02 | physics=1.24397e-03 | elapsed=00:02:39 | eta=00:00:07 | data_wait=0.52s
2026-09-16 18:44:45 | INFO    | VAL | epoch=027/100 | batch=00209/00209 | total=6.35057e-02 | object=6.35057e-02 | physics=1.30512e-03 | elapsed=00:02:46 | eta=00:00:00 | data_wait=0.53s
2026-09-16 18:44:46 | INFO    | Epoch 027 complete | train=4.88042e-02 | val=6.04492e-02 | best=6.04492e-02 | real=3.15876e-02 | imag=2.88616e-02 | lr=1.663e-04 | epoch_time=00:43:30 | eta=2d 02:40:07 | finish=2026-09-18 21:24:53 CST
2026-09-16 18:46:49 | INFO    | TRAIN | epoch=028/100 | batch=00050/01041 | total=4.83336e-02 | object=4.83336e-02 | physics=0.00000e+00 | elapsed=00:02:03 | eta=00:40:41 | data_wait=0.37s
2026-09-16 18:48:52 | INFO    | TRAIN | epoch=028/100 | batch=00100/01041 | total=4.50427e-02 | object=4.50427e-02 | physics=0.00000e+00 | elapsed=00:04:06 | eta=00:38:36 | data_wait=0.38s
2026-09-16 18:50:53 | INFO    | TRAIN | epoch=028/100 | batch=00150/01041 | total=4.63050e-02 | object=4.63050e-02 | physics=0.00000e+00 | elapsed=00:06:08 | eta=00:36:23 | data_wait=0.40s
2026-09-16 18:53:00 | INFO    | TRAIN | epoch=028/100 | batch=00200/01041 | total=5.12671e-02 | object=5.12671e-02 | physics=0.00000e+00 | elapsed=00:08:14 | eta=00:34:38 | data_wait=0.41s
2026-09-16 18:55:03 | INFO    | TRAIN | epoch=028/100 | batch=00250/01041 | total=5.08233e-02 | object=5.08233e-02 | physics=0.00000e+00 | elapsed=00:10:18 | eta=00:32:34 | data_wait=0.43s
2026-09-16 18:57:04 | INFO    | TRAIN | epoch=028/100 | batch=00300/01041 | total=4.72900e-02 | object=4.72900e-02 | physics=0.00000e+00 | elapsed=00:12:18 | eta=00:30:23 | data_wait=0.44s
2026-09-16 18:59:05 | INFO    | TRAIN | epoch=028/100 | batch=00350/01041 | total=4.63588e-02 | object=4.63588e-02 | physics=0.00000e+00 | elapsed=00:14:19 | eta=00:28:15 | data_wait=0.46s
2026-09-16 19:01:09 | INFO    | TRAIN | epoch=028/100 | batch=00400/01041 | total=5.08191e-02 | object=5.08191e-02 | physics=0.00000e+00 | elapsed=00:16:23 | eta=00:26:15 | data_wait=0.48s
2026-09-16 19:03:15 | INFO    | TRAIN | epoch=028/100 | batch=00450/01041 | total=5.08023e-02 | object=5.08023e-02 | physics=0.00000e+00 | elapsed=00:18:29 | eta=00:24:16 | data_wait=0.49s
2026-09-16 19:05:18 | INFO    | TRAIN | epoch=028/100 | batch=00500/01041 | total=5.13133e-02 | object=5.13133e-02 | physics=0.00000e+00 | elapsed=00:20:32 | eta=00:22:13 | data_wait=0.51s
2026-09-16 19:07:19 | INFO    | TRAIN | epoch=028/100 | batch=00550/01041 | total=4.86364e-02 | object=4.86364e-02 | physics=0.00000e+00 | elapsed=00:22:33 | eta=00:20:08 | data_wait=0.52s
2026-09-16 19:09:22 | INFO    | TRAIN | epoch=028/100 | batch=00600/01041 | total=4.48164e-02 | object=4.48164e-02 | physics=0.00000e+00 | elapsed=00:24:36 | eta=00:18:05 | data_wait=0.54s
2026-09-16 19:11:27 | INFO    | TRAIN | epoch=028/100 | batch=00650/01041 | total=5.19519e-02 | object=5.19519e-02 | physics=0.00000e+00 | elapsed=00:26:41 | eta=00:16:03 | data_wait=0.56s
2026-09-16 19:13:30 | INFO    | TRAIN | epoch=028/100 | batch=00700/01041 | total=4.47996e-02 | object=4.47996e-02 | physics=0.00000e+00 | elapsed=00:28:44 | eta=00:14:00 | data_wait=0.57s
2026-09-16 19:15:28 | INFO    | TRAIN | epoch=028/100 | batch=00750/01041 | total=4.22223e-02 | object=4.22223e-02 | physics=0.00000e+00 | elapsed=00:30:42 | eta=00:11:55 | data_wait=0.59s
2026-09-16 19:17:28 | INFO    | TRAIN | epoch=028/100 | batch=00800/01041 | total=4.37523e-02 | object=4.37523e-02 | physics=0.00000e+00 | elapsed=00:32:42 | eta=00:09:51 | data_wait=0.61s
2026-09-16 19:19:26 | INFO    | TRAIN | epoch=028/100 | batch=00850/01041 | total=4.81538e-02 | object=4.81538e-02 | physics=0.00000e+00 | elapsed=00:34:41 | eta=00:07:48 | data_wait=0.63s
2026-09-16 19:21:25 | INFO    | TRAIN | epoch=028/100 | batch=00900/01041 | total=5.00429e-02 | object=5.00429e-02 | physics=0.00000e+00 | elapsed=00:36:39 | eta=00:05:44 | data_wait=0.64s
2026-09-16 19:23:25 | INFO    | TRAIN | epoch=028/100 | batch=00950/01041 | total=5.00312e-02 | object=5.00312e-02 | physics=0.00000e+00 | elapsed=00:38:39 | eta=00:03:42 | data_wait=0.66s
2026-09-16 19:25:24 | INFO    | TRAIN | epoch=028/100 | batch=01000/01041 | total=5.10677e-02 | object=5.10677e-02 | physics=0.00000e+00 | elapsed=00:40:38 | eta=00:01:40 | data_wait=0.68s
2026-09-16 19:26:58 | INFO    | TRAIN | epoch=028/100 | batch=01041/01041 | total=5.12523e-02 | object=5.12523e-02 | physics=0.00000e+00 | elapsed=00:42:12 | eta=00:00:00 | data_wait=0.69s
2026-09-16 19:27:37 | INFO    | VAL | epoch=028/100 | batch=00050/00209 | total=5.69825e-02 | object=5.69825e-02 | physics=1.39476e-03 | elapsed=00:00:39 | eta=00:02:05 | data_wait=0.55s
2026-09-16 19:28:14 | INFO    | VAL | epoch=028/100 | batch=00100/00209 | total=6.26944e-02 | object=6.26944e-02 | physics=1.39257e-03 | elapsed=00:01:17 | eta=00:01:24 | data_wait=0.57s
2026-09-16 19:28:55 | INFO    | VAL | epoch=028/100 | batch=00150/00209 | total=7.16664e-02 | object=7.16664e-02 | physics=1.80681e-03 | elapsed=00:01:57 | eta=00:00:46 | data_wait=0.59s
2026-09-16 19:29:36 | INFO    | VAL | epoch=028/100 | batch=00200/00209 | total=5.89492e-02 | object=5.89492e-02 | physics=1.24489e-03 | elapsed=00:02:38 | eta=00:00:07 | data_wait=0.61s
2026-09-16 19:29:43 | INFO    | VAL | epoch=028/100 | batch=00209/00209 | total=6.52946e-02 | object=6.52946e-02 | physics=1.30909e-03 | elapsed=00:02:45 | eta=00:00:00 | data_wait=0.61s
2026-09-16 19:29:43 | INFO    | Epoch 028 complete | train=4.78630e-02 | val=6.05142e-02 | best=6.04492e-02 | real=3.16578e-02 | imag=2.88564e-02 | lr=1.639e-04 | epoch_time=00:44:57 | eta=2d 02:06:58 | finish=2026-09-18 21:36:41 CST
2026-09-16 19:31:37 | INFO    | TRAIN | epoch=029/100 | batch=00050/01041 | total=4.82792e-02 | object=4.82792e-02 | physics=0.00000e+00 | elapsed=00:01:54 | eta=00:37:49 | data_wait=0.44s
2026-09-16 19:33:34 | INFO    | TRAIN | epoch=029/100 | batch=00100/01041 | total=4.70403e-02 | object=4.70403e-02 | physics=0.00000e+00 | elapsed=00:03:51 | eta=00:36:18 | data_wait=0.45s
2026-09-16 19:35:33 | INFO    | TRAIN | epoch=029/100 | batch=00150/01041 | total=4.76972e-02 | object=4.76972e-02 | physics=0.00000e+00 | elapsed=00:05:50 | eta=00:34:39 | data_wait=0.47s
2026-09-16 19:37:34 | INFO    | TRAIN | epoch=029/100 | batch=00200/01041 | total=4.63050e-02 | object=4.63050e-02 | physics=0.00000e+00 | elapsed=00:07:51 | eta=00:33:00 | data_wait=0.48s
2026-09-16 19:39:32 | INFO    | TRAIN | epoch=029/100 | batch=00250/01041 | total=5.17630e-02 | object=5.17630e-02 | physics=0.00000e+00 | elapsed=00:09:49 | eta=00:31:04 | data_wait=0.50s
2026-09-16 19:41:29 | INFO    | TRAIN | epoch=029/100 | batch=00300/01041 | total=5.16327e-02 | object=5.16327e-02 | physics=0.00000e+00 | elapsed=00:11:46 | eta=00:29:04 | data_wait=0.52s
2026-09-16 19:43:29 | INFO    | TRAIN | epoch=029/100 | batch=00350/01041 | total=4.33975e-02 | object=4.33975e-02 | physics=0.00000e+00 | elapsed=00:13:46 | eta=00:27:10 | data_wait=0.53s
2026-09-16 19:45:24 | INFO    | TRAIN | epoch=029/100 | batch=00400/01041 | total=4.74294e-02 | object=4.74294e-02 | physics=0.00000e+00 | elapsed=00:15:41 | eta=00:25:08 | data_wait=0.55s
2026-09-16 19:47:25 | INFO    | TRAIN | epoch=029/100 | batch=00450/01041 | total=4.72419e-02 | object=4.72419e-02 | physics=0.00000e+00 | elapsed=00:17:42 | eta=00:23:15 | data_wait=0.57s
2026-09-16 19:49:20 | INFO    | TRAIN | epoch=029/100 | batch=00500/01041 | total=4.89298e-02 | object=4.89298e-02 | physics=0.00000e+00 | elapsed=00:19:37 | eta=00:21:14 | data_wait=0.58s
2026-09-16 19:51:15 | INFO    | TRAIN | epoch=029/100 | batch=00550/01041 | total=5.24611e-02 | object=5.24611e-02 | physics=0.00000e+00 | elapsed=00:21:32 | eta=00:19:13 | data_wait=0.59s
2026-09-16 19:53:11 | INFO    | TRAIN | epoch=029/100 | batch=00600/01041 | total=4.81063e-02 | object=4.81063e-02 | physics=0.00000e+00 | elapsed=00:23:28 | eta=00:17:15 | data_wait=0.61s
2026-09-16 19:55:10 | INFO    | TRAIN | epoch=029/100 | batch=00650/01041 | total=4.92496e-02 | object=4.92496e-02 | physics=0.00000e+00 | elapsed=00:25:27 | eta=00:15:19 | data_wait=0.62s
2026-09-16 19:57:08 | INFO    | TRAIN | epoch=029/100 | batch=00700/01041 | total=4.66183e-02 | object=4.66183e-02 | physics=0.00000e+00 | elapsed=00:27:25 | eta=00:13:21 | data_wait=0.64s
2026-09-16 19:59:08 | INFO    | TRAIN | epoch=029/100 | batch=00750/01041 | total=4.86551e-02 | object=4.86551e-02 | physics=0.00000e+00 | elapsed=00:29:25 | eta=00:11:25 | data_wait=0.66s
2026-09-16 20:01:09 | INFO    | TRAIN | epoch=029/100 | batch=00800/01041 | total=4.82382e-02 | object=4.82382e-02 | physics=0.00000e+00 | elapsed=00:31:26 | eta=00:09:28 | data_wait=0.67s
2026-09-16 20:03:08 | INFO    | TRAIN | epoch=029/100 | batch=00850/01041 | total=5.00582e-02 | object=5.00582e-02 | physics=0.00000e+00 | elapsed=00:33:25 | eta=00:07:30 | data_wait=0.69s
2026-09-16 20:05:06 | INFO    | TRAIN | epoch=029/100 | batch=00900/01041 | total=4.76264e-02 | object=4.76264e-02 | physics=0.00000e+00 | elapsed=00:35:23 | eta=00:05:33 | data_wait=0.70s
2026-09-16 20:07:07 | INFO    | TRAIN | epoch=029/100 | batch=00950/01041 | total=4.59582e-02 | object=4.59582e-02 | physics=0.00000e+00 | elapsed=00:37:24 | eta=00:03:35 | data_wait=0.72s
2026-09-16 20:09:04 | INFO    | TRAIN | epoch=029/100 | batch=01000/01041 | total=4.62227e-02 | object=4.62227e-02 | physics=0.00000e+00 | elapsed=00:39:21 | eta=00:01:37 | data_wait=0.74s
2026-09-16 20:10:39 | INFO    | TRAIN | epoch=029/100 | batch=01041/01041 | total=4.58876e-02 | object=4.58876e-02 | physics=0.00000e+00 | elapsed=00:40:56 | eta=00:00:00 | data_wait=0.75s
2026-09-16 20:11:17 | INFO    | VAL | epoch=029/100 | batch=00050/00209 | total=5.83141e-02 | object=5.83141e-02 | physics=1.37284e-03 | elapsed=00:00:38 | eta=00:02:00 | data_wait=0.50s
2026-09-16 20:11:56 | INFO    | VAL | epoch=029/100 | batch=00100/00209 | total=6.22381e-02 | object=6.22381e-02 | physics=1.36345e-03 | elapsed=00:01:17 | eta=00:01:24 | data_wait=0.51s
2026-09-16 20:12:37 | INFO    | VAL | epoch=029/100 | batch=00150/00209 | total=6.93667e-02 | object=6.93667e-02 | physics=1.75110e-03 | elapsed=00:01:58 | eta=00:00:47 | data_wait=0.53s
2026-09-16 20:13:14 | INFO    | VAL | epoch=029/100 | batch=00200/00209 | total=5.90990e-02 | object=5.90990e-02 | physics=1.21586e-03 | elapsed=00:02:35 | eta=00:00:07 | data_wait=0.56s
2026-09-16 20:13:20 | INFO    | VAL | epoch=029/100 | batch=00209/00209 | total=6.66877e-02 | object=6.66877e-02 | physics=1.30053e-03 | elapsed=00:02:41 | eta=00:00:00 | data_wait=0.57s
2026-09-16 20:13:21 | INFO    | Epoch 029 complete | train=4.68450e-02 | val=6.01704e-02 | best=6.01704e-02 | real=3.14873e-02 | imag=2.86831e-02 | lr=1.615e-04 | epoch_time=00:43:38 | eta=2d 01:29:48 | finish=2026-09-18 21:43:09 CST
2026-09-16 20:15:16 | INFO    | TRAIN | epoch=030/100 | batch=00050/01041 | total=5.13864e-02 | object=5.13864e-02 | physics=0.00000e+00 | elapsed=00:01:55 | eta=00:37:57 | data_wait=0.52s
2026-09-16 20:17:16 | INFO    | TRAIN | epoch=030/100 | batch=00100/01041 | total=4.81140e-02 | object=4.81140e-02 | physics=0.00000e+00 | elapsed=00:03:55 | eta=00:36:50 | data_wait=0.54s
2026-09-16 20:19:13 | INFO    | TRAIN | epoch=030/100 | batch=00150/01041 | total=4.48420e-02 | object=4.48420e-02 | physics=0.00000e+00 | elapsed=00:05:51 | eta=00:34:47 | data_wait=0.55s
2026-09-16 20:21:13 | INFO    | TRAIN | epoch=030/100 | batch=00200/01041 | total=4.57303e-02 | object=4.57303e-02 | physics=0.00000e+00 | elapsed=00:07:52 | eta=00:33:05 | data_wait=0.57s
2026-09-16 20:23:11 | INFO    | TRAIN | epoch=030/100 | batch=00250/01041 | total=4.71804e-02 | object=4.71804e-02 | physics=0.00000e+00 | elapsed=00:09:50 | eta=00:31:06 | data_wait=0.59s
2026-09-16 20:25:08 | INFO    | TRAIN | epoch=030/100 | batch=00300/01041 | total=4.50182e-02 | object=4.50182e-02 | physics=0.00000e+00 | elapsed=00:11:46 | eta=00:29:05 | data_wait=0.60s
2026-09-16 20:27:04 | INFO    | TRAIN | epoch=030/100 | batch=00350/01041 | total=4.81934e-02 | object=4.81934e-02 | physics=0.00000e+00 | elapsed=00:13:42 | eta=00:27:04 | data_wait=0.62s
2026-09-16 20:29:04 | INFO    | TRAIN | epoch=030/100 | batch=00400/01041 | total=4.41799e-02 | object=4.41799e-02 | physics=0.00000e+00 | elapsed=00:15:43 | eta=00:25:11 | data_wait=0.64s
2026-09-16 20:31:04 | INFO    | TRAIN | epoch=030/100 | batch=00450/01041 | total=4.35058e-02 | object=4.35058e-02 | physics=0.00000e+00 | elapsed=00:17:43 | eta=00:23:16 | data_wait=0.65s
2026-09-16 20:33:06 | INFO    | TRAIN | epoch=030/100 | batch=00500/01041 | total=4.39001e-02 | object=4.39001e-02 | physics=0.00000e+00 | elapsed=00:19:44 | eta=00:21:22 | data_wait=0.67s
2026-09-16 20:35:02 | INFO    | TRAIN | epoch=030/100 | batch=00550/01041 | total=4.45084e-02 | object=4.45084e-02 | physics=0.00000e+00 | elapsed=00:21:41 | eta=00:19:22 | data_wait=0.69s
2026-09-16 20:37:00 | INFO    | TRAIN | epoch=030/100 | batch=00600/01041 | total=4.14464e-02 | object=4.14464e-02 | physics=0.00000e+00 | elapsed=00:23:39 | eta=00:17:23 | data_wait=0.70s
2026-09-16 20:39:01 | INFO    | TRAIN | epoch=030/100 | batch=00650/01041 | total=4.49641e-02 | object=4.49641e-02 | physics=0.00000e+00 | elapsed=00:25:40 | eta=00:15:27 | data_wait=0.72s
2026-09-16 20:41:02 | INFO    | TRAIN | epoch=030/100 | batch=00700/01041 | total=4.33770e-02 | object=4.33770e-02 | physics=0.00000e+00 | elapsed=00:27:41 | eta=00:13:29 | data_wait=0.73s
2026-09-16 20:43:03 | INFO    | TRAIN | epoch=030/100 | batch=00750/01041 | total=4.96009e-02 | object=4.96009e-02 | physics=0.00000e+00 | elapsed=00:29:41 | eta=00:11:31 | data_wait=0.74s
2026-09-16 20:44:59 | INFO    | TRAIN | epoch=030/100 | batch=00800/01041 | total=4.47191e-02 | object=4.47191e-02 | physics=0.00000e+00 | elapsed=00:31:38 | eta=00:09:32 | data_wait=0.76s
2026-09-16 20:46:56 | INFO    | TRAIN | epoch=030/100 | batch=00850/01041 | total=4.56695e-02 | object=4.56695e-02 | physics=0.00000e+00 | elapsed=00:33:34 | eta=00:07:33 | data_wait=0.78s
2026-09-16 20:48:58 | INFO    | TRAIN | epoch=030/100 | batch=00900/01041 | total=5.34960e-02 | object=5.34960e-02 | physics=0.00000e+00 | elapsed=00:35:36 | eta=00:05:35 | data_wait=0.79s
2026-09-16 20:50:58 | INFO    | TRAIN | epoch=030/100 | batch=00950/01041 | total=4.55693e-02 | object=4.55693e-02 | physics=0.00000e+00 | elapsed=00:37:36 | eta=00:03:36 | data_wait=0.81s
2026-09-16 20:52:56 | INFO    | TRAIN | epoch=030/100 | batch=01000/01041 | total=4.60821e-02 | object=4.60821e-02 | physics=0.00000e+00 | elapsed=00:39:35 | eta=00:01:37 | data_wait=0.82s
2026-09-16 20:54:35 | INFO    | TRAIN | epoch=030/100 | batch=01041/01041 | total=4.85999e-02 | object=4.85999e-02 | physics=0.00000e+00 | elapsed=00:41:14 | eta=00:00:00 | data_wait=0.84s
2026-09-16 20:55:17 | INFO    | VAL | epoch=030/100 | batch=00050/00209 | total=5.44707e-02 | object=5.44707e-02 | physics=1.36890e-03 | elapsed=00:00:42 | eta=00:02:14 | data_wait=0.52s
2026-09-16 20:55:58 | INFO    | VAL | epoch=030/100 | batch=00100/00209 | total=5.90726e-02 | object=5.90726e-02 | physics=1.36539e-03 | elapsed=00:01:23 | eta=00:01:31 | data_wait=0.54s
2026-09-16 20:56:36 | INFO    | VAL | epoch=030/100 | batch=00150/00209 | total=6.80608e-02 | object=6.80608e-02 | physics=1.76308e-03 | elapsed=00:02:01 | eta=00:00:48 | data_wait=0.56s
2026-09-16 20:57:13 | INFO    | VAL | epoch=030/100 | batch=00200/00209 | total=5.65372e-02 | object=5.65372e-02 | physics=1.20095e-03 | elapsed=00:02:38 | eta=00:00:07 | data_wait=0.58s
2026-09-16 20:57:20 | INFO    | VAL | epoch=030/100 | batch=00209/00209 | total=5.91074e-02 | object=5.91074e-02 | physics=1.25035e-03 | elapsed=00:02:45 | eta=00:00:00 | data_wait=0.58s
2026-09-16 20:57:21 | INFO    | Epoch 030 complete | train=4.61839e-02 | val=5.88411e-02 | best=5.88411e-02 | real=3.06439e-02 | imag=2.81972e-02 | lr=1.590e-04 | epoch_time=00:44:00 | eta=2d 00:53:01 | finish=2026-09-18 21:50:22 CST
2026-09-16 20:59:24 | INFO    | TRAIN | epoch=031/100 | batch=00050/01041 | total=4.16990e-02 | object=4.16990e-02 | physics=0.00000e+00 | elapsed=00:02:03 | eta=00:40:41 | data_wait=0.34s
2026-09-16 21:01:26 | INFO    | TRAIN | epoch=031/100 | batch=00100/01041 | total=4.29798e-02 | object=4.29798e-02 | physics=0.00000e+00 | elapsed=00:04:05 | eta=00:38:26 | data_wait=0.36s
2026-09-16 21:03:23 | INFO    | TRAIN | epoch=031/100 | batch=00150/01041 | total=4.38255e-02 | object=4.38255e-02 | physics=0.00000e+00 | elapsed=00:06:02 | eta=00:35:52 | data_wait=0.37s
2026-09-16 21:05:24 | INFO    | TRAIN | epoch=031/100 | batch=00200/01041 | total=5.00671e-02 | object=5.00671e-02 | physics=0.00000e+00 | elapsed=00:08:03 | eta=00:33:50 | data_wait=0.39s
2026-09-16 21:07:24 | INFO    | TRAIN | epoch=031/100 | batch=00250/01041 | total=4.90106e-02 | object=4.90106e-02 | physics=0.00000e+00 | elapsed=00:10:03 | eta=00:31:49 | data_wait=0.41s
2026-09-16 21:09:22 | INFO    | TRAIN | epoch=031/100 | batch=00300/01041 | total=4.59231e-02 | object=4.59231e-02 | physics=0.00000e+00 | elapsed=00:12:01 | eta=00:29:42 | data_wait=0.43s
2026-09-16 21:11:19 | INFO    | TRAIN | epoch=031/100 | batch=00350/01041 | total=4.77835e-02 | object=4.77835e-02 | physics=0.00000e+00 | elapsed=00:13:58 | eta=00:27:35 | data_wait=0.44s
2026-09-16 21:13:22 | INFO    | TRAIN | epoch=031/100 | batch=00400/01041 | total=4.63047e-02 | object=4.63047e-02 | physics=0.00000e+00 | elapsed=00:16:01 | eta=00:25:41 | data_wait=0.46s
2026-09-16 21:15:23 | INFO    | TRAIN | epoch=031/100 | batch=00450/01041 | total=4.60188e-02 | object=4.60188e-02 | physics=0.00000e+00 | elapsed=00:18:02 | eta=00:23:41 | data_wait=0.48s
2026-09-16 21:17:20 | INFO    | TRAIN | epoch=031/100 | batch=00500/01041 | total=4.95459e-02 | object=4.95459e-02 | physics=0.00000e+00 | elapsed=00:19:59 | eta=00:21:38 | data_wait=0.49s
2026-09-16 21:19:18 | INFO    | TRAIN | epoch=031/100 | batch=00550/01041 | total=4.27190e-02 | object=4.27190e-02 | physics=0.00000e+00 | elapsed=00:21:57 | eta=00:19:36 | data_wait=0.50s
2026-09-16 21:21:20 | INFO    | TRAIN | epoch=031/100 | batch=00600/01041 | total=4.50024e-02 | object=4.50024e-02 | physics=0.00000e+00 | elapsed=00:23:59 | eta=00:17:38 | data_wait=0.53s
2026-09-16 21:23:19 | INFO    | TRAIN | epoch=031/100 | batch=00650/01041 | total=4.69813e-02 | object=4.69813e-02 | physics=0.00000e+00 | elapsed=00:25:58 | eta=00:15:37 | data_wait=0.55s
2026-09-16 21:25:20 | INFO    | TRAIN | epoch=031/100 | batch=00700/01041 | total=4.62775e-02 | object=4.62775e-02 | physics=0.00000e+00 | elapsed=00:27:59 | eta=00:13:38 | data_wait=0.57s
2026-09-16 21:27:21 | INFO    | TRAIN | epoch=031/100 | batch=00750/01041 | total=4.33494e-02 | object=4.33494e-02 | physics=0.00000e+00 | elapsed=00:30:01 | eta=00:11:39 | data_wait=0.58s
2026-09-16 21:29:19 | INFO    | TRAIN | epoch=031/100 | batch=00800/01041 | total=4.84570e-02 | object=4.84570e-02 | physics=0.00000e+00 | elapsed=00:31:59 | eta=00:09:38 | data_wait=0.60s
2026-09-16 21:31:17 | INFO    | TRAIN | epoch=031/100 | batch=00850/01041 | total=5.01194e-02 | object=5.01194e-02 | physics=0.00000e+00 | elapsed=00:33:57 | eta=00:07:38 | data_wait=0.62s
2026-09-16 21:33:18 | INFO    | TRAIN | epoch=031/100 | batch=00900/01041 | total=4.53740e-02 | object=4.53740e-02 | physics=0.00000e+00 | elapsed=00:35:57 | eta=00:05:38 | data_wait=0.63s
2026-09-16 21:35:20 | INFO    | TRAIN | epoch=031/100 | batch=00950/01041 | total=3.98405e-02 | object=3.98405e-02 | physics=0.00000e+00 | elapsed=00:37:59 | eta=00:03:38 | data_wait=0.65s
2026-09-16 21:37:19 | INFO    | TRAIN | epoch=031/100 | batch=01000/01041 | total=4.72973e-02 | object=4.72973e-02 | physics=0.00000e+00 | elapsed=00:39:59 | eta=00:01:38 | data_wait=0.67s
2026-09-16 21:39:01 | INFO    | TRAIN | epoch=031/100 | batch=01041/01041 | total=4.32566e-02 | object=4.32566e-02 | physics=0.00000e+00 | elapsed=00:41:40 | eta=00:00:00 | data_wait=0.69s
2026-09-16 21:39:44 | INFO    | VAL | epoch=031/100 | batch=00050/00209 | total=5.76839e-02 | object=5.76839e-02 | physics=1.37838e-03 | elapsed=00:00:43 | eta=00:02:17 | data_wait=0.54s
2026-09-16 21:40:24 | INFO    | VAL | epoch=031/100 | batch=00100/00209 | total=6.07592e-02 | object=6.07592e-02 | physics=1.34158e-03 | elapsed=00:01:23 | eta=00:01:30 | data_wait=0.56s
2026-09-16 21:41:00 | INFO    | VAL | epoch=031/100 | batch=00150/00209 | total=6.77308e-02 | object=6.77308e-02 | physics=1.74041e-03 | elapsed=00:01:59 | eta=00:00:47 | data_wait=0.59s
2026-09-16 21:41:38 | INFO    | VAL | epoch=031/100 | batch=00200/00209 | total=5.89532e-02 | object=5.89532e-02 | physics=1.20216e-03 | elapsed=00:02:37 | eta=00:00:07 | data_wait=0.60s
2026-09-16 21:41:45 | INFO    | VAL | epoch=031/100 | batch=00209/00209 | total=6.39737e-02 | object=6.39737e-02 | physics=1.26163e-03 | elapsed=00:02:44 | eta=00:00:00 | data_wait=0.61s
2026-09-16 21:41:45 | INFO    | Epoch 031 complete | train=4.54986e-02 | val=5.99175e-02 | best=5.88411e-02 | real=3.13057e-02 | imag=2.86118e-02 | lr=1.564e-04 | epoch_time=00:44:24 | eta=2d 00:16:42 | finish=2026-09-18 21:58:27 CST
2026-09-16 21:43:43 | INFO    | TRAIN | epoch=032/100 | batch=00050/01041 | total=4.32125e-02 | object=4.32125e-02 | physics=0.00000e+00 | elapsed=00:01:58 | eta=00:39:03 | data_wait=0.32s
2026-09-16 21:45:41 | INFO    | TRAIN | epoch=032/100 | batch=00100/01041 | total=4.30911e-02 | object=4.30911e-02 | physics=0.00000e+00 | elapsed=00:03:56 | eta=00:37:03 | data_wait=0.34s
2026-09-16 21:47:39 | INFO    | TRAIN | epoch=032/100 | batch=00150/01041 | total=4.45328e-02 | object=4.45328e-02 | physics=0.00000e+00 | elapsed=00:05:54 | eta=00:35:01 | data_wait=0.35s
2026-09-16 21:49:38 | INFO    | TRAIN | epoch=032/100 | batch=00200/01041 | total=4.42289e-02 | object=4.42289e-02 | physics=0.00000e+00 | elapsed=00:07:53 | eta=00:33:09 | data_wait=0.37s
2026-09-16 21:51:38 | INFO    | TRAIN | epoch=032/100 | batch=00250/01041 | total=4.58993e-02 | object=4.58993e-02 | physics=0.00000e+00 | elapsed=00:09:53 | eta=00:31:17 | data_wait=0.39s
2026-09-16 21:53:37 | INFO    | TRAIN | epoch=032/100 | batch=00300/01041 | total=5.00890e-02 | object=5.00890e-02 | physics=0.00000e+00 | elapsed=00:11:52 | eta=00:29:19 | data_wait=0.41s
2026-09-16 21:55:39 | INFO    | TRAIN | epoch=032/100 | batch=00350/01041 | total=4.12175e-02 | object=4.12175e-02 | physics=0.00000e+00 | elapsed=00:13:54 | eta=00:27:27 | data_wait=0.42s
2026-09-16 21:57:41 | INFO    | TRAIN | epoch=032/100 | batch=00400/01041 | total=4.37257e-02 | object=4.37257e-02 | physics=0.00000e+00 | elapsed=00:15:56 | eta=00:25:32 | data_wait=0.44s
2026-09-16 21:59:38 | INFO    | TRAIN | epoch=032/100 | batch=00450/01041 | total=3.82395e-02 | object=3.82395e-02 | physics=0.00000e+00 | elapsed=00:17:53 | eta=00:23:29 | data_wait=0.46s
2026-09-16 22:01:35 | INFO    | TRAIN | epoch=032/100 | batch=00500/01041 | total=4.48553e-02 | object=4.48553e-02 | physics=0.00000e+00 | elapsed=00:19:50 | eta=00:21:28 | data_wait=0.47s
2026-09-16 22:03:36 | INFO    | TRAIN | epoch=032/100 | batch=00550/01041 | total=4.59443e-02 | object=4.59443e-02 | physics=0.00000e+00 | elapsed=00:21:51 | eta=00:19:30 | data_wait=0.49s
2026-09-16 22:05:38 | INFO    | TRAIN | epoch=032/100 | batch=00600/01041 | total=4.69812e-02 | object=4.69812e-02 | physics=0.00000e+00 | elapsed=00:23:53 | eta=00:17:33 | data_wait=0.50s
2026-09-16 22:07:38 | INFO    | TRAIN | epoch=032/100 | batch=00650/01041 | total=4.27633e-02 | object=4.27633e-02 | physics=0.00000e+00 | elapsed=00:25:53 | eta=00:15:34 | data_wait=0.52s
2026-09-16 22:09:38 | INFO    | TRAIN | epoch=032/100 | batch=00700/01041 | total=4.93910e-02 | object=4.93910e-02 | physics=0.00000e+00 | elapsed=00:27:53 | eta=00:13:35 | data_wait=0.53s
2026-09-16 22:11:37 | INFO    | TRAIN | epoch=032/100 | batch=00750/01041 | total=4.53410e-02 | object=4.53410e-02 | physics=0.00000e+00 | elapsed=00:29:52 | eta=00:11:35 | data_wait=0.55s
2026-09-16 22:13:41 | INFO    | TRAIN | epoch=032/100 | batch=00800/01041 | total=4.38441e-02 | object=4.38441e-02 | physics=0.00000e+00 | elapsed=00:31:56 | eta=00:09:37 | data_wait=0.57s
2026-09-16 22:16:08 | INFO    | TRAIN | epoch=032/100 | batch=00850/01041 | total=4.76314e-02 | object=4.76314e-02 | physics=0.00000e+00 | elapsed=00:34:22 | eta=00:07:43 | data_wait=0.58s
2026-09-16 22:18:53 | INFO    | TRAIN | epoch=032/100 | batch=00900/01041 | total=4.53208e-02 | object=4.53208e-02 | physics=0.00000e+00 | elapsed=00:37:08 | eta=00:05:49 | data_wait=0.60s
2026-09-16 22:20:53 | INFO    | TRAIN | epoch=032/100 | batch=00950/01041 | total=4.22623e-02 | object=4.22623e-02 | physics=0.00000e+00 | elapsed=00:39:08 | eta=00:03:45 | data_wait=0.61s
2026-09-16 22:22:51 | INFO    | TRAIN | epoch=032/100 | batch=01000/01041 | total=4.70240e-02 | object=4.70240e-02 | physics=0.00000e+00 | elapsed=00:41:06 | eta=00:01:41 | data_wait=0.63s
2026-09-16 22:24:27 | INFO    | TRAIN | epoch=032/100 | batch=01041/01041 | total=4.41953e-02 | object=4.41953e-02 | physics=0.00000e+00 | elapsed=00:42:42 | eta=00:00:00 | data_wait=0.65s
2026-09-16 22:25:08 | INFO    | VAL | epoch=032/100 | batch=00050/00209 | total=5.91223e-02 | object=5.91223e-02 | physics=1.35410e-03 | elapsed=00:00:41 | eta=00:02:12 | data_wait=0.44s
2026-09-16 22:25:45 | INFO    | VAL | epoch=032/100 | batch=00100/00209 | total=6.35092e-02 | object=6.35092e-02 | physics=1.33037e-03 | elapsed=00:01:18 | eta=00:01:25 | data_wait=0.46s
2026-09-16 22:26:24 | INFO    | VAL | epoch=032/100 | batch=00150/00209 | total=7.13996e-02 | object=7.13996e-02 | physics=1.69863e-03 | elapsed=00:01:57 | eta=00:00:46 | data_wait=0.48s
2026-09-16 22:27:03 | INFO    | VAL | epoch=032/100 | batch=00200/00209 | total=5.80601e-02 | object=5.80601e-02 | physics=1.15474e-03 | elapsed=00:02:36 | eta=00:00:07 | data_wait=0.50s
2026-09-16 22:27:09 | INFO    | VAL | epoch=032/100 | batch=00209/00209 | total=6.49878e-02 | object=6.49878e-02 | physics=1.24654e-03 | elapsed=00:02:42 | eta=00:00:00 | data_wait=0.50s
2026-09-16 22:27:10 | INFO    | Epoch 032 complete | train=4.46950e-02 | val=6.17388e-02 | best=5.88411e-02 | real=3.23941e-02 | imag=2.93448e-02 | lr=1.538e-04 | epoch_time=00:45:25 | eta=1d 23:42:00 | finish=2026-09-18 22:09:10 CST
2026-09-16 22:28:49 | INFO    | TRAIN | epoch=033/100 | batch=00050/01041 | total=4.92390e-02 | object=4.92390e-02 | physics=0.00000e+00 | elapsed=00:01:39 | eta=00:32:48 | data_wait=0.37s
2026-09-16 22:30:23 | INFO    | TRAIN | epoch=033/100 | batch=00100/01041 | total=4.59122e-02 | object=4.59122e-02 | physics=0.00000e+00 | elapsed=00:03:13 | eta=00:30:19 | data_wait=0.38s
2026-09-16 22:31:59 | INFO    | TRAIN | epoch=033/100 | batch=00150/01041 | total=4.15435e-02 | object=4.15435e-02 | physics=0.00000e+00 | elapsed=00:04:49 | eta=00:28:36 | data_wait=0.39s
2026-09-16 22:33:33 | INFO    | TRAIN | epoch=033/100 | batch=00200/01041 | total=4.05803e-02 | object=4.05803e-02 | physics=0.00000e+00 | elapsed=00:06:23 | eta=00:26:50 | data_wait=0.40s
2026-09-16 22:35:07 | INFO    | TRAIN | epoch=033/100 | batch=00250/01041 | total=4.36585e-02 | object=4.36585e-02 | physics=0.00000e+00 | elapsed=00:07:57 | eta=00:25:10 | data_wait=0.41s
2026-09-16 22:36:43 | INFO    | TRAIN | epoch=033/100 | batch=00300/01041 | total=4.31714e-02 | object=4.31714e-02 | physics=0.00000e+00 | elapsed=00:09:33 | eta=00:23:36 | data_wait=0.43s
2026-09-16 22:38:21 | INFO    | TRAIN | epoch=033/100 | batch=00350/01041 | total=4.26776e-02 | object=4.26776e-02 | physics=0.00000e+00 | elapsed=00:11:11 | eta=00:22:05 | data_wait=0.44s
2026-09-16 22:39:57 | INFO    | TRAIN | epoch=033/100 | batch=00400/01041 | total=4.29243e-02 | object=4.29243e-02 | physics=0.00000e+00 | elapsed=00:12:47 | eta=00:20:29 | data_wait=0.45s
2026-09-16 22:41:33 | INFO    | TRAIN | epoch=033/100 | batch=00450/01041 | total=4.55188e-02 | object=4.55188e-02 | physics=0.00000e+00 | elapsed=00:14:23 | eta=00:18:54 | data_wait=0.46s
2026-09-16 22:43:07 | INFO    | TRAIN | epoch=033/100 | batch=00500/01041 | total=4.96991e-02 | object=4.96991e-02 | physics=0.00000e+00 | elapsed=00:15:58 | eta=00:17:16 | data_wait=0.47s
2026-09-16 22:44:41 | INFO    | TRAIN | epoch=033/100 | batch=00550/01041 | total=4.16952e-02 | object=4.16952e-02 | physics=0.00000e+00 | elapsed=00:17:32 | eta=00:15:39 | data_wait=0.48s
2026-09-16 22:46:16 | INFO    | TRAIN | epoch=033/100 | batch=00600/01041 | total=4.54040e-02 | object=4.54040e-02 | physics=0.00000e+00 | elapsed=00:19:06 | eta=00:14:02 | data_wait=0.50s
2026-09-16 22:47:48 | INFO    | TRAIN | epoch=033/100 | batch=00650/01041 | total=4.49835e-02 | object=4.49835e-02 | physics=0.00000e+00 | elapsed=00:20:38 | eta=00:12:25 | data_wait=0.51s
2026-09-16 22:49:21 | INFO    | TRAIN | epoch=033/100 | batch=00700/01041 | total=4.21391e-02 | object=4.21391e-02 | physics=0.00000e+00 | elapsed=00:22:11 | eta=00:10:49 | data_wait=0.52s
2026-09-16 22:50:56 | INFO    | TRAIN | epoch=033/100 | batch=00750/01041 | total=4.36331e-02 | object=4.36331e-02 | physics=0.00000e+00 | elapsed=00:23:47 | eta=00:09:14 | data_wait=0.53s
2026-09-16 22:52:32 | INFO    | TRAIN | epoch=033/100 | batch=00800/01041 | total=4.55985e-02 | object=4.55985e-02 | physics=0.00000e+00 | elapsed=00:25:22 | eta=00:07:39 | data_wait=0.54s
2026-09-16 22:54:09 | INFO    | TRAIN | epoch=033/100 | batch=00850/01041 | total=4.43773e-02 | object=4.43773e-02 | physics=0.00000e+00 | elapsed=00:26:59 | eta=00:06:04 | data_wait=0.55s
2026-09-16 22:55:48 | INFO    | TRAIN | epoch=033/100 | batch=00900/01041 | total=4.12321e-02 | object=4.12321e-02 | physics=0.00000e+00 | elapsed=00:28:38 | eta=00:04:29 | data_wait=0.56s
2026-09-16 22:57:25 | INFO    | TRAIN | epoch=033/100 | batch=00950/01041 | total=4.37525e-02 | object=4.37525e-02 | physics=0.00000e+00 | elapsed=00:30:15 | eta=00:02:54 | data_wait=0.57s
2026-09-16 22:59:01 | INFO    | TRAIN | epoch=033/100 | batch=01000/01041 | total=4.45258e-02 | object=4.45258e-02 | physics=0.00000e+00 | elapsed=00:31:51 | eta=00:01:18 | data_wait=0.58s
2026-09-16 23:00:20 | INFO    | TRAIN | epoch=033/100 | batch=01041/01041 | total=3.92675e-02 | object=3.92675e-02 | physics=0.00000e+00 | elapsed=00:33:10 | eta=00:00:00 | data_wait=0.59s
2026-09-16 23:00:59 | INFO    | VAL | epoch=033/100 | batch=00050/00209 | total=5.79594e-02 | object=5.79594e-02 | physics=1.35943e-03 | elapsed=00:00:39 | eta=00:02:03 | data_wait=0.33s
2026-09-16 23:01:30 | INFO    | VAL | epoch=033/100 | batch=00100/00209 | total=5.73327e-02 | object=5.73327e-02 | physics=1.30502e-03 | elapsed=00:01:10 | eta=00:01:16 | data_wait=0.34s
2026-09-16 23:02:08 | INFO    | VAL | epoch=033/100 | batch=00150/00209 | total=6.87989e-02 | object=6.87989e-02 | physics=1.73362e-03 | elapsed=00:01:48 | eta=00:00:42 | data_wait=0.35s
2026-09-16 23:02:46 | INFO    | VAL | epoch=033/100 | batch=00200/00209 | total=6.06460e-02 | object=6.06460e-02 | physics=1.18967e-03 | elapsed=00:02:26 | eta=00:00:07 | data_wait=0.36s
2026-09-16 23:02:52 | INFO    | VAL | epoch=033/100 | batch=00209/00209 | total=6.27276e-02 | object=6.27276e-02 | physics=1.24890e-03 | elapsed=00:02:32 | eta=00:00:00 | data_wait=0.37s
2026-09-16 23:02:52 | INFO    | Epoch 033 complete | train=4.40728e-02 | val=5.95993e-02 | best=5.88411e-02 | real=3.10943e-02 | imag=2.85050e-02 | lr=1.511e-04 | epoch_time=00:35:42 | eta=1d 22:46:57 | finish=2026-09-18 21:49:49 CST
2026-09-16 23:04:29 | INFO    | TRAIN | epoch=034/100 | batch=00050/01041 | total=4.07821e-02 | object=4.07821e-02 | physics=0.00000e+00 | elapsed=00:01:37 | eta=00:32:05 | data_wait=0.21s
2026-09-16 23:06:05 | INFO    | TRAIN | epoch=034/100 | batch=00100/01041 | total=3.91393e-02 | object=3.91393e-02 | physics=0.00000e+00 | elapsed=00:03:13 | eta=00:30:12 | data_wait=0.22s
2026-09-16 23:07:41 | INFO    | TRAIN | epoch=034/100 | batch=00150/01041 | total=4.46037e-02 | object=4.46037e-02 | physics=0.00000e+00 | elapsed=00:04:49 | eta=00:28:34 | data_wait=0.24s
2026-09-16 23:09:18 | INFO    | TRAIN | epoch=034/100 | batch=00200/01041 | total=4.39533e-02 | object=4.39533e-02 | physics=0.00000e+00 | elapsed=00:06:26 | eta=00:27:01 | data_wait=0.25s
2026-09-16 23:10:55 | INFO    | TRAIN | epoch=034/100 | batch=00250/01041 | total=4.44047e-02 | object=4.44047e-02 | physics=0.00000e+00 | elapsed=00:08:03 | eta=00:25:28 | data_wait=0.26s
2026-09-16 23:12:34 | INFO    | TRAIN | epoch=034/100 | batch=00300/01041 | total=4.88861e-02 | object=4.88861e-02 | physics=0.00000e+00 | elapsed=00:09:42 | eta=00:23:57 | data_wait=0.27s
2026-09-16 23:14:10 | INFO    | TRAIN | epoch=034/100 | batch=00350/01041 | total=4.54308e-02 | object=4.54308e-02 | physics=0.00000e+00 | elapsed=00:11:18 | eta=00:22:18 | data_wait=0.28s
2026-09-16 23:15:47 | INFO    | TRAIN | epoch=034/100 | batch=00400/01041 | total=4.37875e-02 | object=4.37875e-02 | physics=0.00000e+00 | elapsed=00:12:55 | eta=00:20:42 | data_wait=0.29s
2026-09-16 23:17:21 | INFO    | TRAIN | epoch=034/100 | batch=00450/01041 | total=4.37124e-02 | object=4.37124e-02 | physics=0.00000e+00 | elapsed=00:14:29 | eta=00:19:02 | data_wait=0.30s
2026-09-16 23:18:57 | INFO    | TRAIN | epoch=034/100 | batch=00500/01041 | total=4.22787e-02 | object=4.22787e-02 | physics=0.00000e+00 | elapsed=00:16:05 | eta=00:17:24 | data_wait=0.31s
2026-09-16 23:20:33 | INFO    | TRAIN | epoch=034/100 | batch=00550/01041 | total=4.07126e-02 | object=4.07126e-02 | physics=0.00000e+00 | elapsed=00:17:41 | eta=00:15:47 | data_wait=0.33s
2026-09-16 23:22:07 | INFO    | TRAIN | epoch=034/100 | batch=00600/01041 | total=4.35460e-02 | object=4.35460e-02 | physics=0.00000e+00 | elapsed=00:19:15 | eta=00:14:09 | data_wait=0.34s
2026-09-16 23:23:42 | INFO    | TRAIN | epoch=034/100 | batch=00650/01041 | total=4.33732e-02 | object=4.33732e-02 | physics=0.00000e+00 | elapsed=00:20:50 | eta=00:12:32 | data_wait=0.35s
2026-09-16 23:25:19 | INFO    | TRAIN | epoch=034/100 | batch=00700/01041 | total=4.49912e-02 | object=4.49912e-02 | physics=0.00000e+00 | elapsed=00:22:26 | eta=00:10:56 | data_wait=0.36s
2026-09-16 23:26:53 | INFO    | TRAIN | epoch=034/100 | batch=00750/01041 | total=4.41487e-02 | object=4.41487e-02 | physics=0.00000e+00 | elapsed=00:24:01 | eta=00:09:19 | data_wait=0.37s
2026-09-16 23:28:27 | INFO    | TRAIN | epoch=034/100 | batch=00800/01041 | total=4.36840e-02 | object=4.36840e-02 | physics=0.00000e+00 | elapsed=00:25:35 | eta=00:07:42 | data_wait=0.38s
2026-09-16 23:30:01 | INFO    | TRAIN | epoch=034/100 | batch=00850/01041 | total=4.24779e-02 | object=4.24779e-02 | physics=0.00000e+00 | elapsed=00:27:09 | eta=00:06:06 | data_wait=0.39s
2026-09-16 23:31:35 | INFO    | TRAIN | epoch=034/100 | batch=00900/01041 | total=4.89877e-02 | object=4.89877e-02 | physics=0.00000e+00 | elapsed=00:28:42 | eta=00:04:30 | data_wait=0.40s
2026-09-16 23:33:08 | INFO    | TRAIN | epoch=034/100 | batch=00950/01041 | total=4.53422e-02 | object=4.53422e-02 | physics=0.00000e+00 | elapsed=00:30:15 | eta=00:02:54 | data_wait=0.41s
2026-09-16 23:34:42 | INFO    | TRAIN | epoch=034/100 | batch=01000/01041 | total=4.69764e-02 | object=4.69764e-02 | physics=0.00000e+00 | elapsed=00:31:50 | eta=00:01:18 | data_wait=0.42s
2026-09-16 23:35:59 | INFO    | TRAIN | epoch=034/100 | batch=01041/01041 | total=4.74749e-02 | object=4.74749e-02 | physics=0.00000e+00 | elapsed=00:33:07 | eta=00:00:00 | data_wait=0.43s
2026-09-16 23:36:32 | INFO    | VAL | epoch=034/100 | batch=00050/00209 | total=5.62820e-02 | object=5.62820e-02 | physics=1.35038e-03 | elapsed=00:00:33 | eta=00:01:45 | data_wait=0.23s
2026-09-16 23:37:07 | INFO    | VAL | epoch=034/100 | batch=00100/00209 | total=5.94084e-02 | object=5.94084e-02 | physics=1.31613e-03 | elapsed=00:01:08 | eta=00:01:14 | data_wait=0.25s
2026-09-16 23:37:44 | INFO    | VAL | epoch=034/100 | batch=00150/00209 | total=6.65997e-02 | object=6.65997e-02 | physics=1.69639e-03 | elapsed=00:01:45 | eta=00:00:41 | data_wait=0.26s
2026-09-16 23:38:21 | INFO    | VAL | epoch=034/100 | batch=00200/00209 | total=5.61133e-02 | object=5.61133e-02 | physics=1.16271e-03 | elapsed=00:02:22 | eta=00:00:06 | data_wait=0.27s
2026-09-16 23:38:26 | INFO    | VAL | epoch=034/100 | batch=00209/00209 | total=5.49380e-02 | object=5.49380e-02 | physics=1.20014e-03 | elapsed=00:02:27 | eta=00:00:00 | data_wait=0.27s
2026-09-16 23:38:27 | INFO    | Epoch 034 complete | train=4.35303e-02 | val=5.81981e-02 | best=5.81981e-02 | real=3.03867e-02 | imag=2.78114e-02 | lr=1.484e-04 | epoch_time=00:35:35 | eta=1d 21:52:48 | finish=2026-09-18 21:31:15 CST
2026-09-16 23:40:00 | INFO    | TRAIN | epoch=035/100 | batch=00050/01041 | total=4.37133e-02 | object=4.37133e-02 | physics=0.00000e+00 | elapsed=00:01:33 | eta=00:30:51 | data_wait=0.26s
2026-09-16 23:41:33 | INFO    | TRAIN | epoch=035/100 | batch=00100/01041 | total=4.26851e-02 | object=4.26851e-02 | physics=0.00000e+00 | elapsed=00:03:06 | eta=00:29:13 | data_wait=0.27s
2026-09-16 23:43:07 | INFO    | TRAIN | epoch=035/100 | batch=00150/01041 | total=4.26879e-02 | object=4.26879e-02 | physics=0.00000e+00 | elapsed=00:04:40 | eta=00:27:41 | data_wait=0.28s
2026-09-16 23:44:40 | INFO    | TRAIN | epoch=035/100 | batch=00200/01041 | total=4.11092e-02 | object=4.11092e-02 | physics=0.00000e+00 | elapsed=00:06:13 | eta=00:26:09 | data_wait=0.29s
2026-09-16 23:46:14 | INFO    | TRAIN | epoch=035/100 | batch=00250/01041 | total=4.49853e-02 | object=4.49853e-02 | physics=0.00000e+00 | elapsed=00:07:47 | eta=00:24:37 | data_wait=0.30s
2026-09-16 23:47:47 | INFO    | TRAIN | epoch=035/100 | batch=00300/01041 | total=4.62600e-02 | object=4.62600e-02 | physics=0.00000e+00 | elapsed=00:09:20 | eta=00:23:04 | data_wait=0.31s
2026-09-16 23:49:21 | INFO    | TRAIN | epoch=035/100 | batch=00350/01041 | total=4.36376e-02 | object=4.36376e-02 | physics=0.00000e+00 | elapsed=00:10:54 | eta=00:21:31 | data_wait=0.32s
2026-09-16 23:50:53 | INFO    | TRAIN | epoch=035/100 | batch=00400/01041 | total=4.13955e-02 | object=4.13955e-02 | physics=0.00000e+00 | elapsed=00:12:26 | eta=00:19:55 | data_wait=0.33s
2026-09-16 23:52:26 | INFO    | TRAIN | epoch=035/100 | batch=00450/01041 | total=4.04817e-02 | object=4.04817e-02 | physics=0.00000e+00 | elapsed=00:13:59 | eta=00:18:22 | data_wait=0.35s
2026-09-16 23:54:00 | INFO    | TRAIN | epoch=035/100 | batch=00500/01041 | total=4.06246e-02 | object=4.06246e-02 | physics=0.00000e+00 | elapsed=00:15:33 | eta=00:16:49 | data_wait=0.36s
2026-09-16 23:55:30 | INFO    | TRAIN | epoch=035/100 | batch=00550/01041 | total=4.54576e-02 | object=4.54576e-02 | physics=0.00000e+00 | elapsed=00:17:03 | eta=00:15:14 | data_wait=0.37s
2026-09-16 23:57:03 | INFO    | TRAIN | epoch=035/100 | batch=00600/01041 | total=4.17606e-02 | object=4.17606e-02 | physics=0.00000e+00 | elapsed=00:18:36 | eta=00:13:40 | data_wait=0.38s
2026-09-16 23:58:36 | INFO    | TRAIN | epoch=035/100 | batch=00650/01041 | total=3.88010e-02 | object=3.88010e-02 | physics=0.00000e+00 | elapsed=00:20:09 | eta=00:12:08 | data_wait=0.39s
2026-09-17 00:00:10 | INFO    | TRAIN | epoch=035/100 | batch=00700/01041 | total=4.41161e-02 | object=4.41161e-02 | physics=0.00000e+00 | elapsed=00:21:43 | eta=00:10:35 | data_wait=0.40s
2026-09-17 00:01:44 | INFO    | TRAIN | epoch=035/100 | batch=00750/01041 | total=4.29049e-02 | object=4.29049e-02 | physics=0.00000e+00 | elapsed=00:23:17 | eta=00:09:02 | data_wait=0.41s
2026-09-17 00:03:16 | INFO    | TRAIN | epoch=035/100 | batch=00800/01041 | total=4.01127e-02 | object=4.01127e-02 | physics=0.00000e+00 | elapsed=00:24:49 | eta=00:07:29 | data_wait=0.42s
2026-09-17 00:04:49 | INFO    | TRAIN | epoch=035/100 | batch=00850/01041 | total=3.99498e-02 | object=3.99498e-02 | physics=0.00000e+00 | elapsed=00:26:22 | eta=00:05:55 | data_wait=0.43s
2026-09-17 00:06:19 | INFO    | TRAIN | epoch=035/100 | batch=00900/01041 | total=4.15655e-02 | object=4.15655e-02 | physics=0.00000e+00 | elapsed=00:27:52 | eta=00:04:22 | data_wait=0.44s
2026-09-17 00:07:53 | INFO    | TRAIN | epoch=035/100 | batch=00950/01041 | total=4.46077e-02 | object=4.46077e-02 | physics=0.00000e+00 | elapsed=00:29:26 | eta=00:02:49 | data_wait=0.46s
2026-09-17 00:09:25 | INFO    | TRAIN | epoch=035/100 | batch=01000/01041 | total=4.15437e-02 | object=4.15437e-02 | physics=0.00000e+00 | elapsed=00:30:58 | eta=00:01:16 | data_wait=0.47s
2026-09-17 00:10:39 | INFO    | TRAIN | epoch=035/100 | batch=01041/01041 | total=4.18969e-02 | object=4.18969e-02 | physics=0.00000e+00 | elapsed=00:32:12 | eta=00:00:00 | data_wait=0.48s
2026-09-17 00:11:14 | INFO    | VAL | epoch=035/100 | batch=00050/00209 | total=5.61642e-02 | object=5.61642e-02 | physics=1.32932e-03 | elapsed=00:00:35 | eta=00:01:52 | data_wait=0.16s
2026-09-17 00:11:46 | INFO    | VAL | epoch=035/100 | batch=00100/00209 | total=5.86772e-02 | object=5.86772e-02 | physics=1.30228e-03 | elapsed=00:01:07 | eta=00:01:14 | data_wait=0.18s
2026-09-17 00:12:22 | INFO    | VAL | epoch=035/100 | batch=00150/00209 | total=6.86860e-02 | object=6.86860e-02 | physics=1.71257e-03 | elapsed=00:01:43 | eta=00:00:40 | data_wait=0.19s
2026-09-17 00:12:57 | INFO    | VAL | epoch=035/100 | batch=00200/00209 | total=5.78948e-02 | object=5.78948e-02 | physics=1.16600e-03 | elapsed=00:02:18 | eta=00:00:06 | data_wait=0.20s
2026-09-17 00:13:03 | INFO    | VAL | epoch=035/100 | batch=00209/00209 | total=6.18471e-02 | object=6.18471e-02 | physics=1.22570e-03 | elapsed=00:02:24 | eta=00:00:00 | data_wait=0.20s
2026-09-17 00:13:03 | INFO    | Epoch 035 complete | train=4.29394e-02 | val=5.93637e-02 | best=5.81981e-02 | real=3.10261e-02 | imag=2.83377e-02 | lr=1.457e-04 | epoch_time=00:34:36 | eta=1d 20:57:54 | finish=2026-09-18 21:10:57 CST
2026-09-17 00:14:37 | INFO    | TRAIN | epoch=036/100 | batch=00050/01041 | total=4.34115e-02 | object=4.34115e-02 | physics=0.00000e+00 | elapsed=00:01:33 | eta=00:30:48 | data_wait=0.20s
2026-09-17 00:16:10 | INFO    | TRAIN | epoch=036/100 | batch=00100/01041 | total=4.35351e-02 | object=4.35351e-02 | physics=0.00000e+00 | elapsed=00:03:07 | eta=00:29:16 | data_wait=0.21s
2026-09-17 00:17:40 | INFO    | TRAIN | epoch=036/100 | batch=00150/01041 | total=4.32709e-02 | object=4.32709e-02 | physics=0.00000e+00 | elapsed=00:04:37 | eta=00:27:24 | data_wait=0.22s
2026-09-17 00:19:14 | INFO    | TRAIN | epoch=036/100 | batch=00200/01041 | total=3.92617e-02 | object=3.92617e-02 | physics=0.00000e+00 | elapsed=00:06:10 | eta=00:25:57 | data_wait=0.23s
2026-09-17 00:20:45 | INFO    | TRAIN | epoch=036/100 | batch=00250/01041 | total=4.45173e-02 | object=4.45173e-02 | physics=0.00000e+00 | elapsed=00:07:42 | eta=00:24:20 | data_wait=0.24s
2026-09-17 00:22:15 | INFO    | TRAIN | epoch=036/100 | batch=00300/01041 | total=4.14069e-02 | object=4.14069e-02 | physics=0.00000e+00 | elapsed=00:09:11 | eta=00:22:42 | data_wait=0.25s
2026-09-17 00:23:45 | INFO    | TRAIN | epoch=036/100 | batch=00350/01041 | total=4.58976e-02 | object=4.58976e-02 | physics=0.00000e+00 | elapsed=00:10:41 | eta=00:21:06 | data_wait=0.26s
2026-09-17 00:25:15 | INFO    | TRAIN | epoch=036/100 | batch=00400/01041 | total=3.85978e-02 | object=3.85978e-02 | physics=0.00000e+00 | elapsed=00:12:12 | eta=00:19:33 | data_wait=0.27s
2026-09-17 00:26:45 | INFO    | TRAIN | epoch=036/100 | batch=00450/01041 | total=4.10446e-02 | object=4.10446e-02 | physics=0.00000e+00 | elapsed=00:13:42 | eta=00:17:59 | data_wait=0.28s
2026-09-17 00:28:14 | INFO    | TRAIN | epoch=036/100 | batch=00500/01041 | total=4.27030e-02 | object=4.27030e-02 | physics=0.00000e+00 | elapsed=00:15:11 | eta=00:16:26 | data_wait=0.29s
2026-09-17 00:29:44 | INFO    | TRAIN | epoch=036/100 | batch=00550/01041 | total=4.38450e-02 | object=4.38450e-02 | physics=0.00000e+00 | elapsed=00:16:41 | eta=00:14:54 | data_wait=0.30s
2026-09-17 00:31:13 | INFO    | TRAIN | epoch=036/100 | batch=00600/01041 | total=3.92757e-02 | object=3.92757e-02 | physics=0.00000e+00 | elapsed=00:18:10 | eta=00:13:21 | data_wait=0.31s
2026-09-17 00:32:42 | INFO    | TRAIN | epoch=036/100 | batch=00650/01041 | total=4.32116e-02 | object=4.32116e-02 | physics=0.00000e+00 | elapsed=00:19:39 | eta=00:11:49 | data_wait=0.32s
2026-09-17 00:34:12 | INFO    | TRAIN | epoch=036/100 | batch=00700/01041 | total=4.39977e-02 | object=4.39977e-02 | physics=0.00000e+00 | elapsed=00:21:09 | eta=00:10:18 | data_wait=0.33s
2026-09-17 00:35:42 | INFO    | TRAIN | epoch=036/100 | batch=00750/01041 | total=4.03171e-02 | object=4.03171e-02 | physics=0.00000e+00 | elapsed=00:22:38 | eta=00:08:47 | data_wait=0.34s
2026-09-17 00:37:10 | INFO    | TRAIN | epoch=036/100 | batch=00800/01041 | total=4.53978e-02 | object=4.53978e-02 | physics=0.00000e+00 | elapsed=00:24:07 | eta=00:07:16 | data_wait=0.35s
2026-09-17 00:38:40 | INFO    | TRAIN | epoch=036/100 | batch=00850/01041 | total=4.06003e-02 | object=4.06003e-02 | physics=0.00000e+00 | elapsed=00:25:37 | eta=00:05:45 | data_wait=0.36s
2026-09-17 00:40:08 | INFO    | TRAIN | epoch=036/100 | batch=00900/01041 | total=4.06234e-02 | object=4.06234e-02 | physics=0.00000e+00 | elapsed=00:27:05 | eta=00:04:15 | data_wait=0.37s
2026-09-17 00:41:38 | INFO    | TRAIN | epoch=036/100 | batch=00950/01041 | total=4.71662e-02 | object=4.71662e-02 | physics=0.00000e+00 | elapsed=00:28:35 | eta=00:02:44 | data_wait=0.38s
2026-09-17 00:43:08 | INFO    | TRAIN | epoch=036/100 | batch=01000/01041 | total=4.01949e-02 | object=4.01949e-02 | physics=0.00000e+00 | elapsed=00:30:05 | eta=00:01:14 | data_wait=0.39s
2026-09-17 00:44:19 | INFO    | TRAIN | epoch=036/100 | batch=01041/01041 | total=3.93105e-02 | object=3.93105e-02 | physics=0.00000e+00 | elapsed=00:31:16 | eta=00:00:00 | data_wait=0.40s
2026-09-17 00:44:53 | INFO    | VAL | epoch=036/100 | batch=00050/00209 | total=5.97676e-02 | object=5.97676e-02 | physics=1.36154e-03 | elapsed=00:00:34 | eta=00:01:47 | data_wait=0.19s
2026-09-17 00:45:25 | INFO    | VAL | epoch=036/100 | batch=00100/00209 | total=6.03617e-02 | object=6.03617e-02 | physics=1.31357e-03 | elapsed=00:01:06 | eta=00:01:12 | data_wait=0.21s
2026-09-17 00:45:59 | INFO    | VAL | epoch=036/100 | batch=00150/00209 | total=6.88546e-02 | object=6.88546e-02 | physics=1.69863e-03 | elapsed=00:01:40 | eta=00:00:39 | data_wait=0.22s
2026-09-17 00:46:33 | INFO    | VAL | epoch=036/100 | batch=00200/00209 | total=5.75723e-02 | object=5.75723e-02 | physics=1.14858e-03 | elapsed=00:02:14 | eta=00:00:06 | data_wait=0.22s
2026-09-17 00:46:39 | INFO    | VAL | epoch=036/100 | batch=00209/00209 | total=6.35650e-02 | object=6.35650e-02 | physics=1.24837e-03 | elapsed=00:02:20 | eta=00:00:00 | data_wait=0.22s
2026-09-17 00:46:39 | INFO    | Epoch 036 complete | train=4.23690e-02 | val=5.95620e-02 | best=5.81981e-02 | real=3.11288e-02 | imag=2.84332e-02 | lr=1.429e-04 | epoch_time=00:33:36 | eta=1d 20:02:20 | finish=2026-09-18 20:49:00 CST
2026-09-17 00:48:10 | INFO    | TRAIN | epoch=037/100 | batch=00050/01041 | total=4.10389e-02 | object=4.10389e-02 | physics=0.00000e+00 | elapsed=00:01:31 | eta=00:30:04 | data_wait=0.20s
2026-09-17 00:49:38 | INFO    | TRAIN | epoch=037/100 | batch=00100/01041 | total=5.05702e-02 | object=5.05702e-02 | physics=0.00000e+00 | elapsed=00:02:59 | eta=00:28:01 | data_wait=0.21s
2026-09-17 00:51:07 | INFO    | TRAIN | epoch=037/100 | batch=00150/01041 | total=4.37635e-02 | object=4.37635e-02 | physics=0.00000e+00 | elapsed=00:04:28 | eta=00:26:32 | data_wait=0.22s
2026-09-17 00:52:37 | INFO    | TRAIN | epoch=037/100 | batch=00200/01041 | total=3.87012e-02 | object=3.87012e-02 | physics=0.00000e+00 | elapsed=00:05:57 | eta=00:25:02 | data_wait=0.23s
2026-09-17 00:54:06 | INFO    | TRAIN | epoch=037/100 | batch=00250/01041 | total=4.31664e-02 | object=4.31664e-02 | physics=0.00000e+00 | elapsed=00:07:27 | eta=00:23:34 | data_wait=0.24s
2026-09-17 00:55:34 | INFO    | TRAIN | epoch=037/100 | batch=00300/01041 | total=3.93888e-02 | object=3.93888e-02 | physics=0.00000e+00 | elapsed=00:08:54 | eta=00:22:00 | data_wait=0.25s
2026-09-17 00:57:01 | INFO    | TRAIN | epoch=037/100 | batch=00350/01041 | total=3.86394e-02 | object=3.86394e-02 | physics=0.00000e+00 | elapsed=00:10:22 | eta=00:20:28 | data_wait=0.26s
2026-09-17 00:58:27 | INFO    | TRAIN | epoch=037/100 | batch=00400/01041 | total=4.43327e-02 | object=4.43327e-02 | physics=0.00000e+00 | elapsed=00:11:48 | eta=00:18:54 | data_wait=0.27s
2026-09-17 00:59:57 | INFO    | TRAIN | epoch=037/100 | batch=00450/01041 | total=4.18743e-02 | object=4.18743e-02 | physics=0.00000e+00 | elapsed=00:13:18 | eta=00:17:28 | data_wait=0.28s
2026-09-17 01:01:27 | INFO    | TRAIN | epoch=037/100 | batch=00500/01041 | total=4.05235e-02 | object=4.05235e-02 | physics=0.00000e+00 | elapsed=00:14:48 | eta=00:16:00 | data_wait=0.29s
2026-09-17 01:02:53 | INFO    | TRAIN | epoch=037/100 | batch=00550/01041 | total=4.08672e-02 | object=4.08672e-02 | physics=0.00000e+00 | elapsed=00:16:13 | eta=00:14:29 | data_wait=0.30s
2026-09-17 01:04:21 | INFO    | TRAIN | epoch=037/100 | batch=00600/01041 | total=4.18217e-02 | object=4.18217e-02 | physics=0.00000e+00 | elapsed=00:17:41 | eta=00:13:00 | data_wait=0.31s
2026-09-17 01:05:47 | INFO    | TRAIN | epoch=037/100 | batch=00650/01041 | total=4.23602e-02 | object=4.23602e-02 | physics=0.00000e+00 | elapsed=00:19:07 | eta=00:11:30 | data_wait=0.32s
2026-09-17 01:07:15 | INFO    | TRAIN | epoch=037/100 | batch=00700/01041 | total=4.30469e-02 | object=4.30469e-02 | physics=0.00000e+00 | elapsed=00:20:36 | eta=00:10:02 | data_wait=0.33s
2026-09-17 01:08:44 | INFO    | TRAIN | epoch=037/100 | batch=00750/01041 | total=4.26960e-02 | object=4.26960e-02 | physics=0.00000e+00 | elapsed=00:22:05 | eta=00:08:34 | data_wait=0.34s
2026-09-17 01:10:11 | INFO    | TRAIN | epoch=037/100 | batch=00800/01041 | total=4.00514e-02 | object=4.00514e-02 | physics=0.00000e+00 | elapsed=00:23:32 | eta=00:07:05 | data_wait=0.35s
2026-09-17 01:11:41 | INFO    | TRAIN | epoch=037/100 | batch=00850/01041 | total=4.19774e-02 | object=4.19774e-02 | physics=0.00000e+00 | elapsed=00:25:01 | eta=00:05:37 | data_wait=0.36s
2026-09-17 01:13:07 | INFO    | TRAIN | epoch=037/100 | batch=00900/01041 | total=4.20644e-02 | object=4.20644e-02 | physics=0.00000e+00 | elapsed=00:26:28 | eta=00:04:09 | data_wait=0.37s
2026-09-17 01:14:36 | INFO    | TRAIN | epoch=037/100 | batch=00950/01041 | total=3.80788e-02 | object=3.80788e-02 | physics=0.00000e+00 | elapsed=00:27:57 | eta=00:02:41 | data_wait=0.38s
2026-09-17 01:16:05 | INFO    | TRAIN | epoch=037/100 | batch=01000/01041 | total=4.09199e-02 | object=4.09199e-02 | physics=0.00000e+00 | elapsed=00:29:26 | eta=00:01:12 | data_wait=0.39s
2026-09-17 01:17:17 | INFO    | TRAIN | epoch=037/100 | batch=01041/01041 | total=3.82105e-02 | object=3.82105e-02 | physics=0.00000e+00 | elapsed=00:30:38 | eta=00:00:00 | data_wait=0.40s
2026-09-17 01:17:52 | INFO    | VAL | epoch=037/100 | batch=00050/00209 | total=5.77219e-02 | object=5.77219e-02 | physics=1.34545e-03 | elapsed=00:00:34 | eta=00:01:49 | data_wait=0.17s
2026-09-17 01:18:23 | INFO    | VAL | epoch=037/100 | batch=00100/00209 | total=6.03539e-02 | object=6.03539e-02 | physics=1.31067e-03 | elapsed=00:01:06 | eta=00:01:12 | data_wait=0.18s
2026-09-17 01:18:56 | INFO    | VAL | epoch=037/100 | batch=00150/00209 | total=6.53445e-02 | object=6.53445e-02 | physics=1.68239e-03 | elapsed=00:01:39 | eta=00:00:39 | data_wait=0.19s
2026-09-17 01:19:30 | INFO    | VAL | epoch=037/100 | batch=00200/00209 | total=5.75926e-02 | object=5.75926e-02 | physics=1.15895e-03 | elapsed=00:02:12 | eta=00:00:06 | data_wait=0.20s
2026-09-17 01:19:35 | INFO    | VAL | epoch=037/100 | batch=00209/00209 | total=5.81666e-02 | object=5.81666e-02 | physics=1.20455e-03 | elapsed=00:02:18 | eta=00:00:00 | data_wait=0.20s
2026-09-17 01:19:36 | INFO    | Epoch 037 complete | train=4.18853e-02 | val=5.87610e-02 | best=5.81981e-02 | real=3.07708e-02 | imag=2.79901e-02 | lr=1.400e-04 | epoch_time=00:32:56 | eta=1d 19:06:50 | finish=2026-09-18 20:26:26 CST
2026-09-17 01:21:05 | INFO    | TRAIN | epoch=038/100 | batch=00050/01041 | total=4.35508e-02 | object=4.35508e-02 | physics=0.00000e+00 | elapsed=00:01:30 | eta=00:29:35 | data_wait=0.16s
2026-09-17 01:22:32 | INFO    | TRAIN | epoch=038/100 | batch=00100/01041 | total=4.36232e-02 | object=4.36232e-02 | physics=0.00000e+00 | elapsed=00:02:57 | eta=00:27:44 | data_wait=0.16s
2026-09-17 01:24:04 | INFO    | TRAIN | epoch=038/100 | batch=00150/01041 | total=4.11472e-02 | object=4.11472e-02 | physics=0.00000e+00 | elapsed=00:04:28 | eta=00:26:32 | data_wait=0.17s
2026-09-17 01:25:30 | INFO    | TRAIN | epoch=038/100 | batch=00200/01041 | total=3.72269e-02 | object=3.72269e-02 | physics=0.00000e+00 | elapsed=00:05:54 | eta=00:24:50 | data_wait=0.18s
2026-09-17 01:26:57 | INFO    | TRAIN | epoch=038/100 | batch=00250/01041 | total=4.40882e-02 | object=4.40882e-02 | physics=0.00000e+00 | elapsed=00:07:21 | eta=00:23:17 | data_wait=0.19s
2026-09-17 01:28:25 | INFO    | TRAIN | epoch=038/100 | batch=00300/01041 | total=4.23676e-02 | object=4.23676e-02 | physics=0.00000e+00 | elapsed=00:08:50 | eta=00:21:48 | data_wait=0.20s
2026-09-17 01:29:52 | INFO    | TRAIN | epoch=038/100 | batch=00350/01041 | total=4.39420e-02 | object=4.39420e-02 | physics=0.00000e+00 | elapsed=00:10:16 | eta=00:20:17 | data_wait=0.21s
2026-09-17 01:31:20 | INFO    | TRAIN | epoch=038/100 | batch=00400/01041 | total=3.80365e-02 | object=3.80365e-02 | physics=0.00000e+00 | elapsed=00:11:45 | eta=00:18:49 | data_wait=0.22s
2026-09-17 01:32:48 | INFO    | TRAIN | epoch=038/100 | batch=00450/01041 | total=4.15371e-02 | object=4.15371e-02 | physics=0.00000e+00 | elapsed=00:13:13 | eta=00:17:21 | data_wait=0.23s
2026-09-17 01:34:17 | INFO    | TRAIN | epoch=038/100 | batch=00500/01041 | total=4.15795e-02 | object=4.15795e-02 | physics=0.00000e+00 | elapsed=00:14:41 | eta=00:15:53 | data_wait=0.24s
2026-09-17 01:35:47 | INFO    | TRAIN | epoch=038/100 | batch=00550/01041 | total=3.83711e-02 | object=3.83711e-02 | physics=0.00000e+00 | elapsed=00:16:11 | eta=00:14:27 | data_wait=0.25s
2026-09-17 01:37:13 | INFO    | TRAIN | epoch=038/100 | batch=00600/01041 | total=4.20861e-02 | object=4.20861e-02 | physics=0.00000e+00 | elapsed=00:17:38 | eta=00:12:57 | data_wait=0.26s
2026-09-17 01:38:42 | INFO    | TRAIN | epoch=038/100 | batch=00650/01041 | total=3.84963e-02 | object=3.84963e-02 | physics=0.00000e+00 | elapsed=00:19:06 | eta=00:11:29 | data_wait=0.27s
2026-09-17 01:40:08 | INFO    | TRAIN | epoch=038/100 | batch=00700/01041 | total=4.29689e-02 | object=4.29689e-02 | physics=0.00000e+00 | elapsed=00:20:32 | eta=00:10:00 | data_wait=0.28s
2026-09-17 01:41:36 | INFO    | TRAIN | epoch=038/100 | batch=00750/01041 | total=4.34950e-02 | object=4.34950e-02 | physics=0.00000e+00 | elapsed=00:22:01 | eta=00:08:32 | data_wait=0.29s
2026-09-17 01:43:05 | INFO    | TRAIN | epoch=038/100 | batch=00800/01041 | total=3.94158e-02 | object=3.94158e-02 | physics=0.00000e+00 | elapsed=00:23:29 | eta=00:07:05 | data_wait=0.30s
2026-09-17 01:44:31 | INFO    | TRAIN | epoch=038/100 | batch=00850/01041 | total=4.40344e-02 | object=4.40344e-02 | physics=0.00000e+00 | elapsed=00:24:55 | eta=00:05:36 | data_wait=0.31s
2026-09-17 01:46:01 | INFO    | TRAIN | epoch=038/100 | batch=00900/01041 | total=3.94530e-02 | object=3.94530e-02 | physics=0.00000e+00 | elapsed=00:26:25 | eta=00:04:08 | data_wait=0.32s
2026-09-17 01:47:26 | INFO    | TRAIN | epoch=038/100 | batch=00950/01041 | total=4.19795e-02 | object=4.19795e-02 | physics=0.00000e+00 | elapsed=00:27:51 | eta=00:02:40 | data_wait=0.33s
2026-09-17 01:48:53 | INFO    | TRAIN | epoch=038/100 | batch=01000/01041 | total=4.07856e-02 | object=4.07856e-02 | physics=0.00000e+00 | elapsed=00:29:18 | eta=00:01:12 | data_wait=0.34s
2026-09-17 01:50:03 | INFO    | TRAIN | epoch=038/100 | batch=01041/01041 | total=3.96816e-02 | object=3.96816e-02 | physics=0.00000e+00 | elapsed=00:30:28 | eta=00:00:00 | data_wait=0.35s
2026-09-17 01:50:35 | INFO    | VAL | epoch=038/100 | batch=00050/00209 | total=5.24582e-02 | object=5.24582e-02 | physics=1.30968e-03 | elapsed=00:00:32 | eta=00:01:43 | data_wait=0.22s
2026-09-17 01:51:07 | INFO    | VAL | epoch=038/100 | batch=00100/00209 | total=5.69626e-02 | object=5.69626e-02 | physics=1.28699e-03 | elapsed=00:01:04 | eta=00:01:10 | data_wait=0.23s
2026-09-17 01:51:40 | INFO    | VAL | epoch=038/100 | batch=00150/00209 | total=6.58134e-02 | object=6.58134e-02 | physics=1.73331e-03 | elapsed=00:01:37 | eta=00:00:38 | data_wait=0.24s
2026-09-17 01:52:13 | INFO    | VAL | epoch=038/100 | batch=00200/00209 | total=5.54080e-02 | object=5.54080e-02 | physics=1.16548e-03 | elapsed=00:02:10 | eta=00:00:06 | data_wait=0.24s
2026-09-17 01:52:19 | INFO    | VAL | epoch=038/100 | batch=00209/00209 | total=5.91992e-02 | object=5.91992e-02 | physics=1.23513e-03 | elapsed=00:02:16 | eta=00:00:00 | data_wait=0.25s
2026-09-17 01:52:19 | INFO    | Epoch 038 complete | train=4.13868e-02 | val=5.63600e-02 | best=5.63600e-02 | real=2.94324e-02 | imag=2.69275e-02 | lr=1.371e-04 | epoch_time=00:32:44 | eta=1d 18:12:11 | finish=2026-09-18 20:04:30 CST
2026-09-17 01:53:51 | INFO    | TRAIN | epoch=039/100 | batch=00050/01041 | total=4.35927e-02 | object=4.35927e-02 | physics=0.00000e+00 | elapsed=00:01:32 | eta=00:30:15 | data_wait=0.18s
2026-09-17 01:55:16 | INFO    | TRAIN | epoch=039/100 | batch=00100/01041 | total=4.19303e-02 | object=4.19303e-02 | physics=0.00000e+00 | elapsed=00:02:57 | eta=00:27:46 | data_wait=0.19s
2026-09-17 01:56:45 | INFO    | TRAIN | epoch=039/100 | batch=00150/01041 | total=4.51387e-02 | object=4.51387e-02 | physics=0.00000e+00 | elapsed=00:04:26 | eta=00:26:19 | data_wait=0.20s
2026-09-17 01:58:15 | INFO    | TRAIN | epoch=039/100 | batch=00200/01041 | total=4.03016e-02 | object=4.03016e-02 | physics=0.00000e+00 | elapsed=00:05:55 | eta=00:24:54 | data_wait=0.20s
2026-09-17 01:59:41 | INFO    | TRAIN | epoch=039/100 | batch=00250/01041 | total=3.88717e-02 | object=3.88717e-02 | physics=0.00000e+00 | elapsed=00:07:22 | eta=00:23:17 | data_wait=0.21s
2026-09-17 02:01:12 | INFO    | TRAIN | epoch=039/100 | batch=00300/01041 | total=4.10989e-02 | object=4.10989e-02 | physics=0.00000e+00 | elapsed=00:08:53 | eta=00:21:55 | data_wait=0.23s
2026-09-17 02:02:38 | INFO    | TRAIN | epoch=039/100 | batch=00350/01041 | total=4.20149e-02 | object=4.20149e-02 | physics=0.00000e+00 | elapsed=00:10:19 | eta=00:20:21 | data_wait=0.24s
2026-09-17 02:04:07 | INFO    | TRAIN | epoch=039/100 | batch=00400/01041 | total=3.71559e-02 | object=3.71559e-02 | physics=0.00000e+00 | elapsed=00:11:47 | eta=00:18:54 | data_wait=0.24s
2026-09-17 02:05:35 | INFO    | TRAIN | epoch=039/100 | batch=00450/01041 | total=4.25091e-02 | object=4.25091e-02 | physics=0.00000e+00 | elapsed=00:13:16 | eta=00:17:25 | data_wait=0.25s
2026-09-17 02:07:01 | INFO    | TRAIN | epoch=039/100 | batch=00500/01041 | total=3.92451e-02 | object=3.92451e-02 | physics=0.00000e+00 | elapsed=00:14:42 | eta=00:15:54 | data_wait=0.26s
2026-09-17 02:08:32 | INFO    | TRAIN | epoch=039/100 | batch=00550/01041 | total=3.83626e-02 | object=3.83626e-02 | physics=0.00000e+00 | elapsed=00:16:13 | eta=00:14:28 | data_wait=0.27s
2026-09-17 02:09:57 | INFO    | TRAIN | epoch=039/100 | batch=00600/01041 | total=3.81610e-02 | object=3.81610e-02 | physics=0.00000e+00 | elapsed=00:17:38 | eta=00:12:57 | data_wait=0.28s
2026-09-17 02:11:25 | INFO    | TRAIN | epoch=039/100 | batch=00650/01041 | total=4.01279e-02 | object=4.01279e-02 | physics=0.00000e+00 | elapsed=00:19:06 | eta=00:11:29 | data_wait=0.29s
2026-09-17 02:12:53 | INFO    | TRAIN | epoch=039/100 | batch=00700/01041 | total=3.92834e-02 | object=3.92834e-02 | physics=0.00000e+00 | elapsed=00:20:34 | eta=00:10:01 | data_wait=0.30s
2026-09-17 02:14:19 | INFO    | TRAIN | epoch=039/100 | batch=00750/01041 | total=3.77580e-02 | object=3.77580e-02 | physics=0.00000e+00 | elapsed=00:22:00 | eta=00:08:32 | data_wait=0.31s
2026-09-17 02:15:50 | INFO    | TRAIN | epoch=039/100 | batch=00800/01041 | total=4.12408e-02 | object=4.12408e-02 | physics=0.00000e+00 | elapsed=00:23:30 | eta=00:07:05 | data_wait=0.32s
2026-09-17 02:17:15 | INFO    | TRAIN | epoch=039/100 | batch=00850/01041 | total=4.19926e-02 | object=4.19926e-02 | physics=0.00000e+00 | elapsed=00:24:56 | eta=00:05:36 | data_wait=0.33s
2026-09-17 02:18:41 | INFO    | TRAIN | epoch=039/100 | batch=00900/01041 | total=3.90701e-02 | object=3.90701e-02 | physics=0.00000e+00 | elapsed=00:26:21 | eta=00:04:08 | data_wait=0.34s
2026-09-17 02:20:11 | INFO    | TRAIN | epoch=039/100 | batch=00950/01041 | total=4.15816e-02 | object=4.15816e-02 | physics=0.00000e+00 | elapsed=00:27:52 | eta=00:02:40 | data_wait=0.35s
2026-09-17 02:21:37 | INFO    | TRAIN | epoch=039/100 | batch=01000/01041 | total=3.85491e-02 | object=3.85491e-02 | physics=0.00000e+00 | elapsed=00:29:18 | eta=00:01:12 | data_wait=0.36s
2026-09-17 02:22:47 | INFO    | TRAIN | epoch=039/100 | batch=01041/01041 | total=4.34141e-02 | object=4.34141e-02 | physics=0.00000e+00 | elapsed=00:30:28 | eta=00:00:00 | data_wait=0.37s
2026-09-17 02:23:21 | INFO    | VAL | epoch=039/100 | batch=00050/00209 | total=5.64533e-02 | object=5.64533e-02 | physics=1.34279e-03 | elapsed=00:00:33 | eta=00:01:46 | data_wait=0.35s
2026-09-17 02:23:53 | INFO    | VAL | epoch=039/100 | batch=00100/00209 | total=5.97416e-02 | object=5.97416e-02 | physics=1.29940e-03 | elapsed=00:01:05 | eta=00:01:11 | data_wait=0.36s
2026-09-17 02:24:25 | INFO    | VAL | epoch=039/100 | batch=00150/00209 | total=6.68706e-02 | object=6.68706e-02 | physics=1.69443e-03 | elapsed=00:01:38 | eta=00:00:38 | data_wait=0.37s
2026-09-17 02:24:58 | INFO    | VAL | epoch=039/100 | batch=00200/00209 | total=5.45529e-02 | object=5.45529e-02 | physics=1.13744e-03 | elapsed=00:02:10 | eta=00:00:06 | data_wait=0.37s
2026-09-17 02:25:03 | INFO    | VAL | epoch=039/100 | batch=00209/00209 | total=5.89297e-02 | object=5.89297e-02 | physics=1.21439e-03 | elapsed=00:02:16 | eta=00:00:00 | data_wait=0.38s
2026-09-17 02:25:03 | INFO    | Epoch 039 complete | train=4.09199e-02 | val=5.75544e-02 | best=5.63600e-02 | real=3.00274e-02 | imag=2.75270e-02 | lr=1.342e-04 | epoch_time=00:32:44 | eta=1d 17:18:40 | finish=2026-09-18 19:43:43 CST
2026-09-17 02:26:33 | INFO    | TRAIN | epoch=040/100 | batch=00050/01041 | total=4.04529e-02 | object=4.04529e-02 | physics=0.00000e+00 | elapsed=00:01:29 | eta=00:29:27 | data_wait=0.17s
2026-09-17 02:28:01 | INFO    | TRAIN | epoch=040/100 | batch=00100/01041 | total=4.41038e-02 | object=4.41038e-02 | physics=0.00000e+00 | elapsed=00:02:58 | eta=00:27:51 | data_wait=0.18s
2026-09-17 02:29:26 | INFO    | TRAIN | epoch=040/100 | batch=00150/01041 | total=3.84032e-02 | object=3.84032e-02 | physics=0.00000e+00 | elapsed=00:04:23 | eta=00:26:01 | data_wait=0.19s
2026-09-17 02:30:57 | INFO    | TRAIN | epoch=040/100 | batch=00200/01041 | total=4.15626e-02 | object=4.15626e-02 | physics=0.00000e+00 | elapsed=00:05:54 | eta=00:24:46 | data_wait=0.20s
2026-09-17 02:32:23 | INFO    | TRAIN | epoch=040/100 | batch=00250/01041 | total=4.83651e-02 | object=4.83651e-02 | physics=0.00000e+00 | elapsed=00:07:19 | eta=00:23:10 | data_wait=0.21s
2026-09-17 02:33:53 | INFO    | TRAIN | epoch=040/100 | batch=00300/01041 | total=4.22228e-02 | object=4.22228e-02 | physics=0.00000e+00 | elapsed=00:08:50 | eta=00:21:49 | data_wait=0.22s
2026-09-17 02:35:23 | INFO    | TRAIN | epoch=040/100 | batch=00350/01041 | total=4.37339e-02 | object=4.37339e-02 | physics=0.00000e+00 | elapsed=00:10:19 | eta=00:20:22 | data_wait=0.23s
2026-09-17 02:36:55 | INFO    | TRAIN | epoch=040/100 | batch=00400/01041 | total=3.84251e-02 | object=3.84251e-02 | physics=0.00000e+00 | elapsed=00:11:51 | eta=00:19:00 | data_wait=0.24s
2026-09-17 02:38:21 | INFO    | TRAIN | epoch=040/100 | batch=00450/01041 | total=4.04808e-02 | object=4.04808e-02 | physics=0.00000e+00 | elapsed=00:13:18 | eta=00:17:28 | data_wait=0.25s
2026-09-17 02:39:53 | INFO    | TRAIN | epoch=040/100 | batch=00500/01041 | total=4.11275e-02 | object=4.11275e-02 | physics=0.00000e+00 | elapsed=00:14:50 | eta=00:16:03 | data_wait=0.26s
2026-09-17 02:41:20 | INFO    | TRAIN | epoch=040/100 | batch=00550/01041 | total=3.99256e-02 | object=3.99256e-02 | physics=0.00000e+00 | elapsed=00:16:16 | eta=00:14:32 | data_wait=0.27s
2026-09-17 02:42:48 | INFO    | TRAIN | epoch=040/100 | batch=00600/01041 | total=3.87035e-02 | object=3.87035e-02 | physics=0.00000e+00 | elapsed=00:17:45 | eta=00:13:03 | data_wait=0.28s
2026-09-17 02:44:21 | INFO    | TRAIN | epoch=040/100 | batch=00650/01041 | total=3.76412e-02 | object=3.76412e-02 | physics=0.00000e+00 | elapsed=00:19:17 | eta=00:11:36 | data_wait=0.29s
2026-09-17 02:45:48 | INFO    | TRAIN | epoch=040/100 | batch=00700/01041 | total=3.92282e-02 | object=3.92282e-02 | physics=0.00000e+00 | elapsed=00:20:44 | eta=00:10:06 | data_wait=0.30s
2026-09-17 02:47:19 | INFO    | TRAIN | epoch=040/100 | batch=00750/01041 | total=3.59601e-02 | object=3.59601e-02 | physics=0.00000e+00 | elapsed=00:22:16 | eta=00:08:38 | data_wait=0.31s
2026-09-17 02:48:47 | INFO    | TRAIN | epoch=040/100 | batch=00800/01041 | total=4.03153e-02 | object=4.03153e-02 | physics=0.00000e+00 | elapsed=00:23:43 | eta=00:07:09 | data_wait=0.32s
2026-09-17 02:50:18 | INFO    | TRAIN | epoch=040/100 | batch=00850/01041 | total=3.90212e-02 | object=3.90212e-02 | physics=0.00000e+00 | elapsed=00:25:14 | eta=00:05:40 | data_wait=0.33s
2026-09-17 02:51:46 | INFO    | TRAIN | epoch=040/100 | batch=00900/01041 | total=4.01541e-02 | object=4.01541e-02 | physics=0.00000e+00 | elapsed=00:26:43 | eta=00:04:11 | data_wait=0.34s
2026-09-17 02:53:13 | INFO    | TRAIN | epoch=040/100 | batch=00950/01041 | total=3.45765e-02 | object=3.45765e-02 | physics=0.00000e+00 | elapsed=00:28:10 | eta=00:02:42 | data_wait=0.35s
2026-09-17 02:54:45 | INFO    | TRAIN | epoch=040/100 | batch=01000/01041 | total=3.50694e-02 | object=3.50694e-02 | physics=0.00000e+00 | elapsed=00:29:41 | eta=00:01:13 | data_wait=0.36s
2026-09-17 02:55:57 | INFO    | TRAIN | epoch=040/100 | batch=01041/01041 | total=4.10740e-02 | object=4.10740e-02 | physics=0.00000e+00 | elapsed=00:30:53 | eta=00:00:00 | data_wait=0.37s
2026-09-17 02:56:30 | INFO    | VAL | epoch=040/100 | batch=00050/00209 | total=5.45960e-02 | object=5.45960e-02 | physics=1.31585e-03 | elapsed=00:00:34 | eta=00:01:47 | data_wait=0.18s
2026-09-17 02:57:03 | INFO    | VAL | epoch=040/100 | batch=00100/00209 | total=5.81011e-02 | object=5.81011e-02 | physics=1.29143e-03 | elapsed=00:01:06 | eta=00:01:12 | data_wait=0.19s
2026-09-17 02:57:35 | INFO    | VAL | epoch=040/100 | batch=00150/00209 | total=6.58948e-02 | object=6.58948e-02 | physics=1.67961e-03 | elapsed=00:01:38 | eta=00:00:39 | data_wait=0.20s
2026-09-17 02:58:08 | INFO    | VAL | epoch=040/100 | batch=00200/00209 | total=5.59834e-02 | object=5.59834e-02 | physics=1.15272e-03 | elapsed=00:02:11 | eta=00:00:06 | data_wait=0.21s
2026-09-17 02:58:13 | INFO    | VAL | epoch=040/100 | batch=00209/00209 | total=5.84995e-02 | object=5.84995e-02 | physics=1.21490e-03 | elapsed=00:02:17 | eta=00:00:00 | data_wait=0.21s
2026-09-17 02:58:14 | INFO    | Epoch 040 complete | train=4.04682e-02 | val=5.73042e-02 | best=5.63600e-02 | real=3.00083e-02 | imag=2.72960e-02 | lr=1.312e-04 | epoch_time=00:33:10 | eta=1d 16:26:50 | finish=2026-09-18 19:25:04 CST
2026-09-17 02:59:42 | INFO    | TRAIN | epoch=041/100 | batch=00050/01041 | total=4.17496e-02 | object=4.17496e-02 | physics=0.00000e+00 | elapsed=00:01:28 | eta=00:28:58 | data_wait=0.22s
2026-09-17 03:01:12 | INFO    | TRAIN | epoch=041/100 | batch=00100/01041 | total=4.12625e-02 | object=4.12625e-02 | physics=0.00000e+00 | elapsed=00:02:59 | eta=00:28:00 | data_wait=0.23s
2026-09-17 03:02:39 | INFO    | TRAIN | epoch=041/100 | batch=00150/01041 | total=3.91820e-02 | object=3.91820e-02 | physics=0.00000e+00 | elapsed=00:04:25 | eta=00:26:15 | data_wait=0.24s
2026-09-17 03:04:10 | INFO    | TRAIN | epoch=041/100 | batch=00200/01041 | total=4.26786e-02 | object=4.26786e-02 | physics=0.00000e+00 | elapsed=00:05:56 | eta=00:24:56 | data_wait=0.25s
2026-09-17 03:05:38 | INFO    | TRAIN | epoch=041/100 | batch=00250/01041 | total=3.85373e-02 | object=3.85373e-02 | physics=0.00000e+00 | elapsed=00:07:24 | eta=00:23:24 | data_wait=0.26s
2026-09-17 03:07:04 | INFO    | TRAIN | epoch=041/100 | batch=00300/01041 | total=4.39610e-02 | object=4.39610e-02 | physics=0.00000e+00 | elapsed=00:08:50 | eta=00:21:50 | data_wait=0.27s
2026-09-17 03:08:36 | INFO    | TRAIN | epoch=041/100 | batch=00350/01041 | total=4.24798e-02 | object=4.24798e-02 | physics=0.00000e+00 | elapsed=00:10:23 | eta=00:20:29 | data_wait=0.28s
2026-09-17 03:10:03 | INFO    | TRAIN | epoch=041/100 | batch=00400/01041 | total=3.87019e-02 | object=3.87019e-02 | physics=0.00000e+00 | elapsed=00:11:49 | eta=00:18:57 | data_wait=0.29s
2026-09-17 03:11:32 | INFO    | TRAIN | epoch=041/100 | batch=00450/01041 | total=3.82818e-02 | object=3.82818e-02 | physics=0.00000e+00 | elapsed=00:13:18 | eta=00:17:29 | data_wait=0.29s
2026-09-17 03:13:00 | INFO    | TRAIN | epoch=041/100 | batch=00500/01041 | total=4.09080e-02 | object=4.09080e-02 | physics=0.00000e+00 | elapsed=00:14:46 | eta=00:15:59 | data_wait=0.30s
2026-09-17 03:14:27 | INFO    | TRAIN | epoch=041/100 | batch=00550/01041 | total=3.92084e-02 | object=3.92084e-02 | physics=0.00000e+00 | elapsed=00:16:13 | eta=00:14:28 | data_wait=0.31s
2026-09-17 03:15:58 | INFO    | TRAIN | epoch=041/100 | batch=00600/01041 | total=4.39728e-02 | object=4.39728e-02 | physics=0.00000e+00 | elapsed=00:17:44 | eta=00:13:02 | data_wait=0.32s
2026-09-17 03:17:23 | INFO    | TRAIN | epoch=041/100 | batch=00650/01041 | total=4.00700e-02 | object=4.00700e-02 | physics=0.00000e+00 | elapsed=00:19:09 | eta=00:11:31 | data_wait=0.33s
2026-09-17 03:18:53 | INFO    | TRAIN | epoch=041/100 | batch=00700/01041 | total=3.83746e-02 | object=3.83746e-02 | physics=0.00000e+00 | elapsed=00:20:39 | eta=00:10:04 | data_wait=0.34s
2026-09-17 03:20:22 | INFO    | TRAIN | epoch=041/100 | batch=00750/01041 | total=4.19875e-02 | object=4.19875e-02 | physics=0.00000e+00 | elapsed=00:22:08 | eta=00:08:35 | data_wait=0.35s
2026-09-17 03:21:48 | INFO    | TRAIN | epoch=041/100 | batch=00800/01041 | total=4.13097e-02 | object=4.13097e-02 | physics=0.00000e+00 | elapsed=00:23:34 | eta=00:07:06 | data_wait=0.36s
2026-09-17 03:23:20 | INFO    | TRAIN | epoch=041/100 | batch=00850/01041 | total=3.79538e-02 | object=3.79538e-02 | physics=0.00000e+00 | elapsed=00:25:06 | eta=00:05:38 | data_wait=0.38s
2026-09-17 03:24:47 | INFO    | TRAIN | epoch=041/100 | batch=00900/01041 | total=3.79070e-02 | object=3.79070e-02 | physics=0.00000e+00 | elapsed=00:26:33 | eta=00:04:10 | data_wait=0.39s
2026-09-17 03:26:16 | INFO    | TRAIN | epoch=041/100 | batch=00950/01041 | total=4.12852e-02 | object=4.12852e-02 | physics=0.00000e+00 | elapsed=00:28:02 | eta=00:02:41 | data_wait=0.40s
2026-09-17 03:27:44 | INFO    | TRAIN | epoch=041/100 | batch=01000/01041 | total=4.16442e-02 | object=4.16442e-02 | physics=0.00000e+00 | elapsed=00:29:30 | eta=00:01:13 | data_wait=0.41s
2026-09-17 03:28:54 | INFO    | TRAIN | epoch=041/100 | batch=01041/01041 | total=4.05708e-02 | object=4.05708e-02 | physics=0.00000e+00 | elapsed=00:30:40 | eta=00:00:00 | data_wait=0.42s
2026-09-17 03:29:27 | INFO    | VAL | epoch=041/100 | batch=00050/00209 | total=5.32587e-02 | object=5.32587e-02 | physics=1.31411e-03 | elapsed=00:00:33 | eta=00:01:46 | data_wait=0.28s
2026-09-17 03:29:59 | INFO    | VAL | epoch=041/100 | batch=00100/00209 | total=6.02174e-02 | object=6.02174e-02 | physics=1.30867e-03 | elapsed=00:01:04 | eta=00:01:10 | data_wait=0.30s
2026-09-17 03:30:31 | INFO    | VAL | epoch=041/100 | batch=00150/00209 | total=6.43599e-02 | object=6.43599e-02 | physics=1.68307e-03 | elapsed=00:01:37 | eta=00:00:38 | data_wait=0.31s
2026-09-17 03:31:02 | INFO    | VAL | epoch=041/100 | batch=00200/00209 | total=5.42753e-02 | object=5.42753e-02 | physics=1.14457e-03 | elapsed=00:02:08 | eta=00:00:06 | data_wait=0.32s
2026-09-17 03:31:08 | INFO    | VAL | epoch=041/100 | batch=00209/00209 | total=5.63403e-02 | object=5.63403e-02 | physics=1.20314e-03 | elapsed=00:02:14 | eta=00:00:00 | data_wait=0.32s
2026-09-17 03:31:08 | INFO    | Epoch 041 complete | train=4.00511e-02 | val=5.64199e-02 | best=5.63600e-02 | real=2.94390e-02 | imag=2.69809e-02 | lr=1.283e-04 | epoch_time=00:32:54 | eta=1d 15:35:32 | finish=2026-09-18 19:06:40 CST
2026-09-17 03:32:34 | INFO    | TRAIN | epoch=042/100 | batch=00050/01041 | total=4.08675e-02 | object=4.08675e-02 | physics=0.00000e+00 | elapsed=00:01:26 | eta=00:28:19 | data_wait=0.21s
2026-09-17 03:34:03 | INFO    | TRAIN | epoch=042/100 | batch=00100/01041 | total=3.72448e-02 | object=3.72448e-02 | physics=0.00000e+00 | elapsed=00:02:55 | eta=00:27:29 | data_wait=0.22s
2026-09-17 03:35:29 | INFO    | TRAIN | epoch=042/100 | batch=00150/01041 | total=3.67193e-02 | object=3.67193e-02 | physics=0.00000e+00 | elapsed=00:04:21 | eta=00:25:48 | data_wait=0.23s
2026-09-17 03:36:54 | INFO    | TRAIN | epoch=042/100 | batch=00200/01041 | total=4.14152e-02 | object=4.14152e-02 | physics=0.00000e+00 | elapsed=00:05:45 | eta=00:24:12 | data_wait=0.24s
2026-09-17 03:38:24 | INFO    | TRAIN | epoch=042/100 | batch=00250/01041 | total=3.85094e-02 | object=3.85094e-02 | physics=0.00000e+00 | elapsed=00:07:16 | eta=00:22:59 | data_wait=0.25s
2026-09-17 03:39:51 | INFO    | TRAIN | epoch=042/100 | batch=00300/01041 | total=3.86602e-02 | object=3.86602e-02 | physics=0.00000e+00 | elapsed=00:08:42 | eta=00:21:30 | data_wait=0.25s
2026-09-17 03:41:22 | INFO    | TRAIN | epoch=042/100 | batch=00350/01041 | total=4.21047e-02 | object=4.21047e-02 | physics=0.00000e+00 | elapsed=00:10:14 | eta=00:20:12 | data_wait=0.26s
2026-09-17 03:42:48 | INFO    | TRAIN | epoch=042/100 | batch=00400/01041 | total=3.63535e-02 | object=3.63535e-02 | physics=0.00000e+00 | elapsed=00:11:39 | eta=00:18:41 | data_wait=0.27s
2026-09-17 03:44:13 | INFO    | TRAIN | epoch=042/100 | batch=00450/01041 | total=3.92363e-02 | object=3.92363e-02 | physics=0.00000e+00 | elapsed=00:13:05 | eta=00:17:11 | data_wait=0.28s
2026-09-17 03:45:43 | INFO    | TRAIN | epoch=042/100 | batch=00500/01041 | total=3.65804e-02 | object=3.65804e-02 | physics=0.00000e+00 | elapsed=00:14:35 | eta=00:15:47 | data_wait=0.29s
2026-09-17 03:47:09 | INFO    | TRAIN | epoch=042/100 | batch=00550/01041 | total=3.81359e-02 | object=3.81359e-02 | physics=0.00000e+00 | elapsed=00:16:01 | eta=00:14:18 | data_wait=0.30s
2026-09-17 03:48:40 | INFO    | TRAIN | epoch=042/100 | batch=00600/01041 | total=4.01136e-02 | object=4.01136e-02 | physics=0.00000e+00 | elapsed=00:17:32 | eta=00:12:53 | data_wait=0.31s
2026-09-17 03:50:06 | INFO    | TRAIN | epoch=042/100 | batch=00650/01041 | total=3.74625e-02 | object=3.74625e-02 | physics=0.00000e+00 | elapsed=00:18:58 | eta=00:11:24 | data_wait=0.32s
2026-09-17 03:51:33 | INFO    | TRAIN | epoch=042/100 | batch=00700/01041 | total=4.23379e-02 | object=4.23379e-02 | physics=0.00000e+00 | elapsed=00:20:25 | eta=00:09:57 | data_wait=0.33s
2026-09-17 03:53:04 | INFO    | TRAIN | epoch=042/100 | batch=00750/01041 | total=3.80296e-02 | object=3.80296e-02 | physics=0.00000e+00 | elapsed=00:21:56 | eta=00:08:31 | data_wait=0.34s
2026-09-17 03:54:31 | INFO    | TRAIN | epoch=042/100 | batch=00800/01041 | total=3.84506e-02 | object=3.84506e-02 | physics=0.00000e+00 | elapsed=00:23:23 | eta=00:07:03 | data_wait=0.35s
2026-09-17 03:56:02 | INFO    | TRAIN | epoch=042/100 | batch=00850/01041 | total=3.34054e-02 | object=3.34054e-02 | physics=0.00000e+00 | elapsed=00:24:53 | eta=00:05:36 | data_wait=0.36s
2026-09-17 03:57:27 | INFO    | TRAIN | epoch=042/100 | batch=00900/01041 | total=3.57518e-02 | object=3.57518e-02 | physics=0.00000e+00 | elapsed=00:26:18 | eta=00:04:07 | data_wait=0.37s
2026-09-17 03:58:53 | INFO    | TRAIN | epoch=042/100 | batch=00950/01041 | total=4.26842e-02 | object=4.26842e-02 | physics=0.00000e+00 | elapsed=00:27:45 | eta=00:02:39 | data_wait=0.38s
2026-09-17 04:00:23 | INFO    | TRAIN | epoch=042/100 | batch=01000/01041 | total=3.91064e-02 | object=3.91064e-02 | physics=0.00000e+00 | elapsed=00:29:14 | eta=00:01:12 | data_wait=0.39s
2026-09-17 04:01:35 | INFO    | TRAIN | epoch=042/100 | batch=01041/01041 | total=3.67590e-02 | object=3.67590e-02 | physics=0.00000e+00 | elapsed=00:30:27 | eta=00:00:00 | data_wait=0.39s
2026-09-17 04:02:09 | INFO    | VAL | epoch=042/100 | batch=00050/00209 | total=5.47078e-02 | object=5.47078e-02 | physics=1.32484e-03 | elapsed=00:00:34 | eta=00:01:47 | data_wait=0.21s
2026-09-17 04:02:41 | INFO    | VAL | epoch=042/100 | batch=00100/00209 | total=5.78268e-02 | object=5.78268e-02 | physics=1.29686e-03 | elapsed=00:01:06 | eta=00:01:11 | data_wait=0.22s
2026-09-17 04:03:13 | INFO    | VAL | epoch=042/100 | batch=00150/00209 | total=6.41845e-02 | object=6.41845e-02 | physics=1.69087e-03 | elapsed=00:01:38 | eta=00:00:38 | data_wait=0.24s
2026-09-17 04:03:45 | INFO    | VAL | epoch=042/100 | batch=00200/00209 | total=5.49911e-02 | object=5.49911e-02 | physics=1.14341e-03 | elapsed=00:02:10 | eta=00:00:06 | data_wait=0.25s
2026-09-17 04:03:50 | INFO    | VAL | epoch=042/100 | batch=00209/00209 | total=5.70512e-02 | object=5.70512e-02 | physics=1.20048e-03 | elapsed=00:02:15 | eta=00:00:00 | data_wait=0.25s
2026-09-17 04:03:51 | INFO    | Epoch 042 complete | train=3.95786e-02 | val=5.62310e-02 | best=5.62310e-02 | real=2.93839e-02 | imag=2.68471e-02 | lr=1.252e-04 | epoch_time=00:32:43 | eta=1d 14:44:51 | finish=2026-09-18 18:48:41 CST
2026-09-17 04:05:19 | INFO    | TRAIN | epoch=043/100 | batch=00050/01041 | total=4.46127e-02 | object=4.46127e-02 | physics=0.00000e+00 | elapsed=00:01:28 | eta=00:29:04 | data_wait=0.23s
2026-09-17 04:06:50 | INFO    | TRAIN | epoch=043/100 | batch=00100/01041 | total=4.25388e-02 | object=4.25388e-02 | physics=0.00000e+00 | elapsed=00:02:59 | eta=00:28:02 | data_wait=0.24s
2026-09-17 04:08:18 | INFO    | TRAIN | epoch=043/100 | batch=00150/01041 | total=3.72880e-02 | object=3.72880e-02 | physics=0.00000e+00 | elapsed=00:04:28 | eta=00:26:29 | data_wait=0.25s
2026-09-17 04:09:49 | INFO    | TRAIN | epoch=043/100 | batch=00200/01041 | total=3.80933e-02 | object=3.80933e-02 | physics=0.00000e+00 | elapsed=00:05:58 | eta=00:25:07 | data_wait=0.26s
2026-09-17 04:11:20 | INFO    | TRAIN | epoch=043/100 | batch=00250/01041 | total=4.25085e-02 | object=4.25085e-02 | physics=0.00000e+00 | elapsed=00:07:30 | eta=00:23:42 | data_wait=0.27s
2026-09-17 04:12:48 | INFO    | TRAIN | epoch=043/100 | batch=00300/01041 | total=4.23264e-02 | object=4.23264e-02 | physics=0.00000e+00 | elapsed=00:08:57 | eta=00:22:06 | data_wait=0.28s
2026-09-17 04:14:20 | INFO    | TRAIN | epoch=043/100 | batch=00350/01041 | total=4.05495e-02 | object=4.05495e-02 | physics=0.00000e+00 | elapsed=00:10:29 | eta=00:20:42 | data_wait=0.29s
2026-09-17 04:15:48 | INFO    | TRAIN | epoch=043/100 | batch=00400/01041 | total=3.89157e-02 | object=3.89157e-02 | physics=0.00000e+00 | elapsed=00:11:57 | eta=00:19:10 | data_wait=0.30s
2026-09-17 04:17:21 | INFO    | TRAIN | epoch=043/100 | batch=00450/01041 | total=3.70003e-02 | object=3.70003e-02 | physics=0.00000e+00 | elapsed=00:13:30 | eta=00:17:44 | data_wait=0.31s
2026-09-17 04:18:48 | INFO    | TRAIN | epoch=043/100 | batch=00500/01041 | total=3.62707e-02 | object=3.62707e-02 | physics=0.00000e+00 | elapsed=00:14:57 | eta=00:16:11 | data_wait=0.32s
2026-09-17 04:20:20 | INFO    | TRAIN | epoch=043/100 | batch=00550/01041 | total=4.05294e-02 | object=4.05294e-02 | physics=0.00000e+00 | elapsed=00:16:29 | eta=00:14:43 | data_wait=0.33s
2026-09-17 04:21:48 | INFO    | TRAIN | epoch=043/100 | batch=00600/01041 | total=3.87074e-02 | object=3.87074e-02 | physics=0.00000e+00 | elapsed=00:17:57 | eta=00:13:12 | data_wait=0.34s
2026-09-17 04:23:19 | INFO    | TRAIN | epoch=043/100 | batch=00650/01041 | total=4.03677e-02 | object=4.03677e-02 | physics=0.00000e+00 | elapsed=00:19:29 | eta=00:11:43 | data_wait=0.35s
2026-09-17 04:24:46 | INFO    | TRAIN | epoch=043/100 | batch=00700/01041 | total=4.30720e-02 | object=4.30720e-02 | physics=0.00000e+00 | elapsed=00:20:55 | eta=00:10:12 | data_wait=0.36s
2026-09-17 04:26:16 | INFO    | TRAIN | epoch=043/100 | batch=00750/01041 | total=3.60072e-02 | object=3.60072e-02 | physics=0.00000e+00 | elapsed=00:22:25 | eta=00:08:42 | data_wait=0.37s
2026-09-17 04:27:46 | INFO    | TRAIN | epoch=043/100 | batch=00800/01041 | total=3.71595e-02 | object=3.71595e-02 | physics=0.00000e+00 | elapsed=00:23:55 | eta=00:07:12 | data_wait=0.39s
2026-09-17 04:29:17 | INFO    | TRAIN | epoch=043/100 | batch=00850/01041 | total=3.70766e-02 | object=3.70766e-02 | physics=0.00000e+00 | elapsed=00:25:26 | eta=00:05:43 | data_wait=0.40s
2026-09-17 04:30:49 | INFO    | TRAIN | epoch=043/100 | batch=00900/01041 | total=4.35354e-02 | object=4.35354e-02 | physics=0.00000e+00 | elapsed=00:26:59 | eta=00:04:14 | data_wait=0.41s
2026-09-17 04:32:19 | INFO    | TRAIN | epoch=043/100 | batch=00950/01041 | total=3.80767e-02 | object=3.80767e-02 | physics=0.00000e+00 | elapsed=00:28:28 | eta=00:02:44 | data_wait=0.42s
2026-09-17 04:33:50 | INFO    | TRAIN | epoch=043/100 | batch=01000/01041 | total=3.89443e-02 | object=3.89443e-02 | physics=0.00000e+00 | elapsed=00:29:59 | eta=00:01:14 | data_wait=0.43s
2026-09-17 04:35:05 | INFO    | TRAIN | epoch=043/100 | batch=01041/01041 | total=3.93812e-02 | object=3.93812e-02 | physics=0.00000e+00 | elapsed=00:31:14 | eta=00:00:00 | data_wait=0.44s
2026-09-17 04:35:38 | INFO    | VAL | epoch=043/100 | batch=00050/00209 | total=5.17171e-02 | object=5.17171e-02 | physics=1.31290e-03 | elapsed=00:00:34 | eta=00:01:47 | data_wait=0.31s
2026-09-17 04:36:11 | INFO    | VAL | epoch=043/100 | batch=00100/00209 | total=5.46511e-02 | object=5.46511e-02 | physics=1.27265e-03 | elapsed=00:01:06 | eta=00:01:12 | data_wait=0.32s
2026-09-17 04:36:44 | INFO    | VAL | epoch=043/100 | batch=00150/00209 | total=6.45660e-02 | object=6.45660e-02 | physics=1.71497e-03 | elapsed=00:01:39 | eta=00:00:39 | data_wait=0.33s
2026-09-17 04:37:17 | INFO    | VAL | epoch=043/100 | batch=00200/00209 | total=5.16341e-02 | object=5.16341e-02 | physics=1.13941e-03 | elapsed=00:02:12 | eta=00:00:06 | data_wait=0.33s
2026-09-17 04:37:23 | INFO    | VAL | epoch=043/100 | batch=00209/00209 | total=5.29936e-02 | object=5.29936e-02 | physics=1.17666e-03 | elapsed=00:02:18 | eta=00:00:00 | data_wait=0.34s
2026-09-17 04:37:23 | INFO    | Epoch 043 complete | train=3.92315e-02 | val=5.45853e-02 | best=5.45853e-02 | real=2.83839e-02 | imag=2.62013e-02 | lr=1.222e-04 | epoch_time=00:33:32 | eta=1d 13:56:05 | finish=2026-09-18 18:33:28 CST
2026-09-17 04:38:58 | INFO    | TRAIN | epoch=044/100 | batch=00050/01041 | total=3.75999e-02 | object=3.75999e-02 | physics=0.00000e+00 | elapsed=00:01:35 | eta=00:31:25 | data_wait=0.31s
2026-09-17 04:40:29 | INFO    | TRAIN | epoch=044/100 | batch=00100/01041 | total=3.87316e-02 | object=3.87316e-02 | physics=0.00000e+00 | elapsed=00:03:05 | eta=00:29:04 | data_wait=0.32s
2026-09-17 04:42:03 | INFO    | TRAIN | epoch=044/100 | batch=00150/01041 | total=4.24141e-02 | object=4.24141e-02 | physics=0.00000e+00 | elapsed=00:04:40 | eta=00:27:42 | data_wait=0.33s
2026-09-17 04:43:33 | INFO    | TRAIN | epoch=044/100 | batch=00200/01041 | total=3.93884e-02 | object=3.93884e-02 | physics=0.00000e+00 | elapsed=00:06:10 | eta=00:25:54 | data_wait=0.34s
2026-09-17 04:45:02 | INFO    | TRAIN | epoch=044/100 | batch=00250/01041 | total=3.48250e-02 | object=3.48250e-02 | physics=0.00000e+00 | elapsed=00:07:39 | eta=00:24:13 | data_wait=0.35s
2026-09-17 04:46:37 | INFO    | TRAIN | epoch=044/100 | batch=00300/01041 | total=3.98107e-02 | object=3.98107e-02 | physics=0.00000e+00 | elapsed=00:09:14 | eta=00:22:48 | data_wait=0.36s
2026-09-17 04:48:07 | INFO    | TRAIN | epoch=044/100 | batch=00350/01041 | total=4.36570e-02 | object=4.36570e-02 | physics=0.00000e+00 | elapsed=00:10:44 | eta=00:21:11 | data_wait=0.37s
2026-09-17 04:49:37 | INFO    | TRAIN | epoch=044/100 | batch=00400/01041 | total=3.99695e-02 | object=3.99695e-02 | physics=0.00000e+00 | elapsed=00:12:14 | eta=00:19:37 | data_wait=0.37s
2026-09-17 04:51:11 | INFO    | TRAIN | epoch=044/100 | batch=00450/01041 | total=3.97008e-02 | object=3.97008e-02 | physics=0.00000e+00 | elapsed=00:13:48 | eta=00:18:07 | data_wait=0.39s
2026-09-17 04:52:39 | INFO    | TRAIN | epoch=044/100 | batch=00500/01041 | total=4.07107e-02 | object=4.07107e-02 | physics=0.00000e+00 | elapsed=00:15:16 | eta=00:16:31 | data_wait=0.40s
2026-09-17 04:54:13 | INFO    | TRAIN | epoch=044/100 | batch=00550/01041 | total=3.84811e-02 | object=3.84811e-02 | physics=0.00000e+00 | elapsed=00:16:49 | eta=00:15:01 | data_wait=0.41s
2026-09-17 04:55:45 | INFO    | TRAIN | epoch=044/100 | batch=00600/01041 | total=3.88733e-02 | object=3.88733e-02 | physics=0.00000e+00 | elapsed=00:18:21 | eta=00:13:29 | data_wait=0.42s
2026-09-17 04:57:16 | INFO    | TRAIN | epoch=044/100 | batch=00650/01041 | total=3.99682e-02 | object=3.99682e-02 | physics=0.00000e+00 | elapsed=00:19:53 | eta=00:11:58 | data_wait=0.43s
2026-09-17 04:58:51 | INFO    | TRAIN | epoch=044/100 | batch=00700/01041 | total=3.62799e-02 | object=3.62799e-02 | physics=0.00000e+00 | elapsed=00:21:27 | eta=00:10:27 | data_wait=0.44s
2026-09-17 05:00:23 | INFO    | TRAIN | epoch=044/100 | batch=00750/01041 | total=3.77858e-02 | object=3.77858e-02 | physics=0.00000e+00 | elapsed=00:23:00 | eta=00:08:55 | data_wait=0.45s
2026-09-17 05:02:00 | INFO    | TRAIN | epoch=044/100 | batch=00800/01041 | total=3.72620e-02 | object=3.72620e-02 | physics=0.00000e+00 | elapsed=00:24:37 | eta=00:07:25 | data_wait=0.46s
2026-09-17 05:03:32 | INFO    | TRAIN | epoch=044/100 | batch=00850/01041 | total=3.75918e-02 | object=3.75918e-02 | physics=0.00000e+00 | elapsed=00:26:09 | eta=00:05:53 | data_wait=0.47s
2026-09-17 05:05:10 | INFO    | TRAIN | epoch=044/100 | batch=00900/01041 | total=3.89094e-02 | object=3.89094e-02 | physics=0.00000e+00 | elapsed=00:27:47 | eta=00:04:21 | data_wait=0.48s
2026-09-17 05:06:45 | INFO    | TRAIN | epoch=044/100 | batch=00950/01041 | total=4.19593e-02 | object=4.19593e-02 | physics=0.00000e+00 | elapsed=00:29:22 | eta=00:02:49 | data_wait=0.49s
2026-09-17 05:08:23 | INFO    | TRAIN | epoch=044/100 | batch=01000/01041 | total=3.54282e-02 | object=3.54282e-02 | physics=0.00000e+00 | elapsed=00:31:00 | eta=00:01:16 | data_wait=0.50s
2026-09-17 05:09:40 | INFO    | TRAIN | epoch=044/100 | batch=01041/01041 | total=3.90569e-02 | object=3.90569e-02 | physics=0.00000e+00 | elapsed=00:32:16 | eta=00:00:00 | data_wait=0.51s
2026-09-17 05:10:14 | INFO    | VAL | epoch=044/100 | batch=00050/00209 | total=5.25013e-02 | object=5.25013e-02 | physics=1.33251e-03 | elapsed=00:00:34 | eta=00:01:48 | data_wait=0.27s
2026-09-17 05:10:47 | INFO    | VAL | epoch=044/100 | batch=00100/00209 | total=5.45607e-02 | object=5.45607e-02 | physics=1.28712e-03 | elapsed=00:01:07 | eta=00:01:13 | data_wait=0.28s
2026-09-17 05:11:22 | INFO    | VAL | epoch=044/100 | batch=00150/00209 | total=6.33970e-02 | object=6.33970e-02 | physics=1.72240e-03 | elapsed=00:01:42 | eta=00:00:40 | data_wait=0.30s
2026-09-17 05:11:57 | INFO    | VAL | epoch=044/100 | batch=00200/00209 | total=5.10365e-02 | object=5.10365e-02 | physics=1.12966e-03 | elapsed=00:02:18 | eta=00:00:06 | data_wait=0.31s
2026-09-17 05:12:03 | INFO    | VAL | epoch=044/100 | batch=00209/00209 | total=5.25364e-02 | object=5.25364e-02 | physics=1.19275e-03 | elapsed=00:02:24 | eta=00:00:00 | data_wait=0.31s
2026-09-17 05:12:04 | INFO    | Epoch 044 complete | train=3.88890e-02 | val=5.36125e-02 | best=5.36125e-02 | real=2.77845e-02 | imag=2.58280e-02 | lr=1.191e-04 | epoch_time=00:34:41 | eta=1d 13:09:28 | finish=2026-09-18 18:21:32 CST
2026-09-17 05:13:42 | INFO    | TRAIN | epoch=045/100 | batch=00050/01041 | total=3.63440e-02 | object=3.63440e-02 | physics=0.00000e+00 | elapsed=00:01:38 | eta=00:32:16 | data_wait=0.28s
2026-09-17 05:15:16 | INFO    | TRAIN | epoch=045/100 | batch=00100/01041 | total=3.64347e-02 | object=3.64347e-02 | physics=0.00000e+00 | elapsed=00:03:13 | eta=00:30:12 | data_wait=0.29s
2026-09-17 05:16:54 | INFO    | TRAIN | epoch=045/100 | batch=00150/01041 | total=4.33857e-02 | object=4.33857e-02 | physics=0.00000e+00 | elapsed=00:04:51 | eta=00:28:46 | data_wait=0.30s
2026-09-17 05:18:30 | INFO    | TRAIN | epoch=045/100 | batch=00200/01041 | total=4.47663e-02 | object=4.47663e-02 | physics=0.00000e+00 | elapsed=00:06:26 | eta=00:27:02 | data_wait=0.31s
2026-09-17 05:20:09 | INFO    | TRAIN | epoch=045/100 | batch=00250/01041 | total=4.11177e-02 | object=4.11177e-02 | physics=0.00000e+00 | elapsed=00:08:05 | eta=00:25:34 | data_wait=0.32s
2026-09-17 05:21:43 | INFO    | TRAIN | epoch=045/100 | batch=00300/01041 | total=3.44397e-02 | object=3.44397e-02 | physics=0.00000e+00 | elapsed=00:09:40 | eta=00:23:51 | data_wait=0.33s
2026-09-17 05:23:19 | INFO    | TRAIN | epoch=045/100 | batch=00350/01041 | total=3.74998e-02 | object=3.74998e-02 | physics=0.00000e+00 | elapsed=00:11:15 | eta=00:22:13 | data_wait=0.34s
2026-09-17 05:24:56 | INFO    | TRAIN | epoch=045/100 | batch=00400/01041 | total=3.83433e-02 | object=3.83433e-02 | physics=0.00000e+00 | elapsed=00:12:52 | eta=00:20:37 | data_wait=0.35s
2026-09-17 05:26:32 | INFO    | TRAIN | epoch=045/100 | batch=00450/01041 | total=4.17418e-02 | object=4.17418e-02 | physics=0.00000e+00 | elapsed=00:14:28 | eta=00:19:00 | data_wait=0.37s
2026-09-17 05:28:09 | INFO    | TRAIN | epoch=045/100 | batch=00500/01041 | total=3.65246e-02 | object=3.65246e-02 | physics=0.00000e+00 | elapsed=00:16:05 | eta=00:17:24 | data_wait=0.38s
2026-09-17 05:29:43 | INFO    | TRAIN | epoch=045/100 | batch=00550/01041 | total=3.83063e-02 | object=3.83063e-02 | physics=0.00000e+00 | elapsed=00:17:39 | eta=00:15:46 | data_wait=0.39s
2026-09-17 05:31:20 | INFO    | TRAIN | epoch=045/100 | batch=00600/01041 | total=3.44080e-02 | object=3.44080e-02 | physics=0.00000e+00 | elapsed=00:19:17 | eta=00:14:10 | data_wait=0.40s
2026-09-17 05:32:56 | INFO    | TRAIN | epoch=045/100 | batch=00650/01041 | total=3.73194e-02 | object=3.73194e-02 | physics=0.00000e+00 | elapsed=00:20:52 | eta=00:12:33 | data_wait=0.41s
2026-09-17 05:34:33 | INFO    | TRAIN | epoch=045/100 | batch=00700/01041 | total=3.78857e-02 | object=3.78857e-02 | physics=0.00000e+00 | elapsed=00:22:29 | eta=00:10:57 | data_wait=0.43s
2026-09-17 05:36:08 | INFO    | TRAIN | epoch=045/100 | batch=00750/01041 | total=3.66881e-02 | object=3.66881e-02 | physics=0.00000e+00 | elapsed=00:24:04 | eta=00:09:20 | data_wait=0.44s
2026-09-17 05:37:41 | INFO    | TRAIN | epoch=045/100 | batch=00800/01041 | total=3.92948e-02 | object=3.92948e-02 | physics=0.00000e+00 | elapsed=00:25:37 | eta=00:07:43 | data_wait=0.45s
2026-09-17 05:39:19 | INFO    | TRAIN | epoch=045/100 | batch=00850/01041 | total=3.83830e-02 | object=3.83830e-02 | physics=0.00000e+00 | elapsed=00:27:15 | eta=00:06:07 | data_wait=0.46s
2026-09-17 05:40:53 | INFO    | TRAIN | epoch=045/100 | batch=00900/01041 | total=3.67550e-02 | object=3.67550e-02 | physics=0.00000e+00 | elapsed=00:28:49 | eta=00:04:31 | data_wait=0.47s
2026-09-17 05:42:30 | INFO    | TRAIN | epoch=045/100 | batch=00950/01041 | total=4.68690e-02 | object=4.68690e-02 | physics=0.00000e+00 | elapsed=00:30:26 | eta=00:02:55 | data_wait=0.49s
2026-09-17 05:44:02 | INFO    | TRAIN | epoch=045/100 | batch=01000/01041 | total=3.68726e-02 | object=3.68726e-02 | physics=0.00000e+00 | elapsed=00:31:58 | eta=00:01:19 | data_wait=0.50s
2026-09-17 05:45:22 | INFO    | TRAIN | epoch=045/100 | batch=01041/01041 | total=4.06602e-02 | object=4.06602e-02 | physics=0.00000e+00 | elapsed=00:33:18 | eta=00:00:00 | data_wait=0.51s
2026-09-17 05:45:58 | INFO    | VAL | epoch=045/100 | batch=00050/00209 | total=5.01557e-02 | object=5.01557e-02 | physics=1.30420e-03 | elapsed=00:00:35 | eta=00:01:52 | data_wait=0.38s
2026-09-17 05:46:33 | INFO    | VAL | epoch=045/100 | batch=00100/00209 | total=5.52555e-02 | object=5.52555e-02 | physics=1.29095e-03 | elapsed=00:01:11 | eta=00:01:17 | data_wait=0.39s
2026-09-17 05:47:08 | INFO    | VAL | epoch=045/100 | batch=00150/00209 | total=6.31611e-02 | object=6.31611e-02 | physics=1.71232e-03 | elapsed=00:01:46 | eta=00:00:42 | data_wait=0.41s
2026-09-17 05:47:40 | INFO    | VAL | epoch=045/100 | batch=00200/00209 | total=5.14171e-02 | object=5.14171e-02 | physics=1.13546e-03 | elapsed=00:02:17 | eta=00:00:06 | data_wait=0.43s
2026-09-17 05:47:45 | INFO    | VAL | epoch=045/100 | batch=00209/00209 | total=5.58765e-02 | object=5.58765e-02 | physics=1.22156e-03 | elapsed=00:02:22 | eta=00:00:00 | data_wait=0.43s
2026-09-17 05:47:46 | INFO    | Epoch 045 complete | train=3.84945e-02 | val=5.32547e-02 | best=5.32547e-02 | real=2.75879e-02 | imag=2.56669e-02 | lr=1.161e-04 | epoch_time=00:35:42 | eta=1d 12:24:37 | finish=2026-09-18 18:12:23 CST
2026-09-17 05:49:20 | INFO    | TRAIN | epoch=046/100 | batch=00050/01041 | total=4.08628e-02 | object=4.08628e-02 | physics=0.00000e+00 | elapsed=00:01:34 | eta=00:31:03 | data_wait=0.23s
2026-09-17 05:50:57 | INFO    | TRAIN | epoch=046/100 | batch=00100/01041 | total=3.78166e-02 | object=3.78166e-02 | physics=0.00000e+00 | elapsed=00:03:12 | eta=00:30:04 | data_wait=0.24s
2026-09-17 05:52:34 | INFO    | TRAIN | epoch=046/100 | batch=00150/01041 | total=3.96131e-02 | object=3.96131e-02 | physics=0.00000e+00 | elapsed=00:04:48 | eta=00:28:31 | data_wait=0.25s
2026-09-17 05:54:10 | INFO    | TRAIN | epoch=046/100 | batch=00200/01041 | total=3.85452e-02 | object=3.85452e-02 | physics=0.00000e+00 | elapsed=00:06:25 | eta=00:26:57 | data_wait=0.26s
2026-09-17 05:55:48 | INFO    | TRAIN | epoch=046/100 | batch=00250/01041 | total=4.09401e-02 | object=4.09401e-02 | physics=0.00000e+00 | elapsed=00:08:03 | eta=00:25:27 | data_wait=0.27s
2026-09-17 05:57:25 | INFO    | TRAIN | epoch=046/100 | batch=00300/01041 | total=3.64652e-02 | object=3.64652e-02 | physics=0.00000e+00 | elapsed=00:09:40 | eta=00:23:52 | data_wait=0.28s
2026-09-17 05:59:01 | INFO    | TRAIN | epoch=046/100 | batch=00350/01041 | total=3.66651e-02 | object=3.66651e-02 | physics=0.00000e+00 | elapsed=00:11:16 | eta=00:22:14 | data_wait=0.29s
2026-09-17 06:00:39 | INFO    | TRAIN | epoch=046/100 | batch=00400/01041 | total=3.82521e-02 | object=3.82521e-02 | physics=0.00000e+00 | elapsed=00:12:53 | eta=00:20:39 | data_wait=0.30s
2026-09-17 06:02:16 | INFO    | TRAIN | epoch=046/100 | batch=00450/01041 | total=4.23522e-02 | object=4.23522e-02 | physics=0.00000e+00 | elapsed=00:14:30 | eta=00:19:03 | data_wait=0.31s
2026-09-17 06:03:53 | INFO    | TRAIN | epoch=046/100 | batch=00500/01041 | total=3.81456e-02 | object=3.81456e-02 | physics=0.00000e+00 | elapsed=00:16:07 | eta=00:17:27 | data_wait=0.33s
2026-09-17 06:05:29 | INFO    | TRAIN | epoch=046/100 | batch=00550/01041 | total=3.79885e-02 | object=3.79885e-02 | physics=0.00000e+00 | elapsed=00:17:43 | eta=00:15:49 | data_wait=0.34s
2026-09-17 06:07:06 | INFO    | TRAIN | epoch=046/100 | batch=00600/01041 | total=3.81246e-02 | object=3.81246e-02 | physics=0.00000e+00 | elapsed=00:19:21 | eta=00:14:13 | data_wait=0.35s
2026-09-17 06:08:45 | INFO    | TRAIN | epoch=046/100 | batch=00650/01041 | total=3.75231e-02 | object=3.75231e-02 | physics=0.00000e+00 | elapsed=00:21:00 | eta=00:12:38 | data_wait=0.37s
2026-09-17 06:10:26 | INFO    | TRAIN | epoch=046/100 | batch=00700/01041 | total=4.23876e-02 | object=4.23876e-02 | physics=0.00000e+00 | elapsed=00:22:40 | eta=00:11:03 | data_wait=0.38s
2026-09-17 06:12:06 | INFO    | TRAIN | epoch=046/100 | batch=00750/01041 | total=3.44255e-02 | object=3.44255e-02 | physics=0.00000e+00 | elapsed=00:24:20 | eta=00:09:27 | data_wait=0.39s
2026-09-17 06:13:45 | INFO    | TRAIN | epoch=046/100 | batch=00800/01041 | total=3.61987e-02 | object=3.61987e-02 | physics=0.00000e+00 | elapsed=00:25:59 | eta=00:07:50 | data_wait=0.40s
2026-09-17 06:15:25 | INFO    | TRAIN | epoch=046/100 | batch=00850/01041 | total=3.75281e-02 | object=3.75281e-02 | physics=0.00000e+00 | elapsed=00:27:40 | eta=00:06:13 | data_wait=0.41s
2026-09-17 06:17:03 | INFO    | TRAIN | epoch=046/100 | batch=00900/01041 | total=3.60120e-02 | object=3.60120e-02 | physics=0.00000e+00 | elapsed=00:29:18 | eta=00:04:35 | data_wait=0.43s
2026-09-17 06:18:40 | INFO    | TRAIN | epoch=046/100 | batch=00950/01041 | total=3.31763e-02 | object=3.31763e-02 | physics=0.00000e+00 | elapsed=00:30:54 | eta=00:02:58 | data_wait=0.44s
2026-09-17 06:20:18 | INFO    | TRAIN | epoch=046/100 | batch=01000/01041 | total=3.48546e-02 | object=3.48546e-02 | physics=0.00000e+00 | elapsed=00:32:33 | eta=00:01:20 | data_wait=0.45s
2026-09-17 06:21:38 | INFO    | TRAIN | epoch=046/100 | batch=01041/01041 | total=3.72146e-02 | object=3.72146e-02 | physics=0.00000e+00 | elapsed=00:33:53 | eta=00:00:00 | data_wait=0.46s
2026-09-17 06:22:11 | INFO    | VAL | epoch=046/100 | batch=00050/00209 | total=5.06589e-02 | object=5.06589e-02 | physics=1.29222e-03 | elapsed=00:00:33 | eta=00:01:46 | data_wait=0.60s
2026-09-17 06:22:49 | INFO    | VAL | epoch=046/100 | batch=00100/00209 | total=5.78545e-02 | object=5.78545e-02 | physics=1.31360e-03 | elapsed=00:01:11 | eta=00:01:17 | data_wait=0.61s
2026-09-17 06:23:27 | INFO    | VAL | epoch=046/100 | batch=00150/00209 | total=6.16804e-02 | object=6.16804e-02 | physics=1.67122e-03 | elapsed=00:01:49 | eta=00:00:43 | data_wait=0.62s
2026-09-17 06:24:00 | INFO    | VAL | epoch=046/100 | batch=00200/00209 | total=5.16070e-02 | object=5.16070e-02 | physics=1.11919e-03 | elapsed=00:02:22 | eta=00:00:06 | data_wait=0.63s
2026-09-17 06:24:05 | INFO    | VAL | epoch=046/100 | batch=00209/00209 | total=5.32668e-02 | object=5.32668e-02 | physics=1.17937e-03 | elapsed=00:02:27 | eta=00:00:00 | data_wait=0.64s
2026-09-17 06:24:06 | INFO    | Epoch 046 complete | train=3.81019e-02 | val=5.38052e-02 | best=5.32547e-02 | real=2.79691e-02 | imag=2.58361e-02 | lr=1.130e-04 | epoch_time=00:36:20 | eta=1d 11:40:56 | finish=2026-09-18 18:05:02 CST
2026-09-17 06:25:45 | INFO    | TRAIN | epoch=047/100 | batch=00050/01041 | total=3.89811e-02 | object=3.89811e-02 | physics=0.00000e+00 | elapsed=00:01:40 | eta=00:32:53 | data_wait=0.26s
2026-09-17 06:27:24 | INFO    | TRAIN | epoch=047/100 | batch=00100/01041 | total=4.02248e-02 | object=4.02248e-02 | physics=0.00000e+00 | elapsed=00:03:18 | eta=00:31:08 | data_wait=0.28s
2026-09-17 06:29:04 | INFO    | TRAIN | epoch=047/100 | batch=00150/01041 | total=4.09587e-02 | object=4.09587e-02 | physics=0.00000e+00 | elapsed=00:04:58 | eta=00:29:31 | data_wait=0.29s
2026-09-17 06:30:42 | INFO    | TRAIN | epoch=047/100 | batch=00200/01041 | total=3.40233e-02 | object=3.40233e-02 | physics=0.00000e+00 | elapsed=00:06:37 | eta=00:27:48 | data_wait=0.30s
2026-09-17 06:32:20 | INFO    | TRAIN | epoch=047/100 | batch=00250/01041 | total=3.70657e-02 | object=3.70657e-02 | physics=0.00000e+00 | elapsed=00:08:15 | eta=00:26:05 | data_wait=0.32s
2026-09-17 06:33:58 | INFO    | TRAIN | epoch=047/100 | batch=00300/01041 | total=4.48317e-02 | object=4.48317e-02 | physics=0.00000e+00 | elapsed=00:09:52 | eta=00:24:23 | data_wait=0.33s
2026-09-17 06:35:36 | INFO    | TRAIN | epoch=047/100 | batch=00350/01041 | total=3.67498e-02 | object=3.67498e-02 | physics=0.00000e+00 | elapsed=00:11:30 | eta=00:22:43 | data_wait=0.34s
2026-09-17 06:37:13 | INFO    | TRAIN | epoch=047/100 | batch=00400/01041 | total=3.73624e-02 | object=3.73624e-02 | physics=0.00000e+00 | elapsed=00:13:07 | eta=00:21:01 | data_wait=0.35s
2026-09-17 06:38:49 | INFO    | TRAIN | epoch=047/100 | batch=00450/01041 | total=3.40038e-02 | object=3.40038e-02 | physics=0.00000e+00 | elapsed=00:14:43 | eta=00:19:19 | data_wait=0.36s
2026-09-17 06:40:24 | INFO    | TRAIN | epoch=047/100 | batch=00500/01041 | total=3.88195e-02 | object=3.88195e-02 | physics=0.00000e+00 | elapsed=00:16:18 | eta=00:17:39 | data_wait=0.38s
2026-09-17 06:42:01 | INFO    | TRAIN | epoch=047/100 | batch=00550/01041 | total=3.85180e-02 | object=3.85180e-02 | physics=0.00000e+00 | elapsed=00:17:55 | eta=00:16:00 | data_wait=0.39s
2026-09-17 06:43:37 | INFO    | TRAIN | epoch=047/100 | batch=00600/01041 | total=3.62607e-02 | object=3.62607e-02 | physics=0.00000e+00 | elapsed=00:19:31 | eta=00:14:21 | data_wait=0.40s
2026-09-17 06:45:12 | INFO    | TRAIN | epoch=047/100 | batch=00650/01041 | total=4.00796e-02 | object=4.00796e-02 | physics=0.00000e+00 | elapsed=00:21:07 | eta=00:12:42 | data_wait=0.41s
2026-09-17 06:46:48 | INFO    | TRAIN | epoch=047/100 | batch=00700/01041 | total=3.86982e-02 | object=3.86982e-02 | physics=0.00000e+00 | elapsed=00:22:42 | eta=00:11:04 | data_wait=0.42s
2026-09-17 06:48:24 | INFO    | TRAIN | epoch=047/100 | batch=00750/01041 | total=3.46810e-02 | object=3.46810e-02 | physics=0.00000e+00 | elapsed=00:24:18 | eta=00:09:26 | data_wait=0.43s
2026-09-17 06:50:00 | INFO    | TRAIN | epoch=047/100 | batch=00800/01041 | total=3.79376e-02 | object=3.79376e-02 | physics=0.00000e+00 | elapsed=00:25:54 | eta=00:07:48 | data_wait=0.44s
2026-09-17 06:51:36 | INFO    | TRAIN | epoch=047/100 | batch=00850/01041 | total=4.05070e-02 | object=4.05070e-02 | physics=0.00000e+00 | elapsed=00:27:31 | eta=00:06:11 | data_wait=0.46s
2026-09-17 06:53:13 | INFO    | TRAIN | epoch=047/100 | batch=00900/01041 | total=3.45382e-02 | object=3.45382e-02 | physics=0.00000e+00 | elapsed=00:29:07 | eta=00:04:34 | data_wait=0.47s
2026-09-17 06:54:51 | INFO    | TRAIN | epoch=047/100 | batch=00950/01041 | total=4.06865e-02 | object=4.06865e-02 | physics=0.00000e+00 | elapsed=00:30:45 | eta=00:02:57 | data_wait=0.48s
2026-09-17 06:56:27 | INFO    | TRAIN | epoch=047/100 | batch=01000/01041 | total=3.84658e-02 | object=3.84658e-02 | physics=0.00000e+00 | elapsed=00:32:21 | eta=00:01:20 | data_wait=0.49s
2026-09-17 06:57:47 | INFO    | TRAIN | epoch=047/100 | batch=01041/01041 | total=3.47665e-02 | object=3.47665e-02 | physics=0.00000e+00 | elapsed=00:33:41 | eta=00:00:00 | data_wait=0.50s
2026-09-17 06:58:22 | INFO    | VAL | epoch=047/100 | batch=00050/00209 | total=5.18299e-02 | object=5.18299e-02 | physics=1.29147e-03 | elapsed=00:00:35 | eta=00:01:51 | data_wait=0.35s
2026-09-17 06:58:57 | INFO    | VAL | epoch=047/100 | batch=00100/00209 | total=5.64492e-02 | object=5.64492e-02 | physics=1.27728e-03 | elapsed=00:01:10 | eta=00:01:16 | data_wait=0.37s
2026-09-17 06:59:34 | INFO    | VAL | epoch=047/100 | batch=00150/00209 | total=6.48502e-02 | object=6.48502e-02 | physics=1.68460e-03 | elapsed=00:01:47 | eta=00:00:42 | data_wait=0.38s
2026-09-17 07:00:10 | INFO    | VAL | epoch=047/100 | batch=00200/00209 | total=5.20690e-02 | object=5.20690e-02 | physics=1.11224e-03 | elapsed=00:02:24 | eta=00:00:06 | data_wait=0.39s
2026-09-17 07:00:16 | INFO    | VAL | epoch=047/100 | batch=00209/00209 | total=5.33564e-02 | object=5.33564e-02 | physics=1.17817e-03 | elapsed=00:02:29 | eta=00:00:00 | data_wait=0.39s
2026-09-17 07:00:16 | INFO    | Epoch 047 complete | train=3.78236e-02 | val=5.48815e-02 | best=5.32547e-02 | real=2.85797e-02 | imag=2.63017e-02 | lr=1.099e-04 | epoch_time=00:36:10 | eta=1d 10:57:22 | finish=2026-09-18 17:57:38 CST
2026-09-17 07:01:54 | INFO    | TRAIN | epoch=048/100 | batch=00050/01041 | total=3.49571e-02 | object=3.49571e-02 | physics=0.00000e+00 | elapsed=00:01:38 | eta=00:32:22 | data_wait=0.30s
2026-09-17 07:03:30 | INFO    | TRAIN | epoch=048/100 | batch=00100/01041 | total=3.47110e-02 | object=3.47110e-02 | physics=0.00000e+00 | elapsed=00:03:14 | eta=00:30:24 | data_wait=0.32s
2026-09-17 07:05:06 | INFO    | TRAIN | epoch=048/100 | batch=00150/01041 | total=3.91090e-02 | object=3.91090e-02 | physics=0.00000e+00 | elapsed=00:04:50 | eta=00:28:42 | data_wait=0.33s
2026-09-17 07:06:41 | INFO    | TRAIN | epoch=048/100 | batch=00200/01041 | total=3.62297e-02 | object=3.62297e-02 | physics=0.00000e+00 | elapsed=00:06:25 | eta=00:26:57 | data_wait=0.34s
2026-09-17 07:08:17 | INFO    | TRAIN | epoch=048/100 | batch=00250/01041 | total=4.07000e-02 | object=4.07000e-02 | physics=0.00000e+00 | elapsed=00:08:01 | eta=00:25:22 | data_wait=0.35s
2026-09-17 07:09:53 | INFO    | TRAIN | epoch=048/100 | batch=00300/01041 | total=3.74385e-02 | object=3.74385e-02 | physics=0.00000e+00 | elapsed=00:09:37 | eta=00:23:45 | data_wait=0.36s
2026-09-17 07:11:30 | INFO    | TRAIN | epoch=048/100 | batch=00350/01041 | total=3.86411e-02 | object=3.86411e-02 | physics=0.00000e+00 | elapsed=00:11:14 | eta=00:22:10 | data_wait=0.38s
2026-09-17 07:13:06 | INFO    | TRAIN | epoch=048/100 | batch=00400/01041 | total=3.88424e-02 | object=3.88424e-02 | physics=0.00000e+00 | elapsed=00:12:50 | eta=00:20:34 | data_wait=0.39s
2026-09-17 07:14:41 | INFO    | TRAIN | epoch=048/100 | batch=00450/01041 | total=3.62561e-02 | object=3.62561e-02 | physics=0.00000e+00 | elapsed=00:14:24 | eta=00:18:55 | data_wait=0.40s
2026-09-17 07:16:16 | INFO    | TRAIN | epoch=048/100 | batch=00500/01041 | total=3.77676e-02 | object=3.77676e-02 | physics=0.00000e+00 | elapsed=00:15:59 | eta=00:17:18 | data_wait=0.41s
2026-09-17 07:17:51 | INFO    | TRAIN | epoch=048/100 | batch=00550/01041 | total=4.03440e-02 | object=4.03440e-02 | physics=0.00000e+00 | elapsed=00:17:35 | eta=00:15:42 | data_wait=0.42s
2026-09-17 07:19:26 | INFO    | TRAIN | epoch=048/100 | batch=00600/01041 | total=4.22129e-02 | object=4.22129e-02 | physics=0.00000e+00 | elapsed=00:19:10 | eta=00:14:05 | data_wait=0.43s
2026-09-17 07:20:59 | INFO    | TRAIN | epoch=048/100 | batch=00650/01041 | total=3.81911e-02 | object=3.81911e-02 | physics=0.00000e+00 | elapsed=00:20:43 | eta=00:12:28 | data_wait=0.44s
2026-09-17 07:22:33 | INFO    | TRAIN | epoch=048/100 | batch=00700/01041 | total=3.76323e-02 | object=3.76323e-02 | physics=0.00000e+00 | elapsed=00:22:17 | eta=00:10:51 | data_wait=0.46s
2026-09-17 07:24:07 | INFO    | TRAIN | epoch=048/100 | batch=00750/01041 | total=3.41212e-02 | object=3.41212e-02 | physics=0.00000e+00 | elapsed=00:23:51 | eta=00:09:15 | data_wait=0.47s
2026-09-17 07:25:41 | INFO    | TRAIN | epoch=048/100 | batch=00800/01041 | total=3.97974e-02 | object=3.97974e-02 | physics=0.00000e+00 | elapsed=00:25:25 | eta=00:07:39 | data_wait=0.48s
2026-09-17 07:27:15 | INFO    | TRAIN | epoch=048/100 | batch=00850/01041 | total=3.62950e-02 | object=3.62950e-02 | physics=0.00000e+00 | elapsed=00:26:59 | eta=00:06:04 | data_wait=0.49s
2026-09-17 07:28:51 | INFO    | TRAIN | epoch=048/100 | batch=00900/01041 | total=3.71018e-02 | object=3.71018e-02 | physics=0.00000e+00 | elapsed=00:28:34 | eta=00:04:29 | data_wait=0.50s
2026-09-17 07:30:24 | INFO    | TRAIN | epoch=048/100 | batch=00950/01041 | total=3.61196e-02 | object=3.61196e-02 | physics=0.00000e+00 | elapsed=00:30:08 | eta=00:02:53 | data_wait=0.51s
2026-09-17 07:31:58 | INFO    | TRAIN | epoch=048/100 | batch=01000/01041 | total=3.75989e-02 | object=3.75989e-02 | physics=0.00000e+00 | elapsed=00:31:42 | eta=00:01:18 | data_wait=0.52s
2026-09-17 07:33:16 | INFO    | TRAIN | epoch=048/100 | batch=01041/01041 | total=3.57309e-02 | object=3.57309e-02 | physics=0.00000e+00 | elapsed=00:33:00 | eta=00:00:00 | data_wait=0.53s
2026-09-17 07:33:53 | INFO    | VAL | epoch=048/100 | batch=00050/00209 | total=4.97502e-02 | object=4.97502e-02 | physics=1.28880e-03 | elapsed=00:00:37 | eta=00:01:58 | data_wait=0.40s
2026-09-17 07:34:29 | INFO    | VAL | epoch=048/100 | batch=00100/00209 | total=5.64477e-02 | object=5.64477e-02 | physics=1.27976e-03 | elapsed=00:01:13 | eta=00:01:19 | data_wait=0.41s
2026-09-17 07:35:00 | INFO    | VAL | epoch=048/100 | batch=00150/00209 | total=6.13152e-02 | object=6.13152e-02 | physics=1.67490e-03 | elapsed=00:01:44 | eta=00:00:41 | data_wait=0.43s
2026-09-17 07:35:35 | INFO    | VAL | epoch=048/100 | batch=00200/00209 | total=5.05004e-02 | object=5.05004e-02 | physics=1.10862e-03 | elapsed=00:02:19 | eta=00:00:06 | data_wait=0.44s
2026-09-17 07:35:41 | INFO    | VAL | epoch=048/100 | batch=00209/00209 | total=5.33660e-02 | object=5.33660e-02 | physics=1.19763e-03 | elapsed=00:02:25 | eta=00:00:00 | data_wait=0.44s
2026-09-17 07:35:41 | INFO    | Epoch 048 complete | train=3.74718e-02 | val=5.30438e-02 | best=5.30438e-02 | real=2.75489e-02 | imag=2.54948e-02 | lr=1.067e-04 | epoch_time=00:35:25 | eta=1d 10:13:18 | finish=2026-09-18 17:48:59 CST
2026-09-17 07:37:16 | INFO    | TRAIN | epoch=049/100 | batch=00050/01041 | total=3.54367e-02 | object=3.54367e-02 | physics=0.00000e+00 | elapsed=00:01:34 | eta=00:31:08 | data_wait=0.30s
2026-09-17 07:38:47 | INFO    | TRAIN | epoch=049/100 | batch=00100/01041 | total=4.00474e-02 | object=4.00474e-02 | physics=0.00000e+00 | elapsed=00:03:06 | eta=00:29:06 | data_wait=0.31s
2026-09-17 07:40:21 | INFO    | TRAIN | epoch=049/100 | batch=00150/01041 | total=4.19665e-02 | object=4.19665e-02 | physics=0.00000e+00 | elapsed=00:04:40 | eta=00:27:41 | data_wait=0.32s
2026-09-17 07:41:55 | INFO    | TRAIN | epoch=049/100 | batch=00200/01041 | total=3.93599e-02 | object=3.93599e-02 | physics=0.00000e+00 | elapsed=00:06:13 | eta=00:26:10 | data_wait=0.34s
2026-09-17 07:43:27 | INFO    | TRAIN | epoch=049/100 | batch=00250/01041 | total=3.42599e-02 | object=3.42599e-02 | physics=0.00000e+00 | elapsed=00:07:46 | eta=00:24:34 | data_wait=0.35s
2026-09-17 07:45:02 | INFO    | TRAIN | epoch=049/100 | batch=00300/01041 | total=3.95809e-02 | object=3.95809e-02 | physics=0.00000e+00 | elapsed=00:09:21 | eta=00:23:05 | data_wait=0.36s
2026-09-17 07:46:37 | INFO    | TRAIN | epoch=049/100 | batch=00350/01041 | total=3.45927e-02 | object=3.45927e-02 | physics=0.00000e+00 | elapsed=00:10:56 | eta=00:21:35 | data_wait=0.37s
2026-09-17 07:48:10 | INFO    | TRAIN | epoch=049/100 | batch=00400/01041 | total=3.90591e-02 | object=3.90591e-02 | physics=0.00000e+00 | elapsed=00:12:29 | eta=00:20:00 | data_wait=0.38s
2026-09-17 07:49:46 | INFO    | TRAIN | epoch=049/100 | batch=00450/01041 | total=3.73665e-02 | object=3.73665e-02 | physics=0.00000e+00 | elapsed=00:14:04 | eta=00:18:29 | data_wait=0.40s
2026-09-17 07:51:21 | INFO    | TRAIN | epoch=049/100 | batch=00500/01041 | total=4.34798e-02 | object=4.34798e-02 | physics=0.00000e+00 | elapsed=00:15:39 | eta=00:16:57 | data_wait=0.41s
2026-09-17 07:52:52 | INFO    | TRAIN | epoch=049/100 | batch=00550/01041 | total=3.64884e-02 | object=3.64884e-02 | physics=0.00000e+00 | elapsed=00:17:10 | eta=00:15:20 | data_wait=0.42s
2026-09-17 07:54:25 | INFO    | TRAIN | epoch=049/100 | batch=00600/01041 | total=3.95559e-02 | object=3.95559e-02 | physics=0.00000e+00 | elapsed=00:18:43 | eta=00:13:45 | data_wait=0.43s
2026-09-17 07:55:56 | INFO    | TRAIN | epoch=049/100 | batch=00650/01041 | total=3.51291e-02 | object=3.51291e-02 | physics=0.00000e+00 | elapsed=00:20:15 | eta=00:12:11 | data_wait=0.44s
2026-09-17 07:57:28 | INFO    | TRAIN | epoch=049/100 | batch=00700/01041 | total=4.44953e-02 | object=4.44953e-02 | physics=0.00000e+00 | elapsed=00:21:46 | eta=00:10:36 | data_wait=0.45s
2026-09-17 07:59:02 | INFO    | TRAIN | epoch=049/100 | batch=00750/01041 | total=3.74889e-02 | object=3.74889e-02 | physics=0.00000e+00 | elapsed=00:23:20 | eta=00:09:03 | data_wait=0.46s
2026-09-17 08:00:34 | INFO    | TRAIN | epoch=049/100 | batch=00800/01041 | total=3.92106e-02 | object=3.92106e-02 | physics=0.00000e+00 | elapsed=00:24:52 | eta=00:07:30 | data_wait=0.47s
2026-09-17 08:02:06 | INFO    | TRAIN | epoch=049/100 | batch=00850/01041 | total=3.61213e-02 | object=3.61213e-02 | physics=0.00000e+00 | elapsed=00:26:25 | eta=00:05:56 | data_wait=0.48s
2026-09-17 08:03:42 | INFO    | TRAIN | epoch=049/100 | batch=00900/01041 | total=4.10621e-02 | object=4.10621e-02 | physics=0.00000e+00 | elapsed=00:28:01 | eta=00:04:23 | data_wait=0.50s
2026-09-17 08:05:15 | INFO    | TRAIN | epoch=049/100 | batch=00950/01041 | total=3.69218e-02 | object=3.69218e-02 | physics=0.00000e+00 | elapsed=00:29:34 | eta=00:02:50 | data_wait=0.51s
2026-09-17 08:06:48 | INFO    | TRAIN | epoch=049/100 | batch=01000/01041 | total=3.39836e-02 | object=3.39836e-02 | physics=0.00000e+00 | elapsed=00:31:07 | eta=00:01:17 | data_wait=0.52s
2026-09-17 08:08:05 | INFO    | TRAIN | epoch=049/100 | batch=01041/01041 | total=3.74789e-02 | object=3.74789e-02 | physics=0.00000e+00 | elapsed=00:32:23 | eta=00:00:00 | data_wait=0.54s
2026-09-17 08:08:42 | INFO    | VAL | epoch=049/100 | batch=00050/00209 | total=5.32374e-02 | object=5.32374e-02 | physics=1.30691e-03 | elapsed=00:00:37 | eta=00:01:58 | data_wait=0.39s
2026-09-17 08:09:18 | INFO    | VAL | epoch=049/100 | batch=00100/00209 | total=5.60094e-02 | object=5.60094e-02 | physics=1.26282e-03 | elapsed=00:01:13 | eta=00:01:20 | data_wait=0.40s
2026-09-17 08:09:53 | INFO    | VAL | epoch=049/100 | batch=00150/00209 | total=6.33555e-02 | object=6.33555e-02 | physics=1.67506e-03 | elapsed=00:01:49 | eta=00:00:43 | data_wait=0.41s
2026-09-17 08:10:26 | INFO    | VAL | epoch=049/100 | batch=00200/00209 | total=5.22245e-02 | object=5.22245e-02 | physics=1.11545e-03 | elapsed=00:02:21 | eta=00:00:06 | data_wait=0.44s
2026-09-17 08:10:31 | INFO    | VAL | epoch=049/100 | batch=00209/00209 | total=5.60917e-02 | object=5.60917e-02 | physics=1.20089e-03 | elapsed=00:02:27 | eta=00:00:00 | data_wait=0.44s
2026-09-17 08:10:32 | INFO    | Epoch 049 complete | train=3.71394e-02 | val=5.43449e-02 | best=5.30438e-02 | real=2.83426e-02 | imag=2.60024e-02 | lr=1.036e-04 | epoch_time=00:34:50 | eta=1d 09:28:58 | finish=2026-09-18 17:39:30 CST
2026-09-17 08:12:04 | INFO    | TRAIN | epoch=050/100 | batch=00050/01041 | total=3.52130e-02 | object=3.52130e-02 | physics=0.00000e+00 | elapsed=00:01:32 | eta=00:30:32 | data_wait=0.23s
2026-09-17 08:13:39 | INFO    | TRAIN | epoch=050/100 | batch=00100/01041 | total=3.61789e-02 | object=3.61789e-02 | physics=0.00000e+00 | elapsed=00:03:08 | eta=00:29:26 | data_wait=0.24s
2026-09-17 08:15:13 | INFO    | TRAIN | epoch=050/100 | batch=00150/01041 | total=3.64447e-02 | object=3.64447e-02 | physics=0.00000e+00 | elapsed=00:04:41 | eta=00:27:51 | data_wait=0.25s
2026-09-17 08:16:45 | INFO    | TRAIN | epoch=050/100 | batch=00200/01041 | total=3.52683e-02 | object=3.52683e-02 | physics=0.00000e+00 | elapsed=00:06:13 | eta=00:26:08 | data_wait=0.26s
2026-09-17 08:18:19 | INFO    | TRAIN | epoch=050/100 | batch=00250/01041 | total=3.32831e-02 | object=3.32831e-02 | physics=0.00000e+00 | elapsed=00:07:47 | eta=00:24:39 | data_wait=0.27s
2026-09-17 08:19:54 | INFO    | TRAIN | epoch=050/100 | batch=00300/01041 | total=3.57575e-02 | object=3.57575e-02 | physics=0.00000e+00 | elapsed=00:09:22 | eta=00:23:07 | data_wait=0.28s
2026-09-17 08:21:26 | INFO    | TRAIN | epoch=050/100 | batch=00350/01041 | total=3.77843e-02 | object=3.77843e-02 | physics=0.00000e+00 | elapsed=00:10:55 | eta=00:21:33 | data_wait=0.29s
2026-09-17 08:23:00 | INFO    | TRAIN | epoch=050/100 | batch=00400/01041 | total=3.45992e-02 | object=3.45992e-02 | physics=0.00000e+00 | elapsed=00:12:29 | eta=00:20:00 | data_wait=0.31s
2026-09-17 08:24:34 | INFO    | TRAIN | epoch=050/100 | batch=00450/01041 | total=3.50834e-02 | object=3.50834e-02 | physics=0.00000e+00 | elapsed=00:14:02 | eta=00:18:26 | data_wait=0.32s
2026-09-17 08:26:07 | INFO    | TRAIN | epoch=050/100 | batch=00500/01041 | total=3.49056e-02 | object=3.49056e-02 | physics=0.00000e+00 | elapsed=00:15:35 | eta=00:16:52 | data_wait=0.33s
2026-09-17 08:27:42 | INFO    | TRAIN | epoch=050/100 | batch=00550/01041 | total=3.91031e-02 | object=3.91031e-02 | physics=0.00000e+00 | elapsed=00:17:10 | eta=00:15:20 | data_wait=0.34s
2026-09-17 08:29:17 | INFO    | TRAIN | epoch=050/100 | batch=00600/01041 | total=3.55618e-02 | object=3.55618e-02 | physics=0.00000e+00 | elapsed=00:18:45 | eta=00:13:47 | data_wait=0.35s
2026-09-17 08:30:52 | INFO    | TRAIN | epoch=050/100 | batch=00650/01041 | total=3.25812e-02 | object=3.25812e-02 | physics=0.00000e+00 | elapsed=00:20:20 | eta=00:12:14 | data_wait=0.36s
2026-09-17 08:32:27 | INFO    | TRAIN | epoch=050/100 | batch=00700/01041 | total=3.65536e-02 | object=3.65536e-02 | physics=0.00000e+00 | elapsed=00:21:55 | eta=00:10:41 | data_wait=0.37s
2026-09-17 08:34:03 | INFO    | TRAIN | epoch=050/100 | batch=00750/01041 | total=3.71931e-02 | object=3.71931e-02 | physics=0.00000e+00 | elapsed=00:23:31 | eta=00:09:08 | data_wait=0.38s
2026-09-17 08:35:38 | INFO    | TRAIN | epoch=050/100 | batch=00800/01041 | total=3.41663e-02 | object=3.41663e-02 | physics=0.00000e+00 | elapsed=00:25:07 | eta=00:07:34 | data_wait=0.39s
2026-09-17 08:37:14 | INFO    | TRAIN | epoch=050/100 | batch=00850/01041 | total=3.61879e-02 | object=3.61879e-02 | physics=0.00000e+00 | elapsed=00:26:43 | eta=00:06:00 | data_wait=0.40s
2026-09-17 08:38:49 | INFO    | TRAIN | epoch=050/100 | batch=00900/01041 | total=3.25734e-02 | object=3.25734e-02 | physics=0.00000e+00 | elapsed=00:28:17 | eta=00:04:26 | data_wait=0.41s
2026-09-17 08:40:21 | INFO    | TRAIN | epoch=050/100 | batch=00950/01041 | total=3.81208e-02 | object=3.81208e-02 | physics=0.00000e+00 | elapsed=00:29:49 | eta=00:02:51 | data_wait=0.43s
2026-09-17 08:41:56 | INFO    | TRAIN | epoch=050/100 | batch=01000/01041 | total=3.68485e-02 | object=3.68485e-02 | physics=0.00000e+00 | elapsed=00:31:25 | eta=00:01:17 | data_wait=0.44s
2026-09-17 08:43:15 | INFO    | TRAIN | epoch=050/100 | batch=01041/01041 | total=3.93431e-02 | object=3.93431e-02 | physics=0.00000e+00 | elapsed=00:32:43 | eta=00:00:00 | data_wait=0.45s
2026-09-17 08:43:50 | INFO    | VAL | epoch=050/100 | batch=00050/00209 | total=5.01031e-02 | object=5.01031e-02 | physics=1.28431e-03 | elapsed=00:00:35 | eta=00:01:50 | data_wait=0.48s
2026-09-17 08:44:26 | INFO    | VAL | epoch=050/100 | batch=00100/00209 | total=5.46972e-02 | object=5.46972e-02 | physics=1.26779e-03 | elapsed=00:01:11 | eta=00:01:17 | data_wait=0.49s
2026-09-17 08:45:01 | INFO    | VAL | epoch=050/100 | batch=00150/00209 | total=6.21468e-02 | object=6.21468e-02 | physics=1.68871e-03 | elapsed=00:01:46 | eta=00:00:42 | data_wait=0.50s
2026-09-17 08:45:36 | INFO    | VAL | epoch=050/100 | batch=00200/00209 | total=4.99558e-02 | object=4.99558e-02 | physics=1.10782e-03 | elapsed=00:02:21 | eta=00:00:06 | data_wait=0.52s
2026-09-17 08:45:41 | INFO    | VAL | epoch=050/100 | batch=00209/00209 | total=5.46478e-02 | object=5.46478e-02 | physics=1.18322e-03 | elapsed=00:02:27 | eta=00:00:00 | data_wait=0.52s
2026-09-17 08:45:42 | INFO    | Epoch 050 complete | train=3.68535e-02 | val=5.34017e-02 | best=5.30438e-02 | real=2.77099e-02 | imag=2.56918e-02 | lr=1.005e-04 | epoch_time=00:35:10 | eta=1d 08:45:22 | finish=2026-09-18 17:31:04 CST
2026-09-17 08:47:26 | INFO    | TRAIN | epoch=051/100 | batch=00050/01041 | total=3.48385e-02 | object=3.48385e-02 | physics=0.00000e+00 | elapsed=00:01:44 | eta=00:34:15 | data_wait=0.31s
2026-09-17 08:49:24 | INFO    | TRAIN | epoch=051/100 | batch=00100/01041 | total=3.70515e-02 | object=3.70515e-02 | physics=0.00000e+00 | elapsed=00:03:42 | eta=00:34:52 | data_wait=0.33s
2026-09-17 08:51:02 | INFO    | TRAIN | epoch=051/100 | batch=00150/01041 | total=3.54550e-02 | object=3.54550e-02 | physics=0.00000e+00 | elapsed=00:05:20 | eta=00:31:40 | data_wait=0.34s
2026-09-17 08:52:42 | INFO    | TRAIN | epoch=051/100 | batch=00200/01041 | total=3.60496e-02 | object=3.60496e-02 | physics=0.00000e+00 | elapsed=00:07:00 | eta=00:29:27 | data_wait=0.35s
2026-09-17 08:54:26 | INFO    | TRAIN | epoch=051/100 | batch=00250/01041 | total=3.74090e-02 | object=3.74090e-02 | physics=0.00000e+00 | elapsed=00:08:44 | eta=00:27:37 | data_wait=0.36s
2026-09-17 08:56:22 | INFO    | TRAIN | epoch=051/100 | batch=00300/01041 | total=3.35790e-02 | object=3.35790e-02 | physics=0.00000e+00 | elapsed=00:10:40 | eta=00:26:20 | data_wait=0.38s
2026-09-17 08:58:17 | INFO    | TRAIN | epoch=051/100 | batch=00350/01041 | total=3.74653e-02 | object=3.74653e-02 | physics=0.00000e+00 | elapsed=00:12:35 | eta=00:24:50 | data_wait=0.39s
2026-09-17 09:00:05 | INFO    | TRAIN | epoch=051/100 | batch=00400/01041 | total=3.68572e-02 | object=3.68572e-02 | physics=0.00000e+00 | elapsed=00:14:23 | eta=00:23:04 | data_wait=0.41s
2026-09-17 09:01:49 | INFO    | TRAIN | epoch=051/100 | batch=00450/01041 | total=3.64292e-02 | object=3.64292e-02 | physics=0.00000e+00 | elapsed=00:16:07 | eta=00:21:10 | data_wait=0.42s
2026-09-17 09:03:32 | INFO    | TRAIN | epoch=051/100 | batch=00500/01041 | total=4.10254e-02 | object=4.10254e-02 | physics=0.00000e+00 | elapsed=00:17:50 | eta=00:19:18 | data_wait=0.43s
2026-09-17 09:05:18 | INFO    | TRAIN | epoch=051/100 | batch=00550/01041 | total=3.55174e-02 | object=3.55174e-02 | physics=0.00000e+00 | elapsed=00:19:36 | eta=00:17:30 | data_wait=0.45s
2026-09-17 09:07:03 | INFO    | TRAIN | epoch=051/100 | batch=00600/01041 | total=3.34584e-02 | object=3.34584e-02 | physics=0.00000e+00 | elapsed=00:21:21 | eta=00:15:41 | data_wait=0.46s
2026-09-17 09:08:46 | INFO    | TRAIN | epoch=051/100 | batch=00650/01041 | total=3.69356e-02 | object=3.69356e-02 | physics=0.00000e+00 | elapsed=00:23:04 | eta=00:13:53 | data_wait=0.47s
2026-09-17 09:10:28 | INFO    | TRAIN | epoch=051/100 | batch=00700/01041 | total=3.58849e-02 | object=3.58849e-02 | physics=0.00000e+00 | elapsed=00:24:46 | eta=00:12:04 | data_wait=0.49s
2026-09-17 09:12:11 | INFO    | TRAIN | epoch=051/100 | batch=00750/01041 | total=3.68787e-02 | object=3.68787e-02 | physics=0.00000e+00 | elapsed=00:26:29 | eta=00:10:17 | data_wait=0.50s
2026-09-17 09:13:59 | INFO    | TRAIN | epoch=051/100 | batch=00800/01041 | total=3.31580e-02 | object=3.31580e-02 | physics=0.00000e+00 | elapsed=00:28:17 | eta=00:08:31 | data_wait=0.51s
2026-09-17 09:15:51 | INFO    | TRAIN | epoch=051/100 | batch=00850/01041 | total=3.35062e-02 | object=3.35062e-02 | physics=0.00000e+00 | elapsed=00:30:09 | eta=00:06:47 | data_wait=0.52s
2026-09-17 09:17:37 | INFO    | TRAIN | epoch=051/100 | batch=00900/01041 | total=3.50406e-02 | object=3.50406e-02 | physics=0.00000e+00 | elapsed=00:31:55 | eta=00:05:00 | data_wait=0.54s
2026-09-17 09:19:32 | INFO    | TRAIN | epoch=051/100 | batch=00950/01041 | total=3.33505e-02 | object=3.33505e-02 | physics=0.00000e+00 | elapsed=00:33:50 | eta=00:03:14 | data_wait=0.55s
2026-09-17 09:21:17 | INFO    | TRAIN | epoch=051/100 | batch=01000/01041 | total=3.61131e-02 | object=3.61131e-02 | physics=0.00000e+00 | elapsed=00:35:35 | eta=00:01:28 | data_wait=0.57s
2026-09-17 09:22:51 | INFO    | TRAIN | epoch=051/100 | batch=01041/01041 | total=3.54275e-02 | object=3.54275e-02 | physics=0.00000e+00 | elapsed=00:37:09 | eta=00:00:00 | data_wait=0.58s
2026-09-17 09:23:31 | INFO    | VAL | epoch=051/100 | batch=00050/00209 | total=5.10328e-02 | object=5.10328e-02 | physics=1.29932e-03 | elapsed=00:00:40 | eta=00:02:08 | data_wait=0.42s
2026-09-17 09:24:08 | INFO    | VAL | epoch=051/100 | batch=00100/00209 | total=5.63131e-02 | object=5.63131e-02 | physics=1.27625e-03 | elapsed=00:01:17 | eta=00:01:24 | data_wait=0.44s
2026-09-17 09:24:46 | INFO    | VAL | epoch=051/100 | batch=00150/00209 | total=6.12799e-02 | object=6.12799e-02 | physics=1.65901e-03 | elapsed=00:01:55 | eta=00:00:45 | data_wait=0.46s
2026-09-17 09:25:24 | INFO    | VAL | epoch=051/100 | batch=00200/00209 | total=5.23759e-02 | object=5.23759e-02 | physics=1.12754e-03 | elapsed=00:02:32 | eta=00:00:07 | data_wait=0.47s
2026-09-17 09:25:30 | INFO    | VAL | epoch=051/100 | batch=00209/00209 | total=5.25585e-02 | object=5.25585e-02 | physics=1.17418e-03 | elapsed=00:02:39 | eta=00:00:00 | data_wait=0.47s
2026-09-17 09:25:30 | INFO    | Epoch 051 complete | train=3.65837e-02 | val=5.31737e-02 | best=5.30438e-02 | real=2.76493e-02 | imag=2.55243e-02 | lr=9.737e-05 | epoch_time=00:39:48 | eta=1d 08:06:32 | finish=2026-09-18 17:32:02 CST
2026-09-17 09:27:18 | INFO    | TRAIN | epoch=052/100 | batch=00050/01041 | total=3.60227e-02 | object=3.60227e-02 | physics=0.00000e+00 | elapsed=00:01:48 | eta=00:35:39 | data_wait=0.21s
2026-09-17 09:29:04 | INFO    | TRAIN | epoch=052/100 | batch=00100/01041 | total=3.83079e-02 | object=3.83079e-02 | physics=0.00000e+00 | elapsed=00:03:34 | eta=00:33:35 | data_wait=0.23s
2026-09-17 09:30:50 | INFO    | TRAIN | epoch=052/100 | batch=00150/01041 | total=3.55579e-02 | object=3.55579e-02 | physics=0.00000e+00 | elapsed=00:05:20 | eta=00:31:42 | data_wait=0.24s
2026-09-17 09:32:36 | INFO    | TRAIN | epoch=052/100 | batch=00200/01041 | total=3.33475e-02 | object=3.33475e-02 | physics=0.00000e+00 | elapsed=00:07:06 | eta=00:29:51 | data_wait=0.25s
2026-09-17 09:34:23 | INFO    | TRAIN | epoch=052/100 | batch=00250/01041 | total=3.92160e-02 | object=3.92160e-02 | physics=0.00000e+00 | elapsed=00:08:53 | eta=00:28:05 | data_wait=0.26s
2026-09-17 09:36:13 | INFO    | TRAIN | epoch=052/100 | batch=00300/01041 | total=3.91538e-02 | object=3.91538e-02 | physics=0.00000e+00 | elapsed=00:10:43 | eta=00:26:29 | data_wait=0.27s
2026-09-17 09:38:01 | INFO    | TRAIN | epoch=052/100 | batch=00350/01041 | total=3.99307e-02 | object=3.99307e-02 | physics=0.00000e+00 | elapsed=00:12:31 | eta=00:24:43 | data_wait=0.29s
2026-09-17 09:39:50 | INFO    | TRAIN | epoch=052/100 | batch=00400/01041 | total=3.85042e-02 | object=3.85042e-02 | physics=0.00000e+00 | elapsed=00:14:19 | eta=00:22:57 | data_wait=0.30s
2026-09-17 09:41:38 | INFO    | TRAIN | epoch=052/100 | batch=00450/01041 | total=3.74309e-02 | object=3.74309e-02 | physics=0.00000e+00 | elapsed=00:16:08 | eta=00:21:11 | data_wait=0.31s
2026-09-17 09:43:29 | INFO    | TRAIN | epoch=052/100 | batch=00500/01041 | total=3.71381e-02 | object=3.71381e-02 | physics=0.00000e+00 | elapsed=00:17:59 | eta=00:19:27 | data_wait=0.32s
2026-09-17 09:45:23 | INFO    | TRAIN | epoch=052/100 | batch=00550/01041 | total=3.38415e-02 | object=3.38415e-02 | physics=0.00000e+00 | elapsed=00:19:53 | eta=00:17:45 | data_wait=0.34s
2026-09-17 09:47:22 | INFO    | TRAIN | epoch=052/100 | batch=00600/01041 | total=3.40556e-02 | object=3.40556e-02 | physics=0.00000e+00 | elapsed=00:21:52 | eta=00:16:04 | data_wait=0.35s
2026-09-17 09:49:12 | INFO    | TRAIN | epoch=052/100 | batch=00650/01041 | total=3.64740e-02 | object=3.64740e-02 | physics=0.00000e+00 | elapsed=00:23:42 | eta=00:14:15 | data_wait=0.37s
2026-09-17 09:51:06 | INFO    | TRAIN | epoch=052/100 | batch=00700/01041 | total=3.84354e-02 | object=3.84354e-02 | physics=0.00000e+00 | elapsed=00:25:36 | eta=00:12:28 | data_wait=0.38s
2026-09-17 09:53:04 | INFO    | TRAIN | epoch=052/100 | batch=00750/01041 | total=3.52156e-02 | object=3.52156e-02 | physics=0.00000e+00 | elapsed=00:27:34 | eta=00:10:42 | data_wait=0.40s
2026-09-17 09:54:59 | INFO    | TRAIN | epoch=052/100 | batch=00800/01041 | total=3.42165e-02 | object=3.42165e-02 | physics=0.00000e+00 | elapsed=00:29:29 | eta=00:08:53 | data_wait=0.41s
2026-09-17 09:57:00 | INFO    | TRAIN | epoch=052/100 | batch=00850/01041 | total=3.48904e-02 | object=3.48904e-02 | physics=0.00000e+00 | elapsed=00:31:30 | eta=00:07:05 | data_wait=0.43s
2026-09-17 09:58:58 | INFO    | TRAIN | epoch=052/100 | batch=00900/01041 | total=3.72497e-02 | object=3.72497e-02 | physics=0.00000e+00 | elapsed=00:33:28 | eta=00:05:15 | data_wait=0.44s
2026-09-17 10:00:53 | INFO    | TRAIN | epoch=052/100 | batch=00950/01041 | total=3.53624e-02 | object=3.53624e-02 | physics=0.00000e+00 | elapsed=00:35:23 | eta=00:03:23 | data_wait=0.46s
2026-09-17 10:02:56 | INFO    | TRAIN | epoch=052/100 | batch=01000/01041 | total=3.47260e-02 | object=3.47260e-02 | physics=0.00000e+00 | elapsed=00:37:26 | eta=00:01:32 | data_wait=0.47s
2026-09-17 10:04:33 | INFO    | TRAIN | epoch=052/100 | batch=01041/01041 | total=3.56266e-02 | object=3.56266e-02 | physics=0.00000e+00 | elapsed=00:39:03 | eta=00:00:00 | data_wait=0.49s
2026-09-17 10:05:15 | INFO    | VAL | epoch=052/100 | batch=00050/00209 | total=5.06350e-02 | object=5.06350e-02 | physics=1.29687e-03 | elapsed=00:00:42 | eta=00:02:14 | data_wait=0.27s
2026-09-17 10:05:54 | INFO    | VAL | epoch=052/100 | batch=00100/00209 | total=5.47376e-02 | object=5.47376e-02 | physics=1.26914e-03 | elapsed=00:01:21 | eta=00:01:29 | data_wait=0.29s
2026-09-17 10:06:36 | INFO    | VAL | epoch=052/100 | batch=00150/00209 | total=5.99770e-02 | object=5.99770e-02 | physics=1.66918e-03 | elapsed=00:02:03 | eta=00:00:48 | data_wait=0.31s
2026-09-17 10:07:18 | INFO    | VAL | epoch=052/100 | batch=00200/00209 | total=4.95282e-02 | object=4.95282e-02 | physics=1.11034e-03 | elapsed=00:02:45 | eta=00:00:07 | data_wait=0.33s
2026-09-17 10:07:25 | INFO    | VAL | epoch=052/100 | batch=00209/00209 | total=5.06127e-02 | object=5.06127e-02 | physics=1.16401e-03 | elapsed=00:02:52 | eta=00:00:00 | data_wait=0.34s
2026-09-17 10:07:26 | INFO    | Epoch 052 complete | train=3.63580e-02 | val=5.20541e-02 | best=5.20541e-02 | real=2.70227e-02 | imag=2.50314e-02 | lr=9.425e-05 | epoch_time=00:41:55 | eta=1d 07:29:37 | finish=2026-09-18 17:37:03 CST
2026-09-17 10:09:32 | INFO    | TRAIN | epoch=053/100 | batch=00050/01041 | total=3.42719e-02 | object=3.42719e-02 | physics=0.00000e+00 | elapsed=00:02:06 | eta=00:41:43 | data_wait=0.28s
2026-09-17 10:11:37 | INFO    | TRAIN | epoch=053/100 | batch=00100/01041 | total=4.16492e-02 | object=4.16492e-02 | physics=0.00000e+00 | elapsed=00:04:11 | eta=00:39:23 | data_wait=0.29s
2026-09-17 10:13:43 | INFO    | TRAIN | epoch=053/100 | batch=00150/01041 | total=3.47191e-02 | object=3.47191e-02 | physics=0.00000e+00 | elapsed=00:06:17 | eta=00:37:19 | data_wait=0.31s
2026-09-17 10:15:43 | INFO    | TRAIN | epoch=053/100 | batch=00200/01041 | total=3.84103e-02 | object=3.84103e-02 | physics=0.00000e+00 | elapsed=00:08:18 | eta=00:34:52 | data_wait=0.33s
2026-09-17 10:17:47 | INFO    | TRAIN | epoch=053/100 | batch=00250/01041 | total=3.67544e-02 | object=3.67544e-02 | physics=0.00000e+00 | elapsed=00:10:22 | eta=00:32:47 | data_wait=0.34s
2026-09-17 10:19:50 | INFO    | TRAIN | epoch=053/100 | batch=00300/01041 | total=3.57347e-02 | object=3.57347e-02 | physics=0.00000e+00 | elapsed=00:12:24 | eta=00:30:38 | data_wait=0.36s
2026-09-17 10:21:51 | INFO    | TRAIN | epoch=053/100 | batch=00350/01041 | total=3.40446e-02 | object=3.40446e-02 | physics=0.00000e+00 | elapsed=00:14:26 | eta=00:28:29 | data_wait=0.37s
2026-09-17 10:23:48 | INFO    | TRAIN | epoch=053/100 | batch=00400/01041 | total=4.39698e-02 | object=4.39698e-02 | physics=0.00000e+00 | elapsed=00:16:23 | eta=00:26:15 | data_wait=0.39s
2026-09-17 10:25:45 | INFO    | TRAIN | epoch=053/100 | batch=00450/01041 | total=3.42223e-02 | object=3.42223e-02 | physics=0.00000e+00 | elapsed=00:18:19 | eta=00:24:04 | data_wait=0.41s
2026-09-17 10:27:49 | INFO    | TRAIN | epoch=053/100 | batch=00500/01041 | total=3.64094e-02 | object=3.64094e-02 | physics=0.00000e+00 | elapsed=00:20:23 | eta=00:22:04 | data_wait=0.42s
2026-09-17 10:29:42 | INFO    | TRAIN | epoch=053/100 | batch=00550/01041 | total=3.57768e-02 | object=3.57768e-02 | physics=0.00000e+00 | elapsed=00:22:17 | eta=00:19:53 | data_wait=0.44s
2026-09-17 10:31:42 | INFO    | TRAIN | epoch=053/100 | batch=00600/01041 | total=3.40392e-02 | object=3.40392e-02 | physics=0.00000e+00 | elapsed=00:24:16 | eta=00:17:50 | data_wait=0.45s
2026-09-17 10:33:35 | INFO    | TRAIN | epoch=053/100 | batch=00650/01041 | total=3.41926e-02 | object=3.41926e-02 | physics=0.00000e+00 | elapsed=00:26:10 | eta=00:15:44 | data_wait=0.46s
2026-09-17 10:35:32 | INFO    | TRAIN | epoch=053/100 | batch=00700/01041 | total=3.92069e-02 | object=3.92069e-02 | physics=0.00000e+00 | elapsed=00:28:06 | eta=00:13:41 | data_wait=0.48s
2026-09-17 10:37:29 | INFO    | TRAIN | epoch=053/100 | batch=00750/01041 | total=3.47575e-02 | object=3.47575e-02 | physics=0.00000e+00 | elapsed=00:30:04 | eta=00:11:40 | data_wait=0.49s
2026-09-17 10:39:20 | INFO    | TRAIN | epoch=053/100 | batch=00800/01041 | total=3.51103e-02 | object=3.51103e-02 | physics=0.00000e+00 | elapsed=00:31:54 | eta=00:09:37 | data_wait=0.51s
2026-09-17 10:41:21 | INFO    | TRAIN | epoch=053/100 | batch=00850/01041 | total=3.52786e-02 | object=3.52786e-02 | physics=0.00000e+00 | elapsed=00:33:55 | eta=00:07:37 | data_wait=0.52s
2026-09-17 10:43:16 | INFO    | TRAIN | epoch=053/100 | batch=00900/01041 | total=4.04603e-02 | object=4.04603e-02 | physics=0.00000e+00 | elapsed=00:35:50 | eta=00:05:37 | data_wait=0.54s
2026-09-17 10:45:11 | INFO    | TRAIN | epoch=053/100 | batch=00950/01041 | total=3.44924e-02 | object=3.44924e-02 | physics=0.00000e+00 | elapsed=00:37:45 | eta=00:03:37 | data_wait=0.55s
2026-09-17 10:47:11 | INFO    | TRAIN | epoch=053/100 | batch=01000/01041 | total=3.38747e-02 | object=3.38747e-02 | physics=0.00000e+00 | elapsed=00:39:45 | eta=00:01:38 | data_wait=0.57s
2026-09-17 10:48:45 | INFO    | TRAIN | epoch=053/100 | batch=01041/01041 | total=3.54921e-02 | object=3.54921e-02 | physics=0.00000e+00 | elapsed=00:41:19 | eta=00:00:00 | data_wait=0.59s
2026-09-17 10:49:20 | INFO    | VAL | epoch=053/100 | batch=00050/00209 | total=4.88994e-02 | object=4.88994e-02 | physics=1.28468e-03 | elapsed=00:00:36 | eta=00:01:54 | data_wait=0.41s
2026-09-17 10:50:02 | INFO    | VAL | epoch=053/100 | batch=00100/00209 | total=5.54617e-02 | object=5.54617e-02 | physics=1.28610e-03 | elapsed=00:01:17 | eta=00:01:24 | data_wait=0.42s
2026-09-17 10:50:42 | INFO    | VAL | epoch=053/100 | batch=00150/00209 | total=5.98818e-02 | object=5.98818e-02 | physics=1.67328e-03 | elapsed=00:01:57 | eta=00:00:46 | data_wait=0.43s
2026-09-17 10:51:22 | INFO    | VAL | epoch=053/100 | batch=00200/00209 | total=4.94500e-02 | object=4.94500e-02 | physics=1.10586e-03 | elapsed=00:02:37 | eta=00:00:07 | data_wait=0.46s
2026-09-17 10:51:28 | INFO    | VAL | epoch=053/100 | batch=00209/00209 | total=5.05429e-02 | object=5.05429e-02 | physics=1.15972e-03 | elapsed=00:02:44 | eta=00:00:00 | data_wait=0.46s
2026-09-17 10:51:30 | INFO    | Epoch 053 complete | train=3.59958e-02 | val=5.17264e-02 | best=5.17264e-02 | real=2.67836e-02 | imag=2.49428e-02 | lr=9.114e-05 | epoch_time=00:44:04 | eta=1d 06:54:25 | finish=2026-09-18 17:45:55 CST
2026-09-17 10:53:28 | INFO    | TRAIN | epoch=054/100 | batch=00050/01041 | total=3.73926e-02 | object=3.73926e-02 | physics=0.00000e+00 | elapsed=00:01:58 | eta=00:38:58 | data_wait=0.71s
2026-09-17 10:55:22 | INFO    | TRAIN | epoch=054/100 | batch=00100/01041 | total=3.68721e-02 | object=3.68721e-02 | physics=0.00000e+00 | elapsed=00:03:53 | eta=00:36:30 | data_wait=0.73s
2026-09-17 10:57:24 | INFO    | TRAIN | epoch=054/100 | batch=00150/01041 | total=3.62375e-02 | object=3.62375e-02 | physics=0.00000e+00 | elapsed=00:05:54 | eta=00:35:02 | data_wait=0.74s
2026-09-17 10:59:17 | INFO    | TRAIN | epoch=054/100 | batch=00200/01041 | total=3.57777e-02 | object=3.57777e-02 | physics=0.00000e+00 | elapsed=00:07:47 | eta=00:32:43 | data_wait=0.75s
2026-09-17 11:01:17 | INFO    | TRAIN | epoch=054/100 | batch=00250/01041 | total=3.63897e-02 | object=3.63897e-02 | physics=0.00000e+00 | elapsed=00:09:47 | eta=00:30:57 | data_wait=0.77s
2026-09-17 11:03:14 | INFO    | TRAIN | epoch=054/100 | batch=00300/01041 | total=3.44764e-02 | object=3.44764e-02 | physics=0.00000e+00 | elapsed=00:11:44 | eta=00:29:00 | data_wait=0.78s
2026-09-17 11:05:10 | INFO    | TRAIN | epoch=054/100 | batch=00350/01041 | total=3.43453e-02 | object=3.43453e-02 | physics=0.00000e+00 | elapsed=00:13:41 | eta=00:27:00 | data_wait=0.80s
2026-09-17 11:07:08 | INFO    | TRAIN | epoch=054/100 | batch=00400/01041 | total=3.59665e-02 | object=3.59665e-02 | physics=0.00000e+00 | elapsed=00:15:38 | eta=00:25:04 | data_wait=0.81s
2026-09-17 11:09:01 | INFO    | TRAIN | epoch=054/100 | batch=00450/01041 | total=3.27421e-02 | object=3.27421e-02 | physics=0.00000e+00 | elapsed=00:17:31 | eta=00:23:00 | data_wait=0.83s
2026-09-17 11:11:00 | INFO    | TRAIN | epoch=054/100 | batch=00500/01041 | total=3.64252e-02 | object=3.64252e-02 | physics=0.00000e+00 | elapsed=00:19:30 | eta=00:21:06 | data_wait=0.84s
2026-09-17 11:12:52 | INFO    | TRAIN | epoch=054/100 | batch=00550/01041 | total=3.68140e-02 | object=3.68140e-02 | physics=0.00000e+00 | elapsed=00:21:22 | eta=00:19:04 | data_wait=0.86s
2026-09-17 11:14:51 | INFO    | TRAIN | epoch=054/100 | batch=00600/01041 | total=3.73282e-02 | object=3.73282e-02 | physics=0.00000e+00 | elapsed=00:23:21 | eta=00:17:10 | data_wait=0.87s
2026-09-17 11:16:46 | INFO    | TRAIN | epoch=054/100 | batch=00650/01041 | total=3.43186e-02 | object=3.43186e-02 | physics=0.00000e+00 | elapsed=00:25:17 | eta=00:15:12 | data_wait=0.89s
2026-09-17 11:18:41 | INFO    | TRAIN | epoch=054/100 | batch=00700/01041 | total=3.49509e-02 | object=3.49509e-02 | physics=0.00000e+00 | elapsed=00:27:12 | eta=00:13:15 | data_wait=0.90s
2026-09-17 11:20:42 | INFO    | TRAIN | epoch=054/100 | batch=00750/01041 | total=3.38647e-02 | object=3.38647e-02 | physics=0.00000e+00 | elapsed=00:29:12 | eta=00:11:20 | data_wait=0.92s
2026-09-17 11:22:36 | INFO    | TRAIN | epoch=054/100 | batch=00800/01041 | total=3.45434e-02 | object=3.45434e-02 | physics=0.00000e+00 | elapsed=00:31:07 | eta=00:09:22 | data_wait=0.94s
2026-09-17 11:24:33 | INFO    | TRAIN | epoch=054/100 | batch=00850/01041 | total=3.55556e-02 | object=3.55556e-02 | physics=0.00000e+00 | elapsed=00:33:03 | eta=00:07:26 | data_wait=0.95s
2026-09-17 11:26:29 | INFO    | TRAIN | epoch=054/100 | batch=00900/01041 | total=3.61104e-02 | object=3.61104e-02 | physics=0.00000e+00 | elapsed=00:34:59 | eta=00:05:29 | data_wait=0.96s
2026-09-17 11:28:26 | INFO    | TRAIN | epoch=054/100 | batch=00950/01041 | total=4.00048e-02 | object=4.00048e-02 | physics=0.00000e+00 | elapsed=00:36:56 | eta=00:03:32 | data_wait=0.98s
2026-09-17 11:30:22 | INFO    | TRAIN | epoch=054/100 | batch=01000/01041 | total=3.58840e-02 | object=3.58840e-02 | physics=0.00000e+00 | elapsed=00:38:52 | eta=00:01:36 | data_wait=0.99s
2026-09-17 11:32:01 | INFO    | TRAIN | epoch=054/100 | batch=01041/01041 | total=3.69009e-02 | object=3.69009e-02 | physics=0.00000e+00 | elapsed=00:40:31 | eta=00:00:00 | data_wait=1.02s
2026-09-17 11:32:42 | INFO    | VAL | epoch=054/100 | batch=00050/00209 | total=4.81806e-02 | object=4.81806e-02 | physics=1.27458e-03 | elapsed=00:00:42 | eta=00:02:12 | data_wait=0.57s
2026-09-17 11:33:25 | INFO    | VAL | epoch=054/100 | batch=00100/00209 | total=5.36178e-02 | object=5.36178e-02 | physics=1.26091e-03 | elapsed=00:01:25 | eta=00:01:32 | data_wait=0.59s
2026-09-17 11:34:01 | INFO    | VAL | epoch=054/100 | batch=00150/00209 | total=5.90026e-02 | object=5.90026e-02 | physics=1.66413e-03 | elapsed=00:02:01 | eta=00:00:47 | data_wait=0.60s
2026-09-17 11:34:41 | INFO    | VAL | epoch=054/100 | batch=00200/00209 | total=4.93854e-02 | object=4.93854e-02 | physics=1.11176e-03 | elapsed=00:02:41 | eta=00:00:07 | data_wait=0.62s
2026-09-17 11:34:48 | INFO    | VAL | epoch=054/100 | batch=00209/00209 | total=4.94505e-02 | object=4.94505e-02 | physics=1.15165e-03 | elapsed=00:02:48 | eta=00:00:00 | data_wait=0.63s
2026-09-17 11:34:49 | INFO    | Epoch 054 complete | train=3.57101e-02 | val=5.12748e-02 | best=5.12748e-02 | real=2.65869e-02 | imag=2.46880e-02 | lr=8.803e-05 | epoch_time=00:43:19 | eta=1d 06:18:15 | finish=2026-09-18 17:53:04 CST
2026-09-17 11:36:42 | INFO    | TRAIN | epoch=055/100 | batch=00050/01041 | total=3.32462e-02 | object=3.32462e-02 | physics=0.00000e+00 | elapsed=00:01:53 | eta=00:37:22 | data_wait=0.35s
2026-09-17 11:38:44 | INFO    | TRAIN | epoch=055/100 | batch=00100/01041 | total=3.69026e-02 | object=3.69026e-02 | physics=0.00000e+00 | elapsed=00:03:55 | eta=00:36:52 | data_wait=0.37s
2026-09-17 11:40:35 | INFO    | TRAIN | epoch=055/100 | batch=00150/01041 | total=3.40452e-02 | object=3.40452e-02 | physics=0.00000e+00 | elapsed=00:05:46 | eta=00:34:13 | data_wait=0.38s
2026-09-17 11:42:33 | INFO    | TRAIN | epoch=055/100 | batch=00200/01041 | total=3.61666e-02 | object=3.61666e-02 | physics=0.00000e+00 | elapsed=00:07:45 | eta=00:32:34 | data_wait=0.39s
2026-09-17 11:44:28 | INFO    | TRAIN | epoch=055/100 | batch=00250/01041 | total=3.32777e-02 | object=3.32777e-02 | physics=0.00000e+00 | elapsed=00:09:39 | eta=00:30:32 | data_wait=0.41s
2026-09-17 11:46:26 | INFO    | TRAIN | epoch=055/100 | batch=00300/01041 | total=4.08566e-02 | object=4.08566e-02 | physics=0.00000e+00 | elapsed=00:11:37 | eta=00:28:42 | data_wait=0.42s
2026-09-17 11:48:23 | INFO    | TRAIN | epoch=055/100 | batch=00350/01041 | total=3.97906e-02 | object=3.97906e-02 | physics=0.00000e+00 | elapsed=00:13:35 | eta=00:26:48 | data_wait=0.45s
2026-09-17 11:50:18 | INFO    | TRAIN | epoch=055/100 | batch=00400/01041 | total=3.65958e-02 | object=3.65958e-02 | physics=0.00000e+00 | elapsed=00:15:29 | eta=00:24:49 | data_wait=0.46s
2026-09-17 11:52:11 | INFO    | TRAIN | epoch=055/100 | batch=00450/01041 | total=3.71328e-02 | object=3.71328e-02 | physics=0.00000e+00 | elapsed=00:17:22 | eta=00:22:48 | data_wait=0.47s
2026-09-17 11:54:04 | INFO    | TRAIN | epoch=055/100 | batch=00500/01041 | total=3.74938e-02 | object=3.74938e-02 | physics=0.00000e+00 | elapsed=00:19:15 | eta=00:20:49 | data_wait=0.49s
2026-09-17 11:55:55 | INFO    | TRAIN | epoch=055/100 | batch=00550/01041 | total=3.60035e-02 | object=3.60035e-02 | physics=0.00000e+00 | elapsed=00:21:06 | eta=00:18:50 | data_wait=0.50s
2026-09-17 11:57:54 | INFO    | TRAIN | epoch=055/100 | batch=00600/01041 | total=3.37627e-02 | object=3.37627e-02 | physics=0.00000e+00 | elapsed=00:23:05 | eta=00:16:58 | data_wait=0.52s
2026-09-17 11:59:53 | INFO    | TRAIN | epoch=055/100 | batch=00650/01041 | total=3.37381e-02 | object=3.37381e-02 | physics=0.00000e+00 | elapsed=00:25:04 | eta=00:15:05 | data_wait=0.54s
2026-09-17 12:01:49 | INFO    | TRAIN | epoch=055/100 | batch=00700/01041 | total=3.48754e-02 | object=3.48754e-02 | physics=0.00000e+00 | elapsed=00:27:00 | eta=00:13:09 | data_wait=0.55s
2026-09-17 12:03:42 | INFO    | TRAIN | epoch=055/100 | batch=00750/01041 | total=3.70276e-02 | object=3.70276e-02 | physics=0.00000e+00 | elapsed=00:28:53 | eta=00:11:13 | data_wait=0.57s
2026-09-17 12:05:36 | INFO    | TRAIN | epoch=055/100 | batch=00800/01041 | total=3.34419e-02 | object=3.34419e-02 | physics=0.00000e+00 | elapsed=00:30:48 | eta=00:09:17 | data_wait=0.58s
2026-09-17 12:07:32 | INFO    | TRAIN | epoch=055/100 | batch=00850/01041 | total=3.41940e-02 | object=3.41940e-02 | physics=0.00000e+00 | elapsed=00:32:43 | eta=00:07:21 | data_wait=0.60s
2026-09-17 12:09:30 | INFO    | TRAIN | epoch=055/100 | batch=00900/01041 | total=3.37100e-02 | object=3.37100e-02 | physics=0.00000e+00 | elapsed=00:34:41 | eta=00:05:26 | data_wait=0.62s
2026-09-17 12:11:28 | INFO    | TRAIN | epoch=055/100 | batch=00950/01041 | total=3.35612e-02 | object=3.35612e-02 | physics=0.00000e+00 | elapsed=00:36:39 | eta=00:03:31 | data_wait=0.63s
2026-09-17 12:13:30 | INFO    | TRAIN | epoch=055/100 | batch=01000/01041 | total=3.47912e-02 | object=3.47912e-02 | physics=0.00000e+00 | elapsed=00:38:41 | eta=00:01:35 | data_wait=0.65s
2026-09-17 12:15:01 | INFO    | TRAIN | epoch=055/100 | batch=01041/01041 | total=3.50931e-02 | object=3.50931e-02 | physics=0.00000e+00 | elapsed=00:40:12 | eta=00:00:00 | data_wait=0.66s
2026-09-17 12:15:43 | INFO    | VAL | epoch=055/100 | batch=00050/00209 | total=4.91810e-02 | object=4.91810e-02 | physics=1.28430e-03 | elapsed=00:00:42 | eta=00:02:13 | data_wait=0.39s
2026-09-17 12:16:22 | INFO    | VAL | epoch=055/100 | batch=00100/00209 | total=5.32639e-02 | object=5.32639e-02 | physics=1.25192e-03 | elapsed=00:01:21 | eta=00:01:28 | data_wait=0.41s
2026-09-17 12:17:04 | INFO    | VAL | epoch=055/100 | batch=00150/00209 | total=5.99390e-02 | object=5.99390e-02 | physics=1.65899e-03 | elapsed=00:02:03 | eta=00:00:48 | data_wait=0.43s
2026-09-17 12:17:43 | INFO    | VAL | epoch=055/100 | batch=00200/00209 | total=4.93379e-02 | object=4.93379e-02 | physics=1.10978e-03 | elapsed=00:02:42 | eta=00:00:07 | data_wait=0.45s
2026-09-17 12:17:49 | INFO    | VAL | epoch=055/100 | batch=00209/00209 | total=5.30583e-02 | object=5.30583e-02 | physics=1.18252e-03 | elapsed=00:02:48 | eta=00:00:00 | data_wait=0.45s
2026-09-17 12:17:50 | INFO    | Epoch 055 complete | train=3.54505e-02 | val=5.14251e-02 | best=5.12748e-02 | real=2.67026e-02 | imag=2.47224e-02 | lr=8.493e-05 | epoch_time=00:43:01 | eta=1d 05:41:35 | finish=2026-09-18 17:59:25 CST
2026-09-17 12:19:47 | INFO    | TRAIN | epoch=056/100 | batch=00050/01041 | total=3.68965e-02 | object=3.68965e-02 | physics=0.00000e+00 | elapsed=00:01:57 | eta=00:38:36 | data_wait=0.53s
2026-09-17 12:21:47 | INFO    | TRAIN | epoch=056/100 | batch=00100/01041 | total=3.58317e-02 | object=3.58317e-02 | physics=0.00000e+00 | elapsed=00:03:57 | eta=00:37:15 | data_wait=0.55s
2026-09-17 12:23:44 | INFO    | TRAIN | epoch=056/100 | batch=00150/01041 | total=3.43250e-02 | object=3.43250e-02 | physics=0.00000e+00 | elapsed=00:05:54 | eta=00:35:05 | data_wait=0.56s
2026-09-17 12:25:43 | INFO    | TRAIN | epoch=056/100 | batch=00200/01041 | total=3.33632e-02 | object=3.33632e-02 | physics=0.00000e+00 | elapsed=00:07:53 | eta=00:33:08 | data_wait=0.58s
2026-09-17 12:27:36 | INFO    | TRAIN | epoch=056/100 | batch=00250/01041 | total=3.58398e-02 | object=3.58398e-02 | physics=0.00000e+00 | elapsed=00:09:46 | eta=00:30:53 | data_wait=0.59s
2026-09-17 12:29:35 | INFO    | TRAIN | epoch=056/100 | batch=00300/01041 | total=3.77929e-02 | object=3.77929e-02 | physics=0.00000e+00 | elapsed=00:11:45 | eta=00:29:00 | data_wait=0.61s
2026-09-17 12:31:26 | INFO    | TRAIN | epoch=056/100 | batch=00350/01041 | total=3.31173e-02 | object=3.31173e-02 | physics=0.00000e+00 | elapsed=00:13:36 | eta=00:26:50 | data_wait=0.63s
2026-09-17 12:33:21 | INFO    | TRAIN | epoch=056/100 | batch=00400/01041 | total=3.62022e-02 | object=3.62022e-02 | physics=0.00000e+00 | elapsed=00:15:31 | eta=00:24:52 | data_wait=0.64s
2026-09-17 12:35:16 | INFO    | TRAIN | epoch=056/100 | batch=00450/01041 | total=3.51934e-02 | object=3.51934e-02 | physics=0.00000e+00 | elapsed=00:17:26 | eta=00:22:54 | data_wait=0.66s
2026-09-17 12:37:11 | INFO    | TRAIN | epoch=056/100 | batch=00500/01041 | total=3.55034e-02 | object=3.55034e-02 | physics=0.00000e+00 | elapsed=00:19:21 | eta=00:20:57 | data_wait=0.68s
2026-09-17 12:39:12 | INFO    | TRAIN | epoch=056/100 | batch=00550/01041 | total=3.43242e-02 | object=3.43242e-02 | physics=0.00000e+00 | elapsed=00:21:23 | eta=00:19:05 | data_wait=0.70s
2026-09-17 12:41:03 | INFO    | TRAIN | epoch=056/100 | batch=00600/01041 | total=3.41877e-02 | object=3.41877e-02 | physics=0.00000e+00 | elapsed=00:23:13 | eta=00:17:04 | data_wait=0.71s
2026-09-17 12:43:03 | INFO    | TRAIN | epoch=056/100 | batch=00650/01041 | total=3.60537e-02 | object=3.60537e-02 | physics=0.00000e+00 | elapsed=00:25:13 | eta=00:15:10 | data_wait=0.73s
2026-09-17 12:44:55 | INFO    | TRAIN | epoch=056/100 | batch=00700/01041 | total=3.33030e-02 | object=3.33030e-02 | physics=0.00000e+00 | elapsed=00:27:05 | eta=00:13:12 | data_wait=0.74s
2026-09-17 12:46:50 | INFO    | TRAIN | epoch=056/100 | batch=00750/01041 | total=3.70960e-02 | object=3.70960e-02 | physics=0.00000e+00 | elapsed=00:29:00 | eta=00:11:15 | data_wait=0.76s
2026-09-17 12:48:43 | INFO    | TRAIN | epoch=056/100 | batch=00800/01041 | total=3.64699e-02 | object=3.64699e-02 | physics=0.00000e+00 | elapsed=00:30:54 | eta=00:09:18 | data_wait=0.77s
2026-09-17 12:50:35 | INFO    | TRAIN | epoch=056/100 | batch=00850/01041 | total=3.52516e-02 | object=3.52516e-02 | physics=0.00000e+00 | elapsed=00:32:45 | eta=00:07:22 | data_wait=0.78s
2026-09-17 12:52:27 | INFO    | TRAIN | epoch=056/100 | batch=00900/01041 | total=3.47012e-02 | object=3.47012e-02 | physics=0.00000e+00 | elapsed=00:34:37 | eta=00:05:25 | data_wait=0.80s
2026-09-17 12:54:25 | INFO    | TRAIN | epoch=056/100 | batch=00950/01041 | total=3.69786e-02 | object=3.69786e-02 | physics=0.00000e+00 | elapsed=00:36:35 | eta=00:03:30 | data_wait=0.81s
2026-09-17 12:56:17 | INFO    | TRAIN | epoch=056/100 | batch=01000/01041 | total=3.34636e-02 | object=3.34636e-02 | physics=0.00000e+00 | elapsed=00:38:27 | eta=00:01:35 | data_wait=0.83s
2026-09-17 12:57:51 | INFO    | TRAIN | epoch=056/100 | batch=01041/01041 | total=3.72364e-02 | object=3.72364e-02 | physics=0.00000e+00 | elapsed=00:40:01 | eta=00:00:00 | data_wait=0.84s
2026-09-17 12:58:30 | INFO    | VAL | epoch=056/100 | batch=00050/00209 | total=4.81682e-02 | object=4.81682e-02 | physics=1.28974e-03 | elapsed=00:00:39 | eta=00:02:03 | data_wait=0.47s
2026-09-17 12:59:10 | INFO    | VAL | epoch=056/100 | batch=00100/00209 | total=5.17429e-02 | object=5.17429e-02 | physics=1.25030e-03 | elapsed=00:01:19 | eta=00:01:26 | data_wait=0.49s
2026-09-17 12:59:49 | INFO    | VAL | epoch=056/100 | batch=00150/00209 | total=5.94756e-02 | object=5.94756e-02 | physics=1.69069e-03 | elapsed=00:01:58 | eta=00:00:46 | data_wait=0.50s
2026-09-17 13:00:31 | INFO    | VAL | epoch=056/100 | batch=00200/00209 | total=4.87783e-02 | object=4.87783e-02 | physics=1.11375e-03 | elapsed=00:02:39 | eta=00:00:07 | data_wait=0.52s
2026-09-17 13:00:37 | INFO    | VAL | epoch=056/100 | batch=00209/00209 | total=5.35786e-02 | object=5.35786e-02 | physics=1.19008e-03 | elapsed=00:02:46 | eta=00:00:00 | data_wait=0.52s
2026-09-17 13:00:38 | INFO    | Epoch 056 complete | train=3.52195e-02 | val=5.07288e-02 | best=5.07288e-02 | real=2.62283e-02 | imag=2.45005e-02 | lr=8.186e-05 | epoch_time=00:42:48 | eta=1d 05:04:31 | finish=2026-09-18 18:05:09 CST
2026-09-17 13:02:35 | INFO    | TRAIN | epoch=057/100 | batch=00050/01041 | total=3.77675e-02 | object=3.77675e-02 | physics=0.00000e+00 | elapsed=00:01:58 | eta=00:38:50 | data_wait=0.45s
2026-09-17 13:04:33 | INFO    | TRAIN | epoch=057/100 | batch=00100/01041 | total=3.28373e-02 | object=3.28373e-02 | physics=0.00000e+00 | elapsed=00:03:55 | eta=00:36:50 | data_wait=0.46s
2026-09-17 13:06:32 | INFO    | TRAIN | epoch=057/100 | batch=00150/01041 | total=3.54060e-02 | object=3.54060e-02 | physics=0.00000e+00 | elapsed=00:05:54 | eta=00:35:05 | data_wait=0.47s
2026-09-17 13:08:36 | INFO    | TRAIN | epoch=057/100 | batch=00200/01041 | total=3.16325e-02 | object=3.16325e-02 | physics=0.00000e+00 | elapsed=00:07:58 | eta=00:33:30 | data_wait=0.49s
2026-09-17 13:10:38 | INFO    | TRAIN | epoch=057/100 | batch=00250/01041 | total=3.75321e-02 | object=3.75321e-02 | physics=0.00000e+00 | elapsed=00:10:00 | eta=00:31:38 | data_wait=0.50s
2026-09-17 13:12:37 | INFO    | TRAIN | epoch=057/100 | batch=00300/01041 | total=3.54963e-02 | object=3.54963e-02 | physics=0.00000e+00 | elapsed=00:11:59 | eta=00:29:35 | data_wait=0.51s
2026-09-17 13:14:37 | INFO    | TRAIN | epoch=057/100 | batch=00350/01041 | total=3.37388e-02 | object=3.37388e-02 | physics=0.00000e+00 | elapsed=00:13:59 | eta=00:27:37 | data_wait=0.52s
2026-09-17 13:16:38 | INFO    | TRAIN | epoch=057/100 | batch=00400/01041 | total=3.38411e-02 | object=3.38411e-02 | physics=0.00000e+00 | elapsed=00:16:00 | eta=00:25:38 | data_wait=0.53s
2026-09-17 13:18:42 | INFO    | TRAIN | epoch=057/100 | batch=00450/01041 | total=3.41817e-02 | object=3.41817e-02 | physics=0.00000e+00 | elapsed=00:18:04 | eta=00:23:44 | data_wait=0.54s
2026-09-17 13:20:43 | INFO    | TRAIN | epoch=057/100 | batch=00500/01041 | total=3.73541e-02 | object=3.73541e-02 | physics=0.00000e+00 | elapsed=00:20:05 | eta=00:21:44 | data_wait=0.55s
2026-09-17 13:22:43 | INFO    | TRAIN | epoch=057/100 | batch=00550/01041 | total=3.43694e-02 | object=3.43694e-02 | physics=0.00000e+00 | elapsed=00:22:05 | eta=00:19:43 | data_wait=0.56s
2026-09-17 13:24:46 | INFO    | TRAIN | epoch=057/100 | batch=00600/01041 | total=3.34570e-02 | object=3.34570e-02 | physics=0.00000e+00 | elapsed=00:24:08 | eta=00:17:44 | data_wait=0.57s
2026-09-17 13:26:48 | INFO    | TRAIN | epoch=057/100 | batch=00650/01041 | total=3.83666e-02 | object=3.83666e-02 | physics=0.00000e+00 | elapsed=00:26:10 | eta=00:15:44 | data_wait=0.59s
2026-09-17 13:28:51 | INFO    | TRAIN | epoch=057/100 | batch=00700/01041 | total=3.29453e-02 | object=3.29453e-02 | physics=0.00000e+00 | elapsed=00:28:14 | eta=00:13:45 | data_wait=0.60s
2026-09-17 13:30:53 | INFO    | TRAIN | epoch=057/100 | batch=00750/01041 | total=3.52293e-02 | object=3.52293e-02 | physics=0.00000e+00 | elapsed=00:30:15 | eta=00:11:44 | data_wait=0.61s
2026-09-17 13:32:52 | INFO    | TRAIN | epoch=057/100 | batch=00800/01041 | total=3.45460e-02 | object=3.45460e-02 | physics=0.00000e+00 | elapsed=00:32:14 | eta=00:09:43 | data_wait=0.63s
2026-09-17 13:34:56 | INFO    | TRAIN | epoch=057/100 | batch=00850/01041 | total=3.08960e-02 | object=3.08960e-02 | physics=0.00000e+00 | elapsed=00:34:18 | eta=00:07:42 | data_wait=0.64s
2026-09-17 13:36:58 | INFO    | TRAIN | epoch=057/100 | batch=00900/01041 | total=3.69042e-02 | object=3.69042e-02 | physics=0.00000e+00 | elapsed=00:36:20 | eta=00:05:42 | data_wait=0.65s
2026-09-17 13:38:59 | INFO    | TRAIN | epoch=057/100 | batch=00950/01041 | total=3.75349e-02 | object=3.75349e-02 | physics=0.00000e+00 | elapsed=00:38:21 | eta=00:03:40 | data_wait=0.66s
2026-09-17 13:41:02 | INFO    | TRAIN | epoch=057/100 | batch=01000/01041 | total=3.85714e-02 | object=3.85714e-02 | physics=0.00000e+00 | elapsed=00:40:24 | eta=00:01:39 | data_wait=0.67s
2026-09-17 13:42:40 | INFO    | TRAIN | epoch=057/100 | batch=01041/01041 | total=3.41126e-02 | object=3.41126e-02 | physics=0.00000e+00 | elapsed=00:42:02 | eta=00:00:00 | data_wait=0.69s
2026-09-17 13:43:31 | INFO    | VAL | epoch=057/100 | batch=00050/00209 | total=4.80190e-02 | object=4.80190e-02 | physics=1.26767e-03 | elapsed=00:00:51 | eta=00:02:41 | data_wait=0.41s
2026-09-17 13:44:20 | INFO    | VAL | epoch=057/100 | batch=00100/00209 | total=5.33175e-02 | object=5.33175e-02 | physics=1.24926e-03 | elapsed=00:01:40 | eta=00:01:49 | data_wait=0.43s
2026-09-17 13:45:07 | INFO    | VAL | epoch=057/100 | batch=00150/00209 | total=5.95577e-02 | object=5.95577e-02 | physics=1.66702e-03 | elapsed=00:02:27 | eta=00:00:58 | data_wait=0.45s
2026-09-17 13:45:55 | INFO    | VAL | epoch=057/100 | batch=00200/00209 | total=4.85924e-02 | object=4.85924e-02 | physics=1.10692e-03 | elapsed=00:03:15 | eta=00:00:09 | data_wait=0.46s
2026-09-17 13:46:03 | INFO    | VAL | epoch=057/100 | batch=00209/00209 | total=5.04335e-02 | object=5.04335e-02 | physics=1.16894e-03 | elapsed=00:03:23 | eta=00:00:00 | data_wait=0.47s
2026-09-17 13:46:05 | INFO    | Epoch 057 complete | train=3.50051e-02 | val=5.06543e-02 | best=5.06543e-02 | real=2.62254e-02 | imag=2.44289e-02 | lr=7.879e-05 | epoch_time=00:45:27 | eta=1d 04:29:14 | finish=2026-09-18 18:15:19 CST
2026-09-17 13:48:06 | INFO    | TRAIN | epoch=058/100 | batch=00050/01041 | total=3.42133e-02 | object=3.42133e-02 | physics=0.00000e+00 | elapsed=00:02:02 | eta=00:40:16 | data_wait=0.46s
2026-09-17 13:50:07 | INFO    | TRAIN | epoch=058/100 | batch=00100/01041 | total=3.86949e-02 | object=3.86949e-02 | physics=0.00000e+00 | elapsed=00:04:03 | eta=00:38:06 | data_wait=0.47s
2026-09-17 13:52:10 | INFO    | TRAIN | epoch=058/100 | batch=00150/01041 | total=4.00729e-02 | object=4.00729e-02 | physics=0.00000e+00 | elapsed=00:06:06 | eta=00:36:12 | data_wait=0.48s
2026-09-17 13:54:09 | INFO    | TRAIN | epoch=058/100 | batch=00200/01041 | total=3.17163e-02 | object=3.17163e-02 | physics=0.00000e+00 | elapsed=00:08:04 | eta=00:33:57 | data_wait=0.50s
2026-09-17 13:56:09 | INFO    | TRAIN | epoch=058/100 | batch=00250/01041 | total=3.26872e-02 | object=3.26872e-02 | physics=0.00000e+00 | elapsed=00:10:05 | eta=00:31:53 | data_wait=0.51s
2026-09-17 13:58:11 | INFO    | TRAIN | epoch=058/100 | batch=00300/01041 | total=3.58637e-02 | object=3.58637e-02 | physics=0.00000e+00 | elapsed=00:12:06 | eta=00:29:54 | data_wait=0.52s
2026-09-17 14:00:13 | INFO    | TRAIN | epoch=058/100 | batch=00350/01041 | total=3.33585e-02 | object=3.33585e-02 | physics=0.00000e+00 | elapsed=00:14:09 | eta=00:27:56 | data_wait=0.53s
2026-09-17 14:02:17 | INFO    | TRAIN | epoch=058/100 | batch=00400/01041 | total=3.80766e-02 | object=3.80766e-02 | physics=0.00000e+00 | elapsed=00:16:12 | eta=00:25:58 | data_wait=0.54s
2026-09-17 14:04:18 | INFO    | TRAIN | epoch=058/100 | batch=00450/01041 | total=3.18520e-02 | object=3.18520e-02 | physics=0.00000e+00 | elapsed=00:18:14 | eta=00:23:57 | data_wait=0.55s
2026-09-17 14:06:19 | INFO    | TRAIN | epoch=058/100 | batch=00500/01041 | total=3.63281e-02 | object=3.63281e-02 | physics=0.00000e+00 | elapsed=00:20:14 | eta=00:21:54 | data_wait=0.56s
2026-09-17 14:08:21 | INFO    | TRAIN | epoch=058/100 | batch=00550/01041 | total=3.62906e-02 | object=3.62906e-02 | physics=0.00000e+00 | elapsed=00:22:16 | eta=00:19:53 | data_wait=0.57s
2026-09-17 14:10:24 | INFO    | TRAIN | epoch=058/100 | batch=00600/01041 | total=3.61254e-02 | object=3.61254e-02 | physics=0.00000e+00 | elapsed=00:24:19 | eta=00:17:52 | data_wait=0.59s
2026-09-17 14:12:26 | INFO    | TRAIN | epoch=058/100 | batch=00650/01041 | total=3.45972e-02 | object=3.45972e-02 | physics=0.00000e+00 | elapsed=00:26:22 | eta=00:15:51 | data_wait=0.60s
2026-09-17 14:14:29 | INFO    | TRAIN | epoch=058/100 | batch=00700/01041 | total=3.67510e-02 | object=3.67510e-02 | physics=0.00000e+00 | elapsed=00:28:24 | eta=00:13:50 | data_wait=0.61s
2026-09-17 14:16:30 | INFO    | TRAIN | epoch=058/100 | batch=00750/01041 | total=3.57385e-02 | object=3.57385e-02 | physics=0.00000e+00 | elapsed=00:30:26 | eta=00:11:48 | data_wait=0.62s
2026-09-17 14:18:34 | INFO    | TRAIN | epoch=058/100 | batch=00800/01041 | total=3.60485e-02 | object=3.60485e-02 | physics=0.00000e+00 | elapsed=00:32:29 | eta=00:09:47 | data_wait=0.63s
2026-09-17 14:20:37 | INFO    | TRAIN | epoch=058/100 | batch=00850/01041 | total=3.50750e-02 | object=3.50750e-02 | physics=0.00000e+00 | elapsed=00:34:33 | eta=00:07:46 | data_wait=0.65s
2026-09-17 14:22:40 | INFO    | TRAIN | epoch=058/100 | batch=00900/01041 | total=3.51100e-02 | object=3.51100e-02 | physics=0.00000e+00 | elapsed=00:36:35 | eta=00:05:44 | data_wait=0.66s
2026-09-17 14:24:44 | INFO    | TRAIN | epoch=058/100 | batch=00950/01041 | total=3.42326e-02 | object=3.42326e-02 | physics=0.00000e+00 | elapsed=00:38:40 | eta=00:03:42 | data_wait=0.67s
2026-09-17 14:26:47 | INFO    | TRAIN | epoch=058/100 | batch=01000/01041 | total=3.13721e-02 | object=3.13721e-02 | physics=0.00000e+00 | elapsed=00:40:43 | eta=00:01:40 | data_wait=0.68s
2026-09-17 14:28:29 | INFO    | TRAIN | epoch=058/100 | batch=01041/01041 | total=3.68176e-02 | object=3.68176e-02 | physics=0.00000e+00 | elapsed=00:42:24 | eta=00:00:00 | data_wait=0.70s
2026-09-17 14:29:18 | INFO    | VAL | epoch=058/100 | batch=00050/00209 | total=4.74942e-02 | object=4.74942e-02 | physics=1.26142e-03 | elapsed=00:00:49 | eta=00:02:36 | data_wait=0.53s
2026-09-17 14:30:07 | INFO    | VAL | epoch=058/100 | batch=00100/00209 | total=5.40676e-02 | object=5.40676e-02 | physics=1.25443e-03 | elapsed=00:01:38 | eta=00:01:47 | data_wait=0.55s
2026-09-17 14:30:55 | INFO    | VAL | epoch=058/100 | batch=00150/00209 | total=5.89313e-02 | object=5.89313e-02 | physics=1.65489e-03 | elapsed=00:02:26 | eta=00:00:57 | data_wait=0.56s
2026-09-17 14:31:42 | INFO    | VAL | epoch=058/100 | batch=00200/00209 | total=4.94297e-02 | object=4.94297e-02 | physics=1.11525e-03 | elapsed=00:03:13 | eta=00:00:09 | data_wait=0.58s
2026-09-17 14:31:51 | INFO    | VAL | epoch=058/100 | batch=00209/00209 | total=4.95575e-02 | object=4.95575e-02 | physics=1.14460e-03 | elapsed=00:03:22 | eta=00:00:00 | data_wait=0.58s
2026-09-17 14:31:51 | INFO    | Epoch 058 complete | train=3.47992e-02 | val=5.07564e-02 | best=5.06543e-02 | real=2.62911e-02 | imag=2.44653e-02 | lr=7.576e-05 | epoch_time=00:45:47 | eta=1d 03:53:51 | finish=2026-09-18 18:25:42 CST
2026-09-17 14:33:55 | INFO    | TRAIN | epoch=059/100 | batch=00050/01041 | total=3.38640e-02 | object=3.38640e-02 | physics=0.00000e+00 | elapsed=00:02:03 | eta=00:40:45 | data_wait=0.44s
2026-09-17 14:35:57 | INFO    | TRAIN | epoch=059/100 | batch=00100/01041 | total=3.29723e-02 | object=3.29723e-02 | physics=0.00000e+00 | elapsed=00:04:06 | eta=00:38:34 | data_wait=0.45s
2026-09-17 14:37:59 | INFO    | TRAIN | epoch=059/100 | batch=00150/01041 | total=3.44474e-02 | object=3.44474e-02 | physics=0.00000e+00 | elapsed=00:06:08 | eta=00:36:23 | data_wait=0.47s
2026-09-17 14:39:58 | INFO    | TRAIN | epoch=059/100 | batch=00200/01041 | total=3.30730e-02 | object=3.30730e-02 | physics=0.00000e+00 | elapsed=00:08:07 | eta=00:34:06 | data_wait=0.48s
2026-09-17 14:42:00 | INFO    | TRAIN | epoch=059/100 | batch=00250/01041 | total=3.80649e-02 | object=3.80649e-02 | physics=0.00000e+00 | elapsed=00:10:09 | eta=00:32:06 | data_wait=0.49s
2026-09-17 14:44:04 | INFO    | TRAIN | epoch=059/100 | batch=00300/01041 | total=3.22587e-02 | object=3.22587e-02 | physics=0.00000e+00 | elapsed=00:12:12 | eta=00:30:09 | data_wait=0.50s
2026-09-17 14:46:06 | INFO    | TRAIN | epoch=059/100 | batch=00350/01041 | total=3.51566e-02 | object=3.51566e-02 | physics=0.00000e+00 | elapsed=00:14:15 | eta=00:28:08 | data_wait=0.51s
2026-09-17 14:48:09 | INFO    | TRAIN | epoch=059/100 | batch=00400/01041 | total=3.86808e-02 | object=3.86808e-02 | physics=0.00000e+00 | elapsed=00:16:18 | eta=00:26:07 | data_wait=0.53s
2026-09-17 14:50:12 | INFO    | TRAIN | epoch=059/100 | batch=00450/01041 | total=3.98419e-02 | object=3.98419e-02 | physics=0.00000e+00 | elapsed=00:18:21 | eta=00:24:06 | data_wait=0.54s
2026-09-17 14:52:15 | INFO    | TRAIN | epoch=059/100 | batch=00500/01041 | total=3.39820e-02 | object=3.39820e-02 | physics=0.00000e+00 | elapsed=00:20:24 | eta=00:22:04 | data_wait=0.55s
2026-09-17 14:54:17 | INFO    | TRAIN | epoch=059/100 | batch=00550/01041 | total=3.81905e-02 | object=3.81905e-02 | physics=0.00000e+00 | elapsed=00:22:26 | eta=00:20:02 | data_wait=0.56s
2026-09-17 14:56:19 | INFO    | TRAIN | epoch=059/100 | batch=00600/01041 | total=3.15953e-02 | object=3.15953e-02 | physics=0.00000e+00 | elapsed=00:24:27 | eta=00:17:59 | data_wait=0.57s
2026-09-17 14:58:21 | INFO    | TRAIN | epoch=059/100 | batch=00650/01041 | total=3.23785e-02 | object=3.23785e-02 | physics=0.00000e+00 | elapsed=00:26:30 | eta=00:15:57 | data_wait=0.58s
2026-09-17 15:00:25 | INFO    | TRAIN | epoch=059/100 | batch=00700/01041 | total=3.53316e-02 | object=3.53316e-02 | physics=0.00000e+00 | elapsed=00:28:34 | eta=00:13:55 | data_wait=0.60s
2026-09-17 15:02:29 | INFO    | TRAIN | epoch=059/100 | batch=00750/01041 | total=3.74971e-02 | object=3.74971e-02 | physics=0.00000e+00 | elapsed=00:30:38 | eta=00:11:53 | data_wait=0.61s
2026-09-17 15:04:30 | INFO    | TRAIN | epoch=059/100 | batch=00800/01041 | total=3.18596e-02 | object=3.18596e-02 | physics=0.00000e+00 | elapsed=00:32:38 | eta=00:09:50 | data_wait=0.62s
2026-09-17 15:06:31 | INFO    | TRAIN | epoch=059/100 | batch=00850/01041 | total=3.36661e-02 | object=3.36661e-02 | physics=0.00000e+00 | elapsed=00:34:40 | eta=00:07:47 | data_wait=0.63s
2026-09-17 15:08:33 | INFO    | TRAIN | epoch=059/100 | batch=00900/01041 | total=3.89140e-02 | object=3.89140e-02 | physics=0.00000e+00 | elapsed=00:36:42 | eta=00:05:45 | data_wait=0.64s
2026-09-17 15:10:34 | INFO    | TRAIN | epoch=059/100 | batch=00950/01041 | total=3.30141e-02 | object=3.30141e-02 | physics=0.00000e+00 | elapsed=00:38:43 | eta=00:03:43 | data_wait=0.65s
2026-09-17 15:12:36 | INFO    | TRAIN | epoch=059/100 | batch=01000/01041 | total=3.60652e-02 | object=3.60652e-02 | physics=0.00000e+00 | elapsed=00:40:45 | eta=00:01:40 | data_wait=0.67s
2026-09-17 15:14:18 | INFO    | TRAIN | epoch=059/100 | batch=01041/01041 | total=3.34319e-02 | object=3.34319e-02 | physics=0.00000e+00 | elapsed=00:42:27 | eta=00:00:00 | data_wait=0.69s
2026-09-17 15:15:07 | INFO    | VAL | epoch=059/100 | batch=00050/00209 | total=4.84675e-02 | object=4.84675e-02 | physics=1.28116e-03 | elapsed=00:00:49 | eta=00:02:36 | data_wait=0.40s
2026-09-17 15:15:55 | INFO    | VAL | epoch=059/100 | batch=00100/00209 | total=5.20894e-02 | object=5.20894e-02 | physics=1.24401e-03 | elapsed=00:01:36 | eta=00:01:45 | data_wait=0.42s
2026-09-17 15:16:44 | INFO    | VAL | epoch=059/100 | batch=00150/00209 | total=5.96122e-02 | object=5.96122e-02 | physics=1.68387e-03 | elapsed=00:02:26 | eta=00:00:57 | data_wait=0.44s
2026-09-17 15:17:33 | INFO    | VAL | epoch=059/100 | batch=00200/00209 | total=4.85823e-02 | object=4.85823e-02 | physics=1.10650e-03 | elapsed=00:03:15 | eta=00:00:09 | data_wait=0.45s
2026-09-17 15:17:41 | INFO    | VAL | epoch=059/100 | batch=00209/00209 | total=5.15715e-02 | object=5.15715e-02 | physics=1.17518e-03 | elapsed=00:03:23 | eta=00:00:00 | data_wait=0.46s
2026-09-17 15:17:42 | INFO    | Epoch 059 complete | train=3.45444e-02 | val=5.06285e-02 | best=5.06285e-02 | real=2.63288e-02 | imag=2.42997e-02 | lr=7.274e-05 | epoch_time=00:45:51 | eta=1d 03:18:10 | finish=2026-09-18 18:35:52 CST
2026-09-17 15:19:43 | INFO    | TRAIN | epoch=060/100 | batch=00050/01041 | total=3.75123e-02 | object=3.75123e-02 | physics=0.00000e+00 | elapsed=00:02:01 | eta=00:40:04 | data_wait=0.39s
2026-09-17 15:21:44 | INFO    | TRAIN | epoch=060/100 | batch=00100/01041 | total=3.32359e-02 | object=3.32359e-02 | physics=0.00000e+00 | elapsed=00:04:02 | eta=00:37:56 | data_wait=0.40s
2026-09-17 15:23:46 | INFO    | TRAIN | epoch=060/100 | batch=00150/01041 | total=3.53821e-02 | object=3.53821e-02 | physics=0.00000e+00 | elapsed=00:06:04 | eta=00:36:01 | data_wait=0.42s
2026-09-17 15:25:47 | INFO    | TRAIN | epoch=060/100 | batch=00200/01041 | total=3.14175e-02 | object=3.14175e-02 | physics=0.00000e+00 | elapsed=00:08:05 | eta=00:33:58 | data_wait=0.43s
2026-09-17 15:27:46 | INFO    | TRAIN | epoch=060/100 | batch=00250/01041 | total=3.79478e-02 | object=3.79478e-02 | physics=0.00000e+00 | elapsed=00:10:04 | eta=00:31:51 | data_wait=0.44s
2026-09-17 15:29:49 | INFO    | TRAIN | epoch=060/100 | batch=00300/01041 | total=3.54512e-02 | object=3.54512e-02 | physics=0.00000e+00 | elapsed=00:12:07 | eta=00:29:57 | data_wait=0.46s
2026-09-17 15:31:51 | INFO    | TRAIN | epoch=060/100 | batch=00350/01041 | total=3.08632e-02 | object=3.08632e-02 | physics=0.00000e+00 | elapsed=00:14:09 | eta=00:27:57 | data_wait=0.47s
2026-09-17 15:33:53 | INFO    | TRAIN | epoch=060/100 | batch=00400/01041 | total=3.32463e-02 | object=3.32463e-02 | physics=0.00000e+00 | elapsed=00:16:11 | eta=00:25:56 | data_wait=0.48s
2026-09-17 15:35:55 | INFO    | TRAIN | epoch=060/100 | batch=00450/01041 | total=3.55091e-02 | object=3.55091e-02 | physics=0.00000e+00 | elapsed=00:18:13 | eta=00:23:56 | data_wait=0.50s
2026-09-17 15:37:59 | INFO    | TRAIN | epoch=060/100 | batch=00500/01041 | total=3.45275e-02 | object=3.45275e-02 | physics=0.00000e+00 | elapsed=00:20:17 | eta=00:21:57 | data_wait=0.51s
2026-09-17 15:39:59 | INFO    | TRAIN | epoch=060/100 | batch=00550/01041 | total=3.34942e-02 | object=3.34942e-02 | physics=0.00000e+00 | elapsed=00:22:17 | eta=00:19:53 | data_wait=0.52s
2026-09-17 15:42:02 | INFO    | TRAIN | epoch=060/100 | batch=00600/01041 | total=3.22435e-02 | object=3.22435e-02 | physics=0.00000e+00 | elapsed=00:24:20 | eta=00:17:53 | data_wait=0.53s
2026-09-17 15:44:03 | INFO    | TRAIN | epoch=060/100 | batch=00650/01041 | total=3.10185e-02 | object=3.10185e-02 | physics=0.00000e+00 | elapsed=00:26:21 | eta=00:15:51 | data_wait=0.54s
2026-09-17 15:46:04 | INFO    | TRAIN | epoch=060/100 | batch=00700/01041 | total=3.17697e-02 | object=3.17697e-02 | physics=0.00000e+00 | elapsed=00:28:22 | eta=00:13:49 | data_wait=0.56s
2026-09-17 15:48:06 | INFO    | TRAIN | epoch=060/100 | batch=00750/01041 | total=3.36214e-02 | object=3.36214e-02 | physics=0.00000e+00 | elapsed=00:30:24 | eta=00:11:48 | data_wait=0.57s
2026-09-17 15:50:05 | INFO    | TRAIN | epoch=060/100 | batch=00800/01041 | total=3.25870e-02 | object=3.25870e-02 | physics=0.00000e+00 | elapsed=00:32:23 | eta=00:09:45 | data_wait=0.58s
2026-09-17 15:52:07 | INFO    | TRAIN | epoch=060/100 | batch=00850/01041 | total=3.44344e-02 | object=3.44344e-02 | physics=0.00000e+00 | elapsed=00:34:25 | eta=00:07:44 | data_wait=0.59s
2026-09-17 15:54:10 | INFO    | TRAIN | epoch=060/100 | batch=00900/01041 | total=3.70531e-02 | object=3.70531e-02 | physics=0.00000e+00 | elapsed=00:36:28 | eta=00:05:43 | data_wait=0.60s
2026-09-17 15:56:13 | INFO    | TRAIN | epoch=060/100 | batch=00950/01041 | total=3.24028e-02 | object=3.24028e-02 | physics=0.00000e+00 | elapsed=00:38:31 | eta=00:03:41 | data_wait=0.62s
2026-09-17 15:58:14 | INFO    | TRAIN | epoch=060/100 | batch=01000/01041 | total=3.45299e-02 | object=3.45299e-02 | physics=0.00000e+00 | elapsed=00:40:32 | eta=00:01:40 | data_wait=0.63s
2026-09-17 15:59:55 | INFO    | TRAIN | epoch=060/100 | batch=01041/01041 | total=3.29847e-02 | object=3.29847e-02 | physics=0.00000e+00 | elapsed=00:42:13 | eta=00:00:00 | data_wait=0.64s
2026-09-17 16:00:46 | INFO    | VAL | epoch=060/100 | batch=00050/00209 | total=4.73439e-02 | object=4.73439e-02 | physics=1.25480e-03 | elapsed=00:00:50 | eta=00:02:40 | data_wait=0.51s
2026-09-17 16:01:35 | INFO    | VAL | epoch=060/100 | batch=00100/00209 | total=5.25586e-02 | object=5.25586e-02 | physics=1.23809e-03 | elapsed=00:01:40 | eta=00:01:49 | data_wait=0.53s
2026-09-17 16:02:23 | INFO    | VAL | epoch=060/100 | batch=00150/00209 | total=5.87061e-02 | object=5.87061e-02 | physics=1.64909e-03 | elapsed=00:02:28 | eta=00:00:58 | data_wait=0.54s
2026-09-17 16:03:12 | INFO    | VAL | epoch=060/100 | batch=00200/00209 | total=4.92605e-02 | object=4.92605e-02 | physics=1.10172e-03 | elapsed=00:03:17 | eta=00:00:09 | data_wait=0.56s
2026-09-17 16:03:19 | INFO    | VAL | epoch=060/100 | batch=00209/00209 | total=5.11395e-02 | object=5.11395e-02 | physics=1.16902e-03 | elapsed=00:03:24 | eta=00:00:00 | data_wait=0.56s
2026-09-17 16:03:21 | INFO    | Epoch 060 complete | train=3.43626e-02 | val=5.05495e-02 | best=5.05495e-02 | real=2.61909e-02 | imag=2.43585e-02 | lr=6.975e-05 | epoch_time=00:45:39 | eta=1d 02:42:00 | finish=2026-09-18 18:45:21 CST
2026-09-17 16:05:27 | INFO    | TRAIN | epoch=061/100 | batch=00050/01041 | total=3.72267e-02 | object=3.72267e-02 | physics=0.00000e+00 | elapsed=00:02:06 | eta=00:41:36 | data_wait=0.60s
2026-09-17 16:07:29 | INFO    | TRAIN | epoch=061/100 | batch=00100/01041 | total=3.11828e-02 | object=3.11828e-02 | physics=0.00000e+00 | elapsed=00:04:09 | eta=00:39:00 | data_wait=0.62s
2026-09-17 16:09:32 | INFO    | TRAIN | epoch=061/100 | batch=00150/01041 | total=3.10045e-02 | object=3.10045e-02 | physics=0.00000e+00 | elapsed=00:06:11 | eta=00:36:44 | data_wait=0.63s
2026-09-17 16:11:35 | INFO    | TRAIN | epoch=061/100 | batch=00200/01041 | total=3.08463e-02 | object=3.08463e-02 | physics=0.00000e+00 | elapsed=00:08:15 | eta=00:34:40 | data_wait=0.64s
2026-09-17 16:13:38 | INFO    | TRAIN | epoch=061/100 | batch=00250/01041 | total=3.42271e-02 | object=3.42271e-02 | physics=0.00000e+00 | elapsed=00:10:18 | eta=00:32:34 | data_wait=0.65s
2026-09-17 16:15:41 | INFO    | TRAIN | epoch=061/100 | batch=00300/01041 | total=3.52011e-02 | object=3.52011e-02 | physics=0.00000e+00 | elapsed=00:12:21 | eta=00:30:30 | data_wait=0.66s
2026-09-17 16:17:44 | INFO    | TRAIN | epoch=061/100 | batch=00350/01041 | total=3.16533e-02 | object=3.16533e-02 | physics=0.00000e+00 | elapsed=00:14:23 | eta=00:28:24 | data_wait=0.68s
2026-09-17 16:19:46 | INFO    | TRAIN | epoch=061/100 | batch=00400/01041 | total=3.29412e-02 | object=3.29412e-02 | physics=0.00000e+00 | elapsed=00:16:25 | eta=00:26:18 | data_wait=0.69s
2026-09-17 16:21:49 | INFO    | TRAIN | epoch=061/100 | batch=00450/01041 | total=3.82919e-02 | object=3.82919e-02 | physics=0.00000e+00 | elapsed=00:18:28 | eta=00:24:15 | data_wait=0.71s
2026-09-17 16:23:52 | INFO    | TRAIN | epoch=061/100 | batch=00500/01041 | total=3.54213e-02 | object=3.54213e-02 | physics=0.00000e+00 | elapsed=00:20:32 | eta=00:22:12 | data_wait=0.72s
2026-09-17 16:25:56 | INFO    | TRAIN | epoch=061/100 | batch=00550/01041 | total=3.30638e-02 | object=3.30638e-02 | physics=0.00000e+00 | elapsed=00:22:35 | eta=00:20:10 | data_wait=0.73s
2026-09-17 16:27:59 | INFO    | TRAIN | epoch=061/100 | batch=00600/01041 | total=3.28265e-02 | object=3.28265e-02 | physics=0.00000e+00 | elapsed=00:24:38 | eta=00:18:06 | data_wait=0.74s
2026-09-17 16:30:02 | INFO    | TRAIN | epoch=061/100 | batch=00650/01041 | total=3.84056e-02 | object=3.84056e-02 | physics=0.00000e+00 | elapsed=00:26:42 | eta=00:16:03 | data_wait=0.76s
2026-09-17 16:32:02 | INFO    | TRAIN | epoch=061/100 | batch=00700/01041 | total=3.45527e-02 | object=3.45527e-02 | physics=0.00000e+00 | elapsed=00:28:41 | eta=00:13:59 | data_wait=0.77s
2026-09-17 16:34:02 | INFO    | TRAIN | epoch=061/100 | batch=00750/01041 | total=3.47824e-02 | object=3.47824e-02 | physics=0.00000e+00 | elapsed=00:30:41 | eta=00:11:54 | data_wait=0.78s
2026-09-17 16:36:06 | INFO    | TRAIN | epoch=061/100 | batch=00800/01041 | total=3.35366e-02 | object=3.35366e-02 | physics=0.00000e+00 | elapsed=00:32:45 | eta=00:09:52 | data_wait=0.80s
2026-09-17 16:38:07 | INFO    | TRAIN | epoch=061/100 | batch=00850/01041 | total=3.33407e-02 | object=3.33407e-02 | physics=0.00000e+00 | elapsed=00:34:47 | eta=00:07:49 | data_wait=0.81s
2026-09-17 16:40:11 | INFO    | TRAIN | epoch=061/100 | batch=00900/01041 | total=3.75835e-02 | object=3.75835e-02 | physics=0.00000e+00 | elapsed=00:36:50 | eta=00:05:46 | data_wait=0.83s
2026-09-17 16:42:14 | INFO    | TRAIN | epoch=061/100 | batch=00950/01041 | total=3.09751e-02 | object=3.09751e-02 | physics=0.00000e+00 | elapsed=00:38:53 | eta=00:03:43 | data_wait=0.84s
2026-09-17 16:44:14 | INFO    | TRAIN | epoch=061/100 | batch=01000/01041 | total=3.42371e-02 | object=3.42371e-02 | physics=0.00000e+00 | elapsed=00:40:53 | eta=00:01:41 | data_wait=0.85s
2026-09-17 16:45:55 | INFO    | TRAIN | epoch=061/100 | batch=01041/01041 | total=3.41972e-02 | object=3.41972e-02 | physics=0.00000e+00 | elapsed=00:42:35 | eta=00:00:00 | data_wait=0.87s
2026-09-17 16:46:45 | INFO    | VAL | epoch=061/100 | batch=00050/00209 | total=4.75654e-02 | object=4.75654e-02 | physics=1.25626e-03 | elapsed=00:00:50 | eta=00:02:40 | data_wait=0.44s
2026-09-17 16:47:36 | INFO    | VAL | epoch=061/100 | batch=00100/00209 | total=5.31534e-02 | object=5.31534e-02 | physics=1.24819e-03 | elapsed=00:01:40 | eta=00:01:49 | data_wait=0.45s
2026-09-17 16:48:24 | INFO    | VAL | epoch=061/100 | batch=00150/00209 | total=5.97105e-02 | object=5.97105e-02 | physics=1.64998e-03 | elapsed=00:02:29 | eta=00:00:58 | data_wait=0.47s
2026-09-17 16:49:12 | INFO    | VAL | epoch=061/100 | batch=00200/00209 | total=4.95787e-02 | object=4.95787e-02 | physics=1.11241e-03 | elapsed=00:03:17 | eta=00:00:09 | data_wait=0.49s
2026-09-17 16:49:20 | INFO    | VAL | epoch=061/100 | batch=00209/00209 | total=5.04123e-02 | object=5.04123e-02 | physics=1.15448e-03 | elapsed=00:03:25 | eta=00:00:00 | data_wait=0.49s
2026-09-17 16:49:21 | INFO    | Epoch 061 complete | train=3.41285e-02 | val=5.09752e-02 | best=5.05495e-02 | real=2.64528e-02 | imag=2.45224e-02 | lr=6.680e-05 | epoch_time=00:46:00 | eta=1d 02:05:46 | finish=2026-09-18 18:55:06 CST
2026-09-17 16:51:25 | INFO    | TRAIN | epoch=062/100 | batch=00050/01041 | total=3.17827e-02 | object=3.17827e-02 | physics=0.00000e+00 | elapsed=00:02:04 | eta=00:40:58 | data_wait=0.37s
2026-09-17 16:53:26 | INFO    | TRAIN | epoch=062/100 | batch=00100/01041 | total=3.31986e-02 | object=3.31986e-02 | physics=0.00000e+00 | elapsed=00:04:05 | eta=00:38:25 | data_wait=0.38s
2026-09-17 16:55:28 | INFO    | TRAIN | epoch=062/100 | batch=00150/01041 | total=3.64209e-02 | object=3.64209e-02 | physics=0.00000e+00 | elapsed=00:06:07 | eta=00:36:20 | data_wait=0.39s
2026-09-17 16:57:30 | INFO    | TRAIN | epoch=062/100 | batch=00200/01041 | total=3.45903e-02 | object=3.45903e-02 | physics=0.00000e+00 | elapsed=00:08:09 | eta=00:34:16 | data_wait=0.40s
2026-09-17 16:59:34 | INFO    | TRAIN | epoch=062/100 | batch=00250/01041 | total=3.33623e-02 | object=3.33623e-02 | physics=0.00000e+00 | elapsed=00:10:13 | eta=00:32:20 | data_wait=0.41s
2026-09-17 17:01:37 | INFO    | TRAIN | epoch=062/100 | batch=00300/01041 | total=3.40903e-02 | object=3.40903e-02 | physics=0.00000e+00 | elapsed=00:12:16 | eta=00:30:18 | data_wait=0.43s
2026-09-17 17:03:41 | INFO    | TRAIN | epoch=062/100 | batch=00350/01041 | total=3.57585e-02 | object=3.57585e-02 | physics=0.00000e+00 | elapsed=00:14:20 | eta=00:28:19 | data_wait=0.44s
2026-09-17 17:05:44 | INFO    | TRAIN | epoch=062/100 | batch=00400/01041 | total=3.20684e-02 | object=3.20684e-02 | physics=0.00000e+00 | elapsed=00:16:23 | eta=00:26:16 | data_wait=0.45s
2026-09-17 17:07:48 | INFO    | TRAIN | epoch=062/100 | batch=00450/01041 | total=3.36285e-02 | object=3.36285e-02 | physics=0.00000e+00 | elapsed=00:18:27 | eta=00:24:13 | data_wait=0.46s
2026-09-17 17:09:48 | INFO    | TRAIN | epoch=062/100 | batch=00500/01041 | total=3.41103e-02 | object=3.41103e-02 | physics=0.00000e+00 | elapsed=00:20:27 | eta=00:22:08 | data_wait=0.48s
2026-09-17 17:11:52 | INFO    | TRAIN | epoch=062/100 | batch=00550/01041 | total=3.24577e-02 | object=3.24577e-02 | physics=0.00000e+00 | elapsed=00:22:31 | eta=00:20:06 | data_wait=0.49s
2026-09-17 17:13:55 | INFO    | TRAIN | epoch=062/100 | batch=00600/01041 | total=3.75478e-02 | object=3.75478e-02 | physics=0.00000e+00 | elapsed=00:24:34 | eta=00:18:04 | data_wait=0.51s
2026-09-17 17:15:56 | INFO    | TRAIN | epoch=062/100 | batch=00650/01041 | total=3.49506e-02 | object=3.49506e-02 | physics=0.00000e+00 | elapsed=00:26:35 | eta=00:16:00 | data_wait=0.52s
2026-09-17 17:17:59 | INFO    | TRAIN | epoch=062/100 | batch=00700/01041 | total=3.08509e-02 | object=3.08509e-02 | physics=0.00000e+00 | elapsed=00:28:38 | eta=00:13:57 | data_wait=0.54s
2026-09-17 17:20:01 | INFO    | TRAIN | epoch=062/100 | batch=00750/01041 | total=3.26773e-02 | object=3.26773e-02 | physics=0.00000e+00 | elapsed=00:30:40 | eta=00:11:54 | data_wait=0.55s
2026-09-17 17:22:02 | INFO    | TRAIN | epoch=062/100 | batch=00800/01041 | total=3.17386e-02 | object=3.17386e-02 | physics=0.00000e+00 | elapsed=00:32:41 | eta=00:09:51 | data_wait=0.56s
2026-09-17 17:24:06 | INFO    | TRAIN | epoch=062/100 | batch=00850/01041 | total=2.95805e-02 | object=2.95805e-02 | physics=0.00000e+00 | elapsed=00:34:45 | eta=00:07:48 | data_wait=0.57s
2026-09-17 17:26:08 | INFO    | TRAIN | epoch=062/100 | batch=00900/01041 | total=3.35081e-02 | object=3.35081e-02 | physics=0.00000e+00 | elapsed=00:36:47 | eta=00:05:46 | data_wait=0.58s
2026-09-17 17:28:08 | INFO    | TRAIN | epoch=062/100 | batch=00950/01041 | total=3.41391e-02 | object=3.41391e-02 | physics=0.00000e+00 | elapsed=00:38:47 | eta=00:03:43 | data_wait=0.59s
2026-09-17 17:30:10 | INFO    | TRAIN | epoch=062/100 | batch=01000/01041 | total=3.01843e-02 | object=3.01843e-02 | physics=0.00000e+00 | elapsed=00:40:49 | eta=00:01:40 | data_wait=0.61s
2026-09-17 17:31:50 | INFO    | TRAIN | epoch=062/100 | batch=01041/01041 | total=3.31567e-02 | object=3.31567e-02 | physics=0.00000e+00 | elapsed=00:42:29 | eta=00:00:00 | data_wait=0.62s
2026-09-17 17:32:40 | INFO    | VAL | epoch=062/100 | batch=00050/00209 | total=4.71420e-02 | object=4.71420e-02 | physics=1.26107e-03 | elapsed=00:00:50 | eta=00:02:39 | data_wait=0.59s
2026-09-17 17:33:28 | INFO    | VAL | epoch=062/100 | batch=00100/00209 | total=5.17428e-02 | object=5.17428e-02 | physics=1.24581e-03 | elapsed=00:01:38 | eta=00:01:47 | data_wait=0.60s
2026-09-17 17:34:17 | INFO    | VAL | epoch=062/100 | batch=00150/00209 | total=5.74055e-02 | object=5.74055e-02 | physics=1.63913e-03 | elapsed=00:02:27 | eta=00:00:58 | data_wait=0.62s
2026-09-17 17:35:06 | INFO    | VAL | epoch=062/100 | batch=00200/00209 | total=4.80130e-02 | object=4.80130e-02 | physics=1.09162e-03 | elapsed=00:03:16 | eta=00:00:09 | data_wait=0.63s
2026-09-17 17:35:14 | INFO    | VAL | epoch=062/100 | batch=00209/00209 | total=5.01480e-02 | object=5.01480e-02 | physics=1.16589e-03 | elapsed=00:03:24 | eta=00:00:00 | data_wait=0.63s
2026-09-17 17:35:15 | INFO    | Epoch 062 complete | train=3.39080e-02 | val=5.03631e-02 | best=5.03631e-02 | real=2.61323e-02 | imag=2.42308e-02 | lr=6.387e-05 | epoch_time=00:45:54 | eta=1d 01:29:08 | finish=2026-09-18 19:04:23 CST
2026-09-17 17:37:20 | INFO    | TRAIN | epoch=063/100 | batch=00050/01041 | total=3.60186e-02 | object=3.60186e-02 | physics=0.00000e+00 | elapsed=00:02:05 | eta=00:41:16 | data_wait=0.49s
2026-09-17 17:39:23 | INFO    | TRAIN | epoch=063/100 | batch=00100/01041 | total=3.31433e-02 | object=3.31433e-02 | physics=0.00000e+00 | elapsed=00:04:08 | eta=00:38:50 | data_wait=0.51s
2026-09-17 17:41:25 | INFO    | TRAIN | epoch=063/100 | batch=00150/01041 | total=3.44872e-02 | object=3.44872e-02 | physics=0.00000e+00 | elapsed=00:06:10 | eta=00:36:36 | data_wait=0.52s
2026-09-17 17:43:28 | INFO    | TRAIN | epoch=063/100 | batch=00200/01041 | total=3.25958e-02 | object=3.25958e-02 | physics=0.00000e+00 | elapsed=00:08:13 | eta=00:34:32 | data_wait=0.53s
2026-09-17 17:45:31 | INFO    | TRAIN | epoch=063/100 | batch=00250/01041 | total=3.32274e-02 | object=3.32274e-02 | physics=0.00000e+00 | elapsed=00:10:17 | eta=00:32:31 | data_wait=0.54s
2026-09-17 17:47:35 | INFO    | TRAIN | epoch=063/100 | batch=00300/01041 | total=3.21294e-02 | object=3.21294e-02 | physics=0.00000e+00 | elapsed=00:12:20 | eta=00:30:28 | data_wait=0.55s
2026-09-17 17:49:37 | INFO    | TRAIN | epoch=063/100 | batch=00350/01041 | total=3.32103e-02 | object=3.32103e-02 | physics=0.00000e+00 | elapsed=00:14:22 | eta=00:28:22 | data_wait=0.57s
2026-09-17 17:51:41 | INFO    | TRAIN | epoch=063/100 | batch=00400/01041 | total=3.76651e-02 | object=3.76651e-02 | physics=0.00000e+00 | elapsed=00:16:26 | eta=00:26:20 | data_wait=0.58s
2026-09-17 17:53:45 | INFO    | TRAIN | epoch=063/100 | batch=00450/01041 | total=3.85907e-02 | object=3.85907e-02 | physics=0.00000e+00 | elapsed=00:18:30 | eta=00:24:18 | data_wait=0.59s
2026-09-17 17:55:48 | INFO    | TRAIN | epoch=063/100 | batch=00500/01041 | total=3.07748e-02 | object=3.07748e-02 | physics=0.00000e+00 | elapsed=00:20:33 | eta=00:22:14 | data_wait=0.60s
2026-09-17 17:57:51 | INFO    | TRAIN | epoch=063/100 | batch=00550/01041 | total=3.32256e-02 | object=3.32256e-02 | physics=0.00000e+00 | elapsed=00:22:36 | eta=00:20:10 | data_wait=0.62s
2026-09-17 17:59:53 | INFO    | TRAIN | epoch=063/100 | batch=00600/01041 | total=4.12198e-02 | object=4.12198e-02 | physics=0.00000e+00 | elapsed=00:24:38 | eta=00:18:07 | data_wait=0.63s
2026-09-17 18:01:56 | INFO    | TRAIN | epoch=063/100 | batch=00650/01041 | total=3.38051e-02 | object=3.38051e-02 | physics=0.00000e+00 | elapsed=00:26:41 | eta=00:16:03 | data_wait=0.64s
2026-09-17 18:04:00 | INFO    | TRAIN | epoch=063/100 | batch=00700/01041 | total=3.76171e-02 | object=3.76171e-02 | physics=0.00000e+00 | elapsed=00:28:45 | eta=00:14:00 | data_wait=0.66s
2026-09-17 18:06:03 | INFO    | TRAIN | epoch=063/100 | batch=00750/01041 | total=3.29811e-02 | object=3.29811e-02 | physics=0.00000e+00 | elapsed=00:30:48 | eta=00:11:57 | data_wait=0.67s
2026-09-17 18:08:05 | INFO    | TRAIN | epoch=063/100 | batch=00800/01041 | total=3.26291e-02 | object=3.26291e-02 | physics=0.00000e+00 | elapsed=00:32:50 | eta=00:09:53 | data_wait=0.68s
2026-09-17 18:10:07 | INFO    | TRAIN | epoch=063/100 | batch=00850/01041 | total=3.31662e-02 | object=3.31662e-02 | physics=0.00000e+00 | elapsed=00:34:52 | eta=00:07:50 | data_wait=0.69s
2026-09-17 18:12:09 | INFO    | TRAIN | epoch=063/100 | batch=00900/01041 | total=3.10026e-02 | object=3.10026e-02 | physics=0.00000e+00 | elapsed=00:36:54 | eta=00:05:47 | data_wait=0.70s
2026-09-17 18:14:12 | INFO    | TRAIN | epoch=063/100 | batch=00950/01041 | total=3.85346e-02 | object=3.85346e-02 | physics=0.00000e+00 | elapsed=00:38:57 | eta=00:03:44 | data_wait=0.72s
2026-09-17 18:16:16 | INFO    | TRAIN | epoch=063/100 | batch=01000/01041 | total=3.45930e-02 | object=3.45930e-02 | physics=0.00000e+00 | elapsed=00:41:01 | eta=00:01:41 | data_wait=0.73s
2026-09-17 18:17:56 | INFO    | TRAIN | epoch=063/100 | batch=01041/01041 | total=3.43811e-02 | object=3.43811e-02 | physics=0.00000e+00 | elapsed=00:42:42 | eta=00:00:00 | data_wait=0.74s
2026-09-17 18:18:46 | INFO    | VAL | epoch=063/100 | batch=00050/00209 | total=4.51217e-02 | object=4.51217e-02 | physics=1.24477e-03 | elapsed=00:00:50 | eta=00:02:38 | data_wait=0.49s
2026-09-17 18:19:34 | INFO    | VAL | epoch=063/100 | batch=00100/00209 | total=5.16964e-02 | object=5.16964e-02 | physics=1.24113e-03 | elapsed=00:01:37 | eta=00:01:46 | data_wait=0.51s
2026-09-17 18:20:22 | INFO    | VAL | epoch=063/100 | batch=00150/00209 | total=5.83598e-02 | object=5.83598e-02 | physics=1.65740e-03 | elapsed=00:02:25 | eta=00:00:57 | data_wait=0.52s
2026-09-17 18:21:11 | INFO    | VAL | epoch=063/100 | batch=00200/00209 | total=4.76833e-02 | object=4.76833e-02 | physics=1.10484e-03 | elapsed=00:03:14 | eta=00:00:09 | data_wait=0.54s
2026-09-17 18:21:19 | INFO    | VAL | epoch=063/100 | batch=00209/00209 | total=4.95718e-02 | object=4.95718e-02 | physics=1.16015e-03 | elapsed=00:03:22 | eta=00:00:00 | data_wait=0.54s
2026-09-17 18:21:19 | INFO    | Epoch 063 complete | train=3.37625e-02 | val=4.92741e-02 | best=4.92741e-02 | real=2.54532e-02 | imag=2.38209e-02 | lr=6.098e-05 | epoch_time=00:46:04 | eta=1d 00:52:19 | finish=2026-09-18 19:13:39 CST
2026-09-17 18:23:24 | INFO    | TRAIN | epoch=064/100 | batch=00050/01041 | total=3.02918e-02 | object=3.02918e-02 | physics=0.00000e+00 | elapsed=00:02:05 | eta=00:41:16 | data_wait=0.43s
2026-09-17 18:25:30 | INFO    | TRAIN | epoch=064/100 | batch=00100/01041 | total=3.22801e-02 | object=3.22801e-02 | physics=0.00000e+00 | elapsed=00:04:10 | eta=00:39:16 | data_wait=0.45s
2026-09-17 18:27:34 | INFO    | TRAIN | epoch=064/100 | batch=00150/01041 | total=3.26067e-02 | object=3.26067e-02 | physics=0.00000e+00 | elapsed=00:06:14 | eta=00:37:03 | data_wait=0.46s
2026-09-17 18:29:38 | INFO    | TRAIN | epoch=064/100 | batch=00200/01041 | total=3.44615e-02 | object=3.44615e-02 | physics=0.00000e+00 | elapsed=00:08:18 | eta=00:34:55 | data_wait=0.47s
2026-09-17 18:31:41 | INFO    | TRAIN | epoch=064/100 | batch=00250/01041 | total=3.47836e-02 | object=3.47836e-02 | physics=0.00000e+00 | elapsed=00:10:22 | eta=00:32:48 | data_wait=0.49s
2026-09-17 18:33:45 | INFO    | TRAIN | epoch=064/100 | batch=00300/01041 | total=3.15997e-02 | object=3.15997e-02 | physics=0.00000e+00 | elapsed=00:12:25 | eta=00:30:41 | data_wait=0.51s
2026-09-17 18:35:47 | INFO    | TRAIN | epoch=064/100 | batch=00350/01041 | total=3.38926e-02 | object=3.38926e-02 | physics=0.00000e+00 | elapsed=00:14:28 | eta=00:28:34 | data_wait=0.52s
2026-09-17 18:37:52 | INFO    | TRAIN | epoch=064/100 | batch=00400/01041 | total=3.33185e-02 | object=3.33185e-02 | physics=0.00000e+00 | elapsed=00:16:33 | eta=00:26:31 | data_wait=0.53s
2026-09-17 18:39:57 | INFO    | TRAIN | epoch=064/100 | batch=00450/01041 | total=3.49572e-02 | object=3.49572e-02 | physics=0.00000e+00 | elapsed=00:18:37 | eta=00:24:27 | data_wait=0.55s
2026-09-17 18:41:59 | INFO    | TRAIN | epoch=064/100 | batch=00500/01041 | total=3.48205e-02 | object=3.48205e-02 | physics=0.00000e+00 | elapsed=00:20:40 | eta=00:22:21 | data_wait=0.56s
2026-09-17 18:44:02 | INFO    | TRAIN | epoch=064/100 | batch=00550/01041 | total=3.35002e-02 | object=3.35002e-02 | physics=0.00000e+00 | elapsed=00:22:43 | eta=00:20:17 | data_wait=0.57s
2026-09-17 18:46:04 | INFO    | TRAIN | epoch=064/100 | batch=00600/01041 | total=3.39491e-02 | object=3.39491e-02 | physics=0.00000e+00 | elapsed=00:24:45 | eta=00:18:11 | data_wait=0.58s
2026-09-17 18:48:07 | INFO    | TRAIN | epoch=064/100 | batch=00650/01041 | total=3.07332e-02 | object=3.07332e-02 | physics=0.00000e+00 | elapsed=00:26:48 | eta=00:16:07 | data_wait=0.59s
2026-09-17 18:50:14 | INFO    | TRAIN | epoch=064/100 | batch=00700/01041 | total=2.99078e-02 | object=2.99078e-02 | physics=0.00000e+00 | elapsed=00:28:54 | eta=00:14:05 | data_wait=0.61s
2026-09-17 18:52:16 | INFO    | TRAIN | epoch=064/100 | batch=00750/01041 | total=3.68757e-02 | object=3.68757e-02 | physics=0.00000e+00 | elapsed=00:30:57 | eta=00:12:00 | data_wait=0.62s
2026-09-17 18:54:17 | INFO    | TRAIN | epoch=064/100 | batch=00800/01041 | total=3.52019e-02 | object=3.52019e-02 | physics=0.00000e+00 | elapsed=00:32:58 | eta=00:09:56 | data_wait=0.63s
2026-09-17 18:56:18 | INFO    | TRAIN | epoch=064/100 | batch=00850/01041 | total=3.29793e-02 | object=3.29793e-02 | physics=0.00000e+00 | elapsed=00:34:59 | eta=00:07:52 | data_wait=0.65s
2026-09-17 18:58:21 | INFO    | TRAIN | epoch=064/100 | batch=00900/01041 | total=3.40695e-02 | object=3.40695e-02 | physics=0.00000e+00 | elapsed=00:37:01 | eta=00:05:48 | data_wait=0.66s
2026-09-17 19:00:25 | INFO    | TRAIN | epoch=064/100 | batch=00950/01041 | total=3.34646e-02 | object=3.34646e-02 | physics=0.00000e+00 | elapsed=00:39:06 | eta=00:03:45 | data_wait=0.67s
2026-09-17 19:02:27 | INFO    | TRAIN | epoch=064/100 | batch=01000/01041 | total=3.08188e-02 | object=3.08188e-02 | physics=0.00000e+00 | elapsed=00:41:08 | eta=00:01:41 | data_wait=0.69s
2026-09-17 19:04:10 | INFO    | TRAIN | epoch=064/100 | batch=01041/01041 | total=3.53320e-02 | object=3.53320e-02 | physics=0.00000e+00 | elapsed=00:42:51 | eta=00:00:00 | data_wait=0.70s
2026-09-17 19:05:00 | INFO    | VAL | epoch=064/100 | batch=00050/00209 | total=4.79190e-02 | object=4.79190e-02 | physics=1.26456e-03 | elapsed=00:00:50 | eta=00:02:40 | data_wait=0.38s
2026-09-17 19:05:49 | INFO    | VAL | epoch=064/100 | batch=00100/00209 | total=5.19221e-02 | object=5.19221e-02 | physics=1.23663e-03 | elapsed=00:01:39 | eta=00:01:48 | data_wait=0.40s
2026-09-17 19:06:39 | INFO    | VAL | epoch=064/100 | batch=00150/00209 | total=5.79580e-02 | object=5.79580e-02 | physics=1.64188e-03 | elapsed=00:02:29 | eta=00:00:58 | data_wait=0.41s
2026-09-17 19:07:27 | INFO    | VAL | epoch=064/100 | batch=00200/00209 | total=4.87169e-02 | object=4.87169e-02 | physics=1.10043e-03 | elapsed=00:03:17 | eta=00:00:09 | data_wait=0.43s
2026-09-17 19:07:35 | INFO    | VAL | epoch=064/100 | batch=00209/00209 | total=5.16130e-02 | object=5.16130e-02 | physics=1.16063e-03 | elapsed=00:03:25 | eta=00:00:00 | data_wait=0.43s
2026-09-17 19:07:36 | INFO    | Epoch 064 complete | train=3.35269e-02 | val=5.06190e-02 | best=4.92741e-02 | real=2.62322e-02 | imag=2.43868e-02 | lr=5.813e-05 | epoch_time=00:46:16 | eta=1d 00:15:20 | finish=2026-09-18 19:22:55 CST
2026-09-17 19:09:39 | INFO    | TRAIN | epoch=065/100 | batch=00050/01041 | total=3.71670e-02 | object=3.71670e-02 | physics=0.00000e+00 | elapsed=00:02:04 | eta=00:40:54 | data_wait=0.35s
2026-09-17 19:11:43 | INFO    | TRAIN | epoch=065/100 | batch=00100/01041 | total=3.22085e-02 | object=3.22085e-02 | physics=0.00000e+00 | elapsed=00:04:07 | eta=00:38:45 | data_wait=0.36s
2026-09-17 19:13:46 | INFO    | TRAIN | epoch=065/100 | batch=00150/01041 | total=3.19290e-02 | object=3.19290e-02 | physics=0.00000e+00 | elapsed=00:06:10 | eta=00:36:38 | data_wait=0.37s
2026-09-17 19:15:48 | INFO    | TRAIN | epoch=065/100 | batch=00200/01041 | total=3.16706e-02 | object=3.16706e-02 | physics=0.00000e+00 | elapsed=00:08:13 | eta=00:34:32 | data_wait=0.39s
2026-09-17 19:17:55 | INFO    | TRAIN | epoch=065/100 | batch=00250/01041 | total=3.70996e-02 | object=3.70996e-02 | physics=0.00000e+00 | elapsed=00:10:19 | eta=00:32:38 | data_wait=0.40s
2026-09-17 19:19:58 | INFO    | TRAIN | epoch=065/100 | batch=00300/01041 | total=3.49158e-02 | object=3.49158e-02 | physics=0.00000e+00 | elapsed=00:12:23 | eta=00:30:34 | data_wait=0.41s
2026-09-17 19:22:02 | INFO    | TRAIN | epoch=065/100 | batch=00350/01041 | total=3.45779e-02 | object=3.45779e-02 | physics=0.00000e+00 | elapsed=00:14:27 | eta=00:28:31 | data_wait=0.43s
2026-09-17 19:24:05 | INFO    | TRAIN | epoch=065/100 | batch=00400/01041 | total=3.14287e-02 | object=3.14287e-02 | physics=0.00000e+00 | elapsed=00:16:30 | eta=00:26:26 | data_wait=0.44s
2026-09-17 19:26:12 | INFO    | TRAIN | epoch=065/100 | batch=00450/01041 | total=3.16939e-02 | object=3.16939e-02 | physics=0.00000e+00 | elapsed=00:18:37 | eta=00:24:26 | data_wait=0.45s
2026-09-17 19:28:16 | INFO    | TRAIN | epoch=065/100 | batch=00500/01041 | total=3.62585e-02 | object=3.62585e-02 | physics=0.00000e+00 | elapsed=00:20:40 | eta=00:22:22 | data_wait=0.47s
2026-09-17 19:30:21 | INFO    | TRAIN | epoch=065/100 | batch=00550/01041 | total=3.82572e-02 | object=3.82572e-02 | physics=0.00000e+00 | elapsed=00:22:46 | eta=00:20:19 | data_wait=0.48s
2026-09-17 19:32:24 | INFO    | TRAIN | epoch=065/100 | batch=00600/01041 | total=3.18529e-02 | object=3.18529e-02 | physics=0.00000e+00 | elapsed=00:24:48 | eta=00:18:14 | data_wait=0.49s
2026-09-17 19:34:26 | INFO    | TRAIN | epoch=065/100 | batch=00650/01041 | total=3.66832e-02 | object=3.66832e-02 | physics=0.00000e+00 | elapsed=00:26:50 | eta=00:16:09 | data_wait=0.50s
2026-09-17 19:36:31 | INFO    | TRAIN | epoch=065/100 | batch=00700/01041 | total=3.78427e-02 | object=3.78427e-02 | physics=0.00000e+00 | elapsed=00:28:55 | eta=00:14:05 | data_wait=0.52s
2026-09-17 19:38:34 | INFO    | TRAIN | epoch=065/100 | batch=00750/01041 | total=3.31048e-02 | object=3.31048e-02 | physics=0.00000e+00 | elapsed=00:30:59 | eta=00:12:01 | data_wait=0.53s
2026-09-17 19:40:38 | INFO    | TRAIN | epoch=065/100 | batch=00800/01041 | total=3.28898e-02 | object=3.28898e-02 | physics=0.00000e+00 | elapsed=00:33:02 | eta=00:09:57 | data_wait=0.54s
2026-09-17 19:42:39 | INFO    | TRAIN | epoch=065/100 | batch=00850/01041 | total=3.25955e-02 | object=3.25955e-02 | physics=0.00000e+00 | elapsed=00:35:04 | eta=00:07:53 | data_wait=0.55s
2026-09-17 19:44:42 | INFO    | TRAIN | epoch=065/100 | batch=00900/01041 | total=3.17463e-02 | object=3.17463e-02 | physics=0.00000e+00 | elapsed=00:37:06 | eta=00:05:49 | data_wait=0.56s
2026-09-17 19:46:44 | INFO    | TRAIN | epoch=065/100 | batch=00950/01041 | total=3.48814e-02 | object=3.48814e-02 | physics=0.00000e+00 | elapsed=00:39:08 | eta=00:03:45 | data_wait=0.58s
2026-09-17 19:48:46 | INFO    | TRAIN | epoch=065/100 | batch=01000/01041 | total=3.53944e-02 | object=3.53944e-02 | physics=0.00000e+00 | elapsed=00:41:10 | eta=00:01:41 | data_wait=0.59s
2026-09-17 19:50:28 | INFO    | TRAIN | epoch=065/100 | batch=01041/01041 | total=3.12638e-02 | object=3.12638e-02 | physics=0.00000e+00 | elapsed=00:42:53 | eta=00:00:00 | data_wait=0.60s
2026-09-17 19:51:19 | INFO    | VAL | epoch=065/100 | batch=00050/00209 | total=4.66233e-02 | object=4.66233e-02 | physics=1.25489e-03 | elapsed=00:00:51 | eta=00:02:41 | data_wait=0.40s
2026-09-17 19:52:08 | INFO    | VAL | epoch=065/100 | batch=00100/00209 | total=5.13197e-02 | object=5.13197e-02 | physics=1.23211e-03 | elapsed=00:01:40 | eta=00:01:49 | data_wait=0.42s
2026-09-17 19:52:56 | INFO    | VAL | epoch=065/100 | batch=00150/00209 | total=5.80057e-02 | object=5.80057e-02 | physics=1.65323e-03 | elapsed=00:02:28 | eta=00:00:58 | data_wait=0.44s
2026-09-17 19:53:45 | INFO    | VAL | epoch=065/100 | batch=00200/00209 | total=4.77808e-02 | object=4.77808e-02 | physics=1.09715e-03 | elapsed=00:03:17 | eta=00:00:09 | data_wait=0.45s
2026-09-17 19:53:53 | INFO    | VAL | epoch=065/100 | batch=00209/00209 | total=5.08841e-02 | object=5.08841e-02 | physics=1.17030e-03 | elapsed=00:03:24 | eta=00:00:00 | data_wait=0.46s
2026-09-17 19:53:53 | INFO    | Epoch 065 complete | train=3.33763e-02 | val=4.97914e-02 | best=4.92741e-02 | real=2.57871e-02 | imag=2.40044e-02 | lr=5.533e-05 | epoch_time=00:46:18 | eta=23:38:04 | finish=2026-09-18 19:31:57 CST
2026-09-17 19:55:59 | INFO    | TRAIN | epoch=066/100 | batch=00050/01041 | total=3.07441e-02 | object=3.07441e-02 | physics=0.00000e+00 | elapsed=00:02:06 | eta=00:41:29 | data_wait=0.51s
2026-09-17 19:58:03 | INFO    | TRAIN | epoch=066/100 | batch=00100/01041 | total=3.02376e-02 | object=3.02376e-02 | physics=0.00000e+00 | elapsed=00:04:10 | eta=00:39:11 | data_wait=0.53s
2026-09-17 20:00:07 | INFO    | TRAIN | epoch=066/100 | batch=00150/01041 | total=3.20973e-02 | object=3.20973e-02 | physics=0.00000e+00 | elapsed=00:06:13 | eta=00:36:58 | data_wait=0.54s
2026-09-17 20:02:11 | INFO    | TRAIN | epoch=066/100 | batch=00200/01041 | total=3.29761e-02 | object=3.29761e-02 | physics=0.00000e+00 | elapsed=00:08:18 | eta=00:34:53 | data_wait=0.55s
2026-09-17 20:04:14 | INFO    | TRAIN | epoch=066/100 | batch=00250/01041 | total=3.45146e-02 | object=3.45146e-02 | physics=0.00000e+00 | elapsed=00:10:21 | eta=00:32:44 | data_wait=0.56s
2026-09-17 20:06:17 | INFO    | TRAIN | epoch=066/100 | batch=00300/01041 | total=3.05072e-02 | object=3.05072e-02 | physics=0.00000e+00 | elapsed=00:12:24 | eta=00:30:37 | data_wait=0.57s
2026-09-17 20:08:21 | INFO    | TRAIN | epoch=066/100 | batch=00350/01041 | total=3.47379e-02 | object=3.47379e-02 | physics=0.00000e+00 | elapsed=00:14:27 | eta=00:28:33 | data_wait=0.59s
2026-09-17 20:10:22 | INFO    | TRAIN | epoch=066/100 | batch=00400/01041 | total=3.27237e-02 | object=3.27237e-02 | physics=0.00000e+00 | elapsed=00:16:29 | eta=00:26:25 | data_wait=0.60s
2026-09-17 20:12:23 | INFO    | TRAIN | epoch=066/100 | batch=00450/01041 | total=3.39803e-02 | object=3.39803e-02 | physics=0.00000e+00 | elapsed=00:18:30 | eta=00:24:18 | data_wait=0.61s
2026-09-17 20:14:27 | INFO    | TRAIN | epoch=066/100 | batch=00500/01041 | total=3.27311e-02 | object=3.27311e-02 | physics=0.00000e+00 | elapsed=00:20:34 | eta=00:22:15 | data_wait=0.62s
2026-09-17 20:16:30 | INFO    | TRAIN | epoch=066/100 | batch=00550/01041 | total=3.21122e-02 | object=3.21122e-02 | physics=0.00000e+00 | elapsed=00:22:37 | eta=00:20:11 | data_wait=0.64s
2026-09-17 20:18:34 | INFO    | TRAIN | epoch=066/100 | batch=00600/01041 | total=3.37435e-02 | object=3.37435e-02 | physics=0.00000e+00 | elapsed=00:24:41 | eta=00:18:08 | data_wait=0.65s
2026-09-17 20:20:36 | INFO    | TRAIN | epoch=066/100 | batch=00650/01041 | total=3.51159e-02 | object=3.51159e-02 | physics=0.00000e+00 | elapsed=00:26:43 | eta=00:16:04 | data_wait=0.66s
2026-09-17 20:22:41 | INFO    | TRAIN | epoch=066/100 | batch=00700/01041 | total=3.17367e-02 | object=3.17367e-02 | physics=0.00000e+00 | elapsed=00:28:47 | eta=00:14:02 | data_wait=0.68s
2026-09-17 20:24:44 | INFO    | TRAIN | epoch=066/100 | batch=00750/01041 | total=3.01013e-02 | object=3.01013e-02 | physics=0.00000e+00 | elapsed=00:30:51 | eta=00:11:58 | data_wait=0.69s
2026-09-17 20:26:47 | INFO    | TRAIN | epoch=066/100 | batch=00800/01041 | total=3.48082e-02 | object=3.48082e-02 | physics=0.00000e+00 | elapsed=00:32:53 | eta=00:09:55 | data_wait=0.70s
2026-09-17 20:28:49 | INFO    | TRAIN | epoch=066/100 | batch=00850/01041 | total=3.13629e-02 | object=3.13629e-02 | physics=0.00000e+00 | elapsed=00:34:56 | eta=00:07:51 | data_wait=0.72s
2026-09-17 20:30:51 | INFO    | TRAIN | epoch=066/100 | batch=00900/01041 | total=3.22806e-02 | object=3.22806e-02 | physics=0.00000e+00 | elapsed=00:36:58 | eta=00:05:48 | data_wait=0.73s
2026-09-17 20:32:55 | INFO    | TRAIN | epoch=066/100 | batch=00950/01041 | total=3.41908e-02 | object=3.41908e-02 | physics=0.00000e+00 | elapsed=00:39:02 | eta=00:03:44 | data_wait=0.74s
2026-09-17 20:34:56 | INFO    | TRAIN | epoch=066/100 | batch=01000/01041 | total=3.09730e-02 | object=3.09730e-02 | physics=0.00000e+00 | elapsed=00:41:03 | eta=00:01:41 | data_wait=0.75s
2026-09-17 20:36:36 | INFO    | TRAIN | epoch=066/100 | batch=01041/01041 | total=3.05593e-02 | object=3.05593e-02 | physics=0.00000e+00 | elapsed=00:42:43 | eta=00:00:00 | data_wait=0.77s
2026-09-17 20:37:26 | INFO    | VAL | epoch=066/100 | batch=00050/00209 | total=4.71746e-02 | object=4.71746e-02 | physics=1.25799e-03 | elapsed=00:00:50 | eta=00:02:40 | data_wait=0.47s
2026-09-17 20:38:15 | INFO    | VAL | epoch=066/100 | batch=00100/00209 | total=5.19264e-02 | object=5.19264e-02 | physics=1.24422e-03 | elapsed=00:01:39 | eta=00:01:48 | data_wait=0.48s
2026-09-17 20:39:03 | INFO    | VAL | epoch=066/100 | batch=00150/00209 | total=5.85946e-02 | object=5.85946e-02 | physics=1.65344e-03 | elapsed=00:02:27 | eta=00:00:58 | data_wait=0.51s
2026-09-17 20:39:51 | INFO    | VAL | epoch=066/100 | batch=00200/00209 | total=4.76820e-02 | object=4.76820e-02 | physics=1.09216e-03 | elapsed=00:03:15 | eta=00:00:09 | data_wait=0.52s
2026-09-17 20:40:00 | INFO    | VAL | epoch=066/100 | batch=00209/00209 | total=5.01766e-02 | object=5.01766e-02 | physics=1.16228e-03 | elapsed=00:03:24 | eta=00:00:00 | data_wait=0.52s
2026-09-17 20:40:00 | INFO    | Epoch 066 complete | train=3.32099e-02 | val=4.98502e-02 | best=4.92741e-02 | real=2.57944e-02 | imag=2.40558e-02 | lr=5.257e-05 | epoch_time=00:46:07 | eta=23:00:26 | finish=2026-09-18 19:40:26 CST
2026-09-17 20:42:05 | INFO    | TRAIN | epoch=067/100 | batch=00050/01041 | total=3.13963e-02 | object=3.13963e-02 | physics=0.00000e+00 | elapsed=00:02:05 | eta=00:41:11 | data_wait=0.38s
2026-09-17 20:44:11 | INFO    | TRAIN | epoch=067/100 | batch=00100/01041 | total=3.36891e-02 | object=3.36891e-02 | physics=0.00000e+00 | elapsed=00:04:11 | eta=00:39:23 | data_wait=0.40s
2026-09-17 20:46:14 | INFO    | TRAIN | epoch=067/100 | batch=00150/01041 | total=3.29767e-02 | object=3.29767e-02 | physics=0.00000e+00 | elapsed=00:06:14 | eta=00:37:01 | data_wait=0.41s
2026-09-17 20:48:17 | INFO    | TRAIN | epoch=067/100 | batch=00200/01041 | total=3.31610e-02 | object=3.31610e-02 | physics=0.00000e+00 | elapsed=00:08:17 | eta=00:34:51 | data_wait=0.42s
2026-09-17 20:50:22 | INFO    | TRAIN | epoch=067/100 | batch=00250/01041 | total=3.49472e-02 | object=3.49472e-02 | physics=0.00000e+00 | elapsed=00:10:22 | eta=00:32:47 | data_wait=0.43s
2026-09-17 20:52:25 | INFO    | TRAIN | epoch=067/100 | batch=00300/01041 | total=3.26925e-02 | object=3.26925e-02 | physics=0.00000e+00 | elapsed=00:12:24 | eta=00:30:39 | data_wait=0.44s
2026-09-17 20:54:27 | INFO    | TRAIN | epoch=067/100 | batch=00350/01041 | total=3.36152e-02 | object=3.36152e-02 | physics=0.00000e+00 | elapsed=00:14:27 | eta=00:28:32 | data_wait=0.46s
2026-09-17 20:56:31 | INFO    | TRAIN | epoch=067/100 | batch=00400/01041 | total=3.43920e-02 | object=3.43920e-02 | physics=0.00000e+00 | elapsed=00:16:31 | eta=00:26:28 | data_wait=0.47s
2026-09-17 20:58:37 | INFO    | TRAIN | epoch=067/100 | batch=00450/01041 | total=3.24303e-02 | object=3.24303e-02 | physics=0.00000e+00 | elapsed=00:18:37 | eta=00:24:26 | data_wait=0.48s
2026-09-17 21:00:40 | INFO    | TRAIN | epoch=067/100 | batch=00500/01041 | total=3.12889e-02 | object=3.12889e-02 | physics=0.00000e+00 | elapsed=00:20:40 | eta=00:22:22 | data_wait=0.49s
2026-09-17 21:02:42 | INFO    | TRAIN | epoch=067/100 | batch=00550/01041 | total=3.11333e-02 | object=3.11333e-02 | physics=0.00000e+00 | elapsed=00:22:42 | eta=00:20:16 | data_wait=0.51s
2026-09-17 21:04:47 | INFO    | TRAIN | epoch=067/100 | batch=00600/01041 | total=3.05679e-02 | object=3.05679e-02 | physics=0.00000e+00 | elapsed=00:24:46 | eta=00:18:13 | data_wait=0.52s
2026-09-17 21:06:51 | INFO    | TRAIN | epoch=067/100 | batch=00650/01041 | total=3.22814e-02 | object=3.22814e-02 | physics=0.00000e+00 | elapsed=00:26:51 | eta=00:16:09 | data_wait=0.53s
2026-09-17 21:08:55 | INFO    | TRAIN | epoch=067/100 | batch=00700/01041 | total=3.03777e-02 | object=3.03777e-02 | physics=0.00000e+00 | elapsed=00:28:54 | eta=00:14:05 | data_wait=0.54s
2026-09-17 21:10:57 | INFO    | TRAIN | epoch=067/100 | batch=00750/01041 | total=3.40685e-02 | object=3.40685e-02 | physics=0.00000e+00 | elapsed=00:30:57 | eta=00:12:00 | data_wait=0.55s
2026-09-17 21:13:00 | INFO    | TRAIN | epoch=067/100 | batch=00800/01041 | total=3.19328e-02 | object=3.19328e-02 | physics=0.00000e+00 | elapsed=00:33:00 | eta=00:09:57 | data_wait=0.57s
2026-09-17 21:15:05 | INFO    | TRAIN | epoch=067/100 | batch=00850/01041 | total=3.23707e-02 | object=3.23707e-02 | physics=0.00000e+00 | elapsed=00:35:05 | eta=00:07:53 | data_wait=0.58s
2026-09-17 21:17:09 | INFO    | TRAIN | epoch=067/100 | batch=00900/01041 | total=2.95315e-02 | object=2.95315e-02 | physics=0.00000e+00 | elapsed=00:37:08 | eta=00:05:49 | data_wait=0.60s
2026-09-17 21:19:13 | INFO    | TRAIN | epoch=067/100 | batch=00950/01041 | total=3.13568e-02 | object=3.13568e-02 | physics=0.00000e+00 | elapsed=00:39:13 | eta=00:03:45 | data_wait=0.61s
2026-09-17 21:21:13 | INFO    | TRAIN | epoch=067/100 | batch=01000/01041 | total=3.27280e-02 | object=3.27280e-02 | physics=0.00000e+00 | elapsed=00:41:13 | eta=00:01:41 | data_wait=0.62s
2026-09-17 21:22:53 | INFO    | TRAIN | epoch=067/100 | batch=01041/01041 | total=3.06949e-02 | object=3.06949e-02 | physics=0.00000e+00 | elapsed=00:42:53 | eta=00:00:00 | data_wait=0.64s
2026-09-17 21:23:42 | INFO    | VAL | epoch=067/100 | batch=00050/00209 | total=4.63270e-02 | object=4.63270e-02 | physics=1.24631e-03 | elapsed=00:00:50 | eta=00:02:37 | data_wait=0.49s
2026-09-17 21:24:31 | INFO    | VAL | epoch=067/100 | batch=00100/00209 | total=5.16485e-02 | object=5.16485e-02 | physics=1.23984e-03 | elapsed=00:01:38 | eta=00:01:47 | data_wait=0.50s
2026-09-17 21:25:20 | INFO    | VAL | epoch=067/100 | batch=00150/00209 | total=5.67681e-02 | object=5.67681e-02 | physics=1.62104e-03 | elapsed=00:02:28 | eta=00:00:58 | data_wait=0.52s
2026-09-17 21:26:08 | INFO    | VAL | epoch=067/100 | batch=00200/00209 | total=4.88793e-02 | object=4.88793e-02 | physics=1.10252e-03 | elapsed=00:03:16 | eta=00:00:09 | data_wait=0.54s
2026-09-17 21:26:16 | INFO    | VAL | epoch=067/100 | batch=00209/00209 | total=5.02071e-02 | object=5.02071e-02 | physics=1.16266e-03 | elapsed=00:03:23 | eta=00:00:00 | data_wait=0.54s
2026-09-17 21:26:16 | INFO    | Epoch 067 complete | train=3.30266e-02 | val=4.94874e-02 | best=4.92741e-02 | real=2.56116e-02 | imag=2.38757e-02 | lr=4.985e-05 | epoch_time=00:46:16 | eta=22:22:37 | finish=2026-09-18 19:48:53 CST
2026-09-17 21:28:22 | INFO    | TRAIN | epoch=068/100 | batch=00050/01041 | total=2.93982e-02 | object=2.93982e-02 | physics=0.00000e+00 | elapsed=00:02:06 | eta=00:41:29 | data_wait=0.43s
2026-09-17 21:30:26 | INFO    | TRAIN | epoch=068/100 | batch=00100/01041 | total=3.65088e-02 | object=3.65088e-02 | physics=0.00000e+00 | elapsed=00:04:10 | eta=00:39:08 | data_wait=0.44s
2026-09-17 21:32:29 | INFO    | TRAIN | epoch=068/100 | batch=00150/01041 | total=3.37411e-02 | object=3.37411e-02 | physics=0.00000e+00 | elapsed=00:06:13 | eta=00:36:54 | data_wait=0.46s
2026-09-17 21:34:33 | INFO    | TRAIN | epoch=068/100 | batch=00200/01041 | total=3.47289e-02 | object=3.47289e-02 | physics=0.00000e+00 | elapsed=00:08:17 | eta=00:34:49 | data_wait=0.47s
2026-09-17 21:36:37 | INFO    | TRAIN | epoch=068/100 | batch=00250/01041 | total=3.33304e-02 | object=3.33304e-02 | physics=0.00000e+00 | elapsed=00:10:21 | eta=00:32:44 | data_wait=0.48s
2026-09-17 21:38:44 | INFO    | TRAIN | epoch=068/100 | batch=00300/01041 | total=3.37482e-02 | object=3.37482e-02 | physics=0.00000e+00 | elapsed=00:12:27 | eta=00:30:46 | data_wait=0.49s
2026-09-17 21:40:47 | INFO    | TRAIN | epoch=068/100 | batch=00350/01041 | total=2.98534e-02 | object=2.98534e-02 | physics=0.00000e+00 | elapsed=00:14:31 | eta=00:28:39 | data_wait=0.50s
2026-09-17 21:42:51 | INFO    | TRAIN | epoch=068/100 | batch=00400/01041 | total=3.01067e-02 | object=3.01067e-02 | physics=0.00000e+00 | elapsed=00:16:35 | eta=00:26:34 | data_wait=0.52s
2026-09-17 21:44:52 | INFO    | TRAIN | epoch=068/100 | batch=00450/01041 | total=3.08063e-02 | object=3.08063e-02 | physics=0.00000e+00 | elapsed=00:18:36 | eta=00:24:26 | data_wait=0.53s
2026-09-17 21:46:56 | INFO    | TRAIN | epoch=068/100 | batch=00500/01041 | total=3.44715e-02 | object=3.44715e-02 | physics=0.00000e+00 | elapsed=00:20:40 | eta=00:22:22 | data_wait=0.55s
2026-09-17 21:49:01 | INFO    | TRAIN | epoch=068/100 | batch=00550/01041 | total=3.66901e-02 | object=3.66901e-02 | physics=0.00000e+00 | elapsed=00:22:45 | eta=00:20:19 | data_wait=0.56s
2026-09-17 21:51:04 | INFO    | TRAIN | epoch=068/100 | batch=00600/01041 | total=3.15886e-02 | object=3.15886e-02 | physics=0.00000e+00 | elapsed=00:24:47 | eta=00:18:13 | data_wait=0.57s
2026-09-17 21:53:08 | INFO    | TRAIN | epoch=068/100 | batch=00650/01041 | total=3.14233e-02 | object=3.14233e-02 | physics=0.00000e+00 | elapsed=00:26:52 | eta=00:16:10 | data_wait=0.58s
2026-09-17 21:55:12 | INFO    | TRAIN | epoch=068/100 | batch=00700/01041 | total=3.28075e-02 | object=3.28075e-02 | physics=0.00000e+00 | elapsed=00:28:56 | eta=00:14:06 | data_wait=0.60s
2026-09-17 21:57:15 | INFO    | TRAIN | epoch=068/100 | batch=00750/01041 | total=3.24581e-02 | object=3.24581e-02 | physics=0.00000e+00 | elapsed=00:30:59 | eta=00:12:01 | data_wait=0.61s
2026-09-17 21:59:18 | INFO    | TRAIN | epoch=068/100 | batch=00800/01041 | total=3.05482e-02 | object=3.05482e-02 | physics=0.00000e+00 | elapsed=00:33:02 | eta=00:09:57 | data_wait=0.63s
2026-09-17 22:01:21 | INFO    | TRAIN | epoch=068/100 | batch=00850/01041 | total=3.20669e-02 | object=3.20669e-02 | physics=0.00000e+00 | elapsed=00:35:05 | eta=00:07:53 | data_wait=0.64s
2026-09-17 22:03:26 | INFO    | TRAIN | epoch=068/100 | batch=00900/01041 | total=3.57444e-02 | object=3.57444e-02 | physics=0.00000e+00 | elapsed=00:37:09 | eta=00:05:49 | data_wait=0.65s
2026-09-17 22:05:27 | INFO    | TRAIN | epoch=068/100 | batch=00950/01041 | total=3.37935e-02 | object=3.37935e-02 | physics=0.00000e+00 | elapsed=00:39:11 | eta=00:03:45 | data_wait=0.66s
2026-09-17 22:07:29 | INFO    | TRAIN | epoch=068/100 | batch=01000/01041 | total=3.26270e-02 | object=3.26270e-02 | physics=0.00000e+00 | elapsed=00:41:13 | eta=00:01:41 | data_wait=0.67s
2026-09-17 22:09:11 | INFO    | TRAIN | epoch=068/100 | batch=01041/01041 | total=3.36676e-02 | object=3.36676e-02 | physics=0.00000e+00 | elapsed=00:42:55 | eta=00:00:00 | data_wait=0.69s
2026-09-17 22:10:01 | INFO    | VAL | epoch=068/100 | batch=00050/00209 | total=4.65458e-02 | object=4.65458e-02 | physics=1.24413e-03 | elapsed=00:00:51 | eta=00:02:41 | data_wait=0.39s
2026-09-17 22:10:49 | INFO    | VAL | epoch=068/100 | batch=00100/00209 | total=5.10740e-02 | object=5.10740e-02 | physics=1.22947e-03 | elapsed=00:01:38 | eta=00:01:47 | data_wait=0.41s
2026-09-17 22:11:38 | INFO    | VAL | epoch=068/100 | batch=00150/00209 | total=5.69382e-02 | object=5.69382e-02 | physics=1.63586e-03 | elapsed=00:02:27 | eta=00:00:58 | data_wait=0.43s
2026-09-17 22:12:27 | INFO    | VAL | epoch=068/100 | batch=00200/00209 | total=4.80576e-02 | object=4.80576e-02 | physics=1.09244e-03 | elapsed=00:03:16 | eta=00:00:09 | data_wait=0.44s
2026-09-17 22:12:35 | INFO    | VAL | epoch=068/100 | batch=00209/00209 | total=4.91460e-02 | object=4.91460e-02 | physics=1.14541e-03 | elapsed=00:03:24 | eta=00:00:00 | data_wait=0.45s
2026-09-17 22:12:36 | INFO    | Epoch 068 complete | train=3.28695e-02 | val=4.92303e-02 | best=4.92303e-02 | real=2.54046e-02 | imag=2.38257e-02 | lr=4.719e-05 | epoch_time=00:46:20 | eta=21:44:35 | finish=2026-09-18 19:57:11 CST
2026-09-17 22:14:38 | INFO    | TRAIN | epoch=069/100 | batch=00050/01041 | total=3.01950e-02 | object=3.01950e-02 | physics=0.00000e+00 | elapsed=00:02:03 | eta=00:40:34 | data_wait=0.41s
2026-09-17 22:16:38 | INFO    | TRAIN | epoch=069/100 | batch=00100/01041 | total=3.21941e-02 | object=3.21941e-02 | physics=0.00000e+00 | elapsed=00:04:02 | eta=00:37:58 | data_wait=0.42s
2026-09-17 22:18:36 | INFO    | TRAIN | epoch=069/100 | batch=00150/01041 | total=3.11995e-02 | object=3.11995e-02 | physics=0.00000e+00 | elapsed=00:06:00 | eta=00:35:41 | data_wait=0.43s
2026-09-17 22:20:34 | INFO    | TRAIN | epoch=069/100 | batch=00200/01041 | total=3.27447e-02 | object=3.27447e-02 | physics=0.00000e+00 | elapsed=00:07:59 | eta=00:33:33 | data_wait=0.45s
2026-09-17 22:22:33 | INFO    | TRAIN | epoch=069/100 | batch=00250/01041 | total=3.74721e-02 | object=3.74721e-02 | physics=0.00000e+00 | elapsed=00:09:57 | eta=00:31:30 | data_wait=0.46s
2026-09-17 22:24:33 | INFO    | TRAIN | epoch=069/100 | batch=00300/01041 | total=3.10138e-02 | object=3.10138e-02 | physics=0.00000e+00 | elapsed=00:11:57 | eta=00:29:31 | data_wait=0.47s
2026-09-17 22:26:31 | INFO    | TRAIN | epoch=069/100 | batch=00350/01041 | total=3.28163e-02 | object=3.28163e-02 | physics=0.00000e+00 | elapsed=00:13:56 | eta=00:27:30 | data_wait=0.48s
2026-09-17 22:28:30 | INFO    | TRAIN | epoch=069/100 | batch=00400/01041 | total=3.12710e-02 | object=3.12710e-02 | physics=0.00000e+00 | elapsed=00:15:54 | eta=00:25:29 | data_wait=0.50s
2026-09-17 22:30:29 | INFO    | TRAIN | epoch=069/100 | batch=00450/01041 | total=3.17718e-02 | object=3.17718e-02 | physics=0.00000e+00 | elapsed=00:17:54 | eta=00:23:30 | data_wait=0.51s
2026-09-17 22:32:29 | INFO    | TRAIN | epoch=069/100 | batch=00500/01041 | total=3.30573e-02 | object=3.30573e-02 | physics=0.00000e+00 | elapsed=00:19:54 | eta=00:21:32 | data_wait=0.52s
2026-09-17 22:34:29 | INFO    | TRAIN | epoch=069/100 | batch=00550/01041 | total=3.04140e-02 | object=3.04140e-02 | physics=0.00000e+00 | elapsed=00:21:53 | eta=00:19:32 | data_wait=0.53s
2026-09-17 22:36:29 | INFO    | TRAIN | epoch=069/100 | batch=00600/01041 | total=3.22631e-02 | object=3.22631e-02 | physics=0.00000e+00 | elapsed=00:23:54 | eta=00:17:34 | data_wait=0.55s
2026-09-17 22:38:30 | INFO    | TRAIN | epoch=069/100 | batch=00650/01041 | total=3.15560e-02 | object=3.15560e-02 | physics=0.00000e+00 | elapsed=00:25:54 | eta=00:15:35 | data_wait=0.56s
2026-09-17 22:40:28 | INFO    | TRAIN | epoch=069/100 | batch=00700/01041 | total=3.69567e-02 | object=3.69567e-02 | physics=0.00000e+00 | elapsed=00:27:53 | eta=00:13:35 | data_wait=0.57s
