2026-08-19 17:12:59 | INFO    | Run=high_strain_reduced_scratch_bs16_lr1e-4_20260819_171256 | model=reduced | version=1.2.0 | commit=55ac744f0f7a79df5c44e9217c23e4af7c2cad61 | device=cuda | parameters=39,160,897 | train/val=25,000/5,000 | checkpoints=/data_ssd/oyys/autophasenn/autophasenn_pipeline_output/high_strain_cnn/high_strain_reduced_scratch_bs16_lr1e-4_20260819_171256
2026-08-19 17:13:39 | INFO    | TRAIN | epoch=001/060 | batch=00050/01562 | loss=9.811403e-01 | stage_elapsed=00:00:40 | stage_eta=00:20:11
2026-08-19 17:14:13 | INFO    | TRAIN | epoch=001/060 | batch=00100/01562 | loss=9.734961e-01 | stage_elapsed=00:01:14 | stage_eta=00:17:57
2026-08-19 17:14:51 | INFO    | TRAIN | epoch=001/060 | batch=00150/01562 | loss=9.847294e-01 | stage_elapsed=00:01:52 | stage_eta=00:17:31
2026-08-19 17:15:26 | INFO    | TRAIN | epoch=001/060 | batch=00200/01562 | loss=9.833012e-01 | stage_elapsed=00:02:27 | stage_eta=00:16:39
2026-08-19 17:16:05 | INFO    | TRAIN | epoch=001/060 | batch=00250/01562 | loss=9.786301e-01 | stage_elapsed=00:03:06 | stage_eta=00:16:14
2026-08-19 17:16:38 | INFO    | TRAIN | epoch=001/060 | batch=00300/01562 | loss=9.747459e-01 | stage_elapsed=00:03:39 | stage_eta=00:15:20
2026-08-19 17:17:17 | INFO    | TRAIN | epoch=001/060 | batch=00350/01562 | loss=9.794726e-01 | stage_elapsed=00:04:18 | stage_eta=00:14:53
2026-08-19 17:17:52 | INFO    | TRAIN | epoch=001/060 | batch=00400/01562 | loss=9.781497e-01 | stage_elapsed=00:04:53 | stage_eta=00:14:11
2026-08-19 17:18:30 | INFO    | TRAIN | epoch=001/060 | batch=00450/01562 | loss=9.753065e-01 | stage_elapsed=00:05:31 | stage_eta=00:13:39
2026-08-19 17:19:07 | INFO    | TRAIN | epoch=001/060 | batch=00500/01562 | loss=9.720625e-01 | stage_elapsed=00:06:08 | stage_eta=00:13:01
2026-08-19 17:19:43 | INFO    | TRAIN | epoch=001/060 | batch=00550/01562 | loss=9.790812e-01 | stage_elapsed=00:06:44 | stage_eta=00:12:24
2026-08-19 17:20:20 | INFO    | TRAIN | epoch=001/060 | batch=00600/01562 | loss=9.761843e-01 | stage_elapsed=00:07:21 | stage_eta=00:11:48
2026-08-19 17:20:56 | INFO    | TRAIN | epoch=001/060 | batch=00650/01562 | loss=9.772092e-01 | stage_elapsed=00:07:57 | stage_eta=00:11:10
2026-08-19 17:21:35 | INFO    | TRAIN | epoch=001/060 | batch=00700/01562 | loss=9.749655e-01 | stage_elapsed=00:08:36 | stage_eta=00:10:35
2026-08-19 17:22:10 | INFO    | TRAIN | epoch=001/060 | batch=00750/01562 | loss=9.675374e-01 | stage_elapsed=00:09:11 | stage_eta=00:09:57
2026-08-19 17:22:49 | INFO    | TRAIN | epoch=001/060 | batch=00800/01562 | loss=9.840652e-01 | stage_elapsed=00:09:50 | stage_eta=00:09:22
2026-08-19 17:23:24 | INFO    | TRAIN | epoch=001/060 | batch=00850/01562 | loss=9.799910e-01 | stage_elapsed=00:10:25 | stage_eta=00:08:44
2026-08-19 17:24:02 | INFO    | TRAIN | epoch=001/060 | batch=00900/01562 | loss=9.740527e-01 | stage_elapsed=00:11:03 | stage_eta=00:08:08
2026-08-19 17:24:36 | INFO    | TRAIN | epoch=001/060 | batch=00950/01562 | loss=9.805716e-01 | stage_elapsed=00:11:37 | stage_eta=00:07:29
2026-08-19 17:25:15 | INFO    | TRAIN | epoch=001/060 | batch=01000/01562 | loss=9.767325e-01 | stage_elapsed=00:12:16 | stage_eta=00:06:54
2026-08-19 17:25:50 | INFO    | TRAIN | epoch=001/060 | batch=01050/01562 | loss=9.774285e-01 | stage_elapsed=00:12:51 | stage_eta=00:06:16
2026-08-19 17:26:27 | INFO    | TRAIN | epoch=001/060 | batch=01100/01562 | loss=9.760848e-01 | stage_elapsed=00:13:28 | stage_eta=00:05:39
2026-08-19 17:27:02 | INFO    | TRAIN | epoch=001/060 | batch=01150/01562 | loss=9.736407e-01 | stage_elapsed=00:14:03 | stage_eta=00:05:02
2026-08-19 17:27:39 | INFO    | TRAIN | epoch=001/060 | batch=01200/01562 | loss=9.664651e-01 | stage_elapsed=00:14:40 | stage_eta=00:04:26
2026-08-19 17:28:12 | INFO    | TRAIN | epoch=001/060 | batch=01250/01562 | loss=9.756967e-01 | stage_elapsed=00:15:13 | stage_eta=00:03:48
2026-08-19 17:28:49 | INFO    | TRAIN | epoch=001/060 | batch=01300/01562 | loss=9.732174e-01 | stage_elapsed=00:15:50 | stage_eta=00:03:11
2026-08-19 17:29:25 | INFO    | TRAIN | epoch=001/060 | batch=01350/01562 | loss=9.783959e-01 | stage_elapsed=00:16:26 | stage_eta=00:02:35
2026-08-19 17:30:03 | INFO    | TRAIN | epoch=001/060 | batch=01400/01562 | loss=9.773516e-01 | stage_elapsed=00:17:04 | stage_eta=00:01:59
2026-08-19 17:30:39 | INFO    | TRAIN | epoch=001/060 | batch=01450/01562 | loss=9.759425e-01 | stage_elapsed=00:17:40 | stage_eta=00:01:22
2026-08-19 17:31:16 | INFO    | TRAIN | epoch=001/060 | batch=01500/01562 | loss=9.770608e-01 | stage_elapsed=00:18:17 | stage_eta=00:00:45
2026-08-19 17:31:51 | INFO    | TRAIN | epoch=001/060 | batch=01550/01562 | loss=9.757924e-01 | stage_elapsed=00:18:52 | stage_eta=00:00:09
2026-08-19 17:32:00 | INFO    | TRAIN | epoch=001/060 | batch=01562/01562 | loss=9.732082e-01 | stage_elapsed=00:19:01 | stage_eta=00:00:00
2026-08-19 17:32:19 | INFO    | VAL | epoch=001/060 | batch=00050/00312 | loss=9.736260e-01 | stage_elapsed=00:00:19 | stage_eta=00:01:40
2026-08-19 17:32:39 | INFO    | VAL | epoch=001/060 | batch=00100/00312 | loss=9.763272e-01 | stage_elapsed=00:00:39 | stage_eta=00:01:22
2026-08-19 17:32:56 | INFO    | VAL | epoch=001/060 | batch=00150/00312 | loss=9.774214e-01 | stage_elapsed=00:00:56 | stage_eta=00:01:01
2026-08-19 17:33:12 | INFO    | VAL | epoch=001/060 | batch=00200/00312 | loss=9.750293e-01 | stage_elapsed=00:01:12 | stage_eta=00:00:41
2026-08-19 17:33:32 | INFO    | VAL | epoch=001/060 | batch=00250/00312 | loss=9.722867e-01 | stage_elapsed=00:01:32 | stage_eta=00:00:23
2026-08-19 17:33:52 | INFO    | VAL | epoch=001/060 | batch=00300/00312 | loss=9.730155e-01 | stage_elapsed=00:01:52 | stage_eta=00:00:04
2026-08-19 17:33:56 | INFO    | VAL | epoch=001/060 | batch=00312/00312 | loss=9.753214e-01 | stage_elapsed=00:01:56 | stage_eta=00:00:00
2026-08-19 17:33:57 | INFO    | Epoch 001 complete | train=9.771957e-01 | val=9.747286e-01 | best=9.747286e-01 | lr=1.000e-04 | epoch_time=00:20:58 | run_elapsed=00:20:58 | eta=20:37:14 | finish=2026-08-20 14:11:12 CST
2026-08-19 17:34:32 | INFO    | TRAIN | epoch=002/060 | batch=00050/01562 | loss=9.778092e-01 | stage_elapsed=00:00:35 | stage_eta=00:17:28
2026-08-19 17:35:09 | INFO    | TRAIN | epoch=002/060 | batch=00100/01562 | loss=9.749656e-01 | stage_elapsed=00:01:11 | stage_eta=00:17:24
2026-08-19 17:35:43 | INFO    | TRAIN | epoch=002/060 | batch=00150/01562 | loss=9.791197e-01 | stage_elapsed=00:01:46 | stage_eta=00:16:36
2026-08-19 17:36:21 | INFO    | TRAIN | epoch=002/060 | batch=00200/01562 | loss=9.774777e-01 | stage_elapsed=00:02:23 | stage_eta=00:16:17
2026-08-19 17:36:59 | INFO    | TRAIN | epoch=002/060 | batch=00250/01562 | loss=9.741617e-01 | stage_elapsed=00:03:01 | stage_eta=00:15:51
2026-08-19 17:37:35 | INFO    | TRAIN | epoch=002/060 | batch=00300/01562 | loss=9.784989e-01 | stage_elapsed=00:03:37 | stage_eta=00:15:15
2026-08-19 17:38:12 | INFO    | TRAIN | epoch=002/060 | batch=00350/01562 | loss=9.775686e-01 | stage_elapsed=00:04:14 | stage_eta=00:14:41
2026-08-19 17:38:47 | INFO    | TRAIN | epoch=002/060 | batch=00400/01562 | loss=9.808851e-01 | stage_elapsed=00:04:50 | stage_eta=00:14:03
2026-08-19 17:39:24 | INFO    | TRAIN | epoch=002/060 | batch=00450/01562 | loss=9.778121e-01 | stage_elapsed=00:05:27 | stage_eta=00:13:28
2026-08-19 17:40:01 | INFO    | TRAIN | epoch=002/060 | batch=00500/01562 | loss=9.746030e-01 | stage_elapsed=00:06:03 | stage_eta=00:12:52
2026-08-19 17:40:37 | INFO    | TRAIN | epoch=002/060 | batch=00550/01562 | loss=9.756339e-01 | stage_elapsed=00:06:39 | stage_eta=00:12:15
2026-08-19 17:41:12 | INFO    | TRAIN | epoch=002/060 | batch=00600/01562 | loss=9.752834e-01 | stage_elapsed=00:07:15 | stage_eta=00:11:37
2026-08-19 17:41:50 | INFO    | TRAIN | epoch=002/060 | batch=00650/01562 | loss=9.749709e-01 | stage_elapsed=00:07:53 | stage_eta=00:11:04
2026-08-19 17:42:24 | INFO    | TRAIN | epoch=002/060 | batch=00700/01562 | loss=9.764580e-01 | stage_elapsed=00:08:27 | stage_eta=00:10:24
2026-08-19 17:43:03 | INFO    | TRAIN | epoch=002/060 | batch=00750/01562 | loss=9.721009e-01 | stage_elapsed=00:09:05 | stage_eta=00:09:50
2026-08-19 17:43:37 | INFO    | TRAIN | epoch=002/060 | batch=00800/01562 | loss=9.719039e-01 | stage_elapsed=00:09:40 | stage_eta=00:09:12
2026-08-19 17:44:16 | INFO    | TRAIN | epoch=002/060 | batch=00850/01562 | loss=9.695768e-01 | stage_elapsed=00:10:19 | stage_eta=00:08:39
2026-08-19 17:44:51 | INFO    | TRAIN | epoch=002/060 | batch=00900/01562 | loss=9.762100e-01 | stage_elapsed=00:10:54 | stage_eta=00:08:01
2026-08-19 17:45:29 | INFO    | TRAIN | epoch=002/060 | batch=00950/01562 | loss=9.766093e-01 | stage_elapsed=00:11:31 | stage_eta=00:07:25
2026-08-19 17:46:06 | INFO    | TRAIN | epoch=002/060 | batch=01000/01562 | loss=9.749548e-01 | stage_elapsed=00:12:08 | stage_eta=00:06:49
2026-08-19 17:46:43 | INFO    | TRAIN | epoch=002/060 | batch=01050/01562 | loss=9.815170e-01 | stage_elapsed=00:12:46 | stage_eta=00:06:14
2026-08-19 17:47:20 | INFO    | TRAIN | epoch=002/060 | batch=01100/01562 | loss=9.747154e-01 | stage_elapsed=00:13:23 | stage_eta=00:05:37
2026-08-19 17:47:57 | INFO    | TRAIN | epoch=002/060 | batch=01150/01562 | loss=9.722855e-01 | stage_elapsed=00:14:00 | stage_eta=00:05:01
2026-08-19 17:48:35 | INFO    | TRAIN | epoch=002/060 | batch=01200/01562 | loss=9.760761e-01 | stage_elapsed=00:14:38 | stage_eta=00:04:25
2026-08-19 17:49:12 | INFO    | TRAIN | epoch=002/060 | batch=01250/01562 | loss=9.760532e-01 | stage_elapsed=00:15:14 | stage_eta=00:03:48
2026-08-19 17:49:50 | INFO    | TRAIN | epoch=002/060 | batch=01300/01562 | loss=9.757641e-01 | stage_elapsed=00:15:53 | stage_eta=00:03:12
2026-08-19 17:50:25 | INFO    | TRAIN | epoch=002/060 | batch=01350/01562 | loss=9.748251e-01 | stage_elapsed=00:16:28 | stage_eta=00:02:35
2026-08-19 17:51:04 | INFO    | TRAIN | epoch=002/060 | batch=01400/01562 | loss=9.704630e-01 | stage_elapsed=00:17:07 | stage_eta=00:01:59
2026-08-19 17:51:39 | INFO    | TRAIN | epoch=002/060 | batch=01450/01562 | loss=9.738265e-01 | stage_elapsed=00:17:41 | stage_eta=00:01:22
2026-08-19 17:52:19 | INFO    | TRAIN | epoch=002/060 | batch=01500/01562 | loss=9.754876e-01 | stage_elapsed=00:18:21 | stage_eta=00:00:46
2026-08-19 17:52:52 | INFO    | TRAIN | epoch=002/060 | batch=01550/01562 | loss=9.740233e-01 | stage_elapsed=00:18:55 | stage_eta=00:00:09
2026-08-19 17:53:01 | INFO    | TRAIN | epoch=002/060 | batch=01562/01562 | loss=9.785019e-01 | stage_elapsed=00:19:03 | stage_eta=00:00:00
2026-08-19 17:53:22 | INFO    | VAL | epoch=002/060 | batch=00050/00312 | loss=9.726983e-01 | stage_elapsed=00:00:22 | stage_eta=00:01:54
2026-08-19 17:53:41 | INFO    | VAL | epoch=002/060 | batch=00100/00312 | loss=9.767574e-01 | stage_elapsed=00:00:40 | stage_eta=00:01:25
2026-08-19 17:53:59 | INFO    | VAL | epoch=002/060 | batch=00150/00312 | loss=9.778497e-01 | stage_elapsed=00:00:58 | stage_eta=00:01:03
2026-08-19 17:54:17 | INFO    | VAL | epoch=002/060 | batch=00200/00312 | loss=9.781748e-01 | stage_elapsed=00:01:17 | stage_eta=00:00:43
2026-08-19 17:54:38 | INFO    | VAL | epoch=002/060 | batch=00250/00312 | loss=9.756863e-01 | stage_elapsed=00:01:38 | stage_eta=00:00:24
2026-08-19 17:54:56 | INFO    | VAL | epoch=002/060 | batch=00300/00312 | loss=9.751689e-01 | stage_elapsed=00:01:55 | stage_eta=00:00:05
2026-08-19 17:55:00 | INFO    | VAL | epoch=002/060 | batch=00312/00312 | loss=9.745141e-01 | stage_elapsed=00:02:00 | stage_eta=00:00:00
2026-08-19 17:55:02 | INFO    | Epoch 002 complete | train=9.751408e-01 | val=9.753661e-01 | best=9.747286e-01 | lr=1.000e-04 | epoch_time=00:21:04 | run_elapsed=00:42:03 | eta=20:19:16 | finish=2026-08-20 14:14:18 CST
2026-08-19 17:55:41 | INFO    | TRAIN | epoch=003/060 | batch=00050/01562 | loss=9.749880e-01 | stage_elapsed=00:00:40 | stage_eta=00:19:55
2026-08-19 17:56:17 | INFO    | TRAIN | epoch=003/060 | batch=00100/01562 | loss=9.762607e-01 | stage_elapsed=00:01:15 | stage_eta=00:18:17
2026-08-19 17:56:57 | INFO    | TRAIN | epoch=003/060 | batch=00150/01562 | loss=9.743658e-01 | stage_elapsed=00:01:55 | stage_eta=00:18:05
2026-08-19 17:57:33 | INFO    | TRAIN | epoch=003/060 | batch=00200/01562 | loss=9.706491e-01 | stage_elapsed=00:02:32 | stage_eta=00:17:14
2026-08-19 17:58:12 | INFO    | TRAIN | epoch=003/060 | batch=00250/01562 | loss=9.819719e-01 | stage_elapsed=00:03:10 | stage_eta=00:16:39
2026-08-19 17:58:51 | INFO    | TRAIN | epoch=003/060 | batch=00300/01562 | loss=9.744835e-01 | stage_elapsed=00:03:49 | stage_eta=00:16:04
2026-08-19 17:59:27 | INFO    | TRAIN | epoch=003/060 | batch=00350/01562 | loss=9.805565e-01 | stage_elapsed=00:04:26 | stage_eta=00:15:20
2026-08-19 18:00:07 | INFO    | TRAIN | epoch=003/060 | batch=00400/01562 | loss=9.754744e-01 | stage_elapsed=00:05:05 | stage_eta=00:14:47
2026-08-19 18:00:44 | INFO    | TRAIN | epoch=003/060 | batch=00450/01562 | loss=9.758423e-01 | stage_elapsed=00:05:42 | stage_eta=00:14:05
2026-08-19 18:01:21 | INFO    | TRAIN | epoch=003/060 | batch=00500/01562 | loss=9.740082e-01 | stage_elapsed=00:06:19 | stage_eta=00:13:26
2026-08-19 18:02:00 | INFO    | TRAIN | epoch=003/060 | batch=00550/01562 | loss=9.751645e-01 | stage_elapsed=00:06:59 | stage_eta=00:12:51
2026-08-19 18:02:37 | INFO    | TRAIN | epoch=003/060 | batch=00600/01562 | loss=9.699657e-01 | stage_elapsed=00:07:35 | stage_eta=00:12:10
2026-08-19 18:03:15 | INFO    | TRAIN | epoch=003/060 | batch=00650/01562 | loss=9.761540e-01 | stage_elapsed=00:08:14 | stage_eta=00:11:33
2026-08-19 18:03:55 | INFO    | TRAIN | epoch=003/060 | batch=00700/01562 | loss=9.704488e-01 | stage_elapsed=00:08:53 | stage_eta=00:10:56
2026-08-19 18:04:29 | INFO    | TRAIN | epoch=003/060 | batch=00750/01562 | loss=9.716542e-01 | stage_elapsed=00:09:28 | stage_eta=00:10:15
2026-08-19 18:05:10 | INFO    | TRAIN | epoch=003/060 | batch=00800/01562 | loss=9.720919e-01 | stage_elapsed=00:10:08 | stage_eta=00:09:39
2026-08-19 18:05:46 | INFO    | TRAIN | epoch=003/060 | batch=00850/01562 | loss=9.692352e-01 | stage_elapsed=00:10:44 | stage_eta=00:09:00
2026-08-19 18:06:23 | INFO    | TRAIN | epoch=003/060 | batch=00900/01562 | loss=9.805893e-01 | stage_elapsed=00:11:21 | stage_eta=00:08:21
2026-08-19 18:07:02 | INFO    | TRAIN | epoch=003/060 | batch=00950/01562 | loss=9.692903e-01 | stage_elapsed=00:12:01 | stage_eta=00:07:44
2026-08-19 18:07:39 | INFO    | TRAIN | epoch=003/060 | batch=01000/01562 | loss=9.783027e-01 | stage_elapsed=00:12:37 | stage_eta=00:07:05
2026-08-19 18:08:17 | INFO    | TRAIN | epoch=003/060 | batch=01050/01562 | loss=9.779722e-01 | stage_elapsed=00:13:16 | stage_eta=00:06:28
2026-08-19 18:08:55 | INFO    | TRAIN | epoch=003/060 | batch=01100/01562 | loss=9.737836e-01 | stage_elapsed=00:13:54 | stage_eta=00:05:50
2026-08-19 18:09:31 | INFO    | TRAIN | epoch=003/060 | batch=01150/01562 | loss=9.807039e-01 | stage_elapsed=00:14:29 | stage_eta=00:05:11
2026-08-19 18:10:11 | INFO    | TRAIN | epoch=003/060 | batch=01200/01562 | loss=9.782343e-01 | stage_elapsed=00:15:09 | stage_eta=00:04:34
2026-08-19 18:10:47 | INFO    | TRAIN | epoch=003/060 | batch=01250/01562 | loss=9.716460e-01 | stage_elapsed=00:15:46 | stage_eta=00:03:56
2026-08-19 18:11:26 | INFO    | TRAIN | epoch=003/060 | batch=01300/01562 | loss=9.638716e-01 | stage_elapsed=00:16:24 | stage_eta=00:03:18
2026-08-19 18:12:05 | INFO    | TRAIN | epoch=003/060 | batch=01350/01562 | loss=9.723823e-01 | stage_elapsed=00:17:03 | stage_eta=00:02:41
2026-08-19 18:12:39 | INFO    | TRAIN | epoch=003/060 | batch=01400/01562 | loss=9.792490e-01 | stage_elapsed=00:17:38 | stage_eta=00:02:02
2026-08-19 18:13:20 | INFO    | TRAIN | epoch=003/060 | batch=01450/01562 | loss=9.719261e-01 | stage_elapsed=00:18:19 | stage_eta=00:01:25
2026-08-19 18:13:57 | INFO    | TRAIN | epoch=003/060 | batch=01500/01562 | loss=9.790823e-01 | stage_elapsed=00:18:56 | stage_eta=00:00:47
2026-08-19 18:14:37 | INFO    | TRAIN | epoch=003/060 | batch=01550/01562 | loss=9.774004e-01 | stage_elapsed=00:19:35 | stage_eta=00:00:09
2026-08-19 18:14:45 | INFO    | TRAIN | epoch=003/060 | batch=01562/01562 | loss=9.726107e-01 | stage_elapsed=00:19:43 | stage_eta=00:00:00
2026-08-19 18:15:03 | INFO    | VAL | epoch=003/060 | batch=00050/00312 | loss=9.665010e-01 | stage_elapsed=00:00:18 | stage_eta=00:01:36
2026-08-19 18:15:25 | INFO    | VAL | epoch=003/060 | batch=00100/00312 | loss=9.722424e-01 | stage_elapsed=00:00:40 | stage_eta=00:01:25
2026-08-19 18:15:42 | INFO    | VAL | epoch=003/060 | batch=00150/00312 | loss=9.755099e-01 | stage_elapsed=00:00:57 | stage_eta=00:01:02
2026-08-19 18:16:00 | INFO    | VAL | epoch=003/060 | batch=00200/00312 | loss=9.713730e-01 | stage_elapsed=00:01:15 | stage_eta=00:00:42
2026-08-19 18:16:19 | INFO    | VAL | epoch=003/060 | batch=00250/00312 | loss=9.715743e-01 | stage_elapsed=00:01:34 | stage_eta=00:00:23
2026-08-19 18:16:40 | INFO    | VAL | epoch=003/060 | batch=00300/00312 | loss=9.685271e-01 | stage_elapsed=00:01:55 | stage_eta=00:00:05
2026-08-19 18:16:44 | INFO    | VAL | epoch=003/060 | batch=00312/00312 | loss=9.698251e-01 | stage_elapsed=00:01:59 | stage_eta=00:00:00
2026-08-19 18:16:46 | INFO    | Epoch 003 complete | train=9.737368e-01 | val=9.726027e-01 | best=9.726027e-01 | lr=1.000e-04 | epoch_time=00:21:44 | run_elapsed=01:03:47 | eta=20:11:51 | finish=2026-08-20 14:28:37 CST
2026-08-19 18:17:22 | INFO    | TRAIN | epoch=004/060 | batch=00050/01562 | loss=9.705771e-01 | stage_elapsed=00:00:36 | stage_eta=00:18:23
2026-08-19 18:18:00 | INFO    | TRAIN | epoch=004/060 | batch=00100/01562 | loss=9.788096e-01 | stage_elapsed=00:01:14 | stage_eta=00:18:09
2026-08-19 18:18:40 | INFO    | TRAIN | epoch=004/060 | batch=00150/01562 | loss=9.730272e-01 | stage_elapsed=00:01:54 | stage_eta=00:17:55
2026-08-19 18:19:16 | INFO    | TRAIN | epoch=004/060 | batch=00200/01562 | loss=9.697382e-01 | stage_elapsed=00:02:30 | stage_eta=00:17:01
2026-08-19 18:19:56 | INFO    | TRAIN | epoch=004/060 | batch=00250/01562 | loss=9.775288e-01 | stage_elapsed=00:03:10 | stage_eta=00:16:38
2026-08-19 18:20:35 | INFO    | TRAIN | epoch=004/060 | batch=00300/01562 | loss=9.696705e-01 | stage_elapsed=00:03:49 | stage_eta=00:16:02
2026-08-19 18:21:11 | INFO    | TRAIN | epoch=004/060 | batch=00350/01562 | loss=9.765536e-01 | stage_elapsed=00:04:25 | stage_eta=00:15:19
2026-08-19 18:21:51 | INFO    | TRAIN | epoch=004/060 | batch=00400/01562 | loss=9.668373e-01 | stage_elapsed=00:05:05 | stage_eta=00:14:46
2026-08-19 18:22:27 | INFO    | TRAIN | epoch=004/060 | batch=00450/01562 | loss=9.658546e-01 | stage_elapsed=00:05:41 | stage_eta=00:14:04
2026-08-19 18:23:06 | INFO    | TRAIN | epoch=004/060 | batch=00500/01562 | loss=9.708449e-01 | stage_elapsed=00:06:20 | stage_eta=00:13:27
2026-08-19 18:23:46 | INFO    | TRAIN | epoch=004/060 | batch=00550/01562 | loss=9.720247e-01 | stage_elapsed=00:07:00 | stage_eta=00:12:53
2026-08-19 18:24:23 | INFO    | TRAIN | epoch=004/060 | batch=00600/01562 | loss=9.741625e-01 | stage_elapsed=00:07:37 | stage_eta=00:12:12
2026-08-19 18:25:02 | INFO    | TRAIN | epoch=004/060 | batch=00650/01562 | loss=9.721669e-01 | stage_elapsed=00:08:16 | stage_eta=00:11:36
2026-08-19 18:25:39 | INFO    | TRAIN | epoch=004/060 | batch=00700/01562 | loss=9.754828e-01 | stage_elapsed=00:08:53 | stage_eta=00:10:57
2026-08-19 18:26:14 | INFO    | TRAIN | epoch=004/060 | batch=00750/01562 | loss=9.681748e-01 | stage_elapsed=00:09:29 | stage_eta=00:10:16
2026-08-19 18:26:54 | INFO    | TRAIN | epoch=004/060 | batch=00800/01562 | loss=9.705963e-01 | stage_elapsed=00:10:08 | stage_eta=00:09:39
2026-08-19 18:27:31 | INFO    | TRAIN | epoch=004/060 | batch=00850/01562 | loss=9.696844e-01 | stage_elapsed=00:10:45 | stage_eta=00:09:01
2026-08-19 18:28:11 | INFO    | TRAIN | epoch=004/060 | batch=00900/01562 | loss=9.725140e-01 | stage_elapsed=00:11:25 | stage_eta=00:08:24
2026-08-19 18:28:50 | INFO    | TRAIN | epoch=004/060 | batch=00950/01562 | loss=9.738300e-01 | stage_elapsed=00:12:04 | stage_eta=00:07:46
2026-08-19 18:29:26 | INFO    | TRAIN | epoch=004/060 | batch=01000/01562 | loss=9.763384e-01 | stage_elapsed=00:12:40 | stage_eta=00:07:07
2026-08-19 18:30:06 | INFO    | TRAIN | epoch=004/060 | batch=01050/01562 | loss=9.706260e-01 | stage_elapsed=00:13:20 | stage_eta=00:06:30
2026-08-19 18:30:42 | INFO    | TRAIN | epoch=004/060 | batch=01100/01562 | loss=9.733783e-01 | stage_elapsed=00:13:56 | stage_eta=00:05:51
2026-08-19 18:31:19 | INFO    | TRAIN | epoch=004/060 | batch=01150/01562 | loss=9.689077e-01 | stage_elapsed=00:14:33 | stage_eta=00:05:13
2026-08-19 18:31:59 | INFO    | TRAIN | epoch=004/060 | batch=01200/01562 | loss=9.654329e-01 | stage_elapsed=00:15:13 | stage_eta=00:04:35
2026-08-19 18:32:36 | INFO    | TRAIN | epoch=004/060 | batch=01250/01562 | loss=9.755950e-01 | stage_elapsed=00:15:50 | stage_eta=00:03:57
2026-08-19 18:33:16 | INFO    | TRAIN | epoch=004/060 | batch=01300/01562 | loss=9.754530e-01 | stage_elapsed=00:16:30 | stage_eta=00:03:20
2026-08-19 18:33:54 | INFO    | TRAIN | epoch=004/060 | batch=01350/01562 | loss=9.704744e-01 | stage_elapsed=00:17:08 | stage_eta=00:02:41
2026-08-19 18:34:29 | INFO    | TRAIN | epoch=004/060 | batch=01400/01562 | loss=9.732632e-01 | stage_elapsed=00:17:43 | stage_eta=00:02:03
2026-08-19 18:35:10 | INFO    | TRAIN | epoch=004/060 | batch=01450/01562 | loss=9.743511e-01 | stage_elapsed=00:18:24 | stage_eta=00:01:25
2026-08-19 18:35:46 | INFO    | TRAIN | epoch=004/060 | batch=01500/01562 | loss=9.757352e-01 | stage_elapsed=00:19:00 | stage_eta=00:00:47
2026-08-19 18:36:26 | INFO    | TRAIN | epoch=004/060 | batch=01550/01562 | loss=9.703045e-01 | stage_elapsed=00:19:40 | stage_eta=00:00:09
2026-08-19 18:36:34 | INFO    | TRAIN | epoch=004/060 | batch=01562/01562 | loss=9.783890e-01 | stage_elapsed=00:19:48 | stage_eta=00:00:00
2026-08-19 18:36:53 | INFO    | VAL | epoch=004/060 | batch=00050/00312 | loss=9.679337e-01 | stage_elapsed=00:00:19 | stage_eta=00:01:39
2026-08-19 18:37:14 | INFO    | VAL | epoch=004/060 | batch=00100/00312 | loss=9.734628e-01 | stage_elapsed=00:00:40 | stage_eta=00:01:25
2026-08-19 18:37:32 | INFO    | VAL | epoch=004/060 | batch=00150/00312 | loss=9.779571e-01 | stage_elapsed=00:00:57 | stage_eta=00:01:02
2026-08-19 18:37:49 | INFO    | VAL | epoch=004/060 | batch=00200/00312 | loss=9.717337e-01 | stage_elapsed=00:01:14 | stage_eta=00:00:42
2026-08-19 18:38:10 | INFO    | VAL | epoch=004/060 | batch=00250/00312 | loss=9.753262e-01 | stage_elapsed=00:01:36 | stage_eta=00:00:24
2026-08-19 18:38:28 | INFO    | VAL | epoch=004/060 | batch=00300/00312 | loss=9.734213e-01 | stage_elapsed=00:01:54 | stage_eta=00:00:05
2026-08-19 18:38:33 | INFO    | VAL | epoch=004/060 | batch=00312/00312 | loss=9.689769e-01 | stage_elapsed=00:01:58 | stage_eta=00:00:00
2026-08-19 18:38:34 | INFO    | Epoch 004 complete | train=9.727268e-01 | val=9.741048e-01 | best=9.726027e-01 | lr=1.000e-04 | epoch_time=00:21:48 | run_elapsed=01:25:35 | eta=19:58:11 | finish=2026-08-20 14:36:45 CST
2026-08-19 18:39:13 | INFO    | TRAIN | epoch=005/060 | batch=00050/01562 | loss=9.753332e-01 | stage_elapsed=00:00:39 | stage_eta=00:19:24
2026-08-19 18:39:50 | INFO    | TRAIN | epoch=005/060 | batch=00100/01562 | loss=9.754980e-01 | stage_elapsed=00:01:16 | stage_eta=00:18:35
2026-08-19 18:40:30 | INFO    | TRAIN | epoch=005/060 | batch=00150/01562 | loss=9.777436e-01 | stage_elapsed=00:01:56 | stage_eta=00:18:14
2026-08-19 18:41:05 | INFO    | TRAIN | epoch=005/060 | batch=00200/01562 | loss=9.726475e-01 | stage_elapsed=00:02:31 | stage_eta=00:17:09
2026-08-19 18:41:45 | INFO    | TRAIN | epoch=005/060 | batch=00250/01562 | loss=9.700981e-01 | stage_elapsed=00:03:11 | stage_eta=00:16:44
2026-08-19 18:42:24 | INFO    | TRAIN | epoch=005/060 | batch=00300/01562 | loss=9.767966e-01 | stage_elapsed=00:03:50 | stage_eta=00:16:07
2026-08-19 18:43:00 | INFO    | TRAIN | epoch=005/060 | batch=00350/01562 | loss=9.710845e-01 | stage_elapsed=00:04:26 | stage_eta=00:15:22
2026-08-19 18:43:41 | INFO    | TRAIN | epoch=005/060 | batch=00400/01562 | loss=9.705488e-01 | stage_elapsed=00:05:07 | stage_eta=00:14:51
2026-08-19 18:44:17 | INFO    | TRAIN | epoch=005/060 | batch=00450/01562 | loss=9.687914e-01 | stage_elapsed=00:05:43 | stage_eta=00:14:08
2026-08-19 18:44:57 | INFO    | TRAIN | epoch=005/060 | batch=00500/01562 | loss=9.708967e-01 | stage_elapsed=00:06:23 | stage_eta=00:13:33
2026-08-19 18:45:36 | INFO    | TRAIN | epoch=005/060 | batch=00550/01562 | loss=9.723231e-01 | stage_elapsed=00:07:02 | stage_eta=00:12:56
2026-08-19 18:46:12 | INFO    | TRAIN | epoch=005/060 | batch=00600/01562 | loss=9.735523e-01 | stage_elapsed=00:07:38 | stage_eta=00:12:14
2026-08-19 18:46:52 | INFO    | TRAIN | epoch=005/060 | batch=00650/01562 | loss=9.644572e-01 | stage_elapsed=00:08:18 | stage_eta=00:11:38
2026-08-19 18:47:27 | INFO    | TRAIN | epoch=005/060 | batch=00700/01562 | loss=9.696662e-01 | stage_elapsed=00:08:53 | stage_eta=00:10:56
2026-08-19 18:48:07 | INFO    | TRAIN | epoch=005/060 | batch=00750/01562 | loss=9.748874e-01 | stage_elapsed=00:09:33 | stage_eta=00:10:20
2026-08-19 18:48:46 | INFO    | TRAIN | epoch=005/060 | batch=00800/01562 | loss=9.717661e-01 | stage_elapsed=00:10:12 | stage_eta=00:09:43
2026-08-19 18:49:23 | INFO    | TRAIN | epoch=005/060 | batch=00850/01562 | loss=9.707327e-01 | stage_elapsed=00:10:49 | stage_eta=00:09:04
2026-08-19 18:50:03 | INFO    | TRAIN | epoch=005/060 | batch=00900/01562 | loss=9.757069e-01 | stage_elapsed=00:11:29 | stage_eta=00:08:27
2026-08-19 18:50:39 | INFO    | TRAIN | epoch=005/060 | batch=00950/01562 | loss=9.724687e-01 | stage_elapsed=00:12:05 | stage_eta=00:07:47
2026-08-19 18:51:18 | INFO    | TRAIN | epoch=005/060 | batch=01000/01562 | loss=9.723651e-01 | stage_elapsed=00:12:44 | stage_eta=00:07:09
2026-08-19 18:51:57 | INFO    | TRAIN | epoch=005/060 | batch=01050/01562 | loss=9.729106e-01 | stage_elapsed=00:13:22 | stage_eta=00:06:31
2026-08-19 18:52:33 | INFO    | TRAIN | epoch=005/060 | batch=01100/01562 | loss=9.708598e-01 | stage_elapsed=00:13:58 | stage_eta=00:05:52
2026-08-19 18:53:13 | INFO    | TRAIN | epoch=005/060 | batch=01150/01562 | loss=9.760463e-01 | stage_elapsed=00:14:39 | stage_eta=00:05:15
2026-08-19 18:53:49 | INFO    | TRAIN | epoch=005/060 | batch=01200/01562 | loss=9.773391e-01 | stage_elapsed=00:15:15 | stage_eta=00:04:36
2026-08-19 18:54:29 | INFO    | TRAIN | epoch=005/060 | batch=01250/01562 | loss=9.664398e-01 | stage_elapsed=00:15:55 | stage_eta=00:03:58
2026-08-19 18:55:05 | INFO    | TRAIN | epoch=005/060 | batch=01300/01562 | loss=9.646905e-01 | stage_elapsed=00:16:31 | stage_eta=00:03:20
2026-08-19 18:55:43 | INFO    | TRAIN | epoch=005/060 | batch=01350/01562 | loss=9.720184e-01 | stage_elapsed=00:17:09 | stage_eta=00:02:42
2026-08-19 18:56:22 | INFO    | TRAIN | epoch=005/060 | batch=01400/01562 | loss=9.681178e-01 | stage_elapsed=00:17:48 | stage_eta=00:02:04
2026-08-19 18:56:58 | INFO    | TRAIN | epoch=005/060 | batch=01450/01562 | loss=9.766802e-01 | stage_elapsed=00:18:24 | stage_eta=00:01:25
2026-08-19 18:57:39 | INFO    | TRAIN | epoch=005/060 | batch=01500/01562 | loss=9.648429e-01 | stage_elapsed=00:19:05 | stage_eta=00:00:47
2026-08-19 18:58:14 | INFO    | TRAIN | epoch=005/060 | batch=01550/01562 | loss=9.694921e-01 | stage_elapsed=00:19:40 | stage_eta=00:00:09
2026-08-19 18:58:25 | INFO    | TRAIN | epoch=005/060 | batch=01562/01562 | loss=9.676589e-01 | stage_elapsed=00:19:51 | stage_eta=00:00:00
2026-08-19 18:58:45 | INFO    | VAL | epoch=005/060 | batch=00050/00312 | loss=9.656247e-01 | stage_elapsed=00:00:20 | stage_eta=00:01:42
2026-08-19 18:59:03 | INFO    | VAL | epoch=005/060 | batch=00100/00312 | loss=9.720218e-01 | stage_elapsed=00:00:38 | stage_eta=00:01:20
2026-08-19 18:59:20 | INFO    | VAL | epoch=005/060 | batch=00150/00312 | loss=9.742700e-01 | stage_elapsed=00:00:55 | stage_eta=00:00:59
2026-08-19 18:59:42 | INFO    | VAL | epoch=005/060 | batch=00200/00312 | loss=9.683179e-01 | stage_elapsed=00:01:16 | stage_eta=00:00:43
2026-08-19 19:00:00 | INFO    | VAL | epoch=005/060 | batch=00250/00312 | loss=9.715725e-01 | stage_elapsed=00:01:35 | stage_eta=00:00:23
2026-08-19 19:00:16 | INFO    | VAL | epoch=005/060 | batch=00300/00312 | loss=9.656737e-01 | stage_elapsed=00:01:51 | stage_eta=00:00:04
2026-08-19 19:00:20 | INFO    | VAL | epoch=005/060 | batch=00312/00312 | loss=9.663038e-01 | stage_elapsed=00:01:55 | stage_eta=00:00:00
2026-08-19 19:00:22 | INFO    | Epoch 005 complete | train=9.713803e-01 | val=9.701134e-01 | best=9.701134e-01 | lr=1.000e-04 | epoch_time=00:21:48 | run_elapsed=01:47:23 | eta=19:41:14 | finish=2026-08-20 14:41:36 CST
2026-08-19 19:01:01 | INFO    | TRAIN | epoch=006/060 | batch=00050/01562 | loss=9.698985e-01 | stage_elapsed=00:00:39 | stage_eta=00:19:26
2026-08-19 19:01:39 | INFO    | TRAIN | epoch=006/060 | batch=00100/01562 | loss=9.694529e-01 | stage_elapsed=00:01:17 | stage_eta=00:18:49
2026-08-19 19:02:15 | INFO    | TRAIN | epoch=006/060 | batch=00150/01562 | loss=9.737614e-01 | stage_elapsed=00:01:53 | stage_eta=00:17:47
2026-08-19 19:02:57 | INFO    | TRAIN | epoch=006/060 | batch=00200/01562 | loss=9.639554e-01 | stage_elapsed=00:02:35 | stage_eta=00:17:32
2026-08-19 19:03:34 | INFO    | TRAIN | epoch=006/060 | batch=00250/01562 | loss=9.710106e-01 | stage_elapsed=00:03:12 | stage_eta=00:16:48
2026-08-19 19:04:10 | INFO    | TRAIN | epoch=006/060 | batch=00300/01562 | loss=9.657556e-01 | stage_elapsed=00:03:48 | stage_eta=00:15:59
2026-08-19 19:04:51 | INFO    | TRAIN | epoch=006/060 | batch=00350/01562 | loss=9.759278e-01 | stage_elapsed=00:04:29 | stage_eta=00:15:31
2026-08-19 19:05:25 | INFO    | TRAIN | epoch=006/060 | batch=00400/01562 | loss=9.690794e-01 | stage_elapsed=00:05:03 | stage_eta=00:14:41
2026-08-19 19:06:05 | INFO    | TRAIN | epoch=006/060 | batch=00450/01562 | loss=9.768031e-01 | stage_elapsed=00:05:43 | stage_eta=00:14:07
2026-08-19 19:06:44 | INFO    | TRAIN | epoch=006/060 | batch=00500/01562 | loss=9.679224e-01 | stage_elapsed=00:06:22 | stage_eta=00:13:31
2026-08-19 19:07:20 | INFO    | TRAIN | epoch=006/060 | batch=00550/01562 | loss=9.764881e-01 | stage_elapsed=00:06:58 | stage_eta=00:12:49
2026-08-19 19:07:59 | INFO    | TRAIN | epoch=006/060 | batch=00600/01562 | loss=9.728628e-01 | stage_elapsed=00:07:37 | stage_eta=00:12:13
2026-08-19 19:08:37 | INFO    | TRAIN | epoch=006/060 | batch=00650/01562 | loss=9.744239e-01 | stage_elapsed=00:08:15 | stage_eta=00:11:35
2026-08-19 19:09:13 | INFO    | TRAIN | epoch=006/060 | batch=00700/01562 | loss=9.754028e-01 | stage_elapsed=00:08:51 | stage_eta=00:10:54
2026-08-19 19:09:53 | INFO    | TRAIN | epoch=006/060 | batch=00750/01562 | loss=9.721256e-01 | stage_elapsed=00:09:31 | stage_eta=00:10:18
2026-08-19 19:10:30 | INFO    | TRAIN | epoch=006/060 | batch=00800/01562 | loss=9.685131e-01 | stage_elapsed=00:10:08 | stage_eta=00:09:39
2026-08-19 19:11:09 | INFO    | TRAIN | epoch=006/060 | batch=00850/01562 | loss=9.705420e-01 | stage_elapsed=00:10:46 | stage_eta=00:09:02
2026-08-19 19:11:48 | INFO    | TRAIN | epoch=006/060 | batch=00900/01562 | loss=9.677560e-01 | stage_elapsed=00:11:26 | stage_eta=00:08:25
2026-08-19 19:12:23 | INFO    | TRAIN | epoch=006/060 | batch=00950/01562 | loss=9.710444e-01 | stage_elapsed=00:12:01 | stage_eta=00:07:44
2026-08-19 19:13:02 | INFO    | TRAIN | epoch=006/060 | batch=01000/01562 | loss=9.693077e-01 | stage_elapsed=00:12:40 | stage_eta=00:07:07
2026-08-19 19:13:40 | INFO    | TRAIN | epoch=006/060 | batch=01050/01562 | loss=9.719012e-01 | stage_elapsed=00:13:18 | stage_eta=00:06:29
2026-08-19 19:14:16 | INFO    | TRAIN | epoch=006/060 | batch=01100/01562 | loss=9.723088e-01 | stage_elapsed=00:13:54 | stage_eta=00:05:50
2026-08-19 19:14:56 | INFO    | TRAIN | epoch=006/060 | batch=01150/01562 | loss=9.782200e-01 | stage_elapsed=00:14:34 | stage_eta=00:05:13
2026-08-19 19:15:32 | INFO    | TRAIN | epoch=006/060 | batch=01200/01562 | loss=9.677711e-01 | stage_elapsed=00:15:10 | stage_eta=00:04:35
2026-08-19 19:16:11 | INFO    | TRAIN | epoch=006/060 | batch=01250/01562 | loss=9.712285e-01 | stage_elapsed=00:15:48 | stage_eta=00:03:57
2026-08-19 19:16:44 | INFO    | TRAIN | epoch=006/060 | batch=01300/01562 | loss=9.626865e-01 | stage_elapsed=00:16:22 | stage_eta=00:03:18
2026-08-19 19:17:12 | INFO    | TRAIN | epoch=006/060 | batch=01350/01562 | loss=9.682311e-01 | stage_elapsed=00:16:50 | stage_eta=00:02:39
2026-08-19 19:17:41 | INFO    | TRAIN | epoch=006/060 | batch=01400/01562 | loss=9.715701e-01 | stage_elapsed=00:17:19 | stage_eta=00:02:00
2026-08-19 19:18:08 | INFO    | TRAIN | epoch=006/060 | batch=01450/01562 | loss=9.623557e-01 | stage_elapsed=00:17:46 | stage_eta=00:01:22
2026-08-19 19:18:38 | INFO    | TRAIN | epoch=006/060 | batch=01500/01562 | loss=9.678636e-01 | stage_elapsed=00:18:16 | stage_eta=00:00:45
2026-08-19 19:19:05 | INFO    | TRAIN | epoch=006/060 | batch=01550/01562 | loss=9.761212e-01 | stage_elapsed=00:18:43 | stage_eta=00:00:09
2026-08-19 19:19:12 | INFO    | TRAIN | epoch=006/060 | batch=01562/01562 | loss=9.779572e-01 | stage_elapsed=00:18:50 | stage_eta=00:00:00
2026-08-19 19:19:26 | INFO    | VAL | epoch=006/060 | batch=00050/00312 | loss=9.670949e-01 | stage_elapsed=00:00:14 | stage_eta=00:01:16
2026-08-19 19:19:42 | INFO    | VAL | epoch=006/060 | batch=00100/00312 | loss=9.719757e-01 | stage_elapsed=00:00:30 | stage_eta=00:01:04
2026-08-19 19:19:56 | INFO    | VAL | epoch=006/060 | batch=00150/00312 | loss=9.736935e-01 | stage_elapsed=00:00:44 | stage_eta=00:00:48
2026-08-19 19:20:09 | INFO    | VAL | epoch=006/060 | batch=00200/00312 | loss=9.695610e-01 | stage_elapsed=00:00:57 | stage_eta=00:00:32
2026-08-19 19:20:22 | INFO    | VAL | epoch=006/060 | batch=00250/00312 | loss=9.647734e-01 | stage_elapsed=00:01:10 | stage_eta=00:00:17
2026-08-19 19:20:39 | INFO    | VAL | epoch=006/060 | batch=00300/00312 | loss=9.677511e-01 | stage_elapsed=00:01:27 | stage_eta=00:00:03
2026-08-19 19:20:43 | INFO    | VAL | epoch=006/060 | batch=00312/00312 | loss=9.667848e-01 | stage_elapsed=00:01:31 | stage_eta=00:00:00
2026-08-19 19:20:45 | INFO    | Epoch 006 complete | train=9.702734e-01 | val=9.700436e-01 | best=9.700436e-01 | lr=1.000e-04 | epoch_time=00:20:23 | run_elapsed=02:07:46 | eta=19:09:55 | finish=2026-08-20 14:30:40 CST
2026-08-19 19:21:11 | INFO    | TRAIN | epoch=007/060 | batch=00050/01562 | loss=9.733493e-01 | stage_elapsed=00:00:26 | stage_eta=00:13:03
2026-08-19 19:21:42 | INFO    | TRAIN | epoch=007/060 | batch=00100/01562 | loss=9.729742e-01 | stage_elapsed=00:00:57 | stage_eta=00:13:51
2026-08-19 19:22:08 | INFO    | TRAIN | epoch=007/060 | batch=00150/01562 | loss=9.650595e-01 | stage_elapsed=00:01:23 | stage_eta=00:13:01
2026-08-19 19:22:40 | INFO    | TRAIN | epoch=007/060 | batch=00200/01562 | loss=9.666226e-01 | stage_elapsed=00:01:55 | stage_eta=00:13:02
2026-08-19 19:23:06 | INFO    | TRAIN | epoch=007/060 | batch=00250/01562 | loss=9.760284e-01 | stage_elapsed=00:02:21 | stage_eta=00:12:19
2026-08-19 19:23:36 | INFO    | TRAIN | epoch=007/060 | batch=00300/01562 | loss=9.716361e-01 | stage_elapsed=00:02:51 | stage_eta=00:12:00
2026-08-19 19:24:03 | INFO    | TRAIN | epoch=007/060 | batch=00350/01562 | loss=9.638810e-01 | stage_elapsed=00:03:18 | stage_eta=00:11:27
2026-08-19 19:24:35 | INFO    | TRAIN | epoch=007/060 | batch=00400/01562 | loss=9.691918e-01 | stage_elapsed=00:03:50 | stage_eta=00:11:08
2026-08-19 19:25:01 | INFO    | TRAIN | epoch=007/060 | batch=00450/01562 | loss=9.654585e-01 | stage_elapsed=00:04:16 | stage_eta=00:10:32
2026-08-19 19:25:32 | INFO    | TRAIN | epoch=007/060 | batch=00500/01562 | loss=9.673856e-01 | stage_elapsed=00:04:47 | stage_eta=00:10:09
2026-08-19 19:25:58 | INFO    | TRAIN | epoch=007/060 | batch=00550/01562 | loss=9.725654e-01 | stage_elapsed=00:05:13 | stage_eta=00:09:35
2026-08-19 19:26:29 | INFO    | TRAIN | epoch=007/060 | batch=00600/01562 | loss=9.671573e-01 | stage_elapsed=00:05:44 | stage_eta=00:09:11
2026-08-19 19:26:56 | INFO    | TRAIN | epoch=007/060 | batch=00650/01562 | loss=9.728135e-01 | stage_elapsed=00:06:11 | stage_eta=00:08:41
2026-08-19 19:27:27 | INFO    | TRAIN | epoch=007/060 | batch=00700/01562 | loss=9.643534e-01 | stage_elapsed=00:06:42 | stage_eta=00:08:15
2026-08-19 19:27:52 | INFO    | TRAIN | epoch=007/060 | batch=00750/01562 | loss=9.729375e-01 | stage_elapsed=00:07:07 | stage_eta=00:07:43
2026-08-19 19:28:22 | INFO    | TRAIN | epoch=007/060 | batch=00800/01562 | loss=9.606906e-01 | stage_elapsed=00:07:37 | stage_eta=00:07:16
2026-08-19 19:28:51 | INFO    | TRAIN | epoch=007/060 | batch=00850/01562 | loss=9.774264e-01 | stage_elapsed=00:08:06 | stage_eta=00:06:47
2026-08-19 19:29:21 | INFO    | TRAIN | epoch=007/060 | batch=00900/01562 | loss=9.675906e-01 | stage_elapsed=00:08:35 | stage_eta=00:06:19
2026-08-19 19:29:47 | INFO    | TRAIN | epoch=007/060 | batch=00950/01562 | loss=9.686965e-01 | stage_elapsed=00:09:02 | stage_eta=00:05:49
2026-08-19 19:30:17 | INFO    | TRAIN | epoch=007/060 | batch=01000/01562 | loss=9.716041e-01 | stage_elapsed=00:09:32 | stage_eta=00:05:21
2026-08-19 19:30:45 | INFO    | TRAIN | epoch=007/060 | batch=01050/01562 | loss=9.749351e-01 | stage_elapsed=00:10:00 | stage_eta=00:04:52
2026-08-19 19:31:14 | INFO    | TRAIN | epoch=007/060 | batch=01100/01562 | loss=9.771199e-01 | stage_elapsed=00:10:29 | stage_eta=00:04:24
2026-08-19 19:31:40 | INFO    | TRAIN | epoch=007/060 | batch=01150/01562 | loss=9.665542e-01 | stage_elapsed=00:10:55 | stage_eta=00:03:55
2026-08-19 19:32:10 | INFO    | TRAIN | epoch=007/060 | batch=01200/01562 | loss=9.738979e-01 | stage_elapsed=00:11:25 | stage_eta=00:03:27
2026-08-19 19:32:37 | INFO    | TRAIN | epoch=007/060 | batch=01250/01562 | loss=9.608941e-01 | stage_elapsed=00:11:52 | stage_eta=00:02:58
2026-08-19 19:33:06 | INFO    | TRAIN | epoch=007/060 | batch=01300/01562 | loss=9.680732e-01 | stage_elapsed=00:12:21 | stage_eta=00:02:29
2026-08-19 19:33:36 | INFO    | TRAIN | epoch=007/060 | batch=01350/01562 | loss=9.651255e-01 | stage_elapsed=00:12:51 | stage_eta=00:02:01
2026-08-19 19:34:04 | INFO    | TRAIN | epoch=007/060 | batch=01400/01562 | loss=9.707572e-01 | stage_elapsed=00:13:19 | stage_eta=00:01:32
2026-08-19 19:34:33 | INFO    | TRAIN | epoch=007/060 | batch=01450/01562 | loss=9.641352e-01 | stage_elapsed=00:13:48 | stage_eta=00:01:04
2026-08-19 19:35:01 | INFO    | TRAIN | epoch=007/060 | batch=01500/01562 | loss=9.709927e-01 | stage_elapsed=00:14:16 | stage_eta=00:00:35
2026-08-19 19:35:29 | INFO    | TRAIN | epoch=007/060 | batch=01550/01562 | loss=9.684117e-01 | stage_elapsed=00:14:44 | stage_eta=00:00:07
2026-08-19 19:35:36 | INFO    | TRAIN | epoch=007/060 | batch=01562/01562 | loss=9.616892e-01 | stage_elapsed=00:14:51 | stage_eta=00:00:00
2026-08-19 19:35:50 | INFO    | VAL | epoch=007/060 | batch=00050/00312 | loss=9.639942e-01 | stage_elapsed=00:00:14 | stage_eta=00:01:15
2026-08-19 19:36:06 | INFO    | VAL | epoch=007/060 | batch=00100/00312 | loss=9.675782e-01 | stage_elapsed=00:00:30 | stage_eta=00:01:04
2026-08-19 19:36:20 | INFO    | VAL | epoch=007/060 | batch=00150/00312 | loss=9.748762e-01 | stage_elapsed=00:00:44 | stage_eta=00:00:48
2026-08-19 19:36:33 | INFO    | VAL | epoch=007/060 | batch=00200/00312 | loss=9.693491e-01 | stage_elapsed=00:00:58 | stage_eta=00:00:32
2026-08-19 19:36:45 | INFO    | VAL | epoch=007/060 | batch=00250/00312 | loss=9.700555e-01 | stage_elapsed=00:01:10 | stage_eta=00:00:17
2026-08-19 19:37:01 | INFO    | VAL | epoch=007/060 | batch=00300/00312 | loss=9.680743e-01 | stage_elapsed=00:01:26 | stage_eta=00:00:03
2026-08-19 19:37:05 | INFO    | VAL | epoch=007/060 | batch=00312/00312 | loss=9.639921e-01 | stage_elapsed=00:01:30 | stage_eta=00:00:00
2026-08-19 19:37:07 | INFO    | Epoch 007 complete | train=9.688583e-01 | val=9.678519e-01 | best=9.678519e-01 | lr=1.000e-04 | epoch_time=00:16:22 | run_elapsed=02:24:08 | eta=18:11:15 | finish=2026-08-20 13:48:22 CST
2026-08-19 19:37:33 | INFO    | TRAIN | epoch=008/060 | batch=00050/01562 | loss=9.678133e-01 | stage_elapsed=00:00:26 | stage_eta=00:13:18
2026-08-19 19:38:04 | INFO    | TRAIN | epoch=008/060 | batch=00100/01562 | loss=9.702936e-01 | stage_elapsed=00:00:57 | stage_eta=00:13:55
2026-08-19 19:38:31 | INFO    | TRAIN | epoch=008/060 | batch=00150/01562 | loss=9.662502e-01 | stage_elapsed=00:01:24 | stage_eta=00:13:15
2026-08-19 19:39:02 | INFO    | TRAIN | epoch=008/060 | batch=00200/01562 | loss=9.674625e-01 | stage_elapsed=00:01:55 | stage_eta=00:13:06
2026-08-19 19:39:28 | INFO    | TRAIN | epoch=008/060 | batch=00250/01562 | loss=9.701509e-01 | stage_elapsed=00:02:22 | stage_eta=00:12:24
2026-08-19 19:40:00 | INFO    | TRAIN | epoch=008/060 | batch=00300/01562 | loss=9.692686e-01 | stage_elapsed=00:02:53 | stage_eta=00:12:08
2026-08-19 19:40:25 | INFO    | TRAIN | epoch=008/060 | batch=00350/01562 | loss=9.748394e-01 | stage_elapsed=00:03:19 | stage_eta=00:11:28
2026-08-19 19:40:56 | INFO    | TRAIN | epoch=008/060 | batch=00400/01562 | loss=9.632605e-01 | stage_elapsed=00:03:50 | stage_eta=00:11:07
2026-08-19 19:41:23 | INFO    | TRAIN | epoch=008/060 | batch=00450/01562 | loss=9.697163e-01 | stage_elapsed=00:04:17 | stage_eta=00:10:34
2026-08-19 19:41:54 | INFO    | TRAIN | epoch=008/060 | batch=00500/01562 | loss=9.751465e-01 | stage_elapsed=00:04:47 | stage_eta=00:10:10
2026-08-19 19:42:19 | INFO    | TRAIN | epoch=008/060 | batch=00550/01562 | loss=9.731179e-01 | stage_elapsed=00:05:13 | stage_eta=00:09:35
2026-08-19 19:42:50 | INFO    | TRAIN | epoch=008/060 | batch=00600/01562 | loss=9.634336e-01 | stage_elapsed=00:05:44 | stage_eta=00:09:11
2026-08-19 19:43:16 | INFO    | TRAIN | epoch=008/060 | batch=00650/01562 | loss=9.658157e-01 | stage_elapsed=00:06:10 | stage_eta=00:08:39
2026-08-19 19:43:46 | INFO    | TRAIN | epoch=008/060 | batch=00700/01562 | loss=9.692328e-01 | stage_elapsed=00:06:39 | stage_eta=00:08:12
2026-08-19 19:44:14 | INFO    | TRAIN | epoch=008/060 | batch=00750/01562 | loss=9.639107e-01 | stage_elapsed=00:07:08 | stage_eta=00:07:43
2026-08-19 19:44:43 | INFO    | TRAIN | epoch=008/060 | batch=00800/01562 | loss=9.686142e-01 | stage_elapsed=00:07:37 | stage_eta=00:07:15
2026-08-19 19:45:11 | INFO    | TRAIN | epoch=008/060 | batch=00850/01562 | loss=9.641466e-01 | stage_elapsed=00:08:04 | stage_eta=00:06:46
2026-08-19 19:45:39 | INFO    | TRAIN | epoch=008/060 | batch=00900/01562 | loss=9.574654e-01 | stage_elapsed=00:08:33 | stage_eta=00:06:17
2026-08-19 19:46:08 | INFO    | TRAIN | epoch=008/060 | batch=00950/01562 | loss=9.666815e-01 | stage_elapsed=00:09:01 | stage_eta=00:05:49
2026-08-19 19:46:34 | INFO    | TRAIN | epoch=008/060 | batch=01000/01562 | loss=9.681794e-01 | stage_elapsed=00:09:28 | stage_eta=00:05:19
2026-08-19 19:47:05 | INFO    | TRAIN | epoch=008/060 | batch=01050/01562 | loss=9.650415e-01 | stage_elapsed=00:09:58 | stage_eta=00:04:52
2026-08-19 19:47:32 | INFO    | TRAIN | epoch=008/060 | batch=01100/01562 | loss=9.653068e-01 | stage_elapsed=00:10:26 | stage_eta=00:04:23
2026-08-19 19:48:01 | INFO    | TRAIN | epoch=008/060 | batch=01150/01562 | loss=9.735746e-01 | stage_elapsed=00:10:54 | stage_eta=00:03:54
2026-08-19 19:48:30 | INFO    | TRAIN | epoch=008/060 | batch=01200/01562 | loss=9.664352e-01 | stage_elapsed=00:11:23 | stage_eta=00:03:26
2026-08-19 19:48:59 | INFO    | TRAIN | epoch=008/060 | batch=01250/01562 | loss=9.691509e-01 | stage_elapsed=00:11:52 | stage_eta=00:02:58
2026-08-19 19:49:28 | INFO    | TRAIN | epoch=008/060 | batch=01300/01562 | loss=9.717856e-01 | stage_elapsed=00:12:21 | stage_eta=00:02:29
2026-08-19 19:49:56 | INFO    | TRAIN | epoch=008/060 | batch=01350/01562 | loss=9.639689e-01 | stage_elapsed=00:12:49 | stage_eta=00:02:01
2026-08-19 19:50:25 | INFO    | TRAIN | epoch=008/060 | batch=01400/01562 | loss=9.648726e-01 | stage_elapsed=00:13:18 | stage_eta=00:01:32
2026-08-19 19:50:52 | INFO    | TRAIN | epoch=008/060 | batch=01450/01562 | loss=9.630010e-01 | stage_elapsed=00:13:46 | stage_eta=00:01:04
2026-08-19 19:51:22 | INFO    | TRAIN | epoch=008/060 | batch=01500/01562 | loss=9.660103e-01 | stage_elapsed=00:14:15 | stage_eta=00:00:35
2026-08-19 19:51:49 | INFO    | TRAIN | epoch=008/060 | batch=01550/01562 | loss=9.679778e-01 | stage_elapsed=00:14:43 | stage_eta=00:00:07
2026-08-19 19:51:57 | INFO    | TRAIN | epoch=008/060 | batch=01562/01562 | loss=9.618267e-01 | stage_elapsed=00:14:50 | stage_eta=00:00:00
2026-08-19 19:52:11 | INFO    | VAL | epoch=008/060 | batch=00050/00312 | loss=9.632150e-01 | stage_elapsed=00:00:15 | stage_eta=00:01:16
2026-08-19 19:52:25 | INFO    | VAL | epoch=008/060 | batch=00100/00312 | loss=9.645072e-01 | stage_elapsed=00:00:28 | stage_eta=00:00:59
2026-08-19 19:52:37 | INFO    | VAL | epoch=008/060 | batch=00150/00312 | loss=9.696927e-01 | stage_elapsed=00:00:40 | stage_eta=00:00:43
2026-08-19 19:52:53 | INFO    | VAL | epoch=008/060 | batch=00200/00312 | loss=9.670841e-01 | stage_elapsed=00:00:56 | stage_eta=00:00:31
2026-08-19 19:53:07 | INFO    | VAL | epoch=008/060 | batch=00250/00312 | loss=9.689699e-01 | stage_elapsed=00:01:11 | stage_eta=00:00:18
2026-08-19 19:53:20 | INFO    | VAL | epoch=008/060 | batch=00300/00312 | loss=9.633509e-01 | stage_elapsed=00:01:23 | stage_eta=00:00:03
2026-08-19 19:53:23 | INFO    | VAL | epoch=008/060 | batch=00312/00312 | loss=9.642316e-01 | stage_elapsed=00:01:26 | stage_eta=00:00:00
2026-08-19 19:53:25 | INFO    | Epoch 008 complete | train=9.672285e-01 | val=9.678001e-01 | best=9.678001e-01 | lr=1.000e-04 | epoch_time=00:16:19 | run_elapsed=02:40:26 | eta=17:22:51 | finish=2026-08-20 13:16:17 CST
2026-08-19 19:53:56 | INFO    | TRAIN | epoch=009/060 | batch=00050/01562 | loss=9.630078e-01 | stage_elapsed=00:00:30 | stage_eta=00:15:11
2026-08-19 19:54:23 | INFO    | TRAIN | epoch=009/060 | batch=00100/01562 | loss=9.650823e-01 | stage_elapsed=00:00:57 | stage_eta=00:13:59
2026-08-19 19:54:53 | INFO    | TRAIN | epoch=009/060 | batch=00150/01562 | loss=9.674034e-01 | stage_elapsed=00:01:27 | stage_eta=00:13:44
2026-08-19 19:55:19 | INFO    | TRAIN | epoch=009/060 | batch=00200/01562 | loss=9.582233e-01 | stage_elapsed=00:01:54 | stage_eta=00:12:56
2026-08-19 19:55:50 | INFO    | TRAIN | epoch=009/060 | batch=00250/01562 | loss=9.672489e-01 | stage_elapsed=00:02:24 | stage_eta=00:12:37
2026-08-19 19:56:17 | INFO    | TRAIN | epoch=009/060 | batch=00300/01562 | loss=9.680395e-01 | stage_elapsed=00:02:51 | stage_eta=00:12:00
2026-08-19 19:56:46 | INFO    | TRAIN | epoch=009/060 | batch=00350/01562 | loss=9.673150e-01 | stage_elapsed=00:03:20 | stage_eta=00:11:34
2026-08-19 19:57:15 | INFO    | TRAIN | epoch=009/060 | batch=00400/01562 | loss=9.702559e-01 | stage_elapsed=00:03:50 | stage_eta=00:11:08
2026-08-19 19:57:43 | INFO    | TRAIN | epoch=009/060 | batch=00450/01562 | loss=9.644127e-01 | stage_elapsed=00:04:18 | stage_eta=00:10:37
2026-08-19 19:58:12 | INFO    | TRAIN | epoch=009/060 | batch=00500/01562 | loss=9.605970e-01 | stage_elapsed=00:04:46 | stage_eta=00:10:08
2026-08-19 19:58:41 | INFO    | TRAIN | epoch=009/060 | batch=00550/01562 | loss=9.675653e-01 | stage_elapsed=00:05:15 | stage_eta=00:09:40
2026-08-19 19:59:07 | INFO    | TRAIN | epoch=009/060 | batch=00600/01562 | loss=9.606980e-01 | stage_elapsed=00:05:42 | stage_eta=00:09:08
2026-08-19 19:59:37 | INFO    | TRAIN | epoch=009/060 | batch=00650/01562 | loss=9.703298e-01 | stage_elapsed=00:06:12 | stage_eta=00:08:42
2026-08-19 20:00:05 | INFO    | TRAIN | epoch=009/060 | batch=00700/01562 | loss=9.773968e-01 | stage_elapsed=00:06:39 | stage_eta=00:08:12
2026-08-19 20:00:35 | INFO    | TRAIN | epoch=009/060 | batch=00750/01562 | loss=9.686267e-01 | stage_elapsed=00:07:09 | stage_eta=00:07:45
2026-08-19 20:01:03 | INFO    | TRAIN | epoch=009/060 | batch=00800/01562 | loss=9.647818e-01 | stage_elapsed=00:07:37 | stage_eta=00:07:16
2026-08-19 20:01:32 | INFO    | TRAIN | epoch=009/060 | batch=00850/01562 | loss=9.663738e-01 | stage_elapsed=00:08:06 | stage_eta=00:06:47
2026-08-19 20:01:59 | INFO    | TRAIN | epoch=009/060 | batch=00900/01562 | loss=9.668003e-01 | stage_elapsed=00:08:34 | stage_eta=00:06:18
2026-08-19 20:02:29 | INFO    | TRAIN | epoch=009/060 | batch=00950/01562 | loss=9.579594e-01 | stage_elapsed=00:09:03 | stage_eta=00:05:50
2026-08-19 20:02:56 | INFO    | TRAIN | epoch=009/060 | batch=01000/01562 | loss=9.617997e-01 | stage_elapsed=00:09:30 | stage_eta=00:05:21
2026-08-19 20:03:25 | INFO    | TRAIN | epoch=009/060 | batch=01050/01562 | loss=9.636728e-01 | stage_elapsed=00:10:00 | stage_eta=00:04:52
2026-08-19 20:03:54 | INFO    | TRAIN | epoch=009/060 | batch=01100/01562 | loss=9.508821e-01 | stage_elapsed=00:10:28 | stage_eta=00:04:24
2026-08-19 20:04:23 | INFO    | TRAIN | epoch=009/060 | batch=01150/01562 | loss=9.575431e-01 | stage_elapsed=00:10:57 | stage_eta=00:03:55
2026-08-19 20:04:50 | INFO    | TRAIN | epoch=009/060 | batch=01200/01562 | loss=9.591991e-01 | stage_elapsed=00:11:25 | stage_eta=00:03:27
2026-08-19 20:05:20 | INFO    | TRAIN | epoch=009/060 | batch=01250/01562 | loss=9.658980e-01 | stage_elapsed=00:11:55 | stage_eta=00:02:58
2026-08-19 20:05:47 | INFO    | TRAIN | epoch=009/060 | batch=01300/01562 | loss=9.662007e-01 | stage_elapsed=00:12:22 | stage_eta=00:02:29
2026-08-19 20:06:18 | INFO    | TRAIN | epoch=009/060 | batch=01350/01562 | loss=9.624707e-01 | stage_elapsed=00:12:53 | stage_eta=00:02:01
2026-08-19 20:06:44 | INFO    | TRAIN | epoch=009/060 | batch=01400/01562 | loss=9.542421e-01 | stage_elapsed=00:13:18 | stage_eta=00:01:32
2026-08-19 20:07:15 | INFO    | TRAIN | epoch=009/060 | batch=01450/01562 | loss=9.675485e-01 | stage_elapsed=00:13:49 | stage_eta=00:01:04
2026-08-19 20:07:40 | INFO    | TRAIN | epoch=009/060 | batch=01500/01562 | loss=9.674662e-01 | stage_elapsed=00:14:15 | stage_eta=00:00:35
2026-08-19 20:08:10 | INFO    | TRAIN | epoch=009/060 | batch=01550/01562 | loss=9.613848e-01 | stage_elapsed=00:14:44 | stage_eta=00:00:07
2026-08-19 20:08:17 | INFO    | TRAIN | epoch=009/060 | batch=01562/01562 | loss=9.672423e-01 | stage_elapsed=00:14:52 | stage_eta=00:00:00
2026-08-19 20:08:31 | INFO    | VAL | epoch=009/060 | batch=00050/00312 | loss=9.609356e-01 | stage_elapsed=00:00:14 | stage_eta=00:01:11
2026-08-19 20:08:44 | INFO    | VAL | epoch=009/060 | batch=00100/00312 | loss=9.648896e-01 | stage_elapsed=00:00:27 | stage_eta=00:00:57
2026-08-19 20:08:57 | INFO    | VAL | epoch=009/060 | batch=00150/00312 | loss=9.686685e-01 | stage_elapsed=00:00:40 | stage_eta=00:00:43
2026-08-19 20:09:14 | INFO    | VAL | epoch=009/060 | batch=00200/00312 | loss=9.678425e-01 | stage_elapsed=00:00:57 | stage_eta=00:00:32
2026-08-19 20:09:28 | INFO    | VAL | epoch=009/060 | batch=00250/00312 | loss=9.636717e-01 | stage_elapsed=00:01:10 | stage_eta=00:00:17
2026-08-19 20:09:40 | INFO    | VAL | epoch=009/060 | batch=00300/00312 | loss=9.632205e-01 | stage_elapsed=00:01:23 | stage_eta=00:00:03
2026-08-19 20:09:43 | INFO    | VAL | epoch=009/060 | batch=00312/00312 | loss=9.604391e-01 | stage_elapsed=00:01:26 | stage_eta=00:00:00
2026-08-19 20:09:46 | INFO    | Epoch 009 complete | train=9.654388e-01 | val=9.651727e-01 | best=9.651727e-01 | lr=1.000e-04 | epoch_time=00:16:21 | run_elapsed=02:56:47 | eta=16:41:47 | finish=2026-08-20 12:51:33 CST
2026-08-19 20:10:17 | INFO    | TRAIN | epoch=010/060 | batch=00050/01562 | loss=9.626025e-01 | stage_elapsed=00:00:31 | stage_eta=00:15:45
2026-08-19 20:10:43 | INFO    | TRAIN | epoch=010/060 | batch=00100/01562 | loss=9.612142e-01 | stage_elapsed=00:00:57 | stage_eta=00:13:50
2026-08-19 20:11:13 | INFO    | TRAIN | epoch=010/060 | batch=00150/01562 | loss=9.624021e-01 | stage_elapsed=00:01:27 | stage_eta=00:13:36
2026-08-19 20:11:40 | INFO    | TRAIN | epoch=010/060 | batch=00200/01562 | loss=9.547165e-01 | stage_elapsed=00:01:54 | stage_eta=00:12:53
2026-08-19 20:12:11 | INFO    | TRAIN | epoch=010/060 | batch=00250/01562 | loss=9.629343e-01 | stage_elapsed=00:02:24 | stage_eta=00:12:38
2026-08-19 20:12:37 | INFO    | TRAIN | epoch=010/060 | batch=00300/01562 | loss=9.606277e-01 | stage_elapsed=00:02:51 | stage_eta=00:11:59
2026-08-19 20:13:07 | INFO    | TRAIN | epoch=010/060 | batch=00350/01562 | loss=9.654837e-01 | stage_elapsed=00:03:21 | stage_eta=00:11:35
2026-08-19 20:13:32 | INFO    | TRAIN | epoch=010/060 | batch=00400/01562 | loss=9.620550e-01 | stage_elapsed=00:03:46 | stage_eta=00:10:57
2026-08-19 20:14:03 | INFO    | TRAIN | epoch=010/060 | batch=00450/01562 | loss=9.655464e-01 | stage_elapsed=00:04:17 | stage_eta=00:10:35
2026-08-19 20:14:29 | INFO    | TRAIN | epoch=010/060 | batch=00500/01562 | loss=9.617755e-01 | stage_elapsed=00:04:42 | stage_eta=00:10:00
2026-08-19 20:14:59 | INFO    | TRAIN | epoch=010/060 | batch=00550/01562 | loss=9.645605e-01 | stage_elapsed=00:05:13 | stage_eta=00:09:36
2026-08-19 20:15:25 | INFO    | TRAIN | epoch=010/060 | batch=00600/01562 | loss=9.545374e-01 | stage_elapsed=00:05:39 | stage_eta=00:09:03
2026-08-19 20:15:56 | INFO    | TRAIN | epoch=010/060 | batch=00650/01562 | loss=9.607394e-01 | stage_elapsed=00:06:09 | stage_eta=00:08:38
2026-08-19 20:16:22 | INFO    | TRAIN | epoch=010/060 | batch=00700/01562 | loss=9.573106e-01 | stage_elapsed=00:06:36 | stage_eta=00:08:08
2026-08-19 20:16:53 | INFO    | TRAIN | epoch=010/060 | batch=00750/01562 | loss=9.660740e-01 | stage_elapsed=00:07:07 | stage_eta=00:07:42
2026-08-19 20:17:20 | INFO    | TRAIN | epoch=010/060 | batch=00800/01562 | loss=9.656687e-01 | stage_elapsed=00:07:34 | stage_eta=00:07:12
2026-08-19 20:17:50 | INFO    | TRAIN | epoch=010/060 | batch=00850/01562 | loss=9.620131e-01 | stage_elapsed=00:08:04 | stage_eta=00:06:45
2026-08-19 20:18:16 | INFO    | TRAIN | epoch=010/060 | batch=00900/01562 | loss=9.619175e-01 | stage_elapsed=00:08:30 | stage_eta=00:06:15
2026-08-19 20:18:45 | INFO    | TRAIN | epoch=010/060 | batch=00950/01562 | loss=9.541363e-01 | stage_elapsed=00:08:59 | stage_eta=00:05:47
2026-08-19 20:19:12 | INFO    | TRAIN | epoch=010/060 | batch=01000/01562 | loss=9.718747e-01 | stage_elapsed=00:09:26 | stage_eta=00:05:18
2026-08-19 20:19:42 | INFO    | TRAIN | epoch=010/060 | batch=01050/01562 | loss=9.663695e-01 | stage_elapsed=00:09:56 | stage_eta=00:04:50
2026-08-19 20:20:09 | INFO    | TRAIN | epoch=010/060 | batch=01100/01562 | loss=9.714727e-01 | stage_elapsed=00:10:23 | stage_eta=00:04:22
2026-08-19 20:20:39 | INFO    | TRAIN | epoch=010/060 | batch=01150/01562 | loss=9.698348e-01 | stage_elapsed=00:10:53 | stage_eta=00:03:54
2026-08-19 20:21:05 | INFO    | TRAIN | epoch=010/060 | batch=01200/01562 | loss=9.643024e-01 | stage_elapsed=00:11:19 | stage_eta=00:03:25
2026-08-19 20:21:36 | INFO    | TRAIN | epoch=010/060 | batch=01250/01562 | loss=9.604913e-01 | stage_elapsed=00:11:49 | stage_eta=00:02:57
2026-08-19 20:22:01 | INFO    | TRAIN | epoch=010/060 | batch=01300/01562 | loss=9.609969e-01 | stage_elapsed=00:12:15 | stage_eta=00:02:28
2026-08-19 20:22:31 | INFO    | TRAIN | epoch=010/060 | batch=01350/01562 | loss=9.598504e-01 | stage_elapsed=00:12:45 | stage_eta=00:02:00
2026-08-19 20:22:57 | INFO    | TRAIN | epoch=010/060 | batch=01400/01562 | loss=9.665517e-01 | stage_elapsed=00:13:11 | stage_eta=00:01:32
2026-08-19 20:23:28 | INFO    | TRAIN | epoch=010/060 | batch=01450/01562 | loss=9.636765e-01 | stage_elapsed=00:13:42 | stage_eta=00:01:04
2026-08-19 20:23:55 | INFO    | TRAIN | epoch=010/060 | batch=01500/01562 | loss=9.677048e-01 | stage_elapsed=00:14:09 | stage_eta=00:00:35
2026-08-19 20:24:26 | INFO    | TRAIN | epoch=010/060 | batch=01550/01562 | loss=9.574143e-01 | stage_elapsed=00:14:40 | stage_eta=00:00:07
2026-08-19 20:24:33 | INFO    | TRAIN | epoch=010/060 | batch=01562/01562 | loss=9.599842e-01 | stage_elapsed=00:14:46 | stage_eta=00:00:00
2026-08-19 20:24:46 | INFO    | VAL | epoch=010/060 | batch=00050/00312 | loss=9.656867e-01 | stage_elapsed=00:00:13 | stage_eta=00:01:10
2026-08-19 20:24:58 | INFO    | VAL | epoch=010/060 | batch=00100/00312 | loss=9.614533e-01 | stage_elapsed=00:00:25 | stage_eta=00:00:54
2026-08-19 20:25:13 | INFO    | VAL | epoch=010/060 | batch=00150/00312 | loss=9.678020e-01 | stage_elapsed=00:00:41 | stage_eta=00:00:44
2026-08-19 20:25:29 | INFO    | VAL | epoch=010/060 | batch=00200/00312 | loss=9.672107e-01 | stage_elapsed=00:00:57 | stage_eta=00:00:32
2026-08-19 20:25:42 | INFO    | VAL | epoch=010/060 | batch=00250/00312 | loss=9.619151e-01 | stage_elapsed=00:01:09 | stage_eta=00:00:17
2026-08-19 20:25:55 | INFO    | VAL | epoch=010/060 | batch=00300/00312 | loss=9.577508e-01 | stage_elapsed=00:01:22 | stage_eta=00:00:03
2026-08-19 20:25:58 | INFO    | VAL | epoch=010/060 | batch=00312/00312 | loss=9.576524e-01 | stage_elapsed=00:01:26 | stage_eta=00:00:00
2026-08-19 20:26:01 | INFO    | Epoch 010 complete | train=9.632165e-01 | val=9.638004e-01 | best=9.638004e-01 | lr=1.000e-04 | epoch_time=00:16:14 | run_elapsed=03:13:01 | eta=16:05:07 | finish=2026-08-20 12:31:08 CST
2026-08-19 20:26:31 | INFO    | TRAIN | epoch=011/060 | batch=00050/01562 | loss=9.553401e-01 | stage_elapsed=00:00:31 | stage_eta=00:15:26
2026-08-19 20:26:58 | INFO    | TRAIN | epoch=011/060 | batch=00100/01562 | loss=9.591068e-01 | stage_elapsed=00:00:57 | stage_eta=00:13:58
2026-08-19 20:27:27 | INFO    | TRAIN | epoch=011/060 | batch=00150/01562 | loss=9.647979e-01 | stage_elapsed=00:01:26 | stage_eta=00:13:30
2026-08-19 20:27:52 | INFO    | TRAIN | epoch=011/060 | batch=00200/01562 | loss=9.626660e-01 | stage_elapsed=00:01:52 | stage_eta=00:12:41
2026-08-19 20:28:22 | INFO    | TRAIN | epoch=011/060 | batch=00250/01562 | loss=9.650160e-01 | stage_elapsed=00:02:21 | stage_eta=00:12:22
2026-08-19 20:28:49 | INFO    | TRAIN | epoch=011/060 | batch=00300/01562 | loss=9.533768e-01 | stage_elapsed=00:02:48 | stage_eta=00:11:48
2026-08-19 20:29:18 | INFO    | TRAIN | epoch=011/060 | batch=00350/01562 | loss=9.594152e-01 | stage_elapsed=00:03:17 | stage_eta=00:11:22
2026-08-19 20:29:46 | INFO    | TRAIN | epoch=011/060 | batch=00400/01562 | loss=9.643630e-01 | stage_elapsed=00:03:45 | stage_eta=00:10:54
2026-08-19 20:30:15 | INFO    | TRAIN | epoch=011/060 | batch=00450/01562 | loss=9.670487e-01 | stage_elapsed=00:04:14 | stage_eta=00:10:28
2026-08-19 20:30:43 | INFO    | TRAIN | epoch=011/060 | batch=00500/01562 | loss=9.683810e-01 | stage_elapsed=00:04:42 | stage_eta=00:09:59
2026-08-19 20:31:11 | INFO    | TRAIN | epoch=011/060 | batch=00550/01562 | loss=9.718430e-01 | stage_elapsed=00:05:10 | stage_eta=00:09:31
2026-08-19 20:31:38 | INFO    | TRAIN | epoch=011/060 | batch=00600/01562 | loss=9.595544e-01 | stage_elapsed=00:05:37 | stage_eta=00:09:01
2026-08-19 20:32:07 | INFO    | TRAIN | epoch=011/060 | batch=00650/01562 | loss=9.605615e-01 | stage_elapsed=00:06:07 | stage_eta=00:08:35
2026-08-19 20:32:35 | INFO    | TRAIN | epoch=011/060 | batch=00700/01562 | loss=9.634551e-01 | stage_elapsed=00:06:35 | stage_eta=00:08:06
2026-08-19 20:33:04 | INFO    | TRAIN | epoch=011/060 | batch=00750/01562 | loss=9.648007e-01 | stage_elapsed=00:07:03 | stage_eta=00:07:38
2026-08-19 20:33:33 | INFO    | TRAIN | epoch=011/060 | batch=00800/01562 | loss=9.700387e-01 | stage_elapsed=00:07:32 | stage_eta=00:07:11
2026-08-19 20:34:00 | INFO    | TRAIN | epoch=011/060 | batch=00850/01562 | loss=9.536470e-01 | stage_elapsed=00:08:00 | stage_eta=00:06:42
2026-08-19 20:34:29 | INFO    | TRAIN | epoch=011/060 | batch=00900/01562 | loss=9.644732e-01 | stage_elapsed=00:08:28 | stage_eta=00:06:14
2026-08-19 20:34:57 | INFO    | TRAIN | epoch=011/060 | batch=00950/01562 | loss=9.642758e-01 | stage_elapsed=00:08:56 | stage_eta=00:05:46
2026-08-19 20:35:25 | INFO    | TRAIN | epoch=011/060 | batch=01000/01562 | loss=9.557588e-01 | stage_elapsed=00:09:25 | stage_eta=00:05:17
2026-08-19 20:35:54 | INFO    | TRAIN | epoch=011/060 | batch=01050/01562 | loss=9.562205e-01 | stage_elapsed=00:09:53 | stage_eta=00:04:49
2026-08-19 20:36:23 | INFO    | TRAIN | epoch=011/060 | batch=01100/01562 | loss=9.535272e-01 | stage_elapsed=00:10:22 | stage_eta=00:04:21
2026-08-19 20:36:51 | INFO    | TRAIN | epoch=011/060 | batch=01150/01562 | loss=9.599999e-01 | stage_elapsed=00:10:50 | stage_eta=00:03:53
2026-08-19 20:37:19 | INFO    | TRAIN | epoch=011/060 | batch=01200/01562 | loss=9.723617e-01 | stage_elapsed=00:11:19 | stage_eta=00:03:25
2026-08-19 20:37:48 | INFO    | TRAIN | epoch=011/060 | batch=01250/01562 | loss=9.604912e-01 | stage_elapsed=00:11:48 | stage_eta=00:02:57
2026-08-19 20:38:16 | INFO    | TRAIN | epoch=011/060 | batch=01300/01562 | loss=9.610791e-01 | stage_elapsed=00:12:15 | stage_eta=00:02:28
2026-08-19 20:38:45 | INFO    | TRAIN | epoch=011/060 | batch=01350/01562 | loss=9.645021e-01 | stage_elapsed=00:12:44 | stage_eta=00:02:00
2026-08-19 20:39:11 | INFO    | TRAIN | epoch=011/060 | batch=01400/01562 | loss=9.679447e-01 | stage_elapsed=00:13:10 | stage_eta=00:01:31
2026-08-19 20:39:41 | INFO    | TRAIN | epoch=011/060 | batch=01450/01562 | loss=9.662781e-01 | stage_elapsed=00:13:40 | stage_eta=00:01:03
2026-08-19 20:40:06 | INFO    | TRAIN | epoch=011/060 | batch=01500/01562 | loss=9.502968e-01 | stage_elapsed=00:14:06 | stage_eta=00:00:35
2026-08-19 20:40:37 | INFO    | TRAIN | epoch=011/060 | batch=01550/01562 | loss=9.508499e-01 | stage_elapsed=00:14:36 | stage_eta=00:00:07
2026-08-19 20:40:43 | INFO    | TRAIN | epoch=011/060 | batch=01562/01562 | loss=9.619684e-01 | stage_elapsed=00:14:42 | stage_eta=00:00:00
2026-08-19 20:40:56 | INFO    | VAL | epoch=011/060 | batch=00050/00312 | loss=9.548396e-01 | stage_elapsed=00:00:13 | stage_eta=00:01:09
2026-08-19 20:41:09 | INFO    | VAL | epoch=011/060 | batch=00100/00312 | loss=9.584957e-01 | stage_elapsed=00:00:26 | stage_eta=00:00:56
2026-08-19 20:41:25 | INFO    | VAL | epoch=011/060 | batch=00150/00312 | loss=9.646160e-01 | stage_elapsed=00:00:42 | stage_eta=00:00:46
2026-08-19 20:41:39 | INFO    | VAL | epoch=011/060 | batch=00200/00312 | loss=9.644451e-01 | stage_elapsed=00:00:57 | stage_eta=00:00:32
2026-08-19 20:41:53 | INFO    | VAL | epoch=011/060 | batch=00250/00312 | loss=9.619461e-01 | stage_elapsed=00:01:10 | stage_eta=00:00:17
2026-08-19 20:42:06 | INFO    | VAL | epoch=011/060 | batch=00300/00312 | loss=9.545602e-01 | stage_elapsed=00:01:23 | stage_eta=00:00:03
2026-08-19 20:42:09 | INFO    | VAL | epoch=011/060 | batch=00312/00312 | loss=9.587332e-01 | stage_elapsed=00:01:26 | stage_eta=00:00:00
2026-08-19 20:42:11 | INFO    | Epoch 011 complete | train=9.604815e-01 | val=9.604142e-01 | best=9.604142e-01 | lr=1.000e-04 | epoch_time=00:16:10 | run_elapsed=03:29:12 | eta=15:31:53 | finish=2026-08-20 12:14:03 CST
2026-08-19 20:42:42 | INFO    | TRAIN | epoch=012/060 | batch=00050/01562 | loss=9.493477e-01 | stage_elapsed=00:00:31 | stage_eta=00:15:32
2026-08-19 20:43:07 | INFO    | TRAIN | epoch=012/060 | batch=00100/01562 | loss=9.600348e-01 | stage_elapsed=00:00:56 | stage_eta=00:13:41
2026-08-19 20:43:39 | INFO    | TRAIN | epoch=012/060 | batch=00150/01562 | loss=9.574142e-01 | stage_elapsed=00:01:28 | stage_eta=00:13:52
2026-08-19 20:44:05 | INFO    | TRAIN | epoch=012/060 | batch=00200/01562 | loss=9.568003e-01 | stage_elapsed=00:01:54 | stage_eta=00:12:55
2026-08-19 20:44:35 | INFO    | TRAIN | epoch=012/060 | batch=00250/01562 | loss=9.547993e-01 | stage_elapsed=00:02:24 | stage_eta=00:12:37
2026-08-19 20:45:02 | INFO    | TRAIN | epoch=012/060 | batch=00300/01562 | loss=9.583555e-01 | stage_elapsed=00:02:51 | stage_eta=00:11:58
2026-08-19 20:45:32 | INFO    | TRAIN | epoch=012/060 | batch=00350/01562 | loss=9.617288e-01 | stage_elapsed=00:03:21 | stage_eta=00:11:37
2026-08-19 20:45:59 | INFO    | TRAIN | epoch=012/060 | batch=00400/01562 | loss=9.654777e-01 | stage_elapsed=00:03:48 | stage_eta=00:11:02
2026-08-19 20:46:29 | INFO    | TRAIN | epoch=012/060 | batch=00450/01562 | loss=9.616094e-01 | stage_elapsed=00:04:18 | stage_eta=00:10:38
2026-08-19 20:46:56 | INFO    | TRAIN | epoch=012/060 | batch=00500/01562 | loss=9.570463e-01 | stage_elapsed=00:04:45 | stage_eta=00:10:05
2026-08-19 20:47:26 | INFO    | TRAIN | epoch=012/060 | batch=00550/01562 | loss=9.508988e-01 | stage_elapsed=00:05:15 | stage_eta=00:09:40
2026-08-19 20:47:53 | INFO    | TRAIN | epoch=012/060 | batch=00600/01562 | loss=9.554837e-01 | stage_elapsed=00:05:42 | stage_eta=00:09:09
2026-08-19 20:48:24 | INFO    | TRAIN | epoch=012/060 | batch=00650/01562 | loss=9.598082e-01 | stage_elapsed=00:06:13 | stage_eta=00:08:43
2026-08-19 20:48:50 | INFO    | TRAIN | epoch=012/060 | batch=00700/01562 | loss=9.555433e-01 | stage_elapsed=00:06:39 | stage_eta=00:08:11
2026-08-19 20:49:21 | INFO    | TRAIN | epoch=012/060 | batch=00750/01562 | loss=9.634667e-01 | stage_elapsed=00:07:10 | stage_eta=00:07:46
2026-08-19 20:49:47 | INFO    | TRAIN | epoch=012/060 | batch=00800/01562 | loss=9.610528e-01 | stage_elapsed=00:07:36 | stage_eta=00:07:15
2026-08-19 20:50:17 | INFO    | TRAIN | epoch=012/060 | batch=00850/01562 | loss=9.537693e-01 | stage_elapsed=00:08:06 | stage_eta=00:06:47
2026-08-19 20:50:44 | INFO    | TRAIN | epoch=012/060 | batch=00900/01562 | loss=9.528659e-01 | stage_elapsed=00:08:33 | stage_eta=00:06:18
2026-08-19 20:51:12 | INFO    | TRAIN | epoch=012/060 | batch=00950/01562 | loss=9.577319e-01 | stage_elapsed=00:09:01 | stage_eta=00:05:49
2026-08-19 20:51:41 | INFO    | TRAIN | epoch=012/060 | batch=01000/01562 | loss=9.553813e-01 | stage_elapsed=00:09:30 | stage_eta=00:05:21
2026-08-19 20:52:09 | INFO    | TRAIN | epoch=012/060 | batch=01050/01562 | loss=9.456079e-01 | stage_elapsed=00:09:58 | stage_eta=00:04:51
2026-08-19 20:52:38 | INFO    | TRAIN | epoch=012/060 | batch=01100/01562 | loss=9.649391e-01 | stage_elapsed=00:10:27 | stage_eta=00:04:23
2026-08-19 20:53:07 | INFO    | TRAIN | epoch=012/060 | batch=01150/01562 | loss=9.495859e-01 | stage_elapsed=00:10:56 | stage_eta=00:03:55
2026-08-19 20:53:36 | INFO    | TRAIN | epoch=012/060 | batch=01200/01562 | loss=9.414368e-01 | stage_elapsed=00:11:25 | stage_eta=00:03:27
2026-08-19 20:54:03 | INFO    | TRAIN | epoch=012/060 | batch=01250/01562 | loss=9.543349e-01 | stage_elapsed=00:11:52 | stage_eta=00:02:58
2026-08-19 20:54:33 | INFO    | TRAIN | epoch=012/060 | batch=01300/01562 | loss=9.455068e-01 | stage_elapsed=00:12:22 | stage_eta=00:02:30
2026-08-19 20:54:59 | INFO    | TRAIN | epoch=012/060 | batch=01350/01562 | loss=9.580361e-01 | stage_elapsed=00:12:48 | stage_eta=00:02:01
2026-08-19 20:55:29 | INFO    | TRAIN | epoch=012/060 | batch=01400/01562 | loss=9.563981e-01 | stage_elapsed=00:13:18 | stage_eta=00:01:32
2026-08-19 20:55:56 | INFO    | TRAIN | epoch=012/060 | batch=01450/01562 | loss=9.512725e-01 | stage_elapsed=00:13:45 | stage_eta=00:01:04
2026-08-19 20:56:27 | INFO    | TRAIN | epoch=012/060 | batch=01500/01562 | loss=9.538307e-01 | stage_elapsed=00:14:16 | stage_eta=00:00:35
2026-08-19 20:56:53 | INFO    | TRAIN | epoch=012/060 | batch=01550/01562 | loss=9.530213e-01 | stage_elapsed=00:14:42 | stage_eta=00:00:07
2026-08-19 20:56:59 | INFO    | TRAIN | epoch=012/060 | batch=01562/01562 | loss=9.524513e-01 | stage_elapsed=00:14:48 | stage_eta=00:00:00
2026-08-19 20:57:15 | INFO    | VAL | epoch=012/060 | batch=00050/00312 | loss=9.508802e-01 | stage_elapsed=00:00:17 | stage_eta=00:01:27
2026-08-19 20:57:29 | INFO    | VAL | epoch=012/060 | batch=00100/00312 | loss=9.593358e-01 | stage_elapsed=00:00:31 | stage_eta=00:01:05
2026-08-19 20:57:42 | INFO    | VAL | epoch=012/060 | batch=00150/00312 | loss=9.594252e-01 | stage_elapsed=00:00:44 | stage_eta=00:00:47
2026-08-19 20:57:55 | INFO    | VAL | epoch=012/060 | batch=00200/00312 | loss=9.651051e-01 | stage_elapsed=00:00:56 | stage_eta=00:00:31
2026-08-19 20:58:11 | INFO    | VAL | epoch=012/060 | batch=00250/00312 | loss=9.629092e-01 | stage_elapsed=00:01:13 | stage_eta=00:00:18
2026-08-19 20:58:26 | INFO    | VAL | epoch=012/060 | batch=00300/00312 | loss=9.542098e-01 | stage_elapsed=00:01:27 | stage_eta=00:00:03
2026-08-19 20:58:29 | INFO    | VAL | epoch=012/060 | batch=00312/00312 | loss=9.529935e-01 | stage_elapsed=00:01:30 | stage_eta=00:00:00
2026-08-19 20:58:34 | INFO    | Epoch 012 complete | train=9.555094e-01 | val=9.578426e-01 | best=9.578426e-01 | lr=1.000e-04 | epoch_time=00:16:23 | run_elapsed=03:45:34 | eta=15:02:18 | finish=2026-08-20 12:00:51 CST
2026-08-19 20:59:01 | INFO    | TRAIN | epoch=013/060 | batch=00050/01562 | loss=9.474038e-01 | stage_elapsed=00:00:27 | stage_eta=00:13:48
2026-08-19 20:59:30 | INFO    | TRAIN | epoch=013/060 | batch=00100/01562 | loss=9.591722e-01 | stage_elapsed=00:00:57 | stage_eta=00:13:52
2026-08-19 20:59:58 | INFO    | TRAIN | epoch=013/060 | batch=00150/01562 | loss=9.542009e-01 | stage_elapsed=00:01:25 | stage_eta=00:13:19
2026-08-19 21:00:29 | INFO    | TRAIN | epoch=013/060 | batch=00200/01562 | loss=9.528082e-01 | stage_elapsed=00:01:55 | stage_eta=00:13:04
2026-08-19 21:00:54 | INFO    | TRAIN | epoch=013/060 | batch=00250/01562 | loss=9.532537e-01 | stage_elapsed=00:02:21 | stage_eta=00:12:18
2026-08-19 21:01:25 | INFO    | TRAIN | epoch=013/060 | batch=00300/01562 | loss=9.479940e-01 | stage_elapsed=00:02:52 | stage_eta=00:12:02
2026-08-19 21:01:51 | INFO    | TRAIN | epoch=013/060 | batch=00350/01562 | loss=9.406182e-01 | stage_elapsed=00:03:18 | stage_eta=00:11:25
2026-08-19 21:02:21 | INFO    | TRAIN | epoch=013/060 | batch=00400/01562 | loss=9.584045e-01 | stage_elapsed=00:03:47 | stage_eta=00:11:00
2026-08-19 21:02:48 | INFO    | TRAIN | epoch=013/060 | batch=00450/01562 | loss=9.427623e-01 | stage_elapsed=00:04:14 | stage_eta=00:10:29
2026-08-19 21:03:16 | INFO    | TRAIN | epoch=013/060 | batch=00500/01562 | loss=9.413124e-01 | stage_elapsed=00:04:43 | stage_eta=00:10:00
2026-08-19 21:03:45 | INFO    | TRAIN | epoch=013/060 | batch=00550/01562 | loss=9.453673e-01 | stage_elapsed=00:05:11 | stage_eta=00:09:33
2026-08-19 21:04:14 | INFO    | TRAIN | epoch=013/060 | batch=00600/01562 | loss=9.449914e-01 | stage_elapsed=00:05:40 | stage_eta=00:09:06
2026-08-19 21:04:42 | INFO    | TRAIN | epoch=013/060 | batch=00650/01562 | loss=9.531924e-01 | stage_elapsed=00:06:08 | stage_eta=00:08:36
2026-08-19 21:05:11 | INFO    | TRAIN | epoch=013/060 | batch=00700/01562 | loss=9.486549e-01 | stage_elapsed=00:06:37 | stage_eta=00:08:09
2026-08-19 21:05:38 | INFO    | TRAIN | epoch=013/060 | batch=00750/01562 | loss=9.560368e-01 | stage_elapsed=00:07:05 | stage_eta=00:07:40
2026-08-19 21:06:07 | INFO    | TRAIN | epoch=013/060 | batch=00800/01562 | loss=9.569429e-01 | stage_elapsed=00:07:33 | stage_eta=00:07:11
2026-08-19 21:06:35 | INFO    | TRAIN | epoch=013/060 | batch=00850/01562 | loss=9.527285e-01 | stage_elapsed=00:08:02 | stage_eta=00:06:44
2026-08-19 21:07:03 | INFO    | TRAIN | epoch=013/060 | batch=00900/01562 | loss=9.394280e-01 | stage_elapsed=00:08:30 | stage_eta=00:06:15
2026-08-19 21:07:32 | INFO    | TRAIN | epoch=013/060 | batch=00950/01562 | loss=9.419536e-01 | stage_elapsed=00:08:58 | stage_eta=00:05:47
2026-08-19 21:07:59 | INFO    | TRAIN | epoch=013/060 | batch=01000/01562 | loss=9.423596e-01 | stage_elapsed=00:09:26 | stage_eta=00:05:18
2026-08-19 21:08:30 | INFO    | TRAIN | epoch=013/060 | batch=01050/01562 | loss=9.372462e-01 | stage_elapsed=00:09:57 | stage_eta=00:04:51
2026-08-19 21:08:57 | INFO    | TRAIN | epoch=013/060 | batch=01100/01562 | loss=9.468586e-01 | stage_elapsed=00:10:24 | stage_eta=00:04:22
2026-08-19 21:09:28 | INFO    | TRAIN | epoch=013/060 | batch=01150/01562 | loss=9.599618e-01 | stage_elapsed=00:10:54 | stage_eta=00:03:54
2026-08-19 21:09:53 | INFO    | TRAIN | epoch=013/060 | batch=01200/01562 | loss=9.366990e-01 | stage_elapsed=00:11:20 | stage_eta=00:03:25
2026-08-19 21:10:23 | INFO    | TRAIN | epoch=013/060 | batch=01250/01562 | loss=9.465656e-01 | stage_elapsed=00:11:49 | stage_eta=00:02:57
2026-08-19 21:10:51 | INFO    | TRAIN | epoch=013/060 | batch=01300/01562 | loss=9.373526e-01 | stage_elapsed=00:12:17 | stage_eta=00:02:29
2026-08-19 21:11:22 | INFO    | TRAIN | epoch=013/060 | batch=01350/01562 | loss=9.453590e-01 | stage_elapsed=00:12:48 | stage_eta=00:02:01
2026-08-19 21:11:48 | INFO    | TRAIN | epoch=013/060 | batch=01400/01562 | loss=9.419129e-01 | stage_elapsed=00:13:15 | stage_eta=00:01:32
2026-08-19 21:12:18 | INFO    | TRAIN | epoch=013/060 | batch=01450/01562 | loss=9.413450e-01 | stage_elapsed=00:13:45 | stage_eta=00:01:04
2026-08-19 21:12:45 | INFO    | TRAIN | epoch=013/060 | batch=01500/01562 | loss=9.418141e-01 | stage_elapsed=00:14:12 | stage_eta=00:00:35
2026-08-19 21:13:15 | INFO    | TRAIN | epoch=013/060 | batch=01550/01562 | loss=9.452627e-01 | stage_elapsed=00:14:42 | stage_eta=00:00:07
2026-08-19 21:13:22 | INFO    | TRAIN | epoch=013/060 | batch=01562/01562 | loss=9.308395e-01 | stage_elapsed=00:14:48 | stage_eta=00:00:00
2026-08-19 21:13:35 | INFO    | VAL | epoch=013/060 | batch=00050/00312 | loss=9.465125e-01 | stage_elapsed=00:00:13 | stage_eta=00:01:09
2026-08-19 21:13:48 | INFO    | VAL | epoch=013/060 | batch=00100/00312 | loss=9.441660e-01 | stage_elapsed=00:00:27 | stage_eta=00:00:56
2026-08-19 21:14:04 | INFO    | VAL | epoch=013/060 | batch=00150/00312 | loss=9.554827e-01 | stage_elapsed=00:00:42 | stage_eta=00:00:46
2026-08-19 21:14:19 | INFO    | VAL | epoch=013/060 | batch=00200/00312 | loss=9.543631e-01 | stage_elapsed=00:00:58 | stage_eta=00:00:32
2026-08-19 21:14:33 | INFO    | VAL | epoch=013/060 | batch=00250/00312 | loss=9.476814e-01 | stage_elapsed=00:01:11 | stage_eta=00:00:18
2026-08-19 21:14:46 | INFO    | VAL | epoch=013/060 | batch=00300/00312 | loss=9.451628e-01 | stage_elapsed=00:01:24 | stage_eta=00:00:03
2026-08-19 21:14:49 | INFO    | VAL | epoch=013/060 | batch=00312/00312 | loss=9.415377e-01 | stage_elapsed=00:01:27 | stage_eta=00:00:00
2026-08-19 21:14:52 | INFO    | Epoch 013 complete | train=9.472043e-01 | val=9.509514e-01 | best=9.509514e-01 | lr=1.000e-04 | epoch_time=00:16:19 | run_elapsed=04:01:53 | eta=14:34:31 | finish=2026-08-20 11:49:23 CST
2026-08-19 21:15:23 | INFO    | TRAIN | epoch=014/060 | batch=00050/01562 | loss=9.351803e-01 | stage_elapsed=00:00:30 | stage_eta=00:15:21
2026-08-19 21:15:48 | INFO    | TRAIN | epoch=014/060 | batch=00100/01562 | loss=9.395519e-01 | stage_elapsed=00:00:56 | stage_eta=00:13:37
2026-08-19 21:16:20 | INFO    | TRAIN | epoch=014/060 | batch=00150/01562 | loss=9.226394e-01 | stage_elapsed=00:01:28 | stage_eta=00:13:50
2026-08-19 21:16:46 | INFO    | TRAIN | epoch=014/060 | batch=00200/01562 | loss=9.374071e-01 | stage_elapsed=00:01:54 | stage_eta=00:12:56
2026-08-19 21:17:16 | INFO    | TRAIN | epoch=014/060 | batch=00250/01562 | loss=9.513680e-01 | stage_elapsed=00:02:24 | stage_eta=00:12:35
2026-08-19 21:17:43 | INFO    | TRAIN | epoch=014/060 | batch=00300/01562 | loss=9.423478e-01 | stage_elapsed=00:02:51 | stage_eta=00:11:58
2026-08-19 21:18:13 | INFO    | TRAIN | epoch=014/060 | batch=00350/01562 | loss=9.369842e-01 | stage_elapsed=00:03:21 | stage_eta=00:11:37
2026-08-19 21:18:40 | INFO    | TRAIN | epoch=014/060 | batch=00400/01562 | loss=9.344319e-01 | stage_elapsed=00:03:48 | stage_eta=00:11:02
2026-08-19 21:19:11 | INFO    | TRAIN | epoch=014/060 | batch=00450/01562 | loss=9.352089e-01 | stage_elapsed=00:04:18 | stage_eta=00:10:39
2026-08-19 21:19:36 | INFO    | TRAIN | epoch=014/060 | batch=00500/01562 | loss=9.398338e-01 | stage_elapsed=00:04:44 | stage_eta=00:10:03
2026-08-19 21:20:08 | INFO    | TRAIN | epoch=014/060 | batch=00550/01562 | loss=9.182627e-01 | stage_elapsed=00:05:15 | stage_eta=00:09:40
2026-08-19 21:20:33 | INFO    | TRAIN | epoch=014/060 | batch=00600/01562 | loss=9.488393e-01 | stage_elapsed=00:05:41 | stage_eta=00:09:07
2026-08-19 21:21:03 | INFO    | TRAIN | epoch=014/060 | batch=00650/01562 | loss=9.380546e-01 | stage_elapsed=00:06:11 | stage_eta=00:08:41
2026-08-19 21:21:30 | INFO    | TRAIN | epoch=014/060 | batch=00700/01562 | loss=9.306642e-01 | stage_elapsed=00:06:38 | stage_eta=00:08:10
2026-08-19 21:22:00 | INFO    | TRAIN | epoch=014/060 | batch=00750/01562 | loss=9.285834e-01 | stage_elapsed=00:07:08 | stage_eta=00:07:44
2026-08-19 21:22:27 | INFO    | TRAIN | epoch=014/060 | batch=00800/01562 | loss=9.192330e-01 | stage_elapsed=00:07:35 | stage_eta=00:07:13
2026-08-19 21:22:58 | INFO    | TRAIN | epoch=014/060 | batch=00850/01562 | loss=9.332744e-01 | stage_elapsed=00:08:05 | stage_eta=00:06:47
2026-08-19 21:23:23 | INFO    | TRAIN | epoch=014/060 | batch=00900/01562 | loss=9.328426e-01 | stage_elapsed=00:08:31 | stage_eta=00:06:16
2026-08-19 21:23:53 | INFO    | TRAIN | epoch=014/060 | batch=00950/01562 | loss=9.218771e-01 | stage_elapsed=00:09:01 | stage_eta=00:05:48
2026-08-19 21:24:19 | INFO    | TRAIN | epoch=014/060 | batch=01000/01562 | loss=9.420628e-01 | stage_elapsed=00:09:26 | stage_eta=00:05:18
2026-08-19 21:24:50 | INFO    | TRAIN | epoch=014/060 | batch=01050/01562 | loss=9.433209e-01 | stage_elapsed=00:09:58 | stage_eta=00:04:51
2026-08-19 21:25:16 | INFO    | TRAIN | epoch=014/060 | batch=01100/01562 | loss=9.262750e-01 | stage_elapsed=00:10:24 | stage_eta=00:04:22
2026-08-19 21:25:47 | INFO    | TRAIN | epoch=014/060 | batch=01150/01562 | loss=9.321783e-01 | stage_elapsed=00:10:55 | stage_eta=00:03:55
2026-08-19 21:26:13 | INFO    | TRAIN | epoch=014/060 | batch=01200/01562 | loss=9.361213e-01 | stage_elapsed=00:11:21 | stage_eta=00:03:25
2026-08-19 21:26:44 | INFO    | TRAIN | epoch=014/060 | batch=01250/01562 | loss=9.426371e-01 | stage_elapsed=00:11:52 | stage_eta=00:02:58
2026-08-19 21:27:09 | INFO    | TRAIN | epoch=014/060 | batch=01300/01562 | loss=9.404466e-01 | stage_elapsed=00:12:17 | stage_eta=00:02:29
2026-08-19 21:27:40 | INFO    | TRAIN | epoch=014/060 | batch=01350/01562 | loss=9.316231e-01 | stage_elapsed=00:12:48 | stage_eta=00:02:01
2026-08-19 21:28:06 | INFO    | TRAIN | epoch=014/060 | batch=01400/01562 | loss=9.421908e-01 | stage_elapsed=00:13:14 | stage_eta=00:01:32
2026-08-19 21:28:37 | INFO    | TRAIN | epoch=014/060 | batch=01450/01562 | loss=9.438146e-01 | stage_elapsed=00:13:44 | stage_eta=00:01:04
2026-08-19 21:29:03 | INFO    | TRAIN | epoch=014/060 | batch=01500/01562 | loss=9.212511e-01 | stage_elapsed=00:14:11 | stage_eta=00:00:35
2026-08-19 21:29:34 | INFO    | TRAIN | epoch=014/060 | batch=01550/01562 | loss=9.252289e-01 | stage_elapsed=00:14:42 | stage_eta=00:00:07
2026-08-19 21:29:40 | INFO    | TRAIN | epoch=014/060 | batch=01562/01562 | loss=9.154480e-01 | stage_elapsed=00:14:48 | stage_eta=00:00:00
2026-08-19 21:29:53 | INFO    | VAL | epoch=014/060 | batch=00050/00312 | loss=9.401596e-01 | stage_elapsed=00:00:13 | stage_eta=00:01:09
2026-08-19 21:30:07 | INFO    | VAL | epoch=014/060 | batch=00100/00312 | loss=9.322138e-01 | stage_elapsed=00:00:27 | stage_eta=00:00:56
2026-08-19 21:30:23 | INFO    | VAL | epoch=014/060 | batch=00150/00312 | loss=9.519109e-01 | stage_elapsed=00:00:43 | stage_eta=00:00:47
2026-08-19 21:30:36 | INFO    | VAL | epoch=014/060 | batch=00200/00312 | loss=9.416170e-01 | stage_elapsed=00:00:56 | stage_eta=00:00:31
2026-08-19 21:30:49 | INFO    | VAL | epoch=014/060 | batch=00250/00312 | loss=9.480678e-01 | stage_elapsed=00:01:08 | stage_eta=00:00:17
2026-08-19 21:31:03 | INFO    | VAL | epoch=014/060 | batch=00300/00312 | loss=9.415140e-01 | stage_elapsed=00:01:22 | stage_eta=00:00:03
2026-08-19 21:31:07 | INFO    | VAL | epoch=014/060 | batch=00312/00312 | loss=9.292717e-01 | stage_elapsed=00:01:27 | stage_eta=00:00:00
2026-08-19 21:31:08 | INFO    | Epoch 014 complete | train=9.351019e-01 | val=9.437159e-01 | best=9.437159e-01 | lr=1.000e-04 | epoch_time=00:16:16 | run_elapsed=04:18:09 | eta=14:08:14 | finish=2026-08-20 11:39:22 CST
2026-08-19 21:31:36 | INFO    | TRAIN | epoch=015/060 | batch=00050/01562 | loss=9.366422e-01 | stage_elapsed=00:00:27 | stage_eta=00:13:45
2026-08-19 21:32:06 | INFO    | TRAIN | epoch=015/060 | batch=00100/01562 | loss=9.278532e-01 | stage_elapsed=00:00:57 | stage_eta=00:13:55
2026-08-19 21:32:33 | INFO    | TRAIN | epoch=015/060 | batch=00150/01562 | loss=9.175507e-01 | stage_elapsed=00:01:24 | stage_eta=00:13:13
2026-08-19 21:33:02 | INFO    | TRAIN | epoch=015/060 | batch=00200/01562 | loss=9.209281e-01 | stage_elapsed=00:01:54 | stage_eta=00:12:53
2026-08-19 21:33:30 | INFO    | TRAIN | epoch=015/060 | batch=00250/01562 | loss=9.363906e-01 | stage_elapsed=00:02:22 | stage_eta=00:12:23
2026-08-19 21:34:00 | INFO    | TRAIN | epoch=015/060 | batch=00300/01562 | loss=9.233830e-01 | stage_elapsed=00:02:51 | stage_eta=00:12:00
2026-08-19 21:34:27 | INFO    | TRAIN | epoch=015/060 | batch=00350/01562 | loss=9.226084e-01 | stage_elapsed=00:03:18 | stage_eta=00:11:27
2026-08-19 21:34:56 | INFO    | TRAIN | epoch=015/060 | batch=00400/01562 | loss=9.297487e-01 | stage_elapsed=00:03:48 | stage_eta=00:11:02
2026-08-19 21:35:22 | INFO    | TRAIN | epoch=015/060 | batch=00450/01562 | loss=9.186031e-01 | stage_elapsed=00:04:13 | stage_eta=00:10:26
2026-08-19 21:35:53 | INFO    | TRAIN | epoch=015/060 | batch=00500/01562 | loss=9.116149e-01 | stage_elapsed=00:04:45 | stage_eta=00:10:04
2026-08-19 21:36:18 | INFO    | TRAIN | epoch=015/060 | batch=00550/01562 | loss=9.311646e-01 | stage_elapsed=00:05:10 | stage_eta=00:09:30
2026-08-19 21:36:49 | INFO    | TRAIN | epoch=015/060 | batch=00600/01562 | loss=9.209599e-01 | stage_elapsed=00:05:41 | stage_eta=00:09:07
2026-08-19 21:37:16 | INFO    | TRAIN | epoch=015/060 | batch=00650/01562 | loss=9.313384e-01 | stage_elapsed=00:06:08 | stage_eta=00:08:36
2026-08-19 21:37:46 | INFO    | TRAIN | epoch=015/060 | batch=00700/01562 | loss=9.185910e-01 | stage_elapsed=00:06:37 | stage_eta=00:08:09
2026-08-19 21:38:14 | INFO    | TRAIN | epoch=015/060 | batch=00750/01562 | loss=8.944778e-01 | stage_elapsed=00:07:05 | stage_eta=00:07:40
2026-08-19 21:38:42 | INFO    | TRAIN | epoch=015/060 | batch=00800/01562 | loss=9.184404e-01 | stage_elapsed=00:07:34 | stage_eta=00:07:12
2026-08-19 21:39:09 | INFO    | TRAIN | epoch=015/060 | batch=00850/01562 | loss=8.906550e-01 | stage_elapsed=00:08:00 | stage_eta=00:06:42
2026-08-19 21:39:39 | INFO    | TRAIN | epoch=015/060 | batch=00900/01562 | loss=9.131711e-01 | stage_elapsed=00:08:31 | stage_eta=00:06:16
2026-08-19 21:40:05 | INFO    | TRAIN | epoch=015/060 | batch=00950/01562 | loss=9.024956e-01 | stage_elapsed=00:08:57 | stage_eta=00:05:46
2026-08-19 21:40:35 | INFO    | TRAIN | epoch=015/060 | batch=01000/01562 | loss=9.233909e-01 | stage_elapsed=00:09:27 | stage_eta=00:05:18
2026-08-19 21:41:02 | INFO    | TRAIN | epoch=015/060 | batch=01050/01562 | loss=9.251135e-01 | stage_elapsed=00:09:54 | stage_eta=00:04:50
2026-08-19 21:41:32 | INFO    | TRAIN | epoch=015/060 | batch=01100/01562 | loss=9.169859e-01 | stage_elapsed=00:10:24 | stage_eta=00:04:22
2026-08-19 21:41:59 | INFO    | TRAIN | epoch=015/060 | batch=01150/01562 | loss=9.061943e-01 | stage_elapsed=00:10:51 | stage_eta=00:03:53
2026-08-19 21:42:30 | INFO    | TRAIN | epoch=015/060 | batch=01200/01562 | loss=9.213227e-01 | stage_elapsed=00:11:22 | stage_eta=00:03:26
2026-08-19 21:42:56 | INFO    | TRAIN | epoch=015/060 | batch=01250/01562 | loss=9.182075e-01 | stage_elapsed=00:11:48 | stage_eta=00:02:57
2026-08-19 21:43:27 | INFO    | TRAIN | epoch=015/060 | batch=01300/01562 | loss=9.198616e-01 | stage_elapsed=00:12:18 | stage_eta=00:02:29
2026-08-19 21:43:52 | INFO    | TRAIN | epoch=015/060 | batch=01350/01562 | loss=9.181904e-01 | stage_elapsed=00:12:44 | stage_eta=00:02:00
2026-08-19 21:44:23 | INFO    | TRAIN | epoch=015/060 | batch=01400/01562 | loss=9.070559e-01 | stage_elapsed=00:13:15 | stage_eta=00:01:32
2026-08-19 21:44:49 | INFO    | TRAIN | epoch=015/060 | batch=01450/01562 | loss=9.189098e-01 | stage_elapsed=00:13:40 | stage_eta=00:01:03
2026-08-19 21:45:20 | INFO    | TRAIN | epoch=015/060 | batch=01500/01562 | loss=9.130064e-01 | stage_elapsed=00:14:11 | stage_eta=00:00:35
2026-08-19 21:45:46 | INFO    | TRAIN | epoch=015/060 | batch=01550/01562 | loss=9.194752e-01 | stage_elapsed=00:14:38 | stage_eta=00:00:07
2026-08-19 21:45:53 | INFO    | TRAIN | epoch=015/060 | batch=01562/01562 | loss=9.235387e-01 | stage_elapsed=00:14:45 | stage_eta=00:00:00
2026-08-19 21:46:09 | INFO    | VAL | epoch=015/060 | batch=00050/00312 | loss=9.327080e-01 | stage_elapsed=00:00:16 | stage_eta=00:01:23
2026-08-19 21:46:24 | INFO    | VAL | epoch=015/060 | batch=00100/00312 | loss=9.194872e-01 | stage_elapsed=00:00:31 | stage_eta=00:01:06
2026-08-19 21:46:37 | INFO    | VAL | epoch=015/060 | batch=00150/00312 | loss=9.452170e-01 | stage_elapsed=00:00:44 | stage_eta=00:00:48
2026-08-19 21:46:50 | INFO    | VAL | epoch=015/060 | batch=00200/00312 | loss=9.285015e-01 | stage_elapsed=00:00:57 | stage_eta=00:00:32
2026-08-19 21:47:05 | INFO    | VAL | epoch=015/060 | batch=00250/00312 | loss=9.387704e-01 | stage_elapsed=00:01:12 | stage_eta=00:00:18
2026-08-19 21:47:20 | INFO    | VAL | epoch=015/060 | batch=00300/00312 | loss=9.357155e-01 | stage_elapsed=00:01:27 | stage_eta=00:00:03
2026-08-19 21:47:23 | INFO    | VAL | epoch=015/060 | batch=00312/00312 | loss=9.237946e-01 | stage_elapsed=00:01:30 | stage_eta=00:00:00
2026-08-19 21:47:25 | INFO    | Epoch 015 complete | train=9.200853e-01 | val=9.367709e-01 | best=9.367709e-01 | lr=1.000e-04 | epoch_time=00:16:17 | run_elapsed=04:34:26 | eta=13:43:18 | finish=2026-08-20 11:30:44 CST
2026-08-19 21:47:51 | INFO    | TRAIN | epoch=016/060 | batch=00050/01562 | loss=9.028689e-01 | stage_elapsed=00:00:26 | stage_eta=00:13:11
2026-08-19 21:48:21 | INFO    | TRAIN | epoch=016/060 | batch=00100/01562 | loss=9.058405e-01 | stage_elapsed=00:00:56 | stage_eta=00:13:34
2026-08-19 21:48:48 | INFO    | TRAIN | epoch=016/060 | batch=00150/01562 | loss=8.963717e-01 | stage_elapsed=00:01:22 | stage_eta=00:12:56
2026-08-19 21:49:18 | INFO    | TRAIN | epoch=016/060 | batch=00200/01562 | loss=9.056089e-01 | stage_elapsed=00:01:52 | stage_eta=00:12:45
2026-08-19 21:49:44 | INFO    | TRAIN | epoch=016/060 | batch=00250/01562 | loss=9.077596e-01 | stage_elapsed=00:02:18 | stage_eta=00:12:06
2026-08-19 21:50:14 | INFO    | TRAIN | epoch=016/060 | batch=00300/01562 | loss=9.211898e-01 | stage_elapsed=00:02:49 | stage_eta=00:11:51
2026-08-19 21:50:40 | INFO    | TRAIN | epoch=016/060 | batch=00350/01562 | loss=8.935925e-01 | stage_elapsed=00:03:14 | stage_eta=00:11:13
2026-08-19 21:51:10 | INFO    | TRAIN | epoch=016/060 | batch=00400/01562 | loss=9.262640e-01 | stage_elapsed=00:03:45 | stage_eta=00:10:53
2026-08-19 21:51:37 | INFO    | TRAIN | epoch=016/060 | batch=00450/01562 | loss=9.051703e-01 | stage_elapsed=00:04:11 | stage_eta=00:10:21
2026-08-19 21:52:06 | INFO    | TRAIN | epoch=016/060 | batch=00500/01562 | loss=9.193686e-01 | stage_elapsed=00:04:41 | stage_eta=00:09:57
2026-08-19 21:52:32 | INFO    | TRAIN | epoch=016/060 | batch=00550/01562 | loss=9.055703e-01 | stage_elapsed=00:05:07 | stage_eta=00:09:25
2026-08-19 21:53:04 | INFO    | TRAIN | epoch=016/060 | batch=00600/01562 | loss=8.917609e-01 | stage_elapsed=00:05:39 | stage_eta=00:09:03
2026-08-19 21:53:29 | INFO    | TRAIN | epoch=016/060 | batch=00650/01562 | loss=9.043715e-01 | stage_elapsed=00:06:04 | stage_eta=00:08:31
2026-08-19 21:54:00 | INFO    | TRAIN | epoch=016/060 | batch=00700/01562 | loss=8.751729e-01 | stage_elapsed=00:06:35 | stage_eta=00:08:06
2026-08-19 21:54:25 | INFO    | TRAIN | epoch=016/060 | batch=00750/01562 | loss=8.931766e-01 | stage_elapsed=00:07:00 | stage_eta=00:07:35
2026-08-19 21:54:55 | INFO    | TRAIN | epoch=016/060 | batch=00800/01562 | loss=8.886862e-01 | stage_elapsed=00:07:30 | stage_eta=00:07:09
2026-08-19 21:55:22 | INFO    | TRAIN | epoch=016/060 | batch=00850/01562 | loss=9.056458e-01 | stage_elapsed=00:07:57 | stage_eta=00:06:39
2026-08-19 21:55:53 | INFO    | TRAIN | epoch=016/060 | batch=00900/01562 | loss=8.946361e-01 | stage_elapsed=00:08:28 | stage_eta=00:06:13
2026-08-19 21:56:20 | INFO    | TRAIN | epoch=016/060 | batch=00950/01562 | loss=9.011548e-01 | stage_elapsed=00:08:55 | stage_eta=00:05:45
2026-08-19 21:56:49 | INFO    | TRAIN | epoch=016/060 | batch=01000/01562 | loss=8.985846e-01 | stage_elapsed=00:09:24 | stage_eta=00:05:17
2026-08-19 21:57:16 | INFO    | TRAIN | epoch=016/060 | batch=01050/01562 | loss=9.033291e-01 | stage_elapsed=00:09:51 | stage_eta=00:04:48
2026-08-19 21:57:47 | INFO    | TRAIN | epoch=016/060 | batch=01100/01562 | loss=8.748552e-01 | stage_elapsed=00:10:21 | stage_eta=00:04:21
2026-08-19 21:58:13 | INFO    | TRAIN | epoch=016/060 | batch=01150/01562 | loss=8.884787e-01 | stage_elapsed=00:10:48 | stage_eta=00:03:52
2026-08-19 21:58:43 | INFO    | TRAIN | epoch=016/060 | batch=01200/01562 | loss=8.990642e-01 | stage_elapsed=00:11:18 | stage_eta=00:03:24
2026-08-19 21:59:10 | INFO    | TRAIN | epoch=016/060 | batch=01250/01562 | loss=9.031918e-01 | stage_elapsed=00:11:45 | stage_eta=00:02:56
2026-08-19 21:59:39 | INFO    | TRAIN | epoch=016/060 | batch=01300/01562 | loss=9.021615e-01 | stage_elapsed=00:12:14 | stage_eta=00:02:28
2026-08-19 22:00:07 | INFO    | TRAIN | epoch=016/060 | batch=01350/01562 | loss=8.976097e-01 | stage_elapsed=00:12:41 | stage_eta=00:02:00
2026-08-19 22:00:36 | INFO    | TRAIN | epoch=016/060 | batch=01400/01562 | loss=8.837742e-01 | stage_elapsed=00:13:10 | stage_eta=00:01:31
2026-08-19 22:01:03 | INFO    | TRAIN | epoch=016/060 | batch=01450/01562 | loss=9.022049e-01 | stage_elapsed=00:13:38 | stage_eta=00:01:03
2026-08-19 22:01:32 | INFO    | TRAIN | epoch=016/060 | batch=01500/01562 | loss=9.102534e-01 | stage_elapsed=00:14:07 | stage_eta=00:00:35
2026-08-19 22:02:01 | INFO    | TRAIN | epoch=016/060 | batch=01550/01562 | loss=9.147133e-01 | stage_elapsed=00:14:35 | stage_eta=00:00:07
2026-08-19 22:02:08 | INFO    | TRAIN | epoch=016/060 | batch=01562/01562 | loss=9.114104e-01 | stage_elapsed=00:14:43 | stage_eta=00:00:00
2026-08-19 22:02:21 | INFO    | VAL | epoch=016/060 | batch=00050/00312 | loss=9.212636e-01 | stage_elapsed=00:00:13 | stage_eta=00:01:10
2026-08-19 22:02:34 | INFO    | VAL | epoch=016/060 | batch=00100/00312 | loss=9.056475e-01 | stage_elapsed=00:00:26 | stage_eta=00:00:55
2026-08-19 22:02:48 | INFO    | VAL | epoch=016/060 | batch=00150/00312 | loss=9.344739e-01 | stage_elapsed=00:00:40 | stage_eta=00:00:43
2026-08-19 22:03:05 | INFO    | VAL | epoch=016/060 | batch=00200/00312 | loss=9.225076e-01 | stage_elapsed=00:00:57 | stage_eta=00:00:32
2026-08-19 22:03:18 | INFO    | VAL | epoch=016/060 | batch=00250/00312 | loss=9.278633e-01 | stage_elapsed=00:01:10 | stage_eta=00:00:17
2026-08-19 22:03:30 | INFO    | VAL | epoch=016/060 | batch=00300/00312 | loss=9.286140e-01 | stage_elapsed=00:01:22 | stage_eta=00:00:03
2026-08-19 22:03:33 | INFO    | VAL | epoch=016/060 | batch=00312/00312 | loss=9.100835e-01 | stage_elapsed=00:01:25 | stage_eta=00:00:00
2026-08-19 22:03:36 | INFO    | Epoch 016 complete | train=9.033511e-01 | val=9.260423e-01 | best=9.260423e-01 | lr=1.000e-04 | epoch_time=00:16:11 | run_elapsed=04:50:37 | eta=13:19:12 | finish=2026-08-20 11:22:48 CST
2026-08-19 22:04:06 | INFO    | TRAIN | epoch=017/060 | batch=00050/01562 | loss=8.627487e-01 | stage_elapsed=00:00:30 | stage_eta=00:15:01
2026-08-19 22:04:32 | INFO    | TRAIN | epoch=017/060 | batch=00100/01562 | loss=8.801796e-01 | stage_elapsed=00:00:56 | stage_eta=00:13:34
2026-08-19 22:05:02 | INFO    | TRAIN | epoch=017/060 | batch=00150/01562 | loss=8.711776e-01 | stage_elapsed=00:01:26 | stage_eta=00:13:32
2026-08-19 22:05:29 | INFO    | TRAIN | epoch=017/060 | batch=00200/01562 | loss=8.729678e-01 | stage_elapsed=00:01:53 | stage_eta=00:12:49
2026-08-19 22:05:59 | INFO    | TRAIN | epoch=017/060 | batch=00250/01562 | loss=8.858986e-01 | stage_elapsed=00:02:23 | stage_eta=00:12:31
2026-08-19 22:06:26 | INFO    | TRAIN | epoch=017/060 | batch=00300/01562 | loss=9.010345e-01 | stage_elapsed=00:02:50 | stage_eta=00:11:54
2026-08-19 22:06:56 | INFO    | TRAIN | epoch=017/060 | batch=00350/01562 | loss=8.778780e-01 | stage_elapsed=00:03:20 | stage_eta=00:11:32
2026-08-19 22:07:21 | INFO    | TRAIN | epoch=017/060 | batch=00400/01562 | loss=8.544698e-01 | stage_elapsed=00:03:45 | stage_eta=00:10:55
2026-08-19 22:07:52 | INFO    | TRAIN | epoch=017/060 | batch=00450/01562 | loss=8.962811e-01 | stage_elapsed=00:04:16 | stage_eta=00:10:32
2026-08-19 22:08:17 | INFO    | TRAIN | epoch=017/060 | batch=00500/01562 | loss=8.809263e-01 | stage_elapsed=00:04:41 | stage_eta=00:09:57
2026-08-19 22:08:49 | INFO    | TRAIN | epoch=017/060 | batch=00550/01562 | loss=8.858364e-01 | stage_elapsed=00:05:13 | stage_eta=00:09:35
2026-08-19 22:09:14 | INFO    | TRAIN | epoch=017/060 | batch=00600/01562 | loss=8.950328e-01 | stage_elapsed=00:05:38 | stage_eta=00:09:02
2026-08-19 22:09:44 | INFO    | TRAIN | epoch=017/060 | batch=00650/01562 | loss=8.925877e-01 | stage_elapsed=00:06:08 | stage_eta=00:08:36
2026-08-19 22:10:11 | INFO    | TRAIN | epoch=017/060 | batch=00700/01562 | loss=8.888673e-01 | stage_elapsed=00:06:35 | stage_eta=00:08:06
2026-08-19 22:10:42 | INFO    | TRAIN | epoch=017/060 | batch=00750/01562 | loss=8.865299e-01 | stage_elapsed=00:07:06 | stage_eta=00:07:41
2026-08-19 22:11:07 | INFO    | TRAIN | epoch=017/060 | batch=00800/01562 | loss=8.736088e-01 | stage_elapsed=00:07:31 | stage_eta=00:07:10
2026-08-19 22:11:39 | INFO    | TRAIN | epoch=017/060 | batch=00850/01562 | loss=8.861847e-01 | stage_elapsed=00:08:03 | stage_eta=00:06:45
2026-08-19 22:12:04 | INFO    | TRAIN | epoch=017/060 | batch=00900/01562 | loss=8.736470e-01 | stage_elapsed=00:08:28 | stage_eta=00:06:14
2026-08-19 22:12:35 | INFO    | TRAIN | epoch=017/060 | batch=00950/01562 | loss=8.966542e-01 | stage_elapsed=00:08:59 | stage_eta=00:05:47
2026-08-19 22:13:02 | INFO    | TRAIN | epoch=017/060 | batch=01000/01562 | loss=8.923317e-01 | stage_elapsed=00:09:25 | stage_eta=00:05:18
2026-08-19 22:13:32 | INFO    | TRAIN | epoch=017/060 | batch=01050/01562 | loss=8.936986e-01 | stage_elapsed=00:09:56 | stage_eta=00:04:50
2026-08-19 22:13:58 | INFO    | TRAIN | epoch=017/060 | batch=01100/01562 | loss=9.039687e-01 | stage_elapsed=00:10:22 | stage_eta=00:04:21
2026-08-19 22:14:28 | INFO    | TRAIN | epoch=017/060 | batch=01150/01562 | loss=8.900470e-01 | stage_elapsed=00:10:52 | stage_eta=00:03:54
2026-08-19 22:14:55 | INFO    | TRAIN | epoch=017/060 | batch=01200/01562 | loss=8.858578e-01 | stage_elapsed=00:11:19 | stage_eta=00:03:25
2026-08-19 22:15:26 | INFO    | TRAIN | epoch=017/060 | batch=01250/01562 | loss=8.718529e-01 | stage_elapsed=00:11:50 | stage_eta=00:02:57
2026-08-19 22:15:52 | INFO    | TRAIN | epoch=017/060 | batch=01300/01562 | loss=8.869302e-01 | stage_elapsed=00:12:16 | stage_eta=00:02:28
2026-08-19 22:16:23 | INFO    | TRAIN | epoch=017/060 | batch=01350/01562 | loss=8.715699e-01 | stage_elapsed=00:12:47 | stage_eta=00:02:00
2026-08-19 22:16:48 | INFO    | TRAIN | epoch=017/060 | batch=01400/01562 | loss=8.874084e-01 | stage_elapsed=00:13:12 | stage_eta=00:01:32
2026-08-19 22:17:19 | INFO    | TRAIN | epoch=017/060 | batch=01450/01562 | loss=9.048665e-01 | stage_elapsed=00:13:43 | stage_eta=00:01:04
2026-08-19 22:17:46 | INFO    | TRAIN | epoch=017/060 | batch=01500/01562 | loss=8.945956e-01 | stage_elapsed=00:14:10 | stage_eta=00:00:35
2026-08-19 22:18:16 | INFO    | TRAIN | epoch=017/060 | batch=01550/01562 | loss=8.617314e-01 | stage_elapsed=00:14:40 | stage_eta=00:00:07
2026-08-19 22:18:23 | INFO    | TRAIN | epoch=017/060 | batch=01562/01562 | loss=8.762435e-01 | stage_elapsed=00:14:46 | stage_eta=00:00:00
2026-08-19 22:18:36 | INFO    | VAL | epoch=017/060 | batch=00050/00312 | loss=9.149606e-01 | stage_elapsed=00:00:13 | stage_eta=00:01:11
2026-08-19 22:18:50 | INFO    | VAL | epoch=017/060 | batch=00100/00312 | loss=8.966569e-01 | stage_elapsed=00:00:28 | stage_eta=00:00:59
2026-08-19 22:19:07 | INFO    | VAL | epoch=017/060 | batch=00150/00312 | loss=9.234623e-01 | stage_elapsed=00:00:44 | stage_eta=00:00:48
2026-08-19 22:19:21 | INFO    | VAL | epoch=017/060 | batch=00200/00312 | loss=9.074709e-01 | stage_elapsed=00:00:58 | stage_eta=00:00:32
2026-08-19 22:19:33 | INFO    | VAL | epoch=017/060 | batch=00250/00312 | loss=9.224794e-01 | stage_elapsed=00:01:10 | stage_eta=00:00:17
2026-08-19 22:19:46 | INFO    | VAL | epoch=017/060 | batch=00300/00312 | loss=9.186567e-01 | stage_elapsed=00:01:24 | stage_eta=00:00:03
2026-08-19 22:19:50 | INFO    | VAL | epoch=017/060 | batch=00312/00312 | loss=9.049730e-01 | stage_elapsed=00:01:28 | stage_eta=00:00:00
2026-08-19 22:19:51 | INFO    | Epoch 017 complete | train=8.853121e-01 | val=9.168323e-01 | best=9.168323e-01 | lr=1.000e-04 | epoch_time=00:16:15 | run_elapsed=05:06:52 | eta=12:56:12 | finish=2026-08-20 11:16:04 CST
2026-08-19 22:20:19 | INFO    | TRAIN | epoch=018/060 | batch=00050/01562 | loss=8.509171e-01 | stage_elapsed=00:00:28 | stage_eta=00:14:07
2026-08-19 22:20:49 | INFO    | TRAIN | epoch=018/060 | batch=00100/01562 | loss=8.716884e-01 | stage_elapsed=00:00:57 | stage_eta=00:13:57
2026-08-19 22:21:16 | INFO    | TRAIN | epoch=018/060 | batch=00150/01562 | loss=8.560316e-01 | stage_elapsed=00:01:25 | stage_eta=00:13:18
2026-08-19 22:21:46 | INFO    | TRAIN | epoch=018/060 | batch=00200/01562 | loss=8.624344e-01 | stage_elapsed=00:01:55 | stage_eta=00:13:00
2026-08-19 22:22:12 | INFO    | TRAIN | epoch=018/060 | batch=00250/01562 | loss=8.586134e-01 | stage_elapsed=00:02:21 | stage_eta=00:12:18
2026-08-19 22:22:42 | INFO    | TRAIN | epoch=018/060 | batch=00300/01562 | loss=8.664835e-01 | stage_elapsed=00:02:51 | stage_eta=00:11:57
2026-08-19 22:23:09 | INFO    | TRAIN | epoch=018/060 | batch=00350/01562 | loss=8.710800e-01 | stage_elapsed=00:03:18 | stage_eta=00:11:26
2026-08-19 22:23:40 | INFO    | TRAIN | epoch=018/060 | batch=00400/01562 | loss=8.638443e-01 | stage_elapsed=00:03:48 | stage_eta=00:11:04
2026-08-19 22:24:07 | INFO    | TRAIN | epoch=018/060 | batch=00450/01562 | loss=8.618692e-01 | stage_elapsed=00:04:16 | stage_eta=00:10:32
2026-08-19 22:24:37 | INFO    | TRAIN | epoch=018/060 | batch=00500/01562 | loss=8.854789e-01 | stage_elapsed=00:04:45 | stage_eta=00:10:06
2026-08-19 22:25:02 | INFO    | TRAIN | epoch=018/060 | batch=00550/01562 | loss=8.594087e-01 | stage_elapsed=00:05:11 | stage_eta=00:09:32
2026-08-19 22:25:33 | INFO    | TRAIN | epoch=018/060 | batch=00600/01562 | loss=8.659136e-01 | stage_elapsed=00:05:41 | stage_eta=00:09:07
2026-08-19 22:25:58 | INFO    | TRAIN | epoch=018/060 | batch=00650/01562 | loss=8.697701e-01 | stage_elapsed=00:06:07 | stage_eta=00:08:34
2026-08-19 22:26:28 | INFO    | TRAIN | epoch=018/060 | batch=00700/01562 | loss=8.740848e-01 | stage_elapsed=00:06:36 | stage_eta=00:08:08
2026-08-19 22:26:53 | INFO    | TRAIN | epoch=018/060 | batch=00750/01562 | loss=8.602029e-01 | stage_elapsed=00:07:02 | stage_eta=00:07:37
2026-08-19 22:27:23 | INFO    | TRAIN | epoch=018/060 | batch=00800/01562 | loss=8.419489e-01 | stage_elapsed=00:07:31 | stage_eta=00:07:10
2026-08-19 22:27:49 | INFO    | TRAIN | epoch=018/060 | batch=00850/01562 | loss=8.588246e-01 | stage_elapsed=00:07:58 | stage_eta=00:06:40
2026-08-19 22:28:20 | INFO    | TRAIN | epoch=018/060 | batch=00900/01562 | loss=8.705567e-01 | stage_elapsed=00:08:29 | stage_eta=00:06:14
2026-08-19 22:28:47 | INFO    | TRAIN | epoch=018/060 | batch=00950/01562 | loss=8.555162e-01 | stage_elapsed=00:08:55 | stage_eta=00:05:45
2026-08-19 22:29:17 | INFO    | TRAIN | epoch=018/060 | batch=01000/01562 | loss=8.603868e-01 | stage_elapsed=00:09:26 | stage_eta=00:05:18
2026-08-19 22:29:43 | INFO    | TRAIN | epoch=018/060 | batch=01050/01562 | loss=8.627939e-01 | stage_elapsed=00:09:51 | stage_eta=00:04:48
2026-08-19 22:30:15 | INFO    | TRAIN | epoch=018/060 | batch=01100/01562 | loss=8.566003e-01 | stage_elapsed=00:10:23 | stage_eta=00:04:22
2026-08-19 22:30:40 | INFO    | TRAIN | epoch=018/060 | batch=01150/01562 | loss=8.756106e-01 | stage_elapsed=00:10:49 | stage_eta=00:03:52
2026-08-19 22:31:11 | INFO    | TRAIN | epoch=018/060 | batch=01200/01562 | loss=8.743720e-01 | stage_elapsed=00:11:20 | stage_eta=00:03:25
2026-08-19 22:31:38 | INFO    | TRAIN | epoch=018/060 | batch=01250/01562 | loss=8.643243e-01 | stage_elapsed=00:11:46 | stage_eta=00:02:56
2026-08-19 22:32:08 | INFO    | TRAIN | epoch=018/060 | batch=01300/01562 | loss=8.738664e-01 | stage_elapsed=00:12:17 | stage_eta=00:02:29
2026-08-19 22:32:35 | INFO    | TRAIN | epoch=018/060 | batch=01350/01562 | loss=8.742839e-01 | stage_elapsed=00:12:44 | stage_eta=00:02:00
2026-08-19 22:33:06 | INFO    | TRAIN | epoch=018/060 | batch=01400/01562 | loss=8.702785e-01 | stage_elapsed=00:13:14 | stage_eta=00:01:32
2026-08-19 22:33:32 | INFO    | TRAIN | epoch=018/060 | batch=01450/01562 | loss=8.764427e-01 | stage_elapsed=00:13:40 | stage_eta=00:01:03
2026-08-19 22:34:02 | INFO    | TRAIN | epoch=018/060 | batch=01500/01562 | loss=8.744662e-01 | stage_elapsed=00:14:11 | stage_eta=00:00:35
2026-08-19 22:34:28 | INFO    | TRAIN | epoch=018/060 | batch=01550/01562 | loss=8.656604e-01 | stage_elapsed=00:14:36 | stage_eta=00:00:07
2026-08-19 22:34:36 | INFO    | TRAIN | epoch=018/060 | batch=01562/01562 | loss=8.691266e-01 | stage_elapsed=00:14:45 | stage_eta=00:00:00
2026-08-19 22:34:52 | INFO    | VAL | epoch=018/060 | batch=00050/00312 | loss=9.058447e-01 | stage_elapsed=00:00:16 | stage_eta=00:01:22
2026-08-19 22:35:04 | INFO    | VAL | epoch=018/060 | batch=00100/00312 | loss=8.782271e-01 | stage_elapsed=00:00:28 | stage_eta=00:01:00
2026-08-19 22:35:18 | INFO    | VAL | epoch=018/060 | batch=00150/00312 | loss=9.120460e-01 | stage_elapsed=00:00:42 | stage_eta=00:00:45
2026-08-19 22:35:33 | INFO    | VAL | epoch=018/060 | batch=00200/00312 | loss=8.965662e-01 | stage_elapsed=00:00:57 | stage_eta=00:00:32
2026-08-19 22:35:47 | INFO    | VAL | epoch=018/060 | batch=00250/00312 | loss=9.074715e-01 | stage_elapsed=00:01:11 | stage_eta=00:00:18
2026-08-19 22:36:01 | INFO    | VAL | epoch=018/060 | batch=00300/00312 | loss=9.091401e-01 | stage_elapsed=00:01:25 | stage_eta=00:00:03
2026-08-19 22:36:04 | INFO    | VAL | epoch=018/060 | batch=00312/00312 | loss=8.860494e-01 | stage_elapsed=00:01:28 | stage_eta=00:00:00
2026-08-19 22:36:08 | INFO    | Epoch 018 complete | train=8.668306e-01 | val=9.059005e-01 | best=9.059005e-01 | lr=1.000e-04 | epoch_time=00:16:17 | run_elapsed=05:23:09 | eta=12:34:01 | finish=2026-08-20 11:10:08 CST
2026-08-19 22:36:38 | INFO    | TRAIN | epoch=019/060 | batch=00050/01562 | loss=8.540341e-01 | stage_elapsed=00:00:30 | stage_eta=00:15:12
2026-08-19 22:37:03 | INFO    | TRAIN | epoch=019/060 | batch=00100/01562 | loss=8.532308e-01 | stage_elapsed=00:00:56 | stage_eta=00:13:33
2026-08-19 22:37:34 | INFO    | TRAIN | epoch=019/060 | batch=00150/01562 | loss=8.654478e-01 | stage_elapsed=00:01:26 | stage_eta=00:13:32
2026-08-19 22:38:00 | INFO    | TRAIN | epoch=019/060 | batch=00200/01562 | loss=8.269672e-01 | stage_elapsed=00:01:53 | stage_eta=00:12:47
2026-08-19 22:38:31 | INFO    | TRAIN | epoch=019/060 | batch=00250/01562 | loss=8.362275e-01 | stage_elapsed=00:02:23 | stage_eta=00:12:30
2026-08-19 22:38:56 | INFO    | TRAIN | epoch=019/060 | batch=00300/01562 | loss=8.342472e-01 | stage_elapsed=00:02:48 | stage_eta=00:11:48
2026-08-19 22:39:26 | INFO    | TRAIN | epoch=019/060 | batch=00350/01562 | loss=8.383309e-01 | stage_elapsed=00:03:18 | stage_eta=00:11:27
2026-08-19 22:39:53 | INFO    | TRAIN | epoch=019/060 | batch=00400/01562 | loss=8.429968e-01 | stage_elapsed=00:03:45 | stage_eta=00:10:55
2026-08-19 22:40:23 | INFO    | TRAIN | epoch=019/060 | batch=00450/01562 | loss=8.485814e-01 | stage_elapsed=00:04:16 | stage_eta=00:10:32
2026-08-19 22:40:50 | INFO    | TRAIN | epoch=019/060 | batch=00500/01562 | loss=8.532670e-01 | stage_elapsed=00:04:42 | stage_eta=00:09:59
2026-08-19 22:41:20 | INFO    | TRAIN | epoch=019/060 | batch=00550/01562 | loss=8.521398e-01 | stage_elapsed=00:05:12 | stage_eta=00:09:35
2026-08-19 22:41:47 | INFO    | TRAIN | epoch=019/060 | batch=00600/01562 | loss=8.586854e-01 | stage_elapsed=00:05:39 | stage_eta=00:09:03
2026-08-19 22:42:17 | INFO    | TRAIN | epoch=019/060 | batch=00650/01562 | loss=8.091279e-01 | stage_elapsed=00:06:09 | stage_eta=00:08:38
2026-08-19 22:42:43 | INFO    | TRAIN | epoch=019/060 | batch=00700/01562 | loss=8.640543e-01 | stage_elapsed=00:06:35 | stage_eta=00:08:07
2026-08-19 22:43:13 | INFO    | TRAIN | epoch=019/060 | batch=00750/01562 | loss=8.327801e-01 | stage_elapsed=00:07:05 | stage_eta=00:07:40
2026-08-19 22:43:38 | INFO    | TRAIN | epoch=019/060 | batch=00800/01562 | loss=8.465331e-01 | stage_elapsed=00:07:30 | stage_eta=00:07:09
2026-08-19 22:44:10 | INFO    | TRAIN | epoch=019/060 | batch=00850/01562 | loss=8.648726e-01 | stage_elapsed=00:08:02 | stage_eta=00:06:44
2026-08-19 22:44:35 | INFO    | TRAIN | epoch=019/060 | batch=00900/01562 | loss=8.480346e-01 | stage_elapsed=00:08:27 | stage_eta=00:06:13
2026-08-19 22:45:05 | INFO    | TRAIN | epoch=019/060 | batch=00950/01562 | loss=8.571908e-01 | stage_elapsed=00:08:57 | stage_eta=00:05:46
2026-08-19 22:45:32 | INFO    | TRAIN | epoch=019/060 | batch=01000/01562 | loss=8.361909e-01 | stage_elapsed=00:09:24 | stage_eta=00:05:17
2026-08-19 22:46:03 | INFO    | TRAIN | epoch=019/060 | batch=01050/01562 | loss=8.513572e-01 | stage_elapsed=00:09:55 | stage_eta=00:04:50
2026-08-19 22:46:29 | INFO    | TRAIN | epoch=019/060 | batch=01100/01562 | loss=8.597211e-01 | stage_elapsed=00:10:22 | stage_eta=00:04:21
2026-08-19 22:47:00 | INFO    | TRAIN | epoch=019/060 | batch=01150/01562 | loss=8.623400e-01 | stage_elapsed=00:10:52 | stage_eta=00:03:53
2026-08-19 22:47:25 | INFO    | TRAIN | epoch=019/060 | batch=01200/01562 | loss=8.576068e-01 | stage_elapsed=00:11:17 | stage_eta=00:03:24
2026-08-19 22:47:56 | INFO    | TRAIN | epoch=019/060 | batch=01250/01562 | loss=8.619262e-01 | stage_elapsed=00:11:48 | stage_eta=00:02:57
2026-08-19 22:48:22 | INFO    | TRAIN | epoch=019/060 | batch=01300/01562 | loss=8.744844e-01 | stage_elapsed=00:12:14 | stage_eta=00:02:28
2026-08-19 22:48:52 | INFO    | TRAIN | epoch=019/060 | batch=01350/01562 | loss=8.524244e-01 | stage_elapsed=00:12:44 | stage_eta=00:02:00
2026-08-19 22:49:19 | INFO    | TRAIN | epoch=019/060 | batch=01400/01562 | loss=8.377271e-01 | stage_elapsed=00:13:11 | stage_eta=00:01:32
2026-08-19 22:49:50 | INFO    | TRAIN | epoch=019/060 | batch=01450/01562 | loss=8.498905e-01 | stage_elapsed=00:13:42 | stage_eta=00:01:03
2026-08-19 22:50:15 | INFO    | TRAIN | epoch=019/060 | batch=01500/01562 | loss=8.246375e-01 | stage_elapsed=00:14:08 | stage_eta=00:00:35
2026-08-19 22:50:47 | INFO    | TRAIN | epoch=019/060 | batch=01550/01562 | loss=8.565531e-01 | stage_elapsed=00:14:39 | stage_eta=00:00:07
2026-08-19 22:50:53 | INFO    | TRAIN | epoch=019/060 | batch=01562/01562 | loss=8.665184e-01 | stage_elapsed=00:14:45 | stage_eta=00:00:00
2026-08-19 22:51:05 | INFO    | VAL | epoch=019/060 | batch=00050/00312 | loss=8.950627e-01 | stage_elapsed=00:00:12 | stage_eta=00:01:05
2026-08-19 22:51:19 | INFO    | VAL | epoch=019/060 | batch=00100/00312 | loss=8.648899e-01 | stage_elapsed=00:00:26 | stage_eta=00:00:55
2026-08-19 22:51:34 | INFO    | VAL | epoch=019/060 | batch=00150/00312 | loss=9.049034e-01 | stage_elapsed=00:00:41 | stage_eta=00:00:45
2026-08-19 22:51:50 | INFO    | VAL | epoch=019/060 | batch=00200/00312 | loss=8.830078e-01 | stage_elapsed=00:00:57 | stage_eta=00:00:32
2026-08-19 22:52:04 | INFO    | VAL | epoch=019/060 | batch=00250/00312 | loss=9.030327e-01 | stage_elapsed=00:01:11 | stage_eta=00:00:18
2026-08-19 22:52:17 | INFO    | VAL | epoch=019/060 | batch=00300/00312 | loss=8.951727e-01 | stage_elapsed=00:01:24 | stage_eta=00:00:03
2026-08-19 22:52:20 | INFO    | VAL | epoch=019/060 | batch=00312/00312 | loss=8.773002e-01 | stage_elapsed=00:01:27 | stage_eta=00:00:00
2026-08-19 22:52:24 | INFO    | Epoch 019 complete | train=8.485717e-01 | val=8.962627e-01 | best=8.962627e-01 | lr=1.000e-04 | epoch_time=00:16:16 | run_elapsed=05:39:25 | eta=12:12:26 | finish=2026-08-20 11:04:50 CST
2026-08-19 22:52:55 | INFO    | TRAIN | epoch=020/060 | batch=00050/01562 | loss=8.332465e-01 | stage_elapsed=00:00:31 | stage_eta=00:15:42
2026-08-19 22:53:21 | INFO    | TRAIN | epoch=020/060 | batch=00100/01562 | loss=8.129931e-01 | stage_elapsed=00:00:57 | stage_eta=00:13:48
2026-08-19 22:53:51 | INFO    | TRAIN | epoch=020/060 | batch=00150/01562 | loss=8.327903e-01 | stage_elapsed=00:01:27 | stage_eta=00:13:35
2026-08-19 22:54:17 | INFO    | TRAIN | epoch=020/060 | batch=00200/01562 | loss=8.260201e-01 | stage_elapsed=00:01:53 | stage_eta=00:12:48
2026-08-19 22:54:48 | INFO    | TRAIN | epoch=020/060 | batch=00250/01562 | loss=8.246305e-01 | stage_elapsed=00:02:23 | stage_eta=00:12:32
2026-08-19 22:55:14 | INFO    | TRAIN | epoch=020/060 | batch=00300/01562 | loss=8.275722e-01 | stage_elapsed=00:02:49 | stage_eta=00:11:52
2026-08-19 22:55:43 | INFO    | TRAIN | epoch=020/060 | batch=00350/01562 | loss=8.177994e-01 | stage_elapsed=00:03:19 | stage_eta=00:11:29
2026-08-19 22:56:09 | INFO    | TRAIN | epoch=020/060 | batch=00400/01562 | loss=8.400036e-01 | stage_elapsed=00:03:44 | stage_eta=00:10:52
2026-08-19 22:56:39 | INFO    | TRAIN | epoch=020/060 | batch=00450/01562 | loss=8.458090e-01 | stage_elapsed=00:04:15 | stage_eta=00:10:31
2026-08-19 22:57:06 | INFO    | TRAIN | epoch=020/060 | batch=00500/01562 | loss=8.402427e-01 | stage_elapsed=00:04:42 | stage_eta=00:09:58
2026-08-19 22:57:35 | INFO    | TRAIN | epoch=020/060 | batch=00550/01562 | loss=8.337932e-01 | stage_elapsed=00:05:11 | stage_eta=00:09:32
2026-08-19 22:58:04 | INFO    | TRAIN | epoch=020/060 | batch=00600/01562 | loss=8.285077e-01 | stage_elapsed=00:05:39 | stage_eta=00:09:04
2026-08-19 22:58:32 | INFO    | TRAIN | epoch=020/060 | batch=00650/01562 | loss=8.399499e-01 | stage_elapsed=00:06:08 | stage_eta=00:08:36
2026-08-19 22:59:00 | INFO    | TRAIN | epoch=020/060 | batch=00700/01562 | loss=8.212434e-01 | stage_elapsed=00:06:36 | stage_eta=00:08:08
2026-08-19 22:59:29 | INFO    | TRAIN | epoch=020/060 | batch=00750/01562 | loss=8.350391e-01 | stage_elapsed=00:07:05 | stage_eta=00:07:40
2026-08-19 22:59:58 | INFO    | TRAIN | epoch=020/060 | batch=00800/01562 | loss=8.576216e-01 | stage_elapsed=00:07:33 | stage_eta=00:07:12
2026-08-19 23:00:25 | INFO    | TRAIN | epoch=020/060 | batch=00850/01562 | loss=8.452369e-01 | stage_elapsed=00:08:01 | stage_eta=00:06:43
2026-08-19 23:00:55 | INFO    | TRAIN | epoch=020/060 | batch=00900/01562 | loss=8.496414e-01 | stage_elapsed=00:08:30 | stage_eta=00:06:15
2026-08-19 23:01:23 | INFO    | TRAIN | epoch=020/060 | batch=00950/01562 | loss=8.215741e-01 | stage_elapsed=00:08:59 | stage_eta=00:05:47
2026-08-19 23:01:53 | INFO    | TRAIN | epoch=020/060 | batch=01000/01562 | loss=8.323375e-01 | stage_elapsed=00:09:29 | stage_eta=00:05:20
2026-08-19 23:02:21 | INFO    | TRAIN | epoch=020/060 | batch=01050/01562 | loss=8.309546e-01 | stage_elapsed=00:09:57 | stage_eta=00:04:51
2026-08-19 23:02:50 | INFO    | TRAIN | epoch=020/060 | batch=01100/01562 | loss=8.364660e-01 | stage_elapsed=00:10:26 | stage_eta=00:04:23
2026-08-19 23:03:17 | INFO    | TRAIN | epoch=020/060 | batch=01150/01562 | loss=8.044780e-01 | stage_elapsed=00:10:52 | stage_eta=00:03:54
2026-08-19 23:03:47 | INFO    | TRAIN | epoch=020/060 | batch=01200/01562 | loss=8.343654e-01 | stage_elapsed=00:11:23 | stage_eta=00:03:26
2026-08-19 23:04:13 | INFO    | TRAIN | epoch=020/060 | batch=01250/01562 | loss=8.363200e-01 | stage_elapsed=00:11:49 | stage_eta=00:02:57
2026-08-19 23:04:44 | INFO    | TRAIN | epoch=020/060 | batch=01300/01562 | loss=8.387138e-01 | stage_elapsed=00:12:20 | stage_eta=00:02:29
2026-08-19 23:05:10 | INFO    | TRAIN | epoch=020/060 | batch=01350/01562 | loss=8.306464e-01 | stage_elapsed=00:12:46 | stage_eta=00:02:00
2026-08-19 23:05:41 | INFO    | TRAIN | epoch=020/060 | batch=01400/01562 | loss=8.450936e-01 | stage_elapsed=00:13:17 | stage_eta=00:01:32
2026-08-19 23:06:08 | INFO    | TRAIN | epoch=020/060 | batch=01450/01562 | loss=8.369640e-01 | stage_elapsed=00:13:44 | stage_eta=00:01:04
2026-08-19 23:06:39 | INFO    | TRAIN | epoch=020/060 | batch=01500/01562 | loss=8.335463e-01 | stage_elapsed=00:14:15 | stage_eta=00:00:35
2026-08-19 23:07:06 | INFO    | TRAIN | epoch=020/060 | batch=01550/01562 | loss=8.454758e-01 | stage_elapsed=00:14:42 | stage_eta=00:00:07
2026-08-19 23:07:12 | INFO    | TRAIN | epoch=020/060 | batch=01562/01562 | loss=8.196992e-01 | stage_elapsed=00:14:47 | stage_eta=00:00:00
2026-08-19 23:07:28 | INFO    | VAL | epoch=020/060 | batch=00050/00312 | loss=8.851303e-01 | stage_elapsed=00:00:16 | stage_eta=00:01:26
2026-08-19 23:07:42 | INFO    | VAL | epoch=020/060 | batch=00100/00312 | loss=8.498065e-01 | stage_elapsed=00:00:30 | stage_eta=00:01:04
2026-08-19 23:07:55 | INFO    | VAL | epoch=020/060 | batch=00150/00312 | loss=8.947894e-01 | stage_elapsed=00:00:43 | stage_eta=00:00:47
2026-08-19 23:08:07 | INFO    | VAL | epoch=020/060 | batch=00200/00312 | loss=8.785045e-01 | stage_elapsed=00:00:56 | stage_eta=00:00:31
2026-08-19 23:08:24 | INFO    | VAL | epoch=020/060 | batch=00250/00312 | loss=8.914700e-01 | stage_elapsed=00:01:13 | stage_eta=00:00:18
2026-08-19 23:08:38 | INFO    | VAL | epoch=020/060 | batch=00300/00312 | loss=8.898774e-01 | stage_elapsed=00:01:26 | stage_eta=00:00:03
2026-08-19 23:08:41 | INFO    | VAL | epoch=020/060 | batch=00312/00312 | loss=8.672355e-01 | stage_elapsed=00:01:29 | stage_eta=00:00:00
2026-08-19 23:08:47 | INFO    | Epoch 020 complete | train=8.308610e-01 | val=8.863527e-01 | best=8.863527e-01 | lr=1.000e-04 | epoch_time=00:16:22 | run_elapsed=05:55:48 | eta=11:51:35 | finish=2026-08-20 11:00:22 CST
2026-08-19 23:09:16 | INFO    | TRAIN | epoch=021/060 | batch=00050/01562 | loss=8.105223e-01 | stage_elapsed=00:00:29 | stage_eta=00:14:38
2026-08-19 23:09:44 | INFO    | TRAIN | epoch=021/060 | batch=00100/01562 | loss=8.153914e-01 | stage_elapsed=00:00:57 | stage_eta=00:13:53
2026-08-19 23:10:13 | INFO    | TRAIN | epoch=021/060 | batch=00150/01562 | loss=8.074080e-01 | stage_elapsed=00:01:26 | stage_eta=00:13:33
2026-08-19 23:10:43 | INFO    | TRAIN | epoch=021/060 | batch=00200/01562 | loss=8.010408e-01 | stage_elapsed=00:01:56 | stage_eta=00:13:11
2026-08-19 23:11:09 | INFO    | TRAIN | epoch=021/060 | batch=00250/01562 | loss=8.186306e-01 | stage_elapsed=00:02:22 | stage_eta=00:12:26
2026-08-19 23:11:40 | INFO    | TRAIN | epoch=021/060 | batch=00300/01562 | loss=8.227121e-01 | stage_elapsed=00:02:53 | stage_eta=00:12:09
2026-08-19 23:12:06 | INFO    | TRAIN | epoch=021/060 | batch=00350/01562 | loss=8.098930e-01 | stage_elapsed=00:03:19 | stage_eta=00:11:31
2026-08-19 23:12:36 | INFO    | TRAIN | epoch=021/060 | batch=00400/01562 | loss=8.102400e-01 | stage_elapsed=00:03:50 | stage_eta=00:11:07
2026-08-19 23:13:03 | INFO    | TRAIN | epoch=021/060 | batch=00450/01562 | loss=8.163280e-01 | stage_elapsed=00:04:16 | stage_eta=00:10:33
2026-08-19 23:13:33 | INFO    | TRAIN | epoch=021/060 | batch=00500/01562 | loss=8.231194e-01 | stage_elapsed=00:04:47 | stage_eta=00:10:09
2026-08-19 23:13:59 | INFO    | TRAIN | epoch=021/060 | batch=00550/01562 | loss=7.958176e-01 | stage_elapsed=00:05:12 | stage_eta=00:09:34
2026-08-19 23:14:30 | INFO    | TRAIN | epoch=021/060 | batch=00600/01562 | loss=8.163563e-01 | stage_elapsed=00:05:43 | stage_eta=00:09:10
2026-08-19 23:14:55 | INFO    | TRAIN | epoch=021/060 | batch=00650/01562 | loss=8.053367e-01 | stage_elapsed=00:06:09 | stage_eta=00:08:37
2026-08-19 23:15:25 | INFO    | TRAIN | epoch=021/060 | batch=00700/01562 | loss=8.253573e-01 | stage_elapsed=00:06:39 | stage_eta=00:08:11
2026-08-19 23:15:54 | INFO    | TRAIN | epoch=021/060 | batch=00750/01562 | loss=8.110200e-01 | stage_elapsed=00:07:07 | stage_eta=00:07:43
2026-08-19 23:16:31 | INFO    | TRAIN | epoch=021/060 | batch=00800/01562 | loss=7.872319e-01 | stage_elapsed=00:07:45 | stage_eta=00:07:23
2026-08-19 23:16:59 | INFO    | TRAIN | epoch=021/060 | batch=00850/01562 | loss=8.055359e-01 | stage_elapsed=00:08:12 | stage_eta=00:06:52
2026-08-19 23:17:30 | INFO    | TRAIN | epoch=021/060 | batch=00900/01562 | loss=8.147069e-01 | stage_elapsed=00:08:43 | stage_eta=00:06:25
2026-08-19 23:17:56 | INFO    | TRAIN | epoch=021/060 | batch=00950/01562 | loss=8.204780e-01 | stage_elapsed=00:09:09 | stage_eta=00:05:54
2026-08-19 23:18:26 | INFO    | TRAIN | epoch=021/060 | batch=01000/01562 | loss=8.270742e-01 | stage_elapsed=00:09:40 | stage_eta=00:05:26
2026-08-19 23:18:52 | INFO    | TRAIN | epoch=021/060 | batch=01050/01562 | loss=8.131509e-01 | stage_elapsed=00:10:05 | stage_eta=00:04:55
2026-08-19 23:19:23 | INFO    | TRAIN | epoch=021/060 | batch=01100/01562 | loss=8.037428e-01 | stage_elapsed=00:10:36 | stage_eta=00:04:27
2026-08-19 23:19:49 | INFO    | TRAIN | epoch=021/060 | batch=01150/01562 | loss=7.879829e-01 | stage_elapsed=00:11:02 | stage_eta=00:03:57
2026-08-19 23:20:18 | INFO    | TRAIN | epoch=021/060 | batch=01200/01562 | loss=8.274378e-01 | stage_elapsed=00:11:31 | stage_eta=00:03:28
2026-08-19 23:20:45 | INFO    | TRAIN | epoch=021/060 | batch=01250/01562 | loss=8.254430e-01 | stage_elapsed=00:11:58 | stage_eta=00:02:59
2026-08-19 23:21:12 | INFO    | TRAIN | epoch=021/060 | batch=01300/01562 | loss=7.962306e-01 | stage_elapsed=00:12:26 | stage_eta=00:02:30
2026-08-19 23:21:40 | INFO    | TRAIN | epoch=021/060 | batch=01350/01562 | loss=8.154708e-01 | stage_elapsed=00:12:54 | stage_eta=00:02:02
2026-08-19 23:22:07 | INFO    | TRAIN | epoch=021/060 | batch=01400/01562 | loss=8.099388e-01 | stage_elapsed=00:13:21 | stage_eta=00:01:33
2026-08-19 23:22:37 | INFO    | TRAIN | epoch=021/060 | batch=01450/01562 | loss=8.147060e-01 | stage_elapsed=00:13:51 | stage_eta=00:01:04
2026-08-19 23:23:04 | INFO    | TRAIN | epoch=021/060 | batch=01500/01562 | loss=8.021903e-01 | stage_elapsed=00:14:17 | stage_eta=00:00:35
2026-08-19 23:23:35 | INFO    | TRAIN | epoch=021/060 | batch=01550/01562 | loss=8.074732e-01 | stage_elapsed=00:14:48 | stage_eta=00:00:07
2026-08-19 23:23:41 | INFO    | TRAIN | epoch=021/060 | batch=01562/01562 | loss=8.587396e-01 | stage_elapsed=00:14:55 | stage_eta=00:00:00
2026-08-19 23:23:55 | INFO    | VAL | epoch=021/060 | batch=00050/00312 | loss=8.741604e-01 | stage_elapsed=00:00:14 | stage_eta=00:01:11
2026-08-19 23:24:08 | INFO    | VAL | epoch=021/060 | batch=00100/00312 | loss=8.404294e-01 | stage_elapsed=00:00:26 | stage_eta=00:00:56
2026-08-19 23:24:21 | INFO    | VAL | epoch=021/060 | batch=00150/00312 | loss=8.906944e-01 | stage_elapsed=00:00:40 | stage_eta=00:00:43
2026-08-19 23:24:37 | INFO    | VAL | epoch=021/060 | batch=00200/00312 | loss=8.623810e-01 | stage_elapsed=00:00:56 | stage_eta=00:00:31
2026-08-19 23:24:50 | INFO    | VAL | epoch=021/060 | batch=00250/00312 | loss=8.764892e-01 | stage_elapsed=00:01:09 | stage_eta=00:00:17
2026-08-19 23:25:02 | INFO    | VAL | epoch=021/060 | batch=00300/00312 | loss=8.804893e-01 | stage_elapsed=00:01:21 | stage_eta=00:00:03
2026-08-19 23:25:05 | INFO    | VAL | epoch=021/060 | batch=00312/00312 | loss=8.550041e-01 | stage_elapsed=00:01:24 | stage_eta=00:00:00
2026-08-19 23:25:09 | INFO    | Epoch 021 complete | train=8.141164e-01 | val=8.781071e-01 | best=8.781071e-01 | lr=1.000e-04 | epoch_time=00:16:23 | run_elapsed=06:12:10 | eta=11:31:10 | finish=2026-08-20 10:56:19 CST
2026-08-19 23:25:39 | INFO    | TRAIN | epoch=022/060 | batch=00050/01562 | loss=7.931569e-01 | stage_elapsed=00:00:30 | stage_eta=00:15:11
2026-08-19 23:26:06 | INFO    | TRAIN | epoch=022/060 | batch=00100/01562 | loss=7.946669e-01 | stage_elapsed=00:00:57 | stage_eta=00:13:54
2026-08-19 23:26:35 | INFO    | TRAIN | epoch=022/060 | batch=00150/01562 | loss=7.989971e-01 | stage_elapsed=00:01:26 | stage_eta=00:13:25
2026-08-19 23:27:04 | INFO    | TRAIN | epoch=022/060 | batch=00200/01562 | loss=7.733479e-01 | stage_elapsed=00:01:55 | stage_eta=00:13:01
2026-08-19 23:27:29 | INFO    | TRAIN | epoch=022/060 | batch=00250/01562 | loss=8.010757e-01 | stage_elapsed=00:02:20 | stage_eta=00:12:14
2026-08-19 23:27:59 | INFO    | TRAIN | epoch=022/060 | batch=00300/01562 | loss=7.911136e-01 | stage_elapsed=00:02:50 | stage_eta=00:11:54
2026-08-19 23:28:24 | INFO    | TRAIN | epoch=022/060 | batch=00350/01562 | loss=7.948997e-01 | stage_elapsed=00:03:15 | stage_eta=00:11:16
2026-08-19 23:28:54 | INFO    | TRAIN | epoch=022/060 | batch=00400/01562 | loss=7.957128e-01 | stage_elapsed=00:03:45 | stage_eta=00:10:54
2026-08-19 23:29:20 | INFO    | TRAIN | epoch=022/060 | batch=00450/01562 | loss=7.830938e-01 | stage_elapsed=00:04:11 | stage_eta=00:10:20
2026-08-19 23:29:50 | INFO    | TRAIN | epoch=022/060 | batch=00500/01562 | loss=8.001311e-01 | stage_elapsed=00:04:40 | stage_eta=00:09:56
2026-08-19 23:30:16 | INFO    | TRAIN | epoch=022/060 | batch=00550/01562 | loss=7.915305e-01 | stage_elapsed=00:05:07 | stage_eta=00:09:25
2026-08-19 23:30:47 | INFO    | TRAIN | epoch=022/060 | batch=00600/01562 | loss=7.797132e-01 | stage_elapsed=00:05:38 | stage_eta=00:09:01
2026-08-19 23:31:13 | INFO    | TRAIN | epoch=022/060 | batch=00650/01562 | loss=8.034040e-01 | stage_elapsed=00:06:04 | stage_eta=00:08:31
2026-08-19 23:31:43 | INFO    | TRAIN | epoch=022/060 | batch=00700/01562 | loss=7.787553e-01 | stage_elapsed=00:06:33 | stage_eta=00:08:04
2026-08-19 23:32:08 | INFO    | TRAIN | epoch=022/060 | batch=00750/01562 | loss=7.916769e-01 | stage_elapsed=00:06:59 | stage_eta=00:07:33
2026-08-19 23:32:39 | INFO    | TRAIN | epoch=022/060 | batch=00800/01562 | loss=7.872477e-01 | stage_elapsed=00:07:30 | stage_eta=00:07:08
2026-08-19 23:33:04 | INFO    | TRAIN | epoch=022/060 | batch=00850/01562 | loss=8.102542e-01 | stage_elapsed=00:07:55 | stage_eta=00:06:38
2026-08-19 23:33:35 | INFO    | TRAIN | epoch=022/060 | batch=00900/01562 | loss=7.862281e-01 | stage_elapsed=00:08:26 | stage_eta=00:06:12
2026-08-19 23:34:01 | INFO    | TRAIN | epoch=022/060 | batch=00950/01562 | loss=8.165045e-01 | stage_elapsed=00:08:51 | stage_eta=00:05:42
2026-08-19 23:34:30 | INFO    | TRAIN | epoch=022/060 | batch=01000/01562 | loss=8.169968e-01 | stage_elapsed=00:09:20 | stage_eta=00:05:15
2026-08-19 23:34:58 | INFO    | TRAIN | epoch=022/060 | batch=01050/01562 | loss=7.682306e-01 | stage_elapsed=00:09:49 | stage_eta=00:04:47
2026-08-19 23:35:26 | INFO    | TRAIN | epoch=022/060 | batch=01100/01562 | loss=7.929888e-01 | stage_elapsed=00:10:17 | stage_eta=00:04:19
2026-08-19 23:35:55 | INFO    | TRAIN | epoch=022/060 | batch=01150/01562 | loss=7.839339e-01 | stage_elapsed=00:10:46 | stage_eta=00:03:51
2026-08-19 23:36:22 | INFO    | TRAIN | epoch=022/060 | batch=01200/01562 | loss=8.061266e-01 | stage_elapsed=00:11:12 | stage_eta=00:03:23
2026-08-19 23:36:52 | INFO    | TRAIN | epoch=022/060 | batch=01250/01562 | loss=8.029321e-01 | stage_elapsed=00:11:42 | stage_eta=00:02:55
2026-08-19 23:37:17 | INFO    | TRAIN | epoch=022/060 | batch=01300/01562 | loss=8.129256e-01 | stage_elapsed=00:12:08 | stage_eta=00:02:27
2026-08-19 23:37:47 | INFO    | TRAIN | epoch=022/060 | batch=01350/01562 | loss=8.119819e-01 | stage_elapsed=00:12:38 | stage_eta=00:01:59
2026-08-19 23:38:12 | INFO    | TRAIN | epoch=022/060 | batch=01400/01562 | loss=8.096856e-01 | stage_elapsed=00:13:03 | stage_eta=00:01:31
2026-08-19 23:38:42 | INFO    | TRAIN | epoch=022/060 | batch=01450/01562 | loss=8.060035e-01 | stage_elapsed=00:13:33 | stage_eta=00:01:03
2026-08-19 23:39:08 | INFO    | TRAIN | epoch=022/060 | batch=01500/01562 | loss=8.018010e-01 | stage_elapsed=00:13:59 | stage_eta=00:00:35
2026-08-19 23:39:39 | INFO    | TRAIN | epoch=022/060 | batch=01550/01562 | loss=7.895695e-01 | stage_elapsed=00:14:30 | stage_eta=00:00:07
2026-08-19 23:39:45 | INFO    | TRAIN | epoch=022/060 | batch=01562/01562 | loss=8.060553e-01 | stage_elapsed=00:14:36 | stage_eta=00:00:00
2026-08-19 23:39:59 | INFO    | VAL | epoch=022/060 | batch=00050/00312 | loss=8.679727e-01 | stage_elapsed=00:00:14 | stage_eta=00:01:11
2026-08-19 23:40:12 | INFO    | VAL | epoch=022/060 | batch=00100/00312 | loss=8.291918e-01 | stage_elapsed=00:00:27 | stage_eta=00:00:57
2026-08-19 23:40:28 | INFO    | VAL | epoch=022/060 | batch=00150/00312 | loss=8.798733e-01 | stage_elapsed=00:00:42 | stage_eta=00:00:46
2026-08-19 23:40:42 | INFO    | VAL | epoch=022/060 | batch=00200/00312 | loss=8.659895e-01 | stage_elapsed=00:00:56 | stage_eta=00:00:32
2026-08-19 23:40:55 | INFO    | VAL | epoch=022/060 | batch=00250/00312 | loss=8.731615e-01 | stage_elapsed=00:01:10 | stage_eta=00:00:17
2026-08-19 23:41:07 | INFO    | VAL | epoch=022/060 | batch=00300/00312 | loss=8.742193e-01 | stage_elapsed=00:01:22 | stage_eta=00:00:03
2026-08-19 23:41:10 | INFO    | VAL | epoch=022/060 | batch=00312/00312 | loss=8.489373e-01 | stage_elapsed=00:01:25 | stage_eta=00:00:00
2026-08-19 23:41:14 | INFO    | Epoch 022 complete | train=7.984651e-01 | val=8.707532e-01 | best=8.707532e-01 | lr=1.000e-04 | epoch_time=00:16:05 | run_elapsed=06:28:15 | eta=11:10:37 | finish=2026-08-20 10:51:51 CST
2026-08-19 23:41:45 | INFO    | TRAIN | epoch=023/060 | batch=00050/01562 | loss=7.931868e-01 | stage_elapsed=00:00:31 | stage_eta=00:15:24
2026-08-19 23:42:11 | INFO    | TRAIN | epoch=023/060 | batch=00100/01562 | loss=7.755425e-01 | stage_elapsed=00:00:57 | stage_eta=00:13:48
2026-08-19 23:42:41 | INFO    | TRAIN | epoch=023/060 | batch=00150/01562 | loss=7.685486e-01 | stage_elapsed=00:01:27 | stage_eta=00:13:38
2026-08-19 23:43:07 | INFO    | TRAIN | epoch=023/060 | batch=00200/01562 | loss=7.894168e-01 | stage_elapsed=00:01:53 | stage_eta=00:12:53
2026-08-19 23:43:38 | INFO    | TRAIN | epoch=023/060 | batch=00250/01562 | loss=7.815043e-01 | stage_elapsed=00:02:24 | stage_eta=00:12:35
2026-08-19 23:44:04 | INFO    | TRAIN | epoch=023/060 | batch=00300/01562 | loss=8.098234e-01 | stage_elapsed=00:02:50 | stage_eta=00:11:53
2026-08-19 23:44:34 | INFO    | TRAIN | epoch=023/060 | batch=00350/01562 | loss=8.017774e-01 | stage_elapsed=00:03:20 | stage_eta=00:11:33
2026-08-19 23:44:59 | INFO    | TRAIN | epoch=023/060 | batch=00400/01562 | loss=7.886700e-01 | stage_elapsed=00:03:45 | stage_eta=00:10:54
2026-08-19 23:45:30 | INFO    | TRAIN | epoch=023/060 | batch=00450/01562 | loss=7.860988e-01 | stage_elapsed=00:04:16 | stage_eta=00:10:33
2026-08-19 23:45:55 | INFO    | TRAIN | epoch=023/060 | batch=00500/01562 | loss=7.755020e-01 | stage_elapsed=00:04:41 | stage_eta=00:09:58
2026-08-19 23:46:25 | INFO    | TRAIN | epoch=023/060 | batch=00550/01562 | loss=7.776006e-01 | stage_elapsed=00:05:11 | stage_eta=00:09:32
2026-08-19 23:46:53 | INFO    | TRAIN | epoch=023/060 | batch=00600/01562 | loss=7.671570e-01 | stage_elapsed=00:05:39 | stage_eta=00:09:03
2026-08-19 23:47:21 | INFO    | TRAIN | epoch=023/060 | batch=00650/01562 | loss=7.591511e-01 | stage_elapsed=00:06:07 | stage_eta=00:08:36
2026-08-19 23:47:49 | INFO    | TRAIN | epoch=023/060 | batch=00700/01562 | loss=7.874795e-01 | stage_elapsed=00:06:36 | stage_eta=00:08:07
2026-08-19 23:48:18 | INFO    | TRAIN | epoch=023/060 | batch=00750/01562 | loss=7.647695e-01 | stage_elapsed=00:07:04 | stage_eta=00:07:39
2026-08-19 23:48:46 | INFO    | TRAIN | epoch=023/060 | batch=00800/01562 | loss=7.640941e-01 | stage_elapsed=00:07:32 | stage_eta=00:07:10
2026-08-19 23:49:13 | INFO    | TRAIN | epoch=023/060 | batch=00850/01562 | loss=7.904579e-01 | stage_elapsed=00:07:59 | stage_eta=00:06:42
2026-08-19 23:49:41 | INFO    | TRAIN | epoch=023/060 | batch=00900/01562 | loss=8.066473e-01 | stage_elapsed=00:08:27 | stage_eta=00:06:13
2026-08-19 23:50:09 | INFO    | TRAIN | epoch=023/060 | batch=00950/01562 | loss=7.992697e-01 | stage_elapsed=00:08:55 | stage_eta=00:05:44
2026-08-19 23:50:37 | INFO    | TRAIN | epoch=023/060 | batch=01000/01562 | loss=7.881761e-01 | stage_elapsed=00:09:23 | stage_eta=00:05:16
2026-08-19 23:51:04 | INFO    | TRAIN | epoch=023/060 | batch=01050/01562 | loss=7.804281e-01 | stage_elapsed=00:09:50 | stage_eta=00:04:48
2026-08-19 23:51:33 | INFO    | TRAIN | epoch=023/060 | batch=01100/01562 | loss=7.853998e-01 | stage_elapsed=00:10:19 | stage_eta=00:04:20
2026-08-19 23:52:00 | INFO    | TRAIN | epoch=023/060 | batch=01150/01562 | loss=7.788316e-01 | stage_elapsed=00:10:46 | stage_eta=00:03:52
2026-08-19 23:52:31 | INFO    | TRAIN | epoch=023/060 | batch=01200/01562 | loss=7.936834e-01 | stage_elapsed=00:11:17 | stage_eta=00:03:24
2026-08-19 23:52:57 | INFO    | TRAIN | epoch=023/060 | batch=01250/01562 | loss=8.044996e-01 | stage_elapsed=00:11:43 | stage_eta=00:02:55
2026-08-19 23:53:27 | INFO    | TRAIN | epoch=023/060 | batch=01300/01562 | loss=7.816695e-01 | stage_elapsed=00:12:13 | stage_eta=00:02:28
2026-08-19 23:53:53 | INFO    | TRAIN | epoch=023/060 | batch=01350/01562 | loss=7.538156e-01 | stage_elapsed=00:12:39 | stage_eta=00:01:59
2026-08-19 23:54:24 | INFO    | TRAIN | epoch=023/060 | batch=01400/01562 | loss=7.870060e-01 | stage_elapsed=00:13:10 | stage_eta=00:01:31
2026-08-19 23:54:49 | INFO    | TRAIN | epoch=023/060 | batch=01450/01562 | loss=7.674385e-01 | stage_elapsed=00:13:35 | stage_eta=00:01:03
2026-08-19 23:55:18 | INFO    | TRAIN | epoch=023/060 | batch=01500/01562 | loss=7.805074e-01 | stage_elapsed=00:14:04 | stage_eta=00:00:35
2026-08-19 23:55:46 | INFO    | TRAIN | epoch=023/060 | batch=01550/01562 | loss=7.715094e-01 | stage_elapsed=00:14:32 | stage_eta=00:00:07
2026-08-19 23:55:53 | INFO    | TRAIN | epoch=023/060 | batch=01562/01562 | loss=7.977103e-01 | stage_elapsed=00:14:39 | stage_eta=00:00:00
2026-08-19 23:56:07 | INFO    | VAL | epoch=023/060 | batch=00050/00312 | loss=8.658940e-01 | stage_elapsed=00:00:14 | stage_eta=00:01:14
2026-08-19 23:56:22 | INFO    | VAL | epoch=023/060 | batch=00100/00312 | loss=8.236407e-01 | stage_elapsed=00:00:30 | stage_eta=00:01:03
2026-08-19 23:56:37 | INFO    | VAL | epoch=023/060 | batch=00150/00312 | loss=8.701028e-01 | stage_elapsed=00:00:44 | stage_eta=00:00:47
2026-08-19 23:56:50 | INFO    | VAL | epoch=023/060 | batch=00200/00312 | loss=8.487612e-01 | stage_elapsed=00:00:57 | stage_eta=00:00:32
2026-08-19 23:57:02 | INFO    | VAL | epoch=023/060 | batch=00250/00312 | loss=8.637992e-01 | stage_elapsed=00:01:09 | stage_eta=00:00:17
2026-08-19 23:57:17 | INFO    | VAL | epoch=023/060 | batch=00300/00312 | loss=8.668426e-01 | stage_elapsed=00:01:24 | stage_eta=00:00:03
2026-08-19 23:57:21 | INFO    | VAL | epoch=023/060 | batch=00312/00312 | loss=8.373812e-01 | stage_elapsed=00:01:28 | stage_eta=00:00:00
2026-08-19 23:57:23 | INFO    | Epoch 023 complete | train=7.838177e-01 | val=8.617710e-01 | best=8.617710e-01 | lr=1.000e-04 | epoch_time=00:16:09 | run_elapsed=06:44:24 | eta=10:50:33 | finish=2026-08-20 10:47:55 CST
2026-08-19 23:57:49 | INFO    | TRAIN | epoch=024/060 | batch=00050/01562 | loss=7.760346e-01 | stage_elapsed=00:00:27 | stage_eta=00:13:35
2026-08-19 23:58:18 | INFO    | TRAIN | epoch=024/060 | batch=00100/01562 | loss=7.485913e-01 | stage_elapsed=00:00:56 | stage_eta=00:13:33
2026-08-19 23:58:45 | INFO    | TRAIN | epoch=024/060 | batch=00150/01562 | loss=7.660235e-01 | stage_elapsed=00:01:22 | stage_eta=00:12:54
2026-08-19 23:59:14 | INFO    | TRAIN | epoch=024/060 | batch=00200/01562 | loss=7.901535e-01 | stage_elapsed=00:01:51 | stage_eta=00:12:36
2026-08-19 23:59:41 | INFO    | TRAIN | epoch=024/060 | batch=00250/01562 | loss=7.990459e-01 | stage_elapsed=00:02:19 | stage_eta=00:12:08
2026-08-20 00:00:09 | INFO    | TRAIN | epoch=024/060 | batch=00300/01562 | loss=7.576210e-01 | stage_elapsed=00:02:46 | stage_eta=00:11:40
2026-08-20 00:00:37 | INFO    | TRAIN | epoch=024/060 | batch=00350/01562 | loss=7.430398e-01 | stage_elapsed=00:03:15 | stage_eta=00:11:14
2026-08-20 00:01:04 | INFO    | TRAIN | epoch=024/060 | batch=00400/01562 | loss=7.600782e-01 | stage_elapsed=00:03:42 | stage_eta=00:10:44
2026-08-20 00:01:34 | INFO    | TRAIN | epoch=024/060 | batch=00450/01562 | loss=7.917888e-01 | stage_elapsed=00:04:12 | stage_eta=00:10:22
2026-08-20 00:02:00 | INFO    | TRAIN | epoch=024/060 | batch=00500/01562 | loss=7.626916e-01 | stage_elapsed=00:04:38 | stage_eta=00:09:50
2026-08-20 00:02:30 | INFO    | TRAIN | epoch=024/060 | batch=00550/01562 | loss=7.634709e-01 | stage_elapsed=00:05:08 | stage_eta=00:09:26
2026-08-20 00:02:57 | INFO    | TRAIN | epoch=024/060 | batch=00600/01562 | loss=7.683931e-01 | stage_elapsed=00:05:34 | stage_eta=00:08:56
2026-08-20 00:03:28 | INFO    | TRAIN | epoch=024/060 | batch=00650/01562 | loss=7.661196e-01 | stage_elapsed=00:06:06 | stage_eta=00:08:33
2026-08-20 00:03:54 | INFO    | TRAIN | epoch=024/060 | batch=00700/01562 | loss=7.703510e-01 | stage_elapsed=00:06:31 | stage_eta=00:08:02
2026-08-20 00:04:24 | INFO    | TRAIN | epoch=024/060 | batch=00750/01562 | loss=7.511237e-01 | stage_elapsed=00:07:01 | stage_eta=00:07:36
2026-08-20 00:04:50 | INFO    | TRAIN | epoch=024/060 | batch=00800/01562 | loss=7.705709e-01 | stage_elapsed=00:07:27 | stage_eta=00:07:06
2026-08-20 00:05:19 | INFO    | TRAIN | epoch=024/060 | batch=00850/01562 | loss=8.113476e-01 | stage_elapsed=00:07:57 | stage_eta=00:06:39
2026-08-20 00:05:46 | INFO    | TRAIN | epoch=024/060 | batch=00900/01562 | loss=7.738382e-01 | stage_elapsed=00:08:24 | stage_eta=00:06:11
2026-08-20 00:06:15 | INFO    | TRAIN | epoch=024/060 | batch=00950/01562 | loss=7.682045e-01 | stage_elapsed=00:08:52 | stage_eta=00:05:43
2026-08-20 00:06:43 | INFO    | TRAIN | epoch=024/060 | batch=01000/01562 | loss=7.400271e-01 | stage_elapsed=00:09:21 | stage_eta=00:05:15
2026-08-20 00:07:10 | INFO    | TRAIN | epoch=024/060 | batch=01050/01562 | loss=7.308092e-01 | stage_elapsed=00:09:48 | stage_eta=00:04:47
2026-08-20 00:07:41 | INFO    | TRAIN | epoch=024/060 | batch=01100/01562 | loss=7.715729e-01 | stage_elapsed=00:10:18 | stage_eta=00:04:20
2026-08-20 00:08:07 | INFO    | TRAIN | epoch=024/060 | batch=01150/01562 | loss=7.712355e-01 | stage_elapsed=00:10:45 | stage_eta=00:03:51
2026-08-20 00:08:39 | INFO    | TRAIN | epoch=024/060 | batch=01200/01562 | loss=7.990978e-01 | stage_elapsed=00:11:16 | stage_eta=00:03:24
2026-08-20 00:09:05 | INFO    | TRAIN | epoch=024/060 | batch=01250/01562 | loss=7.658229e-01 | stage_elapsed=00:11:42 | stage_eta=00:02:55
2026-08-20 00:09:34 | INFO    | TRAIN | epoch=024/060 | batch=01300/01562 | loss=7.628088e-01 | stage_elapsed=00:12:12 | stage_eta=00:02:27
2026-08-20 00:10:00 | INFO    | TRAIN | epoch=024/060 | batch=01350/01562 | loss=7.732339e-01 | stage_elapsed=00:12:38 | stage_eta=00:01:59
2026-08-20 00:10:30 | INFO    | TRAIN | epoch=024/060 | batch=01400/01562 | loss=7.835275e-01 | stage_elapsed=00:13:07 | stage_eta=00:01:31
2026-08-20 00:10:57 | INFO    | TRAIN | epoch=024/060 | batch=01450/01562 | loss=8.073758e-01 | stage_elapsed=00:13:34 | stage_eta=00:01:03
2026-08-20 00:11:25 | INFO    | TRAIN | epoch=024/060 | batch=01500/01562 | loss=7.524730e-01 | stage_elapsed=00:14:02 | stage_eta=00:00:35
2026-08-20 00:11:54 | INFO    | TRAIN | epoch=024/060 | batch=01550/01562 | loss=7.816741e-01 | stage_elapsed=00:14:31 | stage_eta=00:00:07
2026-08-20 00:12:00 | INFO    | TRAIN | epoch=024/060 | batch=01562/01562 | loss=7.730426e-01 | stage_elapsed=00:14:37 | stage_eta=00:00:00
2026-08-20 00:12:13 | INFO    | VAL | epoch=024/060 | batch=00050/00312 | loss=8.624917e-01 | stage_elapsed=00:00:13 | stage_eta=00:01:09
2026-08-20 00:12:28 | INFO    | VAL | epoch=024/060 | batch=00100/00312 | loss=8.141758e-01 | stage_elapsed=00:00:28 | stage_eta=00:01:00
2026-08-20 00:12:43 | INFO    | VAL | epoch=024/060 | batch=00150/00312 | loss=8.666443e-01 | stage_elapsed=00:00:43 | stage_eta=00:00:46
2026-08-20 00:12:56 | INFO    | VAL | epoch=024/060 | batch=00200/00312 | loss=8.414151e-01 | stage_elapsed=00:00:56 | stage_eta=00:00:31
2026-08-20 00:13:08 | INFO    | VAL | epoch=024/060 | batch=00250/00312 | loss=8.572302e-01 | stage_elapsed=00:01:08 | stage_eta=00:00:17
2026-08-20 00:13:23 | INFO    | VAL | epoch=024/060 | batch=00300/00312 | loss=8.608073e-01 | stage_elapsed=00:01:23 | stage_eta=00:00:03
2026-08-20 00:13:27 | INFO    | VAL | epoch=024/060 | batch=00312/00312 | loss=8.362886e-01 | stage_elapsed=00:01:27 | stage_eta=00:00:00
2026-08-20 00:13:28 | INFO    | Epoch 024 complete | train=7.704143e-01 | val=8.565940e-01 | best=8.565940e-01 | lr=1.000e-04 | epoch_time=00:16:05 | run_elapsed=07:00:29 | eta=10:30:43 | finish=2026-08-20 10:44:11 CST
2026-08-20 00:13:56 | INFO    | TRAIN | epoch=025/060 | batch=00050/01562 | loss=7.563607e-01 | stage_elapsed=00:00:28 | stage_eta=00:14:08
2026-08-20 00:14:24 | INFO    | TRAIN | epoch=025/060 | batch=00100/01562 | loss=7.702670e-01 | stage_elapsed=00:00:56 | stage_eta=00:13:39
2026-08-20 00:14:52 | INFO    | TRAIN | epoch=025/060 | batch=00150/01562 | loss=7.616410e-01 | stage_elapsed=00:01:24 | stage_eta=00:13:09
2026-08-20 00:15:19 | INFO    | TRAIN | epoch=025/060 | batch=00200/01562 | loss=7.393299e-01 | stage_elapsed=00:01:51 | stage_eta=00:12:36
2026-08-20 00:15:48 | INFO    | TRAIN | epoch=025/060 | batch=00250/01562 | loss=7.543404e-01 | stage_elapsed=00:02:20 | stage_eta=00:12:16
2026-08-20 00:16:14 | INFO    | TRAIN | epoch=025/060 | batch=00300/01562 | loss=7.508345e-01 | stage_elapsed=00:02:46 | stage_eta=00:11:40
2026-08-20 00:16:44 | INFO    | TRAIN | epoch=025/060 | batch=00350/01562 | loss=7.611670e-01 | stage_elapsed=00:03:16 | stage_eta=00:11:19
2026-08-20 00:17:10 | INFO    | TRAIN | epoch=025/060 | batch=00400/01562 | loss=7.794813e-01 | stage_elapsed=00:03:42 | stage_eta=00:10:45
2026-08-20 00:17:40 | INFO    | TRAIN | epoch=025/060 | batch=00450/01562 | loss=7.480718e-01 | stage_elapsed=00:04:12 | stage_eta=00:10:22
2026-08-20 00:18:06 | INFO    | TRAIN | epoch=025/060 | batch=00500/01562 | loss=7.550707e-01 | stage_elapsed=00:04:38 | stage_eta=00:09:50
2026-08-20 00:18:35 | INFO    | TRAIN | epoch=025/060 | batch=00550/01562 | loss=7.986020e-01 | stage_elapsed=00:05:07 | stage_eta=00:09:26
2026-08-20 00:19:02 | INFO    | TRAIN | epoch=025/060 | batch=00600/01562 | loss=7.704281e-01 | stage_elapsed=00:05:34 | stage_eta=00:08:55
2026-08-20 00:19:33 | INFO    | TRAIN | epoch=025/060 | batch=00650/01562 | loss=7.533233e-01 | stage_elapsed=00:06:05 | stage_eta=00:08:32
2026-08-20 00:19:59 | INFO    | TRAIN | epoch=025/060 | batch=00700/01562 | loss=7.556955e-01 | stage_elapsed=00:06:31 | stage_eta=00:08:01
2026-08-20 00:20:29 | INFO    | TRAIN | epoch=025/060 | batch=00750/01562 | loss=7.945479e-01 | stage_elapsed=00:07:01 | stage_eta=00:07:36
2026-08-20 00:20:56 | INFO    | TRAIN | epoch=025/060 | batch=00800/01562 | loss=7.734312e-01 | stage_elapsed=00:07:28 | stage_eta=00:07:06
2026-08-20 00:21:25 | INFO    | TRAIN | epoch=025/060 | batch=00850/01562 | loss=7.627830e-01 | stage_elapsed=00:07:57 | stage_eta=00:06:40
2026-08-20 00:21:51 | INFO    | TRAIN | epoch=025/060 | batch=00900/01562 | loss=7.756944e-01 | stage_elapsed=00:08:23 | stage_eta=00:06:10
2026-08-20 00:22:20 | INFO    | TRAIN | epoch=025/060 | batch=00950/01562 | loss=7.530373e-01 | stage_elapsed=00:08:52 | stage_eta=00:05:43
2026-08-20 00:22:48 | INFO    | TRAIN | epoch=025/060 | batch=01000/01562 | loss=7.401028e-01 | stage_elapsed=00:09:20 | stage_eta=00:05:15
2026-08-20 00:23:16 | INFO    | TRAIN | epoch=025/060 | batch=01050/01562 | loss=7.606450e-01 | stage_elapsed=00:09:48 | stage_eta=00:04:47
2026-08-20 00:23:44 | INFO    | TRAIN | epoch=025/060 | batch=01100/01562 | loss=7.487754e-01 | stage_elapsed=00:10:17 | stage_eta=00:04:19
2026-08-20 00:24:11 | INFO    | TRAIN | epoch=025/060 | batch=01150/01562 | loss=7.610289e-01 | stage_elapsed=00:10:43 | stage_eta=00:03:50
2026-08-20 00:24:41 | INFO    | TRAIN | epoch=025/060 | batch=01200/01562 | loss=7.742379e-01 | stage_elapsed=00:11:13 | stage_eta=00:03:23
2026-08-20 00:25:06 | INFO    | TRAIN | epoch=025/060 | batch=01250/01562 | loss=7.668027e-01 | stage_elapsed=00:11:38 | stage_eta=00:02:54
2026-08-20 00:25:36 | INFO    | TRAIN | epoch=025/060 | batch=01300/01562 | loss=7.361079e-01 | stage_elapsed=00:12:08 | stage_eta=00:02:27
2026-08-20 00:26:02 | INFO    | TRAIN | epoch=025/060 | batch=01350/01562 | loss=7.500534e-01 | stage_elapsed=00:12:34 | stage_eta=00:01:58
2026-08-20 00:26:33 | INFO    | TRAIN | epoch=025/060 | batch=01400/01562 | loss=7.610018e-01 | stage_elapsed=00:13:05 | stage_eta=00:01:31
2026-08-20 00:26:59 | INFO    | TRAIN | epoch=025/060 | batch=01450/01562 | loss=7.504725e-01 | stage_elapsed=00:13:32 | stage_eta=00:01:03
2026-08-20 00:27:29 | INFO    | TRAIN | epoch=025/060 | batch=01500/01562 | loss=7.529187e-01 | stage_elapsed=00:14:01 | stage_eta=00:00:35
2026-08-20 00:27:55 | INFO    | TRAIN | epoch=025/060 | batch=01550/01562 | loss=7.307074e-01 | stage_elapsed=00:14:27 | stage_eta=00:00:07
2026-08-20 00:28:01 | INFO    | TRAIN | epoch=025/060 | batch=01562/01562 | loss=7.608758e-01 | stage_elapsed=00:14:33 | stage_eta=00:00:00
2026-08-20 00:28:16 | INFO    | VAL | epoch=025/060 | batch=00050/00312 | loss=8.614046e-01 | stage_elapsed=00:00:15 | stage_eta=00:01:19
2026-08-20 00:28:31 | INFO    | VAL | epoch=025/060 | batch=00100/00312 | loss=8.052592e-01 | stage_elapsed=00:00:31 | stage_eta=00:01:05
2026-08-20 00:28:44 | INFO    | VAL | epoch=025/060 | batch=00150/00312 | loss=8.604665e-01 | stage_elapsed=00:00:44 | stage_eta=00:00:47
2026-08-20 00:28:56 | INFO    | VAL | epoch=025/060 | batch=00200/00312 | loss=8.421874e-01 | stage_elapsed=00:00:56 | stage_eta=00:00:31
2026-08-20 00:29:10 | INFO    | VAL | epoch=025/060 | batch=00250/00312 | loss=8.541147e-01 | stage_elapsed=00:01:09 | stage_eta=00:00:17
2026-08-20 00:29:26 | INFO    | VAL | epoch=025/060 | batch=00300/00312 | loss=8.492194e-01 | stage_elapsed=00:01:25 | stage_eta=00:00:03
2026-08-20 00:29:30 | INFO    | VAL | epoch=025/060 | batch=00312/00312 | loss=8.279517e-01 | stage_elapsed=00:01:29 | stage_eta=00:00:00
2026-08-20 00:29:31 | INFO    | Epoch 025 complete | train=7.578461e-01 | val=8.492857e-01 | best=8.492857e-01 | lr=1.000e-04 | epoch_time=00:16:03 | run_elapsed=07:16:32 | eta=10:11:08 | finish=2026-08-20 10:40:39 CST
2026-08-20 00:29:56 | INFO    | TRAIN | epoch=026/060 | batch=00050/01562 | loss=7.578707e-01 | stage_elapsed=00:00:25 | stage_eta=00:12:46
2026-08-20 00:30:26 | INFO    | TRAIN | epoch=026/060 | batch=00100/01562 | loss=7.738117e-01 | stage_elapsed=00:00:55 | stage_eta=00:13:28
2026-08-20 00:30:53 | INFO    | TRAIN | epoch=026/060 | batch=00150/01562 | loss=7.523749e-01 | stage_elapsed=00:01:22 | stage_eta=00:12:55
2026-08-20 00:31:21 | INFO    | TRAIN | epoch=026/060 | batch=00200/01562 | loss=7.446624e-01 | stage_elapsed=00:01:50 | stage_eta=00:12:31
2026-08-20 00:31:49 | INFO    | TRAIN | epoch=026/060 | batch=00250/01562 | loss=7.386184e-01 | stage_elapsed=00:02:18 | stage_eta=00:12:06
2026-08-20 00:32:17 | INFO    | TRAIN | epoch=026/060 | batch=00300/01562 | loss=7.537520e-01 | stage_elapsed=00:02:46 | stage_eta=00:11:37
2026-08-20 00:32:44 | INFO    | TRAIN | epoch=026/060 | batch=00350/01562 | loss=7.404416e-01 | stage_elapsed=00:03:14 | stage_eta=00:11:10
2026-08-20 00:33:12 | INFO    | TRAIN | epoch=026/060 | batch=00400/01562 | loss=7.818670e-01 | stage_elapsed=00:03:41 | stage_eta=00:10:43
2026-08-20 00:33:43 | INFO    | TRAIN | epoch=026/060 | batch=00450/01562 | loss=7.522020e-01 | stage_elapsed=00:04:12 | stage_eta=00:10:23
2026-08-20 00:34:09 | INFO    | TRAIN | epoch=026/060 | batch=00500/01562 | loss=7.374859e-01 | stage_elapsed=00:04:38 | stage_eta=00:09:51
2026-08-20 00:34:39 | INFO    | TRAIN | epoch=026/060 | batch=00550/01562 | loss=7.494969e-01 | stage_elapsed=00:05:08 | stage_eta=00:09:27
2026-08-20 00:35:04 | INFO    | TRAIN | epoch=026/060 | batch=00600/01562 | loss=7.582279e-01 | stage_elapsed=00:05:34 | stage_eta=00:08:55
2026-08-20 00:35:34 | INFO    | TRAIN | epoch=026/060 | batch=00650/01562 | loss=7.579370e-01 | stage_elapsed=00:06:03 | stage_eta=00:08:29
2026-08-20 00:35:59 | INFO    | TRAIN | epoch=026/060 | batch=00700/01562 | loss=7.732355e-01 | stage_elapsed=00:06:28 | stage_eta=00:07:58
2026-08-20 00:36:29 | INFO    | TRAIN | epoch=026/060 | batch=00750/01562 | loss=7.559427e-01 | stage_elapsed=00:06:59 | stage_eta=00:07:33
2026-08-20 00:36:54 | INFO    | TRAIN | epoch=026/060 | batch=00800/01562 | loss=7.642125e-01 | stage_elapsed=00:07:24 | stage_eta=00:07:03
2026-08-20 00:37:25 | INFO    | TRAIN | epoch=026/060 | batch=00850/01562 | loss=7.540843e-01 | stage_elapsed=00:07:54 | stage_eta=00:06:37
2026-08-20 00:37:51 | INFO    | TRAIN | epoch=026/060 | batch=00900/01562 | loss=7.274329e-01 | stage_elapsed=00:08:21 | stage_eta=00:06:08
2026-08-20 00:38:20 | INFO    | TRAIN | epoch=026/060 | batch=00950/01562 | loss=7.588227e-01 | stage_elapsed=00:08:50 | stage_eta=00:05:41
2026-08-20 00:38:48 | INFO    | TRAIN | epoch=026/060 | batch=01000/01562 | loss=7.663446e-01 | stage_elapsed=00:09:17 | stage_eta=00:05:13
2026-08-20 00:39:17 | INFO    | TRAIN | epoch=026/060 | batch=01050/01562 | loss=7.570012e-01 | stage_elapsed=00:09:46 | stage_eta=00:04:46
2026-08-20 00:39:44 | INFO    | TRAIN | epoch=026/060 | batch=01100/01562 | loss=7.243918e-01 | stage_elapsed=00:10:14 | stage_eta=00:04:18
2026-08-20 00:40:12 | INFO    | TRAIN | epoch=026/060 | batch=01150/01562 | loss=7.305652e-01 | stage_elapsed=00:10:42 | stage_eta=00:03:50
2026-08-20 00:40:42 | INFO    | TRAIN | epoch=026/060 | batch=01200/01562 | loss=7.400178e-01 | stage_elapsed=00:11:11 | stage_eta=00:03:22
2026-08-20 00:41:08 | INFO    | TRAIN | epoch=026/060 | batch=01250/01562 | loss=7.608701e-01 | stage_elapsed=00:11:37 | stage_eta=00:02:54
2026-08-20 00:41:38 | INFO    | TRAIN | epoch=026/060 | batch=01300/01562 | loss=7.245836e-01 | stage_elapsed=00:12:07 | stage_eta=00:02:27
2026-08-20 00:42:05 | INFO    | TRAIN | epoch=026/060 | batch=01350/01562 | loss=7.374428e-01 | stage_elapsed=00:12:34 | stage_eta=00:01:58
2026-08-20 00:42:34 | INFO    | TRAIN | epoch=026/060 | batch=01400/01562 | loss=7.233603e-01 | stage_elapsed=00:13:04 | stage_eta=00:01:31
2026-08-20 00:43:01 | INFO    | TRAIN | epoch=026/060 | batch=01450/01562 | loss=7.250160e-01 | stage_elapsed=00:13:30 | stage_eta=00:01:03
2026-08-20 00:43:30 | INFO    | TRAIN | epoch=026/060 | batch=01500/01562 | loss=7.593190e-01 | stage_elapsed=00:14:00 | stage_eta=00:00:35
2026-08-20 00:43:56 | INFO    | TRAIN | epoch=026/060 | batch=01550/01562 | loss=7.292526e-01 | stage_elapsed=00:14:25 | stage_eta=00:00:07
2026-08-20 00:44:02 | INFO    | TRAIN | epoch=026/060 | batch=01562/01562 | loss=7.498121e-01 | stage_elapsed=00:14:31 | stage_eta=00:00:00
2026-08-20 00:44:16 | INFO    | VAL | epoch=026/060 | batch=00050/00312 | loss=8.554857e-01 | stage_elapsed=00:00:14 | stage_eta=00:01:15
2026-08-20 00:44:32 | INFO    | VAL | epoch=026/060 | batch=00100/00312 | loss=7.973943e-01 | stage_elapsed=00:00:30 | stage_eta=00:01:05
2026-08-20 00:44:46 | INFO    | VAL | epoch=026/060 | batch=00150/00312 | loss=8.575990e-01 | stage_elapsed=00:00:44 | stage_eta=00:00:47
2026-08-20 00:44:59 | INFO    | VAL | epoch=026/060 | batch=00200/00312 | loss=8.311883e-01 | stage_elapsed=00:00:57 | stage_eta=00:00:32
2026-08-20 00:45:12 | INFO    | VAL | epoch=026/060 | batch=00250/00312 | loss=8.456756e-01 | stage_elapsed=00:01:10 | stage_eta=00:00:17
2026-08-20 00:45:26 | INFO    | VAL | epoch=026/060 | batch=00300/00312 | loss=8.547516e-01 | stage_elapsed=00:01:24 | stage_eta=00:00:03
2026-08-20 00:45:30 | INFO    | VAL | epoch=026/060 | batch=00312/00312 | loss=8.205735e-01 | stage_elapsed=00:01:28 | stage_eta=00:00:00
2026-08-20 00:45:31 | INFO    | Epoch 026 complete | train=7.461849e-01 | val=8.439395e-01 | best=8.439395e-01 | lr=1.000e-04 | epoch_time=00:16:00 | run_elapsed=07:32:32 | eta=09:51:47 | finish=2026-08-20 10:37:18 CST
2026-08-20 00:45:59 | INFO    | TRAIN | epoch=027/060 | batch=00050/01562 | loss=7.198539e-01 | stage_elapsed=00:00:28 | stage_eta=00:13:58
2026-08-20 00:46:26 | INFO    | TRAIN | epoch=027/060 | batch=00100/01562 | loss=7.232006e-01 | stage_elapsed=00:00:55 | stage_eta=00:13:29
2026-08-20 00:46:54 | INFO    | TRAIN | epoch=027/060 | batch=00150/01562 | loss=7.434976e-01 | stage_elapsed=00:01:23 | stage_eta=00:13:04
2026-08-20 00:47:22 | INFO    | TRAIN | epoch=027/060 | batch=00200/01562 | loss=7.417979e-01 | stage_elapsed=00:01:51 | stage_eta=00:12:35
2026-08-20 00:47:51 | INFO    | TRAIN | epoch=027/060 | batch=00250/01562 | loss=7.133570e-01 | stage_elapsed=00:02:20 | stage_eta=00:12:16
2026-08-20 00:48:18 | INFO    | TRAIN | epoch=027/060 | batch=00300/01562 | loss=7.222859e-01 | stage_elapsed=00:02:47 | stage_eta=00:11:42
2026-08-20 00:48:47 | INFO    | TRAIN | epoch=027/060 | batch=00350/01562 | loss=7.489051e-01 | stage_elapsed=00:03:16 | stage_eta=00:11:19
2026-08-20 00:49:15 | INFO    | TRAIN | epoch=027/060 | batch=00400/01562 | loss=7.236540e-01 | stage_elapsed=00:03:43 | stage_eta=00:10:49
2026-08-20 00:49:41 | INFO    | TRAIN | epoch=027/060 | batch=00450/01562 | loss=7.323335e-01 | stage_elapsed=00:04:10 | stage_eta=00:10:19
2026-08-20 00:50:10 | INFO    | TRAIN | epoch=027/060 | batch=00500/01562 | loss=7.228668e-01 | stage_elapsed=00:04:38 | stage_eta=00:09:52
2026-08-20 00:50:36 | INFO    | TRAIN | epoch=027/060 | batch=00550/01562 | loss=7.183278e-01 | stage_elapsed=00:05:05 | stage_eta=00:09:21
2026-08-20 00:51:06 | INFO    | TRAIN | epoch=027/060 | batch=00600/01562 | loss=7.282678e-01 | stage_elapsed=00:05:35 | stage_eta=00:08:58
2026-08-20 00:51:33 | INFO    | TRAIN | epoch=027/060 | batch=00650/01562 | loss=7.166290e-01 | stage_elapsed=00:06:02 | stage_eta=00:08:28
2026-08-20 00:52:03 | INFO    | TRAIN | epoch=027/060 | batch=00700/01562 | loss=7.212343e-01 | stage_elapsed=00:06:32 | stage_eta=00:08:02
2026-08-20 00:52:29 | INFO    | TRAIN | epoch=027/060 | batch=00750/01562 | loss=7.237972e-01 | stage_elapsed=00:06:58 | stage_eta=00:07:32
2026-08-20 00:52:58 | INFO    | TRAIN | epoch=027/060 | batch=00800/01562 | loss=7.125725e-01 | stage_elapsed=00:07:26 | stage_eta=00:07:05
2026-08-20 00:53:26 | INFO    | TRAIN | epoch=027/060 | batch=00850/01562 | loss=7.563581e-01 | stage_elapsed=00:07:55 | stage_eta=00:06:38
2026-08-20 00:53:53 | INFO    | TRAIN | epoch=027/060 | batch=00900/01562 | loss=7.330689e-01 | stage_elapsed=00:08:21 | stage_eta=00:06:09
2026-08-20 00:54:21 | INFO    | TRAIN | epoch=027/060 | batch=00950/01562 | loss=7.382790e-01 | stage_elapsed=00:08:50 | stage_eta=00:05:42
2026-08-20 00:54:48 | INFO    | TRAIN | epoch=027/060 | batch=01000/01562 | loss=7.162069e-01 | stage_elapsed=00:09:17 | stage_eta=00:05:13
2026-08-20 00:55:18 | INFO    | TRAIN | epoch=027/060 | batch=01050/01562 | loss=7.229589e-01 | stage_elapsed=00:09:47 | stage_eta=00:04:46
2026-08-20 00:55:45 | INFO    | TRAIN | epoch=027/060 | batch=01100/01562 | loss=7.440925e-01 | stage_elapsed=00:10:14 | stage_eta=00:04:18
2026-08-20 00:56:15 | INFO    | TRAIN | epoch=027/060 | batch=01150/01562 | loss=7.409660e-01 | stage_elapsed=00:10:44 | stage_eta=00:03:51
2026-08-20 00:56:40 | INFO    | TRAIN | epoch=027/060 | batch=01200/01562 | loss=7.265759e-01 | stage_elapsed=00:11:09 | stage_eta=00:03:22
2026-08-20 00:57:10 | INFO    | TRAIN | epoch=027/060 | batch=01250/01562 | loss=7.182688e-01 | stage_elapsed=00:11:39 | stage_eta=00:02:54
2026-08-20 00:57:36 | INFO    | TRAIN | epoch=027/060 | batch=01300/01562 | loss=7.185767e-01 | stage_elapsed=00:12:05 | stage_eta=00:02:26
2026-08-20 00:58:05 | INFO    | TRAIN | epoch=027/060 | batch=01350/01562 | loss=7.236341e-01 | stage_elapsed=00:12:34 | stage_eta=00:01:58
2026-08-20 00:58:32 | INFO    | TRAIN | epoch=027/060 | batch=01400/01562 | loss=7.009031e-01 | stage_elapsed=00:13:01 | stage_eta=00:01:30
2026-08-20 00:59:00 | INFO    | TRAIN | epoch=027/060 | batch=01450/01562 | loss=7.702539e-01 | stage_elapsed=00:13:29 | stage_eta=00:01:03
2026-08-20 00:59:29 | INFO    | TRAIN | epoch=027/060 | batch=01500/01562 | loss=7.470042e-01 | stage_elapsed=00:13:58 | stage_eta=00:00:35
2026-08-20 00:59:54 | INFO    | TRAIN | epoch=027/060 | batch=01550/01562 | loss=7.281725e-01 | stage_elapsed=00:14:23 | stage_eta=00:00:07
2026-08-20 01:00:01 | INFO    | TRAIN | epoch=027/060 | batch=01562/01562 | loss=7.273630e-01 | stage_elapsed=00:14:30 | stage_eta=00:00:00
2026-08-20 01:00:18 | INFO    | VAL | epoch=027/060 | batch=00050/00312 | loss=8.483135e-01 | stage_elapsed=00:00:17 | stage_eta=00:01:28
2026-08-20 01:00:31 | INFO    | VAL | epoch=027/060 | batch=00100/00312 | loss=7.937702e-01 | stage_elapsed=00:00:30 | stage_eta=00:01:04
2026-08-20 01:00:44 | INFO    | VAL | epoch=027/060 | batch=00150/00312 | loss=8.503062e-01 | stage_elapsed=00:00:42 | stage_eta=00:00:46
2026-08-20 01:00:56 | INFO    | VAL | epoch=027/060 | batch=00200/00312 | loss=8.273060e-01 | stage_elapsed=00:00:55 | stage_eta=00:00:31
2026-08-20 01:01:12 | INFO    | VAL | epoch=027/060 | batch=00250/00312 | loss=8.460582e-01 | stage_elapsed=00:01:11 | stage_eta=00:00:18
2026-08-20 01:01:26 | INFO    | VAL | epoch=027/060 | batch=00300/00312 | loss=8.446814e-01 | stage_elapsed=00:01:25 | stage_eta=00:00:03
2026-08-20 01:01:30 | INFO    | VAL | epoch=027/060 | batch=00312/00312 | loss=8.207434e-01 | stage_elapsed=00:01:29 | stage_eta=00:00:00
2026-08-20 01:01:32 | INFO    | Epoch 027 complete | train=7.356883e-01 | val=8.373089e-01 | best=8.373089e-01 | lr=1.000e-04 | epoch_time=00:16:01 | run_elapsed=07:48:33 | eta=09:32:40 | finish=2026-08-20 10:34:12 CST
2026-08-20 01:01:57 | INFO    | TRAIN | epoch=028/060 | batch=00050/01562 | loss=6.848872e-01 | stage_elapsed=00:00:25 | stage_eta=00:12:48
2026-08-20 01:02:29 | INFO    | TRAIN | epoch=028/060 | batch=00100/01562 | loss=7.145622e-01 | stage_elapsed=00:00:57 | stage_eta=00:13:49
2026-08-20 01:02:54 | INFO    | TRAIN | epoch=028/060 | batch=00150/01562 | loss=7.265508e-01 | stage_elapsed=00:01:22 | stage_eta=00:12:56
2026-08-20 01:03:24 | INFO    | TRAIN | epoch=028/060 | batch=00200/01562 | loss=7.265319e-01 | stage_elapsed=00:01:52 | stage_eta=00:12:44
2026-08-20 01:03:50 | INFO    | TRAIN | epoch=028/060 | batch=00250/01562 | loss=7.339721e-01 | stage_elapsed=00:02:19 | stage_eta=00:12:08
2026-08-20 01:04:21 | INFO    | TRAIN | epoch=028/060 | batch=00300/01562 | loss=7.242988e-01 | stage_elapsed=00:02:49 | stage_eta=00:11:50
2026-08-20 01:04:46 | INFO    | TRAIN | epoch=028/060 | batch=00350/01562 | loss=7.274122e-01 | stage_elapsed=00:03:15 | stage_eta=00:11:14
2026-08-20 01:05:17 | INFO    | TRAIN | epoch=028/060 | batch=00400/01562 | loss=7.331101e-01 | stage_elapsed=00:03:45 | stage_eta=00:10:55
2026-08-20 01:05:42 | INFO    | TRAIN | epoch=028/060 | batch=00450/01562 | loss=7.060370e-01 | stage_elapsed=00:04:11 | stage_eta=00:10:19
2026-08-20 01:06:27 | INFO    | TRAIN | epoch=028/060 | batch=00500/01562 | loss=7.480264e-01 | stage_elapsed=00:04:55 | stage_eta=00:10:28
2026-08-20 01:07:10 | INFO    | TRAIN | epoch=028/060 | batch=00550/01562 | loss=7.452667e-01 | stage_elapsed=00:05:38 | stage_eta=00:10:23
2026-08-20 01:07:58 | INFO    | TRAIN | epoch=028/060 | batch=00600/01562 | loss=7.268808e-01 | stage_elapsed=00:06:26 | stage_eta=00:10:19
2026-08-20 01:08:26 | INFO    | TRAIN | epoch=028/060 | batch=00650/01562 | loss=7.066866e-01 | stage_elapsed=00:06:54 | stage_eta=00:09:41
2026-08-20 01:08:56 | INFO    | TRAIN | epoch=028/060 | batch=00700/01562 | loss=7.079857e-01 | stage_elapsed=00:07:24 | stage_eta=00:09:07
2026-08-20 01:09:23 | INFO    | TRAIN | epoch=028/060 | batch=00750/01562 | loss=7.449679e-01 | stage_elapsed=00:07:51 | stage_eta=00:08:30
2026-08-20 01:09:52 | INFO    | TRAIN | epoch=028/060 | batch=00800/01562 | loss=7.146547e-01 | stage_elapsed=00:08:21 | stage_eta=00:07:57
2026-08-20 01:10:19 | INFO    | TRAIN | epoch=028/060 | batch=00850/01562 | loss=7.403321e-01 | stage_elapsed=00:08:47 | stage_eta=00:07:22
2026-08-20 01:10:53 | INFO    | TRAIN | epoch=028/060 | batch=00900/01562 | loss=7.200805e-01 | stage_elapsed=00:09:21 | stage_eta=00:06:53
2026-08-20 01:11:38 | INFO    | TRAIN | epoch=028/060 | batch=00950/01562 | loss=7.391387e-01 | stage_elapsed=00:10:06 | stage_eta=00:06:30
2026-08-20 01:12:27 | INFO    | TRAIN | epoch=028/060 | batch=01000/01562 | loss=7.536406e-01 | stage_elapsed=00:10:56 | stage_eta=00:06:08
2026-08-20 01:13:10 | INFO    | TRAIN | epoch=028/060 | batch=01050/01562 | loss=7.406362e-01 | stage_elapsed=00:11:38 | stage_eta=00:05:41
2026-08-20 01:13:59 | INFO    | TRAIN | epoch=028/060 | batch=01100/01562 | loss=7.112209e-01 | stage_elapsed=00:12:28 | stage_eta=00:05:14
2026-08-20 01:14:45 | INFO    | TRAIN | epoch=028/060 | batch=01150/01562 | loss=7.272447e-01 | stage_elapsed=00:13:13 | stage_eta=00:04:44
2026-08-20 01:15:34 | INFO    | TRAIN | epoch=028/060 | batch=01200/01562 | loss=7.268380e-01 | stage_elapsed=00:14:02 | stage_eta=00:04:14
2026-08-20 01:16:19 | INFO    | TRAIN | epoch=028/060 | batch=01250/01562 | loss=7.398938e-01 | stage_elapsed=00:14:47 | stage_eta=00:03:41
2026-08-20 01:17:05 | INFO    | TRAIN | epoch=028/060 | batch=01300/01562 | loss=7.166985e-01 | stage_elapsed=00:15:33 | stage_eta=00:03:08
2026-08-20 01:17:53 | INFO    | TRAIN | epoch=028/060 | batch=01350/01562 | loss=7.213284e-01 | stage_elapsed=00:16:21 | stage_eta=00:02:34
2026-08-20 01:18:39 | INFO    | TRAIN | epoch=028/060 | batch=01400/01562 | loss=7.454860e-01 | stage_elapsed=00:17:07 | stage_eta=00:01:59
2026-08-20 01:19:29 | INFO    | TRAIN | epoch=028/060 | batch=01450/01562 | loss=7.308569e-01 | stage_elapsed=00:17:57 | stage_eta=00:01:23
2026-08-20 01:20:12 | INFO    | TRAIN | epoch=028/060 | batch=01500/01562 | loss=7.327718e-01 | stage_elapsed=00:18:40 | stage_eta=00:00:46
2026-08-20 01:20:59 | INFO    | TRAIN | epoch=028/060 | batch=01550/01562 | loss=7.032410e-01 | stage_elapsed=00:19:27 | stage_eta=00:00:09
2026-08-20 01:21:06 | INFO    | TRAIN | epoch=028/060 | batch=01562/01562 | loss=7.184443e-01 | stage_elapsed=00:19:35 | stage_eta=00:00:00
2026-08-20 01:21:20 | INFO    | VAL | epoch=028/060 | batch=00050/00312 | loss=8.455191e-01 | stage_elapsed=00:00:14 | stage_eta=00:01:12
2026-08-20 01:21:34 | INFO    | VAL | epoch=028/060 | batch=00100/00312 | loss=7.851260e-01 | stage_elapsed=00:00:28 | stage_eta=00:00:59
2026-08-20 01:21:49 | INFO    | VAL | epoch=028/060 | batch=00150/00312 | loss=8.440453e-01 | stage_elapsed=00:00:43 | stage_eta=00:00:46
2026-08-20 01:22:04 | INFO    | VAL | epoch=028/060 | batch=00200/00312 | loss=8.155864e-01 | stage_elapsed=00:00:58 | stage_eta=00:00:32
2026-08-20 01:22:17 | INFO    | VAL | epoch=028/060 | batch=00250/00312 | loss=8.334309e-01 | stage_elapsed=00:01:11 | stage_eta=00:00:18
2026-08-20 01:22:29 | INFO    | VAL | epoch=028/060 | batch=00300/00312 | loss=8.372708e-01 | stage_elapsed=00:01:23 | stage_eta=00:00:03
2026-08-20 01:22:32 | INFO    | VAL | epoch=028/060 | batch=00312/00312 | loss=8.091410e-01 | stage_elapsed=00:01:26 | stage_eta=00:00:00
2026-08-20 01:22:35 | INFO    | Epoch 028 complete | train=7.254056e-01 | val=8.325291e-01 | best=8.325291e-01 | lr=1.000e-04 | epoch_time=00:21:03 | run_elapsed=08:09:36 | eta=09:19:32 | finish=2026-08-20 10:42:07 CST
2026-08-20 01:23:07 | INFO    | TRAIN | epoch=029/060 | batch=00050/01562 | loss=7.222821e-01 | stage_elapsed=00:00:32 | stage_eta=00:16:09
2026-08-20 01:23:32 | INFO    | TRAIN | epoch=029/060 | batch=00100/01562 | loss=7.031692e-01 | stage_elapsed=00:00:57 | stage_eta=00:13:59
2026-08-20 01:24:02 | INFO    | TRAIN | epoch=029/060 | batch=00150/01562 | loss=7.029674e-01 | stage_elapsed=00:01:27 | stage_eta=00:13:40
2026-08-20 01:24:29 | INFO    | TRAIN | epoch=029/060 | batch=00200/01562 | loss=7.375165e-01 | stage_elapsed=00:01:54 | stage_eta=00:12:55
2026-08-20 01:24:57 | INFO    | TRAIN | epoch=029/060 | batch=00250/01562 | loss=7.249348e-01 | stage_elapsed=00:02:22 | stage_eta=00:12:26
2026-08-20 01:25:26 | INFO    | TRAIN | epoch=029/060 | batch=00300/01562 | loss=7.084373e-01 | stage_elapsed=00:02:51 | stage_eta=00:11:59
2026-08-20 01:25:52 | INFO    | TRAIN | epoch=029/060 | batch=00350/01562 | loss=6.848092e-01 | stage_elapsed=00:03:17 | stage_eta=00:11:23
2026-08-20 01:26:22 | INFO    | TRAIN | epoch=029/060 | batch=00400/01562 | loss=7.021698e-01 | stage_elapsed=00:03:48 | stage_eta=00:11:01
2026-08-20 01:26:48 | INFO    | TRAIN | epoch=029/060 | batch=00450/01562 | loss=7.048482e-01 | stage_elapsed=00:04:13 | stage_eta=00:10:25
2026-08-20 01:27:18 | INFO    | TRAIN | epoch=029/060 | batch=00500/01562 | loss=7.213283e-01 | stage_elapsed=00:04:44 | stage_eta=00:10:03
2026-08-20 01:27:45 | INFO    | TRAIN | epoch=029/060 | batch=00550/01562 | loss=7.149487e-01 | stage_elapsed=00:05:11 | stage_eta=00:09:32
2026-08-20 01:28:16 | INFO    | TRAIN | epoch=029/060 | batch=00600/01562 | loss=7.087985e-01 | stage_elapsed=00:05:41 | stage_eta=00:09:07
2026-08-20 01:28:43 | INFO    | TRAIN | epoch=029/060 | batch=00650/01562 | loss=7.135338e-01 | stage_elapsed=00:06:08 | stage_eta=00:08:36
2026-08-20 01:29:12 | INFO    | TRAIN | epoch=029/060 | batch=00700/01562 | loss=7.317040e-01 | stage_elapsed=00:06:38 | stage_eta=00:08:10
2026-08-20 01:29:38 | INFO    | TRAIN | epoch=029/060 | batch=00750/01562 | loss=6.981140e-01 | stage_elapsed=00:07:03 | stage_eta=00:07:38
2026-08-20 01:30:08 | INFO    | TRAIN | epoch=029/060 | batch=00800/01562 | loss=7.293917e-01 | stage_elapsed=00:07:34 | stage_eta=00:07:12
2026-08-20 01:30:35 | INFO    | TRAIN | epoch=029/060 | batch=00850/01562 | loss=6.962237e-01 | stage_elapsed=00:08:00 | stage_eta=00:06:42
2026-08-20 01:31:03 | INFO    | TRAIN | epoch=029/060 | batch=00900/01562 | loss=7.204610e-01 | stage_elapsed=00:08:29 | stage_eta=00:06:14
2026-08-20 01:31:31 | INFO    | TRAIN | epoch=029/060 | batch=00950/01562 | loss=7.418135e-01 | stage_elapsed=00:08:56 | stage_eta=00:05:45
2026-08-20 01:31:59 | INFO    | TRAIN | epoch=029/060 | batch=01000/01562 | loss=7.470196e-01 | stage_elapsed=00:09:24 | stage_eta=00:05:17
2026-08-20 01:32:27 | INFO    | TRAIN | epoch=029/060 | batch=01050/01562 | loss=7.043324e-01 | stage_elapsed=00:09:53 | stage_eta=00:04:49
2026-08-20 01:32:55 | INFO    | TRAIN | epoch=029/060 | batch=01100/01562 | loss=7.081808e-01 | stage_elapsed=00:10:20 | stage_eta=00:04:20
2026-08-20 01:33:23 | INFO    | TRAIN | epoch=029/060 | batch=01150/01562 | loss=7.136411e-01 | stage_elapsed=00:10:48 | stage_eta=00:03:52
2026-08-20 01:33:51 | INFO    | TRAIN | epoch=029/060 | batch=01200/01562 | loss=6.877990e-01 | stage_elapsed=00:11:16 | stage_eta=00:03:24
2026-08-20 01:34:20 | INFO    | TRAIN | epoch=029/060 | batch=01250/01562 | loss=7.150386e-01 | stage_elapsed=00:11:45 | stage_eta=00:02:56
2026-08-20 01:34:45 | INFO    | TRAIN | epoch=029/060 | batch=01300/01562 | loss=7.184347e-01 | stage_elapsed=00:12:11 | stage_eta=00:02:27
2026-08-20 01:35:16 | INFO    | TRAIN | epoch=029/060 | batch=01350/01562 | loss=7.272327e-01 | stage_elapsed=00:12:41 | stage_eta=00:01:59
2026-08-20 01:35:41 | INFO    | TRAIN | epoch=029/060 | batch=01400/01562 | loss=6.983120e-01 | stage_elapsed=00:13:06 | stage_eta=00:01:31
2026-08-20 01:36:12 | INFO    | TRAIN | epoch=029/060 | batch=01450/01562 | loss=7.438074e-01 | stage_elapsed=00:13:37 | stage_eta=00:01:03
2026-08-20 01:36:37 | INFO    | TRAIN | epoch=029/060 | batch=01500/01562 | loss=7.223046e-01 | stage_elapsed=00:14:02 | stage_eta=00:00:35
2026-08-20 01:37:08 | INFO    | TRAIN | epoch=029/060 | batch=01550/01562 | loss=7.097910e-01 | stage_elapsed=00:14:33 | stage_eta=00:00:07
2026-08-20 01:37:13 | INFO    | TRAIN | epoch=029/060 | batch=01562/01562 | loss=7.103332e-01 | stage_elapsed=00:14:39 | stage_eta=00:00:00
2026-08-20 01:37:26 | INFO    | VAL | epoch=029/060 | batch=00050/00312 | loss=8.485264e-01 | stage_elapsed=00:00:13 | stage_eta=00:01:07
2026-08-20 01:37:40 | INFO    | VAL | epoch=029/060 | batch=00100/00312 | loss=7.850048e-01 | stage_elapsed=00:00:26 | stage_eta=00:00:55
2026-08-20 01:37:55 | INFO    | VAL | epoch=029/060 | batch=00150/00312 | loss=8.437364e-01 | stage_elapsed=00:00:41 | stage_eta=00:00:45
2026-08-20 01:38:09 | INFO    | VAL | epoch=029/060 | batch=00200/00312 | loss=8.183637e-01 | stage_elapsed=00:00:56 | stage_eta=00:00:31
2026-08-20 01:38:23 | INFO    | VAL | epoch=029/060 | batch=00250/00312 | loss=8.357878e-01 | stage_elapsed=00:01:09 | stage_eta=00:00:17
2026-08-20 01:38:36 | INFO    | VAL | epoch=029/060 | batch=00300/00312 | loss=8.384413e-01 | stage_elapsed=00:01:23 | stage_eta=00:00:03
2026-08-20 01:38:39 | INFO    | VAL | epoch=029/060 | batch=00312/00312 | loss=8.069459e-01 | stage_elapsed=00:01:26 | stage_eta=00:00:00
2026-08-20 01:38:41 | INFO    | Epoch 029 complete | train=7.163286e-01 | val=8.295955e-01 | best=8.295955e-01 | lr=1.000e-04 | epoch_time=00:16:07 | run_elapsed=08:25:42 | eta=09:00:35 | finish=2026-08-20 10:39:16 CST
2026-08-20 01:39:12 | INFO    | TRAIN | epoch=030/060 | batch=00050/01562 | loss=7.055465e-01 | stage_elapsed=00:00:31 | stage_eta=00:15:38
2026-08-20 01:39:39 | INFO    | TRAIN | epoch=030/060 | batch=00100/01562 | loss=7.366577e-01 | stage_elapsed=00:00:58 | stage_eta=00:14:03
2026-08-20 01:40:07 | INFO    | TRAIN | epoch=030/060 | batch=00150/01562 | loss=6.920847e-01 | stage_elapsed=00:01:26 | stage_eta=00:13:30
2026-08-20 01:40:35 | INFO    | TRAIN | epoch=030/060 | batch=00200/01562 | loss=6.975751e-01 | stage_elapsed=00:01:53 | stage_eta=00:12:51
2026-08-20 01:41:02 | INFO    | TRAIN | epoch=030/060 | batch=00250/01562 | loss=7.142712e-01 | stage_elapsed=00:02:21 | stage_eta=00:12:20
2026-08-20 01:41:32 | INFO    | TRAIN | epoch=030/060 | batch=00300/01562 | loss=6.978396e-01 | stage_elapsed=00:02:50 | stage_eta=00:11:56
2026-08-20 01:41:58 | INFO    | TRAIN | epoch=030/060 | batch=00350/01562 | loss=6.892409e-01 | stage_elapsed=00:03:16 | stage_eta=00:11:20
2026-08-20 01:42:29 | INFO    | TRAIN | epoch=030/060 | batch=00400/01562 | loss=6.979471e-01 | stage_elapsed=00:03:48 | stage_eta=00:11:02
2026-08-20 01:42:54 | INFO    | TRAIN | epoch=030/060 | batch=00450/01562 | loss=7.129749e-01 | stage_elapsed=00:04:13 | stage_eta=00:10:25
2026-08-20 01:43:25 | INFO    | TRAIN | epoch=030/060 | batch=00500/01562 | loss=7.246807e-01 | stage_elapsed=00:04:43 | stage_eta=00:10:02
2026-08-20 01:43:51 | INFO    | TRAIN | epoch=030/060 | batch=00550/01562 | loss=6.982973e-01 | stage_elapsed=00:05:10 | stage_eta=00:09:30
2026-08-20 01:44:22 | INFO    | TRAIN | epoch=030/060 | batch=00600/01562 | loss=7.086670e-01 | stage_elapsed=00:05:40 | stage_eta=00:09:06
2026-08-20 01:44:48 | INFO    | TRAIN | epoch=030/060 | batch=00650/01562 | loss=7.117303e-01 | stage_elapsed=00:06:07 | stage_eta=00:08:35
2026-08-20 01:45:17 | INFO    | TRAIN | epoch=030/060 | batch=00700/01562 | loss=6.869965e-01 | stage_elapsed=00:06:36 | stage_eta=00:08:08
2026-08-20 01:45:44 | INFO    | TRAIN | epoch=030/060 | batch=00750/01562 | loss=7.248779e-01 | stage_elapsed=00:07:03 | stage_eta=00:07:38
2026-08-20 01:46:13 | INFO    | TRAIN | epoch=030/060 | batch=00800/01562 | loss=7.053982e-01 | stage_elapsed=00:07:31 | stage_eta=00:07:10
2026-08-20 01:46:42 | INFO    | TRAIN | epoch=030/060 | batch=00850/01562 | loss=7.067423e-01 | stage_elapsed=00:08:01 | stage_eta=00:06:43
2026-08-20 01:47:09 | INFO    | TRAIN | epoch=030/060 | batch=00900/01562 | loss=7.001947e-01 | stage_elapsed=00:08:28 | stage_eta=00:06:13
2026-08-20 01:47:39 | INFO    | TRAIN | epoch=030/060 | batch=00950/01562 | loss=7.237680e-01 | stage_elapsed=00:08:57 | stage_eta=00:05:46
2026-08-20 01:48:04 | INFO    | TRAIN | epoch=030/060 | batch=01000/01562 | loss=7.006934e-01 | stage_elapsed=00:09:23 | stage_eta=00:05:16
2026-08-20 01:48:35 | INFO    | TRAIN | epoch=030/060 | batch=01050/01562 | loss=7.116107e-01 | stage_elapsed=00:09:54 | stage_eta=00:04:49
2026-08-20 01:49:00 | INFO    | TRAIN | epoch=030/060 | batch=01100/01562 | loss=7.273466e-01 | stage_elapsed=00:10:19 | stage_eta=00:04:20
2026-08-20 01:49:31 | INFO    | TRAIN | epoch=030/060 | batch=01150/01562 | loss=7.284171e-01 | stage_elapsed=00:10:49 | stage_eta=00:03:53
2026-08-20 01:49:58 | INFO    | TRAIN | epoch=030/060 | batch=01200/01562 | loss=7.239238e-01 | stage_elapsed=00:11:17 | stage_eta=00:03:24
2026-08-20 01:50:27 | INFO    | TRAIN | epoch=030/060 | batch=01250/01562 | loss=7.060123e-01 | stage_elapsed=00:11:46 | stage_eta=00:02:56
2026-08-20 01:50:55 | INFO    | TRAIN | epoch=030/060 | batch=01300/01562 | loss=6.955665e-01 | stage_elapsed=00:12:14 | stage_eta=00:02:28
2026-08-20 01:51:22 | INFO    | TRAIN | epoch=030/060 | batch=01350/01562 | loss=7.005982e-01 | stage_elapsed=00:12:41 | stage_eta=00:01:59
2026-08-20 01:51:51 | INFO    | TRAIN | epoch=030/060 | batch=01400/01562 | loss=6.976982e-01 | stage_elapsed=00:13:10 | stage_eta=00:01:31
2026-08-20 01:52:17 | INFO    | TRAIN | epoch=030/060 | batch=01450/01562 | loss=6.999931e-01 | stage_elapsed=00:13:36 | stage_eta=00:01:03
2026-08-20 01:52:47 | INFO    | TRAIN | epoch=030/060 | batch=01500/01562 | loss=7.265695e-01 | stage_elapsed=00:14:06 | stage_eta=00:00:35
2026-08-20 01:53:14 | INFO    | TRAIN | epoch=030/060 | batch=01550/01562 | loss=7.087973e-01 | stage_elapsed=00:14:33 | stage_eta=00:00:07
2026-08-20 01:53:20 | INFO    | TRAIN | epoch=030/060 | batch=01562/01562 | loss=7.081602e-01 | stage_elapsed=00:14:39 | stage_eta=00:00:00
2026-08-20 01:53:36 | INFO    | VAL | epoch=030/060 | batch=00050/00312 | loss=8.408873e-01 | stage_elapsed=00:00:16 | stage_eta=00:01:23
2026-08-20 01:53:51 | INFO    | VAL | epoch=030/060 | batch=00100/00312 | loss=7.761886e-01 | stage_elapsed=00:00:30 | stage_eta=00:01:04
2026-08-20 01:54:04 | INFO    | VAL | epoch=030/060 | batch=00150/00312 | loss=8.376473e-01 | stage_elapsed=00:00:43 | stage_eta=00:00:47
2026-08-20 01:54:16 | INFO    | VAL | epoch=030/060 | batch=00200/00312 | loss=8.089586e-01 | stage_elapsed=00:00:56 | stage_eta=00:00:31
2026-08-20 01:54:30 | INFO    | VAL | epoch=030/060 | batch=00250/00312 | loss=8.310311e-01 | stage_elapsed=00:01:10 | stage_eta=00:00:17
2026-08-20 01:54:47 | INFO    | VAL | epoch=030/060 | batch=00300/00312 | loss=8.333495e-01 | stage_elapsed=00:01:27 | stage_eta=00:00:03
2026-08-20 01:54:51 | INFO    | VAL | epoch=030/060 | batch=00312/00312 | loss=7.977576e-01 | stage_elapsed=00:01:30 | stage_eta=00:00:00
2026-08-20 01:54:55 | INFO    | Epoch 030 complete | train=7.077977e-01 | val=8.240492e-01 | best=8.240492e-01 | lr=1.000e-04 | epoch_time=00:16:13 | run_elapsed=08:41:56 | eta=08:41:56 | finish=2026-08-20 10:36:50 CST
2026-08-20 01:55:21 | INFO    | TRAIN | epoch=031/060 | batch=00050/01562 | loss=6.945457e-01 | stage_elapsed=00:00:26 | stage_eta=00:13:16
2026-08-20 01:55:50 | INFO    | TRAIN | epoch=031/060 | batch=00100/01562 | loss=6.927245e-01 | stage_elapsed=00:00:55 | stage_eta=00:13:24
2026-08-20 01:56:18 | INFO    | TRAIN | epoch=031/060 | batch=00150/01562 | loss=7.081767e-01 | stage_elapsed=00:01:23 | stage_eta=00:13:04
2026-08-20 01:56:45 | INFO    | TRAIN | epoch=031/060 | batch=00200/01562 | loss=7.078621e-01 | stage_elapsed=00:01:50 | stage_eta=00:12:30
2026-08-20 01:57:13 | INFO    | TRAIN | epoch=031/060 | batch=00250/01562 | loss=6.850688e-01 | stage_elapsed=00:02:19 | stage_eta=00:12:07
2026-08-20 01:57:40 | INFO    | TRAIN | epoch=031/060 | batch=00300/01562 | loss=7.148864e-01 | stage_elapsed=00:02:46 | stage_eta=00:11:37
2026-08-20 01:58:11 | INFO    | TRAIN | epoch=031/060 | batch=00350/01562 | loss=6.799823e-01 | stage_elapsed=00:03:16 | stage_eta=00:11:20
2026-08-20 01:58:37 | INFO    | TRAIN | epoch=031/060 | batch=00400/01562 | loss=6.891689e-01 | stage_elapsed=00:03:42 | stage_eta=00:10:44
2026-08-20 01:59:07 | INFO    | TRAIN | epoch=031/060 | batch=00450/01562 | loss=7.097963e-01 | stage_elapsed=00:04:13 | stage_eta=00:10:24
2026-08-20 01:59:34 | INFO    | TRAIN | epoch=031/060 | batch=00500/01562 | loss=6.886927e-01 | stage_elapsed=00:04:39 | stage_eta=00:09:53
2026-08-20 02:00:02 | INFO    | TRAIN | epoch=031/060 | batch=00550/01562 | loss=7.092987e-01 | stage_elapsed=00:05:08 | stage_eta=00:09:26
2026-08-20 02:00:30 | INFO    | TRAIN | epoch=031/060 | batch=00600/01562 | loss=6.802343e-01 | stage_elapsed=00:05:35 | stage_eta=00:08:58
2026-08-20 02:00:58 | INFO    | TRAIN | epoch=031/060 | batch=00650/01562 | loss=7.004582e-01 | stage_elapsed=00:06:03 | stage_eta=00:08:29
2026-08-20 02:01:26 | INFO    | TRAIN | epoch=031/060 | batch=00700/01562 | loss=6.927578e-01 | stage_elapsed=00:06:31 | stage_eta=00:08:02
2026-08-20 02:01:54 | INFO    | TRAIN | epoch=031/060 | batch=00750/01562 | loss=7.178453e-01 | stage_elapsed=00:06:59 | stage_eta=00:07:33
2026-08-20 02:02:22 | INFO    | TRAIN | epoch=031/060 | batch=00800/01562 | loss=7.136302e-01 | stage_elapsed=00:07:27 | stage_eta=00:07:06
2026-08-20 02:02:49 | INFO    | TRAIN | epoch=031/060 | batch=00850/01562 | loss=7.173846e-01 | stage_elapsed=00:07:55 | stage_eta=00:06:38
2026-08-20 02:03:19 | INFO    | TRAIN | epoch=031/060 | batch=00900/01562 | loss=6.785031e-01 | stage_elapsed=00:08:24 | stage_eta=00:06:11
2026-08-20 02:03:45 | INFO    | TRAIN | epoch=031/060 | batch=00950/01562 | loss=7.052560e-01 | stage_elapsed=00:08:51 | stage_eta=00:05:42
2026-08-20 02:04:16 | INFO    | TRAIN | epoch=031/060 | batch=01000/01562 | loss=6.755910e-01 | stage_elapsed=00:09:21 | stage_eta=00:05:15
2026-08-20 02:04:41 | INFO    | TRAIN | epoch=031/060 | batch=01050/01562 | loss=7.108819e-01 | stage_elapsed=00:09:46 | stage_eta=00:04:46
2026-08-20 02:05:08 | INFO    | TRAIN | epoch=031/060 | batch=01100/01562 | loss=6.864673e-01 | stage_elapsed=00:10:13 | stage_eta=00:04:17
2026-08-20 02:05:37 | INFO    | TRAIN | epoch=031/060 | batch=01150/01562 | loss=7.180146e-01 | stage_elapsed=00:10:42 | stage_eta=00:03:50
2026-08-20 02:06:03 | INFO    | TRAIN | epoch=031/060 | batch=01200/01562 | loss=6.897066e-01 | stage_elapsed=00:11:08 | stage_eta=00:03:22
2026-08-20 02:06:30 | INFO    | TRAIN | epoch=031/060 | batch=01250/01562 | loss=6.769463e-01 | stage_elapsed=00:11:35 | stage_eta=00:02:54
2026-08-20 02:07:00 | INFO    | TRAIN | epoch=031/060 | batch=01300/01562 | loss=6.842898e-01 | stage_elapsed=00:12:05 | stage_eta=00:02:26
2026-08-20 02:07:25 | INFO    | TRAIN | epoch=031/060 | batch=01350/01562 | loss=6.981993e-01 | stage_elapsed=00:12:31 | stage_eta=00:01:58
2026-08-20 02:07:50 | INFO    | TRAIN | epoch=031/060 | batch=01400/01562 | loss=7.143862e-01 | stage_elapsed=00:12:56 | stage_eta=00:01:30
2026-08-20 02:08:21 | INFO    | TRAIN | epoch=031/060 | batch=01450/01562 | loss=7.019956e-01 | stage_elapsed=00:13:27 | stage_eta=00:01:02
2026-08-20 02:08:46 | INFO    | TRAIN | epoch=031/060 | batch=01500/01562 | loss=7.104045e-01 | stage_elapsed=00:13:51 | stage_eta=00:00:34
2026-08-20 02:09:13 | INFO    | TRAIN | epoch=031/060 | batch=01550/01562 | loss=7.142253e-01 | stage_elapsed=00:14:18 | stage_eta=00:00:07
2026-08-20 02:09:20 | INFO    | TRAIN | epoch=031/060 | batch=01562/01562 | loss=7.045450e-01 | stage_elapsed=00:14:26 | stage_eta=00:00:00
2026-08-20 02:09:35 | INFO    | VAL | epoch=031/060 | batch=00050/00312 | loss=8.343717e-01 | stage_elapsed=00:00:14 | stage_eta=00:01:15
2026-08-20 02:09:49 | INFO    | VAL | epoch=031/060 | batch=00100/00312 | loss=7.729174e-01 | stage_elapsed=00:00:28 | stage_eta=00:01:00
2026-08-20 02:10:02 | INFO    | VAL | epoch=031/060 | batch=00150/00312 | loss=8.351289e-01 | stage_elapsed=00:00:41 | stage_eta=00:00:44
2026-08-20 02:10:15 | INFO    | VAL | epoch=031/060 | batch=00200/00312 | loss=8.069131e-01 | stage_elapsed=00:00:54 | stage_eta=00:00:30
2026-08-20 02:10:27 | INFO    | VAL | epoch=031/060 | batch=00250/00312 | loss=8.289412e-01 | stage_elapsed=00:01:06 | stage_eta=00:00:16
2026-08-20 02:10:41 | INFO    | VAL | epoch=031/060 | batch=00300/00312 | loss=8.304523e-01 | stage_elapsed=00:01:20 | stage_eta=00:00:03
2026-08-20 02:10:45 | INFO    | VAL | epoch=031/060 | batch=00312/00312 | loss=7.950704e-01 | stage_elapsed=00:01:24 | stage_eta=00:00:00
2026-08-20 02:10:46 | INFO    | Epoch 031 complete | train=6.997611e-01 | val=8.213722e-01 | best=8.213722e-01 | lr=1.000e-04 | epoch_time=00:15:51 | run_elapsed=08:57:47 | eta=08:23:05 | finish=2026-08-20 10:33:52 CST
2026-08-20 02:11:13 | INFO    | TRAIN | epoch=032/060 | batch=00050/01562 | loss=7.009777e-01 | stage_elapsed=00:00:27 | stage_eta=00:13:35
2026-08-20 02:11:38 | INFO    | TRAIN | epoch=032/060 | batch=00100/01562 | loss=6.764255e-01 | stage_elapsed=00:00:52 | stage_eta=00:12:35
2026-08-20 02:12:08 | INFO    | TRAIN | epoch=032/060 | batch=00150/01562 | loss=6.986981e-01 | stage_elapsed=00:01:21 | stage_eta=00:12:46
2026-08-20 02:12:32 | INFO    | TRAIN | epoch=032/060 | batch=00200/01562 | loss=6.840100e-01 | stage_elapsed=00:01:46 | stage_eta=00:12:04
2026-08-20 02:12:58 | INFO    | TRAIN | epoch=032/060 | batch=00250/01562 | loss=6.890671e-01 | stage_elapsed=00:02:12 | stage_eta=00:11:33
2026-08-20 02:13:29 | INFO    | TRAIN | epoch=032/060 | batch=00300/01562 | loss=6.748867e-01 | stage_elapsed=00:02:42 | stage_eta=00:11:23
2026-08-20 02:13:55 | INFO    | TRAIN | epoch=032/060 | batch=00350/01562 | loss=6.918176e-01 | stage_elapsed=00:03:08 | stage_eta=00:10:52
2026-08-20 02:14:20 | INFO    | TRAIN | epoch=032/060 | batch=00400/01562 | loss=6.776922e-01 | stage_elapsed=00:03:34 | stage_eta=00:10:22
2026-08-20 02:14:50 | INFO    | TRAIN | epoch=032/060 | batch=00450/01562 | loss=6.895021e-01 | stage_elapsed=00:04:04 | stage_eta=00:10:03
2026-08-20 02:15:16 | INFO    | TRAIN | epoch=032/060 | batch=00500/01562 | loss=6.956356e-01 | stage_elapsed=00:04:30 | stage_eta=00:09:33
2026-08-20 02:15:41 | INFO    | TRAIN | epoch=032/060 | batch=00550/01562 | loss=6.903465e-01 | stage_elapsed=00:04:55 | stage_eta=00:09:03
2026-08-20 02:16:11 | INFO    | TRAIN | epoch=032/060 | batch=00600/01562 | loss=7.104551e-01 | stage_elapsed=00:05:25 | stage_eta=00:08:41
2026-08-20 02:16:38 | INFO    | TRAIN | epoch=032/060 | batch=00650/01562 | loss=6.624942e-01 | stage_elapsed=00:05:52 | stage_eta=00:08:13
2026-08-20 02:17:08 | INFO    | TRAIN | epoch=032/060 | batch=00700/01562 | loss=6.979153e-01 | stage_elapsed=00:06:22 | stage_eta=00:07:50
2026-08-20 02:17:34 | INFO    | TRAIN | epoch=032/060 | batch=00750/01562 | loss=7.130811e-01 | stage_elapsed=00:06:48 | stage_eta=00:07:21
2026-08-20 02:18:04 | INFO    | TRAIN | epoch=032/060 | batch=00800/01562 | loss=6.832944e-01 | stage_elapsed=00:07:18 | stage_eta=00:06:57
2026-08-20 02:18:31 | INFO    | TRAIN | epoch=032/060 | batch=00850/01562 | loss=6.744184e-01 | stage_elapsed=00:07:45 | stage_eta=00:06:30
2026-08-20 02:19:00 | INFO    | TRAIN | epoch=032/060 | batch=00900/01562 | loss=6.795747e-01 | stage_elapsed=00:08:13 | stage_eta=00:06:03
2026-08-20 02:19:28 | INFO    | TRAIN | epoch=032/060 | batch=00950/01562 | loss=6.849254e-01 | stage_elapsed=00:08:42 | stage_eta=00:05:36
2026-08-20 02:19:55 | INFO    | TRAIN | epoch=032/060 | batch=01000/01562 | loss=7.194357e-01 | stage_elapsed=00:09:08 | stage_eta=00:05:08
2026-08-20 02:20:22 | INFO    | TRAIN | epoch=032/060 | batch=01050/01562 | loss=7.136757e-01 | stage_elapsed=00:09:35 | stage_eta=00:04:41
2026-08-20 02:20:50 | INFO    | TRAIN | epoch=032/060 | batch=01100/01562 | loss=6.850190e-01 | stage_elapsed=00:10:03 | stage_eta=00:04:13
2026-08-20 02:21:15 | INFO    | TRAIN | epoch=032/060 | batch=01150/01562 | loss=7.037264e-01 | stage_elapsed=00:10:28 | stage_eta=00:03:45
2026-08-20 02:21:44 | INFO    | TRAIN | epoch=032/060 | batch=01200/01562 | loss=6.919205e-01 | stage_elapsed=00:10:58 | stage_eta=00:03:19
2026-08-20 02:22:10 | INFO    | TRAIN | epoch=032/060 | batch=01250/01562 | loss=6.716090e-01 | stage_elapsed=00:11:24 | stage_eta=00:02:51
2026-08-20 02:22:36 | INFO    | TRAIN | epoch=032/060 | batch=01300/01562 | loss=6.992081e-01 | stage_elapsed=00:11:50 | stage_eta=00:02:23
2026-08-20 02:23:06 | INFO    | TRAIN | epoch=032/060 | batch=01350/01562 | loss=7.039782e-01 | stage_elapsed=00:12:20 | stage_eta=00:01:56
2026-08-20 02:23:31 | INFO    | TRAIN | epoch=032/060 | batch=01400/01562 | loss=7.018217e-01 | stage_elapsed=00:12:45 | stage_eta=00:01:29
2026-08-20 02:23:58 | INFO    | TRAIN | epoch=032/060 | batch=01450/01562 | loss=6.841198e-01 | stage_elapsed=00:13:11 | stage_eta=00:01:01
2026-08-20 02:24:27 | INFO    | TRAIN | epoch=032/060 | batch=01500/01562 | loss=7.074220e-01 | stage_elapsed=00:13:41 | stage_eta=00:00:34
2026-08-20 02:24:53 | INFO    | TRAIN | epoch=032/060 | batch=01550/01562 | loss=7.144463e-01 | stage_elapsed=00:14:07 | stage_eta=00:00:07
2026-08-20 02:24:59 | INFO    | TRAIN | epoch=032/060 | batch=01562/01562 | loss=7.017038e-01 | stage_elapsed=00:14:13 | stage_eta=00:00:00
2026-08-20 02:25:12 | INFO    | VAL | epoch=032/060 | batch=00050/00312 | loss=8.375089e-01 | stage_elapsed=00:00:13 | stage_eta=00:01:06
2026-08-20 02:25:24 | INFO    | VAL | epoch=032/060 | batch=00100/00312 | loss=7.675402e-01 | stage_elapsed=00:00:25 | stage_eta=00:00:53
2026-08-20 02:25:40 | INFO    | VAL | epoch=032/060 | batch=00150/00312 | loss=8.302050e-01 | stage_elapsed=00:00:41 | stage_eta=00:00:44
2026-08-20 02:25:54 | INFO    | VAL | epoch=032/060 | batch=00200/00312 | loss=8.023146e-01 | stage_elapsed=00:00:55 | stage_eta=00:00:31
2026-08-20 02:26:06 | INFO    | VAL | epoch=032/060 | batch=00250/00312 | loss=8.235913e-01 | stage_elapsed=00:01:07 | stage_eta=00:00:17
2026-08-20 02:26:19 | INFO    | VAL | epoch=032/060 | batch=00300/00312 | loss=8.243924e-01 | stage_elapsed=00:01:20 | stage_eta=00:00:03
2026-08-20 02:26:22 | INFO    | VAL | epoch=032/060 | batch=00312/00312 | loss=7.911065e-01 | stage_elapsed=00:01:23 | stage_eta=00:00:00
2026-08-20 02:26:24 | INFO    | Epoch 032 complete | train=6.920288e-01 | val=8.170756e-01 | best=8.170756e-01 | lr=1.000e-04 | epoch_time=00:15:37 | run_elapsed=09:13:25 | eta=08:04:14 | finish=2026-08-20 10:30:38 CST
2026-08-20 02:26:51 | INFO    | TRAIN | epoch=033/060 | batch=00050/01562 | loss=6.622995e-01 | stage_elapsed=00:00:28 | stage_eta=00:13:56
2026-08-20 02:27:21 | INFO    | TRAIN | epoch=033/060 | batch=00100/01562 | loss=6.892533e-01 | stage_elapsed=00:00:57 | stage_eta=00:13:54
2026-08-20 02:27:47 | INFO    | TRAIN | epoch=033/060 | batch=00150/01562 | loss=6.743472e-01 | stage_elapsed=00:01:23 | stage_eta=00:13:04
2026-08-20 02:28:11 | INFO    | TRAIN | epoch=033/060 | batch=00200/01562 | loss=6.941261e-01 | stage_elapsed=00:01:48 | stage_eta=00:12:14
2026-08-20 02:28:42 | INFO    | TRAIN | epoch=033/060 | batch=00250/01562 | loss=6.557090e-01 | stage_elapsed=00:02:18 | stage_eta=00:12:07
2026-08-20 02:29:07 | INFO    | TRAIN | epoch=033/060 | batch=00300/01562 | loss=6.680698e-01 | stage_elapsed=00:02:43 | stage_eta=00:11:27
2026-08-20 02:29:33 | INFO    | TRAIN | epoch=033/060 | batch=00350/01562 | loss=6.602734e-01 | stage_elapsed=00:03:10 | stage_eta=00:10:57
2026-08-20 02:30:02 | INFO    | TRAIN | epoch=033/060 | batch=00400/01562 | loss=6.764937e-01 | stage_elapsed=00:03:39 | stage_eta=00:10:36
2026-08-20 02:30:29 | INFO    | TRAIN | epoch=033/060 | batch=00450/01562 | loss=6.516865e-01 | stage_elapsed=00:04:05 | stage_eta=00:10:06
2026-08-20 02:30:55 | INFO    | TRAIN | epoch=033/060 | batch=00500/01562 | loss=6.897395e-01 | stage_elapsed=00:04:31 | stage_eta=00:09:36
2026-08-20 02:31:24 | INFO    | TRAIN | epoch=033/060 | batch=00550/01562 | loss=7.157358e-01 | stage_elapsed=00:05:01 | stage_eta=00:09:13
2026-08-20 02:31:49 | INFO    | TRAIN | epoch=033/060 | batch=00600/01562 | loss=6.927551e-01 | stage_elapsed=00:05:26 | stage_eta=00:08:42
2026-08-20 02:32:18 | INFO    | TRAIN | epoch=033/060 | batch=00650/01562 | loss=7.044050e-01 | stage_elapsed=00:05:55 | stage_eta=00:08:18
2026-08-20 02:32:45 | INFO    | TRAIN | epoch=033/060 | batch=00700/01562 | loss=6.816185e-01 | stage_elapsed=00:06:22 | stage_eta=00:07:50
2026-08-20 02:33:10 | INFO    | TRAIN | epoch=033/060 | batch=00750/01562 | loss=7.027018e-01 | stage_elapsed=00:06:47 | stage_eta=00:07:20
2026-08-20 02:33:40 | INFO    | TRAIN | epoch=033/060 | batch=00800/01562 | loss=6.863612e-01 | stage_elapsed=00:07:17 | stage_eta=00:06:56
2026-08-20 02:34:07 | INFO    | TRAIN | epoch=033/060 | batch=00850/01562 | loss=6.758082e-01 | stage_elapsed=00:07:43 | stage_eta=00:06:28
2026-08-20 02:34:33 | INFO    | TRAIN | epoch=033/060 | batch=00900/01562 | loss=6.835278e-01 | stage_elapsed=00:08:09 | stage_eta=00:06:00
2026-08-20 02:35:03 | INFO    | TRAIN | epoch=033/060 | batch=00950/01562 | loss=6.684942e-01 | stage_elapsed=00:08:40 | stage_eta=00:05:35
2026-08-20 02:35:29 | INFO    | TRAIN | epoch=033/060 | batch=01000/01562 | loss=6.776972e-01 | stage_elapsed=00:09:05 | stage_eta=00:05:07
2026-08-20 02:35:58 | INFO    | TRAIN | epoch=033/060 | batch=01050/01562 | loss=6.685401e-01 | stage_elapsed=00:09:34 | stage_eta=00:04:40
2026-08-20 02:36:25 | INFO    | TRAIN | epoch=033/060 | batch=01100/01562 | loss=6.947333e-01 | stage_elapsed=00:10:01 | stage_eta=00:04:12
2026-08-20 02:36:50 | INFO    | TRAIN | epoch=033/060 | batch=01150/01562 | loss=6.814330e-01 | stage_elapsed=00:10:27 | stage_eta=00:03:45
2026-08-20 02:37:19 | INFO    | TRAIN | epoch=033/060 | batch=01200/01562 | loss=6.754265e-01 | stage_elapsed=00:10:56 | stage_eta=00:03:18
2026-08-20 02:37:47 | INFO    | TRAIN | epoch=033/060 | batch=01250/01562 | loss=6.896123e-01 | stage_elapsed=00:11:24 | stage_eta=00:02:51
2026-08-20 02:38:14 | INFO    | TRAIN | epoch=033/060 | batch=01300/01562 | loss=6.849916e-01 | stage_elapsed=00:11:51 | stage_eta=00:02:23
2026-08-20 02:38:43 | INFO    | TRAIN | epoch=033/060 | batch=01350/01562 | loss=7.183483e-01 | stage_elapsed=00:12:19 | stage_eta=00:01:56
2026-08-20 02:39:09 | INFO    | TRAIN | epoch=033/060 | batch=01400/01562 | loss=6.923370e-01 | stage_elapsed=00:12:46 | stage_eta=00:01:29
2026-08-20 02:39:39 | INFO    | TRAIN | epoch=033/060 | batch=01450/01562 | loss=6.913961e-01 | stage_elapsed=00:13:16 | stage_eta=00:01:01
2026-08-20 02:40:06 | INFO    | TRAIN | epoch=033/060 | batch=01500/01562 | loss=6.888679e-01 | stage_elapsed=00:13:43 | stage_eta=00:00:34
2026-08-20 02:40:36 | INFO    | TRAIN | epoch=033/060 | batch=01550/01562 | loss=6.862146e-01 | stage_elapsed=00:14:12 | stage_eta=00:00:07
2026-08-20 02:40:42 | INFO    | TRAIN | epoch=033/060 | batch=01562/01562 | loss=6.997983e-01 | stage_elapsed=00:14:18 | stage_eta=00:00:00
2026-08-20 02:40:56 | INFO    | VAL | epoch=033/060 | batch=00050/00312 | loss=8.364364e-01 | stage_elapsed=00:00:14 | stage_eta=00:01:11
2026-08-20 02:41:08 | INFO    | VAL | epoch=033/060 | batch=00100/00312 | loss=7.567840e-01 | stage_elapsed=00:00:26 | stage_eta=00:00:55
2026-08-20 02:41:23 | INFO    | VAL | epoch=033/060 | batch=00150/00312 | loss=8.279158e-01 | stage_elapsed=00:00:41 | stage_eta=00:00:44
2026-08-20 02:41:38 | INFO    | VAL | epoch=033/060 | batch=00200/00312 | loss=7.959731e-01 | stage_elapsed=00:00:56 | stage_eta=00:00:31
2026-08-20 02:41:50 | INFO    | VAL | epoch=033/060 | batch=00250/00312 | loss=8.265464e-01 | stage_elapsed=00:01:08 | stage_eta=00:00:17
2026-08-20 02:42:03 | INFO    | VAL | epoch=033/060 | batch=00300/00312 | loss=8.249493e-01 | stage_elapsed=00:01:21 | stage_eta=00:00:03
2026-08-20 02:42:06 | INFO    | VAL | epoch=033/060 | batch=00312/00312 | loss=7.830927e-01 | stage_elapsed=00:01:24 | stage_eta=00:00:00
2026-08-20 02:42:09 | INFO    | Epoch 033 complete | train=6.848911e-01 | val=8.139491e-01 | best=8.139491e-01 | lr=1.000e-04 | epoch_time=00:15:46 | run_elapsed=09:29:10 | eta=07:45:41 | finish=2026-08-20 10:27:50 CST
2026-08-20 02:42:39 | INFO    | TRAIN | epoch=034/060 | batch=00050/01562 | loss=6.792519e-01 | stage_elapsed=00:00:30 | stage_eta=00:15:03
2026-08-20 02:43:06 | INFO    | TRAIN | epoch=034/060 | batch=00100/01562 | loss=6.726471e-01 | stage_elapsed=00:00:56 | stage_eta=00:13:45
2026-08-20 02:43:35 | INFO    | TRAIN | epoch=034/060 | batch=00150/01562 | loss=6.516175e-01 | stage_elapsed=00:01:26 | stage_eta=00:13:28
2026-08-20 02:44:02 | INFO    | TRAIN | epoch=034/060 | batch=00200/01562 | loss=6.656659e-01 | stage_elapsed=00:01:53 | stage_eta=00:12:46
2026-08-20 02:44:30 | INFO    | TRAIN | epoch=034/060 | batch=00250/01562 | loss=6.473209e-01 | stage_elapsed=00:02:21 | stage_eta=00:12:18
2026-08-20 02:44:57 | INFO    | TRAIN | epoch=034/060 | batch=00300/01562 | loss=6.812755e-01 | stage_elapsed=00:02:48 | stage_eta=00:11:47
2026-08-20 02:45:26 | INFO    | TRAIN | epoch=034/060 | batch=00350/01562 | loss=6.691990e-01 | stage_elapsed=00:03:16 | stage_eta=00:11:20
2026-08-20 02:45:56 | INFO    | TRAIN | epoch=034/060 | batch=00400/01562 | loss=6.698047e-01 | stage_elapsed=00:03:46 | stage_eta=00:10:58
2026-08-20 02:46:23 | INFO    | TRAIN | epoch=034/060 | batch=00450/01562 | loss=6.856683e-01 | stage_elapsed=00:04:13 | stage_eta=00:10:26
2026-08-20 02:46:53 | INFO    | TRAIN | epoch=034/060 | batch=00500/01562 | loss=6.642587e-01 | stage_elapsed=00:04:44 | stage_eta=00:10:03
2026-08-20 02:47:20 | INFO    | TRAIN | epoch=034/060 | batch=00550/01562 | loss=6.687395e-01 | stage_elapsed=00:05:10 | stage_eta=00:09:31
2026-08-20 02:47:51 | INFO    | TRAIN | epoch=034/060 | batch=00600/01562 | loss=6.746197e-01 | stage_elapsed=00:05:42 | stage_eta=00:09:09
2026-08-20 02:48:17 | INFO    | TRAIN | epoch=034/060 | batch=00650/01562 | loss=6.801468e-01 | stage_elapsed=00:06:08 | stage_eta=00:08:36
2026-08-20 02:48:47 | INFO    | TRAIN | epoch=034/060 | batch=00700/01562 | loss=6.844565e-01 | stage_elapsed=00:06:38 | stage_eta=00:08:10
2026-08-20 02:49:15 | INFO    | TRAIN | epoch=034/060 | batch=00750/01562 | loss=6.813869e-01 | stage_elapsed=00:07:06 | stage_eta=00:07:41
2026-08-20 02:49:44 | INFO    | TRAIN | epoch=034/060 | batch=00800/01562 | loss=7.196743e-01 | stage_elapsed=00:07:34 | stage_eta=00:07:13
2026-08-20 02:50:13 | INFO    | TRAIN | epoch=034/060 | batch=00850/01562 | loss=6.785914e-01 | stage_elapsed=00:08:04 | stage_eta=00:06:45
2026-08-20 02:50:39 | INFO    | TRAIN | epoch=034/060 | batch=00900/01562 | loss=6.712345e-01 | stage_elapsed=00:08:30 | stage_eta=00:06:15
2026-08-20 02:51:08 | INFO    | TRAIN | epoch=034/060 | batch=00950/01562 | loss=6.817724e-01 | stage_elapsed=00:08:59 | stage_eta=00:05:47
2026-08-20 02:51:35 | INFO    | TRAIN | epoch=034/060 | batch=01000/01562 | loss=6.847450e-01 | stage_elapsed=00:09:25 | stage_eta=00:05:18
2026-08-20 02:52:04 | INFO    | TRAIN | epoch=034/060 | batch=01050/01562 | loss=6.765172e-01 | stage_elapsed=00:09:55 | stage_eta=00:04:50
2026-08-20 02:52:31 | INFO    | TRAIN | epoch=034/060 | batch=01100/01562 | loss=6.820416e-01 | stage_elapsed=00:10:22 | stage_eta=00:04:21
2026-08-20 02:53:00 | INFO    | TRAIN | epoch=034/060 | batch=01150/01562 | loss=6.808524e-01 | stage_elapsed=00:10:51 | stage_eta=00:03:53
2026-08-20 02:53:28 | INFO    | TRAIN | epoch=034/060 | batch=01200/01562 | loss=7.102718e-01 | stage_elapsed=00:11:19 | stage_eta=00:03:25
2026-08-20 02:53:54 | INFO    | TRAIN | epoch=034/060 | batch=01250/01562 | loss=6.742205e-01 | stage_elapsed=00:11:45 | stage_eta=00:02:56
2026-08-20 02:54:24 | INFO    | TRAIN | epoch=034/060 | batch=01300/01562 | loss=6.794412e-01 | stage_elapsed=00:12:14 | stage_eta=00:02:28
2026-08-20 02:54:49 | INFO    | TRAIN | epoch=034/060 | batch=01350/01562 | loss=7.072495e-01 | stage_elapsed=00:12:39 | stage_eta=00:01:59
2026-08-20 02:55:19 | INFO    | TRAIN | epoch=034/060 | batch=01400/01562 | loss=6.565338e-01 | stage_elapsed=00:13:10 | stage_eta=00:01:31
2026-08-20 02:55:44 | INFO    | TRAIN | epoch=034/060 | batch=01450/01562 | loss=6.675132e-01 | stage_elapsed=00:13:35 | stage_eta=00:01:03
2026-08-20 02:56:13 | INFO    | TRAIN | epoch=034/060 | batch=01500/01562 | loss=6.745210e-01 | stage_elapsed=00:14:04 | stage_eta=00:00:35
2026-08-20 02:56:41 | INFO    | TRAIN | epoch=034/060 | batch=01550/01562 | loss=6.677867e-01 | stage_elapsed=00:14:32 | stage_eta=00:00:07
2026-08-20 02:56:48 | INFO    | TRAIN | epoch=034/060 | batch=01562/01562 | loss=6.921736e-01 | stage_elapsed=00:14:38 | stage_eta=00:00:00
2026-08-20 02:57:01 | INFO    | VAL | epoch=034/060 | batch=00050/00312 | loss=8.374146e-01 | stage_elapsed=00:00:13 | stage_eta=00:01:11
2026-08-20 02:57:14 | INFO    | VAL | epoch=034/060 | batch=00100/00312 | loss=7.574257e-01 | stage_elapsed=00:00:27 | stage_eta=00:00:57
2026-08-20 02:57:29 | INFO    | VAL | epoch=034/060 | batch=00150/00312 | loss=8.250936e-01 | stage_elapsed=00:00:42 | stage_eta=00:00:45
2026-08-20 02:57:44 | INFO    | VAL | epoch=034/060 | batch=00200/00312 | loss=7.936842e-01 | stage_elapsed=00:00:56 | stage_eta=00:00:31
2026-08-20 02:57:57 | INFO    | VAL | epoch=034/060 | batch=00250/00312 | loss=8.147060e-01 | stage_elapsed=00:01:09 | stage_eta=00:00:17
2026-08-20 02:58:10 | INFO    | VAL | epoch=034/060 | batch=00300/00312 | loss=8.214692e-01 | stage_elapsed=00:01:22 | stage_eta=00:00:03
2026-08-20 02:58:13 | INFO    | VAL | epoch=034/060 | batch=00312/00312 | loss=7.849345e-01 | stage_elapsed=00:01:25 | stage_eta=00:00:00
2026-08-20 02:58:17 | INFO    | Epoch 034 complete | train=6.783322e-01 | val=8.104071e-01 | best=8.104071e-01 | lr=1.000e-04 | epoch_time=00:16:08 | run_elapsed=09:45:18 | eta=07:27:35 | finish=2026-08-20 10:25:51 CST
2026-08-20 02:58:47 | INFO    | TRAIN | epoch=035/060 | batch=00050/01562 | loss=6.695192e-01 | stage_elapsed=00:00:31 | stage_eta=00:15:30
2026-08-20 02:59:13 | INFO    | TRAIN | epoch=035/060 | batch=00100/01562 | loss=6.611822e-01 | stage_elapsed=00:00:56 | stage_eta=00:13:41
2026-08-20 02:59:40 | INFO    | TRAIN | epoch=035/060 | batch=00150/01562 | loss=6.750206e-01 | stage_elapsed=00:01:24 | stage_eta=00:13:08
2026-08-20 03:00:09 | INFO    | TRAIN | epoch=035/060 | batch=00200/01562 | loss=6.696622e-01 | stage_elapsed=00:01:53 | stage_eta=00:12:46
2026-08-20 03:00:36 | INFO    | TRAIN | epoch=035/060 | batch=00250/01562 | loss=6.437045e-01 | stage_elapsed=00:02:19 | stage_eta=00:12:10
2026-08-20 03:01:04 | INFO    | TRAIN | epoch=035/060 | batch=00300/01562 | loss=6.751581e-01 | stage_elapsed=00:02:48 | stage_eta=00:11:46
2026-08-20 03:01:31 | INFO    | TRAIN | epoch=035/060 | batch=00350/01562 | loss=6.469885e-01 | stage_elapsed=00:03:14 | stage_eta=00:11:11
2026-08-20 03:01:58 | INFO    | TRAIN | epoch=035/060 | batch=00400/01562 | loss=6.686936e-01 | stage_elapsed=00:03:41 | stage_eta=00:10:42
2026-08-20 03:02:26 | INFO    | TRAIN | epoch=035/060 | batch=00450/01562 | loss=6.804913e-01 | stage_elapsed=00:04:09 | stage_eta=00:10:15
2026-08-20 03:02:52 | INFO    | TRAIN | epoch=035/060 | batch=00500/01562 | loss=6.677594e-01 | stage_elapsed=00:04:35 | stage_eta=00:09:44
2026-08-20 03:03:20 | INFO    | TRAIN | epoch=035/060 | batch=00550/01562 | loss=6.523780e-01 | stage_elapsed=00:05:03 | stage_eta=00:09:18
2026-08-20 03:03:48 | INFO    | TRAIN | epoch=035/060 | batch=00600/01562 | loss=6.726086e-01 | stage_elapsed=00:05:32 | stage_eta=00:08:52
2026-08-20 03:04:13 | INFO    | TRAIN | epoch=035/060 | batch=00650/01562 | loss=6.857521e-01 | stage_elapsed=00:05:57 | stage_eta=00:08:20
2026-08-20 03:04:43 | INFO    | TRAIN | epoch=035/060 | batch=00700/01562 | loss=6.903755e-01 | stage_elapsed=00:06:27 | stage_eta=00:07:56
2026-08-20 03:05:08 | INFO    | TRAIN | epoch=035/060 | batch=00750/01562 | loss=6.996324e-01 | stage_elapsed=00:06:51 | stage_eta=00:07:25
2026-08-20 03:05:36 | INFO    | TRAIN | epoch=035/060 | batch=00800/01562 | loss=6.860551e-01 | stage_elapsed=00:07:19 | stage_eta=00:06:58
2026-08-20 03:06:04 | INFO    | TRAIN | epoch=035/060 | batch=00850/01562 | loss=6.684624e-01 | stage_elapsed=00:07:47 | stage_eta=00:06:31
2026-08-20 03:06:30 | INFO    | TRAIN | epoch=035/060 | batch=00900/01562 | loss=6.830658e-01 | stage_elapsed=00:08:13 | stage_eta=00:06:03
2026-08-20 03:06:58 | INFO    | TRAIN | epoch=035/060 | batch=00950/01562 | loss=6.897248e-01 | stage_elapsed=00:08:42 | stage_eta=00:05:36
2026-08-20 03:07:26 | INFO    | TRAIN | epoch=035/060 | batch=01000/01562 | loss=6.677811e-01 | stage_elapsed=00:09:09 | stage_eta=00:05:09
2026-08-20 03:07:51 | INFO    | TRAIN | epoch=035/060 | batch=01050/01562 | loss=6.472423e-01 | stage_elapsed=00:09:35 | stage_eta=00:04:40
2026-08-20 03:08:22 | INFO    | TRAIN | epoch=035/060 | batch=01100/01562 | loss=6.767762e-01 | stage_elapsed=00:10:05 | stage_eta=00:04:14
2026-08-20 03:08:47 | INFO    | TRAIN | epoch=035/060 | batch=01150/01562 | loss=6.855865e-01 | stage_elapsed=00:10:30 | stage_eta=00:03:46
2026-08-20 03:09:14 | INFO    | TRAIN | epoch=035/060 | batch=01200/01562 | loss=6.795176e-01 | stage_elapsed=00:10:58 | stage_eta=00:03:18
2026-08-20 03:09:42 | INFO    | TRAIN | epoch=035/060 | batch=01250/01562 | loss=6.639181e-01 | stage_elapsed=00:11:25 | stage_eta=00:02:51
2026-08-20 03:10:08 | INFO    | TRAIN | epoch=035/060 | batch=01300/01562 | loss=6.699262e-01 | stage_elapsed=00:11:51 | stage_eta=00:02:23
2026-08-20 03:10:36 | INFO    | TRAIN | epoch=035/060 | batch=01350/01562 | loss=6.796283e-01 | stage_elapsed=00:12:19 | stage_eta=00:01:56
2026-08-20 03:11:03 | INFO    | TRAIN | epoch=035/060 | batch=01400/01562 | loss=6.475341e-01 | stage_elapsed=00:12:46 | stage_eta=00:01:29
2026-08-20 03:11:29 | INFO    | TRAIN | epoch=035/060 | batch=01450/01562 | loss=6.656943e-01 | stage_elapsed=00:13:13 | stage_eta=00:01:01
2026-08-20 03:11:59 | INFO    | TRAIN | epoch=035/060 | batch=01500/01562 | loss=6.852543e-01 | stage_elapsed=00:13:42 | stage_eta=00:00:34
2026-08-20 03:12:24 | INFO    | TRAIN | epoch=035/060 | batch=01550/01562 | loss=6.745229e-01 | stage_elapsed=00:14:07 | stage_eta=00:00:07
2026-08-20 03:12:30 | INFO    | TRAIN | epoch=035/060 | batch=01562/01562 | loss=6.639637e-01 | stage_elapsed=00:14:13 | stage_eta=00:00:00
2026-08-20 03:12:43 | INFO    | VAL | epoch=035/060 | batch=00050/00312 | loss=8.290923e-01 | stage_elapsed=00:00:14 | stage_eta=00:01:11
2026-08-20 03:12:59 | INFO    | VAL | epoch=035/060 | batch=00100/00312 | loss=7.530576e-01 | stage_elapsed=00:00:29 | stage_eta=00:01:01
2026-08-20 03:13:13 | INFO    | VAL | epoch=035/060 | batch=00150/00312 | loss=8.176987e-01 | stage_elapsed=00:00:43 | stage_eta=00:00:47
2026-08-20 03:13:26 | INFO    | VAL | epoch=035/060 | batch=00200/00312 | loss=7.919102e-01 | stage_elapsed=00:00:56 | stage_eta=00:00:31
2026-08-20 03:13:39 | INFO    | VAL | epoch=035/060 | batch=00250/00312 | loss=8.125382e-01 | stage_elapsed=00:01:09 | stage_eta=00:00:17
2026-08-20 03:13:52 | INFO    | VAL | epoch=035/060 | batch=00300/00312 | loss=8.201047e-01 | stage_elapsed=00:01:22 | stage_eta=00:00:03
2026-08-20 03:13:55 | INFO    | VAL | epoch=035/060 | batch=00312/00312 | loss=7.795826e-01 | stage_elapsed=00:01:25 | stage_eta=00:00:00
2026-08-20 03:13:57 | INFO    | Epoch 035 complete | train=6.716513e-01 | val=8.069096e-01 | best=8.069096e-01 | lr=1.000e-04 | epoch_time=00:15:40 | run_elapsed=10:00:58 | eta=07:09:16 | finish=2026-08-20 10:23:13 CST
2026-08-20 03:14:27 | INFO    | TRAIN | epoch=036/060 | batch=00050/01562 | loss=6.919982e-01 | stage_elapsed=00:00:30 | stage_eta=00:15:05
2026-08-20 03:14:54 | INFO    | TRAIN | epoch=036/060 | batch=00100/01562 | loss=6.754455e-01 | stage_elapsed=00:00:56 | stage_eta=00:13:44
2026-08-20 03:15:18 | INFO    | TRAIN | epoch=036/060 | batch=00150/01562 | loss=6.471387e-01 | stage_elapsed=00:01:21 | stage_eta=00:12:44
2026-08-20 03:15:49 | INFO    | TRAIN | epoch=036/060 | batch=00200/01562 | loss=6.522799e-01 | stage_elapsed=00:01:52 | stage_eta=00:12:40
2026-08-20 03:16:14 | INFO    | TRAIN | epoch=036/060 | batch=00250/01562 | loss=6.444183e-01 | stage_elapsed=00:02:16 | stage_eta=00:11:56
2026-08-20 03:16:42 | INFO    | TRAIN | epoch=036/060 | batch=00300/01562 | loss=6.692594e-01 | stage_elapsed=00:02:45 | stage_eta=00:11:33
2026-08-20 03:17:08 | INFO    | TRAIN | epoch=036/060 | batch=00350/01562 | loss=6.613361e-01 | stage_elapsed=00:03:11 | stage_eta=00:11:02
2026-08-20 03:17:35 | INFO    | TRAIN | epoch=036/060 | batch=00400/01562 | loss=6.901767e-01 | stage_elapsed=00:03:37 | stage_eta=00:10:32
2026-08-20 03:18:04 | INFO    | TRAIN | epoch=036/060 | batch=00450/01562 | loss=6.783599e-01 | stage_elapsed=00:04:07 | stage_eta=00:10:10
2026-08-20 03:18:30 | INFO    | TRAIN | epoch=036/060 | batch=00500/01562 | loss=6.596606e-01 | stage_elapsed=00:04:33 | stage_eta=00:09:40
2026-08-20 03:18:58 | INFO    | TRAIN | epoch=036/060 | batch=00550/01562 | loss=6.628766e-01 | stage_elapsed=00:05:00 | stage_eta=00:09:13
2026-08-20 03:19:26 | INFO    | TRAIN | epoch=036/060 | batch=00600/01562 | loss=6.634511e-01 | stage_elapsed=00:05:29 | stage_eta=00:08:47
2026-08-20 03:19:51 | INFO    | TRAIN | epoch=036/060 | batch=00650/01562 | loss=6.628002e-01 | stage_elapsed=00:05:54 | stage_eta=00:08:16
2026-08-20 03:20:21 | INFO    | TRAIN | epoch=036/060 | batch=00700/01562 | loss=6.422482e-01 | stage_elapsed=00:06:24 | stage_eta=00:07:53
2026-08-20 03:20:46 | INFO    | TRAIN | epoch=036/060 | batch=00750/01562 | loss=6.492128e-01 | stage_elapsed=00:06:49 | stage_eta=00:07:23
2026-08-20 03:21:12 | INFO    | TRAIN | epoch=036/060 | batch=00800/01562 | loss=6.788499e-01 | stage_elapsed=00:07:15 | stage_eta=00:06:54
2026-08-20 03:21:42 | INFO    | TRAIN | epoch=036/060 | batch=00850/01562 | loss=6.789019e-01 | stage_elapsed=00:07:45 | stage_eta=00:06:30
2026-08-20 03:22:08 | INFO    | TRAIN | epoch=036/060 | batch=00900/01562 | loss=6.772173e-01 | stage_elapsed=00:08:11 | stage_eta=00:06:01
2026-08-20 03:22:34 | INFO    | TRAIN | epoch=036/060 | batch=00950/01562 | loss=7.027011e-01 | stage_elapsed=00:08:36 | stage_eta=00:05:33
2026-08-20 03:23:03 | INFO    | TRAIN | epoch=036/060 | batch=01000/01562 | loss=6.607742e-01 | stage_elapsed=00:09:05 | stage_eta=00:05:06
2026-08-20 03:23:29 | INFO    | TRAIN | epoch=036/060 | batch=01050/01562 | loss=6.496202e-01 | stage_elapsed=00:09:32 | stage_eta=00:04:39
2026-08-20 03:23:55 | INFO    | TRAIN | epoch=036/060 | batch=01100/01562 | loss=6.875442e-01 | stage_elapsed=00:09:58 | stage_eta=00:04:11
2026-08-20 03:24:24 | INFO    | TRAIN | epoch=036/060 | batch=01150/01562 | loss=6.558044e-01 | stage_elapsed=00:10:26 | stage_eta=00:03:44
2026-08-20 03:24:51 | INFO    | TRAIN | epoch=036/060 | batch=01200/01562 | loss=6.620722e-01 | stage_elapsed=00:10:54 | stage_eta=00:03:17
2026-08-20 03:25:15 | INFO    | TRAIN | epoch=036/060 | batch=01250/01562 | loss=6.841183e-01 | stage_elapsed=00:11:18 | stage_eta=00:02:49
2026-08-20 03:25:44 | INFO    | TRAIN | epoch=036/060 | batch=01300/01562 | loss=6.830482e-01 | stage_elapsed=00:11:47 | stage_eta=00:02:23
2026-08-20 03:26:12 | INFO    | TRAIN | epoch=036/060 | batch=01350/01562 | loss=6.516647e-01 | stage_elapsed=00:12:14 | stage_eta=00:01:55
2026-08-20 03:26:37 | INFO    | TRAIN | epoch=036/060 | batch=01400/01562 | loss=6.669836e-01 | stage_elapsed=00:12:40 | stage_eta=00:01:28
2026-08-20 03:27:05 | INFO    | TRAIN | epoch=036/060 | batch=01450/01562 | loss=6.784511e-01 | stage_elapsed=00:13:08 | stage_eta=00:01:01
2026-08-20 03:27:32 | INFO    | TRAIN | epoch=036/060 | batch=01500/01562 | loss=6.434315e-01 | stage_elapsed=00:13:35 | stage_eta=00:00:34
2026-08-20 03:27:58 | INFO    | TRAIN | epoch=036/060 | batch=01550/01562 | loss=6.562631e-01 | stage_elapsed=00:14:01 | stage_eta=00:00:07
2026-08-20 03:28:05 | INFO    | TRAIN | epoch=036/060 | batch=01562/01562 | loss=6.378108e-01 | stage_elapsed=00:14:07 | stage_eta=00:00:00
2026-08-20 03:28:18 | INFO    | VAL | epoch=036/060 | batch=00050/00312 | loss=8.336220e-01 | stage_elapsed=00:00:14 | stage_eta=00:01:11
2026-08-20 03:28:32 | INFO    | VAL | epoch=036/060 | batch=00100/00312 | loss=7.498624e-01 | stage_elapsed=00:00:28 | stage_eta=00:00:59
2026-08-20 03:28:47 | INFO    | VAL | epoch=036/060 | batch=00150/00312 | loss=8.240809e-01 | stage_elapsed=00:00:43 | stage_eta=00:00:46
2026-08-20 03:29:01 | INFO    | VAL | epoch=036/060 | batch=00200/00312 | loss=7.887086e-01 | stage_elapsed=00:00:56 | stage_eta=00:00:31
2026-08-20 03:29:14 | INFO    | VAL | epoch=036/060 | batch=00250/00312 | loss=8.139713e-01 | stage_elapsed=00:01:09 | stage_eta=00:00:17
2026-08-20 03:29:26 | INFO    | VAL | epoch=036/060 | batch=00300/00312 | loss=8.143570e-01 | stage_elapsed=00:01:21 | stage_eta=00:00:03
2026-08-20 03:29:29 | INFO    | VAL | epoch=036/060 | batch=00312/00312 | loss=7.748107e-01 | stage_elapsed=00:01:24 | stage_eta=00:00:00
2026-08-20 03:29:32 | INFO    | Epoch 036 complete | train=6.657204e-01 | val=8.057225e-01 | best=8.057225e-01 | lr=1.000e-04 | epoch_time=00:15:34 | run_elapsed=10:16:32 | eta=06:51:02 | finish=2026-08-20 10:20:33 CST
2026-08-20 03:29:59 | INFO    | TRAIN | epoch=037/060 | batch=00050/01562 | loss=6.561738e-01 | stage_elapsed=00:00:28 | stage_eta=00:14:06
2026-08-20 03:30:27 | INFO    | TRAIN | epoch=037/060 | batch=00100/01562 | loss=6.597019e-01 | stage_elapsed=00:00:56 | stage_eta=00:13:36
2026-08-20 03:30:52 | INFO    | TRAIN | epoch=037/060 | batch=00150/01562 | loss=6.217071e-01 | stage_elapsed=00:01:21 | stage_eta=00:12:42
2026-08-20 03:31:21 | INFO    | TRAIN | epoch=037/060 | batch=00200/01562 | loss=6.630518e-01 | stage_elapsed=00:01:49 | stage_eta=00:12:23
2026-08-20 03:31:49 | INFO    | TRAIN | epoch=037/060 | batch=00250/01562 | loss=6.714431e-01 | stage_elapsed=00:02:17 | stage_eta=00:12:00
2026-08-20 03:32:15 | INFO    | TRAIN | epoch=037/060 | batch=00300/01562 | loss=6.543112e-01 | stage_elapsed=00:02:43 | stage_eta=00:11:26
2026-08-20 03:32:41 | INFO    | TRAIN | epoch=037/060 | batch=00350/01562 | loss=6.544701e-01 | stage_elapsed=00:03:09 | stage_eta=00:10:55
2026-08-20 03:33:10 | INFO    | TRAIN | epoch=037/060 | batch=00400/01562 | loss=6.249963e-01 | stage_elapsed=00:03:39 | stage_eta=00:10:35
2026-08-20 03:33:35 | INFO    | TRAIN | epoch=037/060 | batch=00450/01562 | loss=6.705707e-01 | stage_elapsed=00:04:04 | stage_eta=00:10:02
2026-08-20 03:34:02 | INFO    | TRAIN | epoch=037/060 | batch=00500/01562 | loss=6.675278e-01 | stage_elapsed=00:04:30 | stage_eta=00:09:33
2026-08-20 03:34:31 | INFO    | TRAIN | epoch=037/060 | batch=00550/01562 | loss=6.773391e-01 | stage_elapsed=00:05:00 | stage_eta=00:09:11
2026-08-20 03:34:56 | INFO    | TRAIN | epoch=037/060 | batch=00600/01562 | loss=6.717474e-01 | stage_elapsed=00:05:24 | stage_eta=00:08:40
2026-08-20 03:35:23 | INFO    | TRAIN | epoch=037/060 | batch=00650/01562 | loss=6.639384e-01 | stage_elapsed=00:05:51 | stage_eta=00:08:13
2026-08-20 03:35:52 | INFO    | TRAIN | epoch=037/060 | batch=00700/01562 | loss=6.698024e-01 | stage_elapsed=00:06:20 | stage_eta=00:07:48
2026-08-20 03:36:18 | INFO    | TRAIN | epoch=037/060 | batch=00750/01562 | loss=6.544776e-01 | stage_elapsed=00:06:46 | stage_eta=00:07:20
2026-08-20 03:36:45 | INFO    | TRAIN | epoch=037/060 | batch=00800/01562 | loss=6.446867e-01 | stage_elapsed=00:07:13 | stage_eta=00:06:53
2026-08-20 03:37:14 | INFO    | TRAIN | epoch=037/060 | batch=00850/01562 | loss=6.578510e-01 | stage_elapsed=00:07:42 | stage_eta=00:06:27
2026-08-20 03:37:39 | INFO    | TRAIN | epoch=037/060 | batch=00900/01562 | loss=6.843312e-01 | stage_elapsed=00:08:08 | stage_eta=00:05:59
2026-08-20 03:38:05 | INFO    | TRAIN | epoch=037/060 | batch=00950/01562 | loss=6.539719e-01 | stage_elapsed=00:08:33 | stage_eta=00:05:31
2026-08-20 03:38:33 | INFO    | TRAIN | epoch=037/060 | batch=01000/01562 | loss=6.629136e-01 | stage_elapsed=00:09:02 | stage_eta=00:05:05
2026-08-20 03:38:58 | INFO    | TRAIN | epoch=037/060 | batch=01050/01562 | loss=6.572803e-01 | stage_elapsed=00:09:26 | stage_eta=00:04:36
2026-08-20 03:39:26 | INFO    | TRAIN | epoch=037/060 | batch=01100/01562 | loss=6.677057e-01 | stage_elapsed=00:09:54 | stage_eta=00:04:10
2026-08-20 03:39:53 | INFO    | TRAIN | epoch=037/060 | batch=01150/01562 | loss=6.438683e-01 | stage_elapsed=00:10:22 | stage_eta=00:03:43
2026-08-20 03:40:19 | INFO    | TRAIN | epoch=037/060 | batch=01200/01562 | loss=6.638374e-01 | stage_elapsed=00:10:48 | stage_eta=00:03:15
2026-08-20 03:40:47 | INFO    | TRAIN | epoch=037/060 | batch=01250/01562 | loss=6.548601e-01 | stage_elapsed=00:11:16 | stage_eta=00:02:49
2026-08-20 03:41:14 | INFO    | TRAIN | epoch=037/060 | batch=01300/01562 | loss=6.773626e-01 | stage_elapsed=00:11:43 | stage_eta=00:02:22
2026-08-20 03:41:40 | INFO    | TRAIN | epoch=037/060 | batch=01350/01562 | loss=6.411781e-01 | stage_elapsed=00:12:08 | stage_eta=00:01:54
2026-08-20 03:42:08 | INFO    | TRAIN | epoch=037/060 | batch=01400/01562 | loss=6.825337e-01 | stage_elapsed=00:12:36 | stage_eta=00:01:28
2026-08-20 03:42:35 | INFO    | TRAIN | epoch=037/060 | batch=01450/01562 | loss=6.696397e-01 | stage_elapsed=00:13:03 | stage_eta=00:01:01
2026-08-20 03:43:00 | INFO    | TRAIN | epoch=037/060 | batch=01500/01562 | loss=6.578361e-01 | stage_elapsed=00:13:28 | stage_eta=00:00:33
2026-08-20 03:43:29 | INFO    | TRAIN | epoch=037/060 | batch=01550/01562 | loss=6.867595e-01 | stage_elapsed=00:13:57 | stage_eta=00:00:06
2026-08-20 03:43:36 | INFO    | TRAIN | epoch=037/060 | batch=01562/01562 | loss=6.573596e-01 | stage_elapsed=00:14:04 | stage_eta=00:00:00
2026-08-20 03:43:49 | INFO    | VAL | epoch=037/060 | batch=00050/00312 | loss=8.318446e-01 | stage_elapsed=00:00:13 | stage_eta=00:01:10
2026-08-20 03:44:01 | INFO    | VAL | epoch=037/060 | batch=00100/00312 | loss=7.529991e-01 | stage_elapsed=00:00:25 | stage_eta=00:00:54
2026-08-20 03:44:14 | INFO    | VAL | epoch=037/060 | batch=00150/00312 | loss=8.252442e-01 | stage_elapsed=00:00:38 | stage_eta=00:00:41
2026-08-20 03:44:27 | INFO    | VAL | epoch=037/060 | batch=00200/00312 | loss=7.864548e-01 | stage_elapsed=00:00:51 | stage_eta=00:00:29
2026-08-20 03:44:42 | INFO    | VAL | epoch=037/060 | batch=00250/00312 | loss=8.047653e-01 | stage_elapsed=00:01:06 | stage_eta=00:00:16
2026-08-20 03:44:57 | INFO    | VAL | epoch=037/060 | batch=00300/00312 | loss=8.147312e-01 | stage_elapsed=00:01:21 | stage_eta=00:00:03
2026-08-20 03:45:00 | INFO    | VAL | epoch=037/060 | batch=00312/00312 | loss=7.763423e-01 | stage_elapsed=00:01:24 | stage_eta=00:00:00
2026-08-20 03:45:02 | INFO    | Epoch 037 complete | train=6.601152e-01 | val=8.027000e-01 | best=8.027000e-01 | lr=1.000e-04 | epoch_time=00:15:30 | run_elapsed=10:32:03 | eta=06:32:54 | finish=2026-08-20 10:17:55 CST
2026-08-20 03:45:26 | INFO    | TRAIN | epoch=038/060 | batch=00050/01562 | loss=6.586564e-01 | stage_elapsed=00:00:25 | stage_eta=00:12:25
2026-08-20 03:45:53 | INFO    | TRAIN | epoch=038/060 | batch=00100/01562 | loss=6.490749e-01 | stage_elapsed=00:00:51 | stage_eta=00:12:22
2026-08-20 03:46:21 | INFO    | TRAIN | epoch=038/060 | batch=00150/01562 | loss=6.676642e-01 | stage_elapsed=00:01:20 | stage_eta=00:12:30
2026-08-20 03:46:48 | INFO    | TRAIN | epoch=038/060 | batch=00200/01562 | loss=6.645168e-01 | stage_elapsed=00:01:46 | stage_eta=00:12:00
2026-08-20 03:47:13 | INFO    | TRAIN | epoch=038/060 | batch=00250/01562 | loss=6.712527e-01 | stage_elapsed=00:02:11 | stage_eta=00:11:29
2026-08-20 03:47:42 | INFO    | TRAIN | epoch=038/060 | batch=00300/01562 | loss=6.483395e-01 | stage_elapsed=00:02:40 | stage_eta=00:11:14
2026-08-20 03:48:08 | INFO    | TRAIN | epoch=038/060 | batch=00350/01562 | loss=6.380942e-01 | stage_elapsed=00:03:06 | stage_eta=00:10:43
2026-08-20 03:48:33 | INFO    | TRAIN | epoch=038/060 | batch=00400/01562 | loss=6.595321e-01 | stage_elapsed=00:03:32 | stage_eta=00:10:15
2026-08-20 03:49:04 | INFO    | TRAIN | epoch=038/060 | batch=00450/01562 | loss=6.534259e-01 | stage_elapsed=00:04:02 | stage_eta=00:09:57
2026-08-20 03:49:28 | INFO    | TRAIN | epoch=038/060 | batch=00500/01562 | loss=6.381103e-01 | stage_elapsed=00:04:26 | stage_eta=00:09:26
2026-08-20 03:49:54 | INFO    | TRAIN | epoch=038/060 | batch=00550/01562 | loss=6.644400e-01 | stage_elapsed=00:04:52 | stage_eta=00:08:58
2026-08-20 03:50:24 | INFO    | TRAIN | epoch=038/060 | batch=00600/01562 | loss=6.498441e-01 | stage_elapsed=00:05:22 | stage_eta=00:08:37
2026-08-20 03:50:51 | INFO    | TRAIN | epoch=038/060 | batch=00650/01562 | loss=6.493522e-01 | stage_elapsed=00:05:49 | stage_eta=00:08:09
2026-08-20 03:51:19 | INFO    | TRAIN | epoch=038/060 | batch=00700/01562 | loss=6.355239e-01 | stage_elapsed=00:06:17 | stage_eta=00:07:45
2026-08-20 03:51:52 | INFO    | TRAIN | epoch=038/060 | batch=00750/01562 | loss=6.483990e-01 | stage_elapsed=00:06:50 | stage_eta=00:07:24
2026-08-20 03:52:20 | INFO    | TRAIN | epoch=038/060 | batch=00800/01562 | loss=6.563810e-01 | stage_elapsed=00:07:18 | stage_eta=00:06:57
2026-08-20 03:52:50 | INFO    | TRAIN | epoch=038/060 | batch=00850/01562 | loss=6.679774e-01 | stage_elapsed=00:07:48 | stage_eta=00:06:32
2026-08-20 03:53:22 | INFO    | TRAIN | epoch=038/060 | batch=00900/01562 | loss=6.551225e-01 | stage_elapsed=00:08:20 | stage_eta=00:06:08
2026-08-20 03:53:50 | INFO    | TRAIN | epoch=038/060 | batch=00950/01562 | loss=6.398410e-01 | stage_elapsed=00:08:48 | stage_eta=00:05:40
2026-08-20 03:54:21 | INFO    | TRAIN | epoch=038/060 | batch=01000/01562 | loss=6.612058e-01 | stage_elapsed=00:09:20 | stage_eta=00:05:14
2026-08-20 03:54:50 | INFO    | TRAIN | epoch=038/060 | batch=01050/01562 | loss=6.314701e-01 | stage_elapsed=00:09:49 | stage_eta=00:04:47
2026-08-20 03:55:20 | INFO    | TRAIN | epoch=038/060 | batch=01100/01562 | loss=6.641690e-01 | stage_elapsed=00:10:18 | stage_eta=00:04:19
2026-08-20 03:55:50 | INFO    | TRAIN | epoch=038/060 | batch=01150/01562 | loss=6.566000e-01 | stage_elapsed=00:10:48 | stage_eta=00:03:52
2026-08-20 03:56:19 | INFO    | TRAIN | epoch=038/060 | batch=01200/01562 | loss=6.501708e-01 | stage_elapsed=00:11:17 | stage_eta=00:03:24
2026-08-20 03:56:51 | INFO    | TRAIN | epoch=038/060 | batch=01250/01562 | loss=6.588320e-01 | stage_elapsed=00:11:49 | stage_eta=00:02:57
2026-08-20 03:57:20 | INFO    | TRAIN | epoch=038/060 | batch=01300/01562 | loss=6.323872e-01 | stage_elapsed=00:12:18 | stage_eta=00:02:29
2026-08-20 03:57:49 | INFO    | TRAIN | epoch=038/060 | batch=01350/01562 | loss=6.519486e-01 | stage_elapsed=00:12:48 | stage_eta=00:02:01
2026-08-20 03:58:21 | INFO    | TRAIN | epoch=038/060 | batch=01400/01562 | loss=6.669571e-01 | stage_elapsed=00:13:19 | stage_eta=00:01:32
2026-08-20 03:58:49 | INFO    | TRAIN | epoch=038/060 | batch=01450/01562 | loss=6.226748e-01 | stage_elapsed=00:13:47 | stage_eta=00:01:04
2026-08-20 03:59:21 | INFO    | TRAIN | epoch=038/060 | batch=01500/01562 | loss=6.312310e-01 | stage_elapsed=00:14:19 | stage_eta=00:00:35
2026-08-20 03:59:50 | INFO    | TRAIN | epoch=038/060 | batch=01550/01562 | loss=6.392148e-01 | stage_elapsed=00:14:49 | stage_eta=00:00:07
2026-08-20 03:59:57 | INFO    | TRAIN | epoch=038/060 | batch=01562/01562 | loss=6.543111e-01 | stage_elapsed=00:14:56 | stage_eta=00:00:00
2026-08-20 04:00:12 | INFO    | VAL | epoch=038/060 | batch=00050/00312 | loss=8.212489e-01 | stage_elapsed=00:00:14 | stage_eta=00:01:14
2026-08-20 04:00:27 | INFO    | VAL | epoch=038/060 | batch=00100/00312 | loss=7.420927e-01 | stage_elapsed=00:00:30 | stage_eta=00:01:03
2026-08-20 04:00:44 | INFO    | VAL | epoch=038/060 | batch=00150/00312 | loss=8.187670e-01 | stage_elapsed=00:00:46 | stage_eta=00:00:50
2026-08-20 04:00:59 | INFO    | VAL | epoch=038/060 | batch=00200/00312 | loss=7.811451e-01 | stage_elapsed=00:01:01 | stage_eta=00:00:34
2026-08-20 04:01:13 | INFO    | VAL | epoch=038/060 | batch=00250/00312 | loss=8.035823e-01 | stage_elapsed=00:01:15 | stage_eta=00:00:19
2026-08-20 04:01:27 | INFO    | VAL | epoch=038/060 | batch=00300/00312 | loss=8.120618e-01 | stage_elapsed=00:01:30 | stage_eta=00:00:04
2026-08-20 04:01:31 | INFO    | VAL | epoch=038/060 | batch=00312/00312 | loss=7.702670e-01 | stage_elapsed=00:01:33 | stage_eta=00:00:00
2026-08-20 04:01:32 | INFO    | Epoch 038 complete | train=6.544734e-01 | val=7.982561e-01 | best=7.982561e-01 | lr=1.000e-04 | epoch_time=00:16:30 | run_elapsed=10:48:33 | eta=06:15:29 | finish=2026-08-20 10:17:01 CST
2026-08-20 04:02:05 | INFO    | TRAIN | epoch=039/060 | batch=00050/01562 | loss=6.306543e-01 | stage_elapsed=00:00:32 | stage_eta=00:16:21
2026-08-20 04:02:33 | INFO    | TRAIN | epoch=039/060 | batch=00100/01562 | loss=6.442075e-01 | stage_elapsed=00:01:01 | stage_eta=00:14:49
2026-08-20 04:03:03 | INFO    | TRAIN | epoch=039/060 | batch=00150/01562 | loss=6.387284e-01 | stage_elapsed=00:01:30 | stage_eta=00:14:11
2026-08-20 04:03:33 | INFO    | TRAIN | epoch=039/060 | batch=00200/01562 | loss=6.698273e-01 | stage_elapsed=00:02:01 | stage_eta=00:13:43
2026-08-20 04:04:02 | INFO    | TRAIN | epoch=039/060 | batch=00250/01562 | loss=6.153708e-01 | stage_elapsed=00:02:30 | stage_eta=00:13:05
2026-08-20 04:04:35 | INFO    | TRAIN | epoch=039/060 | batch=00300/01562 | loss=6.539967e-01 | stage_elapsed=00:03:03 | stage_eta=00:12:48
2026-08-20 04:05:04 | INFO    | TRAIN | epoch=039/060 | batch=00350/01562 | loss=6.315106e-01 | stage_elapsed=00:03:32 | stage_eta=00:12:14
2026-08-20 04:05:33 | INFO    | TRAIN | epoch=039/060 | batch=00400/01562 | loss=6.319085e-01 | stage_elapsed=00:04:01 | stage_eta=00:11:40
2026-08-20 04:06:05 | INFO    | TRAIN | epoch=039/060 | batch=00450/01562 | loss=6.387150e-01 | stage_elapsed=00:04:33 | stage_eta=00:11:14
2026-08-20 04:06:33 | INFO    | TRAIN | epoch=039/060 | batch=00500/01562 | loss=6.466537e-01 | stage_elapsed=00:05:01 | stage_eta=00:10:38
2026-08-20 04:07:05 | INFO    | TRAIN | epoch=039/060 | batch=00550/01562 | loss=6.429454e-01 | stage_elapsed=00:05:33 | stage_eta=00:10:12
2026-08-20 04:07:34 | INFO    | TRAIN | epoch=039/060 | batch=00600/01562 | loss=6.522119e-01 | stage_elapsed=00:06:02 | stage_eta=00:09:40
2026-08-20 04:08:04 | INFO    | TRAIN | epoch=039/060 | batch=00650/01562 | loss=6.599500e-01 | stage_elapsed=00:06:31 | stage_eta=00:09:09
2026-08-20 04:08:35 | INFO    | TRAIN | epoch=039/060 | batch=00700/01562 | loss=6.303200e-01 | stage_elapsed=00:07:03 | stage_eta=00:08:41
2026-08-20 04:09:04 | INFO    | TRAIN | epoch=039/060 | batch=00750/01562 | loss=6.624478e-01 | stage_elapsed=00:07:32 | stage_eta=00:08:09
2026-08-20 04:09:35 | INFO    | TRAIN | epoch=039/060 | batch=00800/01562 | loss=6.329921e-01 | stage_elapsed=00:08:03 | stage_eta=00:07:40
2026-08-20 04:10:05 | INFO    | TRAIN | epoch=039/060 | batch=00850/01562 | loss=6.816612e-01 | stage_elapsed=00:08:32 | stage_eta=00:07:09
2026-08-20 04:10:34 | INFO    | TRAIN | epoch=039/060 | batch=00900/01562 | loss=6.600076e-01 | stage_elapsed=00:09:02 | stage_eta=00:06:38
2026-08-20 04:11:06 | INFO    | TRAIN | epoch=039/060 | batch=00950/01562 | loss=6.903099e-01 | stage_elapsed=00:09:33 | stage_eta=00:06:09
2026-08-20 04:11:34 | INFO    | TRAIN | epoch=039/060 | batch=01000/01562 | loss=6.454974e-01 | stage_elapsed=00:10:02 | stage_eta=00:05:38
2026-08-20 04:12:06 | INFO    | TRAIN | epoch=039/060 | batch=01050/01562 | loss=6.391827e-01 | stage_elapsed=00:10:34 | stage_eta=00:05:09
2026-08-20 04:12:35 | INFO    | TRAIN | epoch=039/060 | batch=01100/01562 | loss=6.460926e-01 | stage_elapsed=00:11:03 | stage_eta=00:04:39
2026-08-20 04:13:05 | INFO    | TRAIN | epoch=039/060 | batch=01150/01562 | loss=6.531814e-01 | stage_elapsed=00:11:32 | stage_eta=00:04:08
2026-08-20 04:13:36 | INFO    | TRAIN | epoch=039/060 | batch=01200/01562 | loss=6.437212e-01 | stage_elapsed=00:12:04 | stage_eta=00:03:39
2026-08-20 04:14:05 | INFO    | TRAIN | epoch=039/060 | batch=01250/01562 | loss=6.388522e-01 | stage_elapsed=00:12:33 | stage_eta=00:03:08
2026-08-20 04:14:36 | INFO    | TRAIN | epoch=039/060 | batch=01300/01562 | loss=6.570166e-01 | stage_elapsed=00:13:04 | stage_eta=00:02:38
2026-08-20 04:15:06 | INFO    | TRAIN | epoch=039/060 | batch=01350/01562 | loss=6.212152e-01 | stage_elapsed=00:13:34 | stage_eta=00:02:08
2026-08-20 04:15:35 | INFO    | TRAIN | epoch=039/060 | batch=01400/01562 | loss=6.288077e-01 | stage_elapsed=00:14:03 | stage_eta=00:01:38
2026-08-20 04:16:08 | INFO    | TRAIN | epoch=039/060 | batch=01450/01562 | loss=6.405430e-01 | stage_elapsed=00:14:36 | stage_eta=00:01:08
2026-08-20 04:16:37 | INFO    | TRAIN | epoch=039/060 | batch=01500/01562 | loss=6.345947e-01 | stage_elapsed=00:15:05 | stage_eta=00:00:37
2026-08-20 04:17:06 | INFO    | TRAIN | epoch=039/060 | batch=01550/01562 | loss=6.249995e-01 | stage_elapsed=00:15:34 | stage_eta=00:00:07
2026-08-20 04:17:15 | INFO    | TRAIN | epoch=039/060 | batch=01562/01562 | loss=6.543760e-01 | stage_elapsed=00:15:43 | stage_eta=00:00:00
2026-08-20 04:17:30 | INFO    | VAL | epoch=039/060 | batch=00050/00312 | loss=8.261832e-01 | stage_elapsed=00:00:16 | stage_eta=00:01:22
2026-08-20 04:17:44 | INFO    | VAL | epoch=039/060 | batch=00100/00312 | loss=7.474388e-01 | stage_elapsed=00:00:29 | stage_eta=00:01:02
2026-08-20 04:17:58 | INFO    | VAL | epoch=039/060 | batch=00150/00312 | loss=8.132356e-01 | stage_elapsed=00:00:43 | stage_eta=00:00:47
2026-08-20 04:18:12 | INFO    | VAL | epoch=039/060 | batch=00200/00312 | loss=7.831745e-01 | stage_elapsed=00:00:58 | stage_eta=00:00:32
2026-08-20 04:18:29 | INFO    | VAL | epoch=039/060 | batch=00250/00312 | loss=7.984160e-01 | stage_elapsed=00:01:14 | stage_eta=00:00:18
2026-08-20 04:18:46 | INFO    | VAL | epoch=039/060 | batch=00300/00312 | loss=8.094721e-01 | stage_elapsed=00:01:31 | stage_eta=00:00:04
2026-08-20 04:18:49 | INFO    | VAL | epoch=039/060 | batch=00312/00312 | loss=7.668866e-01 | stage_elapsed=00:01:34 | stage_eta=00:00:00
2026-08-20 04:18:51 | INFO    | Epoch 039 complete | train=6.490197e-01 | val=7.975600e-01 | best=7.975600e-01 | lr=1.000e-04 | epoch_time=00:17:19 | run_elapsed=11:05:52 | eta=05:58:33 | finish=2026-08-20 10:17:24 CST
2026-08-20 04:19:20 | INFO    | TRAIN | epoch=040/060 | batch=00050/01562 | loss=6.434559e-01 | stage_elapsed=00:00:29 | stage_eta=00:14:26
2026-08-20 04:19:51 | INFO    | TRAIN | epoch=040/060 | batch=00100/01562 | loss=6.579480e-01 | stage_elapsed=00:01:00 | stage_eta=00:14:34
2026-08-20 04:20:21 | INFO    | TRAIN | epoch=040/060 | batch=00150/01562 | loss=6.125274e-01 | stage_elapsed=00:01:29 | stage_eta=00:14:01
2026-08-20 04:20:49 | INFO    | TRAIN | epoch=040/060 | batch=00200/01562 | loss=6.391495e-01 | stage_elapsed=00:01:58 | stage_eta=00:13:22
2026-08-20 04:21:22 | INFO    | TRAIN | epoch=040/060 | batch=00250/01562 | loss=6.458027e-01 | stage_elapsed=00:02:31 | stage_eta=00:13:13
2026-08-20 04:21:50 | INFO    | TRAIN | epoch=040/060 | batch=00300/01562 | loss=6.284025e-01 | stage_elapsed=00:02:59 | stage_eta=00:12:33
2026-08-20 04:22:21 | INFO    | TRAIN | epoch=040/060 | batch=00350/01562 | loss=6.319422e-01 | stage_elapsed=00:03:29 | stage_eta=00:12:05
2026-08-20 04:22:53 | INFO    | TRAIN | epoch=040/060 | batch=00400/01562 | loss=6.502167e-01 | stage_elapsed=00:04:01 | stage_eta=00:11:41
2026-08-20 04:23:21 | INFO    | TRAIN | epoch=040/060 | batch=00450/01562 | loss=6.187810e-01 | stage_elapsed=00:04:30 | stage_eta=00:11:06
2026-08-20 04:23:52 | INFO    | TRAIN | epoch=040/060 | batch=00500/01562 | loss=6.461679e-01 | stage_elapsed=00:05:01 | stage_eta=00:10:39
2026-08-20 04:24:21 | INFO    | TRAIN | epoch=040/060 | batch=00550/01562 | loss=6.346712e-01 | stage_elapsed=00:05:30 | stage_eta=00:10:07
2026-08-20 04:24:51 | INFO    | TRAIN | epoch=040/060 | batch=00600/01562 | loss=6.379100e-01 | stage_elapsed=00:05:59 | stage_eta=00:09:36
2026-08-20 04:25:23 | INFO    | TRAIN | epoch=040/060 | batch=00650/01562 | loss=6.414247e-01 | stage_elapsed=00:06:32 | stage_eta=00:09:09
2026-08-20 04:25:51 | INFO    | TRAIN | epoch=040/060 | batch=00700/01562 | loss=6.466346e-01 | stage_elapsed=00:07:00 | stage_eta=00:08:37
2026-08-20 04:26:22 | INFO    | TRAIN | epoch=040/060 | batch=00750/01562 | loss=6.232006e-01 | stage_elapsed=00:07:30 | stage_eta=00:08:08
2026-08-20 04:26:52 | INFO    | TRAIN | epoch=040/060 | batch=00800/01562 | loss=6.402733e-01 | stage_elapsed=00:08:01 | stage_eta=00:07:38
2026-08-20 04:27:21 | INFO    | TRAIN | epoch=040/060 | batch=00850/01562 | loss=6.355265e-01 | stage_elapsed=00:08:29 | stage_eta=00:07:07
2026-08-20 04:27:53 | INFO    | TRAIN | epoch=040/060 | batch=00900/01562 | loss=6.406640e-01 | stage_elapsed=00:09:02 | stage_eta=00:06:38
2026-08-20 04:28:21 | INFO    | TRAIN | epoch=040/060 | batch=00950/01562 | loss=6.395686e-01 | stage_elapsed=00:09:29 | stage_eta=00:06:07
2026-08-20 04:28:51 | INFO    | TRAIN | epoch=040/060 | batch=01000/01562 | loss=6.542555e-01 | stage_elapsed=00:10:00 | stage_eta=00:05:37
2026-08-20 04:29:22 | INFO    | TRAIN | epoch=040/060 | batch=01050/01562 | loss=6.515546e-01 | stage_elapsed=00:10:30 | stage_eta=00:05:07
2026-08-20 04:29:50 | INFO    | TRAIN | epoch=040/060 | batch=01100/01562 | loss=6.374016e-01 | stage_elapsed=00:10:59 | stage_eta=00:04:37
2026-08-20 04:30:23 | INFO    | TRAIN | epoch=040/060 | batch=01150/01562 | loss=6.720263e-01 | stage_elapsed=00:11:32 | stage_eta=00:04:08
2026-08-20 04:30:51 | INFO    | TRAIN | epoch=040/060 | batch=01200/01562 | loss=6.429204e-01 | stage_elapsed=00:12:00 | stage_eta=00:03:37
2026-08-20 04:31:22 | INFO    | TRAIN | epoch=040/060 | batch=01250/01562 | loss=6.369398e-01 | stage_elapsed=00:12:31 | stage_eta=00:03:07
2026-08-20 04:31:52 | INFO    | TRAIN | epoch=040/060 | batch=01300/01562 | loss=6.538850e-01 | stage_elapsed=00:13:01 | stage_eta=00:02:37
2026-08-20 04:32:20 | INFO    | TRAIN | epoch=040/060 | batch=01350/01562 | loss=6.380123e-01 | stage_elapsed=00:13:29 | stage_eta=00:02:07
2026-08-20 04:32:53 | INFO    | TRAIN | epoch=040/060 | batch=01400/01562 | loss=6.660411e-01 | stage_elapsed=00:14:01 | stage_eta=00:01:37
2026-08-20 04:33:21 | INFO    | TRAIN | epoch=040/060 | batch=01450/01562 | loss=6.527534e-01 | stage_elapsed=00:14:30 | stage_eta=00:01:07
2026-08-20 04:33:52 | INFO    | TRAIN | epoch=040/060 | batch=01500/01562 | loss=6.485338e-01 | stage_elapsed=00:15:00 | stage_eta=00:00:37
2026-08-20 04:34:23 | INFO    | TRAIN | epoch=040/060 | batch=01550/01562 | loss=6.557574e-01 | stage_elapsed=00:15:32 | stage_eta=00:00:07
2026-08-20 04:34:30 | INFO    | TRAIN | epoch=040/060 | batch=01562/01562 | loss=6.480247e-01 | stage_elapsed=00:15:38 | stage_eta=00:00:00
2026-08-20 04:34:44 | INFO    | VAL | epoch=040/060 | batch=00050/00312 | loss=8.205663e-01 | stage_elapsed=00:00:15 | stage_eta=00:01:18
2026-08-20 04:34:58 | INFO    | VAL | epoch=040/060 | batch=00100/00312 | loss=7.401061e-01 | stage_elapsed=00:00:29 | stage_eta=00:01:01
2026-08-20 04:35:15 | INFO    | VAL | epoch=040/060 | batch=00150/00312 | loss=8.136903e-01 | stage_elapsed=00:00:45 | stage_eta=00:00:49
2026-08-20 04:35:31 | INFO    | VAL | epoch=040/060 | batch=00200/00312 | loss=7.789156e-01 | stage_elapsed=00:01:01 | stage_eta=00:00:34
2026-08-20 04:35:45 | INFO    | VAL | epoch=040/060 | batch=00250/00312 | loss=8.004380e-01 | stage_elapsed=00:01:15 | stage_eta=00:00:19
2026-08-20 04:35:59 | INFO    | VAL | epoch=040/060 | batch=00300/00312 | loss=8.106409e-01 | stage_elapsed=00:01:29 | stage_eta=00:00:04
2026-08-20 04:36:02 | INFO    | VAL | epoch=040/060 | batch=00312/00312 | loss=7.630575e-01 | stage_elapsed=00:01:32 | stage_eta=00:00:00
2026-08-20 04:36:05 | INFO    | Epoch 040 complete | train=6.441397e-01 | val=7.938511e-01 | best=7.938511e-01 | lr=1.000e-04 | epoch_time=00:17:14 | run_elapsed=11:23:06 | eta=05:41:33 | finish=2026-08-20 10:17:38 CST
2026-08-20 04:36:36 | INFO    | TRAIN | epoch=041/060 | batch=00050/01562 | loss=6.211946e-01 | stage_elapsed=00:00:31 | stage_eta=00:15:40
2026-08-20 04:37:06 | INFO    | TRAIN | epoch=041/060 | batch=00100/01562 | loss=6.483536e-01 | stage_elapsed=00:01:01 | stage_eta=00:14:50
2026-08-20 04:37:34 | INFO    | TRAIN | epoch=041/060 | batch=00150/01562 | loss=6.334096e-01 | stage_elapsed=00:01:29 | stage_eta=00:13:59
2026-08-20 04:38:07 | INFO    | TRAIN | epoch=041/060 | batch=00200/01562 | loss=6.375743e-01 | stage_elapsed=00:02:02 | stage_eta=00:13:51
2026-08-20 04:38:36 | INFO    | TRAIN | epoch=041/060 | batch=00250/01562 | loss=6.198578e-01 | stage_elapsed=00:02:31 | stage_eta=00:13:11
2026-08-20 04:39:06 | INFO    | TRAIN | epoch=041/060 | batch=00300/01562 | loss=6.267582e-01 | stage_elapsed=00:03:00 | stage_eta=00:12:39
2026-08-20 04:39:38 | INFO    | TRAIN | epoch=041/060 | batch=00350/01562 | loss=6.391993e-01 | stage_elapsed=00:03:33 | stage_eta=00:12:16
2026-08-20 04:40:06 | INFO    | TRAIN | epoch=041/060 | batch=00400/01562 | loss=6.380296e-01 | stage_elapsed=00:04:01 | stage_eta=00:11:41
2026-08-20 04:40:38 | INFO    | TRAIN | epoch=041/060 | batch=00450/01562 | loss=6.474267e-01 | stage_elapsed=00:04:32 | stage_eta=00:11:13
2026-08-20 04:41:08 | INFO    | TRAIN | epoch=041/060 | batch=00500/01562 | loss=6.486693e-01 | stage_elapsed=00:05:03 | stage_eta=00:10:44
2026-08-20 04:41:37 | INFO    | TRAIN | epoch=041/060 | batch=00550/01562 | loss=6.278611e-01 | stage_elapsed=00:05:32 | stage_eta=00:10:10
2026-08-20 04:42:10 | INFO    | TRAIN | epoch=041/060 | batch=00600/01562 | loss=6.328988e-01 | stage_elapsed=00:06:05 | stage_eta=00:09:45
2026-08-20 04:42:38 | INFO    | TRAIN | epoch=041/060 | batch=00650/01562 | loss=6.567179e-01 | stage_elapsed=00:06:33 | stage_eta=00:09:12
2026-08-20 04:43:09 | INFO    | TRAIN | epoch=041/060 | batch=00700/01562 | loss=6.309978e-01 | stage_elapsed=00:07:04 | stage_eta=00:08:42
2026-08-20 04:43:40 | INFO    | TRAIN | epoch=041/060 | batch=00750/01562 | loss=6.358800e-01 | stage_elapsed=00:07:35 | stage_eta=00:08:13
2026-08-20 04:44:08 | INFO    | TRAIN | epoch=041/060 | batch=00800/01562 | loss=6.646701e-01 | stage_elapsed=00:08:03 | stage_eta=00:07:40
2026-08-20 04:44:41 | INFO    | TRAIN | epoch=041/060 | batch=00850/01562 | loss=6.429003e-01 | stage_elapsed=00:08:35 | stage_eta=00:07:12
2026-08-20 04:45:09 | INFO    | TRAIN | epoch=041/060 | batch=00900/01562 | loss=6.226654e-01 | stage_elapsed=00:09:04 | stage_eta=00:06:40
2026-08-20 04:45:39 | INFO    | TRAIN | epoch=041/060 | batch=00950/01562 | loss=6.166697e-01 | stage_elapsed=00:09:34 | stage_eta=00:06:10
2026-08-20 04:46:11 | INFO    | TRAIN | epoch=041/060 | batch=01000/01562 | loss=6.472684e-01 | stage_elapsed=00:10:06 | stage_eta=00:05:40
2026-08-20 04:46:39 | INFO    | TRAIN | epoch=041/060 | batch=01050/01562 | loss=6.279852e-01 | stage_elapsed=00:10:34 | stage_eta=00:05:09
2026-08-20 04:47:11 | INFO    | TRAIN | epoch=041/060 | batch=01100/01562 | loss=6.339549e-01 | stage_elapsed=00:11:06 | stage_eta=00:04:40
2026-08-20 04:47:41 | INFO    | TRAIN | epoch=041/060 | batch=01150/01562 | loss=6.302824e-01 | stage_elapsed=00:11:35 | stage_eta=00:04:09
2026-08-20 04:48:10 | INFO    | TRAIN | epoch=041/060 | batch=01200/01562 | loss=6.699055e-01 | stage_elapsed=00:12:05 | stage_eta=00:03:39
2026-08-20 04:48:42 | INFO    | TRAIN | epoch=041/060 | batch=01250/01562 | loss=6.514756e-01 | stage_elapsed=00:12:37 | stage_eta=00:03:09
2026-08-20 04:49:10 | INFO    | TRAIN | epoch=041/060 | batch=01300/01562 | loss=6.490706e-01 | stage_elapsed=00:13:05 | stage_eta=00:02:38
2026-08-20 04:49:42 | INFO    | TRAIN | epoch=041/060 | batch=01350/01562 | loss=6.592668e-01 | stage_elapsed=00:13:37 | stage_eta=00:02:08
2026-08-20 04:50:11 | INFO    | TRAIN | epoch=041/060 | batch=01400/01562 | loss=6.283494e-01 | stage_elapsed=00:14:06 | stage_eta=00:01:38
2026-08-20 04:50:40 | INFO    | TRAIN | epoch=041/060 | batch=01450/01562 | loss=6.514478e-01 | stage_elapsed=00:14:35 | stage_eta=00:01:08
2026-08-20 04:51:12 | INFO    | TRAIN | epoch=041/060 | batch=01500/01562 | loss=6.285244e-01 | stage_elapsed=00:15:07 | stage_eta=00:00:37
2026-08-20 04:51:40 | INFO    | TRAIN | epoch=041/060 | batch=01550/01562 | loss=6.363817e-01 | stage_elapsed=00:15:35 | stage_eta=00:00:07
2026-08-20 04:51:47 | INFO    | TRAIN | epoch=041/060 | batch=01562/01562 | loss=6.594439e-01 | stage_elapsed=00:15:42 | stage_eta=00:00:00
2026-08-20 04:52:03 | INFO    | VAL | epoch=041/060 | batch=00050/00312 | loss=8.247632e-01 | stage_elapsed=00:00:16 | stage_eta=00:01:23
2026-08-20 04:52:19 | INFO    | VAL | epoch=041/060 | batch=00100/00312 | loss=7.385164e-01 | stage_elapsed=00:00:32 | stage_eta=00:01:08
2026-08-20 04:52:35 | INFO    | VAL | epoch=041/060 | batch=00150/00312 | loss=8.143764e-01 | stage_elapsed=00:00:48 | stage_eta=00:00:52
2026-08-20 04:52:49 | INFO    | VAL | epoch=041/060 | batch=00200/00312 | loss=7.753835e-01 | stage_elapsed=00:01:02 | stage_eta=00:00:35
2026-08-20 04:53:03 | INFO    | VAL | epoch=041/060 | batch=00250/00312 | loss=8.025638e-01 | stage_elapsed=00:01:16 | stage_eta=00:00:19
2026-08-20 04:53:17 | INFO    | VAL | epoch=041/060 | batch=00300/00312 | loss=8.042714e-01 | stage_elapsed=00:01:31 | stage_eta=00:00:04
2026-08-20 04:53:21 | INFO    | VAL | epoch=041/060 | batch=00312/00312 | loss=7.665420e-01 | stage_elapsed=00:01:34 | stage_eta=00:00:00
2026-08-20 04:53:23 | INFO    | Epoch 041 complete | train=6.392961e-01 | val=7.930258e-01 | best=7.930258e-01 | lr=1.000e-04 | epoch_time=00:17:17 | run_elapsed=11:40:24 | eta=05:24:34 | finish=2026-08-20 10:17:57 CST
2026-08-20 04:53:54 | INFO    | TRAIN | epoch=042/060 | batch=00050/01562 | loss=6.180245e-01 | stage_elapsed=00:00:31 | stage_eta=00:15:42
2026-08-20 04:54:22 | INFO    | TRAIN | epoch=042/060 | batch=00100/01562 | loss=6.352545e-01 | stage_elapsed=00:01:00 | stage_eta=00:14:32
2026-08-20 04:54:54 | INFO    | TRAIN | epoch=042/060 | batch=00150/01562 | loss=6.402667e-01 | stage_elapsed=00:01:32 | stage_eta=00:14:25
2026-08-20 04:55:25 | INFO    | TRAIN | epoch=042/060 | batch=00200/01562 | loss=6.211420e-01 | stage_elapsed=00:02:02 | stage_eta=00:13:53
2026-08-20 04:55:53 | INFO    | TRAIN | epoch=042/060 | batch=00250/01562 | loss=6.205057e-01 | stage_elapsed=00:02:31 | stage_eta=00:13:11
2026-08-20 04:56:26 | INFO    | TRAIN | epoch=042/060 | batch=00300/01562 | loss=6.400861e-01 | stage_elapsed=00:03:03 | stage_eta=00:12:52
2026-08-20 04:56:54 | INFO    | TRAIN | epoch=042/060 | batch=00350/01562 | loss=6.219023e-01 | stage_elapsed=00:03:31 | stage_eta=00:12:12
2026-08-20 04:57:24 | INFO    | TRAIN | epoch=042/060 | batch=00400/01562 | loss=6.266397e-01 | stage_elapsed=00:04:02 | stage_eta=00:11:42
2026-08-20 04:57:57 | INFO    | TRAIN | epoch=042/060 | batch=00450/01562 | loss=6.250634e-01 | stage_elapsed=00:04:34 | stage_eta=00:11:17
2026-08-20 04:58:25 | INFO    | TRAIN | epoch=042/060 | batch=00500/01562 | loss=6.428397e-01 | stage_elapsed=00:05:02 | stage_eta=00:10:42
2026-08-20 04:58:57 | INFO    | TRAIN | epoch=042/060 | batch=00550/01562 | loss=6.436644e-01 | stage_elapsed=00:05:34 | stage_eta=00:10:15
2026-08-20 04:59:27 | INFO    | TRAIN | epoch=042/060 | batch=00600/01562 | loss=6.469972e-01 | stage_elapsed=00:06:05 | stage_eta=00:09:45
2026-08-20 04:59:55 | INFO    | TRAIN | epoch=042/060 | batch=00650/01562 | loss=6.368694e-01 | stage_elapsed=00:06:33 | stage_eta=00:09:11
2026-08-20 05:00:28 | INFO    | TRAIN | epoch=042/060 | batch=00700/01562 | loss=6.590337e-01 | stage_elapsed=00:07:06 | stage_eta=00:08:44
2026-08-20 05:00:58 | INFO    | TRAIN | epoch=042/060 | batch=00750/01562 | loss=6.361428e-01 | stage_elapsed=00:07:35 | stage_eta=00:08:13
2026-08-20 05:01:26 | INFO    | TRAIN | epoch=042/060 | batch=00800/01562 | loss=6.334119e-01 | stage_elapsed=00:08:04 | stage_eta=00:07:41
2026-08-20 05:01:57 | INFO    | TRAIN | epoch=042/060 | batch=00850/01562 | loss=6.354604e-01 | stage_elapsed=00:08:35 | stage_eta=00:07:11
2026-08-20 05:02:26 | INFO    | TRAIN | epoch=042/060 | batch=00900/01562 | loss=6.352057e-01 | stage_elapsed=00:09:03 | stage_eta=00:06:40
2026-08-20 05:02:58 | INFO    | TRAIN | epoch=042/060 | batch=00950/01562 | loss=6.322009e-01 | stage_elapsed=00:09:36 | stage_eta=00:06:11
2026-08-20 05:03:27 | INFO    | TRAIN | epoch=042/060 | batch=01000/01562 | loss=6.311084e-01 | stage_elapsed=00:10:05 | stage_eta=00:05:40
2026-08-20 05:03:57 | INFO    | TRAIN | epoch=042/060 | batch=01050/01562 | loss=6.456012e-01 | stage_elapsed=00:10:34 | stage_eta=00:05:09
2026-08-20 05:04:29 | INFO    | TRAIN | epoch=042/060 | batch=01100/01562 | loss=6.237540e-01 | stage_elapsed=00:11:06 | stage_eta=00:04:40
2026-08-20 05:04:57 | INFO    | TRAIN | epoch=042/060 | batch=01150/01562 | loss=6.481525e-01 | stage_elapsed=00:11:35 | stage_eta=00:04:09
2026-08-20 05:05:28 | INFO    | TRAIN | epoch=042/060 | batch=01200/01562 | loss=6.299428e-01 | stage_elapsed=00:12:06 | stage_eta=00:03:39
2026-08-20 05:05:59 | INFO    | TRAIN | epoch=042/060 | batch=01250/01562 | loss=6.648247e-01 | stage_elapsed=00:12:36 | stage_eta=00:03:09
2026-08-20 05:06:28 | INFO    | TRAIN | epoch=042/060 | batch=01300/01562 | loss=6.481524e-01 | stage_elapsed=00:13:05 | stage_eta=00:02:38
2026-08-20 05:07:00 | INFO    | TRAIN | epoch=042/060 | batch=01350/01562 | loss=6.378388e-01 | stage_elapsed=00:13:38 | stage_eta=00:02:08
2026-08-20 05:07:29 | INFO    | TRAIN | epoch=042/060 | batch=01400/01562 | loss=6.114426e-01 | stage_elapsed=00:14:07 | stage_eta=00:01:38
2026-08-20 05:07:59 | INFO    | TRAIN | epoch=042/060 | batch=01450/01562 | loss=6.247345e-01 | stage_elapsed=00:14:36 | stage_eta=00:01:08
2026-08-20 05:08:32 | INFO    | TRAIN | epoch=042/060 | batch=01500/01562 | loss=6.407762e-01 | stage_elapsed=00:15:09 | stage_eta=00:00:38
2026-08-20 05:09:00 | INFO    | TRAIN | epoch=042/060 | batch=01550/01562 | loss=6.319542e-01 | stage_elapsed=00:15:38 | stage_eta=00:00:07
2026-08-20 05:09:07 | INFO    | TRAIN | epoch=042/060 | batch=01562/01562 | loss=6.337512e-01 | stage_elapsed=00:15:45 | stage_eta=00:00:00
2026-08-20 05:09:22 | INFO    | VAL | epoch=042/060 | batch=00050/00312 | loss=8.165693e-01 | stage_elapsed=00:00:15 | stage_eta=00:01:17
2026-08-20 05:09:38 | INFO    | VAL | epoch=042/060 | batch=00100/00312 | loss=7.377041e-01 | stage_elapsed=00:00:31 | stage_eta=00:01:06
2026-08-20 05:09:54 | INFO    | VAL | epoch=042/060 | batch=00150/00312 | loss=8.083661e-01 | stage_elapsed=00:00:47 | stage_eta=00:00:50
2026-08-20 05:10:08 | INFO    | VAL | epoch=042/060 | batch=00200/00312 | loss=7.683489e-01 | stage_elapsed=00:01:00 | stage_eta=00:00:34
2026-08-20 05:10:21 | INFO    | VAL | epoch=042/060 | batch=00250/00312 | loss=7.944415e-01 | stage_elapsed=00:01:14 | stage_eta=00:00:18
2026-08-20 05:10:36 | INFO    | VAL | epoch=042/060 | batch=00300/00312 | loss=8.103234e-01 | stage_elapsed=00:01:29 | stage_eta=00:00:04
2026-08-20 05:10:40 | INFO    | VAL | epoch=042/060 | batch=00312/00312 | loss=7.604786e-01 | stage_elapsed=00:01:33 | stage_eta=00:00:00
2026-08-20 05:10:42 | INFO    | Epoch 042 complete | train=6.346024e-01 | val=7.899072e-01 | best=7.899072e-01 | lr=1.000e-04 | epoch_time=00:17:19 | run_elapsed=11:57:43 | eta=05:07:35 | finish=2026-08-20 10:18:17 CST
2026-08-20 05:11:15 | INFO    | TRAIN | epoch=043/060 | batch=00050/01562 | loss=6.227634e-01 | stage_elapsed=00:00:33 | stage_eta=00:16:35
2026-08-20 05:11:43 | INFO    | TRAIN | epoch=043/060 | batch=00100/01562 | loss=6.065266e-01 | stage_elapsed=00:01:01 | stage_eta=00:14:58
2026-08-20 05:12:13 | INFO    | TRAIN | epoch=043/060 | batch=00150/01562 | loss=6.546489e-01 | stage_elapsed=00:01:32 | stage_eta=00:14:22
2026-08-20 05:12:44 | INFO    | TRAIN | epoch=043/060 | batch=00200/01562 | loss=6.467463e-01 | stage_elapsed=00:02:02 | stage_eta=00:13:50
2026-08-20 05:13:12 | INFO    | TRAIN | epoch=043/060 | batch=00250/01562 | loss=6.292386e-01 | stage_elapsed=00:02:30 | stage_eta=00:13:08
2026-08-20 05:13:45 | INFO    | TRAIN | epoch=043/060 | batch=00300/01562 | loss=6.174746e-01 | stage_elapsed=00:03:03 | stage_eta=00:12:49
2026-08-20 05:14:13 | INFO    | TRAIN | epoch=043/060 | batch=00350/01562 | loss=6.188790e-01 | stage_elapsed=00:03:31 | stage_eta=00:12:10
2026-08-20 05:14:43 | INFO    | TRAIN | epoch=043/060 | batch=00400/01562 | loss=6.556166e-01 | stage_elapsed=00:04:01 | stage_eta=00:11:41
2026-08-20 05:15:15 | INFO    | TRAIN | epoch=043/060 | batch=00450/01562 | loss=6.194264e-01 | stage_elapsed=00:04:33 | stage_eta=00:11:14
2026-08-20 05:15:43 | INFO    | TRAIN | epoch=043/060 | batch=00500/01562 | loss=6.243492e-01 | stage_elapsed=00:05:01 | stage_eta=00:10:39
2026-08-20 05:16:15 | INFO    | TRAIN | epoch=043/060 | batch=00550/01562 | loss=6.335914e-01 | stage_elapsed=00:05:33 | stage_eta=00:10:12
2026-08-20 05:16:42 | INFO    | TRAIN | epoch=043/060 | batch=00600/01562 | loss=6.425474e-01 | stage_elapsed=00:06:00 | stage_eta=00:09:38
2026-08-20 05:17:12 | INFO    | TRAIN | epoch=043/060 | batch=00650/01562 | loss=6.385899e-01 | stage_elapsed=00:06:30 | stage_eta=00:09:08
2026-08-20 05:17:44 | INFO    | TRAIN | epoch=043/060 | batch=00700/01562 | loss=6.217893e-01 | stage_elapsed=00:07:02 | stage_eta=00:08:40
2026-08-20 05:18:12 | INFO    | TRAIN | epoch=043/060 | batch=00750/01562 | loss=6.288474e-01 | stage_elapsed=00:07:31 | stage_eta=00:08:08
2026-08-20 05:18:44 | INFO    | TRAIN | epoch=043/060 | batch=00800/01562 | loss=6.159291e-01 | stage_elapsed=00:08:02 | stage_eta=00:07:39
2026-08-20 05:19:14 | INFO    | TRAIN | epoch=043/060 | batch=00850/01562 | loss=6.443581e-01 | stage_elapsed=00:08:32 | stage_eta=00:07:09
2026-08-20 05:19:42 | INFO    | TRAIN | epoch=043/060 | batch=00900/01562 | loss=6.267219e-01 | stage_elapsed=00:09:00 | stage_eta=00:06:37
2026-08-20 05:20:15 | INFO    | TRAIN | epoch=043/060 | batch=00950/01562 | loss=6.551353e-01 | stage_elapsed=00:09:33 | stage_eta=00:06:09
2026-08-20 05:20:43 | INFO    | TRAIN | epoch=043/060 | batch=01000/01562 | loss=6.241681e-01 | stage_elapsed=00:10:02 | stage_eta=00:05:38
2026-08-20 05:21:13 | INFO    | TRAIN | epoch=043/060 | batch=01050/01562 | loss=6.429847e-01 | stage_elapsed=00:10:32 | stage_eta=00:05:08
2026-08-20 05:21:43 | INFO    | TRAIN | epoch=043/060 | batch=01100/01562 | loss=6.583723e-01 | stage_elapsed=00:11:02 | stage_eta=00:04:38
2026-08-20 05:22:13 | INFO    | TRAIN | epoch=043/060 | batch=01150/01562 | loss=6.252415e-01 | stage_elapsed=00:11:31 | stage_eta=00:04:07
2026-08-20 05:22:44 | INFO    | TRAIN | epoch=043/060 | batch=01200/01562 | loss=6.280009e-01 | stage_elapsed=00:12:02 | stage_eta=00:03:38
2026-08-20 05:23:12 | INFO    | TRAIN | epoch=043/060 | batch=01250/01562 | loss=6.121000e-01 | stage_elapsed=00:12:30 | stage_eta=00:03:07
2026-08-20 05:23:44 | INFO    | TRAIN | epoch=043/060 | batch=01300/01562 | loss=6.206217e-01 | stage_elapsed=00:13:02 | stage_eta=00:02:38
2026-08-20 05:24:13 | INFO    | TRAIN | epoch=043/060 | batch=01350/01562 | loss=6.363794e-01 | stage_elapsed=00:13:31 | stage_eta=00:02:07
2026-08-20 05:24:43 | INFO    | TRAIN | epoch=043/060 | batch=01400/01562 | loss=6.559198e-01 | stage_elapsed=00:14:01 | stage_eta=00:01:37
2026-08-20 05:25:14 | INFO    | TRAIN | epoch=043/060 | batch=01450/01562 | loss=6.135014e-01 | stage_elapsed=00:14:32 | stage_eta=00:01:07
2026-08-20 05:25:43 | INFO    | TRAIN | epoch=043/060 | batch=01500/01562 | loss=6.315221e-01 | stage_elapsed=00:15:01 | stage_eta=00:00:37
2026-08-20 05:26:14 | INFO    | TRAIN | epoch=043/060 | batch=01550/01562 | loss=6.071600e-01 | stage_elapsed=00:15:32 | stage_eta=00:00:07
2026-08-20 05:26:22 | INFO    | TRAIN | epoch=043/060 | batch=01562/01562 | loss=6.243453e-01 | stage_elapsed=00:15:40 | stage_eta=00:00:00
2026-08-20 05:26:37 | INFO    | VAL | epoch=043/060 | batch=00050/00312 | loss=8.154296e-01 | stage_elapsed=00:00:15 | stage_eta=00:01:19
2026-08-20 05:26:51 | INFO    | VAL | epoch=043/060 | batch=00100/00312 | loss=7.352130e-01 | stage_elapsed=00:00:29 | stage_eta=00:01:02
2026-08-20 05:27:05 | INFO    | VAL | epoch=043/060 | batch=00150/00312 | loss=8.060098e-01 | stage_elapsed=00:00:43 | stage_eta=00:00:47
2026-08-20 05:27:20 | INFO    | VAL | epoch=043/060 | batch=00200/00312 | loss=7.698146e-01 | stage_elapsed=00:00:59 | stage_eta=00:00:33
2026-08-20 05:27:37 | INFO    | VAL | epoch=043/060 | batch=00250/00312 | loss=7.949097e-01 | stage_elapsed=00:01:15 | stage_eta=00:00:19
2026-08-20 05:27:51 | INFO    | VAL | epoch=043/060 | batch=00300/00312 | loss=8.014402e-01 | stage_elapsed=00:01:30 | stage_eta=00:00:04
2026-08-20 05:27:54 | INFO    | VAL | epoch=043/060 | batch=00312/00312 | loss=7.595139e-01 | stage_elapsed=00:01:33 | stage_eta=00:00:00
2026-08-20 05:27:57 | INFO    | Epoch 043 complete | train=6.303146e-01 | val=7.886952e-01 | best=7.886952e-01 | lr=1.000e-04 | epoch_time=00:17:15 | run_elapsed=12:14:58 | eta=04:50:34 | finish=2026-08-20 10:18:31 CST
2026-08-20 05:28:26 | INFO    | TRAIN | epoch=044/060 | batch=00050/01562 | loss=6.453215e-01 | stage_elapsed=00:00:29 | stage_eta=00:14:30
2026-08-20 05:28:58 | INFO    | TRAIN | epoch=044/060 | batch=00100/01562 | loss=6.370913e-01 | stage_elapsed=00:01:01 | stage_eta=00:14:53
2026-08-20 05:29:27 | INFO    | TRAIN | epoch=044/060 | batch=00150/01562 | loss=6.046885e-01 | stage_elapsed=00:01:30 | stage_eta=00:14:04
2026-08-20 05:29:57 | INFO    | TRAIN | epoch=044/060 | batch=00200/01562 | loss=6.370734e-01 | stage_elapsed=00:02:00 | stage_eta=00:13:37
2026-08-20 05:30:27 | INFO    | TRAIN | epoch=044/060 | batch=00250/01562 | loss=6.090404e-01 | stage_elapsed=00:02:30 | stage_eta=00:13:09
2026-08-20 05:30:56 | INFO    | TRAIN | epoch=044/060 | batch=00300/01562 | loss=6.262931e-01 | stage_elapsed=00:02:59 | stage_eta=00:12:32
2026-08-20 05:31:29 | INFO    | TRAIN | epoch=044/060 | batch=00350/01562 | loss=6.437671e-01 | stage_elapsed=00:03:32 | stage_eta=00:12:14
2026-08-20 05:31:59 | INFO    | TRAIN | epoch=044/060 | batch=00400/01562 | loss=6.259401e-01 | stage_elapsed=00:04:02 | stage_eta=00:11:43
2026-08-20 05:32:28 | INFO    | TRAIN | epoch=044/060 | batch=00450/01562 | loss=6.416782e-01 | stage_elapsed=00:04:31 | stage_eta=00:11:09
2026-08-20 05:33:00 | INFO    | TRAIN | epoch=044/060 | batch=00500/01562 | loss=6.101472e-01 | stage_elapsed=00:05:03 | stage_eta=00:10:44
2026-08-20 05:33:28 | INFO    | TRAIN | epoch=044/060 | batch=00550/01562 | loss=6.066633e-01 | stage_elapsed=00:05:31 | stage_eta=00:10:09
2026-08-20 05:34:00 | INFO    | TRAIN | epoch=044/060 | batch=00600/01562 | loss=6.244540e-01 | stage_elapsed=00:06:03 | stage_eta=00:09:42
2026-08-20 05:34:29 | INFO    | TRAIN | epoch=044/060 | batch=00650/01562 | loss=6.383211e-01 | stage_elapsed=00:06:32 | stage_eta=00:09:10
2026-08-20 05:34:59 | INFO    | TRAIN | epoch=044/060 | batch=00700/01562 | loss=6.214630e-01 | stage_elapsed=00:07:02 | stage_eta=00:08:39
2026-08-20 05:35:31 | INFO    | TRAIN | epoch=044/060 | batch=00750/01562 | loss=6.394694e-01 | stage_elapsed=00:07:34 | stage_eta=00:08:11
2026-08-20 05:35:59 | INFO    | TRAIN | epoch=044/060 | batch=00800/01562 | loss=6.264604e-01 | stage_elapsed=00:08:02 | stage_eta=00:07:39
2026-08-20 05:36:31 | INFO    | TRAIN | epoch=044/060 | batch=00850/01562 | loss=6.547787e-01 | stage_elapsed=00:08:34 | stage_eta=00:07:11
2026-08-20 05:37:00 | INFO    | TRAIN | epoch=044/060 | batch=00900/01562 | loss=6.099877e-01 | stage_elapsed=00:09:03 | stage_eta=00:06:40
2026-08-20 05:37:30 | INFO    | TRAIN | epoch=044/060 | batch=00950/01562 | loss=6.232904e-01 | stage_elapsed=00:09:33 | stage_eta=00:06:09
2026-08-20 05:38:02 | INFO    | TRAIN | epoch=044/060 | batch=01000/01562 | loss=6.245087e-01 | stage_elapsed=00:10:05 | stage_eta=00:05:40
2026-08-20 05:38:30 | INFO    | TRAIN | epoch=044/060 | batch=01050/01562 | loss=6.168198e-01 | stage_elapsed=00:10:33 | stage_eta=00:05:08
2026-08-20 05:39:01 | INFO    | TRAIN | epoch=044/060 | batch=01100/01562 | loss=6.259946e-01 | stage_elapsed=00:11:04 | stage_eta=00:04:39
2026-08-20 05:39:31 | INFO    | TRAIN | epoch=044/060 | batch=01150/01562 | loss=6.268131e-01 | stage_elapsed=00:11:34 | stage_eta=00:04:09
2026-08-20 05:40:00 | INFO    | TRAIN | epoch=044/060 | batch=01200/01562 | loss=6.207969e-01 | stage_elapsed=00:12:03 | stage_eta=00:03:38
2026-08-20 05:40:32 | INFO    | TRAIN | epoch=044/060 | batch=01250/01562 | loss=6.301575e-01 | stage_elapsed=00:12:35 | stage_eta=00:03:08
2026-08-20 05:41:01 | INFO    | TRAIN | epoch=044/060 | batch=01300/01562 | loss=6.339116e-01 | stage_elapsed=00:13:04 | stage_eta=00:02:38
2026-08-20 05:41:32 | INFO    | TRAIN | epoch=044/060 | batch=01350/01562 | loss=6.375198e-01 | stage_elapsed=00:13:35 | stage_eta=00:02:08
2026-08-20 05:42:01 | INFO    | TRAIN | epoch=044/060 | batch=01400/01562 | loss=6.207154e-01 | stage_elapsed=00:14:04 | stage_eta=00:01:38
2026-08-20 05:42:30 | INFO    | TRAIN | epoch=044/060 | batch=01450/01562 | loss=6.204730e-01 | stage_elapsed=00:14:33 | stage_eta=00:01:07
2026-08-20 05:43:02 | INFO    | TRAIN | epoch=044/060 | batch=01500/01562 | loss=6.068560e-01 | stage_elapsed=00:15:04 | stage_eta=00:00:37
2026-08-20 05:43:30 | INFO    | TRAIN | epoch=044/060 | batch=01550/01562 | loss=6.621238e-01 | stage_elapsed=00:15:33 | stage_eta=00:00:07
2026-08-20 05:43:37 | INFO    | TRAIN | epoch=044/060 | batch=01562/01562 | loss=6.094182e-01 | stage_elapsed=00:15:40 | stage_eta=00:00:00
2026-08-20 05:43:53 | INFO    | VAL | epoch=044/060 | batch=00050/00312 | loss=8.106544e-01 | stage_elapsed=00:00:16 | stage_eta=00:01:23
2026-08-20 05:44:10 | INFO    | VAL | epoch=044/060 | batch=00100/00312 | loss=7.320593e-01 | stage_elapsed=00:00:32 | stage_eta=00:01:09
2026-08-20 05:44:25 | INFO    | VAL | epoch=044/060 | batch=00150/00312 | loss=8.097160e-01 | stage_elapsed=00:00:48 | stage_eta=00:00:52
2026-08-20 05:44:39 | INFO    | VAL | epoch=044/060 | batch=00200/00312 | loss=7.716222e-01 | stage_elapsed=00:01:02 | stage_eta=00:00:35
2026-08-20 05:44:53 | INFO    | VAL | epoch=044/060 | batch=00250/00312 | loss=7.945127e-01 | stage_elapsed=00:01:16 | stage_eta=00:00:19
2026-08-20 05:45:08 | INFO    | VAL | epoch=044/060 | batch=00300/00312 | loss=8.013586e-01 | stage_elapsed=00:01:30 | stage_eta=00:00:04
2026-08-20 05:45:12 | INFO    | VAL | epoch=044/060 | batch=00312/00312 | loss=7.547113e-01 | stage_elapsed=00:01:34 | stage_eta=00:00:00
2026-08-20 05:45:13 | INFO    | Epoch 044 complete | train=6.261781e-01 | val=7.872109e-01 | best=7.872109e-01 | lr=1.000e-04 | epoch_time=00:17:16 | run_elapsed=12:32:14 | eta=04:33:32 | finish=2026-08-20 10:18:46 CST
2026-08-20 05:45:45 | INFO    | TRAIN | epoch=045/060 | batch=00050/01562 | loss=6.226473e-01 | stage_elapsed=00:00:31 | stage_eta=00:15:49
2026-08-20 05:46:13 | INFO    | TRAIN | epoch=045/060 | batch=00100/01562 | loss=6.294336e-01 | stage_elapsed=00:01:00 | stage_eta=00:14:34
2026-08-20 05:46:45 | INFO    | TRAIN | epoch=045/060 | batch=00150/01562 | loss=6.141576e-01 | stage_elapsed=00:01:32 | stage_eta=00:14:23
2026-08-20 05:47:15 | INFO    | TRAIN | epoch=045/060 | batch=00200/01562 | loss=6.168575e-01 | stage_elapsed=00:02:01 | stage_eta=00:13:46
2026-08-20 05:47:44 | INFO    | TRAIN | epoch=045/060 | batch=00250/01562 | loss=6.072534e-01 | stage_elapsed=00:02:30 | stage_eta=00:13:09
2026-08-20 05:48:16 | INFO    | TRAIN | epoch=045/060 | batch=00300/01562 | loss=6.456624e-01 | stage_elapsed=00:03:03 | stage_eta=00:12:48
2026-08-20 05:48:44 | INFO    | TRAIN | epoch=045/060 | batch=00350/01562 | loss=6.159246e-01 | stage_elapsed=00:03:31 | stage_eta=00:12:10
2026-08-20 05:49:16 | INFO    | TRAIN | epoch=045/060 | batch=00400/01562 | loss=6.156096e-01 | stage_elapsed=00:04:02 | stage_eta=00:11:44
2026-08-20 05:49:45 | INFO    | TRAIN | epoch=045/060 | batch=00450/01562 | loss=5.922436e-01 | stage_elapsed=00:04:32 | stage_eta=00:11:12
2026-08-20 05:50:14 | INFO    | TRAIN | epoch=045/060 | batch=00500/01562 | loss=6.590445e-01 | stage_elapsed=00:05:01 | stage_eta=00:10:39
2026-08-20 05:50:46 | INFO    | TRAIN | epoch=045/060 | batch=00550/01562 | loss=6.412345e-01 | stage_elapsed=00:05:32 | stage_eta=00:10:12
2026-08-20 05:51:13 | INFO    | TRAIN | epoch=045/060 | batch=00600/01562 | loss=5.991713e-01 | stage_elapsed=00:06:00 | stage_eta=00:09:38
2026-08-20 05:51:46 | INFO    | TRAIN | epoch=045/060 | batch=00650/01562 | loss=6.001058e-01 | stage_elapsed=00:06:33 | stage_eta=00:09:11
2026-08-20 05:52:14 | INFO    | TRAIN | epoch=045/060 | batch=00700/01562 | loss=6.439147e-01 | stage_elapsed=00:07:01 | stage_eta=00:08:38
2026-08-20 05:52:45 | INFO    | TRAIN | epoch=045/060 | batch=00750/01562 | loss=6.233490e-01 | stage_elapsed=00:07:31 | stage_eta=00:08:09
2026-08-20 05:53:16 | INFO    | TRAIN | epoch=045/060 | batch=00800/01562 | loss=6.111690e-01 | stage_elapsed=00:08:03 | stage_eta=00:07:40
2026-08-20 05:53:44 | INFO    | TRAIN | epoch=045/060 | batch=00850/01562 | loss=6.268592e-01 | stage_elapsed=00:08:31 | stage_eta=00:07:08
2026-08-20 05:54:16 | INFO    | TRAIN | epoch=045/060 | batch=00900/01562 | loss=6.118497e-01 | stage_elapsed=00:09:03 | stage_eta=00:06:39
2026-08-20 05:54:46 | INFO    | TRAIN | epoch=045/060 | batch=00950/01562 | loss=6.231560e-01 | stage_elapsed=00:09:33 | stage_eta=00:06:09
2026-08-20 05:55:15 | INFO    | TRAIN | epoch=045/060 | batch=01000/01562 | loss=6.210297e-01 | stage_elapsed=00:10:02 | stage_eta=00:05:38
2026-08-20 05:55:47 | INFO    | TRAIN | epoch=045/060 | batch=01050/01562 | loss=6.298474e-01 | stage_elapsed=00:10:34 | stage_eta=00:05:09
2026-08-20 05:56:16 | INFO    | TRAIN | epoch=045/060 | batch=01100/01562 | loss=6.045478e-01 | stage_elapsed=00:11:02 | stage_eta=00:04:38
2026-08-20 05:56:46 | INFO    | TRAIN | epoch=045/060 | batch=01150/01562 | loss=6.315399e-01 | stage_elapsed=00:11:33 | stage_eta=00:04:08
2026-08-20 05:57:17 | INFO    | TRAIN | epoch=045/060 | batch=01200/01562 | loss=6.305623e-01 | stage_elapsed=00:12:04 | stage_eta=00:03:38
2026-08-20 05:57:46 | INFO    | TRAIN | epoch=045/060 | batch=01250/01562 | loss=6.250231e-01 | stage_elapsed=00:12:32 | stage_eta=00:03:08
2026-08-20 05:58:18 | INFO    | TRAIN | epoch=045/060 | batch=01300/01562 | loss=6.308656e-01 | stage_elapsed=00:13:05 | stage_eta=00:02:38
2026-08-20 05:58:47 | INFO    | TRAIN | epoch=045/060 | batch=01350/01562 | loss=6.433065e-01 | stage_elapsed=00:13:33 | stage_eta=00:02:08
2026-08-20 05:59:17 | INFO    | TRAIN | epoch=045/060 | batch=01400/01562 | loss=6.013119e-01 | stage_elapsed=00:14:04 | stage_eta=00:01:38
2026-08-20 05:59:49 | INFO    | TRAIN | epoch=045/060 | batch=01450/01562 | loss=6.013559e-01 | stage_elapsed=00:14:35 | stage_eta=00:01:08
2026-08-20 06:00:17 | INFO    | TRAIN | epoch=045/060 | batch=01500/01562 | loss=6.354266e-01 | stage_elapsed=00:15:04 | stage_eta=00:00:37
2026-08-20 06:00:49 | INFO    | TRAIN | epoch=045/060 | batch=01550/01562 | loss=6.302918e-01 | stage_elapsed=00:15:36 | stage_eta=00:00:07
2026-08-20 06:00:57 | INFO    | TRAIN | epoch=045/060 | batch=01562/01562 | loss=6.435938e-01 | stage_elapsed=00:15:43 | stage_eta=00:00:00
2026-08-20 06:01:11 | INFO    | VAL | epoch=045/060 | batch=00050/00312 | loss=8.165594e-01 | stage_elapsed=00:00:14 | stage_eta=00:01:14
2026-08-20 06:01:25 | INFO    | VAL | epoch=045/060 | batch=00100/00312 | loss=7.359153e-01 | stage_elapsed=00:00:28 | stage_eta=00:00:59
2026-08-20 06:01:39 | INFO    | VAL | epoch=045/060 | batch=00150/00312 | loss=8.052905e-01 | stage_elapsed=00:00:43 | stage_eta=00:00:46
2026-08-20 06:01:55 | INFO    | VAL | epoch=045/060 | batch=00200/00312 | loss=7.726494e-01 | stage_elapsed=00:00:58 | stage_eta=00:00:33
2026-08-20 06:02:11 | INFO    | VAL | epoch=045/060 | batch=00250/00312 | loss=7.949046e-01 | stage_elapsed=00:01:15 | stage_eta=00:00:19
2026-08-20 06:02:26 | INFO    | VAL | epoch=045/060 | batch=00300/00312 | loss=8.037623e-01 | stage_elapsed=00:01:30 | stage_eta=00:00:04
2026-08-20 06:02:29 | INFO    | VAL | epoch=045/060 | batch=00312/00312 | loss=7.551376e-01 | stage_elapsed=00:01:33 | stage_eta=00:00:00
2026-08-20 06:02:31 | INFO    | Epoch 045 complete | train=6.217885e-01 | val=7.860513e-01 | best=7.860513e-01 | lr=1.000e-04 | epoch_time=00:17:18 | run_elapsed=12:49:32 | eta=04:16:31 | finish=2026-08-20 10:19:02 CST
2026-08-20 06:03:00 | INFO    | TRAIN | epoch=046/060 | batch=00050/01562 | loss=6.131904e-01 | stage_elapsed=00:00:29 | stage_eta=00:14:32
2026-08-20 06:03:34 | INFO    | TRAIN | epoch=046/060 | batch=00100/01562 | loss=6.214625e-01 | stage_elapsed=00:01:02 | stage_eta=00:15:08
2026-08-20 06:04:03 | INFO    | TRAIN | epoch=046/060 | batch=00150/01562 | loss=6.210853e-01 | stage_elapsed=00:01:31 | stage_eta=00:14:20
2026-08-20 06:04:32 | INFO    | TRAIN | epoch=046/060 | batch=00200/01562 | loss=5.974965e-01 | stage_elapsed=00:02:00 | stage_eta=00:13:40
2026-08-20 06:05:03 | INFO    | TRAIN | epoch=046/060 | batch=00250/01562 | loss=6.087197e-01 | stage_elapsed=00:02:32 | stage_eta=00:13:17
2026-08-20 06:05:32 | INFO    | TRAIN | epoch=046/060 | batch=00300/01562 | loss=6.178217e-01 | stage_elapsed=00:03:00 | stage_eta=00:12:39
2026-08-20 06:06:04 | INFO    | TRAIN | epoch=046/060 | batch=00350/01562 | loss=6.151272e-01 | stage_elapsed=00:03:32 | stage_eta=00:12:14
2026-08-20 06:06:33 | INFO    | TRAIN | epoch=046/060 | batch=00400/01562 | loss=6.427286e-01 | stage_elapsed=00:04:02 | stage_eta=00:11:43
2026-08-20 06:07:02 | INFO    | TRAIN | epoch=046/060 | batch=00450/01562 | loss=5.961984e-01 | stage_elapsed=00:04:31 | stage_eta=00:11:10
2026-08-20 06:07:34 | INFO    | TRAIN | epoch=046/060 | batch=00500/01562 | loss=6.144910e-01 | stage_elapsed=00:05:02 | stage_eta=00:10:42
2026-08-20 06:08:02 | INFO    | TRAIN | epoch=046/060 | batch=00550/01562 | loss=6.224977e-01 | stage_elapsed=00:05:31 | stage_eta=00:10:09
2026-08-20 06:08:34 | INFO    | TRAIN | epoch=046/060 | batch=00600/01562 | loss=6.067817e-01 | stage_elapsed=00:06:03 | stage_eta=00:09:41
2026-08-20 06:09:03 | INFO    | TRAIN | epoch=046/060 | batch=00650/01562 | loss=5.991004e-01 | stage_elapsed=00:06:31 | stage_eta=00:09:09
2026-08-20 06:09:32 | INFO    | TRAIN | epoch=046/060 | batch=00700/01562 | loss=6.163980e-01 | stage_elapsed=00:07:01 | stage_eta=00:08:38
2026-08-20 06:10:04 | INFO    | TRAIN | epoch=046/060 | batch=00750/01562 | loss=5.958709e-01 | stage_elapsed=00:07:33 | stage_eta=00:08:10
2026-08-20 06:10:32 | INFO    | TRAIN | epoch=046/060 | batch=00800/01562 | loss=6.400107e-01 | stage_elapsed=00:08:01 | stage_eta=00:07:38
2026-08-20 06:11:04 | INFO    | TRAIN | epoch=046/060 | batch=00850/01562 | loss=6.297753e-01 | stage_elapsed=00:08:32 | stage_eta=00:07:09
2026-08-20 06:11:32 | INFO    | TRAIN | epoch=046/060 | batch=00900/01562 | loss=6.371769e-01 | stage_elapsed=00:09:01 | stage_eta=00:06:38
2026-08-20 06:12:03 | INFO    | TRAIN | epoch=046/060 | batch=00950/01562 | loss=6.148162e-01 | stage_elapsed=00:09:31 | stage_eta=00:06:08
2026-08-20 06:12:33 | INFO    | TRAIN | epoch=046/060 | batch=01000/01562 | loss=6.068475e-01 | stage_elapsed=00:10:02 | stage_eta=00:05:38
2026-08-20 06:13:02 | INFO    | TRAIN | epoch=046/060 | batch=01050/01562 | loss=6.481156e-01 | stage_elapsed=00:10:30 | stage_eta=00:05:07
2026-08-20 06:13:34 | INFO    | TRAIN | epoch=046/060 | batch=01100/01562 | loss=6.061134e-01 | stage_elapsed=00:11:03 | stage_eta=00:04:38
2026-08-20 06:14:03 | INFO    | TRAIN | epoch=046/060 | batch=01150/01562 | loss=6.170514e-01 | stage_elapsed=00:11:32 | stage_eta=00:04:08
2026-08-20 06:14:32 | INFO    | TRAIN | epoch=046/060 | batch=01200/01562 | loss=6.258815e-01 | stage_elapsed=00:12:01 | stage_eta=00:03:38
2026-08-20 06:15:04 | INFO    | TRAIN | epoch=046/060 | batch=01250/01562 | loss=6.182812e-01 | stage_elapsed=00:12:33 | stage_eta=00:03:08
2026-08-20 06:15:32 | INFO    | TRAIN | epoch=046/060 | batch=01300/01562 | loss=6.275995e-01 | stage_elapsed=00:13:01 | stage_eta=00:02:37
2026-08-20 06:16:05 | INFO    | TRAIN | epoch=046/060 | batch=01350/01562 | loss=6.028786e-01 | stage_elapsed=00:13:33 | stage_eta=00:02:08
2026-08-20 06:16:34 | INFO    | TRAIN | epoch=046/060 | batch=01400/01562 | loss=6.599371e-01 | stage_elapsed=00:14:03 | stage_eta=00:01:37
2026-08-20 06:17:03 | INFO    | TRAIN | epoch=046/060 | batch=01450/01562 | loss=6.142116e-01 | stage_elapsed=00:14:32 | stage_eta=00:01:07
2026-08-20 06:17:36 | INFO    | TRAIN | epoch=046/060 | batch=01500/01562 | loss=6.322872e-01 | stage_elapsed=00:15:04 | stage_eta=00:00:37
2026-08-20 06:18:05 | INFO    | TRAIN | epoch=046/060 | batch=01550/01562 | loss=6.289886e-01 | stage_elapsed=00:15:33 | stage_eta=00:00:07
2026-08-20 06:18:12 | INFO    | TRAIN | epoch=046/060 | batch=01562/01562 | loss=6.075006e-01 | stage_elapsed=00:15:40 | stage_eta=00:00:00
2026-08-20 06:18:27 | INFO    | VAL | epoch=046/060 | batch=00050/00312 | loss=8.162771e-01 | stage_elapsed=00:00:16 | stage_eta=00:01:23
2026-08-20 06:18:43 | INFO    | VAL | epoch=046/060 | batch=00100/00312 | loss=7.298650e-01 | stage_elapsed=00:00:32 | stage_eta=00:01:08
2026-08-20 06:18:59 | INFO    | VAL | epoch=046/060 | batch=00150/00312 | loss=8.035895e-01 | stage_elapsed=00:00:47 | stage_eta=00:00:51
2026-08-20 06:19:13 | INFO    | VAL | epoch=046/060 | batch=00200/00312 | loss=7.665961e-01 | stage_elapsed=00:01:01 | stage_eta=00:00:34
2026-08-20 06:19:27 | INFO    | VAL | epoch=046/060 | batch=00250/00312 | loss=7.836214e-01 | stage_elapsed=00:01:15 | stage_eta=00:00:19
2026-08-20 06:19:42 | INFO    | VAL | epoch=046/060 | batch=00300/00312 | loss=7.958921e-01 | stage_elapsed=00:01:31 | stage_eta=00:00:04
2026-08-20 06:19:46 | INFO    | VAL | epoch=046/060 | batch=00312/00312 | loss=7.492548e-01 | stage_elapsed=00:01:35 | stage_eta=00:00:00
2026-08-20 06:19:48 | INFO    | Epoch 046 complete | train=6.176268e-01 | val=7.832748e-01 | best=7.832748e-01 | lr=1.000e-04 | epoch_time=00:17:16 | run_elapsed=13:06:49 | eta=03:59:28 | finish=2026-08-20 10:19:16 CST
2026-08-20 06:20:20 | INFO    | TRAIN | epoch=047/060 | batch=00050/01562 | loss=6.147447e-01 | stage_elapsed=00:00:32 | stage_eta=00:16:08
2026-08-20 06:20:48 | INFO    | TRAIN | epoch=047/060 | batch=00100/01562 | loss=6.261218e-01 | stage_elapsed=00:01:00 | stage_eta=00:14:36
2026-08-20 06:21:20 | INFO    | TRAIN | epoch=047/060 | batch=00150/01562 | loss=6.187680e-01 | stage_elapsed=00:01:32 | stage_eta=00:14:29
2026-08-20 06:21:49 | INFO    | TRAIN | epoch=047/060 | batch=00200/01562 | loss=6.013060e-01 | stage_elapsed=00:02:02 | stage_eta=00:13:48
2026-08-20 06:22:19 | INFO    | TRAIN | epoch=047/060 | batch=00250/01562 | loss=6.226768e-01 | stage_elapsed=00:02:31 | stage_eta=00:13:11
2026-08-20 06:22:50 | INFO    | TRAIN | epoch=047/060 | batch=00300/01562 | loss=5.950724e-01 | stage_elapsed=00:03:02 | stage_eta=00:12:46
2026-08-20 06:23:19 | INFO    | TRAIN | epoch=047/060 | batch=00350/01562 | loss=6.169252e-01 | stage_elapsed=00:03:31 | stage_eta=00:12:10
2026-08-20 06:23:50 | INFO    | TRAIN | epoch=047/060 | batch=00400/01562 | loss=6.109694e-01 | stage_elapsed=00:04:03 | stage_eta=00:11:45
2026-08-20 06:24:21 | INFO    | TRAIN | epoch=047/060 | batch=00450/01562 | loss=6.395778e-01 | stage_elapsed=00:04:33 | stage_eta=00:11:15
2026-08-20 06:24:49 | INFO    | TRAIN | epoch=047/060 | batch=00500/01562 | loss=6.157078e-01 | stage_elapsed=00:05:02 | stage_eta=00:10:40
2026-08-20 06:25:23 | INFO    | TRAIN | epoch=047/060 | batch=00550/01562 | loss=6.354218e-01 | stage_elapsed=00:05:35 | stage_eta=00:10:16
2026-08-20 06:25:51 | INFO    | TRAIN | epoch=047/060 | batch=00600/01562 | loss=6.387743e-01 | stage_elapsed=00:06:03 | stage_eta=00:09:43
2026-08-20 06:26:21 | INFO    | TRAIN | epoch=047/060 | batch=00650/01562 | loss=6.204882e-01 | stage_elapsed=00:06:33 | stage_eta=00:09:12
2026-08-20 06:26:53 | INFO    | TRAIN | epoch=047/060 | batch=00700/01562 | loss=6.083539e-01 | stage_elapsed=00:07:05 | stage_eta=00:08:43
2026-08-20 06:27:21 | INFO    | TRAIN | epoch=047/060 | batch=00750/01562 | loss=5.737050e-01 | stage_elapsed=00:07:33 | stage_eta=00:08:10
2026-08-20 06:27:53 | INFO    | TRAIN | epoch=047/060 | batch=00800/01562 | loss=6.014832e-01 | stage_elapsed=00:08:05 | stage_eta=00:07:42
2026-08-20 06:28:22 | INFO    | TRAIN | epoch=047/060 | batch=00850/01562 | loss=5.902580e-01 | stage_elapsed=00:08:34 | stage_eta=00:07:11
2026-08-20 06:28:52 | INFO    | TRAIN | epoch=047/060 | batch=00900/01562 | loss=6.124614e-01 | stage_elapsed=00:09:04 | stage_eta=00:06:40
2026-08-20 06:29:23 | INFO    | TRAIN | epoch=047/060 | batch=00950/01562 | loss=6.288651e-01 | stage_elapsed=00:09:35 | stage_eta=00:06:10
2026-08-20 06:29:52 | INFO    | TRAIN | epoch=047/060 | batch=01000/01562 | loss=6.298587e-01 | stage_elapsed=00:10:04 | stage_eta=00:05:39
2026-08-20 06:30:24 | INFO    | TRAIN | epoch=047/060 | batch=01050/01562 | loss=6.241034e-01 | stage_elapsed=00:10:36 | stage_eta=00:05:10
2026-08-20 06:30:52 | INFO    | TRAIN | epoch=047/060 | batch=01100/01562 | loss=6.174327e-01 | stage_elapsed=00:11:05 | stage_eta=00:04:39
2026-08-20 06:31:23 | INFO    | TRAIN | epoch=047/060 | batch=01150/01562 | loss=6.135585e-01 | stage_elapsed=00:11:36 | stage_eta=00:04:09
2026-08-20 06:31:55 | INFO    | TRAIN | epoch=047/060 | batch=01200/01562 | loss=6.505554e-01 | stage_elapsed=00:12:07 | stage_eta=00:03:39
2026-08-20 06:32:23 | INFO    | TRAIN | epoch=047/060 | batch=01250/01562 | loss=6.217900e-01 | stage_elapsed=00:12:36 | stage_eta=00:03:09
2026-08-20 06:32:56 | INFO    | TRAIN | epoch=047/060 | batch=01300/01562 | loss=5.913023e-01 | stage_elapsed=00:13:08 | stage_eta=00:02:39
2026-08-20 06:33:25 | INFO    | TRAIN | epoch=047/060 | batch=01350/01562 | loss=6.087376e-01 | stage_elapsed=00:13:38 | stage_eta=00:02:08
2026-08-20 06:33:55 | INFO    | TRAIN | epoch=047/060 | batch=01400/01562 | loss=6.091663e-01 | stage_elapsed=00:14:07 | stage_eta=00:01:38
2026-08-20 06:34:26 | INFO    | TRAIN | epoch=047/060 | batch=01450/01562 | loss=6.248686e-01 | stage_elapsed=00:14:38 | stage_eta=00:01:08
2026-08-20 06:34:54 | INFO    | TRAIN | epoch=047/060 | batch=01500/01562 | loss=6.360272e-01 | stage_elapsed=00:15:06 | stage_eta=00:00:37
2026-08-20 06:35:27 | INFO    | TRAIN | epoch=047/060 | batch=01550/01562 | loss=6.508669e-01 | stage_elapsed=00:15:39 | stage_eta=00:00:07
2026-08-20 06:35:35 | INFO    | TRAIN | epoch=047/060 | batch=01562/01562 | loss=5.937263e-01 | stage_elapsed=00:15:47 | stage_eta=00:00:00
2026-08-20 06:35:49 | INFO    | VAL | epoch=047/060 | batch=00050/00312 | loss=8.076257e-01 | stage_elapsed=00:00:14 | stage_eta=00:01:13
2026-08-20 06:36:03 | INFO    | VAL | epoch=047/060 | batch=00100/00312 | loss=7.236978e-01 | stage_elapsed=00:00:28 | stage_eta=00:00:59
2026-08-20 06:36:17 | INFO    | VAL | epoch=047/060 | batch=00150/00312 | loss=8.032382e-01 | stage_elapsed=00:00:42 | stage_eta=00:00:46
2026-08-20 06:36:33 | INFO    | VAL | epoch=047/060 | batch=00200/00312 | loss=7.653443e-01 | stage_elapsed=00:00:59 | stage_eta=00:00:33
2026-08-20 06:36:50 | INFO    | VAL | epoch=047/060 | batch=00250/00312 | loss=7.906226e-01 | stage_elapsed=00:01:15 | stage_eta=00:00:19
2026-08-20 06:37:05 | INFO    | VAL | epoch=047/060 | batch=00300/00312 | loss=7.986996e-01 | stage_elapsed=00:01:31 | stage_eta=00:00:04
2026-08-20 06:37:09 | INFO    | VAL | epoch=047/060 | batch=00312/00312 | loss=7.492635e-01 | stage_elapsed=00:01:34 | stage_eta=00:00:00
2026-08-20 06:37:10 | INFO    | Epoch 047 complete | train=6.140365e-01 | val=7.824529e-01 | best=7.824529e-01 | lr=1.000e-04 | epoch_time=00:17:23 | run_elapsed=13:24:11 | eta=03:42:26 | finish=2026-08-20 10:19:36 CST
2026-08-20 06:37:39 | INFO    | TRAIN | epoch=048/060 | batch=00050/01562 | loss=6.007372e-01 | stage_elapsed=00:00:29 | stage_eta=00:14:34
2026-08-20 06:38:11 | INFO    | TRAIN | epoch=048/060 | batch=00100/01562 | loss=6.032062e-01 | stage_elapsed=00:01:01 | stage_eta=00:14:48
2026-08-20 06:38:41 | INFO    | TRAIN | epoch=048/060 | batch=00150/01562 | loss=6.144293e-01 | stage_elapsed=00:01:31 | stage_eta=00:14:13
2026-08-20 06:39:10 | INFO    | TRAIN | epoch=048/060 | batch=00200/01562 | loss=6.015636e-01 | stage_elapsed=00:02:00 | stage_eta=00:13:34
2026-08-20 06:39:41 | INFO    | TRAIN | epoch=048/060 | batch=00250/01562 | loss=6.045548e-01 | stage_elapsed=00:02:31 | stage_eta=00:13:12
2026-08-20 06:40:09 | INFO    | TRAIN | epoch=048/060 | batch=00300/01562 | loss=6.021954e-01 | stage_elapsed=00:02:59 | stage_eta=00:12:33
2026-08-20 06:40:42 | INFO    | TRAIN | epoch=048/060 | batch=00350/01562 | loss=6.116848e-01 | stage_elapsed=00:03:31 | stage_eta=00:12:12
2026-08-20 06:41:11 | INFO    | TRAIN | epoch=048/060 | batch=00400/01562 | loss=6.084597e-01 | stage_elapsed=00:04:00 | stage_eta=00:11:38
2026-08-20 06:41:41 | INFO    | TRAIN | epoch=048/060 | batch=00450/01562 | loss=5.948573e-01 | stage_elapsed=00:04:30 | stage_eta=00:11:08
2026-08-20 06:42:13 | INFO    | TRAIN | epoch=048/060 | batch=00500/01562 | loss=6.114196e-01 | stage_elapsed=00:05:02 | stage_eta=00:10:42
2026-08-20 06:42:41 | INFO    | TRAIN | epoch=048/060 | batch=00550/01562 | loss=6.010828e-01 | stage_elapsed=00:05:31 | stage_eta=00:10:08
2026-08-20 06:43:13 | INFO    | TRAIN | epoch=048/060 | batch=00600/01562 | loss=6.353480e-01 | stage_elapsed=00:06:02 | stage_eta=00:09:41
2026-08-20 06:43:43 | INFO    | TRAIN | epoch=048/060 | batch=00650/01562 | loss=6.073808e-01 | stage_elapsed=00:06:32 | stage_eta=00:09:10
2026-08-20 06:44:11 | INFO    | TRAIN | epoch=048/060 | batch=00700/01562 | loss=6.332447e-01 | stage_elapsed=00:07:01 | stage_eta=00:08:39
2026-08-20 06:44:45 | INFO    | TRAIN | epoch=048/060 | batch=00750/01562 | loss=6.024646e-01 | stage_elapsed=00:07:34 | stage_eta=00:08:12
2026-08-20 06:45:13 | INFO    | TRAIN | epoch=048/060 | batch=00800/01562 | loss=5.866691e-01 | stage_elapsed=00:08:03 | stage_eta=00:07:40
2026-08-20 06:45:44 | INFO    | TRAIN | epoch=048/060 | batch=00850/01562 | loss=6.167912e-01 | stage_elapsed=00:08:34 | stage_eta=00:07:10
2026-08-20 06:46:15 | INFO    | TRAIN | epoch=048/060 | batch=00900/01562 | loss=6.321505e-01 | stage_elapsed=00:09:04 | stage_eta=00:06:40
2026-08-20 06:46:43 | INFO    | TRAIN | epoch=048/060 | batch=00950/01562 | loss=6.066855e-01 | stage_elapsed=00:09:32 | stage_eta=00:06:09
2026-08-20 06:47:15 | INFO    | TRAIN | epoch=048/060 | batch=01000/01562 | loss=6.317409e-01 | stage_elapsed=00:10:05 | stage_eta=00:05:40
2026-08-20 06:47:45 | INFO    | TRAIN | epoch=048/060 | batch=01050/01562 | loss=6.216103e-01 | stage_elapsed=00:10:35 | stage_eta=00:05:09
2026-08-20 06:48:15 | INFO    | TRAIN | epoch=048/060 | batch=01100/01562 | loss=5.913641e-01 | stage_elapsed=00:11:05 | stage_eta=00:04:39
2026-08-20 06:48:46 | INFO    | TRAIN | epoch=048/060 | batch=01150/01562 | loss=6.428590e-01 | stage_elapsed=00:11:36 | stage_eta=00:04:09
2026-08-20 06:49:15 | INFO    | TRAIN | epoch=048/060 | batch=01200/01562 | loss=6.348603e-01 | stage_elapsed=00:12:04 | stage_eta=00:03:39
2026-08-20 06:49:47 | INFO    | TRAIN | epoch=048/060 | batch=01250/01562 | loss=6.259737e-01 | stage_elapsed=00:12:37 | stage_eta=00:03:09
2026-08-20 06:50:16 | INFO    | TRAIN | epoch=048/060 | batch=01300/01562 | loss=6.148673e-01 | stage_elapsed=00:13:06 | stage_eta=00:02:38
2026-08-20 06:50:46 | INFO    | TRAIN | epoch=048/060 | batch=01350/01562 | loss=6.093345e-01 | stage_elapsed=00:13:36 | stage_eta=00:02:08
2026-08-20 06:51:18 | INFO    | TRAIN | epoch=048/060 | batch=01400/01562 | loss=6.008961e-01 | stage_elapsed=00:14:07 | stage_eta=00:01:38
2026-08-20 06:51:46 | INFO    | TRAIN | epoch=048/060 | batch=01450/01562 | loss=6.154462e-01 | stage_elapsed=00:14:36 | stage_eta=00:01:08
2026-08-20 06:52:19 | INFO    | TRAIN | epoch=048/060 | batch=01500/01562 | loss=6.107038e-01 | stage_elapsed=00:15:08 | stage_eta=00:00:38
2026-08-20 06:52:48 | INFO    | TRAIN | epoch=048/060 | batch=01550/01562 | loss=6.231461e-01 | stage_elapsed=00:15:37 | stage_eta=00:00:07
2026-08-20 06:52:55 | INFO    | TRAIN | epoch=048/060 | batch=01562/01562 | loss=6.103133e-01 | stage_elapsed=00:15:45 | stage_eta=00:00:00
2026-08-20 06:53:09 | INFO    | VAL | epoch=048/060 | batch=00050/00312 | loss=8.117518e-01 | stage_elapsed=00:00:14 | stage_eta=00:01:15
2026-08-20 06:53:26 | INFO    | VAL | epoch=048/060 | batch=00100/00312 | loss=7.270386e-01 | stage_elapsed=00:00:31 | stage_eta=00:01:05
2026-08-20 06:53:42 | INFO    | VAL | epoch=048/060 | batch=00150/00312 | loss=7.994198e-01 | stage_elapsed=00:00:47 | stage_eta=00:00:51
2026-08-20 06:53:56 | INFO    | VAL | epoch=048/060 | batch=00200/00312 | loss=7.626218e-01 | stage_elapsed=00:01:02 | stage_eta=00:00:34
2026-08-20 06:54:11 | INFO    | VAL | epoch=048/060 | batch=00250/00312 | loss=7.855604e-01 | stage_elapsed=00:01:16 | stage_eta=00:00:19
2026-08-20 06:54:25 | INFO    | VAL | epoch=048/060 | batch=00300/00312 | loss=7.940502e-01 | stage_elapsed=00:01:30 | stage_eta=00:00:04
2026-08-20 06:54:29 | INFO    | VAL | epoch=048/060 | batch=00312/00312 | loss=7.507359e-01 | stage_elapsed=00:01:34 | stage_eta=00:00:00
2026-08-20 06:54:30 | INFO    | Epoch 048 complete | train=6.103736e-01 | val=7.807202e-01 | best=7.807202e-01 | lr=1.000e-04 | epoch_time=00:17:19 | run_elapsed=13:41:31 | eta=03:25:23 | finish=2026-08-20 10:19:52 CST
2026-08-20 06:55:02 | INFO    | TRAIN | epoch=049/060 | batch=00050/01562 | loss=6.017907e-01 | stage_elapsed=00:00:33 | stage_eta=00:16:32
2026-08-20 06:55:30 | INFO    | TRAIN | epoch=049/060 | batch=00100/01562 | loss=6.226460e-01 | stage_elapsed=00:01:01 | stage_eta=00:14:47
2026-08-20 06:56:01 | INFO    | TRAIN | epoch=049/060 | batch=00150/01562 | loss=5.940709e-01 | stage_elapsed=00:01:31 | stage_eta=00:14:21
2026-08-20 06:56:32 | INFO    | TRAIN | epoch=049/060 | batch=00200/01562 | loss=6.071953e-01 | stage_elapsed=00:02:02 | stage_eta=00:13:54
2026-08-20 06:57:00 | INFO    | TRAIN | epoch=049/060 | batch=00250/01562 | loss=6.117126e-01 | stage_elapsed=00:02:30 | stage_eta=00:13:09
2026-08-20 06:57:33 | INFO    | TRAIN | epoch=049/060 | batch=00300/01562 | loss=5.669312e-01 | stage_elapsed=00:03:03 | stage_eta=00:12:51
2026-08-20 06:58:01 | INFO    | TRAIN | epoch=049/060 | batch=00350/01562 | loss=6.193172e-01 | stage_elapsed=00:03:31 | stage_eta=00:12:12
2026-08-20 06:58:33 | INFO    | TRAIN | epoch=049/060 | batch=00400/01562 | loss=6.184552e-01 | stage_elapsed=00:04:03 | stage_eta=00:11:46
2026-08-20 06:59:04 | INFO    | TRAIN | epoch=049/060 | batch=00450/01562 | loss=5.918666e-01 | stage_elapsed=00:04:35 | stage_eta=00:11:18
2026-08-20 06:59:32 | INFO    | TRAIN | epoch=049/060 | batch=00500/01562 | loss=5.844859e-01 | stage_elapsed=00:05:02 | stage_eta=00:10:42
2026-08-20 07:00:05 | INFO    | TRAIN | epoch=049/060 | batch=00550/01562 | loss=5.975454e-01 | stage_elapsed=00:05:35 | stage_eta=00:10:17
2026-08-20 07:00:34 | INFO    | TRAIN | epoch=049/060 | batch=00600/01562 | loss=5.925996e-01 | stage_elapsed=00:06:04 | stage_eta=00:09:44
2026-08-20 07:01:04 | INFO    | TRAIN | epoch=049/060 | batch=00650/01562 | loss=6.171916e-01 | stage_elapsed=00:06:34 | stage_eta=00:09:13
2026-08-20 07:01:35 | INFO    | TRAIN | epoch=049/060 | batch=00700/01562 | loss=5.754759e-01 | stage_elapsed=00:07:06 | stage_eta=00:08:44
2026-08-20 07:02:04 | INFO    | TRAIN | epoch=049/060 | batch=00750/01562 | loss=6.098730e-01 | stage_elapsed=00:07:35 | stage_eta=00:08:12
2026-08-20 07:02:37 | INFO    | TRAIN | epoch=049/060 | batch=00800/01562 | loss=6.047446e-01 | stage_elapsed=00:08:07 | stage_eta=00:07:44
2026-08-20 07:03:07 | INFO    | TRAIN | epoch=049/060 | batch=00850/01562 | loss=5.905581e-01 | stage_elapsed=00:08:37 | stage_eta=00:07:13
2026-08-20 07:03:35 | INFO    | TRAIN | epoch=049/060 | batch=00900/01562 | loss=6.229425e-01 | stage_elapsed=00:09:06 | stage_eta=00:06:41
2026-08-20 07:04:08 | INFO    | TRAIN | epoch=049/060 | batch=00950/01562 | loss=6.030769e-01 | stage_elapsed=00:09:39 | stage_eta=00:06:13
2026-08-20 07:04:36 | INFO    | TRAIN | epoch=049/060 | batch=01000/01562 | loss=6.015069e-01 | stage_elapsed=00:10:07 | stage_eta=00:05:41
2026-08-20 07:05:08 | INFO    | TRAIN | epoch=049/060 | batch=01050/01562 | loss=6.042747e-01 | stage_elapsed=00:10:38 | stage_eta=00:05:11
2026-08-20 07:05:39 | INFO    | TRAIN | epoch=049/060 | batch=01100/01562 | loss=6.056617e-01 | stage_elapsed=00:11:10 | stage_eta=00:04:41
2026-08-20 07:06:07 | INFO    | TRAIN | epoch=049/060 | batch=01150/01562 | loss=6.248425e-01 | stage_elapsed=00:11:38 | stage_eta=00:04:10
2026-08-20 07:06:40 | INFO    | TRAIN | epoch=049/060 | batch=01200/01562 | loss=5.900307e-01 | stage_elapsed=00:12:10 | stage_eta=00:03:40
2026-08-20 07:07:09 | INFO    | TRAIN | epoch=049/060 | batch=01250/01562 | loss=5.974553e-01 | stage_elapsed=00:12:39 | stage_eta=00:03:09
2026-08-20 07:07:38 | INFO    | TRAIN | epoch=049/060 | batch=01300/01562 | loss=6.019831e-01 | stage_elapsed=00:13:09 | stage_eta=00:02:39
2026-08-20 07:08:10 | INFO    | TRAIN | epoch=049/060 | batch=01350/01562 | loss=6.244898e-01 | stage_elapsed=00:13:41 | stage_eta=00:02:09
2026-08-20 07:08:39 | INFO    | TRAIN | epoch=049/060 | batch=01400/01562 | loss=6.167583e-01 | stage_elapsed=00:14:09 | stage_eta=00:01:38
2026-08-20 07:09:11 | INFO    | TRAIN | epoch=049/060 | batch=01450/01562 | loss=6.130620e-01 | stage_elapsed=00:14:41 | stage_eta=00:01:08
2026-08-20 07:09:41 | INFO    | TRAIN | epoch=049/060 | batch=01500/01562 | loss=5.898494e-01 | stage_elapsed=00:15:11 | stage_eta=00:00:38
2026-08-20 07:10:10 | INFO    | TRAIN | epoch=049/060 | batch=01550/01562 | loss=6.134880e-01 | stage_elapsed=00:15:41 | stage_eta=00:00:07
2026-08-20 07:10:19 | INFO    | TRAIN | epoch=049/060 | batch=01562/01562 | loss=5.913100e-01 | stage_elapsed=00:15:49 | stage_eta=00:00:00
2026-08-20 07:10:35 | INFO    | VAL | epoch=049/060 | batch=00050/00312 | loss=8.127171e-01 | stage_elapsed=00:00:17 | stage_eta=00:01:28
2026-08-20 07:10:50 | INFO    | VAL | epoch=049/060 | batch=00100/00312 | loss=7.255199e-01 | stage_elapsed=00:00:31 | stage_eta=00:01:06
2026-08-20 07:11:04 | INFO    | VAL | epoch=049/060 | batch=00150/00312 | loss=8.009346e-01 | stage_elapsed=00:00:46 | stage_eta=00:00:49
2026-08-20 07:11:18 | INFO    | VAL | epoch=049/060 | batch=00200/00312 | loss=7.665505e-01 | stage_elapsed=00:01:00 | stage_eta=00:00:34
2026-08-20 07:11:34 | INFO    | VAL | epoch=049/060 | batch=00250/00312 | loss=7.893882e-01 | stage_elapsed=00:01:15 | stage_eta=00:00:19
2026-08-20 07:11:50 | INFO    | VAL | epoch=049/060 | batch=00300/00312 | loss=7.997992e-01 | stage_elapsed=00:01:32 | stage_eta=00:00:04
2026-08-20 07:11:55 | INFO    | VAL | epoch=049/060 | batch=00312/00312 | loss=7.528687e-01 | stage_elapsed=00:01:36 | stage_eta=00:00:00
2026-08-20 07:11:56 | INFO    | Epoch 049 complete | train=6.068835e-01 | val=7.799452e-01 | best=7.799452e-01 | lr=1.000e-04 | epoch_time=00:17:27 | run_elapsed=13:58:57 | eta=03:08:20 | finish=2026-08-20 10:20:16 CST
2026-08-20 07:12:25 | INFO    | TRAIN | epoch=050/060 | batch=00050/01562 | loss=6.187532e-01 | stage_elapsed=00:00:29 | stage_eta=00:14:30
2026-08-20 07:12:55 | INFO    | TRAIN | epoch=050/060 | batch=00100/01562 | loss=5.940205e-01 | stage_elapsed=00:00:59 | stage_eta=00:14:26
2026-08-20 07:13:27 | INFO    | TRAIN | epoch=050/060 | batch=00150/01562 | loss=5.817769e-01 | stage_elapsed=00:01:31 | stage_eta=00:14:14
2026-08-20 07:13:56 | INFO    | TRAIN | epoch=050/060 | batch=00200/01562 | loss=5.935057e-01 | stage_elapsed=00:02:00 | stage_eta=00:13:34
2026-08-20 07:14:28 | INFO    | TRAIN | epoch=050/060 | batch=00250/01562 | loss=5.954355e-01 | stage_elapsed=00:02:32 | stage_eta=00:13:16
2026-08-20 07:14:57 | INFO    | TRAIN | epoch=050/060 | batch=00300/01562 | loss=5.976041e-01 | stage_elapsed=00:03:01 | stage_eta=00:12:41
2026-08-20 07:15:27 | INFO    | TRAIN | epoch=050/060 | batch=00350/01562 | loss=6.178921e-01 | stage_elapsed=00:03:31 | stage_eta=00:12:12
2026-08-20 07:15:58 | INFO    | TRAIN | epoch=050/060 | batch=00400/01562 | loss=6.036216e-01 | stage_elapsed=00:04:02 | stage_eta=00:11:43
2026-08-20 07:16:27 | INFO    | TRAIN | epoch=050/060 | batch=00450/01562 | loss=6.245836e-01 | stage_elapsed=00:04:30 | stage_eta=00:11:08
2026-08-20 07:17:00 | INFO    | TRAIN | epoch=050/060 | batch=00500/01562 | loss=6.029173e-01 | stage_elapsed=00:05:03 | stage_eta=00:10:44
2026-08-20 07:17:29 | INFO    | TRAIN | epoch=050/060 | batch=00550/01562 | loss=5.841748e-01 | stage_elapsed=00:05:32 | stage_eta=00:10:11
2026-08-20 07:18:00 | INFO    | TRAIN | epoch=050/060 | batch=00600/01562 | loss=5.947702e-01 | stage_elapsed=00:06:04 | stage_eta=00:09:43
2026-08-20 07:18:29 | INFO    | TRAIN | epoch=050/060 | batch=00650/01562 | loss=5.817211e-01 | stage_elapsed=00:06:32 | stage_eta=00:09:11
2026-08-20 07:18:59 | INFO    | TRAIN | epoch=050/060 | batch=00700/01562 | loss=5.949293e-01 | stage_elapsed=00:07:02 | stage_eta=00:08:40
2026-08-20 07:19:29 | INFO    | TRAIN | epoch=050/060 | batch=00750/01562 | loss=6.163665e-01 | stage_elapsed=00:07:32 | stage_eta=00:08:10
2026-08-20 07:19:58 | INFO    | TRAIN | epoch=050/060 | batch=00800/01562 | loss=6.146273e-01 | stage_elapsed=00:08:01 | stage_eta=00:07:38
2026-08-20 07:20:30 | INFO    | TRAIN | epoch=050/060 | batch=00850/01562 | loss=6.330230e-01 | stage_elapsed=00:08:34 | stage_eta=00:07:10
2026-08-20 07:20:58 | INFO    | TRAIN | epoch=050/060 | batch=00900/01562 | loss=6.128671e-01 | stage_elapsed=00:09:02 | stage_eta=00:06:39
2026-08-20 07:21:29 | INFO    | TRAIN | epoch=050/060 | batch=00950/01562 | loss=6.245877e-01 | stage_elapsed=00:09:33 | stage_eta=00:06:09
2026-08-20 07:22:00 | INFO    | TRAIN | epoch=050/060 | batch=01000/01562 | loss=5.842211e-01 | stage_elapsed=00:10:03 | stage_eta=00:05:39
2026-08-20 07:22:29 | INFO    | TRAIN | epoch=050/060 | batch=01050/01562 | loss=6.013806e-01 | stage_elapsed=00:10:32 | stage_eta=00:05:08
2026-08-20 07:23:02 | INFO    | TRAIN | epoch=050/060 | batch=01100/01562 | loss=6.122507e-01 | stage_elapsed=00:11:06 | stage_eta=00:04:40
2026-08-20 07:23:30 | INFO    | TRAIN | epoch=050/060 | batch=01150/01562 | loss=5.882152e-01 | stage_elapsed=00:11:34 | stage_eta=00:04:09
2026-08-20 07:24:01 | INFO    | TRAIN | epoch=050/060 | batch=01200/01562 | loss=6.027343e-01 | stage_elapsed=00:12:05 | stage_eta=00:03:39
2026-08-20 07:24:33 | INFO    | TRAIN | epoch=050/060 | batch=01250/01562 | loss=5.935755e-01 | stage_elapsed=00:12:36 | stage_eta=00:03:09
2026-08-20 07:25:01 | INFO    | TRAIN | epoch=050/060 | batch=01300/01562 | loss=6.026086e-01 | stage_elapsed=00:13:05 | stage_eta=00:02:38
2026-08-20 07:25:34 | INFO    | TRAIN | epoch=050/060 | batch=01350/01562 | loss=6.148305e-01 | stage_elapsed=00:13:38 | stage_eta=00:02:08
2026-08-20 07:26:03 | INFO    | TRAIN | epoch=050/060 | batch=01400/01562 | loss=6.082626e-01 | stage_elapsed=00:14:07 | stage_eta=00:01:38
2026-08-20 07:26:33 | INFO    | TRAIN | epoch=050/060 | batch=01450/01562 | loss=6.047826e-01 | stage_elapsed=00:14:37 | stage_eta=00:01:08
2026-08-20 07:27:06 | INFO    | TRAIN | epoch=050/060 | batch=01500/01562 | loss=6.193031e-01 | stage_elapsed=00:15:10 | stage_eta=00:00:38
2026-08-20 07:27:35 | INFO    | TRAIN | epoch=050/060 | batch=01550/01562 | loss=6.256625e-01 | stage_elapsed=00:15:39 | stage_eta=00:00:07
2026-08-20 07:27:42 | INFO    | TRAIN | epoch=050/060 | batch=01562/01562 | loss=6.020641e-01 | stage_elapsed=00:15:46 | stage_eta=00:00:00
2026-08-20 07:27:57 | INFO    | VAL | epoch=050/060 | batch=00050/00312 | loss=8.113302e-01 | stage_elapsed=00:00:16 | stage_eta=00:01:22
2026-08-20 07:28:14 | INFO    | VAL | epoch=050/060 | batch=00100/00312 | loss=7.142663e-01 | stage_elapsed=00:00:32 | stage_eta=00:01:08
2026-08-20 07:28:30 | INFO    | VAL | epoch=050/060 | batch=00150/00312 | loss=7.999601e-01 | stage_elapsed=00:00:48 | stage_eta=00:00:52
2026-08-20 07:28:44 | INFO    | VAL | epoch=050/060 | batch=00200/00312 | loss=7.618554e-01 | stage_elapsed=00:01:02 | stage_eta=00:00:35
2026-08-20 07:28:58 | INFO    | VAL | epoch=050/060 | batch=00250/00312 | loss=7.862673e-01 | stage_elapsed=00:01:16 | stage_eta=00:00:19
2026-08-20 07:29:12 | INFO    | VAL | epoch=050/060 | batch=00300/00312 | loss=7.945344e-01 | stage_elapsed=00:01:30 | stage_eta=00:00:04
2026-08-20 07:29:16 | INFO    | VAL | epoch=050/060 | batch=00312/00312 | loss=7.461036e-01 | stage_elapsed=00:01:34 | stage_eta=00:00:00
2026-08-20 07:29:18 | INFO    | Epoch 050 complete | train=6.034258e-01 | val=7.775321e-01 | best=7.775321e-01 | lr=1.000e-04 | epoch_time=00:17:22 | run_elapsed=14:16:19 | eta=02:51:16 | finish=2026-08-20 10:20:34 CST
2026-08-20 07:29:50 | INFO    | TRAIN | epoch=051/060 | batch=00050/01562 | loss=5.921414e-01 | stage_elapsed=00:00:32 | stage_eta=00:16:10
2026-08-20 07:30:18 | INFO    | TRAIN | epoch=051/060 | batch=00100/01562 | loss=6.079500e-01 | stage_elapsed=00:01:00 | stage_eta=00:14:43
2026-08-20 07:30:50 | INFO    | TRAIN | epoch=051/060 | batch=00150/01562 | loss=5.832245e-01 | stage_elapsed=00:01:32 | stage_eta=00:14:30
2026-08-20 07:31:21 | INFO    | TRAIN | epoch=051/060 | batch=00200/01562 | loss=5.880859e-01 | stage_elapsed=00:02:03 | stage_eta=00:13:55
2026-08-20 07:31:50 | INFO    | TRAIN | epoch=051/060 | batch=00250/01562 | loss=5.891609e-01 | stage_elapsed=00:02:32 | stage_eta=00:13:17
2026-08-20 07:32:23 | INFO    | TRAIN | epoch=051/060 | batch=00300/01562 | loss=5.981902e-01 | stage_elapsed=00:03:05 | stage_eta=00:12:59
2026-08-20 07:32:52 | INFO    | TRAIN | epoch=051/060 | batch=00350/01562 | loss=5.818801e-01 | stage_elapsed=00:03:34 | stage_eta=00:12:20
2026-08-20 07:33:22 | INFO    | TRAIN | epoch=051/060 | batch=00400/01562 | loss=6.103830e-01 | stage_elapsed=00:04:04 | stage_eta=00:11:50
2026-08-20 07:33:53 | INFO    | TRAIN | epoch=051/060 | batch=00450/01562 | loss=5.617313e-01 | stage_elapsed=00:04:36 | stage_eta=00:11:21
2026-08-20 07:34:22 | INFO    | TRAIN | epoch=051/060 | batch=00500/01562 | loss=5.967601e-01 | stage_elapsed=00:05:04 | stage_eta=00:10:47
2026-08-20 07:34:55 | INFO    | TRAIN | epoch=051/060 | batch=00550/01562 | loss=5.962545e-01 | stage_elapsed=00:05:37 | stage_eta=00:10:20
2026-08-20 07:35:24 | INFO    | TRAIN | epoch=051/060 | batch=00600/01562 | loss=6.114982e-01 | stage_elapsed=00:06:06 | stage_eta=00:09:47
2026-08-20 07:35:54 | INFO    | TRAIN | epoch=051/060 | batch=00650/01562 | loss=6.112192e-01 | stage_elapsed=00:06:36 | stage_eta=00:09:16
2026-08-20 07:36:25 | INFO    | TRAIN | epoch=051/060 | batch=00700/01562 | loss=6.097631e-01 | stage_elapsed=00:07:07 | stage_eta=00:08:46
2026-08-20 07:36:53 | INFO    | TRAIN | epoch=051/060 | batch=00750/01562 | loss=5.943414e-01 | stage_elapsed=00:07:35 | stage_eta=00:08:13
2026-08-20 07:37:26 | INFO    | TRAIN | epoch=051/060 | batch=00800/01562 | loss=6.057391e-01 | stage_elapsed=00:08:08 | stage_eta=00:07:45
2026-08-20 07:37:55 | INFO    | TRAIN | epoch=051/060 | batch=00850/01562 | loss=6.030912e-01 | stage_elapsed=00:08:37 | stage_eta=00:07:13
2026-08-20 07:38:26 | INFO    | TRAIN | epoch=051/060 | batch=00900/01562 | loss=5.845353e-01 | stage_elapsed=00:09:08 | stage_eta=00:06:43
2026-08-20 07:38:56 | INFO    | TRAIN | epoch=051/060 | batch=00950/01562 | loss=6.136541e-01 | stage_elapsed=00:09:38 | stage_eta=00:06:13
2026-08-20 07:39:25 | INFO    | TRAIN | epoch=051/060 | batch=01000/01562 | loss=5.891938e-01 | stage_elapsed=00:10:07 | stage_eta=00:05:41
2026-08-20 07:39:57 | INFO    | TRAIN | epoch=051/060 | batch=01050/01562 | loss=6.126121e-01 | stage_elapsed=00:10:39 | stage_eta=00:05:12
2026-08-20 07:40:26 | INFO    | TRAIN | epoch=051/060 | batch=01100/01562 | loss=6.213292e-01 | stage_elapsed=00:11:08 | stage_eta=00:04:41
2026-08-20 07:40:58 | INFO    | TRAIN | epoch=051/060 | batch=01150/01562 | loss=6.027275e-01 | stage_elapsed=00:11:40 | stage_eta=00:04:11
2026-08-20 07:41:28 | INFO    | TRAIN | epoch=051/060 | batch=01200/01562 | loss=5.716509e-01 | stage_elapsed=00:12:10 | stage_eta=00:03:40
2026-08-20 07:41:57 | INFO    | TRAIN | epoch=051/060 | batch=01250/01562 | loss=6.157616e-01 | stage_elapsed=00:12:40 | stage_eta=00:03:10
2026-08-20 07:42:30 | INFO    | TRAIN | epoch=051/060 | batch=01300/01562 | loss=5.867205e-01 | stage_elapsed=00:13:12 | stage_eta=00:02:40
2026-08-20 07:42:58 | INFO    | TRAIN | epoch=051/060 | batch=01350/01562 | loss=5.926442e-01 | stage_elapsed=00:13:41 | stage_eta=00:02:09
2026-08-20 07:43:30 | INFO    | TRAIN | epoch=051/060 | batch=01400/01562 | loss=6.369060e-01 | stage_elapsed=00:14:12 | stage_eta=00:01:39
2026-08-20 07:43:59 | INFO    | TRAIN | epoch=051/060 | batch=01450/01562 | loss=6.035525e-01 | stage_elapsed=00:14:41 | stage_eta=00:01:08
2026-08-20 07:44:29 | INFO    | TRAIN | epoch=051/060 | batch=01500/01562 | loss=5.996631e-01 | stage_elapsed=00:15:11 | stage_eta=00:00:38
2026-08-20 07:45:02 | INFO    | TRAIN | epoch=051/060 | batch=01550/01562 | loss=5.883545e-01 | stage_elapsed=00:15:44 | stage_eta=00:00:07
2026-08-20 07:45:09 | INFO    | TRAIN | epoch=051/060 | batch=01562/01562 | loss=6.176734e-01 | stage_elapsed=00:15:51 | stage_eta=00:00:00
2026-08-20 07:45:23 | INFO    | VAL | epoch=051/060 | batch=00050/00312 | loss=8.077404e-01 | stage_elapsed=00:00:14 | stage_eta=00:01:14
2026-08-20 07:45:37 | INFO    | VAL | epoch=051/060 | batch=00100/00312 | loss=7.182576e-01 | stage_elapsed=00:00:28 | stage_eta=00:01:00
2026-08-20 07:45:53 | INFO    | VAL | epoch=051/060 | batch=00150/00312 | loss=7.982270e-01 | stage_elapsed=00:00:44 | stage_eta=00:00:47
2026-08-20 07:46:09 | INFO    | VAL | epoch=051/060 | batch=00200/00312 | loss=7.608049e-01 | stage_elapsed=00:01:00 | stage_eta=00:00:34
2026-08-20 07:46:25 | INFO    | VAL | epoch=051/060 | batch=00250/00312 | loss=7.813334e-01 | stage_elapsed=00:01:16 | stage_eta=00:00:19
2026-08-20 07:46:39 | INFO    | VAL | epoch=051/060 | batch=00300/00312 | loss=7.951839e-01 | stage_elapsed=00:01:30 | stage_eta=00:00:04
2026-08-20 07:46:42 | INFO    | VAL | epoch=051/060 | batch=00312/00312 | loss=7.425787e-01 | stage_elapsed=00:01:33 | stage_eta=00:00:00
2026-08-20 07:46:44 | INFO    | Epoch 051 complete | train=6.001445e-01 | val=7.752354e-01 | best=7.752354e-01 | lr=1.000e-04 | epoch_time=00:17:26 | run_elapsed=14:33:45 | eta=02:34:12 | finish=2026-08-20 10:20:56 CST
2026-08-20 07:47:15 | INFO    | TRAIN | epoch=052/060 | batch=00050/01562 | loss=5.802941e-01 | stage_elapsed=00:00:31 | stage_eta=00:15:32
2026-08-20 07:47:46 | INFO    | TRAIN | epoch=052/060 | batch=00100/01562 | loss=6.030348e-01 | stage_elapsed=00:01:02 | stage_eta=00:14:59
2026-08-20 07:48:15 | INFO    | TRAIN | epoch=052/060 | batch=00150/01562 | loss=5.895739e-01 | stage_elapsed=00:01:30 | stage_eta=00:14:11
2026-08-20 07:48:47 | INFO    | TRAIN | epoch=052/060 | batch=00200/01562 | loss=5.815521e-01 | stage_elapsed=00:02:03 | stage_eta=00:13:58
2026-08-20 07:49:16 | INFO    | TRAIN | epoch=052/060 | batch=00250/01562 | loss=5.777605e-01 | stage_elapsed=00:02:32 | stage_eta=00:13:16
2026-08-20 07:49:48 | INFO    | TRAIN | epoch=052/060 | batch=00300/01562 | loss=6.196564e-01 | stage_elapsed=00:03:03 | stage_eta=00:12:51
2026-08-20 07:50:19 | INFO    | TRAIN | epoch=052/060 | batch=00350/01562 | loss=5.907544e-01 | stage_elapsed=00:03:35 | stage_eta=00:12:23
2026-08-20 07:50:48 | INFO    | TRAIN | epoch=052/060 | batch=00400/01562 | loss=6.099408e-01 | stage_elapsed=00:04:04 | stage_eta=00:11:47
2026-08-20 07:51:21 | INFO    | TRAIN | epoch=052/060 | batch=00450/01562 | loss=5.868582e-01 | stage_elapsed=00:04:37 | stage_eta=00:11:24
2026-08-20 07:51:49 | INFO    | TRAIN | epoch=052/060 | batch=00500/01562 | loss=5.744755e-01 | stage_elapsed=00:05:05 | stage_eta=00:10:48
2026-08-20 07:52:20 | INFO    | TRAIN | epoch=052/060 | batch=00550/01562 | loss=5.762376e-01 | stage_elapsed=00:05:36 | stage_eta=00:10:17
2026-08-20 07:52:52 | INFO    | TRAIN | epoch=052/060 | batch=00600/01562 | loss=6.133472e-01 | stage_elapsed=00:06:08 | stage_eta=00:09:49
2026-08-20 07:53:20 | INFO    | TRAIN | epoch=052/060 | batch=00650/01562 | loss=5.947598e-01 | stage_elapsed=00:06:36 | stage_eta=00:09:16
2026-08-20 07:53:53 | INFO    | TRAIN | epoch=052/060 | batch=00700/01562 | loss=6.004841e-01 | stage_elapsed=00:07:08 | stage_eta=00:08:48
2026-08-20 07:54:22 | INFO    | TRAIN | epoch=052/060 | batch=00750/01562 | loss=6.072060e-01 | stage_elapsed=00:07:38 | stage_eta=00:08:16
2026-08-20 07:54:52 | INFO    | TRAIN | epoch=052/060 | batch=00800/01562 | loss=6.121552e-01 | stage_elapsed=00:08:08 | stage_eta=00:07:45
2026-08-20 07:55:24 | INFO    | TRAIN | epoch=052/060 | batch=00850/01562 | loss=6.037472e-01 | stage_elapsed=00:08:40 | stage_eta=00:07:15
2026-08-20 07:55:52 | INFO    | TRAIN | epoch=052/060 | batch=00900/01562 | loss=5.901918e-01 | stage_elapsed=00:09:08 | stage_eta=00:06:43
2026-08-20 07:56:25 | INFO    | TRAIN | epoch=052/060 | batch=00950/01562 | loss=5.976333e-01 | stage_elapsed=00:09:40 | stage_eta=00:06:14
2026-08-20 07:56:54 | INFO    | TRAIN | epoch=052/060 | batch=01000/01562 | loss=5.996673e-01 | stage_elapsed=00:10:10 | stage_eta=00:05:43
2026-08-20 07:57:24 | INFO    | TRAIN | epoch=052/060 | batch=01050/01562 | loss=5.815662e-01 | stage_elapsed=00:10:40 | stage_eta=00:05:12
2026-08-20 07:57:56 | INFO    | TRAIN | epoch=052/060 | batch=01100/01562 | loss=5.951337e-01 | stage_elapsed=00:11:11 | stage_eta=00:04:42
2026-08-20 07:58:24 | INFO    | TRAIN | epoch=052/060 | batch=01150/01562 | loss=6.091682e-01 | stage_elapsed=00:11:40 | stage_eta=00:04:11
2026-08-20 07:58:56 | INFO    | TRAIN | epoch=052/060 | batch=01200/01562 | loss=5.737273e-01 | stage_elapsed=00:12:12 | stage_eta=00:03:41
2026-08-20 07:59:25 | INFO    | TRAIN | epoch=052/060 | batch=01250/01562 | loss=5.834431e-01 | stage_elapsed=00:12:41 | stage_eta=00:03:10
2026-08-20 07:59:56 | INFO    | TRAIN | epoch=052/060 | batch=01300/01562 | loss=5.895429e-01 | stage_elapsed=00:13:11 | stage_eta=00:02:39
2026-08-20 08:00:28 | INFO    | TRAIN | epoch=052/060 | batch=01350/01562 | loss=5.693334e-01 | stage_elapsed=00:13:43 | stage_eta=00:02:09
2026-08-20 08:00:56 | INFO    | TRAIN | epoch=052/060 | batch=01400/01562 | loss=6.087133e-01 | stage_elapsed=00:14:12 | stage_eta=00:01:39
2026-08-20 08:01:28 | INFO    | TRAIN | epoch=052/060 | batch=01450/01562 | loss=6.071648e-01 | stage_elapsed=00:14:44 | stage_eta=00:01:08
2026-08-20 08:01:58 | INFO    | TRAIN | epoch=052/060 | batch=01500/01562 | loss=5.842633e-01 | stage_elapsed=00:15:14 | stage_eta=00:00:38
2026-08-20 08:02:28 | INFO    | TRAIN | epoch=052/060 | batch=01550/01562 | loss=6.046586e-01 | stage_elapsed=00:15:44 | stage_eta=00:00:07
2026-08-20 08:02:36 | INFO    | TRAIN | epoch=052/060 | batch=01562/01562 | loss=6.229638e-01 | stage_elapsed=00:15:52 | stage_eta=00:00:00
2026-08-20 08:02:52 | INFO    | VAL | epoch=052/060 | batch=00050/00312 | loss=8.027171e-01 | stage_elapsed=00:00:16 | stage_eta=00:01:22
2026-08-20 08:03:06 | INFO    | VAL | epoch=052/060 | batch=00100/00312 | loss=7.145337e-01 | stage_elapsed=00:00:30 | stage_eta=00:01:03
2026-08-20 08:03:20 | INFO    | VAL | epoch=052/060 | batch=00150/00312 | loss=7.959655e-01 | stage_elapsed=00:00:44 | stage_eta=00:00:48
2026-08-20 08:03:35 | INFO    | VAL | epoch=052/060 | batch=00200/00312 | loss=7.568257e-01 | stage_elapsed=00:01:00 | stage_eta=00:00:33
2026-08-20 08:03:52 | INFO    | VAL | epoch=052/060 | batch=00250/00312 | loss=7.766442e-01 | stage_elapsed=00:01:16 | stage_eta=00:00:19
2026-08-20 08:04:06 | INFO    | VAL | epoch=052/060 | batch=00300/00312 | loss=7.905610e-01 | stage_elapsed=00:01:30 | stage_eta=00:00:04
2026-08-20 08:04:10 | INFO    | VAL | epoch=052/060 | batch=00312/00312 | loss=7.447867e-01 | stage_elapsed=00:01:34 | stage_eta=00:00:00
2026-08-20 08:04:12 | INFO    | Epoch 052 complete | train=5.968548e-01 | val=7.747479e-01 | best=7.747479e-01 | lr=1.000e-04 | epoch_time=00:17:27 | run_elapsed=14:51:13 | eta=02:17:07 | finish=2026-08-20 10:21:18 CST
2026-08-20 08:04:41 | INFO    | TRAIN | epoch=053/060 | batch=00050/01562 | loss=5.975544e-01 | stage_elapsed=00:00:29 | stage_eta=00:14:48
2026-08-20 08:05:14 | INFO    | TRAIN | epoch=053/060 | batch=00100/01562 | loss=5.892195e-01 | stage_elapsed=00:01:02 | stage_eta=00:15:08
2026-08-20 08:05:43 | INFO    | TRAIN | epoch=053/060 | batch=00150/01562 | loss=5.899390e-01 | stage_elapsed=00:01:31 | stage_eta=00:14:18
2026-08-20 08:06:14 | INFO    | TRAIN | epoch=053/060 | batch=00200/01562 | loss=6.126027e-01 | stage_elapsed=00:02:02 | stage_eta=00:13:53
2026-08-20 08:06:44 | INFO    | TRAIN | epoch=053/060 | batch=00250/01562 | loss=5.805775e-01 | stage_elapsed=00:02:32 | stage_eta=00:13:19
2026-08-20 08:07:13 | INFO    | TRAIN | epoch=053/060 | batch=00300/01562 | loss=6.047441e-01 | stage_elapsed=00:03:01 | stage_eta=00:12:43
2026-08-20 08:07:46 | INFO    | TRAIN | epoch=053/060 | batch=00350/01562 | loss=5.876156e-01 | stage_elapsed=00:03:34 | stage_eta=00:12:22
2026-08-20 08:08:15 | INFO    | TRAIN | epoch=053/060 | batch=00400/01562 | loss=5.966219e-01 | stage_elapsed=00:04:03 | stage_eta=00:11:47
2026-08-20 08:08:46 | INFO    | TRAIN | epoch=053/060 | batch=00450/01562 | loss=5.905477e-01 | stage_elapsed=00:04:35 | stage_eta=00:11:19
2026-08-20 08:09:17 | INFO    | TRAIN | epoch=053/060 | batch=00500/01562 | loss=5.842425e-01 | stage_elapsed=00:05:05 | stage_eta=00:10:48
2026-08-20 08:09:46 | INFO    | TRAIN | epoch=053/060 | batch=00550/01562 | loss=6.002982e-01 | stage_elapsed=00:05:34 | stage_eta=00:10:15
2026-08-20 08:10:19 | INFO    | TRAIN | epoch=053/060 | batch=00600/01562 | loss=5.919651e-01 | stage_elapsed=00:06:07 | stage_eta=00:09:48
2026-08-20 08:10:47 | INFO    | TRAIN | epoch=053/060 | batch=00650/01562 | loss=6.064285e-01 | stage_elapsed=00:06:36 | stage_eta=00:09:15
2026-08-20 08:11:19 | INFO    | TRAIN | epoch=053/060 | batch=00700/01562 | loss=6.104567e-01 | stage_elapsed=00:07:07 | stage_eta=00:08:46
2026-08-20 08:11:50 | INFO    | TRAIN | epoch=053/060 | batch=00750/01562 | loss=6.067207e-01 | stage_elapsed=00:07:38 | stage_eta=00:08:16
2026-08-20 08:12:18 | INFO    | TRAIN | epoch=053/060 | batch=00800/01562 | loss=5.867798e-01 | stage_elapsed=00:08:07 | stage_eta=00:07:44
2026-08-20 08:12:52 | INFO    | TRAIN | epoch=053/060 | batch=00850/01562 | loss=5.727118e-01 | stage_elapsed=00:08:40 | stage_eta=00:07:16
2026-08-20 08:13:20 | INFO    | TRAIN | epoch=053/060 | batch=00900/01562 | loss=5.866635e-01 | stage_elapsed=00:09:09 | stage_eta=00:06:44
2026-08-20 08:13:51 | INFO    | TRAIN | epoch=053/060 | batch=00950/01562 | loss=6.109825e-01 | stage_elapsed=00:09:39 | stage_eta=00:06:13
2026-08-20 08:14:22 | INFO    | TRAIN | epoch=053/060 | batch=01000/01562 | loss=5.800170e-01 | stage_elapsed=00:10:11 | stage_eta=00:05:43
2026-08-20 08:14:51 | INFO    | TRAIN | epoch=053/060 | batch=01050/01562 | loss=5.964437e-01 | stage_elapsed=00:10:39 | stage_eta=00:05:12
2026-08-20 08:15:24 | INFO    | TRAIN | epoch=053/060 | batch=01100/01562 | loss=5.980713e-01 | stage_elapsed=00:11:12 | stage_eta=00:04:42
2026-08-20 08:15:52 | INFO    | TRAIN | epoch=053/060 | batch=01150/01562 | loss=5.914336e-01 | stage_elapsed=00:11:40 | stage_eta=00:04:11
2026-08-20 08:16:24 | INFO    | TRAIN | epoch=053/060 | batch=01200/01562 | loss=5.969536e-01 | stage_elapsed=00:12:12 | stage_eta=00:03:41
2026-08-20 08:16:54 | INFO    | TRAIN | epoch=053/060 | batch=01250/01562 | loss=5.882920e-01 | stage_elapsed=00:12:43 | stage_eta=00:03:10
2026-08-20 08:17:23 | INFO    | TRAIN | epoch=053/060 | batch=01300/01562 | loss=5.824068e-01 | stage_elapsed=00:13:12 | stage_eta=00:02:40
2026-08-20 08:17:56 | INFO    | TRAIN | epoch=053/060 | batch=01350/01562 | loss=5.840474e-01 | stage_elapsed=00:13:44 | stage_eta=00:02:09
2026-08-20 08:18:25 | INFO    | TRAIN | epoch=053/060 | batch=01400/01562 | loss=6.289026e-01 | stage_elapsed=00:14:13 | stage_eta=00:01:39
2026-08-20 08:18:56 | INFO    | TRAIN | epoch=053/060 | batch=01450/01562 | loss=5.717201e-01 | stage_elapsed=00:14:45 | stage_eta=00:01:08
2026-08-20 08:19:27 | INFO    | TRAIN | epoch=053/060 | batch=01500/01562 | loss=6.122483e-01 | stage_elapsed=00:15:16 | stage_eta=00:00:38
2026-08-20 08:19:56 | INFO    | TRAIN | epoch=053/060 | batch=01550/01562 | loss=5.906117e-01 | stage_elapsed=00:15:44 | stage_eta=00:00:07
2026-08-20 08:20:04 | INFO    | TRAIN | epoch=053/060 | batch=01562/01562 | loss=5.781552e-01 | stage_elapsed=00:15:52 | stage_eta=00:00:00
2026-08-20 08:20:20 | INFO    | VAL | epoch=053/060 | batch=00050/00312 | loss=8.071037e-01 | stage_elapsed=00:00:17 | stage_eta=00:01:27
2026-08-20 08:20:35 | INFO    | VAL | epoch=053/060 | batch=00100/00312 | loss=7.149665e-01 | stage_elapsed=00:00:32 | stage_eta=00:01:08
2026-08-20 08:20:50 | INFO    | VAL | epoch=053/060 | batch=00150/00312 | loss=7.958995e-01 | stage_elapsed=00:00:46 | stage_eta=00:00:50
2026-08-20 08:21:04 | INFO    | VAL | epoch=053/060 | batch=00200/00312 | loss=7.551013e-01 | stage_elapsed=00:01:00 | stage_eta=00:00:34
2026-08-20 08:21:19 | INFO    | VAL | epoch=053/060 | batch=00250/00312 | loss=7.786558e-01 | stage_elapsed=00:01:15 | stage_eta=00:00:19
2026-08-20 08:21:36 | INFO    | VAL | epoch=053/060 | batch=00300/00312 | loss=7.914122e-01 | stage_elapsed=00:01:32 | stage_eta=00:00:04
2026-08-20 08:21:40 | INFO    | VAL | epoch=053/060 | batch=00312/00312 | loss=7.401991e-01 | stage_elapsed=00:01:36 | stage_eta=00:00:00
2026-08-20 08:21:41 | INFO    | Epoch 053 complete | train=5.936408e-01 | val=7.740434e-01 | best=7.740434e-01 | lr=1.000e-04 | epoch_time=00:17:29 | run_elapsed=15:08:42 | eta=02:00:01 | finish=2026-08-20 10:21:42 CST
2026-08-20 08:22:10 | INFO    | TRAIN | epoch=054/060 | batch=00050/01562 | loss=5.597230e-01 | stage_elapsed=00:00:29 | stage_eta=00:14:41
2026-08-20 08:22:41 | INFO    | TRAIN | epoch=054/060 | batch=00100/01562 | loss=5.668159e-01 | stage_elapsed=00:01:00 | stage_eta=00:14:33
2026-08-20 08:23:11 | INFO    | TRAIN | epoch=054/060 | batch=00150/01562 | loss=5.977631e-01 | stage_elapsed=00:01:30 | stage_eta=00:14:11
2026-08-20 08:23:40 | INFO    | TRAIN | epoch=054/060 | batch=00200/01562 | loss=5.819798e-01 | stage_elapsed=00:01:59 | stage_eta=00:13:30
2026-08-20 08:24:13 | INFO    | TRAIN | epoch=054/060 | batch=00250/01562 | loss=6.003562e-01 | stage_elapsed=00:02:32 | stage_eta=00:13:18
2026-08-20 08:24:42 | INFO    | TRAIN | epoch=054/060 | batch=00300/01562 | loss=5.989829e-01 | stage_elapsed=00:03:01 | stage_eta=00:12:39
2026-08-20 08:25:13 | INFO    | TRAIN | epoch=054/060 | batch=00350/01562 | loss=5.801919e-01 | stage_elapsed=00:03:32 | stage_eta=00:12:13
2026-08-20 08:25:44 | INFO    | TRAIN | epoch=054/060 | batch=00400/01562 | loss=5.860619e-01 | stage_elapsed=00:04:03 | stage_eta=00:11:45
2026-08-20 08:26:12 | INFO    | TRAIN | epoch=054/060 | batch=00450/01562 | loss=6.058779e-01 | stage_elapsed=00:04:31 | stage_eta=00:11:10
2026-08-20 08:26:45 | INFO    | TRAIN | epoch=054/060 | batch=00500/01562 | loss=5.832772e-01 | stage_elapsed=00:05:04 | stage_eta=00:10:46
2026-08-20 08:27:14 | INFO    | TRAIN | epoch=054/060 | batch=00550/01562 | loss=5.873747e-01 | stage_elapsed=00:05:33 | stage_eta=00:10:12
2026-08-20 08:27:45 | INFO    | TRAIN | epoch=054/060 | batch=00600/01562 | loss=5.852037e-01 | stage_elapsed=00:06:04 | stage_eta=00:09:44
2026-08-20 08:28:15 | INFO    | TRAIN | epoch=054/060 | batch=00650/01562 | loss=6.072275e-01 | stage_elapsed=00:06:34 | stage_eta=00:09:13
2026-08-20 08:28:45 | INFO    | TRAIN | epoch=054/060 | batch=00700/01562 | loss=5.883909e-01 | stage_elapsed=00:07:04 | stage_eta=00:08:42
2026-08-20 08:29:17 | INFO    | TRAIN | epoch=054/060 | batch=00750/01562 | loss=5.796463e-01 | stage_elapsed=00:07:36 | stage_eta=00:08:13
2026-08-20 08:29:45 | INFO    | TRAIN | epoch=054/060 | batch=00800/01562 | loss=6.015559e-01 | stage_elapsed=00:08:04 | stage_eta=00:07:41
2026-08-20 08:30:18 | INFO    | TRAIN | epoch=054/060 | batch=00850/01562 | loss=5.859294e-01 | stage_elapsed=00:08:37 | stage_eta=00:07:13
2026-08-20 08:30:47 | INFO    | TRAIN | epoch=054/060 | batch=00900/01562 | loss=5.801553e-01 | stage_elapsed=00:09:06 | stage_eta=00:06:42
2026-08-20 08:31:17 | INFO    | TRAIN | epoch=054/060 | batch=00950/01562 | loss=5.950826e-01 | stage_elapsed=00:09:36 | stage_eta=00:06:11
2026-08-20 08:31:48 | INFO    | TRAIN | epoch=054/060 | batch=01000/01562 | loss=5.972713e-01 | stage_elapsed=00:10:07 | stage_eta=00:05:41
2026-08-20 08:32:17 | INFO    | TRAIN | epoch=054/060 | batch=01050/01562 | loss=6.203457e-01 | stage_elapsed=00:10:36 | stage_eta=00:05:10
2026-08-20 08:32:50 | INFO    | TRAIN | epoch=054/060 | batch=01100/01562 | loss=5.915472e-01 | stage_elapsed=00:11:09 | stage_eta=00:04:41
2026-08-20 08:33:19 | INFO    | TRAIN | epoch=054/060 | batch=01150/01562 | loss=5.785826e-01 | stage_elapsed=00:11:38 | stage_eta=00:04:10
2026-08-20 08:33:50 | INFO    | TRAIN | epoch=054/060 | batch=01200/01562 | loss=6.025884e-01 | stage_elapsed=00:12:09 | stage_eta=00:03:40
2026-08-20 08:34:21 | INFO    | TRAIN | epoch=054/060 | batch=01250/01562 | loss=5.909914e-01 | stage_elapsed=00:12:40 | stage_eta=00:03:10
2026-08-20 08:34:50 | INFO    | TRAIN | epoch=054/060 | batch=01300/01562 | loss=5.913953e-01 | stage_elapsed=00:13:09 | stage_eta=00:02:39
2026-08-20 08:35:23 | INFO    | TRAIN | epoch=054/060 | batch=01350/01562 | loss=6.081725e-01 | stage_elapsed=00:13:42 | stage_eta=00:02:09
2026-08-20 08:35:52 | INFO    | TRAIN | epoch=054/060 | batch=01400/01562 | loss=5.930395e-01 | stage_elapsed=00:14:11 | stage_eta=00:01:38
2026-08-20 08:36:23 | INFO    | TRAIN | epoch=054/060 | batch=01450/01562 | loss=5.749969e-01 | stage_elapsed=00:14:42 | stage_eta=00:01:08
2026-08-20 08:36:53 | INFO    | TRAIN | epoch=054/060 | batch=01500/01562 | loss=6.121066e-01 | stage_elapsed=00:15:12 | stage_eta=00:00:38
2026-08-20 08:37:23 | INFO    | TRAIN | epoch=054/060 | batch=01550/01562 | loss=6.105410e-01 | stage_elapsed=00:15:42 | stage_eta=00:00:07
2026-08-20 08:37:30 | INFO    | TRAIN | epoch=054/060 | batch=01562/01562 | loss=5.931534e-01 | stage_elapsed=00:15:49 | stage_eta=00:00:00
2026-08-20 08:37:47 | INFO    | VAL | epoch=054/060 | batch=00050/00312 | loss=8.059585e-01 | stage_elapsed=00:00:17 | stage_eta=00:01:28
2026-08-20 08:38:03 | INFO    | VAL | epoch=054/060 | batch=00100/00312 | loss=7.165188e-01 | stage_elapsed=00:00:33 | stage_eta=00:01:09
2026-08-20 08:38:18 | INFO    | VAL | epoch=054/060 | batch=00150/00312 | loss=7.944552e-01 | stage_elapsed=00:00:47 | stage_eta=00:00:51
2026-08-20 08:38:32 | INFO    | VAL | epoch=054/060 | batch=00200/00312 | loss=7.560455e-01 | stage_elapsed=00:01:01 | stage_eta=00:00:34
2026-08-20 08:38:46 | INFO    | VAL | epoch=054/060 | batch=00250/00312 | loss=7.765358e-01 | stage_elapsed=00:01:16 | stage_eta=00:00:19
2026-08-20 08:39:03 | INFO    | VAL | epoch=054/060 | batch=00300/00312 | loss=7.876956e-01 | stage_elapsed=00:01:32 | stage_eta=00:00:04
2026-08-20 08:39:07 | INFO    | VAL | epoch=054/060 | batch=00312/00312 | loss=7.401016e-01 | stage_elapsed=00:01:36 | stage_eta=00:00:00
2026-08-20 08:39:08 | INFO    | Epoch 054 complete | train=5.906767e-01 | val=7.725995e-01 | best=7.725995e-01 | lr=1.000e-04 | epoch_time=00:17:27 | run_elapsed=15:26:09 | eta=01:42:54 | finish=2026-08-20 10:22:03 CST
2026-08-20 08:39:38 | INFO    | TRAIN | epoch=055/060 | batch=00050/01562 | loss=5.851823e-01 | stage_elapsed=00:00:30 | stage_eta=00:15:09
2026-08-20 08:40:08 | INFO    | TRAIN | epoch=055/060 | batch=00100/01562 | loss=5.601871e-01 | stage_elapsed=00:01:00 | stage_eta=00:14:31
2026-08-20 08:40:41 | INFO    | TRAIN | epoch=055/060 | batch=00150/01562 | loss=5.925249e-01 | stage_elapsed=00:01:32 | stage_eta=00:14:28
2026-08-20 08:41:09 | INFO    | TRAIN | epoch=055/060 | batch=00200/01562 | loss=5.485426e-01 | stage_elapsed=00:02:01 | stage_eta=00:13:44
2026-08-20 08:41:41 | INFO    | TRAIN | epoch=055/060 | batch=00250/01562 | loss=5.859811e-01 | stage_elapsed=00:02:33 | stage_eta=00:13:23
2026-08-20 08:42:11 | INFO    | TRAIN | epoch=055/060 | batch=00300/01562 | loss=6.020961e-01 | stage_elapsed=00:03:03 | stage_eta=00:12:49
2026-08-20 08:42:41 | INFO    | TRAIN | epoch=055/060 | batch=00350/01562 | loss=5.929109e-01 | stage_elapsed=00:03:32 | stage_eta=00:12:16
2026-08-20 08:43:12 | INFO    | TRAIN | epoch=055/060 | batch=00400/01562 | loss=5.937456e-01 | stage_elapsed=00:04:03 | stage_eta=00:11:47
2026-08-20 08:43:40 | INFO    | TRAIN | epoch=055/060 | batch=00450/01562 | loss=5.523819e-01 | stage_elapsed=00:04:32 | stage_eta=00:11:12
2026-08-20 08:44:14 | INFO    | TRAIN | epoch=055/060 | batch=00500/01562 | loss=5.746379e-01 | stage_elapsed=00:05:05 | stage_eta=00:10:48
2026-08-20 08:44:42 | INFO    | TRAIN | epoch=055/060 | batch=00550/01562 | loss=5.973424e-01 | stage_elapsed=00:05:34 | stage_eta=00:10:15
2026-08-20 08:45:14 | INFO    | TRAIN | epoch=055/060 | batch=00600/01562 | loss=5.780112e-01 | stage_elapsed=00:06:05 | stage_eta=00:09:46
2026-08-20 08:45:45 | INFO    | TRAIN | epoch=055/060 | batch=00650/01562 | loss=5.735438e-01 | stage_elapsed=00:06:36 | stage_eta=00:09:16
2026-08-20 08:46:14 | INFO    | TRAIN | epoch=055/060 | batch=00700/01562 | loss=6.121374e-01 | stage_elapsed=00:07:05 | stage_eta=00:08:44
2026-08-20 08:46:47 | INFO    | TRAIN | epoch=055/060 | batch=00750/01562 | loss=5.930890e-01 | stage_elapsed=00:07:38 | stage_eta=00:08:16
2026-08-20 08:47:15 | INFO    | TRAIN | epoch=055/060 | batch=00800/01562 | loss=5.700821e-01 | stage_elapsed=00:08:07 | stage_eta=00:07:44
2026-08-20 08:47:46 | INFO    | TRAIN | epoch=055/060 | batch=00850/01562 | loss=5.908609e-01 | stage_elapsed=00:08:38 | stage_eta=00:07:14
2026-08-20 08:48:17 | INFO    | TRAIN | epoch=055/060 | batch=00900/01562 | loss=5.828170e-01 | stage_elapsed=00:09:08 | stage_eta=00:06:43
2026-08-20 08:48:46 | INFO    | TRAIN | epoch=055/060 | batch=00950/01562 | loss=6.001196e-01 | stage_elapsed=00:09:38 | stage_eta=00:06:12
2026-08-20 08:49:18 | INFO    | TRAIN | epoch=055/060 | batch=01000/01562 | loss=5.894102e-01 | stage_elapsed=00:10:10 | stage_eta=00:05:43
2026-08-20 08:49:47 | INFO    | TRAIN | epoch=055/060 | batch=01050/01562 | loss=5.922391e-01 | stage_elapsed=00:10:39 | stage_eta=00:05:11
2026-08-20 08:50:19 | INFO    | TRAIN | epoch=055/060 | batch=01100/01562 | loss=5.918852e-01 | stage_elapsed=00:11:11 | stage_eta=00:04:42
2026-08-20 08:50:49 | INFO    | TRAIN | epoch=055/060 | batch=01150/01562 | loss=6.019952e-01 | stage_elapsed=00:11:41 | stage_eta=00:04:11
2026-08-20 08:51:19 | INFO    | TRAIN | epoch=055/060 | batch=01200/01562 | loss=5.614036e-01 | stage_elapsed=00:12:11 | stage_eta=00:03:40
2026-08-20 08:51:52 | INFO    | TRAIN | epoch=055/060 | batch=01250/01562 | loss=5.658194e-01 | stage_elapsed=00:12:43 | stage_eta=00:03:10
2026-08-20 08:52:20 | INFO    | TRAIN | epoch=055/060 | batch=01300/01562 | loss=5.870908e-01 | stage_elapsed=00:13:12 | stage_eta=00:02:40
2026-08-20 08:52:52 | INFO    | TRAIN | epoch=055/060 | batch=01350/01562 | loss=6.096214e-01 | stage_elapsed=00:13:44 | stage_eta=00:02:09
2026-08-20 08:53:22 | INFO    | TRAIN | epoch=055/060 | batch=01400/01562 | loss=6.214004e-01 | stage_elapsed=00:14:14 | stage_eta=00:01:39
2026-08-20 08:53:52 | INFO    | TRAIN | epoch=055/060 | batch=01450/01562 | loss=5.821631e-01 | stage_elapsed=00:14:43 | stage_eta=00:01:08
2026-08-20 08:54:23 | INFO    | TRAIN | epoch=055/060 | batch=01500/01562 | loss=5.802629e-01 | stage_elapsed=00:15:15 | stage_eta=00:00:38
2026-08-20 08:54:52 | INFO    | TRAIN | epoch=055/060 | batch=01550/01562 | loss=6.013442e-01 | stage_elapsed=00:15:44 | stage_eta=00:00:07
2026-08-20 08:55:00 | INFO    | TRAIN | epoch=055/060 | batch=01562/01562 | loss=5.819306e-01 | stage_elapsed=00:15:51 | stage_eta=00:00:00
2026-08-20 08:55:16 | INFO    | VAL | epoch=055/060 | batch=00050/00312 | loss=8.024080e-01 | stage_elapsed=00:00:17 | stage_eta=00:01:27
2026-08-20 08:55:33 | INFO    | VAL | epoch=055/060 | batch=00100/00312 | loss=7.105312e-01 | stage_elapsed=00:00:33 | stage_eta=00:01:10
2026-08-20 08:55:47 | INFO    | VAL | epoch=055/060 | batch=00150/00312 | loss=7.927957e-01 | stage_elapsed=00:00:47 | stage_eta=00:00:51
2026-08-20 08:56:02 | INFO    | VAL | epoch=055/060 | batch=00200/00312 | loss=7.530947e-01 | stage_elapsed=00:01:02 | stage_eta=00:00:35
2026-08-20 08:56:16 | INFO    | VAL | epoch=055/060 | batch=00250/00312 | loss=7.745649e-01 | stage_elapsed=00:01:16 | stage_eta=00:00:19
2026-08-20 08:56:33 | INFO    | VAL | epoch=055/060 | batch=00300/00312 | loss=7.916880e-01 | stage_elapsed=00:01:33 | stage_eta=00:00:04
2026-08-20 08:56:37 | INFO    | VAL | epoch=055/060 | batch=00312/00312 | loss=7.383547e-01 | stage_elapsed=00:01:37 | stage_eta=00:00:00
2026-08-20 08:56:38 | INFO    | Epoch 055 complete | train=5.879351e-01 | val=7.717873e-01 | best=7.717873e-01 | lr=1.000e-04 | epoch_time=00:17:30 | run_elapsed=15:43:39 | eta=01:25:47 | finish=2026-08-20 10:22:26 CST
2026-08-20 08:57:09 | INFO    | TRAIN | epoch=056/060 | batch=00050/01562 | loss=5.756102e-01 | stage_elapsed=00:00:30 | stage_eta=00:15:11
2026-08-20 08:57:38 | INFO    | TRAIN | epoch=056/060 | batch=00100/01562 | loss=5.828325e-01 | stage_elapsed=00:01:00 | stage_eta=00:14:35
2026-08-20 08:58:10 | INFO    | TRAIN | epoch=056/060 | batch=00150/01562 | loss=5.624900e-01 | stage_elapsed=00:01:31 | stage_eta=00:14:21
2026-08-20 08:58:39 | INFO    | TRAIN | epoch=056/060 | batch=00200/01562 | loss=5.869356e-01 | stage_elapsed=00:02:00 | stage_eta=00:13:39
2026-08-20 08:59:11 | INFO    | TRAIN | epoch=056/060 | batch=00250/01562 | loss=5.850972e-01 | stage_elapsed=00:02:33 | stage_eta=00:13:21
2026-08-20 08:59:39 | INFO    | TRAIN | epoch=056/060 | batch=00300/01562 | loss=6.079236e-01 | stage_elapsed=00:03:01 | stage_eta=00:12:41
2026-08-20 09:00:11 | INFO    | TRAIN | epoch=056/060 | batch=00350/01562 | loss=5.839885e-01 | stage_elapsed=00:03:32 | stage_eta=00:12:15
2026-08-20 09:00:41 | INFO    | TRAIN | epoch=056/060 | batch=00400/01562 | loss=5.830052e-01 | stage_elapsed=00:04:03 | stage_eta=00:11:45
2026-08-20 09:01:10 | INFO    | TRAIN | epoch=056/060 | batch=00450/01562 | loss=6.035548e-01 | stage_elapsed=00:04:32 | stage_eta=00:11:12
2026-08-20 09:01:43 | INFO    | TRAIN | epoch=056/060 | batch=00500/01562 | loss=5.998260e-01 | stage_elapsed=00:05:04 | stage_eta=00:10:46
2026-08-20 09:02:12 | INFO    | TRAIN | epoch=056/060 | batch=00550/01562 | loss=5.866103e-01 | stage_elapsed=00:05:33 | stage_eta=00:10:13
2026-08-20 09:02:44 | INFO    | TRAIN | epoch=056/060 | batch=00600/01562 | loss=5.979902e-01 | stage_elapsed=00:06:05 | stage_eta=00:09:45
2026-08-20 09:03:14 | INFO    | TRAIN | epoch=056/060 | batch=00650/01562 | loss=6.029097e-01 | stage_elapsed=00:06:36 | stage_eta=00:09:15
2026-08-20 09:03:43 | INFO    | TRAIN | epoch=056/060 | batch=00700/01562 | loss=5.916298e-01 | stage_elapsed=00:07:05 | stage_eta=00:08:43
2026-08-20 09:04:17 | INFO    | TRAIN | epoch=056/060 | batch=00750/01562 | loss=5.846551e-01 | stage_elapsed=00:07:38 | stage_eta=00:08:16
2026-08-20 09:04:46 | INFO    | TRAIN | epoch=056/060 | batch=00800/01562 | loss=5.902593e-01 | stage_elapsed=00:08:07 | stage_eta=00:07:44
2026-08-20 09:05:17 | INFO    | TRAIN | epoch=056/060 | batch=00850/01562 | loss=5.926844e-01 | stage_elapsed=00:08:38 | stage_eta=00:07:14
2026-08-20 09:05:47 | INFO    | TRAIN | epoch=056/060 | batch=00900/01562 | loss=5.968246e-01 | stage_elapsed=00:09:08 | stage_eta=00:06:43
2026-08-20 09:06:17 | INFO    | TRAIN | epoch=056/060 | batch=00950/01562 | loss=5.681273e-01 | stage_elapsed=00:09:38 | stage_eta=00:06:13
2026-08-20 09:06:50 | INFO    | TRAIN | epoch=056/060 | batch=01000/01562 | loss=6.113838e-01 | stage_elapsed=00:10:11 | stage_eta=00:05:44
2026-08-20 09:07:18 | INFO    | TRAIN | epoch=056/060 | batch=01050/01562 | loss=6.127007e-01 | stage_elapsed=00:10:40 | stage_eta=00:05:12
2026-08-20 09:07:50 | INFO    | TRAIN | epoch=056/060 | batch=01100/01562 | loss=5.762349e-01 | stage_elapsed=00:11:11 | stage_eta=00:04:42
2026-08-20 09:08:20 | INFO    | TRAIN | epoch=056/060 | batch=01150/01562 | loss=5.781140e-01 | stage_elapsed=00:11:41 | stage_eta=00:04:11
2026-08-20 09:08:49 | INFO    | TRAIN | epoch=056/060 | batch=01200/01562 | loss=5.953484e-01 | stage_elapsed=00:12:11 | stage_eta=00:03:41
2026-08-20 09:09:22 | INFO    | TRAIN | epoch=056/060 | batch=01250/01562 | loss=5.707436e-01 | stage_elapsed=00:12:44 | stage_eta=00:03:11
2026-08-20 09:09:51 | INFO    | TRAIN | epoch=056/060 | batch=01300/01562 | loss=5.581607e-01 | stage_elapsed=00:13:13 | stage_eta=00:02:40
2026-08-20 09:10:23 | INFO    | TRAIN | epoch=056/060 | batch=01350/01562 | loss=5.777948e-01 | stage_elapsed=00:13:45 | stage_eta=00:02:09
2026-08-20 09:10:53 | INFO    | TRAIN | epoch=056/060 | batch=01400/01562 | loss=6.024664e-01 | stage_elapsed=00:14:15 | stage_eta=00:01:39
2026-08-20 09:11:23 | INFO    | TRAIN | epoch=056/060 | batch=01450/01562 | loss=5.660881e-01 | stage_elapsed=00:14:44 | stage_eta=00:01:08
2026-08-20 09:11:56 | INFO    | TRAIN | epoch=056/060 | batch=01500/01562 | loss=5.601332e-01 | stage_elapsed=00:15:18 | stage_eta=00:00:38
2026-08-20 09:12:25 | INFO    | TRAIN | epoch=056/060 | batch=01550/01562 | loss=5.815968e-01 | stage_elapsed=00:15:47 | stage_eta=00:00:07
2026-08-20 09:12:32 | INFO    | TRAIN | epoch=056/060 | batch=01562/01562 | loss=5.950986e-01 | stage_elapsed=00:15:54 | stage_eta=00:00:00
2026-08-20 09:12:48 | INFO    | VAL | epoch=056/060 | batch=00050/00312 | loss=8.027155e-01 | stage_elapsed=00:00:16 | stage_eta=00:01:22
2026-08-20 09:13:04 | INFO    | VAL | epoch=056/060 | batch=00100/00312 | loss=7.080932e-01 | stage_elapsed=00:00:32 | stage_eta=00:01:08
2026-08-20 09:13:19 | INFO    | VAL | epoch=056/060 | batch=00150/00312 | loss=7.884549e-01 | stage_elapsed=00:00:47 | stage_eta=00:00:51
2026-08-20 09:13:34 | INFO    | VAL | epoch=056/060 | batch=00200/00312 | loss=7.547834e-01 | stage_elapsed=00:01:02 | stage_eta=00:00:35
2026-08-20 09:13:48 | INFO    | VAL | epoch=056/060 | batch=00250/00312 | loss=7.744982e-01 | stage_elapsed=00:01:16 | stage_eta=00:00:19
2026-08-20 09:14:04 | INFO    | VAL | epoch=056/060 | batch=00300/00312 | loss=7.860312e-01 | stage_elapsed=00:01:32 | stage_eta=00:00:04
2026-08-20 09:14:08 | INFO    | VAL | epoch=056/060 | batch=00312/00312 | loss=7.366421e-01 | stage_elapsed=00:01:36 | stage_eta=00:00:00
2026-08-20 09:14:09 | INFO    | Epoch 056 complete | train=5.850636e-01 | val=7.701788e-01 | best=7.701788e-01 | lr=1.000e-04 | epoch_time=00:17:30 | run_elapsed=16:01:10 | eta=01:08:39 | finish=2026-08-20 10:22:48 CST
2026-08-20 09:14:42 | INFO    | TRAIN | epoch=057/060 | batch=00050/01562 | loss=5.698965e-01 | stage_elapsed=00:00:33 | stage_eta=00:16:39
2026-08-20 09:15:10 | INFO    | TRAIN | epoch=057/060 | batch=00100/01562 | loss=5.593902e-01 | stage_elapsed=00:01:01 | stage_eta=00:14:57
2026-08-20 09:15:42 | INFO    | TRAIN | epoch=057/060 | batch=00150/01562 | loss=5.721168e-01 | stage_elapsed=00:01:33 | stage_eta=00:14:38
2026-08-20 09:16:13 | INFO    | TRAIN | epoch=057/060 | batch=00200/01562 | loss=5.951895e-01 | stage_elapsed=00:02:04 | stage_eta=00:14:02
2026-08-20 09:16:42 | INFO    | TRAIN | epoch=057/060 | batch=00250/01562 | loss=5.866785e-01 | stage_elapsed=00:02:33 | stage_eta=00:13:24
2026-08-20 09:17:14 | INFO    | TRAIN | epoch=057/060 | batch=00300/01562 | loss=5.586312e-01 | stage_elapsed=00:03:05 | stage_eta=00:12:59
2026-08-20 09:17:43 | INFO    | TRAIN | epoch=057/060 | batch=00350/01562 | loss=5.959267e-01 | stage_elapsed=00:03:34 | stage_eta=00:12:22
2026-08-20 09:18:16 | INFO    | TRAIN | epoch=057/060 | batch=00400/01562 | loss=5.477932e-01 | stage_elapsed=00:04:07 | stage_eta=00:11:57
2026-08-20 09:18:46 | INFO    | TRAIN | epoch=057/060 | batch=00450/01562 | loss=5.698144e-01 | stage_elapsed=00:04:37 | stage_eta=00:11:24
2026-08-20 09:19:16 | INFO    | TRAIN | epoch=057/060 | batch=00500/01562 | loss=5.605032e-01 | stage_elapsed=00:05:07 | stage_eta=00:10:52
2026-08-20 09:19:48 | INFO    | TRAIN | epoch=057/060 | batch=00550/01562 | loss=5.890249e-01 | stage_elapsed=00:05:39 | stage_eta=00:10:23
2026-08-20 09:20:17 | INFO    | TRAIN | epoch=057/060 | batch=00600/01562 | loss=5.937057e-01 | stage_elapsed=00:06:08 | stage_eta=00:09:50
2026-08-20 09:20:49 | INFO    | TRAIN | epoch=057/060 | batch=00650/01562 | loss=6.098870e-01 | stage_elapsed=00:06:40 | stage_eta=00:09:22
2026-08-20 09:21:19 | INFO    | TRAIN | epoch=057/060 | batch=00700/01562 | loss=5.954669e-01 | stage_elapsed=00:07:10 | stage_eta=00:08:49
2026-08-20 09:21:49 | INFO    | TRAIN | epoch=057/060 | batch=00750/01562 | loss=5.801544e-01 | stage_elapsed=00:07:41 | stage_eta=00:08:19
2026-08-20 09:22:22 | INFO    | TRAIN | epoch=057/060 | batch=00800/01562 | loss=5.683466e-01 | stage_elapsed=00:08:13 | stage_eta=00:07:49
2026-08-20 09:22:50 | INFO    | TRAIN | epoch=057/060 | batch=00850/01562 | loss=5.589414e-01 | stage_elapsed=00:08:41 | stage_eta=00:07:17
2026-08-20 09:23:23 | INFO    | TRAIN | epoch=057/060 | batch=00900/01562 | loss=5.861853e-01 | stage_elapsed=00:09:14 | stage_eta=00:06:47
2026-08-20 09:23:52 | INFO    | TRAIN | epoch=057/060 | batch=00950/01562 | loss=6.019392e-01 | stage_elapsed=00:09:43 | stage_eta=00:06:16
2026-08-20 09:24:22 | INFO    | TRAIN | epoch=057/060 | batch=01000/01562 | loss=5.899912e-01 | stage_elapsed=00:10:13 | stage_eta=00:05:45
2026-08-20 09:24:54 | INFO    | TRAIN | epoch=057/060 | batch=01050/01562 | loss=5.593358e-01 | stage_elapsed=00:10:45 | stage_eta=00:05:14
2026-08-20 09:25:22 | INFO    | TRAIN | epoch=057/060 | batch=01100/01562 | loss=5.785394e-01 | stage_elapsed=00:11:14 | stage_eta=00:04:43
2026-08-20 09:25:55 | INFO    | TRAIN | epoch=057/060 | batch=01150/01562 | loss=5.801038e-01 | stage_elapsed=00:11:46 | stage_eta=00:04:13
2026-08-20 09:26:25 | INFO    | TRAIN | epoch=057/060 | batch=01200/01562 | loss=5.767016e-01 | stage_elapsed=00:12:16 | stage_eta=00:03:42
2026-08-20 09:26:55 | INFO    | TRAIN | epoch=057/060 | batch=01250/01562 | loss=5.660414e-01 | stage_elapsed=00:12:46 | stage_eta=00:03:11
2026-08-20 09:27:27 | INFO    | TRAIN | epoch=057/060 | batch=01300/01562 | loss=5.615302e-01 | stage_elapsed=00:13:18 | stage_eta=00:02:41
2026-08-20 09:27:56 | INFO    | TRAIN | epoch=057/060 | batch=01350/01562 | loss=5.631459e-01 | stage_elapsed=00:13:47 | stage_eta=00:02:10
2026-08-20 09:28:27 | INFO    | TRAIN | epoch=057/060 | batch=01400/01562 | loss=5.985689e-01 | stage_elapsed=00:14:18 | stage_eta=00:01:39
2026-08-20 09:28:58 | INFO    | TRAIN | epoch=057/060 | batch=01450/01562 | loss=6.131350e-01 | stage_elapsed=00:14:49 | stage_eta=00:01:09
2026-08-20 09:29:27 | INFO    | TRAIN | epoch=057/060 | batch=01500/01562 | loss=5.892844e-01 | stage_elapsed=00:15:18 | stage_eta=00:00:38
2026-08-20 09:30:00 | INFO    | TRAIN | epoch=057/060 | batch=01550/01562 | loss=5.792696e-01 | stage_elapsed=00:15:51 | stage_eta=00:00:07
2026-08-20 09:30:08 | INFO    | TRAIN | epoch=057/060 | batch=01562/01562 | loss=5.666753e-01 | stage_elapsed=00:15:59 | stage_eta=00:00:00
2026-08-20 09:30:22 | INFO    | VAL | epoch=057/060 | batch=00050/00312 | loss=8.006960e-01 | stage_elapsed=00:00:15 | stage_eta=00:01:17
2026-08-20 09:30:36 | INFO    | VAL | epoch=057/060 | batch=00100/00312 | loss=7.102642e-01 | stage_elapsed=00:00:29 | stage_eta=00:01:01
2026-08-20 09:30:51 | INFO    | VAL | epoch=057/060 | batch=00150/00312 | loss=7.874289e-01 | stage_elapsed=00:00:43 | stage_eta=00:00:47
2026-08-20 09:31:08 | INFO    | VAL | epoch=057/060 | batch=00200/00312 | loss=7.535247e-01 | stage_elapsed=00:01:00 | stage_eta=00:00:34
2026-08-20 09:31:24 | INFO    | VAL | epoch=057/060 | batch=00250/00312 | loss=7.728304e-01 | stage_elapsed=00:01:17 | stage_eta=00:00:19
2026-08-20 09:31:39 | INFO    | VAL | epoch=057/060 | batch=00300/00312 | loss=7.877662e-01 | stage_elapsed=00:01:31 | stage_eta=00:00:04
2026-08-20 09:31:43 | INFO    | VAL | epoch=057/060 | batch=00312/00312 | loss=7.380376e-01 | stage_elapsed=00:01:35 | stage_eta=00:00:00
2026-08-20 09:31:45 | INFO    | Epoch 057 complete | train=5.822360e-01 | val=7.689817e-01 | best=7.689817e-01 | lr=1.000e-04 | epoch_time=00:17:36 | run_elapsed=16:18:46 | eta=00:51:31 | finish=2026-08-20 10:23:16 CST
2026-08-20 09:32:14 | INFO    | TRAIN | epoch=058/060 | batch=00050/01562 | loss=5.940289e-01 | stage_elapsed=00:00:29 | stage_eta=00:14:47
2026-08-20 09:32:47 | INFO    | TRAIN | epoch=058/060 | batch=00100/01562 | loss=5.905820e-01 | stage_elapsed=00:01:02 | stage_eta=00:15:13
2026-08-20 09:33:16 | INFO    | TRAIN | epoch=058/060 | batch=00150/01562 | loss=5.749984e-01 | stage_elapsed=00:01:31 | stage_eta=00:14:17
2026-08-20 09:33:47 | INFO    | TRAIN | epoch=058/060 | batch=00200/01562 | loss=5.815499e-01 | stage_elapsed=00:02:02 | stage_eta=00:13:54
2026-08-20 09:34:18 | INFO    | TRAIN | epoch=058/060 | batch=00250/01562 | loss=5.445180e-01 | stage_elapsed=00:02:34 | stage_eta=00:13:27
2026-08-20 09:34:47 | INFO    | TRAIN | epoch=058/060 | batch=00300/01562 | loss=5.621798e-01 | stage_elapsed=00:03:02 | stage_eta=00:12:46
2026-08-20 09:35:19 | INFO    | TRAIN | epoch=058/060 | batch=00350/01562 | loss=5.855545e-01 | stage_elapsed=00:03:35 | stage_eta=00:12:23
2026-08-20 09:35:48 | INFO    | TRAIN | epoch=058/060 | batch=00400/01562 | loss=5.610918e-01 | stage_elapsed=00:04:03 | stage_eta=00:11:46
2026-08-20 09:36:20 | INFO    | TRAIN | epoch=058/060 | batch=00450/01562 | loss=5.868925e-01 | stage_elapsed=00:04:35 | stage_eta=00:11:21
2026-08-20 09:36:50 | INFO    | TRAIN | epoch=058/060 | batch=00500/01562 | loss=5.839996e-01 | stage_elapsed=00:05:05 | stage_eta=00:10:48
2026-08-20 09:37:20 | INFO    | TRAIN | epoch=058/060 | batch=00550/01562 | loss=6.061056e-01 | stage_elapsed=00:05:36 | stage_eta=00:10:17
2026-08-20 09:37:51 | INFO    | TRAIN | epoch=058/060 | batch=00600/01562 | loss=5.881741e-01 | stage_elapsed=00:06:07 | stage_eta=00:09:48
2026-08-20 09:38:20 | INFO    | TRAIN | epoch=058/060 | batch=00650/01562 | loss=6.031411e-01 | stage_elapsed=00:06:36 | stage_eta=00:09:15
2026-08-20 09:38:53 | INFO    | TRAIN | epoch=058/060 | batch=00700/01562 | loss=5.575066e-01 | stage_elapsed=00:07:08 | stage_eta=00:08:47
2026-08-20 09:39:22 | INFO    | TRAIN | epoch=058/060 | batch=00750/01562 | loss=5.819159e-01 | stage_elapsed=00:07:37 | stage_eta=00:08:14
2026-08-20 09:39:53 | INFO    | TRAIN | epoch=058/060 | batch=00800/01562 | loss=5.835620e-01 | stage_elapsed=00:08:08 | stage_eta=00:07:45
2026-08-20 09:40:24 | INFO    | TRAIN | epoch=058/060 | batch=00850/01562 | loss=5.663345e-01 | stage_elapsed=00:08:39 | stage_eta=00:07:15
2026-08-20 09:40:53 | INFO    | TRAIN | epoch=058/060 | batch=00900/01562 | loss=5.956653e-01 | stage_elapsed=00:09:08 | stage_eta=00:06:43
2026-08-20 09:41:25 | INFO    | TRAIN | epoch=058/060 | batch=00950/01562 | loss=5.822557e-01 | stage_elapsed=00:09:40 | stage_eta=00:06:14
2026-08-20 09:41:53 | INFO    | TRAIN | epoch=058/060 | batch=01000/01562 | loss=5.786793e-01 | stage_elapsed=00:10:08 | stage_eta=00:05:42
2026-08-20 09:42:25 | INFO    | TRAIN | epoch=058/060 | batch=01050/01562 | loss=5.779109e-01 | stage_elapsed=00:10:41 | stage_eta=00:05:12
2026-08-20 09:42:55 | INFO    | TRAIN | epoch=058/060 | batch=01100/01562 | loss=5.904012e-01 | stage_elapsed=00:11:11 | stage_eta=00:04:42
2026-08-20 09:43:25 | INFO    | TRAIN | epoch=058/060 | batch=01150/01562 | loss=5.757853e-01 | stage_elapsed=00:11:40 | stage_eta=00:04:11
2026-08-20 09:43:57 | INFO    | TRAIN | epoch=058/060 | batch=01200/01562 | loss=5.745249e-01 | stage_elapsed=00:12:12 | stage_eta=00:03:41
2026-08-20 09:44:26 | INFO    | TRAIN | epoch=058/060 | batch=01250/01562 | loss=5.679073e-01 | stage_elapsed=00:12:41 | stage_eta=00:03:10
2026-08-20 09:44:58 | INFO    | TRAIN | epoch=058/060 | batch=01300/01562 | loss=5.704492e-01 | stage_elapsed=00:13:13 | stage_eta=00:02:40
2026-08-20 09:45:24 | INFO    | TRAIN | epoch=058/060 | batch=01350/01562 | loss=5.925340e-01 | stage_elapsed=00:13:39 | stage_eta=00:02:09
2026-08-20 09:45:48 | INFO    | TRAIN | epoch=058/060 | batch=01400/01562 | loss=5.785121e-01 | stage_elapsed=00:14:03 | stage_eta=00:01:38
2026-08-20 09:46:16 | INFO    | TRAIN | epoch=058/060 | batch=01450/01562 | loss=5.541700e-01 | stage_elapsed=00:14:31 | stage_eta=00:01:07
2026-08-20 09:46:40 | INFO    | TRAIN | epoch=058/060 | batch=01500/01562 | loss=5.889773e-01 | stage_elapsed=00:14:55 | stage_eta=00:00:37
2026-08-20 09:47:06 | INFO    | TRAIN | epoch=058/060 | batch=01550/01562 | loss=5.976774e-01 | stage_elapsed=00:15:21 | stage_eta=00:00:07
2026-08-20 09:47:13 | INFO    | TRAIN | epoch=058/060 | batch=01562/01562 | loss=5.896174e-01 | stage_elapsed=00:15:28 | stage_eta=00:00:00
2026-08-20 09:47:26 | INFO    | VAL | epoch=058/060 | batch=00050/00312 | loss=7.996463e-01 | stage_elapsed=00:00:14 | stage_eta=00:01:12
2026-08-20 09:47:38 | INFO    | VAL | epoch=058/060 | batch=00100/00312 | loss=7.110701e-01 | stage_elapsed=00:00:26 | stage_eta=00:00:55
2026-08-20 09:47:50 | INFO    | VAL | epoch=058/060 | batch=00150/00312 | loss=7.870483e-01 | stage_elapsed=00:00:38 | stage_eta=00:00:41
2026-08-20 09:48:03 | INFO    | VAL | epoch=058/060 | batch=00200/00312 | loss=7.488772e-01 | stage_elapsed=00:00:50 | stage_eta=00:00:28
2026-08-20 09:48:16 | INFO    | VAL | epoch=058/060 | batch=00250/00312 | loss=7.688959e-01 | stage_elapsed=00:01:04 | stage_eta=00:00:16
2026-08-20 09:48:31 | INFO    | VAL | epoch=058/060 | batch=00300/00312 | loss=7.847621e-01 | stage_elapsed=00:01:18 | stage_eta=00:00:03
2026-08-20 09:48:33 | INFO    | VAL | epoch=058/060 | batch=00312/00312 | loss=7.348925e-01 | stage_elapsed=00:01:21 | stage_eta=00:00:00
2026-08-20 09:48:35 | INFO    | Epoch 058 complete | train=5.793839e-01 | val=7.686124e-01 | best=7.686124e-01 | lr=1.000e-04 | epoch_time=00:16:50 | run_elapsed=16:35:36 | eta=00:34:20 | finish=2026-08-20 10:22:55 CST
2026-08-20 09:48:59 | INFO    | TRAIN | epoch=059/060 | batch=00050/01562 | loss=5.956601e-01 | stage_elapsed=00:00:24 | stage_eta=00:12:12
2026-08-20 09:49:26 | INFO    | TRAIN | epoch=059/060 | batch=00100/01562 | loss=5.801858e-01 | stage_elapsed=00:00:51 | stage_eta=00:12:22
2026-08-20 09:49:52 | INFO    | TRAIN | epoch=059/060 | batch=00150/01562 | loss=5.977045e-01 | stage_elapsed=00:01:17 | stage_eta=00:12:07
2026-08-20 09:50:16 | INFO    | TRAIN | epoch=059/060 | batch=00200/01562 | loss=5.655854e-01 | stage_elapsed=00:01:41 | stage_eta=00:11:30
2026-08-20 09:50:44 | INFO    | TRAIN | epoch=059/060 | batch=00250/01562 | loss=5.837896e-01 | stage_elapsed=00:02:09 | stage_eta=00:11:16
2026-08-20 09:51:08 | INFO    | TRAIN | epoch=059/060 | batch=00300/01562 | loss=5.884011e-01 | stage_elapsed=00:02:33 | stage_eta=00:10:44
2026-08-20 09:51:33 | INFO    | TRAIN | epoch=059/060 | batch=00350/01562 | loss=5.502993e-01 | stage_elapsed=00:02:58 | stage_eta=00:10:17
2026-08-20 09:52:00 | INFO    | TRAIN | epoch=059/060 | batch=00400/01562 | loss=5.746276e-01 | stage_elapsed=00:03:25 | stage_eta=00:09:56
2026-08-20 09:52:24 | INFO    | TRAIN | epoch=059/060 | batch=00450/01562 | loss=5.625147e-01 | stage_elapsed=00:03:49 | stage_eta=00:09:27
2026-08-20 09:52:51 | INFO    | TRAIN | epoch=059/060 | batch=00500/01562 | loss=5.663735e-01 | stage_elapsed=00:04:16 | stage_eta=00:09:04
2026-08-20 09:53:16 | INFO    | TRAIN | epoch=059/060 | batch=00550/01562 | loss=5.846210e-01 | stage_elapsed=00:04:42 | stage_eta=00:08:38
2026-08-20 09:53:41 | INFO    | TRAIN | epoch=059/060 | batch=00600/01562 | loss=5.805502e-01 | stage_elapsed=00:05:06 | stage_eta=00:08:10
2026-08-20 09:54:09 | INFO    | TRAIN | epoch=059/060 | batch=00650/01562 | loss=5.594389e-01 | stage_elapsed=00:05:34 | stage_eta=00:07:49
2026-08-20 09:54:34 | INFO    | TRAIN | epoch=059/060 | batch=00700/01562 | loss=5.612566e-01 | stage_elapsed=00:05:59 | stage_eta=00:07:22
2026-08-20 09:54:59 | INFO    | TRAIN | epoch=059/060 | batch=00750/01562 | loss=5.851068e-01 | stage_elapsed=00:06:24 | stage_eta=00:06:56
2026-08-20 09:55:27 | INFO    | TRAIN | epoch=059/060 | batch=00800/01562 | loss=5.782033e-01 | stage_elapsed=00:06:52 | stage_eta=00:06:33
2026-08-20 09:55:51 | INFO    | TRAIN | epoch=059/060 | batch=00850/01562 | loss=5.729777e-01 | stage_elapsed=00:07:16 | stage_eta=00:06:05
2026-08-20 09:56:17 | INFO    | TRAIN | epoch=059/060 | batch=00900/01562 | loss=5.678743e-01 | stage_elapsed=00:07:42 | stage_eta=00:05:40
2026-08-20 09:56:43 | INFO    | TRAIN | epoch=059/060 | batch=00950/01562 | loss=5.625709e-01 | stage_elapsed=00:08:09 | stage_eta=00:05:15
2026-08-20 09:57:08 | INFO    | TRAIN | epoch=059/060 | batch=01000/01562 | loss=5.732549e-01 | stage_elapsed=00:08:33 | stage_eta=00:04:48
2026-08-20 09:57:35 | INFO    | TRAIN | epoch=059/060 | batch=01050/01562 | loss=5.630953e-01 | stage_elapsed=00:09:00 | stage_eta=00:04:23
2026-08-20 09:58:00 | INFO    | TRAIN | epoch=059/060 | batch=01100/01562 | loss=5.841199e-01 | stage_elapsed=00:09:26 | stage_eta=00:03:58
2026-08-20 09:58:25 | INFO    | TRAIN | epoch=059/060 | batch=01150/01562 | loss=5.882537e-01 | stage_elapsed=00:09:50 | stage_eta=00:03:31
2026-08-20 09:58:53 | INFO    | TRAIN | epoch=059/060 | batch=01200/01562 | loss=5.924429e-01 | stage_elapsed=00:10:18 | stage_eta=00:03:06
2026-08-20 09:59:17 | INFO    | TRAIN | epoch=059/060 | batch=01250/01562 | loss=6.057166e-01 | stage_elapsed=00:10:42 | stage_eta=00:02:40
2026-08-20 09:59:43 | INFO    | TRAIN | epoch=059/060 | batch=01300/01562 | loss=5.873390e-01 | stage_elapsed=00:11:08 | stage_eta=00:02:15
2026-08-20 10:00:09 | INFO    | TRAIN | epoch=059/060 | batch=01350/01562 | loss=5.885671e-01 | stage_elapsed=00:11:34 | stage_eta=00:01:49
2026-08-20 10:00:33 | INFO    | TRAIN | epoch=059/060 | batch=01400/01562 | loss=5.685328e-01 | stage_elapsed=00:11:59 | stage_eta=00:01:23
2026-08-20 10:01:01 | INFO    | TRAIN | epoch=059/060 | batch=01450/01562 | loss=5.849415e-01 | stage_elapsed=00:12:26 | stage_eta=00:00:58
2026-08-20 10:01:26 | INFO    | TRAIN | epoch=059/060 | batch=01500/01562 | loss=5.725362e-01 | stage_elapsed=00:12:51 | stage_eta=00:00:32
2026-08-20 10:01:50 | INFO    | TRAIN | epoch=059/060 | batch=01550/01562 | loss=5.887060e-01 | stage_elapsed=00:13:15 | stage_eta=00:00:06
2026-08-20 10:01:57 | INFO    | TRAIN | epoch=059/060 | batch=01562/01562 | loss=5.679563e-01 | stage_elapsed=00:13:22 | stage_eta=00:00:00
2026-08-20 10:02:12 | INFO    | VAL | epoch=059/060 | batch=00050/00312 | loss=7.998435e-01 | stage_elapsed=00:00:14 | stage_eta=00:01:15
2026-08-20 10:02:26 | INFO    | VAL | epoch=059/060 | batch=00100/00312 | loss=7.104857e-01 | stage_elapsed=00:00:29 | stage_eta=00:01:01
2026-08-20 10:02:38 | INFO    | VAL | epoch=059/060 | batch=00150/00312 | loss=7.943799e-01 | stage_elapsed=00:00:41 | stage_eta=00:00:44
2026-08-20 10:02:50 | INFO    | VAL | epoch=059/060 | batch=00200/00312 | loss=7.533957e-01 | stage_elapsed=00:00:53 | stage_eta=00:00:30
2026-08-20 10:03:02 | INFO    | VAL | epoch=059/060 | batch=00250/00312 | loss=7.707227e-01 | stage_elapsed=00:01:05 | stage_eta=00:00:16
2026-08-20 10:03:15 | INFO    | VAL | epoch=059/060 | batch=00300/00312 | loss=7.881342e-01 | stage_elapsed=00:01:18 | stage_eta=00:00:03
2026-08-20 10:03:19 | INFO    | VAL | epoch=059/060 | batch=00312/00312 | loss=7.372241e-01 | stage_elapsed=00:01:21 | stage_eta=00:00:00
2026-08-20 10:03:19 | INFO    | Epoch 059 complete | train=5.768576e-01 | val=7.687033e-01 | best=7.686124e-01 | lr=1.000e-04 | epoch_time=00:14:44 | run_elapsed=16:50:20 | eta=00:17:07 | finish=2026-08-20 10:20:27 CST
2026-08-20 10:03:46 | INFO    | TRAIN | epoch=060/060 | batch=00050/01562 | loss=5.545065e-01 | stage_elapsed=00:00:27 | stage_eta=00:13:25
2026-08-20 10:04:10 | INFO    | TRAIN | epoch=060/060 | batch=00100/01562 | loss=5.663339e-01 | stage_elapsed=00:00:51 | stage_eta=00:12:21
2026-08-20 10:04:37 | INFO    | TRAIN | epoch=060/060 | batch=00150/01562 | loss=5.595739e-01 | stage_elapsed=00:01:18 | stage_eta=00:12:14
2026-08-20 10:05:03 | INFO    | TRAIN | epoch=060/060 | batch=00200/01562 | loss=5.921285e-01 | stage_elapsed=00:01:44 | stage_eta=00:11:47
2026-08-20 10:05:27 | INFO    | TRAIN | epoch=060/060 | batch=00250/01562 | loss=5.720465e-01 | stage_elapsed=00:02:08 | stage_eta=00:11:11
2026-08-20 10:05:55 | INFO    | TRAIN | epoch=060/060 | batch=00300/01562 | loss=5.556982e-01 | stage_elapsed=00:02:36 | stage_eta=00:10:56
2026-08-20 10:06:19 | INFO    | TRAIN | epoch=060/060 | batch=00350/01562 | loss=5.726266e-01 | stage_elapsed=00:03:00 | stage_eta=00:10:24
2026-08-20 10:06:45 | INFO    | TRAIN | epoch=060/060 | batch=00400/01562 | loss=5.476233e-01 | stage_elapsed=00:03:26 | stage_eta=00:09:57
2026-08-20 10:07:11 | INFO    | TRAIN | epoch=060/060 | batch=00450/01562 | loss=5.668602e-01 | stage_elapsed=00:03:52 | stage_eta=00:09:34
2026-08-20 10:07:35 | INFO    | TRAIN | epoch=060/060 | batch=00500/01562 | loss=5.823241e-01 | stage_elapsed=00:04:16 | stage_eta=00:09:04
2026-08-20 10:08:03 | INFO    | TRAIN | epoch=060/060 | batch=00550/01562 | loss=5.779746e-01 | stage_elapsed=00:04:44 | stage_eta=00:08:42
2026-08-20 10:08:28 | INFO    | TRAIN | epoch=060/060 | batch=00600/01562 | loss=5.430579e-01 | stage_elapsed=00:05:09 | stage_eta=00:08:15
2026-08-20 10:08:52 | INFO    | TRAIN | epoch=060/060 | batch=00650/01562 | loss=5.931241e-01 | stage_elapsed=00:05:33 | stage_eta=00:07:48
2026-08-20 10:09:21 | INFO    | TRAIN | epoch=060/060 | batch=00700/01562 | loss=6.023386e-01 | stage_elapsed=00:06:02 | stage_eta=00:07:26
2026-08-20 10:09:46 | INFO    | TRAIN | epoch=060/060 | batch=00750/01562 | loss=5.894435e-01 | stage_elapsed=00:06:27 | stage_eta=00:06:59
2026-08-20 10:10:11 | INFO    | TRAIN | epoch=060/060 | batch=00800/01562 | loss=5.522496e-01 | stage_elapsed=00:06:52 | stage_eta=00:06:32
2026-08-20 10:10:38 | INFO    | TRAIN | epoch=060/060 | batch=00850/01562 | loss=5.683678e-01 | stage_elapsed=00:07:19 | stage_eta=00:06:08
2026-08-20 10:11:02 | INFO    | TRAIN | epoch=060/060 | batch=00900/01562 | loss=5.427994e-01 | stage_elapsed=00:07:43 | stage_eta=00:05:41
2026-08-20 10:11:29 | INFO    | TRAIN | epoch=060/060 | batch=00950/01562 | loss=5.681766e-01 | stage_elapsed=00:08:10 | stage_eta=00:05:15
2026-08-20 10:11:55 | INFO    | TRAIN | epoch=060/060 | batch=01000/01562 | loss=5.764271e-01 | stage_elapsed=00:08:36 | stage_eta=00:04:50
2026-08-20 10:12:19 | INFO    | TRAIN | epoch=060/060 | batch=01050/01562 | loss=5.805038e-01 | stage_elapsed=00:09:00 | stage_eta=00:04:23
2026-08-20 10:12:47 | INFO    | TRAIN | epoch=060/060 | batch=01100/01562 | loss=5.770489e-01 | stage_elapsed=00:09:28 | stage_eta=00:03:58
2026-08-20 10:13:11 | INFO    | TRAIN | epoch=060/060 | batch=01150/01562 | loss=5.854999e-01 | stage_elapsed=00:09:52 | stage_eta=00:03:32
2026-08-20 10:13:36 | INFO    | TRAIN | epoch=060/060 | batch=01200/01562 | loss=5.856357e-01 | stage_elapsed=00:10:17 | stage_eta=00:03:06
2026-08-20 10:14:04 | INFO    | TRAIN | epoch=060/060 | batch=01250/01562 | loss=5.843319e-01 | stage_elapsed=00:10:44 | stage_eta=00:02:41
2026-08-20 10:14:28 | INFO    | TRAIN | epoch=060/060 | batch=01300/01562 | loss=5.938148e-01 | stage_elapsed=00:11:08 | stage_eta=00:02:15
2026-08-20 10:14:54 | INFO    | TRAIN | epoch=060/060 | batch=01350/01562 | loss=5.555145e-01 | stage_elapsed=00:11:35 | stage_eta=00:01:49
2026-08-20 10:15:20 | INFO    | TRAIN | epoch=060/060 | batch=01400/01562 | loss=5.830557e-01 | stage_elapsed=00:12:01 | stage_eta=00:01:23
2026-08-20 10:15:44 | INFO    | TRAIN | epoch=060/060 | batch=01450/01562 | loss=5.558906e-01 | stage_elapsed=00:12:25 | stage_eta=00:00:58
2026-08-20 10:16:13 | INFO    | TRAIN | epoch=060/060 | batch=01500/01562 | loss=5.687023e-01 | stage_elapsed=00:12:54 | stage_eta=00:00:32
2026-08-20 10:16:38 | INFO    | TRAIN | epoch=060/060 | batch=01550/01562 | loss=5.833594e-01 | stage_elapsed=00:13:19 | stage_eta=00:00:06
2026-08-20 10:16:44 | INFO    | TRAIN | epoch=060/060 | batch=01562/01562 | loss=5.995503e-01 | stage_elapsed=00:13:25 | stage_eta=00:00:00
2026-08-20 10:16:56 | INFO    | VAL | epoch=060/060 | batch=00050/00312 | loss=7.954313e-01 | stage_elapsed=00:00:12 | stage_eta=00:01:04
2026-08-20 10:17:09 | INFO    | VAL | epoch=060/060 | batch=00100/00312 | loss=7.062668e-01 | stage_elapsed=00:00:25 | stage_eta=00:00:53
2026-08-20 10:17:23 | INFO    | VAL | epoch=060/060 | batch=00150/00312 | loss=7.881176e-01 | stage_elapsed=00:00:39 | stage_eta=00:00:42
2026-08-20 10:17:36 | INFO    | VAL | epoch=060/060 | batch=00200/00312 | loss=7.480355e-01 | stage_elapsed=00:00:52 | stage_eta=00:00:29
2026-08-20 10:17:48 | INFO    | VAL | epoch=060/060 | batch=00250/00312 | loss=7.741957e-01 | stage_elapsed=00:01:04 | stage_eta=00:00:16
2026-08-20 10:18:00 | INFO    | VAL | epoch=060/060 | batch=00300/00312 | loss=7.811753e-01 | stage_elapsed=00:01:16 | stage_eta=00:00:03
2026-08-20 10:18:03 | INFO    | VAL | epoch=060/060 | batch=00312/00312 | loss=7.323424e-01 | stage_elapsed=00:01:19 | stage_eta=00:00:00
2026-08-20 10:18:04 | INFO    | Epoch 060 complete | train=5.740822e-01 | val=7.668184e-01 | best=7.668184e-01 | lr=1.000e-04 | epoch_time=00:14:45 | run_elapsed=17:05:05 | eta=00:00:00 | finish=2026-08-20 10:18:04 CST
2026-08-20 10:18:04 | INFO    | Training complete | best checkpoint=/data_ssd/oyys/autophasenn/autophasenn_pipeline_output/high_strain_cnn/high_strain_reduced_scratch_bs16_lr1e-4_20260819_171256/checkpoint_best.pt
