Training setup
model_name: umamba
phase_activation: tanh
phase_logit_scale: 1.0
center_pad_last_upsample: True
data_dir: /data_ssd/oyys/autophasenn/
data_train_diff: train_diff.npy
data_train_real: train_real.npy
data_val_diff: val_diff.npy
data_val_real: val_real.npy
num_samples_train: 25000
num_samples_val: 5000
shape: 64
dtype_diff: float32
dtype_real: complex64
allow_missing_real: False
output_dir: ./umamba_training_pipeline/output/
tensorboard_dir: runs
train_size: 0
overfit_samples: 0
debug_overfit_samples: 0
cache_data: False
epochs: 100
batch_size: 8
num_workers: 4
device: cuda
num_threads: 0
seed: 42
T: 0.1
threshold: 0.1
nconv: 32
use_down_stride: False
use_up_stride: False
n_blocks: 4
unsupervise: False
unsupervised: False
scale_i: 0.0
scale_align_loss: False
loss_type: l1
loss_scope: diff
ft_weight: 1.0
amp_weight: 1.0
phase_weight: 1.0
support_weight: 0.0
lr: 0.001
optimizer: adam
lr_type: plateau
min_lr: 1e-06
clr_step_epochs: 6.0
step_size: 10
gamma: 0.5
patience: 5
checkpoint: 
from_scratch: False
reset_optimizer: False
head_lr_mult: 1.0
grad_clip: 1.0
save_every: 10
save_model: 20
fp16: False
print_freq: 100
debug_max_train_batches: 0
debug_max_val_batches: 0
debug_skip_scheduler: False
debug_grad_norm: False
debug_grad_norm_batches: 1
debug_output_delta: False
debug_output_delta_batches: 1
notes: 
use device: cuda
Torch threads: 16
TensorBoard log dir: /home/oyys/code/UMamba-AutoPhaseNN/umamba_training_pipeline/runs/20260610_212828_output
feature_map_sizes: [[64, 64, 64], [32, 32, 32], [16, 16, 16], [8, 8, 8]]
do_channel_token: [False, False, False, False]
MambaLayer: dim: 32
MambaLayer: dim: 64
MambaLayer: dim: 128
MambaLayer: dim: 256
deep_supervision: False
center_pad_last_upsample: True
Using UMamba | phase_activation=tanh | phase_logit_scale=1.0000e+00 | center_pad_last_upsample=True
model parameters: 10361926
Training mode: from scratch
Resolved memmap samples: train=25000, val=5000 | overfit=False | cache_data=False
DataLoader kwargs: {'num_workers': 4, 'pin_memory': True, 'prefetch_factor': 2, 'persistent_workers': True}
LR scheduler: plateau | init_lr=1.000e-03 | min_lr=1.000e-06
Epoch[1] Batch[1/3125] | OptTotal: 1.0799e+02 | FTLoss: 1.0799e+02 | AmpL1Full: 5.3318e-01 | PhaseL1PredSup: 1.7206e+00 | SupportBCE: 6.5994e-01 | SupportWeighted: 0.0000e+00 | BatchLR: 1.000e-03 | Grad: True  | Update: True  | Elapsed: 0:00:00 | ETA: 0:48:34
Epoch[1] Batch[101/3125] | OptTotal: 7.9357e+00 | FTLoss: 7.9357e+00 | AmpL1Full: 2.0492e-02 | PhaseL1PredSup: 2.1514e-02 | SupportBCE: 3.6075e+00 | SupportWeighted: 0.0000e+00 | BatchLR: 1.000e-03 | Grad: True  | Update: True  | Elapsed: 0:00:55 | ETA: 0:27:28
Epoch[1] Batch[201/3125] | OptTotal: 7.0728e+00 | FTLoss: 7.0728e+00 | AmpL1Full: 1.4805e-02 | PhaseL1PredSup: 1.8753e-02 | SupportBCE: 3.4028e+00 | SupportWeighted: 0.0000e+00 | BatchLR: 1.000e-03 | Grad: True  | Update: True  | Elapsed: 0:01:49 | ETA: 0:26:28
Epoch[1] Batch[301/3125] | OptTotal: 7.7899e+00 | FTLoss: 7.7899e+00 | AmpL1Full: 1.6933e-02 | PhaseL1PredSup: 2.5073e-02 | SupportBCE: 3.0673e+00 | SupportWeighted: 0.0000e+00 | BatchLR: 1.000e-03 | Grad: True  | Update: True  | Elapsed: 0:02:43 | ETA: 0:25:31
Epoch[1] Batch[401/3125] | OptTotal: 8.9217e+00 | FTLoss: 8.9217e+00 | AmpL1Full: 2.0160e-02 | PhaseL1PredSup: 1.5011e-02 | SupportBCE: 4.0451e+00 | SupportWeighted: 0.0000e+00 | BatchLR: 1.000e-03 | Grad: True  | Update: True  | Elapsed: 0:03:37 | ETA: 0:24:35
Epoch[1] Batch[501/3125] | OptTotal: 7.6960e+00 | FTLoss: 7.6960e+00 | AmpL1Full: 2.3470e-02 | PhaseL1PredSup: 2.3700e-02 | SupportBCE: 2.5498e+00 | SupportWeighted: 0.0000e+00 | BatchLR: 1.000e-03 | Grad: True  | Update: True  | Elapsed: 0:04:31 | ETA: 0:23:42
Epoch[1] Batch[601/3125] | OptTotal: 6.9846e+00 | FTLoss: 6.9846e+00 | AmpL1Full: 1.8544e-02 | PhaseL1PredSup: 2.7009e-02 | SupportBCE: 2.7412e+00 | SupportWeighted: 0.0000e+00 | BatchLR: 1.000e-03 | Grad: True  | Update: True  | Elapsed: 0:05:25 | ETA: 0:22:47
Epoch[1] Batch[701/3125] | OptTotal: 7.4621e+00 | FTLoss: 7.4621e+00 | AmpL1Full: 1.7130e-02 | PhaseL1PredSup: 1.7507e-02 | SupportBCE: 3.1568e+00 | SupportWeighted: 0.0000e+00 | BatchLR: 1.000e-03 | Grad: True  | Update: True  | Elapsed: 0:06:19 | ETA: 0:21:53
Epoch[1] Batch[801/3125] | OptTotal: 8.2137e+00 | FTLoss: 8.2137e+00 | AmpL1Full: 2.7512e-02 | PhaseL1PredSup: 3.3308e-02 | SupportBCE: 2.7216e+00 | SupportWeighted: 0.0000e+00 | BatchLR: 1.000e-03 | Grad: True  | Update: True  | Elapsed: 0:07:13 | ETA: 0:20:58
Epoch[1] Batch[901/3125] | OptTotal: 7.6233e+00 | FTLoss: 7.6233e+00 | AmpL1Full: 1.5368e-02 | PhaseL1PredSup: 2.3160e-02 | SupportBCE: 3.6539e+00 | SupportWeighted: 0.0000e+00 | BatchLR: 1.000e-03 | Grad: True  | Update: True  | Elapsed: 0:08:08 | ETA: 0:20:04
Epoch[1] Batch[1001/3125] | OptTotal: 7.7055e+00 | FTLoss: 7.7055e+00 | AmpL1Full: 2.0930e-02 | PhaseL1PredSup: 1.2770e-02 | SupportBCE: 4.3186e+00 | SupportWeighted: 0.0000e+00 | BatchLR: 1.000e-03 | Grad: True  | Update: True  | Elapsed: 0:09:02 | ETA: 0:19:10
Epoch[1] Batch[1101/3125] | OptTotal: 8.0056e+00 | FTLoss: 8.0056e+00 | AmpL1Full: 2.8078e-02 | PhaseL1PredSup: 1.7953e-02 | SupportBCE: 4.1819e+00 | SupportWeighted: 0.0000e+00 | BatchLR: 1.000e-03 | Grad: True  | Update: True  | Elapsed: 0:09:56 | ETA: 0:18:16
Epoch[1] Batch[1201/3125] | OptTotal: 7.3256e+00 | FTLoss: 7.3256e+00 | AmpL1Full: 2.0267e-02 | PhaseL1PredSup: 1.7533e-02 | SupportBCE: 3.6353e+00 | SupportWeighted: 0.0000e+00 | BatchLR: 1.000e-03 | Grad: True  | Update: True  | Elapsed: 0:10:50 | ETA: 0:17:21
Epoch[1] Batch[1301/3125] | OptTotal: 7.7764e+00 | FTLoss: 7.7764e+00 | AmpL1Full: 2.3483e-02 | PhaseL1PredSup: 1.2892e-02 | SupportBCE: 3.6646e+00 | SupportWeighted: 0.0000e+00 | BatchLR: 1.000e-03 | Grad: True  | Update: True  | Elapsed: 0:11:44 | ETA: 0:16:27
Epoch[1] Batch[1401/3125] | OptTotal: 7.6237e+00 | FTLoss: 7.6237e+00 | AmpL1Full: 2.0731e-02 | PhaseL1PredSup: 1.4936e-02 | SupportBCE: 3.9494e+00 | SupportWeighted: 0.0000e+00 | BatchLR: 1.000e-03 | Grad: True  | Update: True  | Elapsed: 0:12:38 | ETA: 0:15:33
Epoch[1] Batch[1501/3125] | OptTotal: 7.3878e+00 | FTLoss: 7.3878e+00 | AmpL1Full: 2.1908e-02 | PhaseL1PredSup: 2.0223e-02 | SupportBCE: 3.6916e+00 | SupportWeighted: 0.0000e+00 | BatchLR: 1.000e-03 | Grad: True  | Update: True  | Elapsed: 0:13:32 | ETA: 0:14:39
Epoch[1] Batch[1601/3125] | OptTotal: 7.2753e+00 | FTLoss: 7.2753e+00 | AmpL1Full: 2.0448e-02 | PhaseL1PredSup: 2.2847e-02 | SupportBCE: 4.2137e+00 | SupportWeighted: 0.0000e+00 | BatchLR: 1.000e-03 | Grad: True  | Update: True  | Elapsed: 0:14:26 | ETA: 0:13:45
Epoch[1] Batch[1701/3125] | OptTotal: 7.1400e+00 | FTLoss: 7.1400e+00 | AmpL1Full: 1.8603e-02 | PhaseL1PredSup: 2.3629e-02 | SupportBCE: 3.2289e+00 | SupportWeighted: 0.0000e+00 | BatchLR: 1.000e-03 | Grad: True  | Update: True  | Elapsed: 0:15:21 | ETA: 0:12:51
Epoch[1] Batch[1801/3125] | OptTotal: 7.4519e+00 | FTLoss: 7.4519e+00 | AmpL1Full: 2.3948e-02 | PhaseL1PredSup: 2.3770e-02 | SupportBCE: 4.2058e+00 | SupportWeighted: 0.0000e+00 | BatchLR: 1.000e-03 | Grad: True  | Update: True  | Elapsed: 0:16:15 | ETA: 0:11:56
Epoch[1] Batch[1901/3125] | OptTotal: 7.0386e+00 | FTLoss: 7.0386e+00 | AmpL1Full: 2.2145e-02 | PhaseL1PredSup: 2.7965e-02 | SupportBCE: 4.2744e+00 | SupportWeighted: 0.0000e+00 | BatchLR: 1.000e-03 | Grad: True  | Update: True  | Elapsed: 0:17:09 | ETA: 0:11:02
Epoch[1] Batch[2001/3125] | OptTotal: 7.2199e+00 | FTLoss: 7.2199e+00 | AmpL1Full: 2.2422e-02 | PhaseL1PredSup: 2.7808e-02 | SupportBCE: 4.1511e+00 | SupportWeighted: 0.0000e+00 | BatchLR: 1.000e-03 | Grad: True  | Update: True  | Elapsed: 0:18:03 | ETA: 0:10:08
Epoch[1] Batch[2101/3125] | OptTotal: 7.1548e+00 | FTLoss: 7.1548e+00 | AmpL1Full: 2.5351e-02 | PhaseL1PredSup: 3.0953e-02 | SupportBCE: 3.9580e+00 | SupportWeighted: 0.0000e+00 | BatchLR: 1.000e-03 | Grad: True  | Update: True  | Elapsed: 0:18:57 | ETA: 0:09:14
Epoch[1] Batch[2201/3125] | OptTotal: 7.1632e+00 | FTLoss: 7.1632e+00 | AmpL1Full: 2.2188e-02 | PhaseL1PredSup: 2.7350e-02 | SupportBCE: 3.9576e+00 | SupportWeighted: 0.0000e+00 | BatchLR: 1.000e-03 | Grad: True  | Update: True  | Elapsed: 0:19:51 | ETA: 0:08:20
Epoch[1] Batch[2301/3125] | OptTotal: 6.6112e+00 | FTLoss: 6.6112e+00 | AmpL1Full: 2.1702e-02 | PhaseL1PredSup: 3.6100e-02 | SupportBCE: 4.1163e+00 | SupportWeighted: 0.0000e+00 | BatchLR: 1.000e-03 | Grad: True  | Update: True  | Elapsed: 0:20:45 | ETA: 0:07:26
Epoch[1] Batch[2401/3125] | OptTotal: 7.4306e+00 | FTLoss: 7.4306e+00 | AmpL1Full: 2.6630e-02 | PhaseL1PredSup: 2.5502e-02 | SupportBCE: 3.2375e+00 | SupportWeighted: 0.0000e+00 | BatchLR: 1.000e-03 | Grad: True  | Update: True  | Elapsed: 0:21:40 | ETA: 0:06:32
Epoch[1] Batch[2501/3125] | OptTotal: 7.0686e+00 | FTLoss: 7.0686e+00 | AmpL1Full: 1.6921e-02 | PhaseL1PredSup: 2.6953e-02 | SupportBCE: 2.7681e+00 | SupportWeighted: 0.0000e+00 | BatchLR: 1.000e-03 | Grad: True  | Update: True  | Elapsed: 0:22:34 | ETA: 0:05:37
Epoch[1] Batch[2601/3125] | OptTotal: 8.9554e+00 | FTLoss: 8.9554e+00 | AmpL1Full: 2.0656e-02 | PhaseL1PredSup: 3.4570e-03 | SupportBCE: 5.0745e+00 | SupportWeighted: 0.0000e+00 | BatchLR: 1.000e-03 | Grad: True  | Update: True  | Elapsed: 0:23:28 | ETA: 0:04:43
Epoch[1] Batch[2701/3125] | OptTotal: 7.7894e+00 | FTLoss: 7.7894e+00 | AmpL1Full: 2.0299e-02 | PhaseL1PredSup: 2.6397e-02 | SupportBCE: 2.9171e+00 | SupportWeighted: 0.0000e+00 | BatchLR: 1.000e-03 | Grad: True  | Update: True  | Elapsed: 0:24:22 | ETA: 0:03:49
Epoch[1] Batch[2801/3125] | OptTotal: 7.2326e+00 | FTLoss: 7.2326e+00 | AmpL1Full: 2.0492e-02 | PhaseL1PredSup: 2.5459e-02 | SupportBCE: 3.0102e+00 | SupportWeighted: 0.0000e+00 | BatchLR: 1.000e-03 | Grad: True  | Update: True  | Elapsed: 0:25:16 | ETA: 0:02:55
Epoch[1] Batch[2901/3125] | OptTotal: 7.6329e+00 | FTLoss: 7.6329e+00 | AmpL1Full: 2.2838e-02 | PhaseL1PredSup: 1.9874e-02 | SupportBCE: 2.8489e+00 | SupportWeighted: 0.0000e+00 | BatchLR: 1.000e-03 | Grad: True  | Update: True  | Elapsed: 0:26:10 | ETA: 0:02:01
Epoch[1] Batch[3001/3125] | OptTotal: 8.0035e+00 | FTLoss: 8.0035e+00 | AmpL1Full: 2.3470e-02 | PhaseL1PredSup: 2.4220e-02 | SupportBCE: 2.6622e+00 | SupportWeighted: 0.0000e+00 | BatchLR: 1.000e-03 | Grad: True  | Update: True  | Elapsed: 0:27:04 | ETA: 0:01:07
Epoch[1] Batch[3101/3125] | OptTotal: 7.2815e+00 | FTLoss: 7.2815e+00 | AmpL1Full: 2.1886e-02 | PhaseL1PredSup: 2.8299e-02 | SupportBCE: 3.0609e+00 | SupportWeighted: 0.0000e+00 | BatchLR: 1.000e-03 | Grad: True  | Update: True  | Elapsed: 0:27:59 | ETA: 0:00:12
Epoch[1] Batch[3125/3125] | OptTotal: 7.1780e+00 | FTLoss: 7.1780e+00 | AmpL1Full: 2.1016e-02 | PhaseL1PredSup: 2.0265e-02 | SupportBCE: 2.5859e+00 | SupportWeighted: 0.0000e+00 | BatchLR: 1.000e-03 | Grad: True  | Update: True  | Elapsed: 0:28:12 | ETA: 0:00:00

================================================================================
Epoch 1 complete | total time: 1692.14s | average OptTotal: 7.5170e+00
Average train optimization terms | FTLoss: 7.5170e+00 | SupportWeighted: 0.0000e+00
Average train real-space monitors | AmpL1Full: 2.5735e-02 | PhaseL1PredSup: 6.1086e-02 | SupportBCE: 3.5723e+00
================================================================================

Validation Epoch [1] | Batch [100/625] | OptTotal: 7.3933e+00 | FTLoss: 7.3933e+00 | AmpL1Full: 1.7930e-02 | PhaseL1PredSup: 1.9744e-02 | SupportBCE: 2.3842e+00 | FT_L1: 7.3933e+00 | FT_RelL1: 6.1180e-01 | FT_Chi2: 4.9826e-01 | FT_PearsonCorr: 7.7121e-01
Validation Epoch [1] | Batch [200/625] | OptTotal: 7.2721e+00 | FTLoss: 7.2721e+00 | AmpL1Full: 1.9147e-02 | PhaseL1PredSup: 2.1556e-02 | SupportBCE: 2.4436e+00 | FT_L1: 7.2721e+00 | FT_RelL1: 6.1491e-01 | FT_Chi2: 4.9700e-01 | FT_PearsonCorr: 7.8551e-01
Validation Epoch [1] | Batch [300/625] | OptTotal: 7.4240e+00 | FTLoss: 7.4240e+00 | AmpL1Full: 1.9295e-02 | PhaseL1PredSup: 1.9830e-02 | SupportBCE: 2.6541e+00 | FT_L1: 7.4240e+00 | FT_RelL1: 6.0805e-01 | FT_Chi2: 4.8028e-01 | FT_PearsonCorr: 7.9095e-01
Validation Epoch [1] | Batch [400/625] | OptTotal: 6.8671e+00 | FTLoss: 6.8671e+00 | AmpL1Full: 1.7222e-02 | PhaseL1PredSup: 1.8518e-02 | SupportBCE: 2.5528e+00 | FT_L1: 6.8671e+00 | FT_RelL1: 6.0208e-01 | FT_Chi2: 4.6611e-01 | FT_PearsonCorr: 7.7944e-01
Validation Epoch [1] | Batch [500/625] | OptTotal: 7.4616e+00 | FTLoss: 7.4616e+00 | AmpL1Full: 2.0593e-02 | PhaseL1PredSup: 2.0920e-02 | SupportBCE: 2.5437e+00 | FT_L1: 7.4616e+00 | FT_RelL1: 6.2518e-01 | FT_Chi2: 5.4585e-01 | FT_PearsonCorr: 7.1476e-01
Validation Epoch [1] | Batch [600/625] | OptTotal: 6.9005e+00 | FTLoss: 6.9005e+00 | AmpL1Full: 1.8106e-02 | PhaseL1PredSup: 2.0015e-02 | SupportBCE: 2.6223e+00 | FT_L1: 6.9005e+00 | FT_RelL1: 6.0565e-01 | FT_Chi2: 4.7312e-01 | FT_PearsonCorr: 7.7627e-01
Validation Epoch [1] | Batch [625/625] | OptTotal: 7.1966e+00 | FTLoss: 7.1966e+00 | AmpL1Full: 1.9144e-02 | PhaseL1PredSup: 2.0789e-02 | SupportBCE: 2.5060e+00 | FT_L1: 7.1966e+00 | FT_RelL1: 6.0510e-01 | FT_Chi2: 4.8698e-01 | FT_PearsonCorr: 7.8227e-01

================================================================================
Epoch 1 validation complete
Average validation metrics:
   Optimization: OptTotal=7.2316e+00 | FTLoss=7.2316e+00 | SupportWeighted=0.0000e+00
   Real-space monitors: AmpL1Full=1.9020e-02 | PhaseL1PredSup=2.0059e-02 | SupportBCE=2.4893e+00
   Reciprocal primary: FT_L1=7.2316e+00 | FT_RelL1=6.1214e-01 | FT_Chi2=4.9692e-01 | FT_PearsonCorr=7.7086e-01
   Reciprocal diagnostics: FT_Huber=6.7687e+00 | FT_PearsonLoss=2.2914e-01 | FT_LogRelMSE=1.5369e-01 | FT_Comb=3.6303e-01 | FT_Comb2=4.6673e-01
   Raw-scale diagnostics: FT_VoxelMSE=2.1733e+03 | FT_VoxelRMSE=4.4263e+01
================================================================================

Epoch 1 scheduler lr: 1.000e-03
Saved new best model | best loss: 7.231583 | epoch: 1
Epoch[2] Batch[1/3125] | OptTotal: 7.2165e+00 | FTLoss: 7.2165e+00 | AmpL1Full: 1.8251e-02 | PhaseL1PredSup: 2.0200e-02 | SupportBCE: 2.5255e+00 | SupportWeighted: 0.0000e+00 | BatchLR: 1.000e-03 | Grad: True  | Update: True  | Elapsed: 0:00:00 | ETA: 0:32:26
Epoch[2] Batch[101/3125] | OptTotal: 7.4237e+00 | FTLoss: 7.4237e+00 | AmpL1Full: 2.7811e-02 | PhaseL1PredSup: 3.3460e-02 | SupportBCE: 3.0595e+00 | SupportWeighted: 0.0000e+00 | BatchLR: 1.000e-03 | Grad: True  | Update: True  | Elapsed: 0:00:54 | ETA: 0:27:18
Epoch[2] Batch[201/3125] | OptTotal: 7.1292e+00 | FTLoss: 7.1292e+00 | AmpL1Full: 2.2651e-02 | PhaseL1PredSup: 2.5407e-02 | SupportBCE: 3.0480e+00 | SupportWeighted: 0.0000e+00 | BatchLR: 1.000e-03 | Grad: True  | Update: True  | Elapsed: 0:01:48 | ETA: 0:26:22
Epoch[2] Batch[301/3125] | OptTotal: 6.6954e+00 | FTLoss: 6.6954e+00 | AmpL1Full: 1.6626e-02 | PhaseL1PredSup: 2.6218e-02 | SupportBCE: 2.9655e+00 | SupportWeighted: 0.0000e+00 | BatchLR: 1.000e-03 | Grad: True  | Update: True  | Elapsed: 0:02:43 | ETA: 0:25:29
Epoch[2] Batch[401/3125] | OptTotal: 7.3162e+00 | FTLoss: 7.3162e+00 | AmpL1Full: 2.5175e-02 | PhaseL1PredSup: 2.8293e-02 | SupportBCE: 2.9612e+00 | SupportWeighted: 0.0000e+00 | BatchLR: 1.000e-03 | Grad: True  | Update: True  | Elapsed: 0:03:37 | ETA: 0:24:34
Epoch[2] Batch[501/3125] | OptTotal: 7.2065e+00 | FTLoss: 7.2065e+00 | AmpL1Full: 2.1388e-02 | PhaseL1PredSup: 2.2526e-02 | SupportBCE: 3.0913e+00 | SupportWeighted: 0.0000e+00 | BatchLR: 1.000e-03 | Grad: True  | Update: True  | Elapsed: 0:04:31 | ETA: 0:23:40
Epoch[2] Batch[601/3125] | OptTotal: 7.1871e+00 | FTLoss: 7.1871e+00 | AmpL1Full: 2.2803e-02 | PhaseL1PredSup: 3.1778e-02 | SupportBCE: 3.2174e+00 | SupportWeighted: 0.0000e+00 | BatchLR: 1.000e-03 | Grad: True  | Update: True  | Elapsed: 0:05:25 | ETA: 0:22:45
Epoch[2] Batch[701/3125] | OptTotal: 7.0790e+00 | FTLoss: 7.0790e+00 | AmpL1Full: 2.0283e-02 | PhaseL1PredSup: 2.1057e-02 | SupportBCE: 2.9357e+00 | SupportWeighted: 0.0000e+00 | BatchLR: 1.000e-03 | Grad: True  | Update: True  | Elapsed: 0:06:19 | ETA: 0:21:52
Epoch[2] Batch[801/3125] | OptTotal: 6.4315e+00 | FTLoss: 6.4315e+00 | AmpL1Full: 1.6343e-02 | PhaseL1PredSup: 2.1163e-02 | SupportBCE: 2.8858e+00 | SupportWeighted: 0.0000e+00 | BatchLR: 1.000e-03 | Grad: True  | Update: True  | Elapsed: 0:07:13 | ETA: 0:20:57
Epoch[2] Batch[901/3125] | OptTotal: 6.5389e+00 | FTLoss: 6.5389e+00 | AmpL1Full: 2.1806e-02 | PhaseL1PredSup: 3.0627e-02 | SupportBCE: 3.0515e+00 | SupportWeighted: 0.0000e+00 | BatchLR: 1.000e-03 | Grad: True  | Update: True  | Elapsed: 0:08:07 | ETA: 0:20:03
Epoch[2] Batch[1001/3125] | OptTotal: 7.1153e+00 | FTLoss: 7.1153e+00 | AmpL1Full: 2.3478e-02 | PhaseL1PredSup: 2.4975e-02 | SupportBCE: 2.7440e+00 | SupportWeighted: 0.0000e+00 | BatchLR: 1.000e-03 | Grad: True  | Update: True  | Elapsed: 0:09:01 | ETA: 0:19:09
Epoch[2] Batch[1101/3125] | OptTotal: 7.1017e+00 | FTLoss: 7.1017e+00 | AmpL1Full: 2.3928e-02 | PhaseL1PredSup: 3.0796e-02 | SupportBCE: 2.9912e+00 | SupportWeighted: 0.0000e+00 | BatchLR: 1.000e-03 | Grad: True  | Update: True  | Elapsed: 0:09:55 | ETA: 0:18:15
Epoch[2] Batch[1201/3125] | OptTotal: 6.2144e+00 | FTLoss: 6.2144e+00 | AmpL1Full: 1.5670e-02 | PhaseL1PredSup: 2.3394e-02 | SupportBCE: 3.0735e+00 | SupportWeighted: 0.0000e+00 | BatchLR: 1.000e-03 | Grad: True  | Update: True  | Elapsed: 0:10:49 | ETA: 0:17:21
Epoch[2] Batch[1301/3125] | OptTotal: 6.2524e+00 | FTLoss: 6.2524e+00 | AmpL1Full: 1.7388e-02 | PhaseL1PredSup: 2.9792e-02 | SupportBCE: 3.0303e+00 | SupportWeighted: 0.0000e+00 | BatchLR: 1.000e-03 | Grad: True  | Update: True  | Elapsed: 0:11:44 | ETA: 0:16:27
Epoch[2] Batch[1401/3125] | OptTotal: 7.7655e+00 | FTLoss: 7.7655e+00 | AmpL1Full: 2.2560e-02 | PhaseL1PredSup: 3.7042e-02 | SupportBCE: 2.6707e+00 | SupportWeighted: 0.0000e+00 | BatchLR: 1.000e-03 | Grad: True  | Update: True  | Elapsed: 0:12:38 | ETA: 0:15:33
Epoch[2] Batch[1501/3125] | OptTotal: 6.5116e+00 | FTLoss: 6.5116e+00 | AmpL1Full: 2.0985e-02 | PhaseL1PredSup: 3.1737e-02 | SupportBCE: 2.9933e+00 | SupportWeighted: 0.0000e+00 | BatchLR: 1.000e-03 | Grad: True  | Update: True  | Elapsed: 0:13:32 | ETA: 0:14:38
Epoch[2] Batch[1601/3125] | OptTotal: 6.8723e+00 | FTLoss: 6.8723e+00 | AmpL1Full: 2.1101e-02 | PhaseL1PredSup: 2.8043e-02 | SupportBCE: 3.1764e+00 | SupportWeighted: 0.0000e+00 | BatchLR: 1.000e-03 | Grad: True  | Update: True  | Elapsed: 0:14:26 | ETA: 0:13:44
Epoch[2] Batch[1701/3125] | OptTotal: 7.1329e+00 | FTLoss: 7.1329e+00 | AmpL1Full: 2.5422e-02 | PhaseL1PredSup: 2.6863e-02 | SupportBCE: 3.1244e+00 | SupportWeighted: 0.0000e+00 | BatchLR: 1.000e-03 | Grad: True  | Update: True  | Elapsed: 0:15:20 | ETA: 0:12:50
Epoch[2] Batch[1801/3125] | OptTotal: 7.2011e+00 | FTLoss: 7.2011e+00 | AmpL1Full: 2.5198e-02 | PhaseL1PredSup: 3.1528e-02 | SupportBCE: 3.1408e+00 | SupportWeighted: 0.0000e+00 | BatchLR: 1.000e-03 | Grad: True  | Update: True  | Elapsed: 0:16:14 | ETA: 0:11:56
Epoch[2] Batch[1901/3125] | OptTotal: 6.7067e+00 | FTLoss: 6.7067e+00 | AmpL1Full: 2.1561e-02 | PhaseL1PredSup: 3.2709e-02 | SupportBCE: 2.8393e+00 | SupportWeighted: 0.0000e+00 | BatchLR: 1.000e-03 | Grad: True  | Update: True  | Elapsed: 0:17:08 | ETA: 0:11:02
Epoch[2] Batch[2001/3125] | OptTotal: 6.9046e+00 | FTLoss: 6.9046e+00 | AmpL1Full: 2.4052e-02 | PhaseL1PredSup: 2.9324e-02 | SupportBCE: 3.2505e+00 | SupportWeighted: 0.0000e+00 | BatchLR: 1.000e-03 | Grad: True  | Update: True  | Elapsed: 0:18:02 | ETA: 0:10:08
Epoch[2] Batch[2101/3125] | OptTotal: 6.8332e+00 | FTLoss: 6.8332e+00 | AmpL1Full: 2.1669e-02 | PhaseL1PredSup: 2.7937e-02 | SupportBCE: 3.0633e+00 | SupportWeighted: 0.0000e+00 | BatchLR: 1.000e-03 | Grad: True  | Update: True  | Elapsed: 0:18:56 | ETA: 0:09:14
Epoch[2] Batch[2201/3125] | OptTotal: 7.1002e+00 | FTLoss: 7.1002e+00 | AmpL1Full: 2.6775e-02 | PhaseL1PredSup: 2.7899e-02 | SupportBCE: 3.1035e+00 | SupportWeighted: 0.0000e+00 | BatchLR: 1.000e-03 | Grad: True  | Update: True  | Elapsed: 0:19:51 | ETA: 0:08:20
Epoch[2] Batch[2301/3125] | OptTotal: 7.0462e+00 | FTLoss: 7.0462e+00 | AmpL1Full: 2.3086e-02 | PhaseL1PredSup: 2.2432e-02 | SupportBCE: 3.0672e+00 | SupportWeighted: 0.0000e+00 | BatchLR: 1.000e-03 | Grad: True  | Update: True  | Elapsed: 0:20:45 | ETA: 0:07:25
Epoch[2] Batch[2401/3125] | OptTotal: 6.2136e+00 | FTLoss: 6.2136e+00 | AmpL1Full: 1.7244e-02 | PhaseL1PredSup: 2.6720e-02 | SupportBCE: 3.5045e+00 | SupportWeighted: 0.0000e+00 | BatchLR: 1.000e-03 | Grad: True  | Update: True  | Elapsed: 0:21:39 | ETA: 0:06:31
Epoch[2] Batch[2501/3125] | OptTotal: 6.9931e+00 | FTLoss: 6.9931e+00 | AmpL1Full: 2.4306e-02 | PhaseL1PredSup: 3.0239e-02 | SupportBCE: 3.1171e+00 | SupportWeighted: 0.0000e+00 | BatchLR: 1.000e-03 | Grad: True  | Update: True  | Elapsed: 0:22:33 | ETA: 0:05:37
Epoch[2] Batch[2601/3125] | OptTotal: 7.1385e+00 | FTLoss: 7.1385e+00 | AmpL1Full: 2.3177e-02 | PhaseL1PredSup: 2.4784e-02 | SupportBCE: 3.2567e+00 | SupportWeighted: 0.0000e+00 | BatchLR: 1.000e-03 | Grad: True  | Update: True  | Elapsed: 0:23:27 | ETA: 0:04:43
Epoch[2] Batch[2701/3125] | OptTotal: 6.6069e+00 | FTLoss: 6.6069e+00 | AmpL1Full: 2.2184e-02 | PhaseL1PredSup: 3.2145e-02 | SupportBCE: 3.3054e+00 | SupportWeighted: 0.0000e+00 | BatchLR: 1.000e-03 | Grad: True  | Update: True  | Elapsed: 0:24:21 | ETA: 0:03:49
Epoch[2] Batch[2801/3125] | OptTotal: 6.4413e+00 | FTLoss: 6.4413e+00 | AmpL1Full: 1.9540e-02 | PhaseL1PredSup: 2.5978e-02 | SupportBCE: 3.3601e+00 | SupportWeighted: 0.0000e+00 | BatchLR: 1.000e-03 | Grad: True  | Update: True  | Elapsed: 0:25:15 | ETA: 0:02:55
Epoch[2] Batch[2901/3125] | OptTotal: 6.7435e+00 | FTLoss: 6.7435e+00 | AmpL1Full: 1.9901e-02 | PhaseL1PredSup: 2.1086e-02 | SupportBCE: 3.3036e+00 | SupportWeighted: 0.0000e+00 | BatchLR: 1.000e-03 | Grad: True  | Update: True  | Elapsed: 0:26:09 | ETA: 0:02:01
Epoch[2] Batch[3001/3125] | OptTotal: 6.8607e+00 | FTLoss: 6.8607e+00 | AmpL1Full: 2.0730e-02 | PhaseL1PredSup: 3.1079e-02 | SupportBCE: 3.0105e+00 | SupportWeighted: 0.0000e+00 | BatchLR: 1.000e-03 | Grad: True  | Update: True  | Elapsed: 0:27:04 | ETA: 0:01:07
Epoch[2] Batch[3101/3125] | OptTotal: 6.9315e+00 | FTLoss: 6.9315e+00 | AmpL1Full: 2.2250e-02 | PhaseL1PredSup: 2.6859e-02 | SupportBCE: 3.5624e+00 | SupportWeighted: 0.0000e+00 | BatchLR: 1.000e-03 | Grad: True  | Update: True  | Elapsed: 0:27:58 | ETA: 0:00:12
Epoch[2] Batch[3125/3125] | OptTotal: 6.9600e+00 | FTLoss: 6.9600e+00 | AmpL1Full: 2.2184e-02 | PhaseL1PredSup: 2.8793e-02 | SupportBCE: 3.2427e+00 | SupportWeighted: 0.0000e+00 | BatchLR: 1.000e-03 | Grad: True  | Update: True  | Elapsed: 0:28:11 | ETA: 0:00:00

================================================================================
Epoch 2 complete | total time: 1691.11s | average OptTotal: 6.8746e+00
Average train optimization terms | FTLoss: 6.8746e+00 | SupportWeighted: 0.0000e+00
Average train real-space monitors | AmpL1Full: 2.2016e-02 | PhaseL1PredSup: 2.7731e-02 | SupportBCE: 3.0671e+00
================================================================================

Validation Epoch [2] | Batch [100/625] | OptTotal: 6.8574e+00 | FTLoss: 6.8574e+00 | AmpL1Full: 2.2398e-02 | PhaseL1PredSup: 3.3276e-02 | SupportBCE: 3.4594e+00 | FT_L1: 6.8574e+00 | FT_RelL1: 5.6861e-01 | FT_Chi2: 4.6354e-01 | FT_PearsonCorr: 7.5526e-01
Validation Epoch [2] | Batch [200/625] | OptTotal: 6.6558e+00 | FTLoss: 6.6558e+00 | AmpL1Full: 2.3053e-02 | PhaseL1PredSup: 3.3891e-02 | SupportBCE: 3.1446e+00 | FT_L1: 6.6558e+00 | FT_RelL1: 5.6425e-01 | FT_Chi2: 4.3777e-01 | FT_PearsonCorr: 7.9211e-01
Validation Epoch [2] | Batch [300/625] | OptTotal: 6.8707e+00 | FTLoss: 6.8707e+00 | AmpL1Full: 2.2829e-02 | PhaseL1PredSup: 3.3380e-02 | SupportBCE: 3.6956e+00 | FT_L1: 6.8707e+00 | FT_RelL1: 5.6376e-01 | FT_Chi2: 4.3087e-01 | FT_PearsonCorr: 7.8450e-01
Validation Epoch [2] | Batch [400/625] | OptTotal: 6.3989e+00 | FTLoss: 6.3989e+00 | AmpL1Full: 2.0540e-02 | PhaseL1PredSup: 3.0745e-02 | SupportBCE: 3.6558e+00 | FT_L1: 6.3989e+00 | FT_RelL1: 5.6215e-01 | FT_Chi2: 4.3526e-01 | FT_PearsonCorr: 7.7358e-01
Validation Epoch [2] | Batch [500/625] | OptTotal: 7.0117e+00 | FTLoss: 7.0117e+00 | AmpL1Full: 2.3418e-02 | PhaseL1PredSup: 2.9021e-02 | SupportBCE: 3.3277e+00 | FT_L1: 7.0117e+00 | FT_RelL1: 5.8815e-01 | FT_Chi2: 5.2519e-01 | FT_PearsonCorr: 7.1620e-01
Validation Epoch [2] | Batch [600/625] | OptTotal: 6.4441e+00 | FTLoss: 6.4441e+00 | AmpL1Full: 2.0490e-02 | PhaseL1PredSup: 3.0775e-02 | SupportBCE: 3.3232e+00 | FT_L1: 6.4441e+00 | FT_RelL1: 5.6675e-01 | FT_Chi2: 4.3222e-01 | FT_PearsonCorr: 7.8091e-01
Validation Epoch [2] | Batch [625/625] | OptTotal: 6.6617e+00 | FTLoss: 6.6617e+00 | AmpL1Full: 2.2137e-02 | PhaseL1PredSup: 3.2914e-02 | SupportBCE: 3.2506e+00 | FT_L1: 6.6617e+00 | FT_RelL1: 5.6044e-01 | FT_Chi2: 4.2524e-01 | FT_PearsonCorr: 7.8630e-01

================================================================================
Epoch 2 validation complete
Average validation metrics:
   Optimization: OptTotal=6.7058e+00 | FTLoss=6.7058e+00 | SupportWeighted=0.0000e+00
   Real-space monitors: AmpL1Full=2.2626e-02 | PhaseL1PredSup=3.1916e-02 | SupportBCE=3.3712e+00
   Reciprocal primary: FT_L1=6.7058e+00 | FT_RelL1=5.6867e-01 | FT_Chi2=4.4927e-01 | FT_PearsonCorr=7.7358e-01
   Reciprocal diagnostics: FT_Huber=6.2453e+00 | FT_PearsonLoss=2.2642e-01 | FT_LogRelMSE=1.4038e-01 | FT_Comb=3.3784e-01 | FT_Comb2=4.4795e-01
   Raw-scale diagnostics: FT_VoxelMSE=1.9417e+03 | FT_VoxelRMSE=4.1808e+01
================================================================================

Epoch 2 scheduler lr: 1.000e-03
Saved new best model | best loss: 6.705838 | epoch: 2
Epoch[3] Batch[1/3125] | OptTotal: 6.5683e+00 | FTLoss: 6.5683e+00 | AmpL1Full: 2.2290e-02 | PhaseL1PredSup: 3.1392e-02 | SupportBCE: 3.3625e+00 | SupportWeighted: 0.0000e+00 | BatchLR: 1.000e-03 | Grad: True  | Update: True  | Elapsed: 0:00:00 | ETA: 0:31:24
Epoch[3] Batch[101/3125] | OptTotal: 7.0263e+00 | FTLoss: 7.0263e+00 | AmpL1Full: 2.1446e-02 | PhaseL1PredSup: 2.7322e-02 | SupportBCE: 3.1394e+00 | SupportWeighted: 0.0000e+00 | BatchLR: 1.000e-03 | Grad: True  | Update: True  | Elapsed: 0:00:54 | ETA: 0:27:23
Epoch[3] Batch[201/3125] | OptTotal: 6.7815e+00 | FTLoss: 6.7815e+00 | AmpL1Full: 2.1549e-02 | PhaseL1PredSup: 2.8328e-02 | SupportBCE: 2.9807e+00 | SupportWeighted: 0.0000e+00 | BatchLR: 1.000e-03 | Grad: True  | Update: True  | Elapsed: 0:01:48 | ETA: 0:26:24
Epoch[3] Batch[301/3125] | OptTotal: 6.4451e+00 | FTLoss: 6.4451e+00 | AmpL1Full: 1.7917e-02 | PhaseL1PredSup: 2.5276e-02 | SupportBCE: 3.0310e+00 | SupportWeighted: 0.0000e+00 | BatchLR: 1.000e-03 | Grad: True  | Update: True  | Elapsed: 0:02:42 | ETA: 0:25:28
Epoch[3] Batch[401/3125] | OptTotal: 6.6302e+00 | FTLoss: 6.6302e+00 | AmpL1Full: 1.9344e-02 | PhaseL1PredSup: 2.1645e-02 | SupportBCE: 3.3901e+00 | SupportWeighted: 0.0000e+00 | BatchLR: 1.000e-03 | Grad: True  | Update: True  | Elapsed: 0:03:36 | ETA: 0:24:34
Epoch[3] Batch[501/3125] | OptTotal: 6.7586e+00 | FTLoss: 6.7586e+00 | AmpL1Full: 2.6761e-02 | PhaseL1PredSup: 3.3271e-02 | SupportBCE: 3.1361e+00 | SupportWeighted: 0.0000e+00 | BatchLR: 1.000e-03 | Grad: True  | Update: True  | Elapsed: 0:04:31 | ETA: 0:23:40
Epoch[3] Batch[601/3125] | OptTotal: 6.9986e+00 | FTLoss: 6.9986e+00 | AmpL1Full: 2.2339e-02 | PhaseL1PredSup: 1.8329e-02 | SupportBCE: 2.7888e+00 | SupportWeighted: 0.0000e+00 | BatchLR: 1.000e-03 | Grad: True  | Update: True  | Elapsed: 0:05:25 | ETA: 0:22:45
Epoch[3] Batch[701/3125] | OptTotal: 6.3495e+00 | FTLoss: 6.3495e+00 | AmpL1Full: 1.7850e-02 | PhaseL1PredSup: 2.6833e-02 | SupportBCE: 3.4814e+00 | SupportWeighted: 0.0000e+00 | BatchLR: 1.000e-03 | Grad: True  | Update: True  | Elapsed: 0:06:19 | ETA: 0:21:51
Epoch[3] Batch[801/3125] | OptTotal: 6.4262e+00 | FTLoss: 6.4262e+00 | AmpL1Full: 2.1320e-02 | PhaseL1PredSup: 2.7078e-02 | SupportBCE: 3.1603e+00 | SupportWeighted: 0.0000e+00 | BatchLR: 1.000e-03 | Grad: True  | Update: True  | Elapsed: 0:07:13 | ETA: 0:20:57
Epoch[3] Batch[901/3125] | OptTotal: 6.4364e+00 | FTLoss: 6.4364e+00 | AmpL1Full: 2.0819e-02 | PhaseL1PredSup: 2.8736e-02 | SupportBCE: 3.2792e+00 | SupportWeighted: 0.0000e+00 | BatchLR: 1.000e-03 | Grad: True  | Update: True  | Elapsed: 0:08:07 | ETA: 0:20:03
Epoch[3] Batch[1001/3125] | OptTotal: 6.7227e+00 | FTLoss: 6.7227e+00 | AmpL1Full: 2.4711e-02 | PhaseL1PredSup: 3.7388e-02 | SupportBCE: 3.4264e+00 | SupportWeighted: 0.0000e+00 | BatchLR: 1.000e-03 | Grad: True  | Update: True  | Elapsed: 0:09:02 | ETA: 0:19:10
Epoch[3] Batch[1101/3125] | OptTotal: 7.3766e+00 | FTLoss: 7.3766e+00 | AmpL1Full: 2.5362e-02 | PhaseL1PredSup: 2.4327e-02 | SupportBCE: 2.7795e+00 | SupportWeighted: 0.0000e+00 | BatchLR: 1.000e-03 | Grad: True  | Update: True  | Elapsed: 0:09:56 | ETA: 0:18:15
Epoch[3] Batch[1201/3125] | OptTotal: 6.7769e+00 | FTLoss: 6.7769e+00 | AmpL1Full: 2.3524e-02 | PhaseL1PredSup: 3.4159e-02 | SupportBCE: 3.3496e+00 | SupportWeighted: 0.0000e+00 | BatchLR: 1.000e-03 | Grad: True  | Update: True  | Elapsed: 0:10:50 | ETA: 0:17:21
Epoch[3] Batch[1301/3125] | OptTotal: 6.9449e+00 | FTLoss: 6.9449e+00 | AmpL1Full: 2.3927e-02 | PhaseL1PredSup: 2.8287e-02 | SupportBCE: 3.2938e+00 | SupportWeighted: 0.0000e+00 | BatchLR: 1.000e-03 | Grad: True  | Update: True  | Elapsed: 0:11:44 | ETA: 0:16:27
Epoch[3] Batch[1401/3125] | OptTotal: 6.6496e+00 | FTLoss: 6.6496e+00 | AmpL1Full: 2.3309e-02 | PhaseL1PredSup: 3.4316e-02 | SupportBCE: 3.2278e+00 | SupportWeighted: 0.0000e+00 | BatchLR: 1.000e-03 | Grad: True  | Update: True  | Elapsed: 0:12:38 | ETA: 0:15:33
Epoch[3] Batch[1501/3125] | OptTotal: 6.7662e+00 | FTLoss: 6.7662e+00 | AmpL1Full: 2.1640e-02 | PhaseL1PredSup: 2.7670e-02 | SupportBCE: 3.0368e+00 | SupportWeighted: 0.0000e+00 | BatchLR: 1.000e-03 | Grad: True  | Update: True  | Elapsed: 0:13:32 | ETA: 0:14:39
Epoch[3] Batch[1601/3125] | OptTotal: 6.4335e+00 | FTLoss: 6.4335e+00 | AmpL1Full: 1.9805e-02 | PhaseL1PredSup: 3.1846e-02 | SupportBCE: 3.1224e+00 | SupportWeighted: 0.0000e+00 | BatchLR: 1.000e-03 | Grad: True  | Update: True  | Elapsed: 0:14:26 | ETA: 0:13:45
Epoch[3] Batch[1701/3125] | OptTotal: 6.2391e+00 | FTLoss: 6.2391e+00 | AmpL1Full: 1.7279e-02 | PhaseL1PredSup: 2.4908e-02 | SupportBCE: 3.7044e+00 | SupportWeighted: 0.0000e+00 | BatchLR: 1.000e-03 | Grad: True  | Update: True  | Elapsed: 0:15:20 | ETA: 0:12:50
Epoch[3] Batch[1801/3125] | OptTotal: 6.7750e+00 | FTLoss: 6.7750e+00 | AmpL1Full: 2.6223e-02 | PhaseL1PredSup: 2.7207e-02 | SupportBCE: 3.2440e+00 | SupportWeighted: 0.0000e+00 | BatchLR: 1.000e-03 | Grad: True  | Update: True  | Elapsed: 0:16:14 | ETA: 0:11:56
Epoch[3] Batch[1901/3125] | OptTotal: 6.5259e+00 | FTLoss: 6.5259e+00 | AmpL1Full: 2.1748e-02 | PhaseL1PredSup: 2.7568e-02 | SupportBCE: 3.3178e+00 | SupportWeighted: 0.0000e+00 | BatchLR: 1.000e-03 | Grad: True  | Update: True  | Elapsed: 0:17:09 | ETA: 0:11:02
Epoch[3] Batch[2001/3125] | OptTotal: 6.5233e+00 | FTLoss: 6.5233e+00 | AmpL1Full: 2.1043e-02 | PhaseL1PredSup: 2.5911e-02 | SupportBCE: 3.0852e+00 | SupportWeighted: 0.0000e+00 | BatchLR: 1.000e-03 | Grad: True  | Update: True  | Elapsed: 0:18:03 | ETA: 0:10:08
Epoch[3] Batch[2101/3125] | OptTotal: 6.4663e+00 | FTLoss: 6.4663e+00 | AmpL1Full: 1.9481e-02 | PhaseL1PredSup: 2.6238e-02 | SupportBCE: 3.0484e+00 | SupportWeighted: 0.0000e+00 | BatchLR: 1.000e-03 | Grad: True  | Update: True  | Elapsed: 0:18:57 | ETA: 0:09:14
Epoch[3] Batch[2201/3125] | OptTotal: 6.9632e+00 | FTLoss: 6.9632e+00 | AmpL1Full: 2.3631e-02 | PhaseL1PredSup: 3.0523e-02 | SupportBCE: 3.1290e+00 | SupportWeighted: 0.0000e+00 | BatchLR: 1.000e-03 | Grad: True  | Update: True  | Elapsed: 0:19:51 | ETA: 0:08:20
Epoch[3] Batch[2301/3125] | OptTotal: 6.3408e+00 | FTLoss: 6.3408e+00 | AmpL1Full: 2.2056e-02 | PhaseL1PredSup: 2.9486e-02 | SupportBCE: 3.2379e+00 | SupportWeighted: 0.0000e+00 | BatchLR: 1.000e-03 | Grad: True  | Update: True  | Elapsed: 0:20:45 | ETA: 0:07:26
Epoch[3] Batch[2401/3125] | OptTotal: 6.6541e+00 | FTLoss: 6.6541e+00 | AmpL1Full: 2.2754e-02 | PhaseL1PredSup: 3.0108e-02 | SupportBCE: 3.3939e+00 | SupportWeighted: 0.0000e+00 | BatchLR: 1.000e-03 | Grad: True  | Update: True  | Elapsed: 0:21:39 | ETA: 0:06:31
Epoch[3] Batch[2501/3125] | OptTotal: 6.8072e+00 | FTLoss: 6.8072e+00 | AmpL1Full: 2.6239e-02 | PhaseL1PredSup: 2.8260e-02 | SupportBCE: 3.3347e+00 | SupportWeighted: 0.0000e+00 | BatchLR: 1.000e-03 | Grad: True  | Update: True  | Elapsed: 0:22:33 | ETA: 0:05:37
Epoch[3] Batch[2601/3125] | OptTotal: 6.5988e+00 | FTLoss: 6.5988e+00 | AmpL1Full: 2.5423e-02 | PhaseL1PredSup: 3.5423e-02 | SupportBCE: 3.3194e+00 | SupportWeighted: 0.0000e+00 | BatchLR: 1.000e-03 | Grad: True  | Update: True  | Elapsed: 0:23:27 | ETA: 0:04:43
Epoch[3] Batch[2701/3125] | OptTotal: 6.3152e+00 | FTLoss: 6.3152e+00 | AmpL1Full: 1.9036e-02 | PhaseL1PredSup: 2.4610e-02 | SupportBCE: 3.0027e+00 | SupportWeighted: 0.0000e+00 | BatchLR: 1.000e-03 | Grad: True  | Update: True  | Elapsed: 0:24:22 | ETA: 0:03:49
Epoch[3] Batch[2801/3125] | OptTotal: 6.2735e+00 | FTLoss: 6.2735e+00 | AmpL1Full: 1.5449e-02 | PhaseL1PredSup: 1.9728e-02 | SupportBCE: 3.3686e+00 | SupportWeighted: 0.0000e+00 | BatchLR: 1.000e-03 | Grad: True  | Update: True  | Elapsed: 0:25:16 | ETA: 0:02:55
Epoch[3] Batch[2901/3125] | OptTotal: 6.6298e+00 | FTLoss: 6.6298e+00 | AmpL1Full: 2.6721e-02 | PhaseL1PredSup: 3.3831e-02 | SupportBCE: 3.1113e+00 | SupportWeighted: 0.0000e+00 | BatchLR: 1.000e-03 | Grad: True  | Update: True  | Elapsed: 0:26:10 | ETA: 0:02:01
Epoch[3] Batch[3001/3125] | OptTotal: 6.3809e+00 | FTLoss: 6.3809e+00 | AmpL1Full: 2.1114e-02 | PhaseL1PredSup: 2.9005e-02 | SupportBCE: 3.0626e+00 | SupportWeighted: 0.0000e+00 | BatchLR: 1.000e-03 | Grad: True  | Update: True  | Elapsed: 0:27:04 | ETA: 0:01:07
Epoch[3] Batch[3101/3125] | OptTotal: 6.5408e+00 | FTLoss: 6.5408e+00 | AmpL1Full: 2.3414e-02 | PhaseL1PredSup: 3.2392e-02 | SupportBCE: 3.3547e+00 | SupportWeighted: 0.0000e+00 | BatchLR: 1.000e-03 | Grad: True  | Update: True  | Elapsed: 0:27:58 | ETA: 0:00:12
Epoch[3] Batch[3125/3125] | OptTotal: 6.7874e+00 | FTLoss: 6.7874e+00 | AmpL1Full: 2.1626e-02 | PhaseL1PredSup: 2.7236e-02 | SupportBCE: 3.0217e+00 | SupportWeighted: 0.0000e+00 | BatchLR: 1.000e-03 | Grad: True  | Update: True  | Elapsed: 0:28:11 | ETA: 0:00:00

================================================================================
Epoch 3 complete | total time: 1691.57s | average OptTotal: 6.6926e+00
Average train optimization terms | FTLoss: 6.6926e+00 | SupportWeighted: 0.0000e+00
Average train real-space monitors | AmpL1Full: 2.2447e-02 | PhaseL1PredSup: 2.8457e-02 | SupportBCE: 3.1689e+00
================================================================================

Validation Epoch [3] | Batch [100/625] | OptTotal: 6.8604e+00 | FTLoss: 6.8604e+00 | AmpL1Full: 2.1509e-02 | PhaseL1PredSup: 2.6157e-02 | SupportBCE: 3.1998e+00 | FT_L1: 6.8604e+00 | FT_RelL1: 5.6922e-01 | FT_Chi2: 5.0128e-01 | FT_PearsonCorr: 7.5500e-01
Validation Epoch [3] | Batch [200/625] | OptTotal: 6.6281e+00 | FTLoss: 6.6281e+00 | AmpL1Full: 2.2920e-02 | PhaseL1PredSup: 2.7129e-02 | SupportBCE: 3.0272e+00 | FT_L1: 6.6281e+00 | FT_RelL1: 5.6237e-01 | FT_Chi2: 4.7750e-01 | FT_PearsonCorr: 7.8646e-01
Validation Epoch [3] | Batch [300/625] | OptTotal: 6.8256e+00 | FTLoss: 6.8256e+00 | AmpL1Full: 2.2000e-02 | PhaseL1PredSup: 2.7109e-02 | SupportBCE: 3.3087e+00 | FT_L1: 6.8256e+00 | FT_RelL1: 5.5992e-01 | FT_Chi2: 4.5867e-01 | FT_PearsonCorr: 7.8805e-01
Validation Epoch [3] | Batch [400/625] | OptTotal: 6.4507e+00 | FTLoss: 6.4507e+00 | AmpL1Full: 1.9060e-02 | PhaseL1PredSup: 2.1755e-02 | SupportBCE: 3.2677e+00 | FT_L1: 6.4507e+00 | FT_RelL1: 5.6664e-01 | FT_Chi2: 4.8842e-01 | FT_PearsonCorr: 7.6755e-01
Validation Epoch [3] | Batch [500/625] | OptTotal: 7.0018e+00 | FTLoss: 7.0018e+00 | AmpL1Full: 2.2634e-02 | PhaseL1PredSup: 2.1956e-02 | SupportBCE: 3.0161e+00 | FT_L1: 7.0018e+00 | FT_RelL1: 5.8764e-01 | FT_Chi2: 5.6107e-01 | FT_PearsonCorr: 7.1734e-01
Validation Epoch [3] | Batch [600/625] | OptTotal: 6.4303e+00 | FTLoss: 6.4303e+00 | AmpL1Full: 1.9853e-02 | PhaseL1PredSup: 2.4260e-02 | SupportBCE: 3.0862e+00 | FT_L1: 6.4303e+00 | FT_RelL1: 5.6523e-01 | FT_Chi2: 4.6596e-01 | FT_PearsonCorr: 7.8107e-01
Validation Epoch [3] | Batch [625/625] | OptTotal: 6.6221e+00 | FTLoss: 6.6221e+00 | AmpL1Full: 2.1859e-02 | PhaseL1PredSup: 2.8022e-02 | SupportBCE: 3.0715e+00 | FT_L1: 6.6221e+00 | FT_RelL1: 5.5705e-01 | FT_Chi2: 4.3987e-01 | FT_PearsonCorr: 7.9095e-01

================================================================================
Epoch 3 validation complete
Average validation metrics:
   Optimization: OptTotal=6.6795e+00 | FTLoss=6.6795e+00 | SupportWeighted=0.0000e+00
   Real-space monitors: AmpL1Full=2.2116e-02 | PhaseL1PredSup=2.5885e-02 | SupportBCE=3.1577e+00
   Reciprocal primary: FT_L1=6.6795e+00 | FT_RelL1=5.6654e-01 | FT_Chi2=4.7736e-01 | FT_PearsonCorr=7.7470e-01
   Reciprocal diagnostics: FT_Huber=6.2187e+00 | FT_PearsonLoss=2.2530e-01 | FT_LogRelMSE=1.3616e-01 | FT_Comb=3.5133e-01 | FT_Comb2=4.5768e-01
   Raw-scale diagnostics: FT_VoxelMSE=2.0584e+03 | FT_VoxelRMSE=4.3035e+01
================================================================================

Epoch 3 scheduler lr: 1.000e-03
Saved new best model | best loss: 6.679503 | epoch: 3
Epoch[4] Batch[1/3125] | OptTotal: 6.9107e+00 | FTLoss: 6.9107e+00 | AmpL1Full: 2.2302e-02 | PhaseL1PredSup: 2.6379e-02 | SupportBCE: 3.0577e+00 | SupportWeighted: 0.0000e+00 | BatchLR: 1.000e-03 | Grad: True  | Update: True  | Elapsed: 0:00:00 | ETA: 0:30:06
Epoch[4] Batch[101/3125] | OptTotal: 6.5349e+00 | FTLoss: 6.5349e+00 | AmpL1Full: 2.2096e-02 | PhaseL1PredSup: 3.1624e-02 | SupportBCE: 3.1683e+00 | SupportWeighted: 0.0000e+00 | BatchLR: 1.000e-03 | Grad: True  | Update: True  | Elapsed: 0:00:54 | ETA: 0:27:17
Epoch[4] Batch[201/3125] | OptTotal: 6.3133e+00 | FTLoss: 6.3133e+00 | AmpL1Full: 2.2559e-02 | PhaseL1PredSup: 3.4670e-02 | SupportBCE: 3.4103e+00 | SupportWeighted: 0.0000e+00 | BatchLR: 1.000e-03 | Grad: True  | Update: True  | Elapsed: 0:01:48 | ETA: 0:26:23
Epoch[4] Batch[301/3125] | OptTotal: 6.5689e+00 | FTLoss: 6.5689e+00 | AmpL1Full: 2.0662e-02 | PhaseL1PredSup: 2.8005e-02 | SupportBCE: 3.1916e+00 | SupportWeighted: 0.0000e+00 | BatchLR: 1.000e-03 | Grad: True  | Update: True  | Elapsed: 0:02:42 | ETA: 0:25:29
Epoch[4] Batch[401/3125] | OptTotal: 7.0970e+00 | FTLoss: 7.0970e+00 | AmpL1Full: 2.6168e-02 | PhaseL1PredSup: 2.5872e-02 | SupportBCE: 3.0499e+00 | SupportWeighted: 0.0000e+00 | BatchLR: 1.000e-03 | Grad: True  | Update: True  | Elapsed: 0:03:37 | ETA: 0:24:34
Epoch[4] Batch[501/3125] | OptTotal: 5.8893e+00 | FTLoss: 5.8893e+00 | AmpL1Full: 1.5425e-02 | PhaseL1PredSup: 2.2957e-02 | SupportBCE: 3.0202e+00 | SupportWeighted: 0.0000e+00 | BatchLR: 1.000e-03 | Grad: True  | Update: True  | Elapsed: 0:04:31 | ETA: 0:23:39
Epoch[4] Batch[601/3125] | OptTotal: 6.0770e+00 | FTLoss: 6.0770e+00 | AmpL1Full: 1.9808e-02 | PhaseL1PredSup: 3.0418e-02 | SupportBCE: 3.1763e+00 | SupportWeighted: 0.0000e+00 | BatchLR: 1.000e-03 | Grad: True  | Update: True  | Elapsed: 0:05:25 | ETA: 0:22:46
Epoch[4] Batch[701/3125] | OptTotal: 7.1439e+00 | FTLoss: 7.1439e+00 | AmpL1Full: 2.9027e-02 | PhaseL1PredSup: 2.9581e-02 | SupportBCE: 3.0002e+00 | SupportWeighted: 0.0000e+00 | BatchLR: 1.000e-03 | Grad: True  | Update: True  | Elapsed: 0:06:19 | ETA: 0:21:51
Epoch[4] Batch[801/3125] | OptTotal: 6.9436e+00 | FTLoss: 6.9436e+00 | AmpL1Full: 2.7668e-02 | PhaseL1PredSup: 3.1019e-02 | SupportBCE: 2.9652e+00 | SupportWeighted: 0.0000e+00 | BatchLR: 1.000e-03 | Grad: True  | Update: True  | Elapsed: 0:07:13 | ETA: 0:20:57
Epoch[4] Batch[901/3125] | OptTotal: 6.5343e+00 | FTLoss: 6.5343e+00 | AmpL1Full: 1.9574e-02 | PhaseL1PredSup: 2.8146e-02 | SupportBCE: 3.4209e+00 | SupportWeighted: 0.0000e+00 | BatchLR: 1.000e-03 | Grad: True  | Update: True  | Elapsed: 0:08:07 | ETA: 0:20:03
Epoch[4] Batch[1001/3125] | OptTotal: 7.0355e+00 | FTLoss: 7.0355e+00 | AmpL1Full: 2.5445e-02 | PhaseL1PredSup: 2.3626e-02 | SupportBCE: 3.1262e+00 | SupportWeighted: 0.0000e+00 | BatchLR: 1.000e-03 | Grad: True  | Update: True  | Elapsed: 0:09:01 | ETA: 0:19:09
Epoch[4] Batch[1101/3125] | OptTotal: 6.0368e+00 | FTLoss: 6.0368e+00 | AmpL1Full: 1.4188e-02 | PhaseL1PredSup: 1.9634e-02 | SupportBCE: 2.9912e+00 | SupportWeighted: 0.0000e+00 | BatchLR: 1.000e-03 | Grad: True  | Update: True  | Elapsed: 0:09:55 | ETA: 0:18:15
Epoch[4] Batch[1201/3125] | OptTotal: 6.3421e+00 | FTLoss: 6.3421e+00 | AmpL1Full: 1.6831e-02 | PhaseL1PredSup: 2.0722e-02 | SupportBCE: 2.9779e+00 | SupportWeighted: 0.0000e+00 | BatchLR: 1.000e-03 | Grad: True  | Update: True  | Elapsed: 0:10:49 | ETA: 0:17:20
Epoch[4] Batch[1301/3125] | OptTotal: 6.9793e+00 | FTLoss: 6.9793e+00 | AmpL1Full: 2.6775e-02 | PhaseL1PredSup: 3.3752e-02 | SupportBCE: 3.1986e+00 | SupportWeighted: 0.0000e+00 | BatchLR: 1.000e-03 | Grad: True  | Update: True  | Elapsed: 0:11:43 | ETA: 0:16:26
Epoch[4] Batch[1401/3125] | OptTotal: 6.6112e+00 | FTLoss: 6.6112e+00 | AmpL1Full: 2.1099e-02 | PhaseL1PredSup: 2.7106e-02 | SupportBCE: 3.3023e+00 | SupportWeighted: 0.0000e+00 | BatchLR: 1.000e-03 | Grad: True  | Update: True  | Elapsed: 0:12:38 | ETA: 0:15:32
Epoch[4] Batch[1501/3125] | OptTotal: 7.0442e+00 | FTLoss: 7.0442e+00 | AmpL1Full: 2.6280e-02 | PhaseL1PredSup: 3.1844e-02 | SupportBCE: 3.1130e+00 | SupportWeighted: 0.0000e+00 | BatchLR: 1.000e-03 | Grad: True  | Update: True  | Elapsed: 0:13:32 | ETA: 0:14:38
Epoch[4] Batch[1601/3125] | OptTotal: 6.7467e+00 | FTLoss: 6.7467e+00 | AmpL1Full: 2.3405e-02 | PhaseL1PredSup: 3.0861e-02 | SupportBCE: 3.3534e+00 | SupportWeighted: 0.0000e+00 | BatchLR: 1.000e-03 | Grad: True  | Update: True  | Elapsed: 0:14:26 | ETA: 0:13:44
Epoch[4] Batch[1701/3125] | OptTotal: 6.2763e+00 | FTLoss: 6.2763e+00 | AmpL1Full: 2.2025e-02 | PhaseL1PredSup: 3.5922e-02 | SupportBCE: 2.9949e+00 | SupportWeighted: 0.0000e+00 | BatchLR: 1.000e-03 | Grad: True  | Update: True  | Elapsed: 0:15:20 | ETA: 0:12:50
Epoch[4] Batch[1801/3125] | OptTotal: 7.1870e+00 | FTLoss: 7.1870e+00 | AmpL1Full: 2.8190e-02 | PhaseL1PredSup: 3.2595e-02 | SupportBCE: 3.2122e+00 | SupportWeighted: 0.0000e+00 | BatchLR: 1.000e-03 | Grad: True  | Update: True  | Elapsed: 0:16:14 | ETA: 0:11:56
Epoch[4] Batch[1901/3125] | OptTotal: 6.3864e+00 | FTLoss: 6.3864e+00 | AmpL1Full: 2.2608e-02 | PhaseL1PredSup: 3.0500e-02 | SupportBCE: 3.3451e+00 | SupportWeighted: 0.0000e+00 | BatchLR: 1.000e-03 | Grad: True  | Update: True  | Elapsed: 0:17:08 | ETA: 0:11:02
Epoch[4] Batch[2001/3125] | OptTotal: 6.7084e+00 | FTLoss: 6.7084e+00 | AmpL1Full: 2.1603e-02 | PhaseL1PredSup: 2.6484e-02 | SupportBCE: 3.1414e+00 | SupportWeighted: 0.0000e+00 | BatchLR: 1.000e-03 | Grad: True  | Update: True  | Elapsed: 0:18:02 | ETA: 0:10:08
Epoch[4] Batch[2101/3125] | OptTotal: 7.2106e+00 | FTLoss: 7.2106e+00 | AmpL1Full: 2.7765e-02 | PhaseL1PredSup: 2.8904e-02 | SupportBCE: 3.1523e+00 | SupportWeighted: 0.0000e+00 | BatchLR: 1.000e-03 | Grad: True  | Update: True  | Elapsed: 0:18:56 | ETA: 0:09:14
Epoch[4] Batch[2201/3125] | OptTotal: 6.6669e+00 | FTLoss: 6.6669e+00 | AmpL1Full: 2.3501e-02 | PhaseL1PredSup: 2.9364e-02 | SupportBCE: 3.0569e+00 | SupportWeighted: 0.0000e+00 | BatchLR: 1.000e-03 | Grad: True  | Update: True  | Elapsed: 0:19:50 | ETA: 0:08:19
Epoch[4] Batch[2301/3125] | OptTotal: 6.8281e+00 | FTLoss: 6.8281e+00 | AmpL1Full: 2.3886e-02 | PhaseL1PredSup: 2.8268e-02 | SupportBCE: 3.1348e+00 | SupportWeighted: 0.0000e+00 | BatchLR: 1.000e-03 | Grad: True  | Update: True  | Elapsed: 0:20:45 | ETA: 0:07:25
Epoch[4] Batch[2401/3125] | OptTotal: 7.0408e+00 | FTLoss: 7.0408e+00 | AmpL1Full: 2.4957e-02 | PhaseL1PredSup: 2.5226e-02 | SupportBCE: 2.9552e+00 | SupportWeighted: 0.0000e+00 | BatchLR: 1.000e-03 | Grad: True  | Update: True  | Elapsed: 0:21:39 | ETA: 0:06:31
Epoch[4] Batch[2501/3125] | OptTotal: 7.2184e+00 | FTLoss: 7.2184e+00 | AmpL1Full: 2.3810e-02 | PhaseL1PredSup: 2.8449e-02 | SupportBCE: 3.0231e+00 | SupportWeighted: 0.0000e+00 | BatchLR: 1.000e-03 | Grad: True  | Update: True  | Elapsed: 0:22:33 | ETA: 0:05:37
Epoch[4] Batch[2601/3125] | OptTotal: 6.8817e+00 | FTLoss: 6.8817e+00 | AmpL1Full: 2.4153e-02 | PhaseL1PredSup: 2.9294e-02 | SupportBCE: 3.1661e+00 | SupportWeighted: 0.0000e+00 | BatchLR: 1.000e-03 | Grad: True  | Update: True  | Elapsed: 0:23:27 | ETA: 0:04:43
Epoch[4] Batch[2701/3125] | OptTotal: 7.2210e+00 | FTLoss: 7.2210e+00 | AmpL1Full: 2.7747e-02 | PhaseL1PredSup: 2.6378e-02 | SupportBCE: 3.2184e+00 | SupportWeighted: 0.0000e+00 | BatchLR: 1.000e-03 | Grad: True  | Update: True  | Elapsed: 0:24:21 | ETA: 0:03:49
Epoch[4] Batch[2801/3125] | OptTotal: 6.9374e+00 | FTLoss: 6.9374e+00 | AmpL1Full: 2.4849e-02 | PhaseL1PredSup: 3.1815e-02 | SupportBCE: 3.2727e+00 | SupportWeighted: 0.0000e+00 | BatchLR: 1.000e-03 | Grad: True  | Update: True  | Elapsed: 0:25:15 | ETA: 0:02:55
Epoch[4] Batch[2901/3125] | OptTotal: 6.8610e+00 | FTLoss: 6.8610e+00 | AmpL1Full: 2.4440e-02 | PhaseL1PredSup: 2.9933e-02 | SupportBCE: 3.0231e+00 | SupportWeighted: 0.0000e+00 | BatchLR: 1.000e-03 | Grad: True  | Update: True  | Elapsed: 0:26:09 | ETA: 0:02:01
Epoch[4] Batch[3001/3125] | OptTotal: 6.2597e+00 | FTLoss: 6.2597e+00 | AmpL1Full: 2.0739e-02 | PhaseL1PredSup: 2.8796e-02 | SupportBCE: 3.0099e+00 | SupportWeighted: 0.0000e+00 | BatchLR: 1.000e-03 | Grad: True  | Update: True  | Elapsed: 0:27:03 | ETA: 0:01:07
Epoch[4] Batch[3101/3125] | OptTotal: 6.5912e+00 | FTLoss: 6.5912e+00 | AmpL1Full: 2.3613e-02 | PhaseL1PredSup: 3.0401e-02 | SupportBCE: 3.1359e+00 | SupportWeighted: 0.0000e+00 | BatchLR: 1.000e-03 | Grad: True  | Update: True  | Elapsed: 0:27:57 | ETA: 0:00:12
Epoch[4] Batch[3125/3125] | OptTotal: 6.7892e+00 | FTLoss: 6.7892e+00 | AmpL1Full: 2.5076e-02 | PhaseL1PredSup: 2.3950e-02 | SupportBCE: 2.8610e+00 | SupportWeighted: 0.0000e+00 | BatchLR: 1.000e-03 | Grad: True  | Update: True  | Elapsed: 0:28:10 | ETA: 0:00:00

================================================================================
Epoch 4 complete | total time: 1690.96s | average OptTotal: 6.6338e+00
Average train optimization terms | FTLoss: 6.6338e+00 | SupportWeighted: 0.0000e+00
Average train real-space monitors | AmpL1Full: 2.2580e-02 | PhaseL1PredSup: 2.8403e-02 | SupportBCE: 3.1394e+00
================================================================================

Validation Epoch [4] | Batch [100/625] | OptTotal: 6.8072e+00 | FTLoss: 6.8072e+00 | AmpL1Full: 2.1266e-02 | PhaseL1PredSup: 2.6347e-02 | SupportBCE: 2.9532e+00 | FT_L1: 6.8072e+00 | FT_RelL1: 5.6463e-01 | FT_Chi2: 5.1552e-01 | FT_PearsonCorr: 7.4824e-01
Validation Epoch [4] | Batch [200/625] | OptTotal: 6.5505e+00 | FTLoss: 6.5505e+00 | AmpL1Full: 2.2719e-02 | PhaseL1PredSup: 2.8351e-02 | SupportBCE: 2.7887e+00 | FT_L1: 6.5505e+00 | FT_RelL1: 5.5602e-01 | FT_Chi2: 4.8610e-01 | FT_PearsonCorr: 7.8337e-01
Validation Epoch [4] | Batch [300/625] | OptTotal: 6.7825e+00 | FTLoss: 6.7825e+00 | AmpL1Full: 2.1822e-02 | PhaseL1PredSup: 2.7386e-02 | SupportBCE: 3.1331e+00 | FT_L1: 6.7825e+00 | FT_RelL1: 5.5645e-01 | FT_Chi2: 4.7560e-01 | FT_PearsonCorr: 7.8198e-01
Validation Epoch [4] | Batch [400/625] | OptTotal: 6.3805e+00 | FTLoss: 6.3805e+00 | AmpL1Full: 1.9093e-02 | PhaseL1PredSup: 2.3220e-02 | SupportBCE: 3.1581e+00 | FT_L1: 6.3805e+00 | FT_RelL1: 5.6065e-01 | FT_Chi2: 4.9154e-01 | FT_PearsonCorr: 7.6543e-01
Validation Epoch [4] | Batch [500/625] | OptTotal: 6.9756e+00 | FTLoss: 6.9756e+00 | AmpL1Full: 2.2332e-02 | PhaseL1PredSup: 2.2025e-02 | SupportBCE: 2.9286e+00 | FT_L1: 6.9756e+00 | FT_RelL1: 5.8536e-01 | FT_Chi2: 5.7526e-01 | FT_PearsonCorr: 7.1439e-01
Validation Epoch [4] | Batch [600/625] | OptTotal: 6.3862e+00 | FTLoss: 6.3862e+00 | AmpL1Full: 1.9555e-02 | PhaseL1PredSup: 2.4457e-02 | SupportBCE: 2.8582e+00 | FT_L1: 6.3862e+00 | FT_RelL1: 5.6134e-01 | FT_Chi2: 4.8174e-01 | FT_PearsonCorr: 7.7739e-01
Validation Epoch [4] | Batch [625/625] | OptTotal: 6.5584e+00 | FTLoss: 6.5584e+00 | AmpL1Full: 2.1538e-02 | PhaseL1PredSup: 2.8786e-02 | SupportBCE: 2.8382e+00 | FT_L1: 6.5584e+00 | FT_RelL1: 5.5179e-01 | FT_Chi2: 4.5178e-01 | FT_PearsonCorr: 7.8753e-01

================================================================================
Epoch 4 validation complete
Average validation metrics:
   Optimization: OptTotal=6.6300e+00 | FTLoss=6.6300e+00 | SupportWeighted=0.0000e+00
   Real-space monitors: AmpL1Full=2.1857e-02 | PhaseL1PredSup=2.6267e-02 | SupportBCE=2.9483e+00
   Reciprocal primary: FT_L1=6.6300e+00 | FT_RelL1=5.6235e-01 | FT_Chi2=4.9143e-01 | FT_PearsonCorr=7.6939e-01
   Reciprocal diagnostics: FT_Huber=6.1695e+00 | FT_PearsonLoss=2.3061e-01 | FT_LogRelMSE=1.3496e-01 | FT_Comb=3.6102e-01 | FT_Comb2=4.6540e-01
   Raw-scale diagnostics: FT_VoxelMSE=2.1126e+03 | FT_VoxelRMSE=4.3658e+01
================================================================================

Epoch 4 scheduler lr: 1.000e-03
Saved new best model | best loss: 6.629958 | epoch: 4
Epoch[5] Batch[1/3125] | OptTotal: 6.6730e+00 | FTLoss: 6.6730e+00 | AmpL1Full: 2.3463e-02 | PhaseL1PredSup: 2.7358e-02 | SupportBCE: 2.9630e+00 | SupportWeighted: 0.0000e+00 | BatchLR: 1.000e-03 | Grad: True  | Update: True  | Elapsed: 0:00:00 | ETA: 0:33:02
Epoch[5] Batch[101/3125] | OptTotal: 6.5085e+00 | FTLoss: 6.5085e+00 | AmpL1Full: 2.1738e-02 | PhaseL1PredSup: 2.8902e-02 | SupportBCE: 3.0794e+00 | SupportWeighted: 0.0000e+00 | BatchLR: 1.000e-03 | Grad: True  | Update: True  | Elapsed: 0:00:54 | ETA: 0:27:19
Epoch[5] Batch[201/3125] | OptTotal: 6.8879e+00 | FTLoss: 6.8879e+00 | AmpL1Full: 2.2177e-02 | PhaseL1PredSup: 3.0140e-02 | SupportBCE: 2.8358e+00 | SupportWeighted: 0.0000e+00 | BatchLR: 1.000e-03 | Grad: True  | Update: True  | Elapsed: 0:01:48 | ETA: 0:26:22
Epoch[5] Batch[301/3125] | OptTotal: 6.8848e+00 | FTLoss: 6.8848e+00 | AmpL1Full: 2.5430e-02 | PhaseL1PredSup: 2.7503e-02 | SupportBCE: 3.0111e+00 | SupportWeighted: 0.0000e+00 | BatchLR: 1.000e-03 | Grad: True  | Update: True  | Elapsed: 0:02:42 | ETA: 0:25:27
Epoch[5] Batch[401/3125] | OptTotal: 5.7744e+00 | FTLoss: 5.7744e+00 | AmpL1Full: 1.4167e-02 | PhaseL1PredSup: 2.1961e-02 | SupportBCE: 3.3599e+00 | SupportWeighted: 0.0000e+00 | BatchLR: 1.000e-03 | Grad: True  | Update: True  | Elapsed: 0:03:37 | ETA: 0:24:34
Epoch[5] Batch[501/3125] | OptTotal: 6.2264e+00 | FTLoss: 6.2264e+00 | AmpL1Full: 2.0760e-02 | PhaseL1PredSup: 2.9821e-02 | SupportBCE: 2.9474e+00 | SupportWeighted: 0.0000e+00 | BatchLR: 1.000e-03 | Grad: True  | Update: True  | Elapsed: 0:04:31 | ETA: 0:23:40
Epoch[5] Batch[601/3125] | OptTotal: 5.8805e+00 | FTLoss: 5.8805e+00 | AmpL1Full: 1.8318e-02 | PhaseL1PredSup: 3.2241e-02 | SupportBCE: 3.0726e+00 | SupportWeighted: 0.0000e+00 | BatchLR: 1.000e-03 | Grad: True  | Update: True  | Elapsed: 0:05:25 | ETA: 0:22:45
Epoch[5] Batch[701/3125] | OptTotal: 6.6909e+00 | FTLoss: 6.6909e+00 | AmpL1Full: 2.5528e-02 | PhaseL1PredSup: 3.0612e-02 | SupportBCE: 3.3798e+00 | SupportWeighted: 0.0000e+00 | BatchLR: 1.000e-03 | Grad: True  | Update: True  | Elapsed: 0:06:19 | ETA: 0:21:51
Epoch[5] Batch[801/3125] | OptTotal: 6.0749e+00 | FTLoss: 6.0749e+00 | AmpL1Full: 1.6834e-02 | PhaseL1PredSup: 2.3881e-02 | SupportBCE: 3.2380e+00 | SupportWeighted: 0.0000e+00 | BatchLR: 1.000e-03 | Grad: True  | Update: True  | Elapsed: 0:07:13 | ETA: 0:20:57
Epoch[5] Batch[901/3125] | OptTotal: 6.3817e+00 | FTLoss: 6.3817e+00 | AmpL1Full: 1.8878e-02 | PhaseL1PredSup: 2.6070e-02 | SupportBCE: 3.2314e+00 | SupportWeighted: 0.0000e+00 | BatchLR: 1.000e-03 | Grad: True  | Update: True  | Elapsed: 0:08:07 | ETA: 0:20:03
Epoch[5] Batch[1001/3125] | OptTotal: 6.9892e+00 | FTLoss: 6.9892e+00 | AmpL1Full: 2.1150e-02 | PhaseL1PredSup: 2.4783e-02 | SupportBCE: 2.9670e+00 | SupportWeighted: 0.0000e+00 | BatchLR: 1.000e-03 | Grad: True  | Update: True  | Elapsed: 0:09:01 | ETA: 0:19:09
Epoch[5] Batch[1101/3125] | OptTotal: 6.6481e+00 | FTLoss: 6.6481e+00 | AmpL1Full: 2.1156e-02 | PhaseL1PredSup: 2.5991e-02 | SupportBCE: 3.0588e+00 | SupportWeighted: 0.0000e+00 | BatchLR: 1.000e-03 | Grad: True  | Update: True  | Elapsed: 0:09:55 | ETA: 0:18:15
Epoch[5] Batch[1201/3125] | OptTotal: 6.0951e+00 | FTLoss: 6.0951e+00 | AmpL1Full: 1.8224e-02 | PhaseL1PredSup: 2.3872e-02 | SupportBCE: 3.3701e+00 | SupportWeighted: 0.0000e+00 | BatchLR: 1.000e-03 | Grad: True  | Update: True  | Elapsed: 0:10:49 | ETA: 0:17:21
Epoch[5] Batch[1301/3125] | OptTotal: 6.6482e+00 | FTLoss: 6.6482e+00 | AmpL1Full: 2.2034e-02 | PhaseL1PredSup: 2.6405e-02 | SupportBCE: 3.1273e+00 | SupportWeighted: 0.0000e+00 | BatchLR: 1.000e-03 | Grad: True  | Update: True  | Elapsed: 0:11:43 | ETA: 0:16:26
Epoch[5] Batch[1401/3125] | OptTotal: 7.0667e+00 | FTLoss: 7.0667e+00 | AmpL1Full: 3.2960e-02 | PhaseL1PredSup: 4.0783e-02 | SupportBCE: 3.1453e+00 | SupportWeighted: 0.0000e+00 | BatchLR: 1.000e-03 | Grad: True  | Update: True  | Elapsed: 0:12:38 | ETA: 0:15:32
Epoch[5] Batch[1501/3125] | OptTotal: 6.4900e+00 | FTLoss: 6.4900e+00 | AmpL1Full: 2.0448e-02 | PhaseL1PredSup: 2.4850e-02 | SupportBCE: 2.8600e+00 | SupportWeighted: 0.0000e+00 | BatchLR: 1.000e-03 | Grad: True  | Update: True  | Elapsed: 0:13:32 | ETA: 0:14:38
Epoch[5] Batch[1601/3125] | OptTotal: 6.5018e+00 | FTLoss: 6.5018e+00 | AmpL1Full: 2.5112e-02 | PhaseL1PredSup: 3.3578e-02 | SupportBCE: 2.9395e+00 | SupportWeighted: 0.0000e+00 | BatchLR: 1.000e-03 | Grad: True  | Update: True  | Elapsed: 0:14:26 | ETA: 0:13:44
Epoch[5] Batch[1701/3125] | OptTotal: 6.4979e+00 | FTLoss: 6.4979e+00 | AmpL1Full: 2.2370e-02 | PhaseL1PredSup: 2.8836e-02 | SupportBCE: 3.1670e+00 | SupportWeighted: 0.0000e+00 | BatchLR: 1.000e-03 | Grad: True  | Update: True  | Elapsed: 0:15:20 | ETA: 0:12:50
Epoch[5] Batch[1801/3125] | OptTotal: 6.5559e+00 | FTLoss: 6.5559e+00 | AmpL1Full: 1.9647e-02 | PhaseL1PredSup: 2.7894e-02 | SupportBCE: 3.1263e+00 | SupportWeighted: 0.0000e+00 | BatchLR: 1.000e-03 | Grad: True  | Update: True  | Elapsed: 0:16:14 | ETA: 0:11:56
Epoch[5] Batch[1901/3125] | OptTotal: 7.2451e+00 | FTLoss: 7.2451e+00 | AmpL1Full: 3.2081e-02 | PhaseL1PredSup: 3.4682e-02 | SupportBCE: 3.1902e+00 | SupportWeighted: 0.0000e+00 | BatchLR: 1.000e-03 | Grad: True  | Update: True  | Elapsed: 0:17:08 | ETA: 0:11:02
Epoch[5] Batch[2001/3125] | OptTotal: 6.2837e+00 | FTLoss: 6.2837e+00 | AmpL1Full: 1.7773e-02 | PhaseL1PredSup: 2.2341e-02 | SupportBCE: 3.2999e+00 | SupportWeighted: 0.0000e+00 | BatchLR: 1.000e-03 | Grad: True  | Update: True  | Elapsed: 0:18:02 | ETA: 0:10:08
Epoch[5] Batch[2101/3125] | OptTotal: 7.0399e+00 | FTLoss: 7.0399e+00 | AmpL1Full: 2.2077e-02 | PhaseL1PredSup: 2.3159e-02 | SupportBCE: 3.0342e+00 | SupportWeighted: 0.0000e+00 | BatchLR: 1.000e-03 | Grad: True  | Update: True  | Elapsed: 0:18:56 | ETA: 0:09:14
Epoch[5] Batch[2201/3125] | OptTotal: 6.3998e+00 | FTLoss: 6.3998e+00 | AmpL1Full: 2.1113e-02 | PhaseL1PredSup: 2.8877e-02 | SupportBCE: 3.0991e+00 | SupportWeighted: 0.0000e+00 | BatchLR: 1.000e-03 | Grad: True  | Update: True  | Elapsed: 0:19:50 | ETA: 0:08:19
Epoch[5] Batch[2301/3125] | OptTotal: 6.5029e+00 | FTLoss: 6.5029e+00 | AmpL1Full: 2.1265e-02 | PhaseL1PredSup: 2.8863e-02 | SupportBCE: 3.2948e+00 | SupportWeighted: 0.0000e+00 | BatchLR: 1.000e-03 | Grad: True  | Update: True  | Elapsed: 0:20:45 | ETA: 0:07:25
Epoch[5] Batch[2401/3125] | OptTotal: 6.4879e+00 | FTLoss: 6.4879e+00 | AmpL1Full: 2.5333e-02 | PhaseL1PredSup: 3.6419e-02 | SupportBCE: 2.9310e+00 | SupportWeighted: 0.0000e+00 | BatchLR: 1.000e-03 | Grad: True  | Update: True  | Elapsed: 0:21:39 | ETA: 0:06:31
Epoch[5] Batch[2501/3125] | OptTotal: 6.7692e+00 | FTLoss: 6.7692e+00 | AmpL1Full: 2.7275e-02 | PhaseL1PredSup: 3.6420e-02 | SupportBCE: 3.1794e+00 | SupportWeighted: 0.0000e+00 | BatchLR: 1.000e-03 | Grad: True  | Update: True  | Elapsed: 0:22:33 | ETA: 0:05:37
Epoch[5] Batch[2601/3125] | OptTotal: 6.8486e+00 | FTLoss: 6.8486e+00 | AmpL1Full: 2.5751e-02 | PhaseL1PredSup: 2.9363e-02 | SupportBCE: 2.9867e+00 | SupportWeighted: 0.0000e+00 | BatchLR: 1.000e-03 | Grad: True  | Update: True  | Elapsed: 0:23:27 | ETA: 0:04:43
Epoch[5] Batch[2701/3125] | OptTotal: 6.0301e+00 | FTLoss: 6.0301e+00 | AmpL1Full: 1.7071e-02 | PhaseL1PredSup: 2.7103e-02 | SupportBCE: 3.4219e+00 | SupportWeighted: 0.0000e+00 | BatchLR: 1.000e-03 | Grad: True  | Update: True  | Elapsed: 0:24:21 | ETA: 0:03:49
Epoch[5] Batch[2801/3125] | OptTotal: 6.3582e+00 | FTLoss: 6.3582e+00 | AmpL1Full: 2.0750e-02 | PhaseL1PredSup: 3.1050e-02 | SupportBCE: 3.4210e+00 | SupportWeighted: 0.0000e+00 | BatchLR: 1.000e-03 | Grad: True  | Update: True  | Elapsed: 0:25:15 | ETA: 0:02:55
Epoch[5] Batch[2901/3125] | OptTotal: 6.6992e+00 | FTLoss: 6.6992e+00 | AmpL1Full: 1.8716e-02 | PhaseL1PredSup: 1.9811e-02 | SupportBCE: 3.1970e+00 | SupportWeighted: 0.0000e+00 | BatchLR: 1.000e-03 | Grad: True  | Update: True  | Elapsed: 0:26:09 | ETA: 0:02:01
Epoch[5] Batch[3001/3125] | OptTotal: 6.3541e+00 | FTLoss: 6.3541e+00 | AmpL1Full: 2.3530e-02 | PhaseL1PredSup: 3.1447e-02 | SupportBCE: 2.8065e+00 | SupportWeighted: 0.0000e+00 | BatchLR: 1.000e-03 | Grad: True  | Update: True  | Elapsed: 0:27:03 | ETA: 0:01:07
Epoch[5] Batch[3101/3125] | OptTotal: 6.6564e+00 | FTLoss: 6.6564e+00 | AmpL1Full: 2.3059e-02 | PhaseL1PredSup: 2.8334e-02 | SupportBCE: 3.1529e+00 | SupportWeighted: 0.0000e+00 | BatchLR: 1.000e-03 | Grad: True  | Update: True  | Elapsed: 0:27:58 | ETA: 0:00:12
Epoch[5] Batch[3125/3125] | OptTotal: 5.9381e+00 | FTLoss: 5.9381e+00 | AmpL1Full: 1.8000e-02 | PhaseL1PredSup: 3.2864e-02 | SupportBCE: 3.0617e+00 | SupportWeighted: 0.0000e+00 | BatchLR: 1.000e-03 | Grad: True  | Update: True  | Elapsed: 0:28:11 | ETA: 0:00:00

================================================================================
Epoch 5 complete | total time: 1691.02s | average OptTotal: 6.5839e+00
Average train optimization terms | FTLoss: 6.5839e+00 | SupportWeighted: 0.0000e+00
Average train real-space monitors | AmpL1Full: 2.2614e-02 | PhaseL1PredSup: 2.8729e-02 | SupportBCE: 3.1303e+00
================================================================================

Validation Epoch [5] | Batch [100/625] | OptTotal: 6.7317e+00 | FTLoss: 6.7317e+00 | AmpL1Full: 2.2680e-02 | PhaseL1PredSup: 3.4448e-02 | SupportBCE: 3.1452e+00 | FT_L1: 6.7317e+00 | FT_RelL1: 5.5841e-01 | FT_Chi2: 4.9857e-01 | FT_PearsonCorr: 7.3878e-01
Validation Epoch [5] | Batch [200/625] | OptTotal: 6.4232e+00 | FTLoss: 6.4232e+00 | AmpL1Full: 2.4747e-02 | PhaseL1PredSup: 3.8818e-02 | SupportBCE: 2.9392e+00 | FT_L1: 6.4232e+00 | FT_RelL1: 5.4500e-01 | FT_Chi2: 4.4274e-01 | FT_PearsonCorr: 7.8673e-01
Validation Epoch [5] | Batch [300/625] | OptTotal: 6.6241e+00 | FTLoss: 6.6241e+00 | AmpL1Full: 2.3214e-02 | PhaseL1PredSup: 3.6656e-02 | SupportBCE: 3.2314e+00 | FT_L1: 6.6241e+00 | FT_RelL1: 5.4324e-01 | FT_Chi2: 4.3895e-01 | FT_PearsonCorr: 7.8214e-01
Validation Epoch [5] | Batch [400/625] | OptTotal: 6.2371e+00 | FTLoss: 6.2371e+00 | AmpL1Full: 2.0349e-02 | PhaseL1PredSup: 3.1644e-02 | SupportBCE: 3.2387e+00 | FT_L1: 6.2371e+00 | FT_RelL1: 5.4791e-01 | FT_Chi2: 4.5245e-01 | FT_PearsonCorr: 7.6727e-01
Validation Epoch [5] | Batch [500/625] | OptTotal: 6.8610e+00 | FTLoss: 6.8610e+00 | AmpL1Full: 2.3798e-02 | PhaseL1PredSup: 2.9075e-02 | SupportBCE: 3.0302e+00 | FT_L1: 6.8610e+00 | FT_RelL1: 5.7588e-01 | FT_Chi2: 5.4207e-01 | FT_PearsonCorr: 7.1400e-01
Validation Epoch [5] | Batch [600/625] | OptTotal: 6.2296e+00 | FTLoss: 6.2296e+00 | AmpL1Full: 2.1201e-02 | PhaseL1PredSup: 3.3749e-02 | SupportBCE: 2.9209e+00 | FT_L1: 6.2296e+00 | FT_RelL1: 5.4764e-01 | FT_Chi2: 4.3638e-01 | FT_PearsonCorr: 7.7963e-01
Validation Epoch [5] | Batch [625/625] | OptTotal: 6.4230e+00 | FTLoss: 6.4230e+00 | AmpL1Full: 2.3248e-02 | PhaseL1PredSup: 3.8815e-02 | SupportBCE: 2.8730e+00 | FT_L1: 6.4230e+00 | FT_RelL1: 5.4024e-01 | FT_Chi2: 4.1526e-01 | FT_PearsonCorr: 7.8693e-01

================================================================================
Epoch 5 validation complete
Average validation metrics:
   Optimization: OptTotal=6.5022e+00 | FTLoss=6.5022e+00 | SupportWeighted=0.0000e+00
   Real-space monitors: AmpL1Full=2.3336e-02 | PhaseL1PredSup=3.5175e-02 | SupportBCE=3.0507e+00
   Reciprocal primary: FT_L1=6.5022e+00 | FT_RelL1=5.5149e-01 | FT_Chi2=4.5758e-01 | FT_PearsonCorr=7.6910e-01
   Reciprocal diagnostics: FT_Huber=6.0412e+00 | FT_PearsonLoss=2.3090e-01 | FT_LogRelMSE=1.3471e-01 | FT_Comb=3.4424e-01 | FT_Comb2=4.5316e-01
   Raw-scale diagnostics: FT_VoxelMSE=1.9822e+03 | FT_VoxelRMSE=4.2108e+01
================================================================================

Epoch 5 scheduler lr: 1.000e-03
Saved new best model | best loss: 6.502175 | epoch: 5
Epoch[6] Batch[1/3125] | OptTotal: 6.2653e+00 | FTLoss: 6.2653e+00 | AmpL1Full: 2.3648e-02 | PhaseL1PredSup: 3.4571e-02 | SupportBCE: 3.1839e+00 | SupportWeighted: 0.0000e+00 | BatchLR: 1.000e-03 | Grad: True  | Update: True  | Elapsed: 0:00:00 | ETA: 0:30:19
Epoch[6] Batch[101/3125] | OptTotal: 6.6135e+00 | FTLoss: 6.6135e+00 | AmpL1Full: 2.3205e-02 | PhaseL1PredSup: 2.9356e-02 | SupportBCE: 3.2372e+00 | SupportWeighted: 0.0000e+00 | BatchLR: 1.000e-03 | Grad: True  | Update: True  | Elapsed: 0:00:54 | ETA: 0:27:19
Epoch[6] Batch[201/3125] | OptTotal: 6.5091e+00 | FTLoss: 6.5091e+00 | AmpL1Full: 2.1073e-02 | PhaseL1PredSup: 2.5396e-02 | SupportBCE: 2.9402e+00 | SupportWeighted: 0.0000e+00 | BatchLR: 1.000e-03 | Grad: True  | Update: True  | Elapsed: 0:01:48 | ETA: 0:26:25
Epoch[6] Batch[301/3125] | OptTotal: 6.4585e+00 | FTLoss: 6.4585e+00 | AmpL1Full: 2.2647e-02 | PhaseL1PredSup: 3.1411e-02 | SupportBCE: 3.2336e+00 | SupportWeighted: 0.0000e+00 | BatchLR: 1.000e-03 | Grad: True  | Update: True  | Elapsed: 0:02:43 | ETA: 0:25:29
Epoch[6] Batch[401/3125] | OptTotal: 6.6919e+00 | FTLoss: 6.6919e+00 | AmpL1Full: 2.4937e-02 | PhaseL1PredSup: 3.1482e-02 | SupportBCE: 2.9410e+00 | SupportWeighted: 0.0000e+00 | BatchLR: 1.000e-03 | Grad: True  | Update: True  | Elapsed: 0:03:37 | ETA: 0:24:34
Epoch[6] Batch[501/3125] | OptTotal: 6.8317e+00 | FTLoss: 6.8317e+00 | AmpL1Full: 2.3416e-02 | PhaseL1PredSup: 2.5453e-02 | SupportBCE: 3.1126e+00 | SupportWeighted: 0.0000e+00 | BatchLR: 1.000e-03 | Grad: True  | Update: True  | Elapsed: 0:04:31 | ETA: 0:23:40
Epoch[6] Batch[601/3125] | OptTotal: 6.5403e+00 | FTLoss: 6.5403e+00 | AmpL1Full: 2.4004e-02 | PhaseL1PredSup: 2.9866e-02 | SupportBCE: 3.1509e+00 | SupportWeighted: 0.0000e+00 | BatchLR: 1.000e-03 | Grad: True  | Update: True  | Elapsed: 0:05:25 | ETA: 0:22:46
Epoch[6] Batch[701/3125] | OptTotal: 6.6263e+00 | FTLoss: 6.6263e+00 | AmpL1Full: 2.2367e-02 | PhaseL1PredSup: 2.6046e-02 | SupportBCE: 3.0702e+00 | SupportWeighted: 0.0000e+00 | BatchLR: 1.000e-03 | Grad: True  | Update: True  | Elapsed: 0:06:19 | ETA: 0:21:52
Epoch[6] Batch[801/3125] | OptTotal: 6.2812e+00 | FTLoss: 6.2812e+00 | AmpL1Full: 1.7834e-02 | PhaseL1PredSup: 2.0900e-02 | SupportBCE: 3.1714e+00 | SupportWeighted: 0.0000e+00 | BatchLR: 1.000e-03 | Grad: True  | Update: True  | Elapsed: 0:07:13 | ETA: 0:20:57
Epoch[6] Batch[901/3125] | OptTotal: 7.1275e+00 | FTLoss: 7.1275e+00 | AmpL1Full: 2.8699e-02 | PhaseL1PredSup: 2.5363e-02 | SupportBCE: 3.1622e+00 | SupportWeighted: 0.0000e+00 | BatchLR: 1.000e-03 | Grad: True  | Update: True  | Elapsed: 0:08:07 | ETA: 0:20:04
Epoch[6] Batch[1001/3125] | OptTotal: 6.5659e+00 | FTLoss: 6.5659e+00 | AmpL1Full: 2.2042e-02 | PhaseL1PredSup: 3.1618e-02 | SupportBCE: 3.1832e+00 | SupportWeighted: 0.0000e+00 | BatchLR: 1.000e-03 | Grad: True  | Update: True  | Elapsed: 0:09:01 | ETA: 0:19:09
Epoch[6] Batch[1101/3125] | OptTotal: 6.3995e+00 | FTLoss: 6.3995e+00 | AmpL1Full: 2.0719e-02 | PhaseL1PredSup: 2.8407e-02 | SupportBCE: 3.2426e+00 | SupportWeighted: 0.0000e+00 | BatchLR: 1.000e-03 | Grad: True  | Update: True  | Elapsed: 0:09:55 | ETA: 0:18:15
Epoch[6] Batch[1201/3125] | OptTotal: 6.6819e+00 | FTLoss: 6.6819e+00 | AmpL1Full: 2.3969e-02 | PhaseL1PredSup: 2.8656e-02 | SupportBCE: 3.1022e+00 | SupportWeighted: 0.0000e+00 | BatchLR: 1.000e-03 | Grad: True  | Update: True  | Elapsed: 0:10:49 | ETA: 0:17:21
Epoch[6] Batch[1301/3125] | OptTotal: 6.4330e+00 | FTLoss: 6.4330e+00 | AmpL1Full: 1.8346e-02 | PhaseL1PredSup: 2.3429e-02 | SupportBCE: 3.2130e+00 | SupportWeighted: 0.0000e+00 | BatchLR: 1.000e-03 | Grad: True  | Update: True  | Elapsed: 0:11:44 | ETA: 0:16:27
Epoch[6] Batch[1401/3125] | OptTotal: 6.6355e+00 | FTLoss: 6.6355e+00 | AmpL1Full: 2.5201e-02 | PhaseL1PredSup: 3.3548e-02 | SupportBCE: 3.0175e+00 | SupportWeighted: 0.0000e+00 | BatchLR: 1.000e-03 | Grad: True  | Update: True  | Elapsed: 0:12:38 | ETA: 0:15:33
Epoch[6] Batch[1501/3125] | OptTotal: 6.6195e+00 | FTLoss: 6.6195e+00 | AmpL1Full: 2.3288e-02 | PhaseL1PredSup: 2.9174e-02 | SupportBCE: 3.0748e+00 | SupportWeighted: 0.0000e+00 | BatchLR: 1.000e-03 | Grad: True  | Update: True  | Elapsed: 0:13:32 | ETA: 0:14:38
Epoch[6] Batch[1601/3125] | OptTotal: 6.7969e+00 | FTLoss: 6.7969e+00 | AmpL1Full: 2.4833e-02 | PhaseL1PredSup: 3.0393e-02 | SupportBCE: 3.2097e+00 | SupportWeighted: 0.0000e+00 | BatchLR: 1.000e-03 | Grad: True  | Update: True  | Elapsed: 0:14:26 | ETA: 0:13:44
Epoch[6] Batch[1701/3125] | OptTotal: 6.5674e+00 | FTLoss: 6.5674e+00 | AmpL1Full: 2.0764e-02 | PhaseL1PredSup: 2.5953e-02 | SupportBCE: 3.3567e+00 | SupportWeighted: 0.0000e+00 | BatchLR: 1.000e-03 | Grad: True  | Update: True  | Elapsed: 0:15:20 | ETA: 0:12:50
Epoch[6] Batch[1801/3125] | OptTotal: 6.7970e+00 | FTLoss: 6.7970e+00 | AmpL1Full: 2.8953e-02 | PhaseL1PredSup: 3.6781e-02 | SupportBCE: 3.2149e+00 | SupportWeighted: 0.0000e+00 | BatchLR: 1.000e-03 | Grad: True  | Update: True  | Elapsed: 0:16:14 | ETA: 0:11:56
Epoch[6] Batch[1901/3125] | OptTotal: 6.9189e+00 | FTLoss: 6.9189e+00 | AmpL1Full: 2.4922e-02 | PhaseL1PredSup: 2.6154e-02 | SupportBCE: 3.3683e+00 | SupportWeighted: 0.0000e+00 | BatchLR: 1.000e-03 | Grad: True  | Update: True  | Elapsed: 0:17:08 | ETA: 0:11:02
Epoch[6] Batch[2001/3125] | OptTotal: 6.1341e+00 | FTLoss: 6.1341e+00 | AmpL1Full: 1.8634e-02 | PhaseL1PredSup: 2.8757e-02 | SupportBCE: 3.0078e+00 | SupportWeighted: 0.0000e+00 | BatchLR: 1.000e-03 | Grad: True  | Update: True  | Elapsed: 0:18:03 | ETA: 0:10:08
Epoch[6] Batch[2101/3125] | OptTotal: 7.2029e+00 | FTLoss: 7.2029e+00 | AmpL1Full: 2.4663e-02 | PhaseL1PredSup: 2.4600e-02 | SupportBCE: 3.2564e+00 | SupportWeighted: 0.0000e+00 | BatchLR: 1.000e-03 | Grad: True  | Update: True  | Elapsed: 0:18:57 | ETA: 0:09:14
Epoch[6] Batch[2201/3125] | OptTotal: 6.2131e+00 | FTLoss: 6.2131e+00 | AmpL1Full: 1.9915e-02 | PhaseL1PredSup: 3.0388e-02 | SupportBCE: 3.0167e+00 | SupportWeighted: 0.0000e+00 | BatchLR: 1.000e-03 | Grad: True  | Update: True  | Elapsed: 0:19:51 | ETA: 0:08:20
Epoch[6] Batch[2301/3125] | OptTotal: 6.8701e+00 | FTLoss: 6.8701e+00 | AmpL1Full: 2.5746e-02 | PhaseL1PredSup: 2.5152e-02 | SupportBCE: 3.3498e+00 | SupportWeighted: 0.0000e+00 | BatchLR: 1.000e-03 | Grad: True  | Update: True  | Elapsed: 0:20:45 | ETA: 0:07:25
Epoch[6] Batch[2401/3125] | OptTotal: 6.6605e+00 | FTLoss: 6.6605e+00 | AmpL1Full: 2.2792e-02 | PhaseL1PredSup: 2.4982e-02 | SupportBCE: 3.3873e+00 | SupportWeighted: 0.0000e+00 | BatchLR: 1.000e-03 | Grad: True  | Update: True  | Elapsed: 0:21:39 | ETA: 0:06:31
Epoch[6] Batch[2501/3125] | OptTotal: 6.5129e+00 | FTLoss: 6.5129e+00 | AmpL1Full: 2.6110e-02 | PhaseL1PredSup: 3.4698e-02 | SupportBCE: 3.3225e+00 | SupportWeighted: 0.0000e+00 | BatchLR: 1.000e-03 | Grad: True  | Update: True  | Elapsed: 0:22:33 | ETA: 0:05:37
Epoch[6] Batch[2601/3125] | OptTotal: 6.7121e+00 | FTLoss: 6.7121e+00 | AmpL1Full: 2.5272e-02 | PhaseL1PredSup: 3.0799e-02 | SupportBCE: 2.9718e+00 | SupportWeighted: 0.0000e+00 | BatchLR: 1.000e-03 | Grad: True  | Update: True  | Elapsed: 0:23:27 | ETA: 0:04:43
Epoch[6] Batch[2701/3125] | OptTotal: 6.3749e+00 | FTLoss: 6.3749e+00 | AmpL1Full: 2.3682e-02 | PhaseL1PredSup: 2.6162e-02 | SupportBCE: 3.2453e+00 | SupportWeighted: 0.0000e+00 | BatchLR: 1.000e-03 | Grad: True  | Update: True  | Elapsed: 0:24:21 | ETA: 0:03:49
Epoch[6] Batch[2801/3125] | OptTotal: 6.3121e+00 | FTLoss: 6.3121e+00 | AmpL1Full: 2.4145e-02 | PhaseL1PredSup: 3.6648e-02 | SupportBCE: 2.9294e+00 | SupportWeighted: 0.0000e+00 | BatchLR: 1.000e-03 | Grad: True  | Update: True  | Elapsed: 0:25:16 | ETA: 0:02:55
Epoch[6] Batch[2901/3125] | OptTotal: 6.2578e+00 | FTLoss: 6.2578e+00 | AmpL1Full: 2.1752e-02 | PhaseL1PredSup: 3.1253e-02 | SupportBCE: 3.4581e+00 | SupportWeighted: 0.0000e+00 | BatchLR: 1.000e-03 | Grad: True  | Update: True  | Elapsed: 0:26:10 | ETA: 0:02:01
Epoch[6] Batch[3001/3125] | OptTotal: 6.6222e+00 | FTLoss: 6.6222e+00 | AmpL1Full: 2.0966e-02 | PhaseL1PredSup: 2.5462e-02 | SupportBCE: 3.1592e+00 | SupportWeighted: 0.0000e+00 | BatchLR: 1.000e-03 | Grad: True  | Update: True  | Elapsed: 0:27:04 | ETA: 0:01:07
Epoch[6] Batch[3101/3125] | OptTotal: 6.5423e+00 | FTLoss: 6.5423e+00 | AmpL1Full: 2.2750e-02 | PhaseL1PredSup: 3.1277e-02 | SupportBCE: 3.2170e+00 | SupportWeighted: 0.0000e+00 | BatchLR: 1.000e-03 | Grad: True  | Update: True  | Elapsed: 0:27:58 | ETA: 0:00:12
Epoch[6] Batch[3125/3125] | OptTotal: 6.6315e+00 | FTLoss: 6.6315e+00 | AmpL1Full: 2.3060e-02 | PhaseL1PredSup: 2.8410e-02 | SupportBCE: 3.4072e+00 | SupportWeighted: 0.0000e+00 | BatchLR: 1.000e-03 | Grad: True  | Update: True  | Elapsed: 0:28:11 | ETA: 0:00:00

================================================================================
Epoch 6 complete | total time: 1691.42s | average OptTotal: 6.5473e+00
Average train optimization terms | FTLoss: 6.5473e+00 | SupportWeighted: 0.0000e+00
Average train real-space monitors | AmpL1Full: 2.2694e-02 | PhaseL1PredSup: 2.9156e-02 | SupportBCE: 3.1719e+00
================================================================================

Validation Epoch [6] | Batch [100/625] | OptTotal: 6.7095e+00 | FTLoss: 6.7095e+00 | AmpL1Full: 2.2032e-02 | PhaseL1PredSup: 3.0014e-02 | SupportBCE: 3.3387e+00 | FT_L1: 6.7095e+00 | FT_RelL1: 5.5637e-01 | FT_Chi2: 5.1644e-01 | FT_PearsonCorr: 7.4435e-01
Validation Epoch [6] | Batch [200/625] | OptTotal: 6.3948e+00 | FTLoss: 6.3948e+00 | AmpL1Full: 2.4363e-02 | PhaseL1PredSup: 3.4756e-02 | SupportBCE: 3.1438e+00 | FT_L1: 6.3948e+00 | FT_RelL1: 5.4269e-01 | FT_Chi2: 4.5672e-01 | FT_PearsonCorr: 7.9042e-01
Validation Epoch [6] | Batch [300/625] | OptTotal: 6.6502e+00 | FTLoss: 6.6502e+00 | AmpL1Full: 2.2779e-02 | PhaseL1PredSup: 3.2955e-02 | SupportBCE: 3.4876e+00 | FT_L1: 6.6502e+00 | FT_RelL1: 5.4514e-01 | FT_Chi2: 4.5249e-01 | FT_PearsonCorr: 7.8614e-01
Validation Epoch [6] | Batch [400/625] | OptTotal: 6.2332e+00 | FTLoss: 6.2332e+00 | AmpL1Full: 1.9838e-02 | PhaseL1PredSup: 2.7953e-02 | SupportBCE: 3.5200e+00 | FT_L1: 6.2332e+00 | FT_RelL1: 5.4745e-01 | FT_Chi2: 4.6785e-01 | FT_PearsonCorr: 7.6995e-01
Validation Epoch [6] | Batch [500/625] | OptTotal: 6.8588e+00 | FTLoss: 6.8588e+00 | AmpL1Full: 2.3619e-02 | PhaseL1PredSup: 2.6333e-02 | SupportBCE: 3.3678e+00 | FT_L1: 6.8588e+00 | FT_RelL1: 5.7551e-01 | FT_Chi2: 5.5230e-01 | FT_PearsonCorr: 7.1902e-01
Validation Epoch [6] | Batch [600/625] | OptTotal: 6.2101e+00 | FTLoss: 6.2101e+00 | AmpL1Full: 2.0888e-02 | PhaseL1PredSup: 3.0338e-02 | SupportBCE: 3.2254e+00 | FT_L1: 6.2101e+00 | FT_RelL1: 5.4569e-01 | FT_Chi2: 4.4692e-01 | FT_PearsonCorr: 7.8459e-01
Validation Epoch [6] | Batch [625/625] | OptTotal: 6.4015e+00 | FTLoss: 6.4015e+00 | AmpL1Full: 2.3056e-02 | PhaseL1PredSup: 3.5490e-02 | SupportBCE: 3.1520e+00 | FT_L1: 6.4015e+00 | FT_RelL1: 5.3851e-01 | FT_Chi2: 4.2258e-01 | FT_PearsonCorr: 7.9185e-01

================================================================================
Epoch 6 validation complete
Average validation metrics:
   Optimization: OptTotal=6.4882e+00 | FTLoss=6.4882e+00 | SupportWeighted=0.0000e+00
   Real-space monitors: AmpL1Full=2.2916e-02 | PhaseL1PredSup=3.1278e-02 | SupportBCE=3.3001e+00
   Reciprocal primary: FT_L1=6.4882e+00 | FT_RelL1=5.5028e-01 | FT_Chi2=4.7180e-01 | FT_PearsonCorr=7.7295e-01
   Reciprocal diagnostics: FT_Huber=6.0273e+00 | FT_PearsonLoss=2.2705e-01 | FT_LogRelMSE=1.3288e-01 | FT_Comb=3.4943e-01 | FT_Comb2=4.5643e-01
   Raw-scale diagnostics: FT_VoxelMSE=2.0427e+03 | FT_VoxelRMSE=4.2719e+01
================================================================================

Epoch 6 scheduler lr: 1.000e-03
Saved new best model | best loss: 6.488154 | epoch: 6
Epoch[7] Batch[1/3125] | OptTotal: 6.7167e+00 | FTLoss: 6.7167e+00 | AmpL1Full: 2.5647e-02 | PhaseL1PredSup: 3.2877e-02 | SupportBCE: 3.3138e+00 | SupportWeighted: 0.0000e+00 | BatchLR: 1.000e-03 | Grad: True  | Update: True  | Elapsed: 0:00:00 | ETA: 0:31:08
Epoch[7] Batch[101/3125] | OptTotal: 6.7512e+00 | FTLoss: 6.7512e+00 | AmpL1Full: 2.2697e-02 | PhaseL1PredSup: 2.5173e-02 | SupportBCE: 3.2556e+00 | SupportWeighted: 0.0000e+00 | BatchLR: 1.000e-03 | Grad: True  | Update: True  | Elapsed: 0:00:54 | ETA: 0:27:18
Epoch[7] Batch[201/3125] | OptTotal: 6.8714e+00 | FTLoss: 6.8714e+00 | AmpL1Full: 2.8232e-02 | PhaseL1PredSup: 3.1445e-02 | SupportBCE: 3.3798e+00 | SupportWeighted: 0.0000e+00 | BatchLR: 1.000e-03 | Grad: True  | Update: True  | Elapsed: 0:01:48 | ETA: 0:26:22
Epoch[7] Batch[301/3125] | OptTotal: 6.3339e+00 | FTLoss: 6.3339e+00 | AmpL1Full: 2.0912e-02 | PhaseL1PredSup: 2.2343e-02 | SupportBCE: 3.3422e+00 | SupportWeighted: 0.0000e+00 | BatchLR: 1.000e-03 | Grad: True  | Update: True  | Elapsed: 0:02:43 | ETA: 0:25:29
Epoch[7] Batch[401/3125] | OptTotal: 6.1368e+00 | FTLoss: 6.1368e+00 | AmpL1Full: 1.8492e-02 | PhaseL1PredSup: 2.4366e-02 | SupportBCE: 3.4671e+00 | SupportWeighted: 0.0000e+00 | BatchLR: 1.000e-03 | Grad: True  | Update: True  | Elapsed: 0:03:37 | ETA: 0:24:34
Epoch[7] Batch[501/3125] | OptTotal: 6.5960e+00 | FTLoss: 6.5960e+00 | AmpL1Full: 2.2760e-02 | PhaseL1PredSup: 3.2499e-02 | SupportBCE: 3.2121e+00 | SupportWeighted: 0.0000e+00 | BatchLR: 1.000e-03 | Grad: True  | Update: True  | Elapsed: 0:04:31 | ETA: 0:23:39
Epoch[7] Batch[601/3125] | OptTotal: 6.0985e+00 | FTLoss: 6.0985e+00 | AmpL1Full: 1.7081e-02 | PhaseL1PredSup: 2.4762e-02 | SupportBCE: 3.1087e+00 | SupportWeighted: 0.0000e+00 | BatchLR: 1.000e-03 | Grad: True  | Update: True  | Elapsed: 0:05:25 | ETA: 0:22:45
Epoch[7] Batch[701/3125] | OptTotal: 6.9190e+00 | FTLoss: 6.9190e+00 | AmpL1Full: 2.5452e-02 | PhaseL1PredSup: 2.7127e-02 | SupportBCE: 3.3643e+00 | SupportWeighted: 0.0000e+00 | BatchLR: 1.000e-03 | Grad: True  | Update: True  | Elapsed: 0:06:19 | ETA: 0:21:52
Epoch[7] Batch[801/3125] | OptTotal: 6.3037e+00 | FTLoss: 6.3037e+00 | AmpL1Full: 2.3340e-02 | PhaseL1PredSup: 3.3322e-02 | SupportBCE: 3.2877e+00 | SupportWeighted: 0.0000e+00 | BatchLR: 1.000e-03 | Grad: True  | Update: True  | Elapsed: 0:07:13 | ETA: 0:20:57
Epoch[7] Batch[901/3125] | OptTotal: 6.5328e+00 | FTLoss: 6.5328e+00 | AmpL1Full: 2.7540e-02 | PhaseL1PredSup: 3.5361e-02 | SupportBCE: 3.2625e+00 | SupportWeighted: 0.0000e+00 | BatchLR: 1.000e-03 | Grad: True  | Update: True  | Elapsed: 0:08:07 | ETA: 0:20:03
Epoch[7] Batch[1001/3125] | OptTotal: 6.0606e+00 | FTLoss: 6.0606e+00 | AmpL1Full: 1.9787e-02 | PhaseL1PredSup: 3.0366e-02 | SupportBCE: 3.1759e+00 | SupportWeighted: 0.0000e+00 | BatchLR: 1.000e-03 | Grad: True  | Update: True  | Elapsed: 0:09:01 | ETA: 0:19:09
Epoch[7] Batch[1101/3125] | OptTotal: 6.6255e+00 | FTLoss: 6.6255e+00 | AmpL1Full: 2.2559e-02 | PhaseL1PredSup: 2.4829e-02 | SupportBCE: 3.1736e+00 | SupportWeighted: 0.0000e+00 | BatchLR: 1.000e-03 | Grad: True  | Update: True  | Elapsed: 0:09:56 | ETA: 0:18:15
Epoch[7] Batch[1201/3125] | OptTotal: 6.1934e+00 | FTLoss: 6.1934e+00 | AmpL1Full: 1.5884e-02 | PhaseL1PredSup: 2.1641e-02 | SupportBCE: 3.3062e+00 | SupportWeighted: 0.0000e+00 | BatchLR: 1.000e-03 | Grad: True  | Update: True  | Elapsed: 0:10:50 | ETA: 0:17:21
Epoch[7] Batch[1301/3125] | OptTotal: 5.7899e+00 | FTLoss: 5.7899e+00 | AmpL1Full: 1.6297e-02 | PhaseL1PredSup: 2.8390e-02 | SupportBCE: 3.1162e+00 | SupportWeighted: 0.0000e+00 | BatchLR: 1.000e-03 | Grad: True  | Update: True  | Elapsed: 0:11:44 | ETA: 0:16:27
Epoch[7] Batch[1401/3125] | OptTotal: 6.5445e+00 | FTLoss: 6.5445e+00 | AmpL1Full: 2.2779e-02 | PhaseL1PredSup: 2.7609e-02 | SupportBCE: 3.2053e+00 | SupportWeighted: 0.0000e+00 | BatchLR: 1.000e-03 | Grad: True  | Update: True  | Elapsed: 0:12:38 | ETA: 0:15:33
Epoch[7] Batch[1501/3125] | OptTotal: 5.9270e+00 | FTLoss: 5.9270e+00 | AmpL1Full: 1.8507e-02 | PhaseL1PredSup: 2.6740e-02 | SupportBCE: 3.2823e+00 | SupportWeighted: 0.0000e+00 | BatchLR: 1.000e-03 | Grad: True  | Update: True  | Elapsed: 0:13:32 | ETA: 0:14:39
Epoch[7] Batch[1601/3125] | OptTotal: 5.8771e+00 | FTLoss: 5.8771e+00 | AmpL1Full: 1.9393e-02 | PhaseL1PredSup: 2.3196e-02 | SupportBCE: 3.0141e+00 | SupportWeighted: 0.0000e+00 | BatchLR: 1.000e-03 | Grad: True  | Update: True  | Elapsed: 0:14:26 | ETA: 0:13:45
Epoch[7] Batch[1701/3125] | OptTotal: 5.9618e+00 | FTLoss: 5.9618e+00 | AmpL1Full: 1.8519e-02 | PhaseL1PredSup: 2.7267e-02 | SupportBCE: 3.2731e+00 | SupportWeighted: 0.0000e+00 | BatchLR: 1.000e-03 | Grad: True  | Update: True  | Elapsed: 0:15:21 | ETA: 0:12:51
Epoch[7] Batch[1801/3125] | OptTotal: 6.7164e+00 | FTLoss: 6.7164e+00 | AmpL1Full: 2.6865e-02 | PhaseL1PredSup: 3.5868e-02 | SupportBCE: 3.2207e+00 | SupportWeighted: 0.0000e+00 | BatchLR: 1.000e-03 | Grad: True  | Update: True  | Elapsed: 0:16:15 | ETA: 0:11:56
Epoch[7] Batch[1901/3125] | OptTotal: 6.5159e+00 | FTLoss: 6.5159e+00 | AmpL1Full: 1.7338e-02 | PhaseL1PredSup: 2.1657e-02 | SupportBCE: 3.1440e+00 | SupportWeighted: 0.0000e+00 | BatchLR: 1.000e-03 | Grad: True  | Update: True  | Elapsed: 0:17:09 | ETA: 0:11:02
Epoch[7] Batch[2001/3125] | OptTotal: 7.1033e+00 | FTLoss: 7.1033e+00 | AmpL1Full: 3.0246e-02 | PhaseL1PredSup: 3.3448e-02 | SupportBCE: 3.1646e+00 | SupportWeighted: 0.0000e+00 | BatchLR: 1.000e-03 | Grad: True  | Update: True  | Elapsed: 0:18:03 | ETA: 0:10:08
Epoch[7] Batch[2101/3125] | OptTotal: 6.0796e+00 | FTLoss: 6.0796e+00 | AmpL1Full: 2.1918e-02 | PhaseL1PredSup: 3.2312e-02 | SupportBCE: 3.0988e+00 | SupportWeighted: 0.0000e+00 | BatchLR: 1.000e-03 | Grad: True  | Update: True  | Elapsed: 0:18:57 | ETA: 0:09:14
Epoch[7] Batch[2201/3125] | OptTotal: 6.7842e+00 | FTLoss: 6.7842e+00 | AmpL1Full: 2.4816e-02 | PhaseL1PredSup: 3.2225e-02 | SupportBCE: 3.2007e+00 | SupportWeighted: 0.0000e+00 | BatchLR: 1.000e-03 | Grad: True  | Update: True  | Elapsed: 0:19:51 | ETA: 0:08:20
Epoch[7] Batch[2301/3125] | OptTotal: 6.5395e+00 | FTLoss: 6.5395e+00 | AmpL1Full: 2.3450e-02 | PhaseL1PredSup: 3.0243e-02 | SupportBCE: 3.2693e+00 | SupportWeighted: 0.0000e+00 | BatchLR: 1.000e-03 | Grad: True  | Update: True  | Elapsed: 0:20:46 | ETA: 0:07:26
Epoch[7] Batch[2401/3125] | OptTotal: 6.3315e+00 | FTLoss: 6.3315e+00 | AmpL1Full: 2.3377e-02 | PhaseL1PredSup: 2.9757e-02 | SupportBCE: 3.2768e+00 | SupportWeighted: 0.0000e+00 | BatchLR: 1.000e-03 | Grad: True  | Update: True  | Elapsed: 0:21:40 | ETA: 0:06:32
Epoch[7] Batch[2501/3125] | OptTotal: 6.8131e+00 | FTLoss: 6.8131e+00 | AmpL1Full: 2.5354e-02 | PhaseL1PredSup: 2.9630e-02 | SupportBCE: 3.1564e+00 | SupportWeighted: 0.0000e+00 | BatchLR: 1.000e-03 | Grad: True  | Update: True  | Elapsed: 0:22:34 | ETA: 0:05:37
Epoch[7] Batch[2601/3125] | OptTotal: 6.4256e+00 | FTLoss: 6.4256e+00 | AmpL1Full: 2.3414e-02 | PhaseL1PredSup: 2.7255e-02 | SupportBCE: 3.1284e+00 | SupportWeighted: 0.0000e+00 | BatchLR: 1.000e-03 | Grad: True  | Update: True  | Elapsed: 0:23:28 | ETA: 0:04:43
Epoch[7] Batch[2701/3125] | OptTotal: 6.4223e+00 | FTLoss: 6.4223e+00 | AmpL1Full: 2.3620e-02 | PhaseL1PredSup: 2.8458e-02 | SupportBCE: 3.3275e+00 | SupportWeighted: 0.0000e+00 | BatchLR: 1.000e-03 | Grad: True  | Update: True  | Elapsed: 0:24:22 | ETA: 0:03:49
Epoch[7] Batch[2801/3125] | OptTotal: 6.8125e+00 | FTLoss: 6.8125e+00 | AmpL1Full: 2.5836e-02 | PhaseL1PredSup: 2.9746e-02 | SupportBCE: 3.4098e+00 | SupportWeighted: 0.0000e+00 | BatchLR: 1.000e-03 | Grad: True  | Update: True  | Elapsed: 0:25:16 | ETA: 0:02:55
Epoch[7] Batch[2901/3125] | OptTotal: 6.8049e+00 | FTLoss: 6.8049e+00 | AmpL1Full: 2.3258e-02 | PhaseL1PredSup: 3.0733e-02 | SupportBCE: 2.8410e+00 | SupportWeighted: 0.0000e+00 | BatchLR: 1.000e-03 | Grad: True  | Update: True  | Elapsed: 0:26:11 | ETA: 0:02:01
Epoch[7] Batch[3001/3125] | OptTotal: 7.0463e+00 | FTLoss: 7.0463e+00 | AmpL1Full: 2.9242e-02 | PhaseL1PredSup: 3.1376e-02 | SupportBCE: 2.9942e+00 | SupportWeighted: 0.0000e+00 | BatchLR: 1.000e-03 | Grad: True  | Update: True  | Elapsed: 0:27:05 | ETA: 0:01:07
Epoch[7] Batch[3101/3125] | OptTotal: 6.1809e+00 | FTLoss: 6.1809e+00 | AmpL1Full: 2.0343e-02 | PhaseL1PredSup: 2.8912e-02 | SupportBCE: 3.1735e+00 | SupportWeighted: 0.0000e+00 | BatchLR: 1.000e-03 | Grad: True  | Update: True  | Elapsed: 0:27:59 | ETA: 0:00:12
Epoch[7] Batch[3125/3125] | OptTotal: 6.5822e+00 | FTLoss: 6.5822e+00 | AmpL1Full: 2.2707e-02 | PhaseL1PredSup: 2.8693e-02 | SupportBCE: 3.0836e+00 | SupportWeighted: 0.0000e+00 | BatchLR: 1.000e-03 | Grad: True  | Update: True  | Elapsed: 0:28:12 | ETA: 0:00:00

================================================================================
Epoch 7 complete | total time: 1692.32s | average OptTotal: 6.5203e+00
Average train optimization terms | FTLoss: 6.5203e+00 | SupportWeighted: 0.0000e+00
Average train real-space monitors | AmpL1Full: 2.2786e-02 | PhaseL1PredSup: 2.9415e-02 | SupportBCE: 3.2142e+00
================================================================================

Validation Epoch [7] | Batch [100/625] | OptTotal: 6.6958e+00 | FTLoss: 6.6958e+00 | AmpL1Full: 2.2172e-02 | PhaseL1PredSup: 3.0481e-02 | SupportBCE: 3.1355e+00 | FT_L1: 6.6958e+00 | FT_RelL1: 5.5519e-01 | FT_Chi2: 5.0174e-01 | FT_PearsonCorr: 7.4545e-01
Validation Epoch [7] | Batch [200/625] | OptTotal: 6.3503e+00 | FTLoss: 6.3503e+00 | AmpL1Full: 2.4207e-02 | PhaseL1PredSup: 3.5251e-02 | SupportBCE: 2.8758e+00 | FT_L1: 6.3503e+00 | FT_RelL1: 5.3871e-01 | FT_Chi2: 4.4093e-01 | FT_PearsonCorr: 7.9420e-01
Validation Epoch [7] | Batch [300/625] | OptTotal: 6.5880e+00 | FTLoss: 6.5880e+00 | AmpL1Full: 2.3028e-02 | PhaseL1PredSup: 3.3507e-02 | SupportBCE: 3.2377e+00 | FT_L1: 6.5880e+00 | FT_RelL1: 5.4021e-01 | FT_Chi2: 4.3673e-01 | FT_PearsonCorr: 7.8916e-01
Validation Epoch [7] | Batch [400/625] | OptTotal: 6.2204e+00 | FTLoss: 6.2204e+00 | AmpL1Full: 1.9928e-02 | PhaseL1PredSup: 2.7640e-02 | SupportBCE: 3.2909e+00 | FT_L1: 6.2204e+00 | FT_RelL1: 5.4633e-01 | FT_Chi2: 4.5752e-01 | FT_PearsonCorr: 7.7303e-01
Validation Epoch [7] | Batch [500/625] | OptTotal: 6.8395e+00 | FTLoss: 6.8395e+00 | AmpL1Full: 2.3574e-02 | PhaseL1PredSup: 2.6652e-02 | SupportBCE: 3.1160e+00 | FT_L1: 6.8395e+00 | FT_RelL1: 5.7394e-01 | FT_Chi2: 5.3722e-01 | FT_PearsonCorr: 7.2126e-01
Validation Epoch [7] | Batch [600/625] | OptTotal: 6.2064e+00 | FTLoss: 6.2064e+00 | AmpL1Full: 2.0999e-02 | PhaseL1PredSup: 3.1037e-02 | SupportBCE: 2.9905e+00 | FT_L1: 6.2064e+00 | FT_RelL1: 5.4550e-01 | FT_Chi2: 4.3753e-01 | FT_PearsonCorr: 7.8450e-01
Validation Epoch [7] | Batch [625/625] | OptTotal: 6.3932e+00 | FTLoss: 6.3932e+00 | AmpL1Full: 2.2810e-02 | PhaseL1PredSup: 3.5241e-02 | SupportBCE: 2.8728e+00 | FT_L1: 6.3932e+00 | FT_RelL1: 5.3791e-01 | FT_Chi2: 4.1036e-01 | FT_PearsonCorr: 7.9451e-01

================================================================================
Epoch 7 validation complete
Average validation metrics:
   Optimization: OptTotal=6.4623e+00 | FTLoss=6.4623e+00 | SupportWeighted=0.0000e+00
   Real-space monitors: AmpL1Full=2.3073e-02 | PhaseL1PredSup=3.2099e-02 | SupportBCE=3.0739e+00
   Reciprocal primary: FT_L1=6.4623e+00 | FT_RelL1=5.4810e-01 | FT_Chi2=4.5373e-01 | FT_PearsonCorr=7.7688e-01
   Reciprocal diagnostics: FT_Huber=6.0014e+00 | FT_PearsonLoss=2.2312e-01 | FT_LogRelMSE=1.3318e-01 | FT_Comb=3.3842e-01 | FT_Comb2=4.4778e-01
   Raw-scale diagnostics: FT_VoxelMSE=1.9730e+03 | FT_VoxelRMSE=4.1880e+01
================================================================================

Epoch 7 scheduler lr: 1.000e-03
Saved new best model | best loss: 6.462277 | epoch: 7
Epoch[8] Batch[1/3125] | OptTotal: 5.5976e+00 | FTLoss: 5.5976e+00 | AmpL1Full: 1.5046e-02 | PhaseL1PredSup: 2.6856e-02 | SupportBCE: 3.3717e+00 | SupportWeighted: 0.0000e+00 | BatchLR: 1.000e-03 | Grad: True  | Update: True  | Elapsed: 0:00:00 | ETA: 0:32:15
Epoch[8] Batch[101/3125] | OptTotal: 6.7852e+00 | FTLoss: 6.7852e+00 | AmpL1Full: 2.2880e-02 | PhaseL1PredSup: 2.8324e-02 | SupportBCE: 3.1423e+00 | SupportWeighted: 0.0000e+00 | BatchLR: 1.000e-03 | Grad: True  | Update: True  | Elapsed: 0:00:54 | ETA: 0:27:18
Epoch[8] Batch[201/3125] | OptTotal: 6.6281e+00 | FTLoss: 6.6281e+00 | AmpL1Full: 2.7148e-02 | PhaseL1PredSup: 3.8578e-02 | SupportBCE: 3.1847e+00 | SupportWeighted: 0.0000e+00 | BatchLR: 1.000e-03 | Grad: True  | Update: True  | Elapsed: 0:01:48 | ETA: 0:26:25
Epoch[8] Batch[301/3125] | OptTotal: 6.1896e+00 | FTLoss: 6.1896e+00 | AmpL1Full: 2.2890e-02 | PhaseL1PredSup: 3.0895e-02 | SupportBCE: 3.1271e+00 | SupportWeighted: 0.0000e+00 | BatchLR: 1.000e-03 | Grad: True  | Update: True  | Elapsed: 0:02:43 | ETA: 0:25:29
Epoch[8] Batch[401/3125] | OptTotal: 6.0424e+00 | FTLoss: 6.0424e+00 | AmpL1Full: 2.2640e-02 | PhaseL1PredSup: 3.3371e-02 | SupportBCE: 3.0160e+00 | SupportWeighted: 0.0000e+00 | BatchLR: 1.000e-03 | Grad: True  | Update: True  | Elapsed: 0:03:37 | ETA: 0:24:35
Epoch[8] Batch[501/3125] | OptTotal: 6.6405e+00 | FTLoss: 6.6405e+00 | AmpL1Full: 2.3035e-02 | PhaseL1PredSup: 2.4614e-02 | SupportBCE: 3.2632e+00 | SupportWeighted: 0.0000e+00 | BatchLR: 1.000e-03 | Grad: True  | Update: True  | Elapsed: 0:04:31 | ETA: 0:23:40
Epoch[8] Batch[601/3125] | OptTotal: 6.6253e+00 | FTLoss: 6.6253e+00 | AmpL1Full: 2.4908e-02 | PhaseL1PredSup: 2.8540e-02 | SupportBCE: 3.1643e+00 | SupportWeighted: 0.0000e+00 | BatchLR: 1.000e-03 | Grad: True  | Update: True  | Elapsed: 0:05:25 | ETA: 0:22:46
Epoch[8] Batch[701/3125] | OptTotal: 6.1877e+00 | FTLoss: 6.1877e+00 | AmpL1Full: 2.1176e-02 | PhaseL1PredSup: 3.0673e-02 | SupportBCE: 3.2011e+00 | SupportWeighted: 0.0000e+00 | BatchLR: 1.000e-03 | Grad: True  | Update: True  | Elapsed: 0:06:19 | ETA: 0:21:52
Epoch[8] Batch[801/3125] | OptTotal: 6.8307e+00 | FTLoss: 6.8307e+00 | AmpL1Full: 2.5348e-02 | PhaseL1PredSup: 3.1456e-02 | SupportBCE: 3.0429e+00 | SupportWeighted: 0.0000e+00 | BatchLR: 1.000e-03 | Grad: True  | Update: True  | Elapsed: 0:07:13 | ETA: 0:20:58
Epoch[8] Batch[901/3125] | OptTotal: 6.4442e+00 | FTLoss: 6.4442e+00 | AmpL1Full: 2.2014e-02 | PhaseL1PredSup: 3.5824e-02 | SupportBCE: 3.0829e+00 | SupportWeighted: 0.0000e+00 | BatchLR: 1.000e-03 | Grad: True  | Update: True  | Elapsed: 0:08:07 | ETA: 0:20:03
Epoch[8] Batch[1001/3125] | OptTotal: 6.6762e+00 | FTLoss: 6.6762e+00 | AmpL1Full: 2.1104e-02 | PhaseL1PredSup: 2.6931e-02 | SupportBCE: 3.3819e+00 | SupportWeighted: 0.0000e+00 | BatchLR: 1.000e-03 | Grad: True  | Update: True  | Elapsed: 0:09:01 | ETA: 0:19:09
Epoch[8] Batch[1101/3125] | OptTotal: 6.9615e+00 | FTLoss: 6.9615e+00 | AmpL1Full: 2.6418e-02 | PhaseL1PredSup: 2.9098e-02 | SupportBCE: 2.9949e+00 | SupportWeighted: 0.0000e+00 | BatchLR: 1.000e-03 | Grad: True  | Update: True  | Elapsed: 0:09:56 | ETA: 0:18:15
Epoch[8] Batch[1201/3125] | OptTotal: 7.1343e+00 | FTLoss: 7.1343e+00 | AmpL1Full: 2.4950e-02 | PhaseL1PredSup: 2.5623e-02 | SupportBCE: 3.1809e+00 | SupportWeighted: 0.0000e+00 | BatchLR: 1.000e-03 | Grad: True  | Update: True  | Elapsed: 0:10:50 | ETA: 0:17:21
Epoch[8] Batch[1301/3125] | OptTotal: 6.3528e+00 | FTLoss: 6.3528e+00 | AmpL1Full: 2.3261e-02 | PhaseL1PredSup: 3.3346e-02 | SupportBCE: 2.9452e+00 | SupportWeighted: 0.0000e+00 | BatchLR: 1.000e-03 | Grad: True  | Update: True  | Elapsed: 0:11:44 | ETA: 0:16:27
Epoch[8] Batch[1401/3125] | OptTotal: 6.5677e+00 | FTLoss: 6.5677e+00 | AmpL1Full: 2.1733e-02 | PhaseL1PredSup: 2.7933e-02 | SupportBCE: 3.3916e+00 | SupportWeighted: 0.0000e+00 | BatchLR: 1.000e-03 | Grad: True  | Update: True  | Elapsed: 0:12:38 | ETA: 0:15:33
Epoch[8] Batch[1501/3125] | OptTotal: 5.7786e+00 | FTLoss: 5.7786e+00 | AmpL1Full: 1.8618e-02 | PhaseL1PredSup: 2.7821e-02 | SupportBCE: 3.2474e+00 | SupportWeighted: 0.0000e+00 | BatchLR: 1.000e-03 | Grad: True  | Update: True  | Elapsed: 0:13:32 | ETA: 0:14:39
Epoch[8] Batch[1601/3125] | OptTotal: 6.4333e+00 | FTLoss: 6.4333e+00 | AmpL1Full: 2.2560e-02 | PhaseL1PredSup: 2.7744e-02 | SupportBCE: 3.1768e+00 | SupportWeighted: 0.0000e+00 | BatchLR: 1.000e-03 | Grad: True  | Update: True  | Elapsed: 0:14:26 | ETA: 0:13:44
Epoch[8] Batch[1701/3125] | OptTotal: 6.1423e+00 | FTLoss: 6.1423e+00 | AmpL1Full: 2.2405e-02 | PhaseL1PredSup: 2.7902e-02 | SupportBCE: 3.2191e+00 | SupportWeighted: 0.0000e+00 | BatchLR: 1.000e-03 | Grad: True  | Update: True  | Elapsed: 0:15:20 | ETA: 0:12:50
Epoch[8] Batch[1801/3125] | OptTotal: 6.3973e+00 | FTLoss: 6.3973e+00 | AmpL1Full: 2.1335e-02 | PhaseL1PredSup: 2.8548e-02 | SupportBCE: 3.0772e+00 | SupportWeighted: 0.0000e+00 | BatchLR: 1.000e-03 | Grad: True  | Update: True  | Elapsed: 0:16:15 | ETA: 0:11:56
Epoch[8] Batch[1901/3125] | OptTotal: 6.5031e+00 | FTLoss: 6.5031e+00 | AmpL1Full: 2.6488e-02 | PhaseL1PredSup: 3.1965e-02 | SupportBCE: 3.3707e+00 | SupportWeighted: 0.0000e+00 | BatchLR: 1.000e-03 | Grad: True  | Update: True  | Elapsed: 0:17:09 | ETA: 0:11:02
Epoch[8] Batch[2001/3125] | OptTotal: 7.1955e+00 | FTLoss: 7.1955e+00 | AmpL1Full: 2.3014e-02 | PhaseL1PredSup: 1.9338e-02 | SupportBCE: 3.1617e+00 | SupportWeighted: 0.0000e+00 | BatchLR: 1.000e-03 | Grad: True  | Update: True  | Elapsed: 0:18:03 | ETA: 0:10:08
Epoch[8] Batch[2101/3125] | OptTotal: 6.6306e+00 | FTLoss: 6.6306e+00 | AmpL1Full: 2.2475e-02 | PhaseL1PredSup: 2.6377e-02 | SupportBCE: 3.2681e+00 | SupportWeighted: 0.0000e+00 | BatchLR: 1.000e-03 | Grad: True  | Update: True  | Elapsed: 0:18:57 | ETA: 0:09:14
Epoch[8] Batch[2201/3125] | OptTotal: 6.4043e+00 | FTLoss: 6.4043e+00 | AmpL1Full: 2.0568e-02 | PhaseL1PredSup: 2.5549e-02 | SupportBCE: 3.2550e+00 | SupportWeighted: 0.0000e+00 | BatchLR: 1.000e-03 | Grad: True  | Update: True  | Elapsed: 0:19:51 | ETA: 0:08:20
Epoch[8] Batch[2301/3125] | OptTotal: 6.4552e+00 | FTLoss: 6.4552e+00 | AmpL1Full: 1.8224e-02 | PhaseL1PredSup: 2.2289e-02 | SupportBCE: 3.3800e+00 | SupportWeighted: 0.0000e+00 | BatchLR: 1.000e-03 | Grad: True  | Update: True  | Elapsed: 0:20:46 | ETA: 0:07:26
Epoch[8] Batch[2401/3125] | OptTotal: 6.4786e+00 | FTLoss: 6.4786e+00 | AmpL1Full: 2.3584e-02 | PhaseL1PredSup: 2.7457e-02 | SupportBCE: 3.1613e+00 | SupportWeighted: 0.0000e+00 | BatchLR: 1.000e-03 | Grad: True  | Update: True  | Elapsed: 0:21:40 | ETA: 0:06:32
Epoch[8] Batch[2501/3125] | OptTotal: 6.8270e+00 | FTLoss: 6.8270e+00 | AmpL1Full: 2.3866e-02 | PhaseL1PredSup: 2.8182e-02 | SupportBCE: 3.2667e+00 | SupportWeighted: 0.0000e+00 | BatchLR: 1.000e-03 | Grad: True  | Update: True  | Elapsed: 0:22:34 | ETA: 0:05:37
Epoch[8] Batch[2601/3125] | OptTotal: 6.7226e+00 | FTLoss: 6.7226e+00 | AmpL1Full: 2.4645e-02 | PhaseL1PredSup: 3.4026e-02 | SupportBCE: 3.0152e+00 | SupportWeighted: 0.0000e+00 | BatchLR: 1.000e-03 | Grad: True  | Update: True  | Elapsed: 0:23:28 | ETA: 0:04:43
Epoch[8] Batch[2701/3125] | OptTotal: 6.1504e+00 | FTLoss: 6.1504e+00 | AmpL1Full: 2.2090e-02 | PhaseL1PredSup: 3.6967e-02 | SupportBCE: 3.0793e+00 | SupportWeighted: 0.0000e+00 | BatchLR: 1.000e-03 | Grad: True  | Update: True  | Elapsed: 0:24:22 | ETA: 0:03:49
Epoch[8] Batch[2801/3125] | OptTotal: 6.9063e+00 | FTLoss: 6.9063e+00 | AmpL1Full: 2.2746e-02 | PhaseL1PredSup: 2.4209e-02 | SupportBCE: 3.3220e+00 | SupportWeighted: 0.0000e+00 | BatchLR: 1.000e-03 | Grad: True  | Update: True  | Elapsed: 0:25:16 | ETA: 0:02:55
Epoch[8] Batch[2901/3125] | OptTotal: 5.7549e+00 | FTLoss: 5.7549e+00 | AmpL1Full: 1.3564e-02 | PhaseL1PredSup: 2.0420e-02 | SupportBCE: 3.3674e+00 | SupportWeighted: 0.0000e+00 | BatchLR: 1.000e-03 | Grad: True  | Update: True  | Elapsed: 0:26:10 | ETA: 0:02:01
Epoch[8] Batch[3001/3125] | OptTotal: 6.5078e+00 | FTLoss: 6.5078e+00 | AmpL1Full: 2.4307e-02 | PhaseL1PredSup: 2.7593e-02 | SupportBCE: 3.1232e+00 | SupportWeighted: 0.0000e+00 | BatchLR: 1.000e-03 | Grad: True  | Update: True  | Elapsed: 0:27:05 | ETA: 0:01:07
Epoch[8] Batch[3101/3125] | OptTotal: 6.7452e+00 | FTLoss: 6.7452e+00 | AmpL1Full: 2.3025e-02 | PhaseL1PredSup: 2.9525e-02 | SupportBCE: 3.3184e+00 | SupportWeighted: 0.0000e+00 | BatchLR: 1.000e-03 | Grad: True  | Update: True  | Elapsed: 0:27:59 | ETA: 0:00:12
Epoch[8] Batch[3125/3125] | OptTotal: 6.5156e+00 | FTLoss: 6.5156e+00 | AmpL1Full: 1.8553e-02 | PhaseL1PredSup: 2.4326e-02 | SupportBCE: 3.1403e+00 | SupportWeighted: 0.0000e+00 | BatchLR: 1.000e-03 | Grad: True  | Update: True  | Elapsed: 0:28:12 | ETA: 0:00:00

================================================================================
Epoch 8 complete | total time: 1692.38s | average OptTotal: 6.4938e+00
Average train optimization terms | FTLoss: 6.4938e+00 | SupportWeighted: 0.0000e+00
Average train real-space monitors | AmpL1Full: 2.2806e-02 | PhaseL1PredSup: 2.9752e-02 | SupportBCE: 3.1922e+00
================================================================================

Validation Epoch [8] | Batch [100/625] | OptTotal: 6.7277e+00 | FTLoss: 6.7277e+00 | AmpL1Full: 2.1679e-02 | PhaseL1PredSup: 2.6635e-02 | SupportBCE: 3.3207e+00 | FT_L1: 6.7277e+00 | FT_RelL1: 5.5797e-01 | FT_Chi2: 5.2269e-01 | FT_PearsonCorr: 7.4902e-01
Validation Epoch [8] | Batch [200/625] | OptTotal: 6.4173e+00 | FTLoss: 6.4173e+00 | AmpL1Full: 2.3740e-02 | PhaseL1PredSup: 3.1057e-02 | SupportBCE: 3.0534e+00 | FT_L1: 6.4173e+00 | FT_RelL1: 5.4464e-01 | FT_Chi2: 4.7154e-01 | FT_PearsonCorr: 7.9052e-01
Validation Epoch [8] | Batch [300/625] | OptTotal: 6.6603e+00 | FTLoss: 6.6603e+00 | AmpL1Full: 2.2365e-02 | PhaseL1PredSup: 2.9674e-02 | SupportBCE: 3.4662e+00 | FT_L1: 6.6603e+00 | FT_RelL1: 5.4602e-01 | FT_Chi2: 4.6222e-01 | FT_PearsonCorr: 7.9038e-01
Validation Epoch [8] | Batch [400/625] | OptTotal: 6.2746e+00 | FTLoss: 6.2746e+00 | AmpL1Full: 1.9503e-02 | PhaseL1PredSup: 2.4733e-02 | SupportBCE: 3.5531e+00 | FT_L1: 6.2746e+00 | FT_RelL1: 5.5126e-01 | FT_Chi2: 4.7670e-01 | FT_PearsonCorr: 7.7525e-01
Validation Epoch [8] | Batch [500/625] | OptTotal: 6.9107e+00 | FTLoss: 6.9107e+00 | AmpL1Full: 2.2820e-02 | PhaseL1PredSup: 2.2430e-02 | SupportBCE: 3.2966e+00 | FT_L1: 6.9107e+00 | FT_RelL1: 5.7968e-01 | FT_Chi2: 5.6806e-01 | FT_PearsonCorr: 7.2433e-01
Validation Epoch [8] | Batch [600/625] | OptTotal: 6.2668e+00 | FTLoss: 6.2668e+00 | AmpL1Full: 2.0584e-02 | PhaseL1PredSup: 2.6950e-02 | SupportBCE: 3.1934e+00 | FT_L1: 6.2668e+00 | FT_RelL1: 5.5078e-01 | FT_Chi2: 4.6392e-01 | FT_PearsonCorr: 7.8516e-01
Validation Epoch [8] | Batch [625/625] | OptTotal: 6.4412e+00 | FTLoss: 6.4412e+00 | AmpL1Full: 2.2341e-02 | PhaseL1PredSup: 3.0358e-02 | SupportBCE: 3.0784e+00 | FT_L1: 6.4412e+00 | FT_RelL1: 5.4185e-01 | FT_Chi2: 4.4471e-01 | FT_PearsonCorr: 7.9224e-01

================================================================================
Epoch 8 validation complete
Average validation metrics:
   Optimization: OptTotal=6.5223e+00 | FTLoss=6.5223e+00 | SupportWeighted=0.0000e+00
   Real-space monitors: AmpL1Full=2.2482e-02 | PhaseL1PredSup=2.7911e-02 | SupportBCE=3.2710e+00
   Reciprocal primary: FT_L1=6.5223e+00 | FT_RelL1=5.5318e-01 | FT_Chi2=4.8339e-01 | FT_PearsonCorr=7.7611e-01
   Reciprocal diagnostics: FT_Huber=6.0619e+00 | FT_PearsonLoss=2.2389e-01 | FT_LogRelMSE=1.3209e-01 | FT_Comb=3.5364e-01 | FT_Comb2=4.5908e-01
   Raw-scale diagnostics: FT_VoxelMSE=2.0855e+03 | FT_VoxelRMSE=4.3240e+01
================================================================================

Epoch 8 scheduler lr: 1.000e-03
Epoch[9] Batch[1/3125] | OptTotal: 6.6330e+00 | FTLoss: 6.6330e+00 | AmpL1Full: 2.5149e-02 | PhaseL1PredSup: 2.8269e-02 | SupportBCE: 3.2152e+00 | SupportWeighted: 0.0000e+00 | BatchLR: 1.000e-03 | Grad: True  | Update: True  | Elapsed: 0:00:00 | ETA: 0:32:23
Epoch[9] Batch[101/3125] | OptTotal: 5.9865e+00 | FTLoss: 5.9865e+00 | AmpL1Full: 1.8483e-02 | PhaseL1PredSup: 2.9953e-02 | SupportBCE: 3.1837e+00 | SupportWeighted: 0.0000e+00 | BatchLR: 1.000e-03 | Grad: True  | Update: True  | Elapsed: 0:00:54 | ETA: 0:27:21
Epoch[9] Batch[201/3125] | OptTotal: 6.5988e+00 | FTLoss: 6.5988e+00 | AmpL1Full: 2.3951e-02 | PhaseL1PredSup: 3.3525e-02 | SupportBCE: 3.1846e+00 | SupportWeighted: 0.0000e+00 | BatchLR: 1.000e-03 | Grad: True  | Update: True  | Elapsed: 0:01:49 | ETA: 0:26:29
Epoch[9] Batch[301/3125] | OptTotal: 6.5608e+00 | FTLoss: 6.5608e+00 | AmpL1Full: 2.2961e-02 | PhaseL1PredSup: 2.7030e-02 | SupportBCE: 3.3558e+00 | SupportWeighted: 0.0000e+00 | BatchLR: 1.000e-03 | Grad: True  | Update: True  | Elapsed: 0:02:43 | ETA: 0:25:33
Epoch[9] Batch[401/3125] | OptTotal: 6.1395e+00 | FTLoss: 6.1395e+00 | AmpL1Full: 1.9245e-02 | PhaseL1PredSup: 3.0368e-02 | SupportBCE: 3.1311e+00 | SupportWeighted: 0.0000e+00 | BatchLR: 1.000e-03 | Grad: True  | Update: True  | Elapsed: 0:03:37 | ETA: 0:24:37
Epoch[9] Batch[501/3125] | OptTotal: 6.6378e+00 | FTLoss: 6.6378e+00 | AmpL1Full: 2.2668e-02 | PhaseL1PredSup: 2.9455e-02 | SupportBCE: 3.1090e+00 | SupportWeighted: 0.0000e+00 | BatchLR: 1.000e-03 | Grad: True  | Update: True  | Elapsed: 0:04:31 | ETA: 0:23:42
Epoch[9] Batch[601/3125] | OptTotal: 6.5039e+00 | FTLoss: 6.5039e+00 | AmpL1Full: 2.3507e-02 | PhaseL1PredSup: 4.0811e-02 | SupportBCE: 2.8744e+00 | SupportWeighted: 0.0000e+00 | BatchLR: 1.000e-03 | Grad: True  | Update: True  | Elapsed: 0:05:25 | ETA: 0:22:48
Epoch[9] Batch[701/3125] | OptTotal: 6.9139e+00 | FTLoss: 6.9139e+00 | AmpL1Full: 2.4159e-02 | PhaseL1PredSup: 2.6954e-02 | SupportBCE: 3.2319e+00 | SupportWeighted: 0.0000e+00 | BatchLR: 1.000e-03 | Grad: True  | Update: True  | Elapsed: 0:06:20 | ETA: 0:21:54
Epoch[9] Batch[801/3125] | OptTotal: 6.3126e+00 | FTLoss: 6.3126e+00 | AmpL1Full: 2.3806e-02 | PhaseL1PredSup: 3.6258e-02 | SupportBCE: 3.2209e+00 | SupportWeighted: 0.0000e+00 | BatchLR: 1.000e-03 | Grad: True  | Update: True  | Elapsed: 0:07:14 | ETA: 0:20:59
Epoch[9] Batch[901/3125] | OptTotal: 6.6749e+00 | FTLoss: 6.6749e+00 | AmpL1Full: 2.1495e-02 | PhaseL1PredSup: 2.9991e-02 | SupportBCE: 3.1473e+00 | SupportWeighted: 0.0000e+00 | BatchLR: 1.000e-03 | Grad: True  | Update: True  | Elapsed: 0:08:08 | ETA: 0:20:04
Epoch[9] Batch[1001/3125] | OptTotal: 6.5551e+00 | FTLoss: 6.5551e+00 | AmpL1Full: 2.2156e-02 | PhaseL1PredSup: 3.0546e-02 | SupportBCE: 3.3245e+00 | SupportWeighted: 0.0000e+00 | BatchLR: 1.000e-03 | Grad: True  | Update: True  | Elapsed: 0:09:02 | ETA: 0:19:10
Epoch[9] Batch[1101/3125] | OptTotal: 5.7590e+00 | FTLoss: 5.7590e+00 | AmpL1Full: 1.6786e-02 | PhaseL1PredSup: 2.7886e-02 | SupportBCE: 3.1195e+00 | SupportWeighted: 0.0000e+00 | BatchLR: 1.000e-03 | Grad: True  | Update: True  | Elapsed: 0:09:56 | ETA: 0:18:15
Epoch[9] Batch[1201/3125] | OptTotal: 5.8387e+00 | FTLoss: 5.8387e+00 | AmpL1Full: 1.6838e-02 | PhaseL1PredSup: 2.5846e-02 | SupportBCE: 3.3094e+00 | SupportWeighted: 0.0000e+00 | BatchLR: 1.000e-03 | Grad: True  | Update: True  | Elapsed: 0:10:50 | ETA: 0:17:21
Epoch[9] Batch[1301/3125] | OptTotal: 6.3469e+00 | FTLoss: 6.3469e+00 | AmpL1Full: 2.0392e-02 | PhaseL1PredSup: 2.7144e-02 | SupportBCE: 3.0744e+00 | SupportWeighted: 0.0000e+00 | BatchLR: 1.000e-03 | Grad: True  | Update: True  | Elapsed: 0:11:44 | ETA: 0:16:27
Epoch[9] Batch[1401/3125] | OptTotal: 6.3720e+00 | FTLoss: 6.3720e+00 | AmpL1Full: 2.2981e-02 | PhaseL1PredSup: 3.1102e-02 | SupportBCE: 3.3089e+00 | SupportWeighted: 0.0000e+00 | BatchLR: 1.000e-03 | Grad: True  | Update: True  | Elapsed: 0:12:38 | ETA: 0:15:32
Epoch[9] Batch[1501/3125] | OptTotal: 5.9319e+00 | FTLoss: 5.9319e+00 | AmpL1Full: 2.0087e-02 | PhaseL1PredSup: 3.5893e-02 | SupportBCE: 3.2243e+00 | SupportWeighted: 0.0000e+00 | BatchLR: 1.000e-03 | Grad: True  | Update: True  | Elapsed: 0:13:32 | ETA: 0:14:38
Epoch[9] Batch[1601/3125] | OptTotal: 7.4548e+00 | FTLoss: 7.4548e+00 | AmpL1Full: 2.7161e-02 | PhaseL1PredSup: 2.1844e-02 | SupportBCE: 3.2927e+00 | SupportWeighted: 0.0000e+00 | BatchLR: 1.000e-03 | Grad: True  | Update: True  | Elapsed: 0:14:26 | ETA: 0:13:44
Epoch[9] Batch[1701/3125] | OptTotal: 6.6101e+00 | FTLoss: 6.6101e+00 | AmpL1Full: 2.1215e-02 | PhaseL1PredSup: 2.5656e-02 | SupportBCE: 3.3113e+00 | SupportWeighted: 0.0000e+00 | BatchLR: 1.000e-03 | Grad: True  | Update: True  | Elapsed: 0:15:20 | ETA: 0:12:50
Epoch[9] Batch[1801/3125] | OptTotal: 6.5599e+00 | FTLoss: 6.5599e+00 | AmpL1Full: 2.1861e-02 | PhaseL1PredSup: 2.2723e-02 | SupportBCE: 3.5226e+00 | SupportWeighted: 0.0000e+00 | BatchLR: 1.000e-03 | Grad: True  | Update: True  | Elapsed: 0:16:14 | ETA: 0:11:56
Epoch[9] Batch[1901/3125] | OptTotal: 6.6552e+00 | FTLoss: 6.6552e+00 | AmpL1Full: 2.4138e-02 | PhaseL1PredSup: 2.8644e-02 | SupportBCE: 3.1664e+00 | SupportWeighted: 0.0000e+00 | BatchLR: 1.000e-03 | Grad: True  | Update: True  | Elapsed: 0:17:08 | ETA: 0:11:02
Epoch[9] Batch[2001/3125] | OptTotal: 6.4201e+00 | FTLoss: 6.4201e+00 | AmpL1Full: 2.0801e-02 | PhaseL1PredSup: 2.2808e-02 | SupportBCE: 3.2984e+00 | SupportWeighted: 0.0000e+00 | BatchLR: 1.000e-03 | Grad: True  | Update: True  | Elapsed: 0:18:02 | ETA: 0:10:07
Epoch[9] Batch[2101/3125] | OptTotal: 6.8250e+00 | FTLoss: 6.8250e+00 | AmpL1Full: 2.6429e-02 | PhaseL1PredSup: 3.4865e-02 | SupportBCE: 3.1042e+00 | SupportWeighted: 0.0000e+00 | BatchLR: 1.000e-03 | Grad: True  | Update: True  | Elapsed: 0:18:56 | ETA: 0:09:13
Epoch[9] Batch[2201/3125] | OptTotal: 6.5785e+00 | FTLoss: 6.5785e+00 | AmpL1Full: 1.9645e-02 | PhaseL1PredSup: 2.5649e-02 | SupportBCE: 3.2791e+00 | SupportWeighted: 0.0000e+00 | BatchLR: 1.000e-03 | Grad: True  | Update: True  | Elapsed: 0:19:50 | ETA: 0:08:19
Epoch[9] Batch[2301/3125] | OptTotal: 6.7600e+00 | FTLoss: 6.7600e+00 | AmpL1Full: 2.7053e-02 | PhaseL1PredSup: 3.3747e-02 | SupportBCE: 3.1616e+00 | SupportWeighted: 0.0000e+00 | BatchLR: 1.000e-03 | Grad: True  | Update: True  | Elapsed: 0:20:44 | ETA: 0:07:25
Epoch[9] Batch[2401/3125] | OptTotal: 6.0796e+00 | FTLoss: 6.0796e+00 | AmpL1Full: 2.0629e-02 | PhaseL1PredSup: 3.3933e-02 | SupportBCE: 3.3332e+00 | SupportWeighted: 0.0000e+00 | BatchLR: 1.000e-03 | Grad: True  | Update: True  | Elapsed: 0:21:38 | ETA: 0:06:31
Epoch[9] Batch[2501/3125] | OptTotal: 6.2671e+00 | FTLoss: 6.2671e+00 | AmpL1Full: 2.2028e-02 | PhaseL1PredSup: 3.0476e-02 | SupportBCE: 3.2789e+00 | SupportWeighted: 0.0000e+00 | BatchLR: 1.000e-03 | Grad: True  | Update: True  | Elapsed: 0:22:32 | ETA: 0:05:37
Epoch[9] Batch[2601/3125] | OptTotal: 6.2529e+00 | FTLoss: 6.2529e+00 | AmpL1Full: 2.4024e-02 | PhaseL1PredSup: 2.7790e-02 | SupportBCE: 3.1842e+00 | SupportWeighted: 0.0000e+00 | BatchLR: 1.000e-03 | Grad: True  | Update: True  | Elapsed: 0:23:26 | ETA: 0:04:43
Epoch[9] Batch[2701/3125] | OptTotal: 7.0149e+00 | FTLoss: 7.0149e+00 | AmpL1Full: 2.6146e-02 | PhaseL1PredSup: 2.5846e-02 | SupportBCE: 3.2585e+00 | SupportWeighted: 0.0000e+00 | BatchLR: 1.000e-03 | Grad: True  | Update: True  | Elapsed: 0:24:20 | ETA: 0:03:49
Epoch[9] Batch[2801/3125] | OptTotal: 6.5215e+00 | FTLoss: 6.5215e+00 | AmpL1Full: 2.1378e-02 | PhaseL1PredSup: 2.8923e-02 | SupportBCE: 3.2786e+00 | SupportWeighted: 0.0000e+00 | BatchLR: 1.000e-03 | Grad: True  | Update: True  | Elapsed: 0:25:14 | ETA: 0:02:55
Epoch[9] Batch[2901/3125] | OptTotal: 6.3468e+00 | FTLoss: 6.3468e+00 | AmpL1Full: 2.4244e-02 | PhaseL1PredSup: 3.2783e-02 | SupportBCE: 3.1491e+00 | SupportWeighted: 0.0000e+00 | BatchLR: 1.000e-03 | Grad: True  | Update: True  | Elapsed: 0:26:08 | ETA: 0:02:01
Epoch[9] Batch[3001/3125] | OptTotal: 7.0932e+00 | FTLoss: 7.0932e+00 | AmpL1Full: 2.8287e-02 | PhaseL1PredSup: 3.1224e-02 | SupportBCE: 2.9858e+00 | SupportWeighted: 0.0000e+00 | BatchLR: 1.000e-03 | Grad: True  | Update: True  | Elapsed: 0:27:02 | ETA: 0:01:07
Epoch[9] Batch[3101/3125] | OptTotal: 6.6609e+00 | FTLoss: 6.6609e+00 | AmpL1Full: 2.1532e-02 | PhaseL1PredSup: 2.6953e-02 | SupportBCE: 3.2502e+00 | SupportWeighted: 0.0000e+00 | BatchLR: 1.000e-03 | Grad: True  | Update: True  | Elapsed: 0:27:56 | ETA: 0:00:12
Epoch[9] Batch[3125/3125] | OptTotal: 6.7519e+00 | FTLoss: 6.7519e+00 | AmpL1Full: 2.4696e-02 | PhaseL1PredSup: 3.0101e-02 | SupportBCE: 3.1950e+00 | SupportWeighted: 0.0000e+00 | BatchLR: 1.000e-03 | Grad: True  | Update: True  | Elapsed: 0:28:09 | ETA: 0:00:00

================================================================================
Epoch 9 complete | total time: 1689.24s | average OptTotal: 6.4759e+00
Average train optimization terms | FTLoss: 6.4759e+00 | SupportWeighted: 0.0000e+00
Average train real-space monitors | AmpL1Full: 2.2808e-02 | PhaseL1PredSup: 2.9964e-02 | SupportBCE: 3.2104e+00
================================================================================

Validation Epoch [9] | Batch [100/625] | OptTotal: 6.6988e+00 | FTLoss: 6.6988e+00 | AmpL1Full: 2.2028e-02 | PhaseL1PredSup: 2.9606e-02 | SupportBCE: 3.1999e+00 | FT_L1: 6.6988e+00 | FT_RelL1: 5.5564e-01 | FT_Chi2: 5.1741e-01 | FT_PearsonCorr: 7.4520e-01
Validation Epoch [9] | Batch [200/625] | OptTotal: 6.3414e+00 | FTLoss: 6.3414e+00 | AmpL1Full: 2.4433e-02 | PhaseL1PredSup: 3.4785e-02 | SupportBCE: 2.9554e+00 | FT_L1: 6.3414e+00 | FT_RelL1: 5.3823e-01 | FT_Chi2: 4.5298e-01 | FT_PearsonCorr: 7.9480e-01
Validation Epoch [9] | Batch [300/625] | OptTotal: 6.5471e+00 | FTLoss: 6.5471e+00 | AmpL1Full: 2.3089e-02 | PhaseL1PredSup: 3.4582e-02 | SupportBCE: 3.4065e+00 | FT_L1: 6.5471e+00 | FT_RelL1: 5.3685e-01 | FT_Chi2: 4.4044e-01 | FT_PearsonCorr: 7.9107e-01
Validation Epoch [9] | Batch [400/625] | OptTotal: 6.1763e+00 | FTLoss: 6.1763e+00 | AmpL1Full: 2.0115e-02 | PhaseL1PredSup: 2.8800e-02 | SupportBCE: 3.4594e+00 | FT_L1: 6.1763e+00 | FT_RelL1: 5.4257e-01 | FT_Chi2: 4.5720e-01 | FT_PearsonCorr: 7.7639e-01
Validation Epoch [9] | Batch [500/625] | OptTotal: 6.8547e+00 | FTLoss: 6.8547e+00 | AmpL1Full: 2.3311e-02 | PhaseL1PredSup: 2.5034e-02 | SupportBCE: 3.2396e+00 | FT_L1: 6.8547e+00 | FT_RelL1: 5.7512e-01 | FT_Chi2: 5.5926e-01 | FT_PearsonCorr: 7.2307e-01
Validation Epoch [9] | Batch [600/625] | OptTotal: 6.1624e+00 | FTLoss: 6.1624e+00 | AmpL1Full: 2.1121e-02 | PhaseL1PredSup: 3.0799e-02 | SupportBCE: 3.1348e+00 | FT_L1: 6.1624e+00 | FT_RelL1: 5.4150e-01 | FT_Chi2: 4.4488e-01 | FT_PearsonCorr: 7.8794e-01
Validation Epoch [9] | Batch [625/625] | OptTotal: 6.3556e+00 | FTLoss: 6.3556e+00 | AmpL1Full: 2.3162e-02 | PhaseL1PredSup: 3.5518e-02 | SupportBCE: 3.0234e+00 | FT_L1: 6.3556e+00 | FT_RelL1: 5.3465e-01 | FT_Chi2: 4.0632e-01 | FT_PearsonCorr: 8.0095e-01

================================================================================
Epoch 9 validation complete
Average validation metrics:
   Optimization: OptTotal=6.4359e+00 | FTLoss=6.4359e+00 | SupportWeighted=0.0000e+00
   Real-space monitors: AmpL1Full=2.3059e-02 | PhaseL1PredSup=3.1930e-02 | SupportBCE=3.1682e+00
   Reciprocal primary: FT_L1=6.4359e+00 | FT_RelL1=5.4592e-01 | FT_Chi2=4.6349e-01 | FT_PearsonCorr=7.7805e-01
   Reciprocal diagnostics: FT_Huber=5.9756e+00 | FT_PearsonLoss=2.2195e-01 | FT_LogRelMSE=1.3234e-01 | FT_Comb=3.4272e-01 | FT_Comb2=4.5079e-01
   Raw-scale diagnostics: FT_VoxelMSE=2.0047e+03 | FT_VoxelRMSE=4.2246e+01
================================================================================

Epoch 9 scheduler lr: 1.000e-03
Saved new best model | best loss: 6.435868 | epoch: 9
Epoch[10] Batch[1/3125] | OptTotal: 6.5263e+00 | FTLoss: 6.5263e+00 | AmpL1Full: 2.5414e-02 | PhaseL1PredSup: 3.4352e-02 | SupportBCE: 3.0183e+00 | SupportWeighted: 0.0000e+00 | BatchLR: 1.000e-03 | Grad: True  | Update: True  | Elapsed: 0:00:00 | ETA: 0:30:19
Epoch[10] Batch[101/3125] | OptTotal: 5.9879e+00 | FTLoss: 5.9879e+00 | AmpL1Full: 2.1986e-02 | PhaseL1PredSup: 3.1270e-02 | SupportBCE: 3.3686e+00 | SupportWeighted: 0.0000e+00 | BatchLR: 1.000e-03 | Grad: True  | Update: True  | Elapsed: 0:00:54 | ETA: 0:27:15
Epoch[10] Batch[201/3125] | OptTotal: 6.5097e+00 | FTLoss: 6.5097e+00 | AmpL1Full: 2.1428e-02 | PhaseL1PredSup: 2.5350e-02 | SupportBCE: 3.2141e+00 | SupportWeighted: 0.0000e+00 | BatchLR: 1.000e-03 | Grad: True  | Update: True  | Elapsed: 0:01:48 | ETA: 0:26:20
Epoch[10] Batch[301/3125] | OptTotal: 6.2798e+00 | FTLoss: 6.2798e+00 | AmpL1Full: 2.0459e-02 | PhaseL1PredSup: 2.6792e-02 | SupportBCE: 3.2726e+00 | SupportWeighted: 0.0000e+00 | BatchLR: 1.000e-03 | Grad: True  | Update: True  | Elapsed: 0:02:42 | ETA: 0:25:25
Epoch[10] Batch[401/3125] | OptTotal: 6.5291e+00 | FTLoss: 6.5291e+00 | AmpL1Full: 2.0050e-02 | PhaseL1PredSup: 2.4480e-02 | SupportBCE: 3.4554e+00 | SupportWeighted: 0.0000e+00 | BatchLR: 1.000e-03 | Grad: True  | Update: True  | Elapsed: 0:03:36 | ETA: 0:24:31
Epoch[10] Batch[501/3125] | OptTotal: 6.4401e+00 | FTLoss: 6.4401e+00 | AmpL1Full: 2.3629e-02 | PhaseL1PredSup: 3.7014e-02 | SupportBCE: 2.7946e+00 | SupportWeighted: 0.0000e+00 | BatchLR: 1.000e-03 | Grad: True  | Update: True  | Elapsed: 0:04:30 | ETA: 0:23:37
Epoch[10] Batch[601/3125] | OptTotal: 6.3151e+00 | FTLoss: 6.3151e+00 | AmpL1Full: 2.0593e-02 | PhaseL1PredSup: 2.6705e-02 | SupportBCE: 3.4279e+00 | SupportWeighted: 0.0000e+00 | BatchLR: 1.000e-03 | Grad: True  | Update: True  | Elapsed: 0:05:24 | ETA: 0:22:43
Epoch[10] Batch[701/3125] | OptTotal: 6.4479e+00 | FTLoss: 6.4479e+00 | AmpL1Full: 2.5309e-02 | PhaseL1PredSup: 3.2879e-02 | SupportBCE: 3.0749e+00 | SupportWeighted: 0.0000e+00 | BatchLR: 1.000e-03 | Grad: True  | Update: True  | Elapsed: 0:06:18 | ETA: 0:21:49
Epoch[10] Batch[801/3125] | OptTotal: 6.9263e+00 | FTLoss: 6.9263e+00 | AmpL1Full: 2.8760e-02 | PhaseL1PredSup: 3.4484e-02 | SupportBCE: 3.3195e+00 | SupportWeighted: 0.0000e+00 | BatchLR: 1.000e-03 | Grad: True  | Update: True  | Elapsed: 0:07:12 | ETA: 0:20:55
Epoch[10] Batch[901/3125] | OptTotal: 6.2853e+00 | FTLoss: 6.2853e+00 | AmpL1Full: 2.1046e-02 | PhaseL1PredSup: 2.8689e-02 | SupportBCE: 3.0889e+00 | SupportWeighted: 0.0000e+00 | BatchLR: 1.000e-03 | Grad: True  | Update: True  | Elapsed: 0:08:06 | ETA: 0:20:01
Epoch[10] Batch[1001/3125] | OptTotal: 6.7708e+00 | FTLoss: 6.7708e+00 | AmpL1Full: 2.3491e-02 | PhaseL1PredSup: 2.5726e-02 | SupportBCE: 3.2580e+00 | SupportWeighted: 0.0000e+00 | BatchLR: 1.000e-03 | Grad: True  | Update: True  | Elapsed: 0:09:00 | ETA: 0:19:07
Epoch[10] Batch[1101/3125] | OptTotal: 6.8464e+00 | FTLoss: 6.8464e+00 | AmpL1Full: 2.7646e-02 | PhaseL1PredSup: 3.4725e-02 | SupportBCE: 3.1614e+00 | SupportWeighted: 0.0000e+00 | BatchLR: 1.000e-03 | Grad: True  | Update: True  | Elapsed: 0:09:54 | ETA: 0:18:13
Epoch[10] Batch[1201/3125] | OptTotal: 6.8802e+00 | FTLoss: 6.8802e+00 | AmpL1Full: 2.5869e-02 | PhaseL1PredSup: 2.8700e-02 | SupportBCE: 3.1619e+00 | SupportWeighted: 0.0000e+00 | BatchLR: 1.000e-03 | Grad: True  | Update: True  | Elapsed: 0:10:48 | ETA: 0:17:19
Epoch[10] Batch[1301/3125] | OptTotal: 6.4399e+00 | FTLoss: 6.4399e+00 | AmpL1Full: 2.2138e-02 | PhaseL1PredSup: 2.6672e-02 | SupportBCE: 3.2144e+00 | SupportWeighted: 0.0000e+00 | BatchLR: 1.000e-03 | Grad: True  | Update: True  | Elapsed: 0:11:42 | ETA: 0:16:25
Epoch[10] Batch[1401/3125] | OptTotal: 6.7970e+00 | FTLoss: 6.7970e+00 | AmpL1Full: 2.6449e-02 | PhaseL1PredSup: 2.8705e-02 | SupportBCE: 3.2140e+00 | SupportWeighted: 0.0000e+00 | BatchLR: 1.000e-03 | Grad: True  | Update: True  | Elapsed: 0:12:36 | ETA: 0:15:31
Epoch[10] Batch[1501/3125] | OptTotal: 6.8148e+00 | FTLoss: 6.8148e+00 | AmpL1Full: 2.1800e-02 | PhaseL1PredSup: 2.3075e-02 | SupportBCE: 3.3095e+00 | SupportWeighted: 0.0000e+00 | BatchLR: 1.000e-03 | Grad: True  | Update: True  | Elapsed: 0:13:30 | ETA: 0:14:37
Epoch[10] Batch[1601/3125] | OptTotal: 6.7215e+00 | FTLoss: 6.7215e+00 | AmpL1Full: 2.2816e-02 | PhaseL1PredSup: 2.9666e-02 | SupportBCE: 3.3176e+00 | SupportWeighted: 0.0000e+00 | BatchLR: 1.000e-03 | Grad: True  | Update: True  | Elapsed: 0:14:24 | ETA: 0:13:43
Epoch[10] Batch[1701/3125] | OptTotal: 6.1947e+00 | FTLoss: 6.1947e+00 | AmpL1Full: 2.3156e-02 | PhaseL1PredSup: 3.5901e-02 | SupportBCE: 3.1855e+00 | SupportWeighted: 0.0000e+00 | BatchLR: 1.000e-03 | Grad: True  | Update: True  | Elapsed: 0:15:18 | ETA: 0:12:49
Epoch[10] Batch[1801/3125] | OptTotal: 6.3481e+00 | FTLoss: 6.3481e+00 | AmpL1Full: 2.4357e-02 | PhaseL1PredSup: 3.7131e-02 | SupportBCE: 3.1567e+00 | SupportWeighted: 0.0000e+00 | BatchLR: 1.000e-03 | Grad: True  | Update: True  | Elapsed: 0:16:12 | ETA: 0:11:55
Epoch[10] Batch[1901/3125] | OptTotal: 6.9050e+00 | FTLoss: 6.9050e+00 | AmpL1Full: 2.8529e-02 | PhaseL1PredSup: 3.1763e-02 | SupportBCE: 3.2445e+00 | SupportWeighted: 0.0000e+00 | BatchLR: 1.000e-03 | Grad: True  | Update: True  | Elapsed: 0:17:06 | ETA: 0:11:01
Epoch[10] Batch[2001/3125] | OptTotal: 6.3840e+00 | FTLoss: 6.3840e+00 | AmpL1Full: 2.1276e-02 | PhaseL1PredSup: 2.4965e-02 | SupportBCE: 3.3135e+00 | SupportWeighted: 0.0000e+00 | BatchLR: 1.000e-03 | Grad: True  | Update: True  | Elapsed: 0:18:00 | ETA: 0:10:07
Epoch[10] Batch[2101/3125] | OptTotal: 6.5827e+00 | FTLoss: 6.5827e+00 | AmpL1Full: 2.3177e-02 | PhaseL1PredSup: 3.0875e-02 | SupportBCE: 3.2340e+00 | SupportWeighted: 0.0000e+00 | BatchLR: 1.000e-03 | Grad: True  | Update: True  | Elapsed: 0:18:54 | ETA: 0:09:13
Epoch[10] Batch[2201/3125] | OptTotal: 6.3625e+00 | FTLoss: 6.3625e+00 | AmpL1Full: 2.2707e-02 | PhaseL1PredSup: 3.1431e-02 | SupportBCE: 3.2852e+00 | SupportWeighted: 0.0000e+00 | BatchLR: 1.000e-03 | Grad: True  | Update: True  | Elapsed: 0:19:48 | ETA: 0:08:19
Epoch[10] Batch[2301/3125] | OptTotal: 6.8668e+00 | FTLoss: 6.8668e+00 | AmpL1Full: 2.0901e-02 | PhaseL1PredSup: 2.1670e-02 | SupportBCE: 3.2872e+00 | SupportWeighted: 0.0000e+00 | BatchLR: 1.000e-03 | Grad: True  | Update: True  | Elapsed: 0:20:42 | ETA: 0:07:25
Epoch[10] Batch[2401/3125] | OptTotal: 6.4430e+00 | FTLoss: 6.4430e+00 | AmpL1Full: 2.6354e-02 | PhaseL1PredSup: 3.2068e-02 | SupportBCE: 3.1445e+00 | SupportWeighted: 0.0000e+00 | BatchLR: 1.000e-03 | Grad: True  | Update: True  | Elapsed: 0:21:36 | ETA: 0:06:31
Epoch[10] Batch[2501/3125] | OptTotal: 6.3294e+00 | FTLoss: 6.3294e+00 | AmpL1Full: 1.7427e-02 | PhaseL1PredSup: 2.1754e-02 | SupportBCE: 3.3029e+00 | SupportWeighted: 0.0000e+00 | BatchLR: 1.000e-03 | Grad: True  | Update: True  | Elapsed: 0:22:30 | ETA: 0:05:37
Epoch[10] Batch[2601/3125] | OptTotal: 6.4079e+00 | FTLoss: 6.4079e+00 | AmpL1Full: 2.7630e-02 | PhaseL1PredSup: 3.6604e-02 | SupportBCE: 3.1360e+00 | SupportWeighted: 0.0000e+00 | BatchLR: 1.000e-03 | Grad: True  | Update: True  | Elapsed: 0:23:24 | ETA: 0:04:43
Epoch[10] Batch[2701/3125] | OptTotal: 6.6455e+00 | FTLoss: 6.6455e+00 | AmpL1Full: 2.1548e-02 | PhaseL1PredSup: 2.6738e-02 | SupportBCE: 3.2394e+00 | SupportWeighted: 0.0000e+00 | BatchLR: 1.000e-03 | Grad: True  | Update: True  | Elapsed: 0:24:18 | ETA: 0:03:49
Epoch[10] Batch[2801/3125] | OptTotal: 6.5466e+00 | FTLoss: 6.5466e+00 | AmpL1Full: 2.1598e-02 | PhaseL1PredSup: 3.0162e-02 | SupportBCE: 3.3510e+00 | SupportWeighted: 0.0000e+00 | BatchLR: 1.000e-03 | Grad: True  | Update: True  | Elapsed: 0:25:12 | ETA: 0:02:54
Epoch[10] Batch[2901/3125] | OptTotal: 6.4562e+00 | FTLoss: 6.4562e+00 | AmpL1Full: 2.4313e-02 | PhaseL1PredSup: 3.3918e-02 | SupportBCE: 3.4037e+00 | SupportWeighted: 0.0000e+00 | BatchLR: 1.000e-03 | Grad: True  | Update: True  | Elapsed: 0:26:06 | ETA: 0:02:00
Epoch[10] Batch[3001/3125] | OptTotal: 6.6630e+00 | FTLoss: 6.6630e+00 | AmpL1Full: 2.2442e-02 | PhaseL1PredSup: 3.1034e-02 | SupportBCE: 3.3463e+00 | SupportWeighted: 0.0000e+00 | BatchLR: 1.000e-03 | Grad: True  | Update: True  | Elapsed: 0:27:00 | ETA: 0:01:06
Epoch[10] Batch[3101/3125] | OptTotal: 6.4926e+00 | FTLoss: 6.4926e+00 | AmpL1Full: 2.5916e-02 | PhaseL1PredSup: 3.6022e-02 | SupportBCE: 3.3336e+00 | SupportWeighted: 0.0000e+00 | BatchLR: 1.000e-03 | Grad: True  | Update: True  | Elapsed: 0:27:54 | ETA: 0:00:12
Epoch[10] Batch[3125/3125] | OptTotal: 6.6976e+00 | FTLoss: 6.6976e+00 | AmpL1Full: 2.5305e-02 | PhaseL1PredSup: 3.0763e-02 | SupportBCE: 3.0549e+00 | SupportWeighted: 0.0000e+00 | BatchLR: 1.000e-03 | Grad: True  | Update: True  | Elapsed: 0:28:07 | ETA: 0:00:00

================================================================================
Epoch 10 complete | total time: 1687.83s | average OptTotal: 6.4634e+00
Average train optimization terms | FTLoss: 6.4634e+00 | SupportWeighted: 0.0000e+00
Average train real-space monitors | AmpL1Full: 2.2837e-02 | PhaseL1PredSup: 3.0085e-02 | SupportBCE: 3.2304e+00
================================================================================

Validation Epoch [10] | Batch [100/625] | OptTotal: 6.6510e+00 | FTLoss: 6.6510e+00 | AmpL1Full: 2.2516e-02 | PhaseL1PredSup: 3.1448e-02 | SupportBCE: 3.1747e+00 | FT_L1: 6.6510e+00 | FT_RelL1: 5.5150e-01 | FT_Chi2: 4.9201e-01 | FT_PearsonCorr: 7.4879e-01
Validation Epoch [10] | Batch [200/625] | OptTotal: 6.3427e+00 | FTLoss: 6.3427e+00 | AmpL1Full: 2.4433e-02 | PhaseL1PredSup: 3.4665e-02 | SupportBCE: 2.9015e+00 | FT_L1: 6.3427e+00 | FT_RelL1: 5.3859e-01 | FT_Chi2: 4.4216e-01 | FT_PearsonCorr: 7.9756e-01
Validation Epoch [10] | Batch [300/625] | OptTotal: 6.5534e+00 | FTLoss: 6.5534e+00 | AmpL1Full: 2.3698e-02 | PhaseL1PredSup: 3.5398e-02 | SupportBCE: 3.3510e+00 | FT_L1: 6.5534e+00 | FT_RelL1: 5.3716e-01 | FT_Chi2: 4.1042e-01 | FT_PearsonCorr: 7.9988e-01
Validation Epoch [10] | Batch [400/625] | OptTotal: 6.1853e+00 | FTLoss: 6.1853e+00 | AmpL1Full: 2.0596e-02 | PhaseL1PredSup: 3.0345e-02 | SupportBCE: 3.4006e+00 | FT_L1: 6.1853e+00 | FT_RelL1: 5.4324e-01 | FT_Chi2: 4.3133e-01 | FT_PearsonCorr: 7.8110e-01
Validation Epoch [10] | Batch [500/625] | OptTotal: 6.8313e+00 | FTLoss: 6.8313e+00 | AmpL1Full: 2.3733e-02 | PhaseL1PredSup: 2.5898e-02 | SupportBCE: 3.2150e+00 | FT_L1: 6.8313e+00 | FT_RelL1: 5.7293e-01 | FT_Chi2: 5.3758e-01 | FT_PearsonCorr: 7.2830e-01
Validation Epoch [10] | Batch [600/625] | OptTotal: 6.1812e+00 | FTLoss: 6.1812e+00 | AmpL1Full: 2.1227e-02 | PhaseL1PredSup: 3.0645e-02 | SupportBCE: 3.0747e+00 | FT_L1: 6.1812e+00 | FT_RelL1: 5.4318e-01 | FT_Chi2: 4.2494e-01 | FT_PearsonCorr: 7.9391e-01
Validation Epoch [10] | Batch [625/625] | OptTotal: 6.3389e+00 | FTLoss: 6.3389e+00 | AmpL1Full: 2.3208e-02 | PhaseL1PredSup: 3.6324e-02 | SupportBCE: 2.9559e+00 | FT_L1: 6.3389e+00 | FT_RelL1: 5.3330e-01 | FT_Chi2: 3.9001e-01 | FT_PearsonCorr: 8.0508e-01

================================================================================
Epoch 10 validation complete
Average validation metrics:
   Optimization: OptTotal=6.4278e+00 | FTLoss=6.4278e+00 | SupportWeighted=0.0000e+00
   Real-space monitors: AmpL1Full=2.3376e-02 | PhaseL1PredSup=3.2844e-02 | SupportBCE=3.1327e+00
   Reciprocal primary: FT_L1=6.4278e+00 | FT_RelL1=5.4524e-01 | FT_Chi2=4.4209e-01 | FT_PearsonCorr=7.8305e-01
   Reciprocal diagnostics: FT_Huber=5.9670e+00 | FT_PearsonLoss=2.1695e-01 | FT_LogRelMSE=1.3274e-01 | FT_Comb=3.2952e-01 | FT_Comb2=4.4021e-01
   Raw-scale diagnostics: FT_VoxelMSE=1.9406e+03 | FT_VoxelRMSE=4.1257e+01
================================================================================

Epoch 10 scheduler lr: 1.000e-03
Saved new best model | best loss: 6.427794 | epoch: 10
checkpoint saved!
Epoch[11] Batch[1/3125] | OptTotal: 6.3007e+00 | FTLoss: 6.3007e+00 | AmpL1Full: 2.2967e-02 | PhaseL1PredSup: 3.5701e-02 | SupportBCE: 2.9534e+00 | SupportWeighted: 0.0000e+00 | BatchLR: 1.000e-03 | Grad: True  | Update: True  | Elapsed: 0:00:00 | ETA: 0:30:14
Epoch[11] Batch[101/3125] | OptTotal: 6.6258e+00 | FTLoss: 6.6258e+00 | AmpL1Full: 2.3767e-02 | PhaseL1PredSup: 2.6180e-02 | SupportBCE: 3.2682e+00 | SupportWeighted: 0.0000e+00 | BatchLR: 1.000e-03 | Grad: True  | Update: True  | Elapsed: 0:00:54 | ETA: 0:27:15
Epoch[11] Batch[201/3125] | OptTotal: 6.6032e+00 | FTLoss: 6.6032e+00 | AmpL1Full: 2.3174e-02 | PhaseL1PredSup: 2.8766e-02 | SupportBCE: 3.3590e+00 | SupportWeighted: 0.0000e+00 | BatchLR: 1.000e-03 | Grad: True  | Update: True  | Elapsed: 0:01:48 | ETA: 0:26:19
Epoch[11] Batch[301/3125] | OptTotal: 6.4805e+00 | FTLoss: 6.4805e+00 | AmpL1Full: 2.0306e-02 | PhaseL1PredSup: 2.7489e-02 | SupportBCE: 3.4690e+00 | SupportWeighted: 0.0000e+00 | BatchLR: 1.000e-03 | Grad: True  | Update: True  | Elapsed: 0:02:42 | ETA: 0:25:25
Epoch[11] Batch[401/3125] | OptTotal: 6.4600e+00 | FTLoss: 6.4600e+00 | AmpL1Full: 1.9653e-02 | PhaseL1PredSup: 2.5189e-02 | SupportBCE: 3.4503e+00 | SupportWeighted: 0.0000e+00 | BatchLR: 1.000e-03 | Grad: True  | Update: True  | Elapsed: 0:03:36 | ETA: 0:24:31
Epoch[11] Batch[501/3125] | OptTotal: 6.7912e+00 | FTLoss: 6.7912e+00 | AmpL1Full: 2.6622e-02 | PhaseL1PredSup: 3.1975e-02 | SupportBCE: 3.2949e+00 | SupportWeighted: 0.0000e+00 | BatchLR: 1.000e-03 | Grad: True  | Update: True  | Elapsed: 0:04:30 | ETA: 0:23:37
Epoch[11] Batch[601/3125] | OptTotal: 6.8451e+00 | FTLoss: 6.8451e+00 | AmpL1Full: 2.7644e-02 | PhaseL1PredSup: 2.9924e-02 | SupportBCE: 3.3495e+00 | SupportWeighted: 0.0000e+00 | BatchLR: 1.000e-03 | Grad: True  | Update: True  | Elapsed: 0:05:24 | ETA: 0:22:43
Epoch[11] Batch[701/3125] | OptTotal: 6.4673e+00 | FTLoss: 6.4673e+00 | AmpL1Full: 2.4982e-02 | PhaseL1PredSup: 3.3964e-02 | SupportBCE: 3.2259e+00 | SupportWeighted: 0.0000e+00 | BatchLR: 1.000e-03 | Grad: True  | Update: True  | Elapsed: 0:06:18 | ETA: 0:21:49
Epoch[11] Batch[801/3125] | OptTotal: 6.0446e+00 | FTLoss: 6.0446e+00 | AmpL1Full: 2.0847e-02 | PhaseL1PredSup: 3.1702e-02 | SupportBCE: 3.3672e+00 | SupportWeighted: 0.0000e+00 | BatchLR: 1.000e-03 | Grad: True  | Update: True  | Elapsed: 0:07:12 | ETA: 0:20:55
Epoch[11] Batch[901/3125] | OptTotal: 6.7005e+00 | FTLoss: 6.7005e+00 | AmpL1Full: 2.7643e-02 | PhaseL1PredSup: 3.5998e-02 | SupportBCE: 3.2112e+00 | SupportWeighted: 0.0000e+00 | BatchLR: 1.000e-03 | Grad: True  | Update: True  | Elapsed: 0:08:06 | ETA: 0:20:01
Epoch[11] Batch[1001/3125] | OptTotal: 6.7280e+00 | FTLoss: 6.7280e+00 | AmpL1Full: 2.5486e-02 | PhaseL1PredSup: 3.0668e-02 | SupportBCE: 3.1448e+00 | SupportWeighted: 0.0000e+00 | BatchLR: 1.000e-03 | Grad: True  | Update: True  | Elapsed: 0:09:00 | ETA: 0:19:07
Epoch[11] Batch[1101/3125] | OptTotal: 6.1019e+00 | FTLoss: 6.1019e+00 | AmpL1Full: 2.3186e-02 | PhaseL1PredSup: 3.2894e-02 | SupportBCE: 3.2359e+00 | SupportWeighted: 0.0000e+00 | BatchLR: 1.000e-03 | Grad: True  | Update: True  | Elapsed: 0:09:54 | ETA: 0:18:13
Epoch[11] Batch[1201/3125] | OptTotal: 6.0439e+00 | FTLoss: 6.0439e+00 | AmpL1Full: 2.0031e-02 | PhaseL1PredSup: 2.6703e-02 | SupportBCE: 3.2854e+00 | SupportWeighted: 0.0000e+00 | BatchLR: 1.000e-03 | Grad: True  | Update: True  | Elapsed: 0:10:48 | ETA: 0:17:19
Epoch[11] Batch[1301/3125] | OptTotal: 6.4896e+00 | FTLoss: 6.4896e+00 | AmpL1Full: 2.0045e-02 | PhaseL1PredSup: 2.7184e-02 | SupportBCE: 3.3088e+00 | SupportWeighted: 0.0000e+00 | BatchLR: 1.000e-03 | Grad: True  | Update: True  | Elapsed: 0:11:42 | ETA: 0:16:25
Epoch[11] Batch[1401/3125] | OptTotal: 6.4209e+00 | FTLoss: 6.4209e+00 | AmpL1Full: 2.5492e-02 | PhaseL1PredSup: 3.3890e-02 | SupportBCE: 3.4192e+00 | SupportWeighted: 0.0000e+00 | BatchLR: 1.000e-03 | Grad: True  | Update: True  | Elapsed: 0:12:36 | ETA: 0:15:31
Epoch[11] Batch[1501/3125] | OptTotal: 6.4415e+00 | FTLoss: 6.4415e+00 | AmpL1Full: 1.9153e-02 | PhaseL1PredSup: 2.5368e-02 | SupportBCE: 3.3247e+00 | SupportWeighted: 0.0000e+00 | BatchLR: 1.000e-03 | Grad: True  | Update: True  | Elapsed: 0:13:30 | ETA: 0:14:37
Epoch[11] Batch[1601/3125] | OptTotal: 6.5217e+00 | FTLoss: 6.5217e+00 | AmpL1Full: 2.4606e-02 | PhaseL1PredSup: 3.2560e-02 | SupportBCE: 3.3239e+00 | SupportWeighted: 0.0000e+00 | BatchLR: 1.000e-03 | Grad: True  | Update: True  | Elapsed: 0:14:24 | ETA: 0:13:43
Epoch[11] Batch[1701/3125] | OptTotal: 6.3684e+00 | FTLoss: 6.3684e+00 | AmpL1Full: 2.2271e-02 | PhaseL1PredSup: 3.2065e-02 | SupportBCE: 3.4225e+00 | SupportWeighted: 0.0000e+00 | BatchLR: 1.000e-03 | Grad: True  | Update: True  | Elapsed: 0:15:18 | ETA: 0:12:49
Epoch[11] Batch[1801/3125] | OptTotal: 6.4864e+00 | FTLoss: 6.4864e+00 | AmpL1Full: 2.5117e-02 | PhaseL1PredSup: 3.4515e-02 | SupportBCE: 3.2357e+00 | SupportWeighted: 0.0000e+00 | BatchLR: 1.000e-03 | Grad: True  | Update: True  | Elapsed: 0:16:12 | ETA: 0:11:55
Epoch[11] Batch[1901/3125] | OptTotal: 7.1945e+00 | FTLoss: 7.1945e+00 | AmpL1Full: 2.9090e-02 | PhaseL1PredSup: 3.2121e-02 | SupportBCE: 3.0830e+00 | SupportWeighted: 0.0000e+00 | BatchLR: 1.000e-03 | Grad: True  | Update: True  | Elapsed: 0:17:06 | ETA: 0:11:01
Epoch[11] Batch[2001/3125] | OptTotal: 6.1015e+00 | FTLoss: 6.1015e+00 | AmpL1Full: 1.8397e-02 | PhaseL1PredSup: 3.0714e-02 | SupportBCE: 2.9742e+00 | SupportWeighted: 0.0000e+00 | BatchLR: 1.000e-03 | Grad: True  | Update: True  | Elapsed: 0:18:00 | ETA: 0:10:07
Epoch[11] Batch[2101/3125] | OptTotal: 6.3380e+00 | FTLoss: 6.3380e+00 | AmpL1Full: 2.0805e-02 | PhaseL1PredSup: 2.8058e-02 | SupportBCE: 3.2705e+00 | SupportWeighted: 0.0000e+00 | BatchLR: 1.000e-03 | Grad: True  | Update: True  | Elapsed: 0:18:54 | ETA: 0:09:13
Epoch[11] Batch[2201/3125] | OptTotal: 6.3195e+00 | FTLoss: 6.3195e+00 | AmpL1Full: 1.9712e-02 | PhaseL1PredSup: 2.9499e-02 | SupportBCE: 3.3542e+00 | SupportWeighted: 0.0000e+00 | BatchLR: 1.000e-03 | Grad: True  | Update: True  | Elapsed: 0:19:48 | ETA: 0:08:19
Epoch[11] Batch[2301/3125] | OptTotal: 6.1575e+00 | FTLoss: 6.1575e+00 | AmpL1Full: 2.2400e-02 | PhaseL1PredSup: 3.2922e-02 | SupportBCE: 3.2603e+00 | SupportWeighted: 0.0000e+00 | BatchLR: 1.000e-03 | Grad: True  | Update: True  | Elapsed: 0:20:42 | ETA: 0:07:25
Epoch[11] Batch[2401/3125] | OptTotal: 6.5142e+00 | FTLoss: 6.5142e+00 | AmpL1Full: 2.1960e-02 | PhaseL1PredSup: 2.7668e-02 | SupportBCE: 3.3061e+00 | SupportWeighted: 0.0000e+00 | BatchLR: 1.000e-03 | Grad: True  | Update: True  | Elapsed: 0:21:36 | ETA: 0:06:31
Epoch[11] Batch[2501/3125] | OptTotal: 6.0274e+00 | FTLoss: 6.0274e+00 | AmpL1Full: 1.9571e-02 | PhaseL1PredSup: 3.0303e-02 | SupportBCE: 3.3086e+00 | SupportWeighted: 0.0000e+00 | BatchLR: 1.000e-03 | Grad: True  | Update: True  | Elapsed: 0:22:30 | ETA: 0:05:37
Epoch[11] Batch[2601/3125] | OptTotal: 6.6873e+00 | FTLoss: 6.6873e+00 | AmpL1Full: 2.3706e-02 | PhaseL1PredSup: 2.9992e-02 | SupportBCE: 3.0289e+00 | SupportWeighted: 0.0000e+00 | BatchLR: 1.000e-03 | Grad: True  | Update: True  | Elapsed: 0:23:24 | ETA: 0:04:42
Epoch[11] Batch[2701/3125] | OptTotal: 6.9037e+00 | FTLoss: 6.9037e+00 | AmpL1Full: 2.3794e-02 | PhaseL1PredSup: 2.7175e-02 | SupportBCE: 3.2434e+00 | SupportWeighted: 0.0000e+00 | BatchLR: 1.000e-03 | Grad: True  | Update: True  | Elapsed: 0:24:18 | ETA: 0:03:48
Epoch[11] Batch[2801/3125] | OptTotal: 6.8286e+00 | FTLoss: 6.8286e+00 | AmpL1Full: 2.4266e-02 | PhaseL1PredSup: 3.0061e-02 | SupportBCE: 3.3010e+00 | SupportWeighted: 0.0000e+00 | BatchLR: 1.000e-03 | Grad: True  | Update: True  | Elapsed: 0:25:12 | ETA: 0:02:54
Epoch[11] Batch[2901/3125] | OptTotal: 6.8397e+00 | FTLoss: 6.8397e+00 | AmpL1Full: 2.7073e-02 | PhaseL1PredSup: 3.5074e-02 | SupportBCE: 3.2238e+00 | SupportWeighted: 0.0000e+00 | BatchLR: 1.000e-03 | Grad: True  | Update: True  | Elapsed: 0:26:06 | ETA: 0:02:00
Epoch[11] Batch[3001/3125] | OptTotal: 6.7026e+00 | FTLoss: 6.7026e+00 | AmpL1Full: 1.8712e-02 | PhaseL1PredSup: 2.3323e-02 | SupportBCE: 3.2529e+00 | SupportWeighted: 0.0000e+00 | BatchLR: 1.000e-03 | Grad: True  | Update: True  | Elapsed: 0:27:00 | ETA: 0:01:06
Epoch[11] Batch[3101/3125] | OptTotal: 5.9706e+00 | FTLoss: 5.9706e+00 | AmpL1Full: 1.5638e-02 | PhaseL1PredSup: 2.3729e-02 | SupportBCE: 3.3243e+00 | SupportWeighted: 0.0000e+00 | BatchLR: 1.000e-03 | Grad: True  | Update: True  | Elapsed: 0:27:54 | ETA: 0:00:12
Epoch[11] Batch[3125/3125] | OptTotal: 6.2419e+00 | FTLoss: 6.2419e+00 | AmpL1Full: 2.5566e-02 | PhaseL1PredSup: 3.9271e-02 | SupportBCE: 3.2783e+00 | SupportWeighted: 0.0000e+00 | BatchLR: 1.000e-03 | Grad: True  | Update: True  | Elapsed: 0:28:07 | ETA: 0:00:00

================================================================================
Epoch 11 complete | total time: 1687.72s | average OptTotal: 6.4481e+00
Average train optimization terms | FTLoss: 6.4481e+00 | SupportWeighted: 0.0000e+00
Average train real-space monitors | AmpL1Full: 2.2859e-02 | PhaseL1PredSup: 3.0196e-02 | SupportBCE: 3.2706e+00
================================================================================

Validation Epoch [11] | Batch [100/625] | OptTotal: 6.6579e+00 | FTLoss: 6.6579e+00 | AmpL1Full: 2.2091e-02 | PhaseL1PredSup: 2.9793e-02 | SupportBCE: 3.2702e+00 | FT_L1: 6.6579e+00 | FT_RelL1: 5.5195e-01 | FT_Chi2: 5.1476e-01 | FT_PearsonCorr: 7.4081e-01
Validation Epoch [11] | Batch [200/625] | OptTotal: 6.3145e+00 | FTLoss: 6.3145e+00 | AmpL1Full: 2.4334e-02 | PhaseL1PredSup: 3.4547e-02 | SupportBCE: 3.0279e+00 | FT_L1: 6.3145e+00 | FT_RelL1: 5.3606e-01 | FT_Chi2: 4.6055e-01 | FT_PearsonCorr: 7.8454e-01
Validation Epoch [11] | Batch [300/625] | OptTotal: 6.5235e+00 | FTLoss: 6.5235e+00 | AmpL1Full: 2.3359e-02 | PhaseL1PredSup: 3.4904e-02 | SupportBCE: 3.5776e+00 | FT_L1: 6.5235e+00 | FT_RelL1: 5.3487e-01 | FT_Chi2: 4.3682e-01 | FT_PearsonCorr: 7.8837e-01
Validation Epoch [11] | Batch [400/625] | OptTotal: 6.1499e+00 | FTLoss: 6.1499e+00 | AmpL1Full: 2.0281e-02 | PhaseL1PredSup: 2.9396e-02 | SupportBCE: 3.6010e+00 | FT_L1: 6.1499e+00 | FT_RelL1: 5.4018e-01 | FT_Chi2: 4.5810e-01 | FT_PearsonCorr: 7.6895e-01
Validation Epoch [11] | Batch [500/625] | OptTotal: 6.8294e+00 | FTLoss: 6.8294e+00 | AmpL1Full: 2.3484e-02 | PhaseL1PredSup: 2.5115e-02 | SupportBCE: 3.4249e+00 | FT_L1: 6.8294e+00 | FT_RelL1: 5.7297e-01 | FT_Chi2: 5.5993e-01 | FT_PearsonCorr: 7.1463e-01
Validation Epoch [11] | Batch [600/625] | OptTotal: 6.1346e+00 | FTLoss: 6.1346e+00 | AmpL1Full: 2.1252e-02 | PhaseL1PredSup: 3.1125e-02 | SupportBCE: 3.2045e+00 | FT_L1: 6.1346e+00 | FT_RelL1: 5.3901e-01 | FT_Chi2: 4.4364e-01 | FT_PearsonCorr: 7.8301e-01
Validation Epoch [11] | Batch [625/625] | OptTotal: 6.3301e+00 | FTLoss: 6.3301e+00 | AmpL1Full: 2.3035e-02 | PhaseL1PredSup: 3.6095e-02 | SupportBCE: 3.1049e+00 | FT_L1: 6.3301e+00 | FT_RelL1: 5.3254e-01 | FT_Chi2: 4.0692e-01 | FT_PearsonCorr: 7.9646e-01

================================================================================
Epoch 11 validation complete
Average validation metrics:
   Optimization: OptTotal=6.4138e+00 | FTLoss=6.4138e+00 | SupportWeighted=0.0000e+00
   Real-space monitors: AmpL1Full=2.3112e-02 | PhaseL1PredSup=3.2135e-02 | SupportBCE=3.2700e+00
   Reciprocal primary: FT_L1=6.4138e+00 | FT_RelL1=5.4402e-01 | FT_Chi2=4.6432e-01 | FT_PearsonCorr=7.7205e-01
   Reciprocal diagnostics: FT_Huber=5.9530e+00 | FT_PearsonLoss=2.2795e-01 | FT_LogRelMSE=1.3169e-01 | FT_Comb=3.4613e-01 | FT_Comb2=4.5402e-01
   Raw-scale diagnostics: FT_VoxelMSE=2.0187e+03 | FT_VoxelRMSE=4.2243e+01
================================================================================

Epoch 11 scheduler lr: 1.000e-03
Saved new best model | best loss: 6.413780 | epoch: 11
Epoch[12] Batch[1/3125] | OptTotal: 6.1755e+00 | FTLoss: 6.1755e+00 | AmpL1Full: 2.0583e-02 | PhaseL1PredSup: 3.4595e-02 | SupportBCE: 3.1350e+00 | SupportWeighted: 0.0000e+00 | BatchLR: 1.000e-03 | Grad: True  | Update: True  | Elapsed: 0:00:00 | ETA: 0:30:16
Epoch[12] Batch[101/3125] | OptTotal: 6.1309e+00 | FTLoss: 6.1309e+00 | AmpL1Full: 1.9174e-02 | PhaseL1PredSup: 2.8586e-02 | SupportBCE: 3.3303e+00 | SupportWeighted: 0.0000e+00 | BatchLR: 1.000e-03 | Grad: True  | Update: True  | Elapsed: 0:00:54 | ETA: 0:27:15
Epoch[12] Batch[201/3125] | OptTotal: 6.8157e+00 | FTLoss: 6.8157e+00 | AmpL1Full: 1.9928e-02 | PhaseL1PredSup: 2.3520e-02 | SupportBCE: 3.1883e+00 | SupportWeighted: 0.0000e+00 | BatchLR: 1.000e-03 | Grad: True  | Update: True  | Elapsed: 0:01:48 | ETA: 0:26:20
Epoch[12] Batch[301/3125] | OptTotal: 6.0711e+00 | FTLoss: 6.0711e+00 | AmpL1Full: 1.8782e-02 | PhaseL1PredSup: 2.7950e-02 | SupportBCE: 3.3352e+00 | SupportWeighted: 0.0000e+00 | BatchLR: 1.000e-03 | Grad: True  | Update: True  | Elapsed: 0:02:42 | ETA: 0:25:25
Epoch[12] Batch[401/3125] | OptTotal: 6.7757e+00 | FTLoss: 6.7757e+00 | AmpL1Full: 2.2793e-02 | PhaseL1PredSup: 2.7395e-02 | SupportBCE: 3.2367e+00 | SupportWeighted: 0.0000e+00 | BatchLR: 1.000e-03 | Grad: True  | Update: True  | Elapsed: 0:03:36 | ETA: 0:24:31
Epoch[12] Batch[501/3125] | OptTotal: 5.9092e+00 | FTLoss: 5.9092e+00 | AmpL1Full: 1.8406e-02 | PhaseL1PredSup: 3.0640e-02 | SupportBCE: 3.1724e+00 | SupportWeighted: 0.0000e+00 | BatchLR: 1.000e-03 | Grad: True  | Update: True  | Elapsed: 0:04:30 | ETA: 0:23:37
Epoch[12] Batch[601/3125] | OptTotal: 6.5967e+00 | FTLoss: 6.5967e+00 | AmpL1Full: 2.2872e-02 | PhaseL1PredSup: 2.8792e-02 | SupportBCE: 3.3047e+00 | SupportWeighted: 0.0000e+00 | BatchLR: 1.000e-03 | Grad: True  | Update: True  | Elapsed: 0:05:24 | ETA: 0:22:43
Epoch[12] Batch[701/3125] | OptTotal: 6.3953e+00 | FTLoss: 6.3953e+00 | AmpL1Full: 2.1885e-02 | PhaseL1PredSup: 2.9180e-02 | SupportBCE: 3.2497e+00 | SupportWeighted: 0.0000e+00 | BatchLR: 1.000e-03 | Grad: True  | Update: True  | Elapsed: 0:06:18 | ETA: 0:21:49
Epoch[12] Batch[801/3125] | OptTotal: 6.4518e+00 | FTLoss: 6.4518e+00 | AmpL1Full: 2.3485e-02 | PhaseL1PredSup: 3.3650e-02 | SupportBCE: 3.2711e+00 | SupportWeighted: 0.0000e+00 | BatchLR: 1.000e-03 | Grad: True  | Update: True  | Elapsed: 0:07:12 | ETA: 0:20:55
Epoch[12] Batch[901/3125] | OptTotal: 6.0633e+00 | FTLoss: 6.0633e+00 | AmpL1Full: 1.7354e-02 | PhaseL1PredSup: 2.2738e-02 | SupportBCE: 3.4408e+00 | SupportWeighted: 0.0000e+00 | BatchLR: 1.000e-03 | Grad: True  | Update: True  | Elapsed: 0:08:06 | ETA: 0:20:01
Epoch[12] Batch[1001/3125] | OptTotal: 6.7243e+00 | FTLoss: 6.7243e+00 | AmpL1Full: 2.4983e-02 | PhaseL1PredSup: 2.8837e-02 | SupportBCE: 3.3777e+00 | SupportWeighted: 0.0000e+00 | BatchLR: 1.000e-03 | Grad: True  | Update: True  | Elapsed: 0:09:00 | ETA: 0:19:07
Epoch[12] Batch[1101/3125] | OptTotal: 6.2812e+00 | FTLoss: 6.2812e+00 | AmpL1Full: 2.0194e-02 | PhaseL1PredSup: 2.5484e-02 | SupportBCE: 3.4561e+00 | SupportWeighted: 0.0000e+00 | BatchLR: 1.000e-03 | Grad: True  | Update: True  | Elapsed: 0:09:54 | ETA: 0:18:13
Epoch[12] Batch[1201/3125] | OptTotal: 6.6340e+00 | FTLoss: 6.6340e+00 | AmpL1Full: 2.3524e-02 | PhaseL1PredSup: 2.8131e-02 | SupportBCE: 3.4316e+00 | SupportWeighted: 0.0000e+00 | BatchLR: 1.000e-03 | Grad: True  | Update: True  | Elapsed: 0:10:48 | ETA: 0:17:19
Epoch[12] Batch[1301/3125] | OptTotal: 6.6325e+00 | FTLoss: 6.6325e+00 | AmpL1Full: 2.5174e-02 | PhaseL1PredSup: 3.5020e-02 | SupportBCE: 3.5593e+00 | SupportWeighted: 0.0000e+00 | BatchLR: 1.000e-03 | Grad: True  | Update: True  | Elapsed: 0:11:42 | ETA: 0:16:25
Epoch[12] Batch[1401/3125] | OptTotal: 6.1414e+00 | FTLoss: 6.1414e+00 | AmpL1Full: 2.2179e-02 | PhaseL1PredSup: 3.4896e-02 | SupportBCE: 3.2748e+00 | SupportWeighted: 0.0000e+00 | BatchLR: 1.000e-03 | Grad: True  | Update: True  | Elapsed: 0:12:36 | ETA: 0:15:31
Epoch[12] Batch[1501/3125] | OptTotal: 6.9133e+00 | FTLoss: 6.9133e+00 | AmpL1Full: 2.7583e-02 | PhaseL1PredSup: 2.8545e-02 | SupportBCE: 3.2008e+00 | SupportWeighted: 0.0000e+00 | BatchLR: 1.000e-03 | Grad: True  | Update: True  | Elapsed: 0:13:30 | ETA: 0:14:37
Epoch[12] Batch[1601/3125] | OptTotal: 6.1024e+00 | FTLoss: 6.1024e+00 | AmpL1Full: 1.6605e-02 | PhaseL1PredSup: 2.6258e-02 | SupportBCE: 3.3021e+00 | SupportWeighted: 0.0000e+00 | BatchLR: 1.000e-03 | Grad: True  | Update: True  | Elapsed: 0:14:24 | ETA: 0:13:43
Epoch[12] Batch[1701/3125] | OptTotal: 6.5805e+00 | FTLoss: 6.5805e+00 | AmpL1Full: 2.7501e-02 | PhaseL1PredSup: 3.4572e-02 | SupportBCE: 3.2428e+00 | SupportWeighted: 0.0000e+00 | BatchLR: 1.000e-03 | Grad: True  | Update: True  | Elapsed: 0:15:18 | ETA: 0:12:49
Epoch[12] Batch[1801/3125] | OptTotal: 6.3338e+00 | FTLoss: 6.3338e+00 | AmpL1Full: 2.1674e-02 | PhaseL1PredSup: 2.7004e-02 | SupportBCE: 3.3841e+00 | SupportWeighted: 0.0000e+00 | BatchLR: 1.000e-03 | Grad: True  | Update: True  | Elapsed: 0:16:12 | ETA: 0:11:55
Epoch[12] Batch[1901/3125] | OptTotal: 6.1387e+00 | FTLoss: 6.1387e+00 | AmpL1Full: 1.7778e-02 | PhaseL1PredSup: 2.6022e-02 | SupportBCE: 3.1729e+00 | SupportWeighted: 0.0000e+00 | BatchLR: 1.000e-03 | Grad: True  | Update: True  | Elapsed: 0:17:06 | ETA: 0:11:01
Epoch[12] Batch[2001/3125] | OptTotal: 6.6373e+00 | FTLoss: 6.6373e+00 | AmpL1Full: 2.3902e-02 | PhaseL1PredSup: 3.0660e-02 | SupportBCE: 3.3920e+00 | SupportWeighted: 0.0000e+00 | BatchLR: 1.000e-03 | Grad: True  | Update: True  | Elapsed: 0:18:00 | ETA: 0:10:07
Epoch[12] Batch[2101/3125] | OptTotal: 6.5772e+00 | FTLoss: 6.5772e+00 | AmpL1Full: 2.3818e-02 | PhaseL1PredSup: 2.9933e-02 | SupportBCE: 3.4181e+00 | SupportWeighted: 0.0000e+00 | BatchLR: 1.000e-03 | Grad: True  | Update: True  | Elapsed: 0:18:54 | ETA: 0:09:13
Epoch[12] Batch[2201/3125] | OptTotal: 6.3764e+00 | FTLoss: 6.3764e+00 | AmpL1Full: 2.3053e-02 | PhaseL1PredSup: 3.2795e-02 | SupportBCE: 3.2824e+00 | SupportWeighted: 0.0000e+00 | BatchLR: 1.000e-03 | Grad: True  | Update: True  | Elapsed: 0:19:48 | ETA: 0:08:19
Epoch[12] Batch[2301/3125] | OptTotal: 6.2092e+00 | FTLoss: 6.2092e+00 | AmpL1Full: 2.0586e-02 | PhaseL1PredSup: 2.8648e-02 | SupportBCE: 3.3251e+00 | SupportWeighted: 0.0000e+00 | BatchLR: 1.000e-03 | Grad: True  | Update: True  | Elapsed: 0:20:42 | ETA: 0:07:25
Epoch[12] Batch[2401/3125] | OptTotal: 6.4079e+00 | FTLoss: 6.4079e+00 | AmpL1Full: 2.3027e-02 | PhaseL1PredSup: 2.9516e-02 | SupportBCE: 3.0094e+00 | SupportWeighted: 0.0000e+00 | BatchLR: 1.000e-03 | Grad: True  | Update: True  | Elapsed: 0:21:36 | ETA: 0:06:31
Epoch[12] Batch[2501/3125] | OptTotal: 6.5078e+00 | FTLoss: 6.5078e+00 | AmpL1Full: 2.2804e-02 | PhaseL1PredSup: 2.7803e-02 | SupportBCE: 3.2830e+00 | SupportWeighted: 0.0000e+00 | BatchLR: 1.000e-03 | Grad: True  | Update: True  | Elapsed: 0:22:30 | ETA: 0:05:37
Epoch[12] Batch[2601/3125] | OptTotal: 5.8865e+00 | FTLoss: 5.8865e+00 | AmpL1Full: 1.6628e-02 | PhaseL1PredSup: 2.1793e-02 | SupportBCE: 3.2960e+00 | SupportWeighted: 0.0000e+00 | BatchLR: 1.000e-03 | Grad: True  | Update: True  | Elapsed: 0:23:24 | ETA: 0:04:42
Epoch[12] Batch[2701/3125] | OptTotal: 6.7006e+00 | FTLoss: 6.7006e+00 | AmpL1Full: 2.2733e-02 | PhaseL1PredSup: 3.0914e-02 | SupportBCE: 3.2255e+00 | SupportWeighted: 0.0000e+00 | BatchLR: 1.000e-03 | Grad: True  | Update: True  | Elapsed: 0:24:18 | ETA: 0:03:48
Epoch[12] Batch[2801/3125] | OptTotal: 6.7237e+00 | FTLoss: 6.7237e+00 | AmpL1Full: 2.2777e-02 | PhaseL1PredSup: 2.6698e-02 | SupportBCE: 2.9431e+00 | SupportWeighted: 0.0000e+00 | BatchLR: 1.000e-03 | Grad: True  | Update: True  | Elapsed: 0:25:12 | ETA: 0:02:54
Epoch[12] Batch[2901/3125] | OptTotal: 6.4962e+00 | FTLoss: 6.4962e+00 | AmpL1Full: 1.9628e-02 | PhaseL1PredSup: 2.2930e-02 | SupportBCE: 3.4967e+00 | SupportWeighted: 0.0000e+00 | BatchLR: 1.000e-03 | Grad: True  | Update: True  | Elapsed: 0:26:06 | ETA: 0:02:00
Epoch[12] Batch[3001/3125] | OptTotal: 6.2488e+00 | FTLoss: 6.2488e+00 | AmpL1Full: 2.4900e-02 | PhaseL1PredSup: 3.3030e-02 | SupportBCE: 3.1112e+00 | SupportWeighted: 0.0000e+00 | BatchLR: 1.000e-03 | Grad: True  | Update: True  | Elapsed: 0:27:00 | ETA: 0:01:06
Epoch[12] Batch[3101/3125] | OptTotal: 6.9657e+00 | FTLoss: 6.9657e+00 | AmpL1Full: 2.5014e-02 | PhaseL1PredSup: 2.9549e-02 | SupportBCE: 3.2694e+00 | SupportWeighted: 0.0000e+00 | BatchLR: 1.000e-03 | Grad: True  | Update: True  | Elapsed: 0:27:54 | ETA: 0:00:12
Epoch[12] Batch[3125/3125] | OptTotal: 6.2668e+00 | FTLoss: 6.2668e+00 | AmpL1Full: 2.0916e-02 | PhaseL1PredSup: 2.8647e-02 | SupportBCE: 3.1645e+00 | SupportWeighted: 0.0000e+00 | BatchLR: 1.000e-03 | Grad: True  | Update: True  | Elapsed: 0:28:07 | ETA: 0:00:00

================================================================================
Epoch 12 complete | total time: 1687.67s | average OptTotal: 6.4385e+00
Average train optimization terms | FTLoss: 6.4385e+00 | SupportWeighted: 0.0000e+00
Average train real-space monitors | AmpL1Full: 2.2833e-02 | PhaseL1PredSup: 3.0267e-02 | SupportBCE: 3.2687e+00
================================================================================

Validation Epoch [12] | Batch [100/625] | OptTotal: 6.6844e+00 | FTLoss: 6.6844e+00 | AmpL1Full: 2.1588e-02 | PhaseL1PredSup: 2.7362e-02 | SupportBCE: 3.2216e+00 | FT_L1: 6.6844e+00 | FT_RelL1: 5.5424e-01 | FT_Chi2: 5.1578e-01 | FT_PearsonCorr: 7.5036e-01
Validation Epoch [12] | Batch [200/625] | OptTotal: 6.3355e+00 | FTLoss: 6.3355e+00 | AmpL1Full: 2.3717e-02 | PhaseL1PredSup: 3.1534e-02 | SupportBCE: 2.9668e+00 | FT_L1: 6.3355e+00 | FT_RelL1: 5.3786e-01 | FT_Chi2: 4.6357e-01 | FT_PearsonCorr: 7.9289e-01
Validation Epoch [12] | Batch [300/625] | OptTotal: 6.5569e+00 | FTLoss: 6.5569e+00 | AmpL1Full: 2.2577e-02 | PhaseL1PredSup: 3.1176e-02 | SupportBCE: 3.4772e+00 | FT_L1: 6.5569e+00 | FT_RelL1: 5.3788e-01 | FT_Chi2: 4.4845e-01 | FT_PearsonCorr: 7.9279e-01
Validation Epoch [12] | Batch [400/625] | OptTotal: 6.1789e+00 | FTLoss: 6.1789e+00 | AmpL1Full: 1.9742e-02 | PhaseL1PredSup: 2.6495e-02 | SupportBCE: 3.5439e+00 | FT_L1: 6.1789e+00 | FT_RelL1: 5.4291e-01 | FT_Chi2: 4.6413e-01 | FT_PearsonCorr: 7.7509e-01
Validation Epoch [12] | Batch [500/625] | OptTotal: 6.8549e+00 | FTLoss: 6.8549e+00 | AmpL1Full: 2.3010e-02 | PhaseL1PredSup: 2.3154e-02 | SupportBCE: 3.3574e+00 | FT_L1: 6.8549e+00 | FT_RelL1: 5.7517e-01 | FT_Chi2: 5.6260e-01 | FT_PearsonCorr: 7.1800e-01
Validation Epoch [12] | Batch [600/625] | OptTotal: 6.1860e+00 | FTLoss: 6.1860e+00 | AmpL1Full: 2.0520e-02 | PhaseL1PredSup: 2.7386e-02 | SupportBCE: 3.1914e+00 | FT_L1: 6.1860e+00 | FT_RelL1: 5.4353e-01 | FT_Chi2: 4.5184e-01 | FT_PearsonCorr: 7.8864e-01
Validation Epoch [12] | Batch [625/625] | OptTotal: 6.3714e+00 | FTLoss: 6.3714e+00 | AmpL1Full: 2.1911e-02 | PhaseL1PredSup: 3.2209e-02 | SupportBCE: 3.0455e+00 | FT_L1: 6.3714e+00 | FT_RelL1: 5.3609e-01 | FT_Chi2: 4.1084e-01 | FT_PearsonCorr: 8.0329e-01

================================================================================
Epoch 12 validation complete
Average validation metrics:
   Optimization: OptTotal=6.4551e+00 | FTLoss=6.4551e+00 | SupportWeighted=0.0000e+00
   Real-space monitors: AmpL1Full=2.2463e-02 | PhaseL1PredSup=2.8849e-02 | SupportBCE=3.2224e+00
   Reciprocal primary: FT_L1=6.4551e+00 | FT_RelL1=5.4758e-01 | FT_Chi2=4.7160e-01 | FT_PearsonCorr=7.7772e-01
   Reciprocal diagnostics: FT_Huber=5.9947e+00 | FT_PearsonLoss=2.2228e-01 | FT_LogRelMSE=1.3271e-01 | FT_Comb=3.4694e-01 | FT_Comb2=4.5387e-01
   Raw-scale diagnostics: FT_VoxelMSE=2.0519e+03 | FT_VoxelRMSE=4.2611e+01
================================================================================

Epoch 12 scheduler lr: 1.000e-03
Epoch[13] Batch[1/3125] | OptTotal: 6.5622e+00 | FTLoss: 6.5622e+00 | AmpL1Full: 2.3991e-02 | PhaseL1PredSup: 3.1731e-02 | SupportBCE: 3.0599e+00 | SupportWeighted: 0.0000e+00 | BatchLR: 1.000e-03 | Grad: True  | Update: True  | Elapsed: 0:00:00 | ETA: 0:30:19
Epoch[13] Batch[101/3125] | OptTotal: 6.7571e+00 | FTLoss: 6.7571e+00 | AmpL1Full: 2.4088e-02 | PhaseL1PredSup: 2.5052e-02 | SupportBCE: 3.4233e+00 | SupportWeighted: 0.0000e+00 | BatchLR: 1.000e-03 | Grad: True  | Update: True  | Elapsed: 0:00:54 | ETA: 0:27:14
Epoch[13] Batch[201/3125] | OptTotal: 6.8557e+00 | FTLoss: 6.8557e+00 | AmpL1Full: 2.4082e-02 | PhaseL1PredSup: 2.1177e-02 | SupportBCE: 3.3024e+00 | SupportWeighted: 0.0000e+00 | BatchLR: 1.000e-03 | Grad: True  | Update: True  | Elapsed: 0:01:48 | ETA: 0:26:19
Epoch[13] Batch[301/3125] | OptTotal: 6.7460e+00 | FTLoss: 6.7460e+00 | AmpL1Full: 2.5808e-02 | PhaseL1PredSup: 2.7848e-02 | SupportBCE: 3.4305e+00 | SupportWeighted: 0.0000e+00 | BatchLR: 1.000e-03 | Grad: True  | Update: True  | Elapsed: 0:02:42 | ETA: 0:25:25
Epoch[13] Batch[401/3125] | OptTotal: 6.2862e+00 | FTLoss: 6.2862e+00 | AmpL1Full: 1.7705e-02 | PhaseL1PredSup: 2.2120e-02 | SupportBCE: 3.3484e+00 | SupportWeighted: 0.0000e+00 | BatchLR: 1.000e-03 | Grad: True  | Update: True  | Elapsed: 0:03:36 | ETA: 0:24:31
Epoch[13] Batch[501/3125] | OptTotal: 6.4800e+00 | FTLoss: 6.4800e+00 | AmpL1Full: 2.2849e-02 | PhaseL1PredSup: 2.9405e-02 | SupportBCE: 3.2361e+00 | SupportWeighted: 0.0000e+00 | BatchLR: 1.000e-03 | Grad: True  | Update: True  | Elapsed: 0:04:30 | ETA: 0:23:37
Epoch[13] Batch[601/3125] | OptTotal: 6.3766e+00 | FTLoss: 6.3766e+00 | AmpL1Full: 2.2852e-02 | PhaseL1PredSup: 2.9821e-02 | SupportBCE: 3.2756e+00 | SupportWeighted: 0.0000e+00 | BatchLR: 1.000e-03 | Grad: True  | Update: True  | Elapsed: 0:05:24 | ETA: 0:22:43
Epoch[13] Batch[701/3125] | OptTotal: 6.3591e+00 | FTLoss: 6.3591e+00 | AmpL1Full: 2.3125e-02 | PhaseL1PredSup: 3.1293e-02 | SupportBCE: 3.1794e+00 | SupportWeighted: 0.0000e+00 | BatchLR: 1.000e-03 | Grad: True  | Update: True  | Elapsed: 0:06:18 | ETA: 0:21:49
Epoch[13] Batch[801/3125] | OptTotal: 6.0794e+00 | FTLoss: 6.0794e+00 | AmpL1Full: 2.1708e-02 | PhaseL1PredSup: 3.1359e-02 | SupportBCE: 3.2903e+00 | SupportWeighted: 0.0000e+00 | BatchLR: 1.000e-03 | Grad: True  | Update: True  | Elapsed: 0:07:12 | ETA: 0:20:55
Epoch[13] Batch[901/3125] | OptTotal: 6.4682e+00 | FTLoss: 6.4682e+00 | AmpL1Full: 2.9301e-02 | PhaseL1PredSup: 4.0798e-02 | SupportBCE: 3.2407e+00 | SupportWeighted: 0.0000e+00 | BatchLR: 1.000e-03 | Grad: True  | Update: True  | Elapsed: 0:08:06 | ETA: 0:20:01
Epoch[13] Batch[1001/3125] | OptTotal: 6.1820e+00 | FTLoss: 6.1820e+00 | AmpL1Full: 1.7540e-02 | PhaseL1PredSup: 2.5723e-02 | SupportBCE: 3.2616e+00 | SupportWeighted: 0.0000e+00 | BatchLR: 1.000e-03 | Grad: True  | Update: True  | Elapsed: 0:09:00 | ETA: 0:19:07
Epoch[13] Batch[1101/3125] | OptTotal: 6.6965e+00 | FTLoss: 6.6965e+00 | AmpL1Full: 2.4635e-02 | PhaseL1PredSup: 3.2254e-02 | SupportBCE: 3.4227e+00 | SupportWeighted: 0.0000e+00 | BatchLR: 1.000e-03 | Grad: True  | Update: True  | Elapsed: 0:09:54 | ETA: 0:18:13
Epoch[13] Batch[1201/3125] | OptTotal: 6.6197e+00 | FTLoss: 6.6197e+00 | AmpL1Full: 2.5004e-02 | PhaseL1PredSup: 3.0417e-02 | SupportBCE: 3.1205e+00 | SupportWeighted: 0.0000e+00 | BatchLR: 1.000e-03 | Grad: True  | Update: True  | Elapsed: 0:10:48 | ETA: 0:17:19
Epoch[13] Batch[1301/3125] | OptTotal: 6.8898e+00 | FTLoss: 6.8898e+00 | AmpL1Full: 2.7460e-02 | PhaseL1PredSup: 3.5365e-02 | SupportBCE: 3.4399e+00 | SupportWeighted: 0.0000e+00 | BatchLR: 1.000e-03 | Grad: True  | Update: True  | Elapsed: 0:11:42 | ETA: 0:16:25
Epoch[13] Batch[1401/3125] | OptTotal: 6.2015e+00 | FTLoss: 6.2015e+00 | AmpL1Full: 1.9758e-02 | PhaseL1PredSup: 2.7055e-02 | SupportBCE: 3.4681e+00 | SupportWeighted: 0.0000e+00 | BatchLR: 1.000e-03 | Grad: True  | Update: True  | Elapsed: 0:12:36 | ETA: 0:15:31
Epoch[13] Batch[1501/3125] | OptTotal: 6.4163e+00 | FTLoss: 6.4163e+00 | AmpL1Full: 2.0854e-02 | PhaseL1PredSup: 2.6436e-02 | SupportBCE: 3.5659e+00 | SupportWeighted: 0.0000e+00 | BatchLR: 1.000e-03 | Grad: True  | Update: True  | Elapsed: 0:13:30 | ETA: 0:14:37
Epoch[13] Batch[1601/3125] | OptTotal: 7.0751e+00 | FTLoss: 7.0751e+00 | AmpL1Full: 3.0674e-02 | PhaseL1PredSup: 3.8608e-02 | SupportBCE: 3.2218e+00 | SupportWeighted: 0.0000e+00 | BatchLR: 1.000e-03 | Grad: True  | Update: True  | Elapsed: 0:14:24 | ETA: 0:13:43
Epoch[13] Batch[1701/3125] | OptTotal: 6.4192e+00 | FTLoss: 6.4192e+00 | AmpL1Full: 2.6903e-02 | PhaseL1PredSup: 3.9330e-02 | SupportBCE: 3.2052e+00 | SupportWeighted: 0.0000e+00 | BatchLR: 1.000e-03 | Grad: True  | Update: True  | Elapsed: 0:15:18 | ETA: 0:12:49
Epoch[13] Batch[1801/3125] | OptTotal: 6.9058e+00 | FTLoss: 6.9058e+00 | AmpL1Full: 2.6159e-02 | PhaseL1PredSup: 2.7156e-02 | SupportBCE: 3.3416e+00 | SupportWeighted: 0.0000e+00 | BatchLR: 1.000e-03 | Grad: True  | Update: True  | Elapsed: 0:16:12 | ETA: 0:11:55
Epoch[13] Batch[1901/3125] | OptTotal: 6.3711e+00 | FTLoss: 6.3711e+00 | AmpL1Full: 2.1457e-02 | PhaseL1PredSup: 2.7299e-02 | SupportBCE: 3.3608e+00 | SupportWeighted: 0.0000e+00 | BatchLR: 1.000e-03 | Grad: True  | Update: True  | Elapsed: 0:17:06 | ETA: 0:11:01
Epoch[13] Batch[2001/3125] | OptTotal: 6.2139e+00 | FTLoss: 6.2139e+00 | AmpL1Full: 1.7466e-02 | PhaseL1PredSup: 2.0134e-02 | SupportBCE: 3.6095e+00 | SupportWeighted: 0.0000e+00 | BatchLR: 1.000e-03 | Grad: True  | Update: True  | Elapsed: 0:18:00 | ETA: 0:10:07
Epoch[13] Batch[2101/3125] | OptTotal: 6.1950e+00 | FTLoss: 6.1950e+00 | AmpL1Full: 1.8055e-02 | PhaseL1PredSup: 2.5740e-02 | SupportBCE: 3.5003e+00 | SupportWeighted: 0.0000e+00 | BatchLR: 1.000e-03 | Grad: True  | Update: True  | Elapsed: 0:18:54 | ETA: 0:09:13
Epoch[13] Batch[2201/3125] | OptTotal: 6.2934e+00 | FTLoss: 6.2934e+00 | AmpL1Full: 2.1000e-02 | PhaseL1PredSup: 3.2316e-02 | SupportBCE: 3.1951e+00 | SupportWeighted: 0.0000e+00 | BatchLR: 1.000e-03 | Grad: True  | Update: True  | Elapsed: 0:19:48 | ETA: 0:08:18
Epoch[13] Batch[2301/3125] | OptTotal: 6.5682e+00 | FTLoss: 6.5682e+00 | AmpL1Full: 2.3995e-02 | PhaseL1PredSup: 3.0303e-02 | SupportBCE: 3.2341e+00 | SupportWeighted: 0.0000e+00 | BatchLR: 1.000e-03 | Grad: True  | Update: True  | Elapsed: 0:20:42 | ETA: 0:07:24
Epoch[13] Batch[2401/3125] | OptTotal: 5.9030e+00 | FTLoss: 5.9030e+00 | AmpL1Full: 1.8942e-02 | PhaseL1PredSup: 3.2596e-02 | SupportBCE: 3.1468e+00 | SupportWeighted: 0.0000e+00 | BatchLR: 1.000e-03 | Grad: True  | Update: True  | Elapsed: 0:21:36 | ETA: 0:06:30
Epoch[13] Batch[2501/3125] | OptTotal: 6.1421e+00 | FTLoss: 6.1421e+00 | AmpL1Full: 2.0961e-02 | PhaseL1PredSup: 3.4005e-02 | SupportBCE: 3.2095e+00 | SupportWeighted: 0.0000e+00 | BatchLR: 1.000e-03 | Grad: True  | Update: True  | Elapsed: 0:22:30 | ETA: 0:05:36
Epoch[13] Batch[2601/3125] | OptTotal: 6.6884e+00 | FTLoss: 6.6884e+00 | AmpL1Full: 2.6246e-02 | PhaseL1PredSup: 3.4993e-02 | SupportBCE: 3.2293e+00 | SupportWeighted: 0.0000e+00 | BatchLR: 1.000e-03 | Grad: True  | Update: True  | Elapsed: 0:23:24 | ETA: 0:04:42
Epoch[13] Batch[2701/3125] | OptTotal: 6.6524e+00 | FTLoss: 6.6524e+00 | AmpL1Full: 2.6242e-02 | PhaseL1PredSup: 3.2587e-02 | SupportBCE: 3.5530e+00 | SupportWeighted: 0.0000e+00 | BatchLR: 1.000e-03 | Grad: True  | Update: True  | Elapsed: 0:24:18 | ETA: 0:03:48
Epoch[13] Batch[2801/3125] | OptTotal: 6.4023e+00 | FTLoss: 6.4023e+00 | AmpL1Full: 2.2855e-02 | PhaseL1PredSup: 3.3593e-02 | SupportBCE: 3.2822e+00 | SupportWeighted: 0.0000e+00 | BatchLR: 1.000e-03 | Grad: True  | Update: True  | Elapsed: 0:25:12 | ETA: 0:02:54
Epoch[13] Batch[2901/3125] | OptTotal: 6.3069e+00 | FTLoss: 6.3069e+00 | AmpL1Full: 1.8096e-02 | PhaseL1PredSup: 2.2139e-02 | SupportBCE: 3.2917e+00 | SupportWeighted: 0.0000e+00 | BatchLR: 1.000e-03 | Grad: True  | Update: True  | Elapsed: 0:26:06 | ETA: 0:02:00
Epoch[13] Batch[3001/3125] | OptTotal: 6.8120e+00 | FTLoss: 6.8120e+00 | AmpL1Full: 2.5816e-02 | PhaseL1PredSup: 3.2539e-02 | SupportBCE: 3.2933e+00 | SupportWeighted: 0.0000e+00 | BatchLR: 1.000e-03 | Grad: True  | Update: True  | Elapsed: 0:27:00 | ETA: 0:01:06
Epoch[13] Batch[3101/3125] | OptTotal: 6.3695e+00 | FTLoss: 6.3695e+00 | AmpL1Full: 2.0714e-02 | PhaseL1PredSup: 2.8769e-02 | SupportBCE: 3.2191e+00 | SupportWeighted: 0.0000e+00 | BatchLR: 1.000e-03 | Grad: True  | Update: True  | Elapsed: 0:27:54 | ETA: 0:00:12
Epoch[13] Batch[3125/3125] | OptTotal: 6.6361e+00 | FTLoss: 6.6361e+00 | AmpL1Full: 2.4308e-02 | PhaseL1PredSup: 3.2851e-02 | SupportBCE: 3.0240e+00 | SupportWeighted: 0.0000e+00 | BatchLR: 1.000e-03 | Grad: True  | Update: True  | Elapsed: 0:28:07 | ETA: 0:00:00

================================================================================
Epoch 13 complete | total time: 1687.65s | average OptTotal: 6.4266e+00
Average train optimization terms | FTLoss: 6.4266e+00 | SupportWeighted: 0.0000e+00
Average train real-space monitors | AmpL1Full: 2.2819e-02 | PhaseL1PredSup: 3.0317e-02 | SupportBCE: 3.2884e+00
================================================================================

Validation Epoch [13] | Batch [100/625] | OptTotal: 6.6815e+00 | FTLoss: 6.6815e+00 | AmpL1Full: 2.1681e-02 | PhaseL1PredSup: 2.7635e-02 | SupportBCE: 3.2348e+00 | FT_L1: 6.6815e+00 | FT_RelL1: 5.5402e-01 | FT_Chi2: 5.2846e-01 | FT_PearsonCorr: 7.4211e-01
Validation Epoch [13] | Batch [200/625] | OptTotal: 6.3410e+00 | FTLoss: 6.3410e+00 | AmpL1Full: 2.3943e-02 | PhaseL1PredSup: 3.2327e-02 | SupportBCE: 2.9653e+00 | FT_L1: 6.3410e+00 | FT_RelL1: 5.3825e-01 | FT_Chi2: 4.7107e-01 | FT_PearsonCorr: 7.8689e-01
Validation Epoch [13] | Batch [300/625] | OptTotal: 6.5539e+00 | FTLoss: 6.5539e+00 | AmpL1Full: 2.2755e-02 | PhaseL1PredSup: 3.2086e-02 | SupportBCE: 3.4803e+00 | FT_L1: 6.5539e+00 | FT_RelL1: 5.3752e-01 | FT_Chi2: 4.5666e-01 | FT_PearsonCorr: 7.8784e-01
Validation Epoch [13] | Batch [400/625] | OptTotal: 6.1757e+00 | FTLoss: 6.1757e+00 | AmpL1Full: 1.9523e-02 | PhaseL1PredSup: 2.6417e-02 | SupportBCE: 3.5553e+00 | FT_L1: 6.1757e+00 | FT_RelL1: 5.4261e-01 | FT_Chi2: 4.7749e-01 | FT_PearsonCorr: 7.7199e-01
Validation Epoch [13] | Batch [500/625] | OptTotal: 6.8441e+00 | FTLoss: 6.8441e+00 | AmpL1Full: 2.3274e-02 | PhaseL1PredSup: 2.4102e-02 | SupportBCE: 3.4050e+00 | FT_L1: 6.8441e+00 | FT_RelL1: 5.7418e-01 | FT_Chi2: 5.6153e-01 | FT_PearsonCorr: 7.2057e-01
Validation Epoch [13] | Batch [600/625] | OptTotal: 6.1757e+00 | FTLoss: 6.1757e+00 | AmpL1Full: 2.0674e-02 | PhaseL1PredSup: 2.8355e-02 | SupportBCE: 3.1646e+00 | FT_L1: 6.1757e+00 | FT_RelL1: 5.4268e-01 | FT_Chi2: 4.6109e-01 | FT_PearsonCorr: 7.8414e-01
Validation Epoch [13] | Batch [625/625] | OptTotal: 6.3674e+00 | FTLoss: 6.3674e+00 | AmpL1Full: 2.2344e-02 | PhaseL1PredSup: 3.1785e-02 | SupportBCE: 3.0813e+00 | FT_L1: 6.3674e+00 | FT_RelL1: 5.3558e-01 | FT_Chi2: 4.4286e-01 | FT_PearsonCorr: 7.9164e-01

================================================================================
Epoch 13 validation complete
Average validation metrics:
   Optimization: OptTotal=6.4468e+00 | FTLoss=6.4468e+00 | SupportWeighted=0.0000e+00
   Real-space monitors: AmpL1Full=2.2513e-02 | PhaseL1PredSup=2.9136e-02 | SupportBCE=3.2185e+00
   Reciprocal primary: FT_L1=6.4468e+00 | FT_RelL1=5.4685e-01 | FT_Chi2=4.8708e-01 | FT_PearsonCorr=7.7044e-01
   Reciprocal diagnostics: FT_Huber=5.9865e+00 | FT_PearsonLoss=2.2956e-01 | FT_LogRelMSE=1.3140e-01 | FT_Comb=3.5832e-01 | FT_Comb2=4.6320e-01
   Raw-scale diagnostics: FT_VoxelMSE=2.1156e+03 | FT_VoxelRMSE=4.3454e+01
================================================================================

Epoch 13 scheduler lr: 1.000e-03
Epoch[14] Batch[1/3125] | OptTotal: 5.7379e+00 | FTLoss: 5.7379e+00 | AmpL1Full: 1.8516e-02 | PhaseL1PredSup: 2.6722e-02 | SupportBCE: 3.3301e+00 | SupportWeighted: 0.0000e+00 | BatchLR: 1.000e-03 | Grad: True  | Update: True  | Elapsed: 0:00:00 | ETA: 0:30:58
Epoch[14] Batch[101/3125] | OptTotal: 6.6541e+00 | FTLoss: 6.6541e+00 | AmpL1Full: 2.2489e-02 | PhaseL1PredSup: 2.6140e-02 | SupportBCE: 3.2825e+00 | SupportWeighted: 0.0000e+00 | BatchLR: 1.000e-03 | Grad: True  | Update: True  | Elapsed: 0:00:54 | ETA: 0:27:15
Epoch[14] Batch[201/3125] | OptTotal: 6.2682e+00 | FTLoss: 6.2682e+00 | AmpL1Full: 2.0303e-02 | PhaseL1PredSup: 2.6840e-02 | SupportBCE: 3.3810e+00 | SupportWeighted: 0.0000e+00 | BatchLR: 1.000e-03 | Grad: True  | Update: True  | Elapsed: 0:01:48 | ETA: 0:26:20
Epoch[14] Batch[301/3125] | OptTotal: 6.2053e+00 | FTLoss: 6.2053e+00 | AmpL1Full: 2.2752e-02 | PhaseL1PredSup: 3.1578e-02 | SupportBCE: 3.1755e+00 | SupportWeighted: 0.0000e+00 | BatchLR: 1.000e-03 | Grad: True  | Update: True  | Elapsed: 0:02:42 | ETA: 0:25:25
Epoch[14] Batch[401/3125] | OptTotal: 5.7307e+00 | FTLoss: 5.7307e+00 | AmpL1Full: 1.7122e-02 | PhaseL1PredSup: 2.9472e-02 | SupportBCE: 3.3725e+00 | SupportWeighted: 0.0000e+00 | BatchLR: 1.000e-03 | Grad: True  | Update: True  | Elapsed: 0:03:36 | ETA: 0:24:31
Epoch[14] Batch[501/3125] | OptTotal: 6.3775e+00 | FTLoss: 6.3775e+00 | AmpL1Full: 2.4276e-02 | PhaseL1PredSup: 3.9162e-02 | SupportBCE: 3.0554e+00 | SupportWeighted: 0.0000e+00 | BatchLR: 1.000e-03 | Grad: True  | Update: True  | Elapsed: 0:04:30 | ETA: 0:23:37
Epoch[14] Batch[601/3125] | OptTotal: 5.9589e+00 | FTLoss: 5.9589e+00 | AmpL1Full: 2.2003e-02 | PhaseL1PredSup: 3.4745e-02 | SupportBCE: 3.2487e+00 | SupportWeighted: 0.0000e+00 | BatchLR: 1.000e-03 | Grad: True  | Update: True  | Elapsed: 0:05:24 | ETA: 0:22:43
Epoch[14] Batch[701/3125] | OptTotal: 5.7153e+00 | FTLoss: 5.7153e+00 | AmpL1Full: 1.7952e-02 | PhaseL1PredSup: 3.6002e-02 | SupportBCE: 3.0200e+00 | SupportWeighted: 0.0000e+00 | BatchLR: 1.000e-03 | Grad: True  | Update: True  | Elapsed: 0:06:18 | ETA: 0:21:49
Epoch[14] Batch[801/3125] | OptTotal: 6.4026e+00 | FTLoss: 6.4026e+00 | AmpL1Full: 2.2666e-02 | PhaseL1PredSup: 3.3740e-02 | SupportBCE: 2.9685e+00 | SupportWeighted: 0.0000e+00 | BatchLR: 1.000e-03 | Grad: True  | Update: True  | Elapsed: 0:07:12 | ETA: 0:20:55
Epoch[14] Batch[901/3125] | OptTotal: 6.5918e+00 | FTLoss: 6.5918e+00 | AmpL1Full: 2.5210e-02 | PhaseL1PredSup: 3.0229e-02 | SupportBCE: 3.1936e+00 | SupportWeighted: 0.0000e+00 | BatchLR: 1.000e-03 | Grad: True  | Update: True  | Elapsed: 0:08:06 | ETA: 0:20:01
Epoch[14] Batch[1001/3125] | OptTotal: 6.8096e+00 | FTLoss: 6.8096e+00 | AmpL1Full: 2.9691e-02 | PhaseL1PredSup: 3.7396e-02 | SupportBCE: 3.3743e+00 | SupportWeighted: 0.0000e+00 | BatchLR: 1.000e-03 | Grad: True  | Update: True  | Elapsed: 0:09:00 | ETA: 0:19:07
Epoch[14] Batch[1101/3125] | OptTotal: 6.5677e+00 | FTLoss: 6.5677e+00 | AmpL1Full: 2.2126e-02 | PhaseL1PredSup: 2.9511e-02 | SupportBCE: 3.3130e+00 | SupportWeighted: 0.0000e+00 | BatchLR: 1.000e-03 | Grad: True  | Update: True  | Elapsed: 0:09:54 | ETA: 0:18:13
Epoch[14] Batch[1201/3125] | OptTotal: 5.8035e+00 | FTLoss: 5.8035e+00 | AmpL1Full: 1.7015e-02 | PhaseL1PredSup: 2.6448e-02 | SupportBCE: 3.2062e+00 | SupportWeighted: 0.0000e+00 | BatchLR: 1.000e-03 | Grad: True  | Update: True  | Elapsed: 0:10:48 | ETA: 0:17:19
Epoch[14] Batch[1301/3125] | OptTotal: 6.2556e+00 | FTLoss: 6.2556e+00 | AmpL1Full: 2.2472e-02 | PhaseL1PredSup: 2.4735e-02 | SupportBCE: 3.1734e+00 | SupportWeighted: 0.0000e+00 | BatchLR: 1.000e-03 | Grad: True  | Update: True  | Elapsed: 0:11:42 | ETA: 0:16:25
Epoch[14] Batch[1401/3125] | OptTotal: 6.7103e+00 | FTLoss: 6.7103e+00 | AmpL1Full: 2.3595e-02 | PhaseL1PredSup: 2.7493e-02 | SupportBCE: 3.2186e+00 | SupportWeighted: 0.0000e+00 | BatchLR: 1.000e-03 | Grad: True  | Update: True  | Elapsed: 0:12:36 | ETA: 0:15:31
Epoch[14] Batch[1501/3125] | OptTotal: 6.6244e+00 | FTLoss: 6.6244e+00 | AmpL1Full: 2.3180e-02 | PhaseL1PredSup: 2.9030e-02 | SupportBCE: 3.1492e+00 | SupportWeighted: 0.0000e+00 | BatchLR: 1.000e-03 | Grad: True  | Update: True  | Elapsed: 0:13:30 | ETA: 0:14:37
Epoch[14] Batch[1601/3125] | OptTotal: 6.2996e+00 | FTLoss: 6.2996e+00 | AmpL1Full: 2.0381e-02 | PhaseL1PredSup: 2.8081e-02 | SupportBCE: 3.2379e+00 | SupportWeighted: 0.0000e+00 | BatchLR: 1.000e-03 | Grad: True  | Update: True  | Elapsed: 0:14:24 | ETA: 0:13:43
Epoch[14] Batch[1701/3125] | OptTotal: 6.3589e+00 | FTLoss: 6.3589e+00 | AmpL1Full: 2.9914e-02 | PhaseL1PredSup: 3.8478e-02 | SupportBCE: 3.3372e+00 | SupportWeighted: 0.0000e+00 | BatchLR: 1.000e-03 | Grad: True  | Update: True  | Elapsed: 0:15:18 | ETA: 0:12:49
Epoch[14] Batch[1801/3125] | OptTotal: 6.1732e+00 | FTLoss: 6.1732e+00 | AmpL1Full: 2.1260e-02 | PhaseL1PredSup: 3.1089e-02 | SupportBCE: 3.3859e+00 | SupportWeighted: 0.0000e+00 | BatchLR: 1.000e-03 | Grad: True  | Update: True  | Elapsed: 0:16:12 | ETA: 0:11:55
Epoch[14] Batch[1901/3125] | OptTotal: 6.3573e+00 | FTLoss: 6.3573e+00 | AmpL1Full: 2.4010e-02 | PhaseL1PredSup: 3.2895e-02 | SupportBCE: 3.4819e+00 | SupportWeighted: 0.0000e+00 | BatchLR: 1.000e-03 | Grad: True  | Update: True  | Elapsed: 0:17:06 | ETA: 0:11:01
Epoch[14] Batch[2001/3125] | OptTotal: 6.6134e+00 | FTLoss: 6.6134e+00 | AmpL1Full: 2.5942e-02 | PhaseL1PredSup: 3.0827e-02 | SupportBCE: 3.3696e+00 | SupportWeighted: 0.0000e+00 | BatchLR: 1.000e-03 | Grad: True  | Update: True  | Elapsed: 0:18:00 | ETA: 0:10:07
Epoch[14] Batch[2101/3125] | OptTotal: 6.0951e+00 | FTLoss: 6.0951e+00 | AmpL1Full: 2.0984e-02 | PhaseL1PredSup: 2.7927e-02 | SupportBCE: 3.1621e+00 | SupportWeighted: 0.0000e+00 | BatchLR: 1.000e-03 | Grad: True  | Update: True  | Elapsed: 0:18:54 | ETA: 0:09:13
Epoch[14] Batch[2201/3125] | OptTotal: 6.1629e+00 | FTLoss: 6.1629e+00 | AmpL1Full: 2.1344e-02 | PhaseL1PredSup: 2.5115e-02 | SupportBCE: 3.3966e+00 | SupportWeighted: 0.0000e+00 | BatchLR: 1.000e-03 | Grad: True  | Update: True  | Elapsed: 0:19:48 | ETA: 0:08:19
Epoch[14] Batch[2301/3125] | OptTotal: 6.4807e+00 | FTLoss: 6.4807e+00 | AmpL1Full: 2.1938e-02 | PhaseL1PredSup: 2.7436e-02 | SupportBCE: 3.2220e+00 | SupportWeighted: 0.0000e+00 | BatchLR: 1.000e-03 | Grad: True  | Update: True  | Elapsed: 0:20:42 | ETA: 0:07:25
Epoch[14] Batch[2401/3125] | OptTotal: 5.2474e+00 | FTLoss: 5.2474e+00 | AmpL1Full: 1.5542e-02 | PhaseL1PredSup: 3.1838e-02 | SupportBCE: 3.0277e+00 | SupportWeighted: 0.0000e+00 | BatchLR: 1.000e-03 | Grad: True  | Update: True  | Elapsed: 0:21:36 | ETA: 0:06:30
Epoch[14] Batch[2501/3125] | OptTotal: 6.3586e+00 | FTLoss: 6.3586e+00 | AmpL1Full: 2.4287e-02 | PhaseL1PredSup: 3.3101e-02 | SupportBCE: 3.3168e+00 | SupportWeighted: 0.0000e+00 | BatchLR: 1.000e-03 | Grad: True  | Update: True  | Elapsed: 0:22:30 | ETA: 0:05:36
Epoch[14] Batch[2601/3125] | OptTotal: 6.2292e+00 | FTLoss: 6.2292e+00 | AmpL1Full: 1.8548e-02 | PhaseL1PredSup: 2.7219e-02 | SupportBCE: 3.2817e+00 | SupportWeighted: 0.0000e+00 | BatchLR: 1.000e-03 | Grad: True  | Update: True  | Elapsed: 0:23:24 | ETA: 0:04:42
Epoch[14] Batch[2701/3125] | OptTotal: 6.7558e+00 | FTLoss: 6.7558e+00 | AmpL1Full: 2.7429e-02 | PhaseL1PredSup: 3.5296e-02 | SupportBCE: 3.2553e+00 | SupportWeighted: 0.0000e+00 | BatchLR: 1.000e-03 | Grad: True  | Update: True  | Elapsed: 0:24:18 | ETA: 0:03:48
Epoch[14] Batch[2801/3125] | OptTotal: 6.4734e+00 | FTLoss: 6.4734e+00 | AmpL1Full: 2.5028e-02 | PhaseL1PredSup: 3.2740e-02 | SupportBCE: 3.3409e+00 | SupportWeighted: 0.0000e+00 | BatchLR: 1.000e-03 | Grad: True  | Update: True  | Elapsed: 0:25:12 | ETA: 0:02:54
Epoch[14] Batch[2901/3125] | OptTotal: 6.2132e+00 | FTLoss: 6.2132e+00 | AmpL1Full: 2.2648e-02 | PhaseL1PredSup: 3.1893e-02 | SupportBCE: 3.4222e+00 | SupportWeighted: 0.0000e+00 | BatchLR: 1.000e-03 | Grad: True  | Update: True  | Elapsed: 0:26:06 | ETA: 0:02:00
Epoch[14] Batch[3001/3125] | OptTotal: 6.1881e+00 | FTLoss: 6.1881e+00 | AmpL1Full: 2.2532e-02 | PhaseL1PredSup: 3.2037e-02 | SupportBCE: 3.4037e+00 | SupportWeighted: 0.0000e+00 | BatchLR: 1.000e-03 | Grad: True  | Update: True  | Elapsed: 0:27:00 | ETA: 0:01:06
Epoch[14] Batch[3101/3125] | OptTotal: 6.3770e+00 | FTLoss: 6.3770e+00 | AmpL1Full: 2.2123e-02 | PhaseL1PredSup: 2.9326e-02 | SupportBCE: 3.2136e+00 | SupportWeighted: 0.0000e+00 | BatchLR: 1.000e-03 | Grad: True  | Update: True  | Elapsed: 0:27:54 | ETA: 0:00:12
Epoch[14] Batch[3125/3125] | OptTotal: 6.2141e+00 | FTLoss: 6.2141e+00 | AmpL1Full: 2.0759e-02 | PhaseL1PredSup: 2.6847e-02 | SupportBCE: 3.4662e+00 | SupportWeighted: 0.0000e+00 | BatchLR: 1.000e-03 | Grad: True  | Update: True  | Elapsed: 0:28:07 | ETA: 0:00:00

================================================================================
Epoch 14 complete | total time: 1687.64s | average OptTotal: 6.4192e+00
Average train optimization terms | FTLoss: 6.4192e+00 | SupportWeighted: 0.0000e+00
Average train real-space monitors | AmpL1Full: 2.2840e-02 | PhaseL1PredSup: 3.0357e-02 | SupportBCE: 3.2645e+00
================================================================================

Validation Epoch [14] | Batch [100/625] | OptTotal: 6.6734e+00 | FTLoss: 6.6734e+00 | AmpL1Full: 2.1543e-02 | PhaseL1PredSup: 2.7278e-02 | SupportBCE: 3.2246e+00 | FT_L1: 6.6734e+00 | FT_RelL1: 5.5329e-01 | FT_Chi2: 5.2410e-01 | FT_PearsonCorr: 7.4490e-01
Validation Epoch [14] | Batch [200/625] | OptTotal: 6.3176e+00 | FTLoss: 6.3176e+00 | AmpL1Full: 2.3697e-02 | PhaseL1PredSup: 3.2109e-02 | SupportBCE: 2.9328e+00 | FT_L1: 6.3176e+00 | FT_RelL1: 5.3642e-01 | FT_Chi2: 4.6786e-01 | FT_PearsonCorr: 7.9040e-01
Validation Epoch [14] | Batch [300/625] | OptTotal: 6.5456e+00 | FTLoss: 6.5456e+00 | AmpL1Full: 2.2629e-02 | PhaseL1PredSup: 3.1582e-02 | SupportBCE: 3.4786e+00 | FT_L1: 6.5456e+00 | FT_RelL1: 5.3679e-01 | FT_Chi2: 4.4880e-01 | FT_PearsonCorr: 7.9230e-01
Validation Epoch [14] | Batch [400/625] | OptTotal: 6.1581e+00 | FTLoss: 6.1581e+00 | AmpL1Full: 1.9852e-02 | PhaseL1PredSup: 2.7350e-02 | SupportBCE: 3.4878e+00 | FT_L1: 6.1581e+00 | FT_RelL1: 5.4100e-01 | FT_Chi2: 4.6028e-01 | FT_PearsonCorr: 7.7500e-01
Validation Epoch [14] | Batch [500/625] | OptTotal: 6.8720e+00 | FTLoss: 6.8720e+00 | AmpL1Full: 2.3139e-02 | PhaseL1PredSup: 2.2855e-02 | SupportBCE: 3.4251e+00 | FT_L1: 6.8720e+00 | FT_RelL1: 5.7660e-01 | FT_Chi2: 5.6903e-01 | FT_PearsonCorr: 7.1625e-01
Validation Epoch [14] | Batch [600/625] | OptTotal: 6.1703e+00 | FTLoss: 6.1703e+00 | AmpL1Full: 2.0604e-02 | PhaseL1PredSup: 2.8382e-02 | SupportBCE: 3.1238e+00 | FT_L1: 6.1703e+00 | FT_RelL1: 5.4222e-01 | FT_Chi2: 4.5161e-01 | FT_PearsonCorr: 7.8614e-01
Validation Epoch [14] | Batch [625/625] | OptTotal: 6.3248e+00 | FTLoss: 6.3248e+00 | AmpL1Full: 2.2377e-02 | PhaseL1PredSup: 3.4099e-02 | SupportBCE: 3.0405e+00 | FT_L1: 6.3248e+00 | FT_RelL1: 5.3216e-01 | FT_Chi2: 4.0050e-01 | FT_PearsonCorr: 8.0526e-01

================================================================================
Epoch 14 validation complete
Average validation metrics:
   Optimization: OptTotal=6.4422e+00 | FTLoss=6.4422e+00 | SupportWeighted=0.0000e+00
   Real-space monitors: AmpL1Full=2.2527e-02 | PhaseL1PredSup=2.9264e-02 | SupportBCE=3.2133e+00
   Reciprocal primary: FT_L1=6.4422e+00 | FT_RelL1=5.4646e-01 | FT_Chi2=4.7595e-01 | FT_PearsonCorr=7.7475e-01
   Reciprocal diagnostics: FT_Huber=5.9822e+00 | FT_PearsonLoss=2.2525e-01 | FT_LogRelMSE=1.3364e-01 | FT_Comb=3.5060e-01 | FT_Comb2=4.5689e-01
   Raw-scale diagnostics: FT_VoxelMSE=2.0699e+03 | FT_VoxelRMSE=4.2760e+01
================================================================================

Epoch 14 scheduler lr: 1.000e-03
Epoch[15] Batch[1/3125] | OptTotal: 6.5315e+00 | FTLoss: 6.5315e+00 | AmpL1Full: 2.5552e-02 | PhaseL1PredSup: 3.6112e-02 | SupportBCE: 3.0463e+00 | SupportWeighted: 0.0000e+00 | BatchLR: 1.000e-03 | Grad: True  | Update: True  | Elapsed: 0:00:00 | ETA: 0:30:49
Epoch[15] Batch[101/3125] | OptTotal: 6.8036e+00 | FTLoss: 6.8036e+00 | AmpL1Full: 2.5864e-02 | PhaseL1PredSup: 3.0563e-02 | SupportBCE: 3.2075e+00 | SupportWeighted: 0.0000e+00 | BatchLR: 1.000e-03 | Grad: True  | Update: True  | Elapsed: 0:00:54 | ETA: 0:27:15
Epoch[15] Batch[201/3125] | OptTotal: 6.6970e+00 | FTLoss: 6.6970e+00 | AmpL1Full: 2.4611e-02 | PhaseL1PredSup: 3.4309e-02 | SupportBCE: 3.1346e+00 | SupportWeighted: 0.0000e+00 | BatchLR: 1.000e-03 | Grad: True  | Update: True  | Elapsed: 0:01:48 | ETA: 0:26:20
Epoch[15] Batch[301/3125] | OptTotal: 6.4471e+00 | FTLoss: 6.4471e+00 | AmpL1Full: 2.4642e-02 | PhaseL1PredSup: 3.4268e-02 | SupportBCE: 3.1701e+00 | SupportWeighted: 0.0000e+00 | BatchLR: 1.000e-03 | Grad: True  | Update: True  | Elapsed: 0:02:42 | ETA: 0:25:25
Epoch[15] Batch[401/3125] | OptTotal: 5.6709e+00 | FTLoss: 5.6709e+00 | AmpL1Full: 1.7994e-02 | PhaseL1PredSup: 3.0126e-02 | SupportBCE: 3.2149e+00 | SupportWeighted: 0.0000e+00 | BatchLR: 1.000e-03 | Grad: True  | Update: True  | Elapsed: 0:03:36 | ETA: 0:24:31
Epoch[15] Batch[501/3125] | OptTotal: 6.4789e+00 | FTLoss: 6.4789e+00 | AmpL1Full: 2.1744e-02 | PhaseL1PredSup: 2.4743e-02 | SupportBCE: 3.5661e+00 | SupportWeighted: 0.0000e+00 | BatchLR: 1.000e-03 | Grad: True  | Update: True  | Elapsed: 0:04:30 | ETA: 0:23:37
Epoch[15] Batch[601/3125] | OptTotal: 6.0086e+00 | FTLoss: 6.0086e+00 | AmpL1Full: 2.0038e-02 | PhaseL1PredSup: 3.2033e-02 | SupportBCE: 3.4307e+00 | SupportWeighted: 0.0000e+00 | BatchLR: 1.000e-03 | Grad: True  | Update: True  | Elapsed: 0:05:24 | ETA: 0:22:43
Epoch[15] Batch[701/3125] | OptTotal: 6.1007e+00 | FTLoss: 6.1007e+00 | AmpL1Full: 2.4030e-02 | PhaseL1PredSup: 3.4986e-02 | SupportBCE: 3.2012e+00 | SupportWeighted: 0.0000e+00 | BatchLR: 1.000e-03 | Grad: True  | Update: True  | Elapsed: 0:06:18 | ETA: 0:21:49
Epoch[15] Batch[801/3125] | OptTotal: 6.3582e+00 | FTLoss: 6.3582e+00 | AmpL1Full: 2.1771e-02 | PhaseL1PredSup: 3.1877e-02 | SupportBCE: 3.1909e+00 | SupportWeighted: 0.0000e+00 | BatchLR: 1.000e-03 | Grad: True  | Update: True  | Elapsed: 0:07:12 | ETA: 0:20:55
Epoch[15] Batch[901/3125] | OptTotal: 6.0545e+00 | FTLoss: 6.0545e+00 | AmpL1Full: 2.0028e-02 | PhaseL1PredSup: 3.2308e-02 | SupportBCE: 3.1118e+00 | SupportWeighted: 0.0000e+00 | BatchLR: 1.000e-03 | Grad: True  | Update: True  | Elapsed: 0:08:06 | ETA: 0:20:01
Epoch[15] Batch[1001/3125] | OptTotal: 6.4795e+00 | FTLoss: 6.4795e+00 | AmpL1Full: 2.5495e-02 | PhaseL1PredSup: 3.5523e-02 | SupportBCE: 3.3486e+00 | SupportWeighted: 0.0000e+00 | BatchLR: 1.000e-03 | Grad: True  | Update: True  | Elapsed: 0:09:00 | ETA: 0:19:07
Epoch[15] Batch[1101/3125] | OptTotal: 6.3959e+00 | FTLoss: 6.3959e+00 | AmpL1Full: 2.0513e-02 | PhaseL1PredSup: 3.1440e-02 | SupportBCE: 3.1347e+00 | SupportWeighted: 0.0000e+00 | BatchLR: 1.000e-03 | Grad: True  | Update: True  | Elapsed: 0:09:54 | ETA: 0:18:13
Epoch[15] Batch[1201/3125] | OptTotal: 6.8550e+00 | FTLoss: 6.8550e+00 | AmpL1Full: 2.3845e-02 | PhaseL1PredSup: 2.8611e-02 | SupportBCE: 3.2085e+00 | SupportWeighted: 0.0000e+00 | BatchLR: 1.000e-03 | Grad: True  | Update: True  | Elapsed: 0:10:48 | ETA: 0:17:19
Epoch[15] Batch[1301/3125] | OptTotal: 6.4733e+00 | FTLoss: 6.4733e+00 | AmpL1Full: 2.3968e-02 | PhaseL1PredSup: 3.0984e-02 | SupportBCE: 3.3339e+00 | SupportWeighted: 0.0000e+00 | BatchLR: 1.000e-03 | Grad: True  | Update: True  | Elapsed: 0:11:42 | ETA: 0:16:25
Epoch[15] Batch[1401/3125] | OptTotal: 6.3185e+00 | FTLoss: 6.3185e+00 | AmpL1Full: 2.2581e-02 | PhaseL1PredSup: 2.8781e-02 | SupportBCE: 3.2761e+00 | SupportWeighted: 0.0000e+00 | BatchLR: 1.000e-03 | Grad: True  | Update: True  | Elapsed: 0:12:36 | ETA: 0:15:31
Epoch[15] Batch[1501/3125] | OptTotal: 6.0372e+00 | FTLoss: 6.0372e+00 | AmpL1Full: 1.9812e-02 | PhaseL1PredSup: 2.5951e-02 | SupportBCE: 3.2455e+00 | SupportWeighted: 0.0000e+00 | BatchLR: 1.000e-03 | Grad: True  | Update: True  | Elapsed: 0:13:30 | ETA: 0:14:37
Epoch[15] Batch[1601/3125] | OptTotal: 6.0291e+00 | FTLoss: 6.0291e+00 | AmpL1Full: 1.9260e-02 | PhaseL1PredSup: 2.4959e-02 | SupportBCE: 3.3569e+00 | SupportWeighted: 0.0000e+00 | BatchLR: 1.000e-03 | Grad: True  | Update: True  | Elapsed: 0:14:24 | ETA: 0:13:43
Epoch[15] Batch[1701/3125] | OptTotal: 6.8574e+00 | FTLoss: 6.8574e+00 | AmpL1Full: 3.0768e-02 | PhaseL1PredSup: 3.5596e-02 | SupportBCE: 3.1761e+00 | SupportWeighted: 0.0000e+00 | BatchLR: 1.000e-03 | Grad: True  | Update: True  | Elapsed: 0:15:18 | ETA: 0:12:49
Epoch[15] Batch[1801/3125] | OptTotal: 6.8185e+00 | FTLoss: 6.8185e+00 | AmpL1Full: 2.8991e-02 | PhaseL1PredSup: 3.7679e-02 | SupportBCE: 3.0887e+00 | SupportWeighted: 0.0000e+00 | BatchLR: 1.000e-03 | Grad: True  | Update: True  | Elapsed: 0:16:12 | ETA: 0:11:55
Epoch[15] Batch[1901/3125] | OptTotal: 6.3962e+00 | FTLoss: 6.3962e+00 | AmpL1Full: 2.1300e-02 | PhaseL1PredSup: 3.0096e-02 | SupportBCE: 3.2258e+00 | SupportWeighted: 0.0000e+00 | BatchLR: 1.000e-03 | Grad: True  | Update: True  | Elapsed: 0:17:06 | ETA: 0:11:01
Epoch[15] Batch[2001/3125] | OptTotal: 6.5659e+00 | FTLoss: 6.5659e+00 | AmpL1Full: 2.2551e-02 | PhaseL1PredSup: 3.0896e-02 | SupportBCE: 3.1301e+00 | SupportWeighted: 0.0000e+00 | BatchLR: 1.000e-03 | Grad: True  | Update: True  | Elapsed: 0:18:00 | ETA: 0:10:07
Epoch[15] Batch[2101/3125] | OptTotal: 6.6898e+00 | FTLoss: 6.6898e+00 | AmpL1Full: 2.6337e-02 | PhaseL1PredSup: 3.3646e-02 | SupportBCE: 3.3405e+00 | SupportWeighted: 0.0000e+00 | BatchLR: 1.000e-03 | Grad: True  | Update: True  | Elapsed: 0:18:55 | ETA: 0:09:13
Epoch[15] Batch[2201/3125] | OptTotal: 6.3070e+00 | FTLoss: 6.3070e+00 | AmpL1Full: 2.1212e-02 | PhaseL1PredSup: 2.9322e-02 | SupportBCE: 3.2224e+00 | SupportWeighted: 0.0000e+00 | BatchLR: 1.000e-03 | Grad: True  | Update: True  | Elapsed: 0:19:49 | ETA: 0:08:19
Epoch[15] Batch[2301/3125] | OptTotal: 6.2484e+00 | FTLoss: 6.2484e+00 | AmpL1Full: 2.2577e-02 | PhaseL1PredSup: 3.4737e-02 | SupportBCE: 2.9172e+00 | SupportWeighted: 0.0000e+00 | BatchLR: 1.000e-03 | Grad: True  | Update: True  | Elapsed: 0:20:43 | ETA: 0:07:25
Epoch[15] Batch[2401/3125] | OptTotal: 6.5167e+00 | FTLoss: 6.5167e+00 | AmpL1Full: 2.5409e-02 | PhaseL1PredSup: 2.9878e-02 | SupportBCE: 3.4249e+00 | SupportWeighted: 0.0000e+00 | BatchLR: 1.000e-03 | Grad: True  | Update: True  | Elapsed: 0:21:37 | ETA: 0:06:31
Epoch[15] Batch[2501/3125] | OptTotal: 6.7487e+00 | FTLoss: 6.7487e+00 | AmpL1Full: 2.9058e-02 | PhaseL1PredSup: 3.6272e-02 | SupportBCE: 3.2113e+00 | SupportWeighted: 0.0000e+00 | BatchLR: 1.000e-03 | Grad: True  | Update: True  | Elapsed: 0:22:31 | ETA: 0:05:37
Epoch[15] Batch[2601/3125] | OptTotal: 6.2380e+00 | FTLoss: 6.2380e+00 | AmpL1Full: 1.9071e-02 | PhaseL1PredSup: 2.7010e-02 | SupportBCE: 3.1396e+00 | SupportWeighted: 0.0000e+00 | BatchLR: 1.000e-03 | Grad: True  | Update: True  | Elapsed: 0:23:25 | ETA: 0:04:43
Epoch[15] Batch[2701/3125] | OptTotal: 5.9589e+00 | FTLoss: 5.9589e+00 | AmpL1Full: 1.8017e-02 | PhaseL1PredSup: 2.3001e-02 | SupportBCE: 3.3647e+00 | SupportWeighted: 0.0000e+00 | BatchLR: 1.000e-03 | Grad: True  | Update: True  | Elapsed: 0:24:19 | ETA: 0:03:49
Epoch[15] Batch[2801/3125] | OptTotal: 6.9647e+00 | FTLoss: 6.9647e+00 | AmpL1Full: 1.9415e-02 | PhaseL1PredSup: 2.3131e-02 | SupportBCE: 3.3733e+00 | SupportWeighted: 0.0000e+00 | BatchLR: 1.000e-03 | Grad: True  | Update: True  | Elapsed: 0:25:13 | ETA: 0:02:55
Epoch[15] Batch[2901/3125] | OptTotal: 6.6251e+00 | FTLoss: 6.6251e+00 | AmpL1Full: 2.2090e-02 | PhaseL1PredSup: 2.6294e-02 | SupportBCE: 3.1655e+00 | SupportWeighted: 0.0000e+00 | BatchLR: 1.000e-03 | Grad: True  | Update: True  | Elapsed: 0:26:07 | ETA: 0:02:01
Epoch[15] Batch[3001/3125] | OptTotal: 6.4693e+00 | FTLoss: 6.4693e+00 | AmpL1Full: 2.4385e-02 | PhaseL1PredSup: 3.2748e-02 | SupportBCE: 3.1841e+00 | SupportWeighted: 0.0000e+00 | BatchLR: 1.000e-03 | Grad: True  | Update: True  | Elapsed: 0:27:01 | ETA: 0:01:06
Epoch[15] Batch[3101/3125] | OptTotal: 6.5146e+00 | FTLoss: 6.5146e+00 | AmpL1Full: 2.7890e-02 | PhaseL1PredSup: 3.7413e-02 | SupportBCE: 3.1434e+00 | SupportWeighted: 0.0000e+00 | BatchLR: 1.000e-03 | Grad: True  | Update: True  | Elapsed: 0:27:55 | ETA: 0:00:12
Epoch[15] Batch[3125/3125] | OptTotal: 6.8641e+00 | FTLoss: 6.8641e+00 | AmpL1Full: 2.5999e-02 | PhaseL1PredSup: 3.0372e-02 | SupportBCE: 3.0934e+00 | SupportWeighted: 0.0000e+00 | BatchLR: 1.000e-03 | Grad: True  | Update: True  | Elapsed: 0:28:08 | ETA: 0:00:00

================================================================================
Epoch 15 complete | total time: 1688.27s | average OptTotal: 6.4100e+00
Average train optimization terms | FTLoss: 6.4100e+00 | SupportWeighted: 0.0000e+00
Average train real-space monitors | AmpL1Full: 2.2811e-02 | PhaseL1PredSup: 3.0406e-02 | SupportBCE: 3.2452e+00
================================================================================

Validation Epoch [15] | Batch [100/625] | OptTotal: 6.6017e+00 | FTLoss: 6.6017e+00 | AmpL1Full: 2.2342e-02 | PhaseL1PredSup: 3.2039e-02 | SupportBCE: 3.0959e+00 | FT_L1: 6.6017e+00 | FT_RelL1: 5.4752e-01 | FT_Chi2: 4.9850e-01 | FT_PearsonCorr: 7.4781e-01
Validation Epoch [15] | Batch [200/625] | OptTotal: 6.2383e+00 | FTLoss: 6.2383e+00 | AmpL1Full: 2.4315e-02 | PhaseL1PredSup: 3.6438e-02 | SupportBCE: 2.8051e+00 | FT_L1: 6.2383e+00 | FT_RelL1: 5.2955e-01 | FT_Chi2: 4.4294e-01 | FT_PearsonCorr: 7.9498e-01
Validation Epoch [15] | Batch [300/625] | OptTotal: 6.4704e+00 | FTLoss: 6.4704e+00 | AmpL1Full: 2.3292e-02 | PhaseL1PredSup: 3.6540e-02 | SupportBCE: 3.3645e+00 | FT_L1: 6.4704e+00 | FT_RelL1: 5.3053e-01 | FT_Chi2: 4.3268e-01 | FT_PearsonCorr: 7.9009e-01
Validation Epoch [15] | Batch [400/625] | OptTotal: 6.0969e+00 | FTLoss: 6.0969e+00 | AmpL1Full: 2.0358e-02 | PhaseL1PredSup: 3.0718e-02 | SupportBCE: 3.4000e+00 | FT_L1: 6.0969e+00 | FT_RelL1: 5.3559e-01 | FT_Chi2: 4.4539e-01 | FT_PearsonCorr: 7.7545e-01
Validation Epoch [15] | Batch [500/625] | OptTotal: 6.7854e+00 | FTLoss: 6.7854e+00 | AmpL1Full: 2.3667e-02 | PhaseL1PredSup: 2.6926e-02 | SupportBCE: 3.2869e+00 | FT_L1: 6.7854e+00 | FT_RelL1: 5.6933e-01 | FT_Chi2: 5.4585e-01 | FT_PearsonCorr: 7.1966e-01
Validation Epoch [15] | Batch [600/625] | OptTotal: 6.0903e+00 | FTLoss: 6.0903e+00 | AmpL1Full: 2.1212e-02 | PhaseL1PredSup: 3.2319e-02 | SupportBCE: 3.0418e+00 | FT_L1: 6.0903e+00 | FT_RelL1: 5.3516e-01 | FT_Chi2: 4.3797e-01 | FT_PearsonCorr: 7.8626e-01
Validation Epoch [15] | Batch [625/625] | OptTotal: 6.2697e+00 | FTLoss: 6.2697e+00 | AmpL1Full: 2.3148e-02 | PhaseL1PredSup: 3.8096e-02 | SupportBCE: 2.9249e+00 | FT_L1: 6.2697e+00 | FT_RelL1: 5.2742e-01 | FT_Chi2: 3.9375e-01 | FT_PearsonCorr: 8.0233e-01

================================================================================
Epoch 15 validation complete
Average validation metrics:
   Optimization: OptTotal=6.3706e+00 | FTLoss=6.3706e+00 | SupportWeighted=0.0000e+00
   Real-space monitors: AmpL1Full=2.3172e-02 | PhaseL1PredSup=3.3582e-02 | SupportBCE=3.0963e+00
   Reciprocal primary: FT_L1=6.3706e+00 | FT_RelL1=5.4036e-01 | FT_Chi2=4.5715e-01 | FT_PearsonCorr=7.7565e-01
   Reciprocal diagnostics: FT_Huber=5.9103e+00 | FT_PearsonLoss=2.2435e-01 | FT_LogRelMSE=1.3145e-01 | FT_Comb=3.4075e-01 | FT_Comb2=4.4965e-01
   Raw-scale diagnostics: FT_VoxelMSE=1.9876e+03 | FT_VoxelRMSE=4.2009e+01
================================================================================

Epoch 15 scheduler lr: 1.000e-03
Saved new best model | best loss: 6.370632 | epoch: 15
Epoch[16] Batch[1/3125] | OptTotal: 6.1662e+00 | FTLoss: 6.1662e+00 | AmpL1Full: 2.3509e-02 | PhaseL1PredSup: 3.2944e-02 | SupportBCE: 2.9614e+00 | SupportWeighted: 0.0000e+00 | BatchLR: 1.000e-03 | Grad: True  | Update: True  | Elapsed: 0:00:00 | ETA: 0:30:57
Epoch[16] Batch[101/3125] | OptTotal: 6.2851e+00 | FTLoss: 6.2851e+00 | AmpL1Full: 1.8540e-02 | PhaseL1PredSup: 2.7363e-02 | SupportBCE: 2.9911e+00 | SupportWeighted: 0.0000e+00 | BatchLR: 1.000e-03 | Grad: True  | Update: True  | Elapsed: 0:00:54 | ETA: 0:27:16
Epoch[16] Batch[201/3125] | OptTotal: 6.7877e+00 | FTLoss: 6.7877e+00 | AmpL1Full: 2.9333e-02 | PhaseL1PredSup: 3.7861e-02 | SupportBCE: 3.0137e+00 | SupportWeighted: 0.0000e+00 | BatchLR: 1.000e-03 | Grad: True  | Update: True  | Elapsed: 0:01:48 | ETA: 0:26:21
Epoch[16] Batch[301/3125] | OptTotal: 6.3509e+00 | FTLoss: 6.3509e+00 | AmpL1Full: 1.9391e-02 | PhaseL1PredSup: 2.3404e-02 | SupportBCE: 3.0202e+00 | SupportWeighted: 0.0000e+00 | BatchLR: 1.000e-03 | Grad: True  | Update: True  | Elapsed: 0:02:42 | ETA: 0:25:26
Epoch[16] Batch[401/3125] | OptTotal: 6.3534e+00 | FTLoss: 6.3534e+00 | AmpL1Full: 2.3584e-02 | PhaseL1PredSup: 3.3661e-02 | SupportBCE: 3.1650e+00 | SupportWeighted: 0.0000e+00 | BatchLR: 1.000e-03 | Grad: True  | Update: True  | Elapsed: 0:03:36 | ETA: 0:24:32
Epoch[16] Batch[501/3125] | OptTotal: 6.3500e+00 | FTLoss: 6.3500e+00 | AmpL1Full: 2.2801e-02 | PhaseL1PredSup: 3.0808e-02 | SupportBCE: 3.0860e+00 | SupportWeighted: 0.0000e+00 | BatchLR: 1.000e-03 | Grad: True  | Update: True  | Elapsed: 0:04:30 | ETA: 0:23:38
Epoch[16] Batch[601/3125] | OptTotal: 6.1584e+00 | FTLoss: 6.1584e+00 | AmpL1Full: 2.0832e-02 | PhaseL1PredSup: 3.1934e-02 | SupportBCE: 3.3114e+00 | SupportWeighted: 0.0000e+00 | BatchLR: 1.000e-03 | Grad: True  | Update: True  | Elapsed: 0:05:24 | ETA: 0:22:44
Epoch[16] Batch[701/3125] | OptTotal: 5.9067e+00 | FTLoss: 5.9067e+00 | AmpL1Full: 2.0970e-02 | PhaseL1PredSup: 3.4828e-02 | SupportBCE: 2.8389e+00 | SupportWeighted: 0.0000e+00 | BatchLR: 1.000e-03 | Grad: True  | Update: True  | Elapsed: 0:06:18 | ETA: 0:21:50
Epoch[16] Batch[801/3125] | OptTotal: 6.5978e+00 | FTLoss: 6.5978e+00 | AmpL1Full: 2.6555e-02 | PhaseL1PredSup: 3.1173e-02 | SupportBCE: 3.2187e+00 | SupportWeighted: 0.0000e+00 | BatchLR: 1.000e-03 | Grad: True  | Update: True  | Elapsed: 0:07:12 | ETA: 0:20:56
Epoch[16] Batch[901/3125] | OptTotal: 6.1679e+00 | FTLoss: 6.1679e+00 | AmpL1Full: 2.2491e-02 | PhaseL1PredSup: 3.1547e-02 | SupportBCE: 3.5193e+00 | SupportWeighted: 0.0000e+00 | BatchLR: 1.000e-03 | Grad: True  | Update: True  | Elapsed: 0:08:06 | ETA: 0:20:02
Epoch[16] Batch[1001/3125] | OptTotal: 6.5994e+00 | FTLoss: 6.5994e+00 | AmpL1Full: 2.4235e-02 | PhaseL1PredSup: 2.9824e-02 | SupportBCE: 3.2717e+00 | SupportWeighted: 0.0000e+00 | BatchLR: 1.000e-03 | Grad: True  | Update: True  | Elapsed: 0:09:01 | ETA: 0:19:07
Epoch[16] Batch[1101/3125] | OptTotal: 6.4294e+00 | FTLoss: 6.4294e+00 | AmpL1Full: 2.4862e-02 | PhaseL1PredSup: 3.8840e-02 | SupportBCE: 3.0557e+00 | SupportWeighted: 0.0000e+00 | BatchLR: 1.000e-03 | Grad: True  | Update: True  | Elapsed: 0:09:55 | ETA: 0:18:13
Epoch[16] Batch[1201/3125] | OptTotal: 6.5875e+00 | FTLoss: 6.5875e+00 | AmpL1Full: 2.1503e-02 | PhaseL1PredSup: 2.8411e-02 | SupportBCE: 3.1925e+00 | SupportWeighted: 0.0000e+00 | BatchLR: 1.000e-03 | Grad: True  | Update: True  | Elapsed: 0:10:49 | ETA: 0:17:19
Epoch[16] Batch[1301/3125] | OptTotal: 5.6778e+00 | FTLoss: 5.6778e+00 | AmpL1Full: 1.8448e-02 | PhaseL1PredSup: 3.3101e-02 | SupportBCE: 3.0163e+00 | SupportWeighted: 0.0000e+00 | BatchLR: 1.000e-03 | Grad: True  | Update: True  | Elapsed: 0:11:43 | ETA: 0:16:25
Epoch[16] Batch[1401/3125] | OptTotal: 6.1880e+00 | FTLoss: 6.1880e+00 | AmpL1Full: 2.1772e-02 | PhaseL1PredSup: 3.5393e-02 | SupportBCE: 2.8971e+00 | SupportWeighted: 0.0000e+00 | BatchLR: 1.000e-03 | Grad: True  | Update: True  | Elapsed: 0:12:37 | ETA: 0:15:31
Epoch[16] Batch[1501/3125] | OptTotal: 6.0741e+00 | FTLoss: 6.0741e+00 | AmpL1Full: 2.1613e-02 | PhaseL1PredSup: 3.1348e-02 | SupportBCE: 3.2322e+00 | SupportWeighted: 0.0000e+00 | BatchLR: 1.000e-03 | Grad: True  | Update: True  | Elapsed: 0:13:31 | ETA: 0:14:37
Epoch[16] Batch[1601/3125] | OptTotal: 6.2460e+00 | FTLoss: 6.2460e+00 | AmpL1Full: 2.3207e-02 | PhaseL1PredSup: 3.1997e-02 | SupportBCE: 3.1714e+00 | SupportWeighted: 0.0000e+00 | BatchLR: 1.000e-03 | Grad: True  | Update: True  | Elapsed: 0:14:25 | ETA: 0:13:43
Epoch[16] Batch[1701/3125] | OptTotal: 6.6677e+00 | FTLoss: 6.6677e+00 | AmpL1Full: 2.8277e-02 | PhaseL1PredSup: 3.7129e-02 | SupportBCE: 3.4364e+00 | SupportWeighted: 0.0000e+00 | BatchLR: 1.000e-03 | Grad: True  | Update: True  | Elapsed: 0:15:19 | ETA: 0:12:49
Epoch[16] Batch[1801/3125] | OptTotal: 5.9034e+00 | FTLoss: 5.9034e+00 | AmpL1Full: 2.0657e-02 | PhaseL1PredSup: 3.7555e-02 | SupportBCE: 2.8183e+00 | SupportWeighted: 0.0000e+00 | BatchLR: 1.000e-03 | Grad: True  | Update: True  | Elapsed: 0:16:13 | ETA: 0:11:55
Epoch[16] Batch[1901/3125] | OptTotal: 5.9318e+00 | FTLoss: 5.9318e+00 | AmpL1Full: 1.8594e-02 | PhaseL1PredSup: 3.0889e-02 | SupportBCE: 3.2567e+00 | SupportWeighted: 0.0000e+00 | BatchLR: 1.000e-03 | Grad: True  | Update: True  | Elapsed: 0:17:07 | ETA: 0:11:01
Epoch[16] Batch[2001/3125] | OptTotal: 6.2420e+00 | FTLoss: 6.2420e+00 | AmpL1Full: 1.9929e-02 | PhaseL1PredSup: 2.7208e-02 | SupportBCE: 3.2960e+00 | SupportWeighted: 0.0000e+00 | BatchLR: 1.000e-03 | Grad: True  | Update: True  | Elapsed: 0:18:01 | ETA: 0:10:07
Epoch[16] Batch[2101/3125] | OptTotal: 6.5012e+00 | FTLoss: 6.5012e+00 | AmpL1Full: 2.3496e-02 | PhaseL1PredSup: 3.2391e-02 | SupportBCE: 3.0873e+00 | SupportWeighted: 0.0000e+00 | BatchLR: 1.000e-03 | Grad: True  | Update: True  | Elapsed: 0:18:55 | ETA: 0:09:13
Epoch[16] Batch[2201/3125] | OptTotal: 6.6297e+00 | FTLoss: 6.6297e+00 | AmpL1Full: 2.8200e-02 | PhaseL1PredSup: 3.2786e-02 | SupportBCE: 3.3853e+00 | SupportWeighted: 0.0000e+00 | BatchLR: 1.000e-03 | Grad: True  | Update: True  | Elapsed: 0:19:49 | ETA: 0:08:19
Epoch[16] Batch[2301/3125] | OptTotal: 6.6224e+00 | FTLoss: 6.6224e+00 | AmpL1Full: 2.5066e-02 | PhaseL1PredSup: 2.9251e-02 | SupportBCE: 3.1840e+00 | SupportWeighted: 0.0000e+00 | BatchLR: 1.000e-03 | Grad: True  | Update: True  | Elapsed: 0:20:43 | ETA: 0:07:25
Epoch[16] Batch[2401/3125] | OptTotal: 6.2330e+00 | FTLoss: 6.2330e+00 | AmpL1Full: 1.9502e-02 | PhaseL1PredSup: 2.6222e-02 | SupportBCE: 3.3011e+00 | SupportWeighted: 0.0000e+00 | BatchLR: 1.000e-03 | Grad: True  | Update: True  | Elapsed: 0:21:37 | ETA: 0:06:31
Epoch[16] Batch[2501/3125] | OptTotal: 6.6993e+00 | FTLoss: 6.6993e+00 | AmpL1Full: 2.5408e-02 | PhaseL1PredSup: 3.0844e-02 | SupportBCE: 3.1083e+00 | SupportWeighted: 0.0000e+00 | BatchLR: 1.000e-03 | Grad: True  | Update: True  | Elapsed: 0:22:31 | ETA: 0:05:37
Epoch[16] Batch[2601/3125] | OptTotal: 6.4601e+00 | FTLoss: 6.4601e+00 | AmpL1Full: 2.6016e-02 | PhaseL1PredSup: 3.7380e-02 | SupportBCE: 2.9301e+00 | SupportWeighted: 0.0000e+00 | BatchLR: 1.000e-03 | Grad: True  | Update: True  | Elapsed: 0:23:25 | ETA: 0:04:43
Epoch[16] Batch[2701/3125] | OptTotal: 6.6350e+00 | FTLoss: 6.6350e+00 | AmpL1Full: 2.6555e-02 | PhaseL1PredSup: 3.6041e-02 | SupportBCE: 3.1105e+00 | SupportWeighted: 0.0000e+00 | BatchLR: 1.000e-03 | Grad: True  | Update: True  | Elapsed: 0:24:19 | ETA: 0:03:49
Epoch[16] Batch[2801/3125] | OptTotal: 6.1502e+00 | FTLoss: 6.1502e+00 | AmpL1Full: 2.0935e-02 | PhaseL1PredSup: 3.1043e-02 | SupportBCE: 3.1521e+00 | SupportWeighted: 0.0000e+00 | BatchLR: 1.000e-03 | Grad: True  | Update: True  | Elapsed: 0:25:13 | ETA: 0:02:55
Epoch[16] Batch[2901/3125] | OptTotal: 5.8167e+00 | FTLoss: 5.8167e+00 | AmpL1Full: 1.7470e-02 | PhaseL1PredSup: 3.0098e-02 | SupportBCE: 2.9058e+00 | SupportWeighted: 0.0000e+00 | BatchLR: 1.000e-03 | Grad: True  | Update: True  | Elapsed: 0:26:07 | ETA: 0:02:01
Epoch[16] Batch[3001/3125] | OptTotal: 5.9872e+00 | FTLoss: 5.9872e+00 | AmpL1Full: 1.7199e-02 | PhaseL1PredSup: 2.8639e-02 | SupportBCE: 3.0283e+00 | SupportWeighted: 0.0000e+00 | BatchLR: 1.000e-03 | Grad: True  | Update: True  | Elapsed: 0:27:01 | ETA: 0:01:07
Epoch[16] Batch[3101/3125] | OptTotal: 6.3223e+00 | FTLoss: 6.3223e+00 | AmpL1Full: 2.1739e-02 | PhaseL1PredSup: 2.6220e-02 | SupportBCE: 3.4132e+00 | SupportWeighted: 0.0000e+00 | BatchLR: 1.000e-03 | Grad: True  | Update: True  | Elapsed: 0:27:55 | ETA: 0:00:12
Epoch[16] Batch[3125/3125] | OptTotal: 6.3941e+00 | FTLoss: 6.3941e+00 | AmpL1Full: 2.0393e-02 | PhaseL1PredSup: 2.7507e-02 | SupportBCE: 3.3855e+00 | SupportWeighted: 0.0000e+00 | BatchLR: 1.000e-03 | Grad: True  | Update: True  | Elapsed: 0:28:08 | ETA: 0:00:00

================================================================================
Epoch 16 complete | total time: 1688.76s | average OptTotal: 6.4015e+00
Average train optimization terms | FTLoss: 6.4015e+00 | SupportWeighted: 0.0000e+00
Average train real-space monitors | AmpL1Full: 2.2810e-02 | PhaseL1PredSup: 3.0455e-02 | SupportBCE: 3.2039e+00
================================================================================

Validation Epoch [16] | Batch [100/625] | OptTotal: 6.6528e+00 | FTLoss: 6.6528e+00 | AmpL1Full: 2.1702e-02 | PhaseL1PredSup: 2.7647e-02 | SupportBCE: 3.3307e+00 | FT_L1: 6.6528e+00 | FT_RelL1: 5.5177e-01 | FT_Chi2: 5.1809e-01 | FT_PearsonCorr: 7.4714e-01
Validation Epoch [16] | Batch [200/625] | OptTotal: 6.2713e+00 | FTLoss: 6.2713e+00 | AmpL1Full: 2.3957e-02 | PhaseL1PredSup: 3.3360e-02 | SupportBCE: 3.0015e+00 | FT_L1: 6.2713e+00 | FT_RelL1: 5.3252e-01 | FT_Chi2: 4.5553e-01 | FT_PearsonCorr: 7.9162e-01
Validation Epoch [16] | Batch [300/625] | OptTotal: 6.5057e+00 | FTLoss: 6.5057e+00 | AmpL1Full: 2.2842e-02 | PhaseL1PredSup: 3.2729e-02 | SupportBCE: 3.5668e+00 | FT_L1: 6.5057e+00 | FT_RelL1: 5.3363e-01 | FT_Chi2: 4.3848e-01 | FT_PearsonCorr: 7.9530e-01
Validation Epoch [16] | Batch [400/625] | OptTotal: 6.1368e+00 | FTLoss: 6.1368e+00 | AmpL1Full: 2.0000e-02 | PhaseL1PredSup: 2.7912e-02 | SupportBCE: 3.6267e+00 | FT_L1: 6.1368e+00 | FT_RelL1: 5.3928e-01 | FT_Chi2: 4.5460e-01 | FT_PearsonCorr: 7.7526e-01
Validation Epoch [16] | Batch [500/625] | OptTotal: 6.8338e+00 | FTLoss: 6.8338e+00 | AmpL1Full: 2.3086e-02 | PhaseL1PredSup: 2.3050e-02 | SupportBCE: 3.5140e+00 | FT_L1: 6.8338e+00 | FT_RelL1: 5.7342e-01 | FT_Chi2: 5.6348e-01 | FT_PearsonCorr: 7.1773e-01
Validation Epoch [16] | Batch [600/625] | OptTotal: 6.1303e+00 | FTLoss: 6.1303e+00 | AmpL1Full: 2.0777e-02 | PhaseL1PredSup: 2.8573e-02 | SupportBCE: 3.2822e+00 | FT_L1: 6.1303e+00 | FT_RelL1: 5.3863e-01 | FT_Chi2: 4.4823e-01 | FT_PearsonCorr: 7.8552e-01
Validation Epoch [16] | Batch [625/625] | OptTotal: 6.3151e+00 | FTLoss: 6.3151e+00 | AmpL1Full: 2.2271e-02 | PhaseL1PredSup: 3.4048e-02 | SupportBCE: 3.0988e+00 | FT_L1: 6.3151e+00 | FT_RelL1: 5.3149e-01 | FT_Chi2: 4.0056e-01 | FT_PearsonCorr: 8.0355e-01

================================================================================
Epoch 16 validation complete
Average validation metrics:
   Optimization: OptTotal=6.4056e+00 | FTLoss=6.4056e+00 | SupportWeighted=0.0000e+00
   Real-space monitors: AmpL1Full=2.2691e-02 | PhaseL1PredSup=3.0130e-02 | SupportBCE=3.3049e+00
   Reciprocal primary: FT_L1=6.4056e+00 | FT_RelL1=5.4349e-01 | FT_Chi2=4.6488e-01 | FT_PearsonCorr=7.7713e-01
   Reciprocal diagnostics: FT_Huber=5.9452e+00 | FT_PearsonLoss=2.2287e-01 | FT_LogRelMSE=1.3265e-01 | FT_Comb=3.4388e-01 | FT_Comb2=4.5168e-01
   Raw-scale diagnostics: FT_VoxelMSE=2.0187e+03 | FT_VoxelRMSE=4.2227e+01
================================================================================

Epoch 16 scheduler lr: 1.000e-03
Epoch[17] Batch[1/3125] | OptTotal: 6.2623e+00 | FTLoss: 6.2623e+00 | AmpL1Full: 1.9196e-02 | PhaseL1PredSup: 2.2771e-02 | SupportBCE: 3.4149e+00 | SupportWeighted: 0.0000e+00 | BatchLR: 1.000e-03 | Grad: True  | Update: True  | Elapsed: 0:00:00 | ETA: 0:30:54
Epoch[17] Batch[101/3125] | OptTotal: 6.2507e+00 | FTLoss: 6.2507e+00 | AmpL1Full: 2.3338e-02 | PhaseL1PredSup: 3.3821e-02 | SupportBCE: 3.2691e+00 | SupportWeighted: 0.0000e+00 | BatchLR: 1.000e-03 | Grad: True  | Update: True  | Elapsed: 0:00:54 | ETA: 0:27:16
Epoch[17] Batch[201/3125] | OptTotal: 6.2748e+00 | FTLoss: 6.2748e+00 | AmpL1Full: 1.9777e-02 | PhaseL1PredSup: 2.3958e-02 | SupportBCE: 3.3202e+00 | SupportWeighted: 0.0000e+00 | BatchLR: 1.000e-03 | Grad: True  | Update: True  | Elapsed: 0:01:48 | ETA: 0:26:21
Epoch[17] Batch[301/3125] | OptTotal: 6.9326e+00 | FTLoss: 6.9326e+00 | AmpL1Full: 2.9108e-02 | PhaseL1PredSup: 3.6981e-02 | SupportBCE: 2.9622e+00 | SupportWeighted: 0.0000e+00 | BatchLR: 1.000e-03 | Grad: True  | Update: True  | Elapsed: 0:02:42 | ETA: 0:25:26
Epoch[17] Batch[401/3125] | OptTotal: 6.7561e+00 | FTLoss: 6.7561e+00 | AmpL1Full: 2.3543e-02 | PhaseL1PredSup: 2.9209e-02 | SupportBCE: 3.1207e+00 | SupportWeighted: 0.0000e+00 | BatchLR: 1.000e-03 | Grad: True  | Update: True  | Elapsed: 0:03:36 | ETA: 0:24:32
Epoch[17] Batch[501/3125] | OptTotal: 6.3334e+00 | FTLoss: 6.3334e+00 | AmpL1Full: 2.0681e-02 | PhaseL1PredSup: 2.2812e-02 | SupportBCE: 3.2116e+00 | SupportWeighted: 0.0000e+00 | BatchLR: 1.000e-03 | Grad: True  | Update: True  | Elapsed: 0:04:30 | ETA: 0:23:38
Epoch[17] Batch[601/3125] | OptTotal: 5.8913e+00 | FTLoss: 5.8913e+00 | AmpL1Full: 1.5465e-02 | PhaseL1PredSup: 1.9412e-02 | SupportBCE: 3.2977e+00 | SupportWeighted: 0.0000e+00 | BatchLR: 1.000e-03 | Grad: True  | Update: True  | Elapsed: 0:05:24 | ETA: 0:22:44
Epoch[17] Batch[701/3125] | OptTotal: 6.4513e+00 | FTLoss: 6.4513e+00 | AmpL1Full: 2.6974e-02 | PhaseL1PredSup: 3.2435e-02 | SupportBCE: 3.0954e+00 | SupportWeighted: 0.0000e+00 | BatchLR: 1.000e-03 | Grad: True  | Update: True  | Elapsed: 0:06:18 | ETA: 0:21:50
Epoch[17] Batch[801/3125] | OptTotal: 6.2683e+00 | FTLoss: 6.2683e+00 | AmpL1Full: 2.4886e-02 | PhaseL1PredSup: 3.7250e-02 | SupportBCE: 3.1665e+00 | SupportWeighted: 0.0000e+00 | BatchLR: 1.000e-03 | Grad: True  | Update: True  | Elapsed: 0:07:12 | ETA: 0:20:56
Epoch[17] Batch[901/3125] | OptTotal: 6.8173e+00 | FTLoss: 6.8173e+00 | AmpL1Full: 2.9160e-02 | PhaseL1PredSup: 3.1305e-02 | SupportBCE: 3.2181e+00 | SupportWeighted: 0.0000e+00 | BatchLR: 1.000e-03 | Grad: True  | Update: True  | Elapsed: 0:08:06 | ETA: 0:20:01
Epoch[17] Batch[1001/3125] | OptTotal: 5.9398e+00 | FTLoss: 5.9398e+00 | AmpL1Full: 1.8010e-02 | PhaseL1PredSup: 2.5159e-02 | SupportBCE: 3.4260e+00 | SupportWeighted: 0.0000e+00 | BatchLR: 1.000e-03 | Grad: True  | Update: True  | Elapsed: 0:09:00 | ETA: 0:19:07
Epoch[17] Batch[1101/3125] | OptTotal: 5.6855e+00 | FTLoss: 5.6855e+00 | AmpL1Full: 1.6169e-02 | PhaseL1PredSup: 2.6841e-02 | SupportBCE: 3.3079e+00 | SupportWeighted: 0.0000e+00 | BatchLR: 1.000e-03 | Grad: True  | Update: True  | Elapsed: 0:09:55 | ETA: 0:18:13
Epoch[17] Batch[1201/3125] | OptTotal: 6.2207e+00 | FTLoss: 6.2207e+00 | AmpL1Full: 2.0534e-02 | PhaseL1PredSup: 3.0562e-02 | SupportBCE: 3.1714e+00 | SupportWeighted: 0.0000e+00 | BatchLR: 1.000e-03 | Grad: True  | Update: True  | Elapsed: 0:10:49 | ETA: 0:17:19
Epoch[17] Batch[1301/3125] | OptTotal: 5.9978e+00 | FTLoss: 5.9978e+00 | AmpL1Full: 1.9214e-02 | PhaseL1PredSup: 2.9675e-02 | SupportBCE: 3.3526e+00 | SupportWeighted: 0.0000e+00 | BatchLR: 1.000e-03 | Grad: True  | Update: True  | Elapsed: 0:11:43 | ETA: 0:16:25
Epoch[17] Batch[1401/3125] | OptTotal: 6.2271e+00 | FTLoss: 6.2271e+00 | AmpL1Full: 1.9111e-02 | PhaseL1PredSup: 2.4840e-02 | SupportBCE: 3.0751e+00 | SupportWeighted: 0.0000e+00 | BatchLR: 1.000e-03 | Grad: True  | Update: True  | Elapsed: 0:12:37 | ETA: 0:15:31
Epoch[17] Batch[1501/3125] | OptTotal: 6.8056e+00 | FTLoss: 6.8056e+00 | AmpL1Full: 2.6426e-02 | PhaseL1PredSup: 3.1075e-02 | SupportBCE: 3.3510e+00 | SupportWeighted: 0.0000e+00 | BatchLR: 1.000e-03 | Grad: True  | Update: True  | Elapsed: 0:13:31 | ETA: 0:14:37
Epoch[17] Batch[1601/3125] | OptTotal: 6.0260e+00 | FTLoss: 6.0260e+00 | AmpL1Full: 1.6233e-02 | PhaseL1PredSup: 1.9720e-02 | SupportBCE: 3.5532e+00 | SupportWeighted: 0.0000e+00 | BatchLR: 1.000e-03 | Grad: True  | Update: True  | Elapsed: 0:14:25 | ETA: 0:13:43
Epoch[17] Batch[1701/3125] | OptTotal: 5.6474e+00 | FTLoss: 5.6474e+00 | AmpL1Full: 1.8213e-02 | PhaseL1PredSup: 2.9898e-02 | SupportBCE: 3.1443e+00 | SupportWeighted: 0.0000e+00 | BatchLR: 1.000e-03 | Grad: True  | Update: True  | Elapsed: 0:15:19 | ETA: 0:12:49
Epoch[17] Batch[1801/3125] | OptTotal: 5.8824e+00 | FTLoss: 5.8824e+00 | AmpL1Full: 1.7093e-02 | PhaseL1PredSup: 2.5163e-02 | SupportBCE: 3.5242e+00 | SupportWeighted: 0.0000e+00 | BatchLR: 1.000e-03 | Grad: True  | Update: True  | Elapsed: 0:16:13 | ETA: 0:11:55
Epoch[17] Batch[1901/3125] | OptTotal: 6.9593e+00 | FTLoss: 6.9593e+00 | AmpL1Full: 2.6376e-02 | PhaseL1PredSup: 2.9204e-02 | SupportBCE: 3.2506e+00 | SupportWeighted: 0.0000e+00 | BatchLR: 1.000e-03 | Grad: True  | Update: True  | Elapsed: 0:17:07 | ETA: 0:11:01
Epoch[17] Batch[2001/3125] | OptTotal: 6.3709e+00 | FTLoss: 6.3709e+00 | AmpL1Full: 2.1927e-02 | PhaseL1PredSup: 3.1701e-02 | SupportBCE: 2.9920e+00 | SupportWeighted: 0.0000e+00 | BatchLR: 1.000e-03 | Grad: True  | Update: True  | Elapsed: 0:18:01 | ETA: 0:10:07
Epoch[17] Batch[2101/3125] | OptTotal: 6.1954e+00 | FTLoss: 6.1954e+00 | AmpL1Full: 1.9773e-02 | PhaseL1PredSup: 2.6507e-02 | SupportBCE: 3.5261e+00 | SupportWeighted: 0.0000e+00 | BatchLR: 1.000e-03 | Grad: True  | Update: True  | Elapsed: 0:18:55 | ETA: 0:09:13
Epoch[17] Batch[2201/3125] | OptTotal: 6.5724e+00 | FTLoss: 6.5724e+00 | AmpL1Full: 2.2688e-02 | PhaseL1PredSup: 2.4031e-02 | SupportBCE: 3.2993e+00 | SupportWeighted: 0.0000e+00 | BatchLR: 1.000e-03 | Grad: True  | Update: True  | Elapsed: 0:19:49 | ETA: 0:08:19
Epoch[17] Batch[2301/3125] | OptTotal: 6.5791e+00 | FTLoss: 6.5791e+00 | AmpL1Full: 2.8799e-02 | PhaseL1PredSup: 3.7033e-02 | SupportBCE: 3.1658e+00 | SupportWeighted: 0.0000e+00 | BatchLR: 1.000e-03 | Grad: True  | Update: True  | Elapsed: 0:20:43 | ETA: 0:07:25
Epoch[17] Batch[2401/3125] | OptTotal: 7.1516e+00 | FTLoss: 7.1516e+00 | AmpL1Full: 2.7150e-02 | PhaseL1PredSup: 2.9982e-02 | SupportBCE: 3.3858e+00 | SupportWeighted: 0.0000e+00 | BatchLR: 1.000e-03 | Grad: True  | Update: True  | Elapsed: 0:21:37 | ETA: 0:06:31
Epoch[17] Batch[2501/3125] | OptTotal: 6.6562e+00 | FTLoss: 6.6562e+00 | AmpL1Full: 2.8508e-02 | PhaseL1PredSup: 3.9509e-02 | SupportBCE: 3.1357e+00 | SupportWeighted: 0.0000e+00 | BatchLR: 1.000e-03 | Grad: True  | Update: True  | Elapsed: 0:22:31 | ETA: 0:05:37
Epoch[17] Batch[2601/3125] | OptTotal: 5.8230e+00 | FTLoss: 5.8230e+00 | AmpL1Full: 2.0797e-02 | PhaseL1PredSup: 3.4136e-02 | SupportBCE: 3.1102e+00 | SupportWeighted: 0.0000e+00 | BatchLR: 1.000e-03 | Grad: True  | Update: True  | Elapsed: 0:23:25 | ETA: 0:04:43
Epoch[17] Batch[2701/3125] | OptTotal: 6.7499e+00 | FTLoss: 6.7499e+00 | AmpL1Full: 2.8564e-02 | PhaseL1PredSup: 3.0571e-02 | SupportBCE: 3.2526e+00 | SupportWeighted: 0.0000e+00 | BatchLR: 1.000e-03 | Grad: True  | Update: True  | Elapsed: 0:24:19 | ETA: 0:03:49
Epoch[17] Batch[2801/3125] | OptTotal: 6.2755e+00 | FTLoss: 6.2755e+00 | AmpL1Full: 2.1549e-02 | PhaseL1PredSup: 3.1170e-02 | SupportBCE: 3.1459e+00 | SupportWeighted: 0.0000e+00 | BatchLR: 1.000e-03 | Grad: True  | Update: True  | Elapsed: 0:25:13 | ETA: 0:02:55
Epoch[17] Batch[2901/3125] | OptTotal: 6.2262e+00 | FTLoss: 6.2262e+00 | AmpL1Full: 1.9402e-02 | PhaseL1PredSup: 2.7652e-02 | SupportBCE: 3.2564e+00 | SupportWeighted: 0.0000e+00 | BatchLR: 1.000e-03 | Grad: True  | Update: True  | Elapsed: 0:26:07 | ETA: 0:02:01
Epoch[17] Batch[3001/3125] | OptTotal: 6.0232e+00 | FTLoss: 6.0232e+00 | AmpL1Full: 2.1358e-02 | PhaseL1PredSup: 3.5269e-02 | SupportBCE: 3.0931e+00 | SupportWeighted: 0.0000e+00 | BatchLR: 1.000e-03 | Grad: True  | Update: True  | Elapsed: 0:27:01 | ETA: 0:01:07
Epoch[17] Batch[3101/3125] | OptTotal: 6.8597e+00 | FTLoss: 6.8597e+00 | AmpL1Full: 2.3570e-02 | PhaseL1PredSup: 2.6613e-02 | SupportBCE: 3.4512e+00 | SupportWeighted: 0.0000e+00 | BatchLR: 1.000e-03 | Grad: True  | Update: True  | Elapsed: 0:27:55 | ETA: 0:00:12
Epoch[17] Batch[3125/3125] | OptTotal: 6.6327e+00 | FTLoss: 6.6327e+00 | AmpL1Full: 2.6339e-02 | PhaseL1PredSup: 3.7508e-02 | SupportBCE: 3.0144e+00 | SupportWeighted: 0.0000e+00 | BatchLR: 1.000e-03 | Grad: True  | Update: True  | Elapsed: 0:28:08 | ETA: 0:00:00

================================================================================
Epoch 17 complete | total time: 1688.67s | average OptTotal: 6.3919e+00
Average train optimization terms | FTLoss: 6.3919e+00 | SupportWeighted: 0.0000e+00
Average train real-space monitors | AmpL1Full: 2.2819e-02 | PhaseL1PredSup: 3.0561e-02 | SupportBCE: 3.2349e+00
================================================================================

Validation Epoch [17] | Batch [100/625] | OptTotal: 6.5918e+00 | FTLoss: 6.5918e+00 | AmpL1Full: 2.2213e-02 | PhaseL1PredSup: 3.1881e-02 | SupportBCE: 3.1126e+00 | FT_L1: 6.5918e+00 | FT_RelL1: 5.4661e-01 | FT_Chi2: 5.0131e-01 | FT_PearsonCorr: 7.4895e-01
Validation Epoch [17] | Batch [200/625] | OptTotal: 6.2306e+00 | FTLoss: 6.2306e+00 | AmpL1Full: 2.4470e-02 | PhaseL1PredSup: 3.7325e-02 | SupportBCE: 2.7949e+00 | FT_L1: 6.2306e+00 | FT_RelL1: 5.2905e-01 | FT_Chi2: 4.3873e-01 | FT_PearsonCorr: 7.9561e-01
Validation Epoch [17] | Batch [300/625] | OptTotal: 6.4438e+00 | FTLoss: 6.4438e+00 | AmpL1Full: 2.3605e-02 | PhaseL1PredSup: 3.7164e-02 | SupportBCE: 3.3747e+00 | FT_L1: 6.4438e+00 | FT_RelL1: 5.2854e-01 | FT_Chi2: 4.1902e-01 | FT_PearsonCorr: 7.9880e-01
Validation Epoch [17] | Batch [400/625] | OptTotal: 6.0834e+00 | FTLoss: 6.0834e+00 | AmpL1Full: 2.0536e-02 | PhaseL1PredSup: 3.1525e-02 | SupportBCE: 3.4468e+00 | FT_L1: 6.0834e+00 | FT_RelL1: 5.3443e-01 | FT_Chi2: 4.4509e-01 | FT_PearsonCorr: 7.7781e-01
Validation Epoch [17] | Batch [500/625] | OptTotal: 6.7751e+00 | FTLoss: 6.7751e+00 | AmpL1Full: 2.3731e-02 | PhaseL1PredSup: 2.7466e-02 | SupportBCE: 3.3261e+00 | FT_L1: 6.7751e+00 | FT_RelL1: 5.6843e-01 | FT_Chi2: 5.3410e-01 | FT_PearsonCorr: 7.2559e-01
Validation Epoch [17] | Batch [600/625] | OptTotal: 6.0523e+00 | FTLoss: 6.0523e+00 | AmpL1Full: 2.1489e-02 | PhaseL1PredSup: 3.3540e-02 | SupportBCE: 3.0736e+00 | FT_L1: 6.0523e+00 | FT_RelL1: 5.3174e-01 | FT_Chi2: 4.2574e-01 | FT_PearsonCorr: 7.9131e-01
Validation Epoch [17] | Batch [625/625] | OptTotal: 6.2411e+00 | FTLoss: 6.2411e+00 | AmpL1Full: 2.2809e-02 | PhaseL1PredSup: 3.8135e-02 | SupportBCE: 2.9027e+00 | FT_L1: 6.2411e+00 | FT_RelL1: 5.2514e-01 | FT_Chi2: 3.7944e-01 | FT_PearsonCorr: 8.0912e-01

================================================================================
Epoch 17 validation complete
Average validation metrics:
   Optimization: OptTotal=6.3435e+00 | FTLoss=6.3435e+00 | SupportWeighted=0.0000e+00
   Real-space monitors: AmpL1Full=2.3270e-02 | PhaseL1PredSup=3.4440e-02 | SupportBCE=3.0957e+00
   Reciprocal primary: FT_L1=6.3435e+00 | FT_RelL1=5.3809e-01 | FT_Chi2=4.4511e-01 | FT_PearsonCorr=7.8179e-01
   Reciprocal diagnostics: FT_Huber=5.8829e+00 | FT_PearsonLoss=2.1821e-01 | FT_LogRelMSE=1.3094e-01 | FT_Comb=3.3166e-01 | FT_Comb2=4.4196e-01
   Raw-scale diagnostics: FT_VoxelMSE=1.9465e+03 | FT_VoxelRMSE=4.1317e+01
================================================================================

Epoch 17 scheduler lr: 1.000e-03
Saved new best model | best loss: 6.343512 | epoch: 17
Epoch[18] Batch[1/3125] | OptTotal: 6.3234e+00 | FTLoss: 6.3234e+00 | AmpL1Full: 2.3065e-02 | PhaseL1PredSup: 3.3989e-02 | SupportBCE: 3.1070e+00 | SupportWeighted: 0.0000e+00 | BatchLR: 1.000e-03 | Grad: True  | Update: True  | Elapsed: 0:00:00 | ETA: 0:30:55
Epoch[18] Batch[101/3125] | OptTotal: 6.2729e+00 | FTLoss: 6.2729e+00 | AmpL1Full: 1.8021e-02 | PhaseL1PredSup: 2.4095e-02 | SupportBCE: 3.6589e+00 | SupportWeighted: 0.0000e+00 | BatchLR: 1.000e-03 | Grad: True  | Update: True  | Elapsed: 0:00:54 | ETA: 0:27:16
Epoch[18] Batch[201/3125] | OptTotal: 5.9110e+00 | FTLoss: 5.9110e+00 | AmpL1Full: 1.5033e-02 | PhaseL1PredSup: 2.1670e-02 | SupportBCE: 3.5072e+00 | SupportWeighted: 0.0000e+00 | BatchLR: 1.000e-03 | Grad: True  | Update: True  | Elapsed: 0:01:48 | ETA: 0:26:21
Epoch[18] Batch[301/3125] | OptTotal: 6.7003e+00 | FTLoss: 6.7003e+00 | AmpL1Full: 3.2144e-02 | PhaseL1PredSup: 3.9003e-02 | SupportBCE: 3.2278e+00 | SupportWeighted: 0.0000e+00 | BatchLR: 1.000e-03 | Grad: True  | Update: True  | Elapsed: 0:02:42 | ETA: 0:25:26
Epoch[18] Batch[401/3125] | OptTotal: 6.3918e+00 | FTLoss: 6.3918e+00 | AmpL1Full: 2.3310e-02 | PhaseL1PredSup: 3.6922e-02 | SupportBCE: 3.1335e+00 | SupportWeighted: 0.0000e+00 | BatchLR: 1.000e-03 | Grad: True  | Update: True  | Elapsed: 0:03:36 | ETA: 0:24:32
Epoch[18] Batch[501/3125] | OptTotal: 6.2127e+00 | FTLoss: 6.2127e+00 | AmpL1Full: 2.4328e-02 | PhaseL1PredSup: 3.3728e-02 | SupportBCE: 3.4078e+00 | SupportWeighted: 0.0000e+00 | BatchLR: 1.000e-03 | Grad: True  | Update: True  | Elapsed: 0:04:30 | ETA: 0:23:38
Epoch[18] Batch[601/3125] | OptTotal: 6.5724e+00 | FTLoss: 6.5724e+00 | AmpL1Full: 2.2564e-02 | PhaseL1PredSup: 3.2470e-02 | SupportBCE: 3.1728e+00 | SupportWeighted: 0.0000e+00 | BatchLR: 1.000e-03 | Grad: True  | Update: True  | Elapsed: 0:05:24 | ETA: 0:22:44
Epoch[18] Batch[701/3125] | OptTotal: 6.1469e+00 | FTLoss: 6.1469e+00 | AmpL1Full: 2.0773e-02 | PhaseL1PredSup: 3.3113e-02 | SupportBCE: 3.2962e+00 | SupportWeighted: 0.0000e+00 | BatchLR: 1.000e-03 | Grad: True  | Update: True  | Elapsed: 0:06:18 | ETA: 0:21:50
Epoch[18] Batch[801/3125] | OptTotal: 6.6826e+00 | FTLoss: 6.6826e+00 | AmpL1Full: 2.6166e-02 | PhaseL1PredSup: 3.3602e-02 | SupportBCE: 3.3241e+00 | SupportWeighted: 0.0000e+00 | BatchLR: 1.000e-03 | Grad: True  | Update: True  | Elapsed: 0:07:12 | ETA: 0:20:56
Epoch[18] Batch[901/3125] | OptTotal: 6.6087e+00 | FTLoss: 6.6087e+00 | AmpL1Full: 2.2051e-02 | PhaseL1PredSup: 2.5312e-02 | SupportBCE: 3.4053e+00 | SupportWeighted: 0.0000e+00 | BatchLR: 1.000e-03 | Grad: True  | Update: True  | Elapsed: 0:08:06 | ETA: 0:20:01
Epoch[18] Batch[1001/3125] | OptTotal: 6.9260e+00 | FTLoss: 6.9260e+00 | AmpL1Full: 2.8987e-02 | PhaseL1PredSup: 3.0181e-02 | SupportBCE: 3.2413e+00 | SupportWeighted: 0.0000e+00 | BatchLR: 1.000e-03 | Grad: True  | Update: True  | Elapsed: 0:09:00 | ETA: 0:19:07
Epoch[18] Batch[1101/3125] | OptTotal: 6.7634e+00 | FTLoss: 6.7634e+00 | AmpL1Full: 2.8603e-02 | PhaseL1PredSup: 2.8546e-02 | SupportBCE: 3.2598e+00 | SupportWeighted: 0.0000e+00 | BatchLR: 1.000e-03 | Grad: True  | Update: True  | Elapsed: 0:09:55 | ETA: 0:18:13
Epoch[18] Batch[1201/3125] | OptTotal: 6.2030e+00 | FTLoss: 6.2030e+00 | AmpL1Full: 1.8062e-02 | PhaseL1PredSup: 2.3189e-02 | SupportBCE: 3.4640e+00 | SupportWeighted: 0.0000e+00 | BatchLR: 1.000e-03 | Grad: True  | Update: True  | Elapsed: 0:10:49 | ETA: 0:17:19
Epoch[18] Batch[1301/3125] | OptTotal: 6.7137e+00 | FTLoss: 6.7137e+00 | AmpL1Full: 2.3980e-02 | PhaseL1PredSup: 2.8165e-02 | SupportBCE: 3.2323e+00 | SupportWeighted: 0.0000e+00 | BatchLR: 1.000e-03 | Grad: True  | Update: True  | Elapsed: 0:11:43 | ETA: 0:16:25
Epoch[18] Batch[1401/3125] | OptTotal: 6.2583e+00 | FTLoss: 6.2583e+00 | AmpL1Full: 2.2291e-02 | PhaseL1PredSup: 3.3838e-02 | SupportBCE: 3.0999e+00 | SupportWeighted: 0.0000e+00 | BatchLR: 1.000e-03 | Grad: True  | Update: True  | Elapsed: 0:12:37 | ETA: 0:15:31
Epoch[18] Batch[1501/3125] | OptTotal: 6.4003e+00 | FTLoss: 6.4003e+00 | AmpL1Full: 2.6522e-02 | PhaseL1PredSup: 3.6894e-02 | SupportBCE: 3.1323e+00 | SupportWeighted: 0.0000e+00 | BatchLR: 1.000e-03 | Grad: True  | Update: True  | Elapsed: 0:13:31 | ETA: 0:14:37
Epoch[18] Batch[1601/3125] | OptTotal: 6.1497e+00 | FTLoss: 6.1497e+00 | AmpL1Full: 2.4453e-02 | PhaseL1PredSup: 3.8566e-02 | SupportBCE: 2.9039e+00 | SupportWeighted: 0.0000e+00 | BatchLR: 1.000e-03 | Grad: True  | Update: True  | Elapsed: 0:14:25 | ETA: 0:13:43
Epoch[18] Batch[1701/3125] | OptTotal: 6.1146e+00 | FTLoss: 6.1146e+00 | AmpL1Full: 2.2253e-02 | PhaseL1PredSup: 3.2435e-02 | SupportBCE: 2.9800e+00 | SupportWeighted: 0.0000e+00 | BatchLR: 1.000e-03 | Grad: True  | Update: True  | Elapsed: 0:15:19 | ETA: 0:12:49
Epoch[18] Batch[1801/3125] | OptTotal: 6.3382e+00 | FTLoss: 6.3382e+00 | AmpL1Full: 2.0500e-02 | PhaseL1PredSup: 2.8324e-02 | SupportBCE: 3.2865e+00 | SupportWeighted: 0.0000e+00 | BatchLR: 1.000e-03 | Grad: True  | Update: True  | Elapsed: 0:16:13 | ETA: 0:11:55
Epoch[18] Batch[1901/3125] | OptTotal: 6.3399e+00 | FTLoss: 6.3399e+00 | AmpL1Full: 1.9169e-02 | PhaseL1PredSup: 2.7238e-02 | SupportBCE: 3.2933e+00 | SupportWeighted: 0.0000e+00 | BatchLR: 1.000e-03 | Grad: True  | Update: True  | Elapsed: 0:17:07 | ETA: 0:11:01
Epoch[18] Batch[2001/3125] | OptTotal: 6.5942e+00 | FTLoss: 6.5942e+00 | AmpL1Full: 2.5369e-02 | PhaseL1PredSup: 2.6219e-02 | SupportBCE: 3.3042e+00 | SupportWeighted: 0.0000e+00 | BatchLR: 1.000e-03 | Grad: True  | Update: True  | Elapsed: 0:18:01 | ETA: 0:10:07
Epoch[18] Batch[2101/3125] | OptTotal: 6.6974e+00 | FTLoss: 6.6974e+00 | AmpL1Full: 2.4572e-02 | PhaseL1PredSup: 2.8805e-02 | SupportBCE: 3.4624e+00 | SupportWeighted: 0.0000e+00 | BatchLR: 1.000e-03 | Grad: True  | Update: True  | Elapsed: 0:18:55 | ETA: 0:09:13
Epoch[18] Batch[2201/3125] | OptTotal: 6.1277e+00 | FTLoss: 6.1277e+00 | AmpL1Full: 1.9319e-02 | PhaseL1PredSup: 3.1735e-02 | SupportBCE: 3.0860e+00 | SupportWeighted: 0.0000e+00 | BatchLR: 1.000e-03 | Grad: True  | Update: True  | Elapsed: 0:19:49 | ETA: 0:08:19
Epoch[18] Batch[2301/3125] | OptTotal: 6.4087e+00 | FTLoss: 6.4087e+00 | AmpL1Full: 2.4695e-02 | PhaseL1PredSup: 2.7891e-02 | SupportBCE: 3.0837e+00 | SupportWeighted: 0.0000e+00 | BatchLR: 1.000e-03 | Grad: True  | Update: True  | Elapsed: 0:20:43 | ETA: 0:07:25
Epoch[18] Batch[2401/3125] | OptTotal: 6.4876e+00 | FTLoss: 6.4876e+00 | AmpL1Full: 2.5025e-02 | PhaseL1PredSup: 3.9059e-02 | SupportBCE: 3.0931e+00 | SupportWeighted: 0.0000e+00 | BatchLR: 1.000e-03 | Grad: True  | Update: True  | Elapsed: 0:21:37 | ETA: 0:06:31
Epoch[18] Batch[2501/3125] | OptTotal: 6.3046e+00 | FTLoss: 6.3046e+00 | AmpL1Full: 2.6208e-02 | PhaseL1PredSup: 3.3240e-02 | SupportBCE: 3.2559e+00 | SupportWeighted: 0.0000e+00 | BatchLR: 1.000e-03 | Grad: True  | Update: True  | Elapsed: 0:22:31 | ETA: 0:05:37
Epoch[18] Batch[2601/3125] | OptTotal: 6.5485e+00 | FTLoss: 6.5485e+00 | AmpL1Full: 2.2423e-02 | PhaseL1PredSup: 3.0708e-02 | SupportBCE: 3.1499e+00 | SupportWeighted: 0.0000e+00 | BatchLR: 1.000e-03 | Grad: True  | Update: True  | Elapsed: 0:23:25 | ETA: 0:04:43
Epoch[18] Batch[2701/3125] | OptTotal: 6.5408e+00 | FTLoss: 6.5408e+00 | AmpL1Full: 2.3873e-02 | PhaseL1PredSup: 2.7423e-02 | SupportBCE: 3.3511e+00 | SupportWeighted: 0.0000e+00 | BatchLR: 1.000e-03 | Grad: True  | Update: True  | Elapsed: 0:24:19 | ETA: 0:03:49
Epoch[18] Batch[2801/3125] | OptTotal: 6.2097e+00 | FTLoss: 6.2097e+00 | AmpL1Full: 1.8488e-02 | PhaseL1PredSup: 2.4471e-02 | SupportBCE: 3.0969e+00 | SupportWeighted: 0.0000e+00 | BatchLR: 1.000e-03 | Grad: True  | Update: True  | Elapsed: 0:25:13 | ETA: 0:02:55
Epoch[18] Batch[2901/3125] | OptTotal: 6.6392e+00 | FTLoss: 6.6392e+00 | AmpL1Full: 2.7928e-02 | PhaseL1PredSup: 3.5963e-02 | SupportBCE: 3.2372e+00 | SupportWeighted: 0.0000e+00 | BatchLR: 1.000e-03 | Grad: True  | Update: True  | Elapsed: 0:26:07 | ETA: 0:02:01
Epoch[18] Batch[3001/3125] | OptTotal: 6.4899e+00 | FTLoss: 6.4899e+00 | AmpL1Full: 2.3230e-02 | PhaseL1PredSup: 3.0182e-02 | SupportBCE: 3.1263e+00 | SupportWeighted: 0.0000e+00 | BatchLR: 1.000e-03 | Grad: True  | Update: True  | Elapsed: 0:27:01 | ETA: 0:01:07
Epoch[18] Batch[3101/3125] | OptTotal: 6.7583e+00 | FTLoss: 6.7583e+00 | AmpL1Full: 2.4771e-02 | PhaseL1PredSup: 3.0258e-02 | SupportBCE: 3.2858e+00 | SupportWeighted: 0.0000e+00 | BatchLR: 1.000e-03 | Grad: True  | Update: True  | Elapsed: 0:27:55 | ETA: 0:00:12
Epoch[18] Batch[3125/3125] | OptTotal: 5.9954e+00 | FTLoss: 5.9954e+00 | AmpL1Full: 2.1385e-02 | PhaseL1PredSup: 3.1987e-02 | SupportBCE: 3.2301e+00 | SupportWeighted: 0.0000e+00 | BatchLR: 1.000e-03 | Grad: True  | Update: True  | Elapsed: 0:28:08 | ETA: 0:00:00

================================================================================
Epoch 18 complete | total time: 1688.71s | average OptTotal: 6.3860e+00
Average train optimization terms | FTLoss: 6.3860e+00 | SupportWeighted: 0.0000e+00
Average train real-space monitors | AmpL1Full: 2.2818e-02 | PhaseL1PredSup: 3.0605e-02 | SupportBCE: 3.2499e+00
================================================================================

Validation Epoch [18] | Batch [100/625] | OptTotal: 6.6321e+00 | FTLoss: 6.6321e+00 | AmpL1Full: 2.1982e-02 | PhaseL1PredSup: 2.9605e-02 | SupportBCE: 3.2844e+00 | FT_L1: 6.6321e+00 | FT_RelL1: 5.4988e-01 | FT_Chi2: 5.0766e-01 | FT_PearsonCorr: 7.5008e-01
Validation Epoch [18] | Batch [200/625] | OptTotal: 6.2432e+00 | FTLoss: 6.2432e+00 | AmpL1Full: 2.4345e-02 | PhaseL1PredSup: 3.5658e-02 | SupportBCE: 2.9768e+00 | FT_L1: 6.2432e+00 | FT_RelL1: 5.2999e-01 | FT_Chi2: 4.3739e-01 | FT_PearsonCorr: 7.9814e-01
Validation Epoch [18] | Batch [300/625] | OptTotal: 6.4677e+00 | FTLoss: 6.4677e+00 | AmpL1Full: 2.3342e-02 | PhaseL1PredSup: 3.5043e-02 | SupportBCE: 3.5306e+00 | FT_L1: 6.4677e+00 | FT_RelL1: 5.3042e-01 | FT_Chi2: 4.2101e-01 | FT_PearsonCorr: 8.0005e-01
Validation Epoch [18] | Batch [400/625] | OptTotal: 6.1034e+00 | FTLoss: 6.1034e+00 | AmpL1Full: 2.0175e-02 | PhaseL1PredSup: 2.9070e-02 | SupportBCE: 3.6433e+00 | FT_L1: 6.1034e+00 | FT_RelL1: 5.3628e-01 | FT_Chi2: 4.4951e-01 | FT_PearsonCorr: 7.7685e-01
Validation Epoch [18] | Batch [500/625] | OptTotal: 6.7934e+00 | FTLoss: 6.7934e+00 | AmpL1Full: 2.3503e-02 | PhaseL1PredSup: 2.5198e-02 | SupportBCE: 3.5304e+00 | FT_L1: 6.7934e+00 | FT_RelL1: 5.6987e-01 | FT_Chi2: 5.4815e-01 | FT_PearsonCorr: 7.2406e-01
Validation Epoch [18] | Batch [600/625] | OptTotal: 6.0961e+00 | FTLoss: 6.0961e+00 | AmpL1Full: 2.1133e-02 | PhaseL1PredSup: 3.0743e-02 | SupportBCE: 3.2496e+00 | FT_L1: 6.0961e+00 | FT_RelL1: 5.3561e-01 | FT_Chi2: 4.3370e-01 | FT_PearsonCorr: 7.9277e-01
Validation Epoch [18] | Batch [625/625] | OptTotal: 6.2670e+00 | FTLoss: 6.2670e+00 | AmpL1Full: 2.2793e-02 | PhaseL1PredSup: 3.6096e-02 | SupportBCE: 3.0745e+00 | FT_L1: 6.2670e+00 | FT_RelL1: 5.2730e-01 | FT_Chi2: 3.8759e-01 | FT_PearsonCorr: 8.0953e-01

================================================================================
Epoch 18 validation complete
Average validation metrics:
   Optimization: OptTotal=6.3681e+00 | FTLoss=6.3681e+00 | SupportWeighted=0.0000e+00
   Real-space monitors: AmpL1Full=2.3069e-02 | PhaseL1PredSup=3.2385e-02 | SupportBCE=3.2756e+00
   Reciprocal primary: FT_L1=6.3681e+00 | FT_RelL1=5.4021e-01 | FT_Chi2=4.5051e-01 | FT_PearsonCorr=7.8199e-01
   Reciprocal diagnostics: FT_Huber=5.9071e+00 | FT_PearsonLoss=2.1801e-01 | FT_LogRelMSE=1.3192e-01 | FT_Comb=3.3426e-01 | FT_Comb2=4.4382e-01
   Raw-scale diagnostics: FT_VoxelMSE=1.9714e+03 | FT_VoxelRMSE=4.1505e+01
================================================================================

Epoch 18 scheduler lr: 1.000e-03
Epoch[19] Batch[1/3125] | OptTotal: 6.2035e+00 | FTLoss: 6.2035e+00 | AmpL1Full: 2.2122e-02 | PhaseL1PredSup: 3.4171e-02 | SupportBCE: 3.0150e+00 | SupportWeighted: 0.0000e+00 | BatchLR: 1.000e-03 | Grad: True  | Update: True  | Elapsed: 0:00:00 | ETA: 0:31:12
Epoch[19] Batch[101/3125] | OptTotal: 6.6073e+00 | FTLoss: 6.6073e+00 | AmpL1Full: 2.4822e-02 | PhaseL1PredSup: 2.9376e-02 | SupportBCE: 3.3588e+00 | SupportWeighted: 0.0000e+00 | BatchLR: 1.000e-03 | Grad: True  | Update: True  | Elapsed: 0:00:54 | ETA: 0:27:16
Epoch[19] Batch[201/3125] | OptTotal: 6.0301e+00 | FTLoss: 6.0301e+00 | AmpL1Full: 1.9568e-02 | PhaseL1PredSup: 3.3797e-02 | SupportBCE: 2.9946e+00 | SupportWeighted: 0.0000e+00 | BatchLR: 1.000e-03 | Grad: True  | Update: True  | Elapsed: 0:01:48 | ETA: 0:26:21
Epoch[19] Batch[301/3125] | OptTotal: 6.7278e+00 | FTLoss: 6.7278e+00 | AmpL1Full: 2.3505e-02 | PhaseL1PredSup: 2.2500e-02 | SupportBCE: 3.2447e+00 | SupportWeighted: 0.0000e+00 | BatchLR: 1.000e-03 | Grad: True  | Update: True  | Elapsed: 0:02:42 | ETA: 0:25:26
Epoch[19] Batch[401/3125] | OptTotal: 6.2384e+00 | FTLoss: 6.2384e+00 | AmpL1Full: 2.0093e-02 | PhaseL1PredSup: 2.5674e-02 | SupportBCE: 3.4652e+00 | SupportWeighted: 0.0000e+00 | BatchLR: 1.000e-03 | Grad: True  | Update: True  | Elapsed: 0:03:36 | ETA: 0:24:32
Epoch[19] Batch[501/3125] | OptTotal: 6.3942e+00 | FTLoss: 6.3942e+00 | AmpL1Full: 2.4620e-02 | PhaseL1PredSup: 3.2652e-02 | SupportBCE: 3.3922e+00 | SupportWeighted: 0.0000e+00 | BatchLR: 1.000e-03 | Grad: True  | Update: True  | Elapsed: 0:04:30 | ETA: 0:23:38
Epoch[19] Batch[601/3125] | OptTotal: 6.1646e+00 | FTLoss: 6.1646e+00 | AmpL1Full: 2.2923e-02 | PhaseL1PredSup: 3.2211e-02 | SupportBCE: 3.2972e+00 | SupportWeighted: 0.0000e+00 | BatchLR: 1.000e-03 | Grad: True  | Update: True  | Elapsed: 0:05:24 | ETA: 0:22:44
Epoch[19] Batch[701/3125] | OptTotal: 6.4059e+00 | FTLoss: 6.4059e+00 | AmpL1Full: 2.1133e-02 | PhaseL1PredSup: 2.6780e-02 | SupportBCE: 3.3490e+00 | SupportWeighted: 0.0000e+00 | BatchLR: 1.000e-03 | Grad: True  | Update: True  | Elapsed: 0:06:18 | ETA: 0:21:50
Epoch[19] Batch[801/3125] | OptTotal: 6.0190e+00 | FTLoss: 6.0190e+00 | AmpL1Full: 1.9104e-02 | PhaseL1PredSup: 3.1623e-02 | SupportBCE: 3.0981e+00 | SupportWeighted: 0.0000e+00 | BatchLR: 1.000e-03 | Grad: True  | Update: True  | Elapsed: 0:07:12 | ETA: 0:20:55
Epoch[19] Batch[901/3125] | OptTotal: 6.2285e+00 | FTLoss: 6.2285e+00 | AmpL1Full: 1.9819e-02 | PhaseL1PredSup: 2.4069e-02 | SupportBCE: 3.3242e+00 | SupportWeighted: 0.0000e+00 | BatchLR: 1.000e-03 | Grad: True  | Update: True  | Elapsed: 0:08:06 | ETA: 0:20:01
Epoch[19] Batch[1001/3125] | OptTotal: 7.2729e+00 | FTLoss: 7.2729e+00 | AmpL1Full: 3.2860e-02 | PhaseL1PredSup: 3.4531e-02 | SupportBCE: 3.1143e+00 | SupportWeighted: 0.0000e+00 | BatchLR: 1.000e-03 | Grad: True  | Update: True  | Elapsed: 0:09:00 | ETA: 0:19:07
Epoch[19] Batch[1101/3125] | OptTotal: 5.9367e+00 | FTLoss: 5.9367e+00 | AmpL1Full: 1.8857e-02 | PhaseL1PredSup: 3.1786e-02 | SupportBCE: 3.0255e+00 | SupportWeighted: 0.0000e+00 | BatchLR: 1.000e-03 | Grad: True  | Update: True  | Elapsed: 0:09:54 | ETA: 0:18:13
Epoch[19] Batch[1201/3125] | OptTotal: 5.7172e+00 | FTLoss: 5.7172e+00 | AmpL1Full: 2.1596e-02 | PhaseL1PredSup: 2.7394e-02 | SupportBCE: 3.3592e+00 | SupportWeighted: 0.0000e+00 | BatchLR: 1.000e-03 | Grad: True  | Update: True  | Elapsed: 0:10:49 | ETA: 0:17:19
Epoch[19] Batch[1301/3125] | OptTotal: 6.6226e+00 | FTLoss: 6.6226e+00 | AmpL1Full: 2.3579e-02 | PhaseL1PredSup: 2.8809e-02 | SupportBCE: 2.9439e+00 | SupportWeighted: 0.0000e+00 | BatchLR: 1.000e-03 | Grad: True  | Update: True  | Elapsed: 0:11:43 | ETA: 0:16:25
Epoch[19] Batch[1401/3125] | OptTotal: 6.5253e+00 | FTLoss: 6.5253e+00 | AmpL1Full: 2.3148e-02 | PhaseL1PredSup: 3.2473e-02 | SupportBCE: 3.4088e+00 | SupportWeighted: 0.0000e+00 | BatchLR: 1.000e-03 | Grad: True  | Update: True  | Elapsed: 0:12:37 | ETA: 0:15:31
Epoch[19] Batch[1501/3125] | OptTotal: 6.4181e+00 | FTLoss: 6.4181e+00 | AmpL1Full: 2.3045e-02 | PhaseL1PredSup: 3.2341e-02 | SupportBCE: 3.0983e+00 | SupportWeighted: 0.0000e+00 | BatchLR: 1.000e-03 | Grad: True  | Update: True  | Elapsed: 0:13:31 | ETA: 0:14:37
Epoch[19] Batch[1601/3125] | OptTotal: 5.9124e+00 | FTLoss: 5.9124e+00 | AmpL1Full: 1.6122e-02 | PhaseL1PredSup: 2.5388e-02 | SupportBCE: 3.1657e+00 | SupportWeighted: 0.0000e+00 | BatchLR: 1.000e-03 | Grad: True  | Update: True  | Elapsed: 0:14:25 | ETA: 0:13:43
Epoch[19] Batch[1701/3125] | OptTotal: 6.3484e+00 | FTLoss: 6.3484e+00 | AmpL1Full: 2.0807e-02 | PhaseL1PredSup: 2.6194e-02 | SupportBCE: 3.1270e+00 | SupportWeighted: 0.0000e+00 | BatchLR: 1.000e-03 | Grad: True  | Update: True  | Elapsed: 0:15:19 | ETA: 0:12:49
Epoch[19] Batch[1801/3125] | OptTotal: 6.7052e+00 | FTLoss: 6.7052e+00 | AmpL1Full: 2.3930e-02 | PhaseL1PredSup: 3.0852e-02 | SupportBCE: 3.0565e+00 | SupportWeighted: 0.0000e+00 | BatchLR: 1.000e-03 | Grad: True  | Update: True  | Elapsed: 0:16:13 | ETA: 0:11:55
Epoch[19] Batch[1901/3125] | OptTotal: 6.6453e+00 | FTLoss: 6.6453e+00 | AmpL1Full: 2.3905e-02 | PhaseL1PredSup: 3.1535e-02 | SupportBCE: 3.1648e+00 | SupportWeighted: 0.0000e+00 | BatchLR: 1.000e-03 | Grad: True  | Update: True  | Elapsed: 0:17:07 | ETA: 0:11:01
Epoch[19] Batch[2001/3125] | OptTotal: 6.0615e+00 | FTLoss: 6.0615e+00 | AmpL1Full: 1.9528e-02 | PhaseL1PredSup: 2.5243e-02 | SupportBCE: 3.4365e+00 | SupportWeighted: 0.0000e+00 | BatchLR: 1.000e-03 | Grad: True  | Update: True  | Elapsed: 0:18:01 | ETA: 0:10:07
Epoch[19] Batch[2101/3125] | OptTotal: 5.8725e+00 | FTLoss: 5.8725e+00 | AmpL1Full: 1.8376e-02 | PhaseL1PredSup: 3.0036e-02 | SupportBCE: 3.3412e+00 | SupportWeighted: 0.0000e+00 | BatchLR: 1.000e-03 | Grad: True  | Update: True  | Elapsed: 0:18:55 | ETA: 0:09:13
Epoch[19] Batch[2201/3125] | OptTotal: 5.4672e+00 | FTLoss: 5.4672e+00 | AmpL1Full: 1.5416e-02 | PhaseL1PredSup: 2.3669e-02 | SupportBCE: 3.1793e+00 | SupportWeighted: 0.0000e+00 | BatchLR: 1.000e-03 | Grad: True  | Update: True  | Elapsed: 0:19:49 | ETA: 0:08:19
Epoch[19] Batch[2301/3125] | OptTotal: 6.3736e+00 | FTLoss: 6.3736e+00 | AmpL1Full: 2.2619e-02 | PhaseL1PredSup: 3.1171e-02 | SupportBCE: 3.3042e+00 | SupportWeighted: 0.0000e+00 | BatchLR: 1.000e-03 | Grad: True  | Update: True  | Elapsed: 0:20:43 | ETA: 0:07:25
Epoch[19] Batch[2401/3125] | OptTotal: 6.4659e+00 | FTLoss: 6.4659e+00 | AmpL1Full: 1.8908e-02 | PhaseL1PredSup: 2.4270e-02 | SupportBCE: 3.3471e+00 | SupportWeighted: 0.0000e+00 | BatchLR: 1.000e-03 | Grad: True  | Update: True  | Elapsed: 0:21:37 | ETA: 0:06:31
Epoch[19] Batch[2501/3125] | OptTotal: 6.8062e+00 | FTLoss: 6.8062e+00 | AmpL1Full: 3.1046e-02 | PhaseL1PredSup: 3.8034e-02 | SupportBCE: 3.2424e+00 | SupportWeighted: 0.0000e+00 | BatchLR: 1.000e-03 | Grad: True  | Update: True  | Elapsed: 0:22:31 | ETA: 0:05:37
Epoch[19] Batch[2601/3125] | OptTotal: 6.2033e+00 | FTLoss: 6.2033e+00 | AmpL1Full: 1.9723e-02 | PhaseL1PredSup: 2.8161e-02 | SupportBCE: 3.5207e+00 | SupportWeighted: 0.0000e+00 | BatchLR: 1.000e-03 | Grad: True  | Update: True  | Elapsed: 0:23:25 | ETA: 0:04:43
Epoch[19] Batch[2701/3125] | OptTotal: 6.2600e+00 | FTLoss: 6.2600e+00 | AmpL1Full: 2.1915e-02 | PhaseL1PredSup: 2.9874e-02 | SupportBCE: 3.1097e+00 | SupportWeighted: 0.0000e+00 | BatchLR: 1.000e-03 | Grad: True  | Update: True  | Elapsed: 0:24:19 | ETA: 0:03:49
Epoch[19] Batch[2801/3125] | OptTotal: 6.2911e+00 | FTLoss: 6.2911e+00 | AmpL1Full: 2.0433e-02 | PhaseL1PredSup: 2.9699e-02 | SupportBCE: 3.1049e+00 | SupportWeighted: 0.0000e+00 | BatchLR: 1.000e-03 | Grad: True  | Update: True  | Elapsed: 0:25:13 | ETA: 0:02:55
Epoch[19] Batch[2901/3125] | OptTotal: 6.5425e+00 | FTLoss: 6.5425e+00 | AmpL1Full: 2.1162e-02 | PhaseL1PredSup: 2.9073e-02 | SupportBCE: 3.2523e+00 | SupportWeighted: 0.0000e+00 | BatchLR: 1.000e-03 | Grad: True  | Update: True  | Elapsed: 0:26:07 | ETA: 0:02:01
Epoch[19] Batch[3001/3125] | OptTotal: 5.8073e+00 | FTLoss: 5.8073e+00 | AmpL1Full: 2.1863e-02 | PhaseL1PredSup: 3.5618e-02 | SupportBCE: 3.0037e+00 | SupportWeighted: 0.0000e+00 | BatchLR: 1.000e-03 | Grad: True  | Update: True  | Elapsed: 0:27:01 | ETA: 0:01:07
Epoch[19] Batch[3101/3125] | OptTotal: 6.9048e+00 | FTLoss: 6.9048e+00 | AmpL1Full: 2.6368e-02 | PhaseL1PredSup: 2.9304e-02 | SupportBCE: 3.1482e+00 | SupportWeighted: 0.0000e+00 | BatchLR: 1.000e-03 | Grad: True  | Update: True  | Elapsed: 0:27:55 | ETA: 0:00:12
Epoch[19] Batch[3125/3125] | OptTotal: 5.8945e+00 | FTLoss: 5.8945e+00 | AmpL1Full: 1.9808e-02 | PhaseL1PredSup: 3.0566e-02 | SupportBCE: 3.1746e+00 | SupportWeighted: 0.0000e+00 | BatchLR: 1.000e-03 | Grad: True  | Update: True  | Elapsed: 0:28:08 | ETA: 0:00:00

================================================================================
Epoch 19 complete | total time: 1688.74s | average OptTotal: 6.3782e+00
Average train optimization terms | FTLoss: 6.3782e+00 | SupportWeighted: 0.0000e+00
Average train real-space monitors | AmpL1Full: 2.2818e-02 | PhaseL1PredSup: 3.0595e-02 | SupportBCE: 3.2329e+00
================================================================================

Validation Epoch [19] | Batch [100/625] | OptTotal: 6.6334e+00 | FTLoss: 6.6334e+00 | AmpL1Full: 2.1801e-02 | PhaseL1PredSup: 2.8893e-02 | SupportBCE: 3.1909e+00 | FT_L1: 6.6334e+00 | FT_RelL1: 5.5030e-01 | FT_Chi2: 5.1325e-01 | FT_PearsonCorr: 7.4974e-01
Validation Epoch [19] | Batch [200/625] | OptTotal: 6.2244e+00 | FTLoss: 6.2244e+00 | AmpL1Full: 2.4146e-02 | PhaseL1PredSup: 3.5463e-02 | SupportBCE: 2.8541e+00 | FT_L1: 6.2244e+00 | FT_RelL1: 5.2852e-01 | FT_Chi2: 4.4765e-01 | FT_PearsonCorr: 7.9479e-01
Validation Epoch [19] | Batch [300/625] | OptTotal: 6.4679e+00 | FTLoss: 6.4679e+00 | AmpL1Full: 2.3057e-02 | PhaseL1PredSup: 3.4487e-02 | SupportBCE: 3.4215e+00 | FT_L1: 6.4679e+00 | FT_RelL1: 5.3035e-01 | FT_Chi2: 4.3386e-01 | FT_PearsonCorr: 7.9464e-01
Validation Epoch [19] | Batch [400/625] | OptTotal: 6.0957e+00 | FTLoss: 6.0957e+00 | AmpL1Full: 2.0119e-02 | PhaseL1PredSup: 2.8872e-02 | SupportBCE: 3.4873e+00 | FT_L1: 6.0957e+00 | FT_RelL1: 5.3566e-01 | FT_Chi2: 4.5304e-01 | FT_PearsonCorr: 7.7645e-01
Validation Epoch [19] | Batch [500/625] | OptTotal: 6.8078e+00 | FTLoss: 6.8078e+00 | AmpL1Full: 2.3354e-02 | PhaseL1PredSup: 2.5183e-02 | SupportBCE: 3.4025e+00 | FT_L1: 6.8078e+00 | FT_RelL1: 5.7115e-01 | FT_Chi2: 5.5487e-01 | FT_PearsonCorr: 7.1850e-01
Validation Epoch [19] | Batch [600/625] | OptTotal: 6.0940e+00 | FTLoss: 6.0940e+00 | AmpL1Full: 2.1024e-02 | PhaseL1PredSup: 3.0854e-02 | SupportBCE: 3.1667e+00 | FT_L1: 6.0940e+00 | FT_RelL1: 5.3540e-01 | FT_Chi2: 4.4229e-01 | FT_PearsonCorr: 7.8868e-01
Validation Epoch [19] | Batch [625/625] | OptTotal: 6.2871e+00 | FTLoss: 6.2871e+00 | AmpL1Full: 2.2554e-02 | PhaseL1PredSup: 3.5033e-02 | SupportBCE: 3.0039e+00 | FT_L1: 6.2871e+00 | FT_RelL1: 5.2914e-01 | FT_Chi2: 4.0420e-01 | FT_PearsonCorr: 8.0435e-01

================================================================================
Epoch 19 validation complete
Average validation metrics:
   Optimization: OptTotal=6.3769e+00 | FTLoss=6.3769e+00 | SupportWeighted=0.0000e+00
   Real-space monitors: AmpL1Full=2.2864e-02 | PhaseL1PredSup=3.1658e-02 | SupportBCE=3.1748e+00
   Reciprocal primary: FT_L1=6.3769e+00 | FT_RelL1=5.4101e-01 | FT_Chi2=4.6421e-01 | FT_PearsonCorr=7.7731e-01
   Reciprocal diagnostics: FT_Huber=5.9168e+00 | FT_PearsonLoss=2.2269e-01 | FT_LogRelMSE=1.3246e-01 | FT_Comb=3.4345e-01 | FT_Comb2=4.5134e-01
   Raw-scale diagnostics: FT_VoxelMSE=2.0158e+03 | FT_VoxelRMSE=4.2201e+01
================================================================================

Epoch 19 scheduler lr: 1.000e-03
Epoch[20] Batch[1/3125] | OptTotal: 6.5071e+00 | FTLoss: 6.5071e+00 | AmpL1Full: 2.5113e-02 | PhaseL1PredSup: 3.5436e-02 | SupportBCE: 3.2918e+00 | SupportWeighted: 0.0000e+00 | BatchLR: 1.000e-03 | Grad: True  | Update: True  | Elapsed: 0:00:00 | ETA: 0:30:38
Epoch[20] Batch[101/3125] | OptTotal: 6.5196e+00 | FTLoss: 6.5196e+00 | AmpL1Full: 2.2938e-02 | PhaseL1PredSup: 2.8523e-02 | SupportBCE: 3.3464e+00 | SupportWeighted: 0.0000e+00 | BatchLR: 1.000e-03 | Grad: True  | Update: True  | Elapsed: 0:00:54 | ETA: 0:27:16
Epoch[20] Batch[201/3125] | OptTotal: 6.2929e+00 | FTLoss: 6.2929e+00 | AmpL1Full: 2.0278e-02 | PhaseL1PredSup: 2.7896e-02 | SupportBCE: 3.1604e+00 | SupportWeighted: 0.0000e+00 | BatchLR: 1.000e-03 | Grad: True  | Update: True  | Elapsed: 0:01:48 | ETA: 0:26:21
Epoch[20] Batch[301/3125] | OptTotal: 6.7079e+00 | FTLoss: 6.7079e+00 | AmpL1Full: 2.3477e-02 | PhaseL1PredSup: 3.1765e-02 | SupportBCE: 3.2075e+00 | SupportWeighted: 0.0000e+00 | BatchLR: 1.000e-03 | Grad: True  | Update: True  | Elapsed: 0:02:42 | ETA: 0:25:26
Epoch[20] Batch[401/3125] | OptTotal: 6.4993e+00 | FTLoss: 6.4993e+00 | AmpL1Full: 2.1509e-02 | PhaseL1PredSup: 2.4082e-02 | SupportBCE: 3.4153e+00 | SupportWeighted: 0.0000e+00 | BatchLR: 1.000e-03 | Grad: True  | Update: True  | Elapsed: 0:03:36 | ETA: 0:24:32
Epoch[20] Batch[501/3125] | OptTotal: 6.9807e+00 | FTLoss: 6.9807e+00 | AmpL1Full: 2.6161e-02 | PhaseL1PredSup: 3.1366e-02 | SupportBCE: 3.0709e+00 | SupportWeighted: 0.0000e+00 | BatchLR: 1.000e-03 | Grad: True  | Update: True  | Elapsed: 0:04:30 | ETA: 0:23:38
Epoch[20] Batch[601/3125] | OptTotal: 6.5621e+00 | FTLoss: 6.5621e+00 | AmpL1Full: 2.7478e-02 | PhaseL1PredSup: 3.5921e-02 | SupportBCE: 3.3313e+00 | SupportWeighted: 0.0000e+00 | BatchLR: 1.000e-03 | Grad: True  | Update: True  | Elapsed: 0:05:24 | ETA: 0:22:44
Epoch[20] Batch[701/3125] | OptTotal: 6.3932e+00 | FTLoss: 6.3932e+00 | AmpL1Full: 2.0302e-02 | PhaseL1PredSup: 2.7627e-02 | SupportBCE: 3.4819e+00 | SupportWeighted: 0.0000e+00 | BatchLR: 1.000e-03 | Grad: True  | Update: True  | Elapsed: 0:06:18 | ETA: 0:21:50
Epoch[20] Batch[801/3125] | OptTotal: 6.2397e+00 | FTLoss: 6.2397e+00 | AmpL1Full: 1.7215e-02 | PhaseL1PredSup: 2.5485e-02 | SupportBCE: 3.0794e+00 | SupportWeighted: 0.0000e+00 | BatchLR: 1.000e-03 | Grad: True  | Update: True  | Elapsed: 0:07:12 | ETA: 0:20:56
Epoch[20] Batch[901/3125] | OptTotal: 6.2932e+00 | FTLoss: 6.2932e+00 | AmpL1Full: 2.0849e-02 | PhaseL1PredSup: 2.4107e-02 | SupportBCE: 3.2081e+00 | SupportWeighted: 0.0000e+00 | BatchLR: 1.000e-03 | Grad: True  | Update: True  | Elapsed: 0:08:06 | ETA: 0:20:02
Epoch[20] Batch[1001/3125] | OptTotal: 5.8897e+00 | FTLoss: 5.8897e+00 | AmpL1Full: 1.8382e-02 | PhaseL1PredSup: 3.2042e-02 | SupportBCE: 3.1564e+00 | SupportWeighted: 0.0000e+00 | BatchLR: 1.000e-03 | Grad: True  | Update: True  | Elapsed: 0:09:01 | ETA: 0:19:07
Epoch[20] Batch[1101/3125] | OptTotal: 6.8252e+00 | FTLoss: 6.8252e+00 | AmpL1Full: 2.7534e-02 | PhaseL1PredSup: 2.9768e-02 | SupportBCE: 3.2978e+00 | SupportWeighted: 0.0000e+00 | BatchLR: 1.000e-03 | Grad: True  | Update: True  | Elapsed: 0:09:55 | ETA: 0:18:13
Epoch[20] Batch[1201/3125] | OptTotal: 6.6972e+00 | FTLoss: 6.6972e+00 | AmpL1Full: 2.5066e-02 | PhaseL1PredSup: 2.5920e-02 | SupportBCE: 3.4160e+00 | SupportWeighted: 0.0000e+00 | BatchLR: 1.000e-03 | Grad: True  | Update: True  | Elapsed: 0:10:49 | ETA: 0:17:19
Epoch[20] Batch[1301/3125] | OptTotal: 6.1898e+00 | FTLoss: 6.1898e+00 | AmpL1Full: 1.8437e-02 | PhaseL1PredSup: 2.4540e-02 | SupportBCE: 3.3680e+00 | SupportWeighted: 0.0000e+00 | BatchLR: 1.000e-03 | Grad: True  | Update: True  | Elapsed: 0:11:43 | ETA: 0:16:25
Epoch[20] Batch[1401/3125] | OptTotal: 6.4319e+00 | FTLoss: 6.4319e+00 | AmpL1Full: 2.7970e-02 | PhaseL1PredSup: 4.1411e-02 | SupportBCE: 3.3286e+00 | SupportWeighted: 0.0000e+00 | BatchLR: 1.000e-03 | Grad: True  | Update: True  | Elapsed: 0:12:37 | ETA: 0:15:31
Epoch[20] Batch[1501/3125] | OptTotal: 6.5187e+00 | FTLoss: 6.5187e+00 | AmpL1Full: 1.9741e-02 | PhaseL1PredSup: 2.3945e-02 | SupportBCE: 3.3357e+00 | SupportWeighted: 0.0000e+00 | BatchLR: 1.000e-03 | Grad: True  | Update: True  | Elapsed: 0:13:31 | ETA: 0:14:37
Epoch[20] Batch[1601/3125] | OptTotal: 6.4023e+00 | FTLoss: 6.4023e+00 | AmpL1Full: 2.0266e-02 | PhaseL1PredSup: 2.7342e-02 | SupportBCE: 3.0997e+00 | SupportWeighted: 0.0000e+00 | BatchLR: 1.000e-03 | Grad: True  | Update: True  | Elapsed: 0:14:25 | ETA: 0:13:43
Epoch[20] Batch[1701/3125] | OptTotal: 5.6498e+00 | FTLoss: 5.6498e+00 | AmpL1Full: 1.5349e-02 | PhaseL1PredSup: 2.5893e-02 | SupportBCE: 3.4881e+00 | SupportWeighted: 0.0000e+00 | BatchLR: 1.000e-03 | Grad: True  | Update: True  | Elapsed: 0:15:19 | ETA: 0:12:49
Epoch[20] Batch[1801/3125] | OptTotal: 6.5874e+00 | FTLoss: 6.5874e+00 | AmpL1Full: 2.1064e-02 | PhaseL1PredSup: 2.7536e-02 | SupportBCE: 3.3020e+00 | SupportWeighted: 0.0000e+00 | BatchLR: 1.000e-03 | Grad: True  | Update: True  | Elapsed: 0:16:13 | ETA: 0:11:55
Epoch[20] Batch[1901/3125] | OptTotal: 5.5196e+00 | FTLoss: 5.5196e+00 | AmpL1Full: 1.5844e-02 | PhaseL1PredSup: 2.5373e-02 | SupportBCE: 3.5240e+00 | SupportWeighted: 0.0000e+00 | BatchLR: 1.000e-03 | Grad: True  | Update: True  | Elapsed: 0:17:07 | ETA: 0:11:01
Epoch[20] Batch[2001/3125] | OptTotal: 5.7150e+00 | FTLoss: 5.7150e+00 | AmpL1Full: 2.0557e-02 | PhaseL1PredSup: 3.4356e-02 | SupportBCE: 3.1277e+00 | SupportWeighted: 0.0000e+00 | BatchLR: 1.000e-03 | Grad: True  | Update: True  | Elapsed: 0:18:01 | ETA: 0:10:07
Epoch[20] Batch[2101/3125] | OptTotal: 6.8552e+00 | FTLoss: 6.8552e+00 | AmpL1Full: 2.4827e-02 | PhaseL1PredSup: 2.9160e-02 | SupportBCE: 3.3375e+00 | SupportWeighted: 0.0000e+00 | BatchLR: 1.000e-03 | Grad: True  | Update: True  | Elapsed: 0:18:55 | ETA: 0:09:13
Epoch[20] Batch[2201/3125] | OptTotal: 6.4218e+00 | FTLoss: 6.4218e+00 | AmpL1Full: 2.1373e-02 | PhaseL1PredSup: 2.5031e-02 | SupportBCE: 3.4515e+00 | SupportWeighted: 0.0000e+00 | BatchLR: 1.000e-03 | Grad: True  | Update: True  | Elapsed: 0:19:49 | ETA: 0:08:19
Epoch[20] Batch[2301/3125] | OptTotal: 6.5676e+00 | FTLoss: 6.5676e+00 | AmpL1Full: 2.2639e-02 | PhaseL1PredSup: 3.0634e-02 | SupportBCE: 3.0431e+00 | SupportWeighted: 0.0000e+00 | BatchLR: 1.000e-03 | Grad: True  | Update: True  | Elapsed: 0:20:43 | ETA: 0:07:25
Epoch[20] Batch[2401/3125] | OptTotal: 6.1778e+00 | FTLoss: 6.1778e+00 | AmpL1Full: 2.4701e-02 | PhaseL1PredSup: 3.9022e-02 | SupportBCE: 3.0678e+00 | SupportWeighted: 0.0000e+00 | BatchLR: 1.000e-03 | Grad: True  | Update: True  | Elapsed: 0:21:37 | ETA: 0:06:31
Epoch[20] Batch[2501/3125] | OptTotal: 6.2969e+00 | FTLoss: 6.2969e+00 | AmpL1Full: 2.5249e-02 | PhaseL1PredSup: 3.1522e-02 | SupportBCE: 3.0025e+00 | SupportWeighted: 0.0000e+00 | BatchLR: 1.000e-03 | Grad: True  | Update: True  | Elapsed: 0:22:31 | ETA: 0:05:37
Epoch[20] Batch[2601/3125] | OptTotal: 6.4806e+00 | FTLoss: 6.4806e+00 | AmpL1Full: 2.2886e-02 | PhaseL1PredSup: 3.0678e-02 | SupportBCE: 3.0670e+00 | SupportWeighted: 0.0000e+00 | BatchLR: 1.000e-03 | Grad: True  | Update: True  | Elapsed: 0:23:25 | ETA: 0:04:43
Epoch[20] Batch[2701/3125] | OptTotal: 6.2411e+00 | FTLoss: 6.2411e+00 | AmpL1Full: 1.8556e-02 | PhaseL1PredSup: 2.4273e-02 | SupportBCE: 3.1311e+00 | SupportWeighted: 0.0000e+00 | BatchLR: 1.000e-03 | Grad: True  | Update: True  | Elapsed: 0:24:19 | ETA: 0:03:49
Epoch[20] Batch[2801/3125] | OptTotal: 6.8971e+00 | FTLoss: 6.8971e+00 | AmpL1Full: 2.6804e-02 | PhaseL1PredSup: 3.3050e-02 | SupportBCE: 2.9745e+00 | SupportWeighted: 0.0000e+00 | BatchLR: 1.000e-03 | Grad: True  | Update: True  | Elapsed: 0:25:13 | ETA: 0:02:55
Epoch[20] Batch[2901/3125] | OptTotal: 6.2070e+00 | FTLoss: 6.2070e+00 | AmpL1Full: 2.5766e-02 | PhaseL1PredSup: 3.6164e-02 | SupportBCE: 3.0326e+00 | SupportWeighted: 0.0000e+00 | BatchLR: 1.000e-03 | Grad: True  | Update: True  | Elapsed: 0:26:07 | ETA: 0:02:01
Epoch[20] Batch[3001/3125] | OptTotal: 6.4105e+00 | FTLoss: 6.4105e+00 | AmpL1Full: 2.2710e-02 | PhaseL1PredSup: 2.5588e-02 | SupportBCE: 3.2884e+00 | SupportWeighted: 0.0000e+00 | BatchLR: 1.000e-03 | Grad: True  | Update: True  | Elapsed: 0:27:01 | ETA: 0:01:07
Epoch[20] Batch[3101/3125] | OptTotal: 6.0466e+00 | FTLoss: 6.0466e+00 | AmpL1Full: 1.8875e-02 | PhaseL1PredSup: 2.5953e-02 | SupportBCE: 3.4497e+00 | SupportWeighted: 0.0000e+00 | BatchLR: 1.000e-03 | Grad: True  | Update: True  | Elapsed: 0:27:55 | ETA: 0:00:12
Epoch[20] Batch[3125/3125] | OptTotal: 6.8143e+00 | FTLoss: 6.8143e+00 | AmpL1Full: 2.4018e-02 | PhaseL1PredSup: 2.4714e-02 | SupportBCE: 3.0946e+00 | SupportWeighted: 0.0000e+00 | BatchLR: 1.000e-03 | Grad: True  | Update: True  | Elapsed: 0:28:08 | ETA: 0:00:00

================================================================================
Epoch 20 complete | total time: 1688.79s | average OptTotal: 6.3730e+00
Average train optimization terms | FTLoss: 6.3730e+00 | SupportWeighted: 0.0000e+00
Average train real-space monitors | AmpL1Full: 2.2795e-02 | PhaseL1PredSup: 3.0589e-02 | SupportBCE: 3.2223e+00
================================================================================

Validation Epoch [20] | Batch [100/625] | OptTotal: 6.6553e+00 | FTLoss: 6.6553e+00 | AmpL1Full: 2.1480e-02 | PhaseL1PredSup: 2.6426e-02 | SupportBCE: 3.2896e+00 | FT_L1: 6.6553e+00 | FT_RelL1: 5.5208e-01 | FT_Chi2: 5.3780e-01 | FT_PearsonCorr: 7.3951e-01
Validation Epoch [20] | Batch [200/625] | OptTotal: 6.2737e+00 | FTLoss: 6.2737e+00 | AmpL1Full: 2.3973e-02 | PhaseL1PredSup: 3.2375e-02 | SupportBCE: 3.0104e+00 | FT_L1: 6.2737e+00 | FT_RelL1: 5.3286e-01 | FT_Chi2: 4.7139e-01 | FT_PearsonCorr: 7.8673e-01
Validation Epoch [20] | Batch [300/625] | OptTotal: 6.5016e+00 | FTLoss: 6.5016e+00 | AmpL1Full: 2.2487e-02 | PhaseL1PredSup: 3.1596e-02 | SupportBCE: 3.4832e+00 | FT_L1: 6.5016e+00 | FT_RelL1: 5.3318e-01 | FT_Chi2: 4.5626e-01 | FT_PearsonCorr: 7.8846e-01
Validation Epoch [20] | Batch [400/625] | OptTotal: 6.1255e+00 | FTLoss: 6.1255e+00 | AmpL1Full: 1.9810e-02 | PhaseL1PredSup: 2.7318e-02 | SupportBCE: 3.5956e+00 | FT_L1: 6.1255e+00 | FT_RelL1: 5.3828e-01 | FT_Chi2: 4.6833e-01 | FT_PearsonCorr: 7.6922e-01
Validation Epoch [20] | Batch [500/625] | OptTotal: 6.8515e+00 | FTLoss: 6.8515e+00 | AmpL1Full: 2.3135e-02 | PhaseL1PredSup: 2.2869e-02 | SupportBCE: 3.5220e+00 | FT_L1: 6.8515e+00 | FT_RelL1: 5.7478e-01 | FT_Chi2: 5.7111e-01 | FT_PearsonCorr: 7.1571e-01
Validation Epoch [20] | Batch [600/625] | OptTotal: 6.1241e+00 | FTLoss: 6.1241e+00 | AmpL1Full: 2.0671e-02 | PhaseL1PredSup: 2.7709e-02 | SupportBCE: 3.2704e+00 | FT_L1: 6.1241e+00 | FT_RelL1: 5.3830e-01 | FT_Chi2: 4.6416e-01 | FT_PearsonCorr: 7.8183e-01
Validation Epoch [20] | Batch [625/625] | OptTotal: 6.2976e+00 | FTLoss: 6.2976e+00 | AmpL1Full: 2.2486e-02 | PhaseL1PredSup: 3.3121e-02 | SupportBCE: 3.0572e+00 | FT_L1: 6.2976e+00 | FT_RelL1: 5.3001e-01 | FT_Chi2: 4.1326e-01 | FT_PearsonCorr: 8.0076e-01

================================================================================
Epoch 20 validation complete
Average validation metrics:
   Optimization: OptTotal=6.4147e+00 | FTLoss=6.4147e+00 | SupportWeighted=0.0000e+00
   Real-space monitors: AmpL1Full=2.2588e-02 | PhaseL1PredSup=2.9076e-02 | SupportBCE=3.2724e+00
   Reciprocal primary: FT_L1=6.4147e+00 | FT_RelL1=5.4431e-01 | FT_Chi2=4.8494e-01 | FT_PearsonCorr=7.6990e-01
   Reciprocal diagnostics: FT_Huber=5.9541e+00 | FT_PearsonLoss=2.3010e-01 | FT_LogRelMSE=1.3157e-01 | FT_Comb=3.5752e-01 | FT_Comb2=4.6263e-01
   Raw-scale diagnostics: FT_VoxelMSE=2.0921e+03 | FT_VoxelRMSE=4.3151e+01
================================================================================

Epoch 20 scheduler lr: 1.000e-03
checkpoint saved!
Epoch[21] Batch[1/3125] | OptTotal: 6.8397e+00 | FTLoss: 6.8397e+00 | AmpL1Full: 2.7395e-02 | PhaseL1PredSup: 2.8423e-02 | SupportBCE: 3.1953e+00 | SupportWeighted: 0.0000e+00 | BatchLR: 1.000e-03 | Grad: True  | Update: True  | Elapsed: 0:00:00 | ETA: 0:30:18
Epoch[21] Batch[101/3125] | OptTotal: 5.5933e+00 | FTLoss: 5.5933e+00 | AmpL1Full: 1.8276e-02 | PhaseL1PredSup: 3.1402e-02 | SupportBCE: 3.4604e+00 | SupportWeighted: 0.0000e+00 | BatchLR: 1.000e-03 | Grad: True  | Update: True  | Elapsed: 0:00:54 | ETA: 0:27:15
Epoch[21] Batch[201/3125] | OptTotal: 6.2468e+00 | FTLoss: 6.2468e+00 | AmpL1Full: 2.1207e-02 | PhaseL1PredSup: 3.2130e-02 | SupportBCE: 3.0723e+00 | SupportWeighted: 0.0000e+00 | BatchLR: 1.000e-03 | Grad: True  | Update: True  | Elapsed: 0:01:48 | ETA: 0:26:20
Epoch[21] Batch[301/3125] | OptTotal: 6.4849e+00 | FTLoss: 6.4849e+00 | AmpL1Full: 2.2096e-02 | PhaseL1PredSup: 2.9522e-02 | SupportBCE: 3.4087e+00 | SupportWeighted: 0.0000e+00 | BatchLR: 1.000e-03 | Grad: True  | Update: True  | Elapsed: 0:02:42 | ETA: 0:25:26
Epoch[21] Batch[401/3125] | OptTotal: 6.7138e+00 | FTLoss: 6.7138e+00 | AmpL1Full: 2.0143e-02 | PhaseL1PredSup: 2.3042e-02 | SupportBCE: 3.4004e+00 | SupportWeighted: 0.0000e+00 | BatchLR: 1.000e-03 | Grad: True  | Update: True  | Elapsed: 0:03:36 | ETA: 0:24:32
Epoch[21] Batch[501/3125] | OptTotal: 6.3622e+00 | FTLoss: 6.3622e+00 | AmpL1Full: 1.9906e-02 | PhaseL1PredSup: 2.2276e-02 | SupportBCE: 3.3370e+00 | SupportWeighted: 0.0000e+00 | BatchLR: 1.000e-03 | Grad: True  | Update: True  | Elapsed: 0:04:30 | ETA: 0:23:38
Epoch[21] Batch[601/3125] | OptTotal: 6.5397e+00 | FTLoss: 6.5397e+00 | AmpL1Full: 2.1251e-02 | PhaseL1PredSup: 2.5224e-02 | SupportBCE: 3.2026e+00 | SupportWeighted: 0.0000e+00 | BatchLR: 1.000e-03 | Grad: True  | Update: True  | Elapsed: 0:05:24 | ETA: 0:22:44
Epoch[21] Batch[701/3125] | OptTotal: 6.6195e+00 | FTLoss: 6.6195e+00 | AmpL1Full: 2.2712e-02 | PhaseL1PredSup: 2.6234e-02 | SupportBCE: 3.1287e+00 | SupportWeighted: 0.0000e+00 | BatchLR: 1.000e-03 | Grad: True  | Update: True  | Elapsed: 0:06:18 | ETA: 0:21:49
Epoch[21] Batch[801/3125] | OptTotal: 6.3532e+00 | FTLoss: 6.3532e+00 | AmpL1Full: 1.9232e-02 | PhaseL1PredSup: 3.0468e-02 | SupportBCE: 3.0244e+00 | SupportWeighted: 0.0000e+00 | BatchLR: 1.000e-03 | Grad: True  | Update: True  | Elapsed: 0:07:12 | ETA: 0:20:55
Epoch[21] Batch[901/3125] | OptTotal: 6.5637e+00 | FTLoss: 6.5637e+00 | AmpL1Full: 2.5523e-02 | PhaseL1PredSup: 3.9776e-02 | SupportBCE: 2.8215e+00 | SupportWeighted: 0.0000e+00 | BatchLR: 1.000e-03 | Grad: True  | Update: True  | Elapsed: 0:08:06 | ETA: 0:20:01
Epoch[21] Batch[1001/3125] | OptTotal: 6.3628e+00 | FTLoss: 6.3628e+00 | AmpL1Full: 2.7823e-02 | PhaseL1PredSup: 3.9305e-02 | SupportBCE: 2.9010e+00 | SupportWeighted: 0.0000e+00 | BatchLR: 1.000e-03 | Grad: True  | Update: True  | Elapsed: 0:09:00 | ETA: 0:19:07
Epoch[21] Batch[1101/3125] | OptTotal: 6.6497e+00 | FTLoss: 6.6497e+00 | AmpL1Full: 2.5401e-02 | PhaseL1PredSup: 3.2571e-02 | SupportBCE: 2.9118e+00 | SupportWeighted: 0.0000e+00 | BatchLR: 1.000e-03 | Grad: True  | Update: True  | Elapsed: 0:09:54 | ETA: 0:18:13
Epoch[21] Batch[1201/3125] | OptTotal: 6.2919e+00 | FTLoss: 6.2919e+00 | AmpL1Full: 1.9779e-02 | PhaseL1PredSup: 2.8579e-02 | SupportBCE: 3.3787e+00 | SupportWeighted: 0.0000e+00 | BatchLR: 1.000e-03 | Grad: True  | Update: True  | Elapsed: 0:10:49 | ETA: 0:17:19
Epoch[21] Batch[1301/3125] | OptTotal: 6.6318e+00 | FTLoss: 6.6318e+00 | AmpL1Full: 2.2374e-02 | PhaseL1PredSup: 2.8346e-02 | SupportBCE: 3.4202e+00 | SupportWeighted: 0.0000e+00 | BatchLR: 1.000e-03 | Grad: True  | Update: True  | Elapsed: 0:11:43 | ETA: 0:16:25
Epoch[21] Batch[1401/3125] | OptTotal: 5.7851e+00 | FTLoss: 5.7851e+00 | AmpL1Full: 1.5773e-02 | PhaseL1PredSup: 2.1291e-02 | SupportBCE: 3.2533e+00 | SupportWeighted: 0.0000e+00 | BatchLR: 1.000e-03 | Grad: True  | Update: True  | Elapsed: 0:12:37 | ETA: 0:15:31
Epoch[21] Batch[1501/3125] | OptTotal: 6.3905e+00 | FTLoss: 6.3905e+00 | AmpL1Full: 2.1859e-02 | PhaseL1PredSup: 2.7235e-02 | SupportBCE: 3.3339e+00 | SupportWeighted: 0.0000e+00 | BatchLR: 1.000e-03 | Grad: True  | Update: True  | Elapsed: 0:13:31 | ETA: 0:14:37
Epoch[21] Batch[1601/3125] | OptTotal: 5.6620e+00 | FTLoss: 5.6620e+00 | AmpL1Full: 1.9544e-02 | PhaseL1PredSup: 2.8981e-02 | SupportBCE: 3.3855e+00 | SupportWeighted: 0.0000e+00 | BatchLR: 1.000e-03 | Grad: True  | Update: True  | Elapsed: 0:14:25 | ETA: 0:13:43
Epoch[21] Batch[1701/3125] | OptTotal: 6.6217e+00 | FTLoss: 6.6217e+00 | AmpL1Full: 2.6711e-02 | PhaseL1PredSup: 3.9134e-02 | SupportBCE: 3.3689e+00 | SupportWeighted: 0.0000e+00 | BatchLR: 1.000e-03 | Grad: True  | Update: True  | Elapsed: 0:15:19 | ETA: 0:12:49
Epoch[21] Batch[1801/3125] | OptTotal: 6.4689e+00 | FTLoss: 6.4689e+00 | AmpL1Full: 2.1720e-02 | PhaseL1PredSup: 2.6413e-02 | SupportBCE: 3.3943e+00 | SupportWeighted: 0.0000e+00 | BatchLR: 1.000e-03 | Grad: True  | Update: True  | Elapsed: 0:16:13 | ETA: 0:11:55
Epoch[21] Batch[1901/3125] | OptTotal: 6.6574e+00 | FTLoss: 6.6574e+00 | AmpL1Full: 2.2582e-02 | PhaseL1PredSup: 2.5713e-02 | SupportBCE: 3.2110e+00 | SupportWeighted: 0.0000e+00 | BatchLR: 1.000e-03 | Grad: True  | Update: True  | Elapsed: 0:17:07 | ETA: 0:11:01
Epoch[21] Batch[2001/3125] | OptTotal: 6.3774e+00 | FTLoss: 6.3774e+00 | AmpL1Full: 2.4468e-02 | PhaseL1PredSup: 3.2202e-02 | SupportBCE: 3.2883e+00 | SupportWeighted: 0.0000e+00 | BatchLR: 1.000e-03 | Grad: True  | Update: True  | Elapsed: 0:18:01 | ETA: 0:10:07
Epoch[21] Batch[2101/3125] | OptTotal: 6.3606e+00 | FTLoss: 6.3606e+00 | AmpL1Full: 2.5709e-02 | PhaseL1PredSup: 3.6863e-02 | SupportBCE: 3.0315e+00 | SupportWeighted: 0.0000e+00 | BatchLR: 1.000e-03 | Grad: True  | Update: True  | Elapsed: 0:18:55 | ETA: 0:09:13
Epoch[21] Batch[2201/3125] | OptTotal: 6.6440e+00 | FTLoss: 6.6440e+00 | AmpL1Full: 2.3879e-02 | PhaseL1PredSup: 2.6139e-02 | SupportBCE: 3.4790e+00 | SupportWeighted: 0.0000e+00 | BatchLR: 1.000e-03 | Grad: True  | Update: True  | Elapsed: 0:19:49 | ETA: 0:08:19
Epoch[21] Batch[2301/3125] | OptTotal: 6.1259e+00 | FTLoss: 6.1259e+00 | AmpL1Full: 1.9554e-02 | PhaseL1PredSup: 2.8599e-02 | SupportBCE: 3.5371e+00 | SupportWeighted: 0.0000e+00 | BatchLR: 1.000e-03 | Grad: True  | Update: True  | Elapsed: 0:20:43 | ETA: 0:07:25
Epoch[21] Batch[2401/3125] | OptTotal: 6.6402e+00 | FTLoss: 6.6402e+00 | AmpL1Full: 2.6422e-02 | PhaseL1PredSup: 3.2199e-02 | SupportBCE: 3.2022e+00 | SupportWeighted: 0.0000e+00 | BatchLR: 1.000e-03 | Grad: True  | Update: True  | Elapsed: 0:21:37 | ETA: 0:06:31
Epoch[21] Batch[2501/3125] | OptTotal: 6.3000e+00 | FTLoss: 6.3000e+00 | AmpL1Full: 2.6156e-02 | PhaseL1PredSup: 3.9719e-02 | SupportBCE: 3.3279e+00 | SupportWeighted: 0.0000e+00 | BatchLR: 1.000e-03 | Grad: True  | Update: True  | Elapsed: 0:22:31 | ETA: 0:05:37
Epoch[21] Batch[2601/3125] | OptTotal: 6.1829e+00 | FTLoss: 6.1829e+00 | AmpL1Full: 1.9415e-02 | PhaseL1PredSup: 2.8859e-02 | SupportBCE: 3.1782e+00 | SupportWeighted: 0.0000e+00 | BatchLR: 1.000e-03 | Grad: True  | Update: True  | Elapsed: 0:23:25 | ETA: 0:04:43
Epoch[21] Batch[2701/3125] | OptTotal: 6.7731e+00 | FTLoss: 6.7731e+00 | AmpL1Full: 2.5717e-02 | PhaseL1PredSup: 3.1284e-02 | SupportBCE: 3.3979e+00 | SupportWeighted: 0.0000e+00 | BatchLR: 1.000e-03 | Grad: True  | Update: True  | Elapsed: 0:24:19 | ETA: 0:03:49
Epoch[21] Batch[2801/3125] | OptTotal: 6.3167e+00 | FTLoss: 6.3167e+00 | AmpL1Full: 2.6701e-02 | PhaseL1PredSup: 4.0325e-02 | SupportBCE: 3.1033e+00 | SupportWeighted: 0.0000e+00 | BatchLR: 1.000e-03 | Grad: True  | Update: True  | Elapsed: 0:25:13 | ETA: 0:02:55
Epoch[21] Batch[2901/3125] | OptTotal: 6.4021e+00 | FTLoss: 6.4021e+00 | AmpL1Full: 2.2809e-02 | PhaseL1PredSup: 3.4891e-02 | SupportBCE: 3.0126e+00 | SupportWeighted: 0.0000e+00 | BatchLR: 1.000e-03 | Grad: True  | Update: True  | Elapsed: 0:26:07 | ETA: 0:02:01
Epoch[21] Batch[3001/3125] | OptTotal: 5.4446e+00 | FTLoss: 5.4446e+00 | AmpL1Full: 1.4403e-02 | PhaseL1PredSup: 2.7535e-02 | SupportBCE: 3.1695e+00 | SupportWeighted: 0.0000e+00 | BatchLR: 1.000e-03 | Grad: True  | Update: True  | Elapsed: 0:27:01 | ETA: 0:01:07
Epoch[21] Batch[3101/3125] | OptTotal: 6.1390e+00 | FTLoss: 6.1390e+00 | AmpL1Full: 2.0069e-02 | PhaseL1PredSup: 3.3162e-02 | SupportBCE: 3.1095e+00 | SupportWeighted: 0.0000e+00 | BatchLR: 1.000e-03 | Grad: True  | Update: True  | Elapsed: 0:27:55 | ETA: 0:00:12
Epoch[21] Batch[3125/3125] | OptTotal: 6.3053e+00 | FTLoss: 6.3053e+00 | AmpL1Full: 2.3822e-02 | PhaseL1PredSup: 3.3251e-02 | SupportBCE: 3.0348e+00 | SupportWeighted: 0.0000e+00 | BatchLR: 1.000e-03 | Grad: True  | Update: True  | Elapsed: 0:28:08 | ETA: 0:00:00

================================================================================
Epoch 21 complete | total time: 1688.69s | average OptTotal: 6.3689e+00
Average train optimization terms | FTLoss: 6.3689e+00 | SupportWeighted: 0.0000e+00
Average train real-space monitors | AmpL1Full: 2.2773e-02 | PhaseL1PredSup: 3.0597e-02 | SupportBCE: 3.2328e+00
================================================================================

Validation Epoch [21] | Batch [100/625] | OptTotal: 6.6061e+00 | FTLoss: 6.6061e+00 | AmpL1Full: 2.2240e-02 | PhaseL1PredSup: 3.0651e-02 | SupportBCE: 3.2156e+00 | FT_L1: 6.6061e+00 | FT_RelL1: 5.4792e-01 | FT_Chi2: 4.9149e-01 | FT_PearsonCorr: 7.5501e-01
Validation Epoch [21] | Batch [200/625] | OptTotal: 6.2429e+00 | FTLoss: 6.2429e+00 | AmpL1Full: 2.4331e-02 | PhaseL1PredSup: 3.5074e-02 | SupportBCE: 2.9006e+00 | FT_L1: 6.2429e+00 | FT_RelL1: 5.3008e-01 | FT_Chi2: 4.4057e-01 | FT_PearsonCorr: 7.9986e-01
Validation Epoch [21] | Batch [300/625] | OptTotal: 6.4400e+00 | FTLoss: 6.4400e+00 | AmpL1Full: 2.3460e-02 | PhaseL1PredSup: 3.6001e-02 | SupportBCE: 3.4362e+00 | FT_L1: 6.4400e+00 | FT_RelL1: 5.2829e-01 | FT_Chi2: 4.1202e-01 | FT_PearsonCorr: 8.0251e-01
Validation Epoch [21] | Batch [400/625] | OptTotal: 6.0746e+00 | FTLoss: 6.0746e+00 | AmpL1Full: 2.0464e-02 | PhaseL1PredSup: 3.0497e-02 | SupportBCE: 3.5655e+00 | FT_L1: 6.0746e+00 | FT_RelL1: 5.3379e-01 | FT_Chi2: 4.3122e-01 | FT_PearsonCorr: 7.8452e-01
Validation Epoch [21] | Batch [500/625] | OptTotal: 6.7743e+00 | FTLoss: 6.7743e+00 | AmpL1Full: 2.3793e-02 | PhaseL1PredSup: 2.6283e-02 | SupportBCE: 3.4894e+00 | FT_L1: 6.7743e+00 | FT_RelL1: 5.6829e-01 | FT_Chi2: 5.3299e-01 | FT_PearsonCorr: 7.2683e-01
Validation Epoch [21] | Batch [600/625] | OptTotal: 6.0832e+00 | FTLoss: 6.0832e+00 | AmpL1Full: 2.1204e-02 | PhaseL1PredSup: 3.1477e-02 | SupportBCE: 3.1665e+00 | FT_L1: 6.0832e+00 | FT_RelL1: 5.3443e-01 | FT_Chi2: 4.2385e-01 | FT_PearsonCorr: 7.9557e-01
Validation Epoch [21] | Batch [625/625] | OptTotal: 6.2657e+00 | FTLoss: 6.2657e+00 | AmpL1Full: 2.2817e-02 | PhaseL1PredSup: 3.5709e-02 | SupportBCE: 3.0641e+00 | FT_L1: 6.2657e+00 | FT_RelL1: 5.2708e-01 | FT_Chi2: 3.9167e-01 | FT_PearsonCorr: 8.0843e-01

================================================================================
Epoch 21 validation complete
Average validation metrics:
   Optimization: OptTotal=6.3582e+00 | FTLoss=6.3582e+00 | SupportWeighted=0.0000e+00
   Real-space monitors: AmpL1Full=2.3208e-02 | PhaseL1PredSup=3.2847e-02 | SupportBCE=3.2087e+00
   Reciprocal primary: FT_L1=6.3582e+00 | FT_RelL1=5.3941e-01 | FT_Chi2=4.4479e-01 | FT_PearsonCorr=7.8420e-01
   Reciprocal diagnostics: FT_Huber=5.8976e+00 | FT_PearsonLoss=2.1580e-01 | FT_LogRelMSE=1.3145e-01 | FT_Comb=3.3030e-01 | FT_Comb2=4.4068e-01
   Raw-scale diagnostics: FT_VoxelMSE=1.9409e+03 | FT_VoxelRMSE=4.1331e+01
================================================================================

Epoch 21 scheduler lr: 1.000e-03
Epoch[22] Batch[1/3125] | OptTotal: 6.3853e+00 | FTLoss: 6.3853e+00 | AmpL1Full: 2.6135e-02 | PhaseL1PredSup: 3.2901e-02 | SupportBCE: 3.2372e+00 | SupportWeighted: 0.0000e+00 | BatchLR: 1.000e-03 | Grad: True  | Update: True  | Elapsed: 0:00:00 | ETA: 0:31:16
Epoch[22] Batch[101/3125] | OptTotal: 6.5915e+00 | FTLoss: 6.5915e+00 | AmpL1Full: 2.1972e-02 | PhaseL1PredSup: 2.8140e-02 | SupportBCE: 3.5637e+00 | SupportWeighted: 0.0000e+00 | BatchLR: 1.000e-03 | Grad: True  | Update: True  | Elapsed: 0:00:54 | ETA: 0:27:16
Epoch[22] Batch[201/3125] | OptTotal: 5.9614e+00 | FTLoss: 5.9614e+00 | AmpL1Full: 2.0599e-02 | PhaseL1PredSup: 2.9865e-02 | SupportBCE: 3.4608e+00 | SupportWeighted: 0.0000e+00 | BatchLR: 1.000e-03 | Grad: True  | Update: True  | Elapsed: 0:01:48 | ETA: 0:26:21
Epoch[22] Batch[301/3125] | OptTotal: 6.1872e+00 | FTLoss: 6.1872e+00 | AmpL1Full: 2.1111e-02 | PhaseL1PredSup: 2.8387e-02 | SupportBCE: 3.1553e+00 | SupportWeighted: 0.0000e+00 | BatchLR: 1.000e-03 | Grad: True  | Update: True  | Elapsed: 0:02:42 | ETA: 0:25:26
Epoch[22] Batch[401/3125] | OptTotal: 6.4878e+00 | FTLoss: 6.4878e+00 | AmpL1Full: 2.2366e-02 | PhaseL1PredSup: 2.9143e-02 | SupportBCE: 3.1539e+00 | SupportWeighted: 0.0000e+00 | BatchLR: 1.000e-03 | Grad: True  | Update: True  | Elapsed: 0:03:36 | ETA: 0:24:32
Epoch[22] Batch[501/3125] | OptTotal: 6.1471e+00 | FTLoss: 6.1471e+00 | AmpL1Full: 2.4240e-02 | PhaseL1PredSup: 3.3292e-02 | SupportBCE: 3.1914e+00 | SupportWeighted: 0.0000e+00 | BatchLR: 1.000e-03 | Grad: True  | Update: True  | Elapsed: 0:04:30 | ETA: 0:23:38
Epoch[22] Batch[601/3125] | OptTotal: 7.0626e+00 | FTLoss: 7.0626e+00 | AmpL1Full: 2.4040e-02 | PhaseL1PredSup: 2.7883e-02 | SupportBCE: 3.1900e+00 | SupportWeighted: 0.0000e+00 | BatchLR: 1.000e-03 | Grad: True  | Update: True  | Elapsed: 0:05:24 | ETA: 0:22:44
Epoch[22] Batch[701/3125] | OptTotal: 5.8742e+00 | FTLoss: 5.8742e+00 | AmpL1Full: 1.9415e-02 | PhaseL1PredSup: 3.0417e-02 | SupportBCE: 3.1532e+00 | SupportWeighted: 0.0000e+00 | BatchLR: 1.000e-03 | Grad: True  | Update: True  | Elapsed: 0:06:18 | ETA: 0:21:50
Epoch[22] Batch[801/3125] | OptTotal: 6.0227e+00 | FTLoss: 6.0227e+00 | AmpL1Full: 1.7553e-02 | PhaseL1PredSup: 2.4010e-02 | SupportBCE: 3.3746e+00 | SupportWeighted: 0.0000e+00 | BatchLR: 1.000e-03 | Grad: True  | Update: True  | Elapsed: 0:07:12 | ETA: 0:20:56
Epoch[22] Batch[901/3125] | OptTotal: 6.1483e+00 | FTLoss: 6.1483e+00 | AmpL1Full: 2.0766e-02 | PhaseL1PredSup: 3.1926e-02 | SupportBCE: 2.9478e+00 | SupportWeighted: 0.0000e+00 | BatchLR: 1.000e-03 | Grad: True  | Update: True  | Elapsed: 0:08:06 | ETA: 0:20:01
Epoch[22] Batch[1001/3125] | OptTotal: 6.7149e+00 | FTLoss: 6.7149e+00 | AmpL1Full: 2.6656e-02 | PhaseL1PredSup: 3.6938e-02 | SupportBCE: 2.9878e+00 | SupportWeighted: 0.0000e+00 | BatchLR: 1.000e-03 | Grad: True  | Update: True  | Elapsed: 0:09:00 | ETA: 0:19:07
Epoch[22] Batch[1101/3125] | OptTotal: 6.5384e+00 | FTLoss: 6.5384e+00 | AmpL1Full: 2.3744e-02 | PhaseL1PredSup: 3.6392e-02 | SupportBCE: 2.9900e+00 | SupportWeighted: 0.0000e+00 | BatchLR: 1.000e-03 | Grad: True  | Update: True  | Elapsed: 0:09:55 | ETA: 0:18:13
Epoch[22] Batch[1201/3125] | OptTotal: 5.8111e+00 | FTLoss: 5.8111e+00 | AmpL1Full: 1.6891e-02 | PhaseL1PredSup: 2.7024e-02 | SupportBCE: 3.1323e+00 | SupportWeighted: 0.0000e+00 | BatchLR: 1.000e-03 | Grad: True  | Update: True  | Elapsed: 0:10:49 | ETA: 0:17:19
Epoch[22] Batch[1301/3125] | OptTotal: 6.3381e+00 | FTLoss: 6.3381e+00 | AmpL1Full: 2.5539e-02 | PhaseL1PredSup: 3.6551e-02 | SupportBCE: 3.1275e+00 | SupportWeighted: 0.0000e+00 | BatchLR: 1.000e-03 | Grad: True  | Update: True  | Elapsed: 0:11:43 | ETA: 0:16:25
Epoch[22] Batch[1401/3125] | OptTotal: 6.2755e+00 | FTLoss: 6.2755e+00 | AmpL1Full: 2.2954e-02 | PhaseL1PredSup: 3.2499e-02 | SupportBCE: 3.3820e+00 | SupportWeighted: 0.0000e+00 | BatchLR: 1.000e-03 | Grad: True  | Update: True  | Elapsed: 0:12:37 | ETA: 0:15:31
Epoch[22] Batch[1501/3125] | OptTotal: 6.3612e+00 | FTLoss: 6.3612e+00 | AmpL1Full: 2.4477e-02 | PhaseL1PredSup: 3.2620e-02 | SupportBCE: 2.9981e+00 | SupportWeighted: 0.0000e+00 | BatchLR: 1.000e-03 | Grad: True  | Update: True  | Elapsed: 0:13:31 | ETA: 0:14:37
Epoch[22] Batch[1601/3125] | OptTotal: 6.5317e+00 | FTLoss: 6.5317e+00 | AmpL1Full: 2.5565e-02 | PhaseL1PredSup: 3.6573e-02 | SupportBCE: 3.0923e+00 | SupportWeighted: 0.0000e+00 | BatchLR: 1.000e-03 | Grad: True  | Update: True  | Elapsed: 0:14:25 | ETA: 0:13:43
Epoch[22] Batch[1701/3125] | OptTotal: 6.1913e+00 | FTLoss: 6.1913e+00 | AmpL1Full: 2.2879e-02 | PhaseL1PredSup: 2.8444e-02 | SupportBCE: 3.3652e+00 | SupportWeighted: 0.0000e+00 | BatchLR: 1.000e-03 | Grad: True  | Update: True  | Elapsed: 0:15:19 | ETA: 0:12:49
Epoch[22] Batch[1801/3125] | OptTotal: 6.2768e+00 | FTLoss: 6.2768e+00 | AmpL1Full: 2.1391e-02 | PhaseL1PredSup: 2.7603e-02 | SupportBCE: 3.3041e+00 | SupportWeighted: 0.0000e+00 | BatchLR: 1.000e-03 | Grad: True  | Update: True  | Elapsed: 0:16:13 | ETA: 0:11:55
Epoch[22] Batch[1901/3125] | OptTotal: 6.9198e+00 | FTLoss: 6.9198e+00 | AmpL1Full: 2.4846e-02 | PhaseL1PredSup: 2.6456e-02 | SupportBCE: 3.3293e+00 | SupportWeighted: 0.0000e+00 | BatchLR: 1.000e-03 | Grad: True  | Update: True  | Elapsed: 0:17:07 | ETA: 0:11:01
Epoch[22] Batch[2001/3125] | OptTotal: 6.1752e+00 | FTLoss: 6.1752e+00 | AmpL1Full: 1.9533e-02 | PhaseL1PredSup: 2.5044e-02 | SupportBCE: 3.3520e+00 | SupportWeighted: 0.0000e+00 | BatchLR: 1.000e-03 | Grad: True  | Update: True  | Elapsed: 0:18:01 | ETA: 0:10:07
Epoch[22] Batch[2101/3125] | OptTotal: 6.0713e+00 | FTLoss: 6.0713e+00 | AmpL1Full: 2.6128e-02 | PhaseL1PredSup: 3.7035e-02 | SupportBCE: 3.1268e+00 | SupportWeighted: 0.0000e+00 | BatchLR: 1.000e-03 | Grad: True  | Update: True  | Elapsed: 0:18:55 | ETA: 0:09:13
Epoch[22] Batch[2201/3125] | OptTotal: 5.9859e+00 | FTLoss: 5.9859e+00 | AmpL1Full: 1.7528e-02 | PhaseL1PredSup: 2.7467e-02 | SupportBCE: 3.2010e+00 | SupportWeighted: 0.0000e+00 | BatchLR: 1.000e-03 | Grad: True  | Update: True  | Elapsed: 0:19:49 | ETA: 0:08:19
Epoch[22] Batch[2301/3125] | OptTotal: 6.2585e+00 | FTLoss: 6.2585e+00 | AmpL1Full: 1.9663e-02 | PhaseL1PredSup: 3.0292e-02 | SupportBCE: 2.8510e+00 | SupportWeighted: 0.0000e+00 | BatchLR: 1.000e-03 | Grad: True  | Update: True  | Elapsed: 0:20:43 | ETA: 0:07:25
Epoch[22] Batch[2401/3125] | OptTotal: 6.1039e+00 | FTLoss: 6.1039e+00 | AmpL1Full: 2.3980e-02 | PhaseL1PredSup: 3.4788e-02 | SupportBCE: 3.1382e+00 | SupportWeighted: 0.0000e+00 | BatchLR: 1.000e-03 | Grad: True  | Update: True  | Elapsed: 0:21:37 | ETA: 0:06:31
Epoch[22] Batch[2501/3125] | OptTotal: 6.1537e+00 | FTLoss: 6.1537e+00 | AmpL1Full: 1.7572e-02 | PhaseL1PredSup: 2.3271e-02 | SupportBCE: 3.4945e+00 | SupportWeighted: 0.0000e+00 | BatchLR: 1.000e-03 | Grad: True  | Update: True  | Elapsed: 0:22:31 | ETA: 0:05:37
Epoch[22] Batch[2601/3125] | OptTotal: 6.5662e+00 | FTLoss: 6.5662e+00 | AmpL1Full: 2.6351e-02 | PhaseL1PredSup: 2.9755e-02 | SupportBCE: 3.3842e+00 | SupportWeighted: 0.0000e+00 | BatchLR: 1.000e-03 | Grad: True  | Update: True  | Elapsed: 0:23:25 | ETA: 0:04:43
Epoch[22] Batch[2701/3125] | OptTotal: 5.9429e+00 | FTLoss: 5.9429e+00 | AmpL1Full: 1.9938e-02 | PhaseL1PredSup: 3.3099e-02 | SupportBCE: 3.0935e+00 | SupportWeighted: 0.0000e+00 | BatchLR: 1.000e-03 | Grad: True  | Update: True  | Elapsed: 0:24:19 | ETA: 0:03:49
Epoch[22] Batch[2801/3125] | OptTotal: 6.0841e+00 | FTLoss: 6.0841e+00 | AmpL1Full: 1.7956e-02 | PhaseL1PredSup: 2.5086e-02 | SupportBCE: 3.5631e+00 | SupportWeighted: 0.0000e+00 | BatchLR: 1.000e-03 | Grad: True  | Update: True  | Elapsed: 0:25:13 | ETA: 0:02:55
Epoch[22] Batch[2901/3125] | OptTotal: 6.7205e+00 | FTLoss: 6.7205e+00 | AmpL1Full: 2.5339e-02 | PhaseL1PredSup: 2.8467e-02 | SupportBCE: 3.2076e+00 | SupportWeighted: 0.0000e+00 | BatchLR: 1.000e-03 | Grad: True  | Update: True  | Elapsed: 0:26:07 | ETA: 0:02:01
Epoch[22] Batch[3001/3125] | OptTotal: 5.7730e+00 | FTLoss: 5.7730e+00 | AmpL1Full: 2.0116e-02 | PhaseL1PredSup: 3.6532e-02 | SupportBCE: 3.1473e+00 | SupportWeighted: 0.0000e+00 | BatchLR: 1.000e-03 | Grad: True  | Update: True  | Elapsed: 0:27:01 | ETA: 0:01:07
Epoch[22] Batch[3101/3125] | OptTotal: 6.7567e+00 | FTLoss: 6.7567e+00 | AmpL1Full: 2.5209e-02 | PhaseL1PredSup: 2.9435e-02 | SupportBCE: 3.1197e+00 | SupportWeighted: 0.0000e+00 | BatchLR: 1.000e-03 | Grad: True  | Update: True  | Elapsed: 0:27:55 | ETA: 0:00:12
Epoch[22] Batch[3125/3125] | OptTotal: 6.6652e+00 | FTLoss: 6.6652e+00 | AmpL1Full: 2.8529e-02 | PhaseL1PredSup: 3.3718e-02 | SupportBCE: 3.0468e+00 | SupportWeighted: 0.0000e+00 | BatchLR: 1.000e-03 | Grad: True  | Update: True  | Elapsed: 0:28:08 | ETA: 0:00:00

================================================================================
Epoch 22 complete | total time: 1688.79s | average OptTotal: 6.3631e+00
Average train optimization terms | FTLoss: 6.3631e+00 | SupportWeighted: 0.0000e+00
Average train real-space monitors | AmpL1Full: 2.2780e-02 | PhaseL1PredSup: 3.0597e-02 | SupportBCE: 3.2233e+00
================================================================================

Validation Epoch [22] | Batch [100/625] | OptTotal: 6.6516e+00 | FTLoss: 6.6516e+00 | AmpL1Full: 2.1645e-02 | PhaseL1PredSup: 2.7386e-02 | SupportBCE: 3.2390e+00 | FT_L1: 6.6516e+00 | FT_RelL1: 5.5174e-01 | FT_Chi2: 5.1571e-01 | FT_PearsonCorr: 7.4918e-01
Validation Epoch [22] | Batch [200/625] | OptTotal: 6.2555e+00 | FTLoss: 6.2555e+00 | AmpL1Full: 2.3697e-02 | PhaseL1PredSup: 3.2287e-02 | SupportBCE: 2.9092e+00 | FT_L1: 6.2555e+00 | FT_RelL1: 5.3121e-01 | FT_Chi2: 4.5996e-01 | FT_PearsonCorr: 7.9367e-01
Validation Epoch [22] | Batch [300/625] | OptTotal: 6.4948e+00 | FTLoss: 6.4948e+00 | AmpL1Full: 2.2704e-02 | PhaseL1PredSup: 3.2187e-02 | SupportBCE: 3.4236e+00 | FT_L1: 6.4948e+00 | FT_RelL1: 5.3245e-01 | FT_Chi2: 4.3623e-01 | FT_PearsonCorr: 7.9819e-01
Validation Epoch [22] | Batch [400/625] | OptTotal: 6.1236e+00 | FTLoss: 6.1236e+00 | AmpL1Full: 1.9801e-02 | PhaseL1PredSup: 2.6656e-02 | SupportBCE: 3.5082e+00 | FT_L1: 6.1236e+00 | FT_RelL1: 5.3804e-01 | FT_Chi2: 4.5894e-01 | FT_PearsonCorr: 7.7605e-01
Validation Epoch [22] | Batch [500/625] | OptTotal: 6.8270e+00 | FTLoss: 6.8270e+00 | AmpL1Full: 2.3166e-02 | PhaseL1PredSup: 2.3037e-02 | SupportBCE: 3.4521e+00 | FT_L1: 6.8270e+00 | FT_RelL1: 5.7269e-01 | FT_Chi2: 5.5780e-01 | FT_PearsonCorr: 7.2070e-01
Validation Epoch [22] | Batch [600/625] | OptTotal: 6.1245e+00 | FTLoss: 6.1245e+00 | AmpL1Full: 2.0812e-02 | PhaseL1PredSup: 2.8567e-02 | SupportBCE: 3.2176e+00 | FT_L1: 6.1245e+00 | FT_RelL1: 5.3804e-01 | FT_Chi2: 4.4707e-01 | FT_PearsonCorr: 7.8943e-01
Validation Epoch [22] | Batch [625/625] | OptTotal: 6.3051e+00 | FTLoss: 6.3051e+00 | AmpL1Full: 2.2032e-02 | PhaseL1PredSup: 3.2991e-02 | SupportBCE: 3.0121e+00 | FT_L1: 6.3051e+00 | FT_RelL1: 5.3066e-01 | FT_Chi2: 3.9769e-01 | FT_PearsonCorr: 8.0754e-01

================================================================================
Epoch 22 validation complete
Average validation metrics:
   Optimization: OptTotal=6.4069e+00 | FTLoss=6.4069e+00 | SupportWeighted=0.0000e+00
   Real-space monitors: AmpL1Full=2.2547e-02 | PhaseL1PredSup=2.9289e-02 | SupportBCE=3.2189e+00
   Reciprocal primary: FT_L1=6.4069e+00 | FT_RelL1=5.4348e-01 | FT_Chi2=4.6855e-01 | FT_PearsonCorr=7.7817e-01
   Reciprocal diagnostics: FT_Huber=5.9469e+00 | FT_PearsonLoss=2.2183e-01 | FT_LogRelMSE=1.3323e-01 | FT_Comb=3.4519e-01 | FT_Comb2=4.5247e-01
   Raw-scale diagnostics: FT_VoxelMSE=2.0431e+03 | FT_VoxelRMSE=4.2420e+01
================================================================================

Epoch 22 scheduler lr: 1.000e-03
Epoch[23] Batch[1/3125] | OptTotal: 6.3019e+00 | FTLoss: 6.3019e+00 | AmpL1Full: 2.1779e-02 | PhaseL1PredSup: 2.9014e-02 | SupportBCE: 3.3242e+00 | SupportWeighted: 0.0000e+00 | BatchLR: 1.000e-03 | Grad: True  | Update: True  | Elapsed: 0:00:00 | ETA: 0:30:35
Epoch[23] Batch[101/3125] | OptTotal: 6.0186e+00 | FTLoss: 6.0186e+00 | AmpL1Full: 1.7844e-02 | PhaseL1PredSup: 2.4197e-02 | SupportBCE: 3.5643e+00 | SupportWeighted: 0.0000e+00 | BatchLR: 1.000e-03 | Grad: True  | Update: True  | Elapsed: 0:00:54 | ETA: 0:27:16
Epoch[23] Batch[201/3125] | OptTotal: 6.1955e+00 | FTLoss: 6.1955e+00 | AmpL1Full: 2.0451e-02 | PhaseL1PredSup: 2.7485e-02 | SupportBCE: 3.2319e+00 | SupportWeighted: 0.0000e+00 | BatchLR: 1.000e-03 | Grad: True  | Update: True  | Elapsed: 0:01:48 | ETA: 0:26:21
Epoch[23] Batch[301/3125] | OptTotal: 6.4959e+00 | FTLoss: 6.4959e+00 | AmpL1Full: 2.1555e-02 | PhaseL1PredSup: 3.0645e-02 | SupportBCE: 3.0390e+00 | SupportWeighted: 0.0000e+00 | BatchLR: 1.000e-03 | Grad: True  | Update: True  | Elapsed: 0:02:42 | ETA: 0:25:26
Epoch[23] Batch[401/3125] | OptTotal: 6.6974e+00 | FTLoss: 6.6974e+00 | AmpL1Full: 2.9675e-02 | PhaseL1PredSup: 3.1453e-02 | SupportBCE: 3.2331e+00 | SupportWeighted: 0.0000e+00 | BatchLR: 1.000e-03 | Grad: True  | Update: True  | Elapsed: 0:03:36 | ETA: 0:24:32
Epoch[23] Batch[501/3125] | OptTotal: 6.4637e+00 | FTLoss: 6.4637e+00 | AmpL1Full: 2.3818e-02 | PhaseL1PredSup: 3.3256e-02 | SupportBCE: 3.0831e+00 | SupportWeighted: 0.0000e+00 | BatchLR: 1.000e-03 | Grad: True  | Update: True  | Elapsed: 0:04:30 | ETA: 0:23:38
Epoch[23] Batch[601/3125] | OptTotal: 6.9208e+00 | FTLoss: 6.9208e+00 | AmpL1Full: 2.4899e-02 | PhaseL1PredSup: 2.9145e-02 | SupportBCE: 3.0164e+00 | SupportWeighted: 0.0000e+00 | BatchLR: 1.000e-03 | Grad: True  | Update: True  | Elapsed: 0:05:24 | ETA: 0:22:44
Epoch[23] Batch[701/3125] | OptTotal: 6.2215e+00 | FTLoss: 6.2215e+00 | AmpL1Full: 2.2031e-02 | PhaseL1PredSup: 3.3824e-02 | SupportBCE: 3.1351e+00 | SupportWeighted: 0.0000e+00 | BatchLR: 1.000e-03 | Grad: True  | Update: True  | Elapsed: 0:06:18 | ETA: 0:21:50
Epoch[23] Batch[801/3125] | OptTotal: 6.4553e+00 | FTLoss: 6.4553e+00 | AmpL1Full: 2.4852e-02 | PhaseL1PredSup: 3.1566e-02 | SupportBCE: 3.2095e+00 | SupportWeighted: 0.0000e+00 | BatchLR: 1.000e-03 | Grad: True  | Update: True  | Elapsed: 0:07:12 | ETA: 0:20:56
Epoch[23] Batch[901/3125] | OptTotal: 6.3106e+00 | FTLoss: 6.3106e+00 | AmpL1Full: 2.5669e-02 | PhaseL1PredSup: 4.1828e-02 | SupportBCE: 2.8119e+00 | SupportWeighted: 0.0000e+00 | BatchLR: 1.000e-03 | Grad: True  | Update: True  | Elapsed: 0:08:06 | ETA: 0:20:01
Epoch[23] Batch[1001/3125] | OptTotal: 6.5611e+00 | FTLoss: 6.5611e+00 | AmpL1Full: 2.1730e-02 | PhaseL1PredSup: 2.8189e-02 | SupportBCE: 3.3423e+00 | SupportWeighted: 0.0000e+00 | BatchLR: 1.000e-03 | Grad: True  | Update: True  | Elapsed: 0:09:00 | ETA: 0:19:07
Epoch[23] Batch[1101/3125] | OptTotal: 6.5930e+00 | FTLoss: 6.5930e+00 | AmpL1Full: 2.5541e-02 | PhaseL1PredSup: 2.9741e-02 | SupportBCE: 3.2413e+00 | SupportWeighted: 0.0000e+00 | BatchLR: 1.000e-03 | Grad: True  | Update: True  | Elapsed: 0:09:54 | ETA: 0:18:13
Epoch[23] Batch[1201/3125] | OptTotal: 6.0747e+00 | FTLoss: 6.0747e+00 | AmpL1Full: 1.9350e-02 | PhaseL1PredSup: 2.3319e-02 | SupportBCE: 3.2942e+00 | SupportWeighted: 0.0000e+00 | BatchLR: 1.000e-03 | Grad: True  | Update: True  | Elapsed: 0:10:48 | ETA: 0:17:19
Epoch[23] Batch[1301/3125] | OptTotal: 6.2991e+00 | FTLoss: 6.2991e+00 | AmpL1Full: 2.1228e-02 | PhaseL1PredSup: 2.5775e-02 | SupportBCE: 3.1829e+00 | SupportWeighted: 0.0000e+00 | BatchLR: 1.000e-03 | Grad: True  | Update: True  | Elapsed: 0:11:42 | ETA: 0:16:25
Epoch[23] Batch[1401/3125] | OptTotal: 6.4692e+00 | FTLoss: 6.4692e+00 | AmpL1Full: 2.2722e-02 | PhaseL1PredSup: 2.5662e-02 | SupportBCE: 3.3815e+00 | SupportWeighted: 0.0000e+00 | BatchLR: 1.000e-03 | Grad: True  | Update: True  | Elapsed: 0:12:37 | ETA: 0:15:31
Epoch[23] Batch[1501/3125] | OptTotal: 6.2813e+00 | FTLoss: 6.2813e+00 | AmpL1Full: 2.2796e-02 | PhaseL1PredSup: 2.9747e-02 | SupportBCE: 3.2495e+00 | SupportWeighted: 0.0000e+00 | BatchLR: 1.000e-03 | Grad: True  | Update: True  | Elapsed: 0:13:31 | ETA: 0:14:37
Epoch[23] Batch[1601/3125] | OptTotal: 6.9028e+00 | FTLoss: 6.9028e+00 | AmpL1Full: 2.7195e-02 | PhaseL1PredSup: 3.4406e-02 | SupportBCE: 3.0969e+00 | SupportWeighted: 0.0000e+00 | BatchLR: 1.000e-03 | Grad: True  | Update: True  | Elapsed: 0:14:25 | ETA: 0:13:43
Epoch[23] Batch[1701/3125] | OptTotal: 6.4730e+00 | FTLoss: 6.4730e+00 | AmpL1Full: 2.1131e-02 | PhaseL1PredSup: 2.9655e-02 | SupportBCE: 3.3210e+00 | SupportWeighted: 0.0000e+00 | BatchLR: 1.000e-03 | Grad: True  | Update: True  | Elapsed: 0:15:19 | ETA: 0:12:49
Epoch[23] Batch[1801/3125] | OptTotal: 6.6148e+00 | FTLoss: 6.6148e+00 | AmpL1Full: 2.0767e-02 | PhaseL1PredSup: 2.8780e-02 | SupportBCE: 3.2060e+00 | SupportWeighted: 0.0000e+00 | BatchLR: 1.000e-03 | Grad: True  | Update: True  | Elapsed: 0:16:13 | ETA: 0:11:55
Epoch[23] Batch[1901/3125] | OptTotal: 7.1125e+00 | FTLoss: 7.1125e+00 | AmpL1Full: 2.7192e-02 | PhaseL1PredSup: 2.0537e-02 | SupportBCE: 3.2184e+00 | SupportWeighted: 0.0000e+00 | BatchLR: 1.000e-03 | Grad: True  | Update: True  | Elapsed: 0:17:07 | ETA: 0:11:01
Epoch[23] Batch[2001/3125] | OptTotal: 6.2300e+00 | FTLoss: 6.2300e+00 | AmpL1Full: 2.3215e-02 | PhaseL1PredSup: 3.7018e-02 | SupportBCE: 2.9673e+00 | SupportWeighted: 0.0000e+00 | BatchLR: 1.000e-03 | Grad: True  | Update: True  | Elapsed: 0:18:01 | ETA: 0:10:07
Epoch[23] Batch[2101/3125] | OptTotal: 6.2846e+00 | FTLoss: 6.2846e+00 | AmpL1Full: 2.2555e-02 | PhaseL1PredSup: 3.7128e-02 | SupportBCE: 3.0320e+00 | SupportWeighted: 0.0000e+00 | BatchLR: 1.000e-03 | Grad: True  | Update: True  | Elapsed: 0:18:55 | ETA: 0:09:13
Epoch[23] Batch[2201/3125] | OptTotal: 6.4941e+00 | FTLoss: 6.4941e+00 | AmpL1Full: 2.2260e-02 | PhaseL1PredSup: 3.0872e-02 | SupportBCE: 3.0906e+00 | SupportWeighted: 0.0000e+00 | BatchLR: 1.000e-03 | Grad: True  | Update: True  | Elapsed: 0:19:49 | ETA: 0:08:19
Epoch[23] Batch[2301/3125] | OptTotal: 7.0823e+00 | FTLoss: 7.0823e+00 | AmpL1Full: 2.4248e-02 | PhaseL1PredSup: 2.7485e-02 | SupportBCE: 2.9954e+00 | SupportWeighted: 0.0000e+00 | BatchLR: 1.000e-03 | Grad: True  | Update: True  | Elapsed: 0:20:43 | ETA: 0:07:25
Epoch[23] Batch[2401/3125] | OptTotal: 6.3875e+00 | FTLoss: 6.3875e+00 | AmpL1Full: 1.8767e-02 | PhaseL1PredSup: 2.3096e-02 | SupportBCE: 3.0300e+00 | SupportWeighted: 0.0000e+00 | BatchLR: 1.000e-03 | Grad: True  | Update: True  | Elapsed: 0:21:37 | ETA: 0:06:31
Epoch[23] Batch[2501/3125] | OptTotal: 6.2289e+00 | FTLoss: 6.2289e+00 | AmpL1Full: 2.3110e-02 | PhaseL1PredSup: 3.0208e-02 | SupportBCE: 3.3944e+00 | SupportWeighted: 0.0000e+00 | BatchLR: 1.000e-03 | Grad: True  | Update: True  | Elapsed: 0:22:31 | ETA: 0:05:37
Epoch[23] Batch[2601/3125] | OptTotal: 6.1878e+00 | FTLoss: 6.1878e+00 | AmpL1Full: 2.1715e-02 | PhaseL1PredSup: 2.9721e-02 | SupportBCE: 3.1953e+00 | SupportWeighted: 0.0000e+00 | BatchLR: 1.000e-03 | Grad: True  | Update: True  | Elapsed: 0:23:25 | ETA: 0:04:43
Epoch[23] Batch[2701/3125] | OptTotal: 6.2613e+00 | FTLoss: 6.2613e+00 | AmpL1Full: 2.3525e-02 | PhaseL1PredSup: 2.7560e-02 | SupportBCE: 3.4751e+00 | SupportWeighted: 0.0000e+00 | BatchLR: 1.000e-03 | Grad: True  | Update: True  | Elapsed: 0:24:19 | ETA: 0:03:49
Epoch[23] Batch[2801/3125] | OptTotal: 5.8487e+00 | FTLoss: 5.8487e+00 | AmpL1Full: 2.4095e-02 | PhaseL1PredSup: 3.9821e-02 | SupportBCE: 3.0565e+00 | SupportWeighted: 0.0000e+00 | BatchLR: 1.000e-03 | Grad: True  | Update: True  | Elapsed: 0:25:13 | ETA: 0:02:55
Epoch[23] Batch[2901/3125] | OptTotal: 6.5777e+00 | FTLoss: 6.5777e+00 | AmpL1Full: 2.2671e-02 | PhaseL1PredSup: 2.4914e-02 | SupportBCE: 3.3572e+00 | SupportWeighted: 0.0000e+00 | BatchLR: 1.000e-03 | Grad: True  | Update: True  | Elapsed: 0:26:07 | ETA: 0:02:01
Epoch[23] Batch[3001/3125] | OptTotal: 6.2473e+00 | FTLoss: 6.2473e+00 | AmpL1Full: 2.0441e-02 | PhaseL1PredSup: 2.7083e-02 | SupportBCE: 3.3005e+00 | SupportWeighted: 0.0000e+00 | BatchLR: 1.000e-03 | Grad: True  | Update: True  | Elapsed: 0:27:01 | ETA: 0:01:06
Epoch[23] Batch[3101/3125] | OptTotal: 6.2517e+00 | FTLoss: 6.2517e+00 | AmpL1Full: 2.5215e-02 | PhaseL1PredSup: 3.4103e-02 | SupportBCE: 3.2106e+00 | SupportWeighted: 0.0000e+00 | BatchLR: 1.000e-03 | Grad: True  | Update: True  | Elapsed: 0:27:55 | ETA: 0:00:12
Epoch[23] Batch[3125/3125] | OptTotal: 6.4124e+00 | FTLoss: 6.4124e+00 | AmpL1Full: 2.2694e-02 | PhaseL1PredSup: 3.0621e-02 | SupportBCE: 3.1171e+00 | SupportWeighted: 0.0000e+00 | BatchLR: 1.000e-03 | Grad: True  | Update: True  | Elapsed: 0:28:08 | ETA: 0:00:00

================================================================================
Epoch 23 complete | total time: 1688.23s | average OptTotal: 6.3608e+00
Average train optimization terms | FTLoss: 6.3608e+00 | SupportWeighted: 0.0000e+00
Average train real-space monitors | AmpL1Full: 2.2793e-02 | PhaseL1PredSup: 3.0664e-02 | SupportBCE: 3.1847e+00
================================================================================

Validation Epoch [23] | Batch [100/625] | OptTotal: 6.6354e+00 | FTLoss: 6.6354e+00 | AmpL1Full: 2.1637e-02 | PhaseL1PredSup: 2.6983e-02 | SupportBCE: 3.0573e+00 | FT_L1: 6.6354e+00 | FT_RelL1: 5.5022e-01 | FT_Chi2: 5.2649e-01 | FT_PearsonCorr: 7.4248e-01
Validation Epoch [23] | Batch [200/625] | OptTotal: 6.2761e+00 | FTLoss: 6.2761e+00 | AmpL1Full: 2.3797e-02 | PhaseL1PredSup: 3.1863e-02 | SupportBCE: 2.7731e+00 | FT_L1: 6.2761e+00 | FT_RelL1: 5.3296e-01 | FT_Chi2: 4.6762e-01 | FT_PearsonCorr: 7.9130e-01
Validation Epoch [23] | Batch [300/625] | OptTotal: 6.4901e+00 | FTLoss: 6.4901e+00 | AmpL1Full: 2.2659e-02 | PhaseL1PredSup: 3.1708e-02 | SupportBCE: 3.2424e+00 | FT_L1: 6.4901e+00 | FT_RelL1: 5.3221e-01 | FT_Chi2: 4.4856e-01 | FT_PearsonCorr: 7.9229e-01
Validation Epoch [23] | Batch [400/625] | OptTotal: 6.1102e+00 | FTLoss: 6.1102e+00 | AmpL1Full: 1.9807e-02 | PhaseL1PredSup: 2.7155e-02 | SupportBCE: 3.3059e+00 | FT_L1: 6.1102e+00 | FT_RelL1: 5.3691e-01 | FT_Chi2: 4.6307e-01 | FT_PearsonCorr: 7.7397e-01
Validation Epoch [23] | Batch [500/625] | OptTotal: 6.8172e+00 | FTLoss: 6.8172e+00 | AmpL1Full: 2.3314e-02 | PhaseL1PredSup: 2.3804e-02 | SupportBCE: 3.2698e+00 | FT_L1: 6.8172e+00 | FT_RelL1: 5.7182e-01 | FT_Chi2: 5.5666e-01 | FT_PearsonCorr: 7.1878e-01
Validation Epoch [23] | Batch [600/625] | OptTotal: 6.1297e+00 | FTLoss: 6.1297e+00 | AmpL1Full: 2.0735e-02 | PhaseL1PredSup: 2.8043e-02 | SupportBCE: 3.0278e+00 | FT_L1: 6.1297e+00 | FT_RelL1: 5.3856e-01 | FT_Chi2: 4.6003e-01 | FT_PearsonCorr: 7.8379e-01
Validation Epoch [23] | Batch [625/625] | OptTotal: 6.2921e+00 | FTLoss: 6.2921e+00 | AmpL1Full: 2.2069e-02 | PhaseL1PredSup: 3.3132e-02 | SupportBCE: 2.8752e+00 | FT_L1: 6.2921e+00 | FT_RelL1: 5.2956e-01 | FT_Chi2: 4.0148e-01 | FT_PearsonCorr: 8.0447e-01

================================================================================
Epoch 23 validation complete
Average validation metrics:
   Optimization: OptTotal=6.3866e+00 | FTLoss=6.3866e+00 | SupportWeighted=0.0000e+00
   Real-space monitors: AmpL1Full=2.2661e-02 | PhaseL1PredSup=2.9862e-02 | SupportBCE=3.0315e+00
   Reciprocal primary: FT_L1=6.3866e+00 | FT_RelL1=5.4180e-01 | FT_Chi2=4.6979e-01 | FT_PearsonCorr=7.7620e-01
   Reciprocal diagnostics: FT_Huber=5.9261e+00 | FT_PearsonLoss=2.2380e-01 | FT_LogRelMSE=1.3096e-01 | FT_Comb=3.4680e-01 | FT_Comb2=4.5385e-01
   Raw-scale diagnostics: FT_VoxelMSE=2.0439e+03 | FT_VoxelRMSE=4.2335e+01
================================================================================

Epoch 23 scheduler lr: 5.000e-04
Epoch[24] Batch[1/3125] | OptTotal: 6.7868e+00 | FTLoss: 6.7868e+00 | AmpL1Full: 2.1998e-02 | PhaseL1PredSup: 2.5391e-02 | SupportBCE: 3.0525e+00 | SupportWeighted: 0.0000e+00 | BatchLR: 5.000e-04 | Grad: True  | Update: True  | Elapsed: 0:00:00 | ETA: 0:30:42
Epoch[24] Batch[101/3125] | OptTotal: 6.0952e+00 | FTLoss: 6.0952e+00 | AmpL1Full: 2.0220e-02 | PhaseL1PredSup: 2.7558e-02 | SupportBCE: 3.3143e+00 | SupportWeighted: 0.0000e+00 | BatchLR: 5.000e-04 | Grad: True  | Update: True  | Elapsed: 0:00:54 | ETA: 0:27:15
Epoch[24] Batch[201/3125] | OptTotal: 6.7482e+00 | FTLoss: 6.7482e+00 | AmpL1Full: 2.4152e-02 | PhaseL1PredSup: 2.8425e-02 | SupportBCE: 3.0384e+00 | SupportWeighted: 0.0000e+00 | BatchLR: 5.000e-04 | Grad: True  | Update: True  | Elapsed: 0:01:48 | ETA: 0:26:20
Epoch[24] Batch[301/3125] | OptTotal: 5.8348e+00 | FTLoss: 5.8348e+00 | AmpL1Full: 1.8521e-02 | PhaseL1PredSup: 3.0682e-02 | SupportBCE: 3.1634e+00 | SupportWeighted: 0.0000e+00 | BatchLR: 5.000e-04 | Grad: True  | Update: True  | Elapsed: 0:02:42 | ETA: 0:25:26
Epoch[24] Batch[401/3125] | OptTotal: 6.7216e+00 | FTLoss: 6.7216e+00 | AmpL1Full: 2.4122e-02 | PhaseL1PredSup: 2.8181e-02 | SupportBCE: 3.2571e+00 | SupportWeighted: 0.0000e+00 | BatchLR: 5.000e-04 | Grad: True  | Update: True  | Elapsed: 0:03:36 | ETA: 0:24:31
Epoch[24] Batch[501/3125] | OptTotal: 5.8804e+00 | FTLoss: 5.8804e+00 | AmpL1Full: 1.7234e-02 | PhaseL1PredSup: 2.5472e-02 | SupportBCE: 3.1349e+00 | SupportWeighted: 0.0000e+00 | BatchLR: 5.000e-04 | Grad: True  | Update: True  | Elapsed: 0:04:30 | ETA: 0:23:37
Epoch[24] Batch[601/3125] | OptTotal: 6.1884e+00 | FTLoss: 6.1884e+00 | AmpL1Full: 2.6783e-02 | PhaseL1PredSup: 3.6977e-02 | SupportBCE: 3.1932e+00 | SupportWeighted: 0.0000e+00 | BatchLR: 5.000e-04 | Grad: True  | Update: True  | Elapsed: 0:05:24 | ETA: 0:22:43
Epoch[24] Batch[701/3125] | OptTotal: 6.2749e+00 | FTLoss: 6.2749e+00 | AmpL1Full: 2.2007e-02 | PhaseL1PredSup: 2.6337e-02 | SupportBCE: 3.1323e+00 | SupportWeighted: 0.0000e+00 | BatchLR: 5.000e-04 | Grad: True  | Update: True  | Elapsed: 0:06:18 | ETA: 0:21:49
Epoch[24] Batch[801/3125] | OptTotal: 6.4680e+00 | FTLoss: 6.4680e+00 | AmpL1Full: 2.2974e-02 | PhaseL1PredSup: 3.3309e-02 | SupportBCE: 3.1916e+00 | SupportWeighted: 0.0000e+00 | BatchLR: 5.000e-04 | Grad: True  | Update: True  | Elapsed: 0:07:12 | ETA: 0:20:55
Epoch[24] Batch[901/3125] | OptTotal: 6.5646e+00 | FTLoss: 6.5646e+00 | AmpL1Full: 2.5354e-02 | PhaseL1PredSup: 2.9928e-02 | SupportBCE: 3.2217e+00 | SupportWeighted: 0.0000e+00 | BatchLR: 5.000e-04 | Grad: True  | Update: True  | Elapsed: 0:08:06 | ETA: 0:20:01
Epoch[24] Batch[1001/3125] | OptTotal: 6.3585e+00 | FTLoss: 6.3585e+00 | AmpL1Full: 2.0383e-02 | PhaseL1PredSup: 2.7168e-02 | SupportBCE: 3.1492e+00 | SupportWeighted: 0.0000e+00 | BatchLR: 5.000e-04 | Grad: True  | Update: True  | Elapsed: 0:09:00 | ETA: 0:19:07
Epoch[24] Batch[1101/3125] | OptTotal: 6.1335e+00 | FTLoss: 6.1335e+00 | AmpL1Full: 2.1909e-02 | PhaseL1PredSup: 2.9615e-02 | SupportBCE: 3.1834e+00 | SupportWeighted: 0.0000e+00 | BatchLR: 5.000e-04 | Grad: True  | Update: True  | Elapsed: 0:09:54 | ETA: 0:18:13
Epoch[24] Batch[1201/3125] | OptTotal: 6.9292e+00 | FTLoss: 6.9292e+00 | AmpL1Full: 2.5884e-02 | PhaseL1PredSup: 3.0870e-02 | SupportBCE: 3.1928e+00 | SupportWeighted: 0.0000e+00 | BatchLR: 5.000e-04 | Grad: True  | Update: True  | Elapsed: 0:10:48 | ETA: 0:17:19
Epoch[24] Batch[1301/3125] | OptTotal: 6.2042e+00 | FTLoss: 6.2042e+00 | AmpL1Full: 2.0806e-02 | PhaseL1PredSup: 3.1464e-02 | SupportBCE: 3.1888e+00 | SupportWeighted: 0.0000e+00 | BatchLR: 5.000e-04 | Grad: True  | Update: True  | Elapsed: 0:11:42 | ETA: 0:16:25
Epoch[24] Batch[1401/3125] | OptTotal: 6.7365e+00 | FTLoss: 6.7365e+00 | AmpL1Full: 2.5263e-02 | PhaseL1PredSup: 2.8464e-02 | SupportBCE: 3.3466e+00 | SupportWeighted: 0.0000e+00 | BatchLR: 5.000e-04 | Grad: True  | Update: True  | Elapsed: 0:12:36 | ETA: 0:15:31
Epoch[24] Batch[1501/3125] | OptTotal: 6.3839e+00 | FTLoss: 6.3839e+00 | AmpL1Full: 2.2789e-02 | PhaseL1PredSup: 3.1848e-02 | SupportBCE: 3.1071e+00 | SupportWeighted: 0.0000e+00 | BatchLR: 5.000e-04 | Grad: True  | Update: True  | Elapsed: 0:13:30 | ETA: 0:14:37
Epoch[24] Batch[1601/3125] | OptTotal: 6.6216e+00 | FTLoss: 6.6216e+00 | AmpL1Full: 1.9895e-02 | PhaseL1PredSup: 2.0164e-02 | SupportBCE: 3.5525e+00 | SupportWeighted: 0.0000e+00 | BatchLR: 5.000e-04 | Grad: True  | Update: True  | Elapsed: 0:14:24 | ETA: 0:13:43
Epoch[24] Batch[1701/3125] | OptTotal: 6.6943e+00 | FTLoss: 6.6943e+00 | AmpL1Full: 3.1078e-02 | PhaseL1PredSup: 4.2783e-02 | SupportBCE: 3.0148e+00 | SupportWeighted: 0.0000e+00 | BatchLR: 5.000e-04 | Grad: True  | Update: True  | Elapsed: 0:15:18 | ETA: 0:12:49
Epoch[24] Batch[1801/3125] | OptTotal: 5.9650e+00 | FTLoss: 5.9650e+00 | AmpL1Full: 2.0005e-02 | PhaseL1PredSup: 2.9418e-02 | SupportBCE: 3.0755e+00 | SupportWeighted: 0.0000e+00 | BatchLR: 5.000e-04 | Grad: True  | Update: True  | Elapsed: 0:16:12 | ETA: 0:11:55
Epoch[24] Batch[1901/3125] | OptTotal: 5.7291e+00 | FTLoss: 5.7291e+00 | AmpL1Full: 1.7741e-02 | PhaseL1PredSup: 2.8015e-02 | SupportBCE: 3.1303e+00 | SupportWeighted: 0.0000e+00 | BatchLR: 5.000e-04 | Grad: True  | Update: True  | Elapsed: 0:17:06 | ETA: 0:11:01
Epoch[24] Batch[2001/3125] | OptTotal: 6.4133e+00 | FTLoss: 6.4133e+00 | AmpL1Full: 2.0354e-02 | PhaseL1PredSup: 2.6545e-02 | SupportBCE: 3.3031e+00 | SupportWeighted: 0.0000e+00 | BatchLR: 5.000e-04 | Grad: True  | Update: True  | Elapsed: 0:18:00 | ETA: 0:10:07
Epoch[24] Batch[2101/3125] | OptTotal: 6.3792e+00 | FTLoss: 6.3792e+00 | AmpL1Full: 2.4617e-02 | PhaseL1PredSup: 3.2892e-02 | SupportBCE: 3.1110e+00 | SupportWeighted: 0.0000e+00 | BatchLR: 5.000e-04 | Grad: True  | Update: True  | Elapsed: 0:18:54 | ETA: 0:09:13
Epoch[24] Batch[2201/3125] | OptTotal: 6.0438e+00 | FTLoss: 6.0438e+00 | AmpL1Full: 1.7577e-02 | PhaseL1PredSup: 2.7218e-02 | SupportBCE: 3.4817e+00 | SupportWeighted: 0.0000e+00 | BatchLR: 5.000e-04 | Grad: True  | Update: True  | Elapsed: 0:19:48 | ETA: 0:08:19
Epoch[24] Batch[2301/3125] | OptTotal: 5.9685e+00 | FTLoss: 5.9685e+00 | AmpL1Full: 1.9892e-02 | PhaseL1PredSup: 3.3941e-02 | SupportBCE: 3.0359e+00 | SupportWeighted: 0.0000e+00 | BatchLR: 5.000e-04 | Grad: True  | Update: True  | Elapsed: 0:20:42 | ETA: 0:07:25
Epoch[24] Batch[2401/3125] | OptTotal: 6.4906e+00 | FTLoss: 6.4906e+00 | AmpL1Full: 2.1661e-02 | PhaseL1PredSup: 2.6304e-02 | SupportBCE: 3.2216e+00 | SupportWeighted: 0.0000e+00 | BatchLR: 5.000e-04 | Grad: True  | Update: True  | Elapsed: 0:21:36 | ETA: 0:06:31
Epoch[24] Batch[2501/3125] | OptTotal: 6.6333e+00 | FTLoss: 6.6333e+00 | AmpL1Full: 2.1523e-02 | PhaseL1PredSup: 2.7721e-02 | SupportBCE: 3.4555e+00 | SupportWeighted: 0.0000e+00 | BatchLR: 5.000e-04 | Grad: True  | Update: True  | Elapsed: 0:22:30 | ETA: 0:05:37
Epoch[24] Batch[2601/3125] | OptTotal: 6.1461e+00 | FTLoss: 6.1461e+00 | AmpL1Full: 2.0766e-02 | PhaseL1PredSup: 3.0358e-02 | SupportBCE: 3.2317e+00 | SupportWeighted: 0.0000e+00 | BatchLR: 5.000e-04 | Grad: True  | Update: True  | Elapsed: 0:23:24 | ETA: 0:04:43
Epoch[24] Batch[2701/3125] | OptTotal: 6.1341e+00 | FTLoss: 6.1341e+00 | AmpL1Full: 1.8120e-02 | PhaseL1PredSup: 2.4642e-02 | SupportBCE: 3.2264e+00 | SupportWeighted: 0.0000e+00 | BatchLR: 5.000e-04 | Grad: True  | Update: True  | Elapsed: 0:24:18 | ETA: 0:03:49
Epoch[24] Batch[2801/3125] | OptTotal: 7.1764e+00 | FTLoss: 7.1764e+00 | AmpL1Full: 3.2834e-02 | PhaseL1PredSup: 3.2221e-02 | SupportBCE: 3.2465e+00 | SupportWeighted: 0.0000e+00 | BatchLR: 5.000e-04 | Grad: True  | Update: True  | Elapsed: 0:25:12 | ETA: 0:02:55
Epoch[24] Batch[2901/3125] | OptTotal: 5.9468e+00 | FTLoss: 5.9468e+00 | AmpL1Full: 2.1558e-02 | PhaseL1PredSup: 3.3096e-02 | SupportBCE: 3.2388e+00 | SupportWeighted: 0.0000e+00 | BatchLR: 5.000e-04 | Grad: True  | Update: True  | Elapsed: 0:26:06 | ETA: 0:02:00
Epoch[24] Batch[3001/3125] | OptTotal: 5.9558e+00 | FTLoss: 5.9558e+00 | AmpL1Full: 1.8489e-02 | PhaseL1PredSup: 2.9846e-02 | SupportBCE: 3.0809e+00 | SupportWeighted: 0.0000e+00 | BatchLR: 5.000e-04 | Grad: True  | Update: True  | Elapsed: 0:27:01 | ETA: 0:01:06
Epoch[24] Batch[3101/3125] | OptTotal: 6.1994e+00 | FTLoss: 6.1994e+00 | AmpL1Full: 2.1648e-02 | PhaseL1PredSup: 3.1410e-02 | SupportBCE: 3.1488e+00 | SupportWeighted: 0.0000e+00 | BatchLR: 5.000e-04 | Grad: True  | Update: True  | Elapsed: 0:27:55 | ETA: 0:00:12
Epoch[24] Batch[3125/3125] | OptTotal: 6.2433e+00 | FTLoss: 6.2433e+00 | AmpL1Full: 2.1475e-02 | PhaseL1PredSup: 2.9003e-02 | SupportBCE: 3.3933e+00 | SupportWeighted: 0.0000e+00 | BatchLR: 5.000e-04 | Grad: True  | Update: True  | Elapsed: 0:28:07 | ETA: 0:00:00

================================================================================
Epoch 24 complete | total time: 1687.99s | average OptTotal: 6.3326e+00
Average train optimization terms | FTLoss: 6.3326e+00 | SupportWeighted: 0.0000e+00
Average train real-space monitors | AmpL1Full: 2.2751e-02 | PhaseL1PredSup: 3.0605e-02 | SupportBCE: 3.2234e+00
================================================================================

Validation Epoch [24] | Batch [100/625] | OptTotal: 6.6505e+00 | FTLoss: 6.6505e+00 | AmpL1Full: 2.1351e-02 | PhaseL1PredSup: 2.5830e-02 | SupportBCE: 3.2988e+00 | FT_L1: 6.6505e+00 | FT_RelL1: 5.5166e-01 | FT_Chi2: 5.3303e-01 | FT_PearsonCorr: 7.4479e-01
Validation Epoch [24] | Batch [200/625] | OptTotal: 6.2530e+00 | FTLoss: 6.2530e+00 | AmpL1Full: 2.3634e-02 | PhaseL1PredSup: 3.1487e-02 | SupportBCE: 2.9934e+00 | FT_L1: 6.2530e+00 | FT_RelL1: 5.3103e-01 | FT_Chi2: 4.6852e-01 | FT_PearsonCorr: 7.9274e-01
Validation Epoch [24] | Batch [300/625] | OptTotal: 6.4541e+00 | FTLoss: 6.4541e+00 | AmpL1Full: 2.2743e-02 | PhaseL1PredSup: 3.2022e-02 | SupportBCE: 3.5354e+00 | FT_L1: 6.4541e+00 | FT_RelL1: 5.2932e-01 | FT_Chi2: 4.4194e-01 | FT_PearsonCorr: 7.9779e-01
Validation Epoch [24] | Batch [400/625] | OptTotal: 6.1093e+00 | FTLoss: 6.1093e+00 | AmpL1Full: 1.9636e-02 | PhaseL1PredSup: 2.5886e-02 | SupportBCE: 3.6497e+00 | FT_L1: 6.1093e+00 | FT_RelL1: 5.3679e-01 | FT_Chi2: 4.7338e-01 | FT_PearsonCorr: 7.7435e-01
Validation Epoch [24] | Batch [500/625] | OptTotal: 6.8226e+00 | FTLoss: 6.8226e+00 | AmpL1Full: 2.2823e-02 | PhaseL1PredSup: 2.2081e-02 | SupportBCE: 3.5467e+00 | FT_L1: 6.8226e+00 | FT_RelL1: 5.7230e-01 | FT_Chi2: 5.6882e-01 | FT_PearsonCorr: 7.1745e-01
Validation Epoch [24] | Batch [600/625] | OptTotal: 6.0928e+00 | FTLoss: 6.0928e+00 | AmpL1Full: 2.0563e-02 | PhaseL1PredSup: 2.7873e-02 | SupportBCE: 3.2876e+00 | FT_L1: 6.0928e+00 | FT_RelL1: 5.3519e-01 | FT_Chi2: 4.5665e-01 | FT_PearsonCorr: 7.8743e-01
Validation Epoch [24] | Batch [625/625] | OptTotal: 6.2776e+00 | FTLoss: 6.2776e+00 | AmpL1Full: 2.1747e-02 | PhaseL1PredSup: 3.2189e-02 | SupportBCE: 3.1270e+00 | FT_L1: 6.2776e+00 | FT_RelL1: 5.2829e-01 | FT_Chi2: 4.0780e-01 | FT_PearsonCorr: 8.0576e-01

================================================================================
Epoch 24 validation complete
Average validation metrics:
   Optimization: OptTotal=6.3817e+00 | FTLoss=6.3817e+00 | SupportWeighted=0.0000e+00
   Real-space monitors: AmpL1Full=2.2381e-02 | PhaseL1PredSup=2.8983e-02 | SupportBCE=3.2855e+00
   Reciprocal primary: FT_L1=6.3817e+00 | FT_RelL1=5.4142e-01 | FT_Chi2=4.7389e-01 | FT_PearsonCorr=7.7754e-01
   Reciprocal diagnostics: FT_Huber=5.9216e+00 | FT_PearsonLoss=2.2246e-01 | FT_LogRelMSE=1.3136e-01 | FT_Comb=3.4818e-01 | FT_Comb2=4.5466e-01
   Raw-scale diagnostics: FT_VoxelMSE=2.0608e+03 | FT_VoxelRMSE=4.2505e+01
================================================================================

Epoch 24 scheduler lr: 5.000e-04
Epoch[25] Batch[1/3125] | OptTotal: 5.8348e+00 | FTLoss: 5.8348e+00 | AmpL1Full: 1.8606e-02 | PhaseL1PredSup: 3.0526e-02 | SupportBCE: 3.1447e+00 | SupportWeighted: 0.0000e+00 | BatchLR: 5.000e-04 | Grad: True  | Update: True  | Elapsed: 0:00:00 | ETA: 0:31:00
Epoch[25] Batch[101/3125] | OptTotal: 6.0026e+00 | FTLoss: 6.0026e+00 | AmpL1Full: 2.3536e-02 | PhaseL1PredSup: 3.4168e-02 | SupportBCE: 3.2773e+00 | SupportWeighted: 0.0000e+00 | BatchLR: 5.000e-04 | Grad: True  | Update: True  | Elapsed: 0:00:54 | ETA: 0:27:15
Epoch[25] Batch[201/3125] | OptTotal: 6.2001e+00 | FTLoss: 6.2001e+00 | AmpL1Full: 2.1723e-02 | PhaseL1PredSup: 3.2056e-02 | SupportBCE: 3.2281e+00 | SupportWeighted: 0.0000e+00 | BatchLR: 5.000e-04 | Grad: True  | Update: True  | Elapsed: 0:01:48 | ETA: 0:26:20
Epoch[25] Batch[301/3125] | OptTotal: 6.5362e+00 | FTLoss: 6.5362e+00 | AmpL1Full: 2.2903e-02 | PhaseL1PredSup: 2.5685e-02 | SupportBCE: 3.2288e+00 | SupportWeighted: 0.0000e+00 | BatchLR: 5.000e-04 | Grad: True  | Update: True  | Elapsed: 0:02:42 | ETA: 0:25:26
Epoch[25] Batch[401/3125] | OptTotal: 6.2702e+00 | FTLoss: 6.2702e+00 | AmpL1Full: 2.2525e-02 | PhaseL1PredSup: 3.0071e-02 | SupportBCE: 3.2589e+00 | SupportWeighted: 0.0000e+00 | BatchLR: 5.000e-04 | Grad: True  | Update: True  | Elapsed: 0:03:36 | ETA: 0:24:32
Epoch[25] Batch[501/3125] | OptTotal: 6.7097e+00 | FTLoss: 6.7097e+00 | AmpL1Full: 2.6964e-02 | PhaseL1PredSup: 3.3986e-02 | SupportBCE: 3.1305e+00 | SupportWeighted: 0.0000e+00 | BatchLR: 5.000e-04 | Grad: True  | Update: True  | Elapsed: 0:04:30 | ETA: 0:23:37
Epoch[25] Batch[601/3125] | OptTotal: 6.3151e+00 | FTLoss: 6.3151e+00 | AmpL1Full: 2.3016e-02 | PhaseL1PredSup: 2.7902e-02 | SupportBCE: 3.5712e+00 | SupportWeighted: 0.0000e+00 | BatchLR: 5.000e-04 | Grad: True  | Update: True  | Elapsed: 0:05:24 | ETA: 0:22:43
Epoch[25] Batch[701/3125] | OptTotal: 6.2517e+00 | FTLoss: 6.2517e+00 | AmpL1Full: 2.1460e-02 | PhaseL1PredSup: 3.1794e-02 | SupportBCE: 3.5263e+00 | SupportWeighted: 0.0000e+00 | BatchLR: 5.000e-04 | Grad: True  | Update: True  | Elapsed: 0:06:18 | ETA: 0:21:49
Epoch[25] Batch[801/3125] | OptTotal: 7.1729e+00 | FTLoss: 7.1729e+00 | AmpL1Full: 2.3941e-02 | PhaseL1PredSup: 2.0534e-02 | SupportBCE: 3.4207e+00 | SupportWeighted: 0.0000e+00 | BatchLR: 5.000e-04 | Grad: True  | Update: True  | Elapsed: 0:07:12 | ETA: 0:20:55
Epoch[25] Batch[901/3125] | OptTotal: 6.5893e+00 | FTLoss: 6.5893e+00 | AmpL1Full: 2.5016e-02 | PhaseL1PredSup: 3.1040e-02 | SupportBCE: 3.3469e+00 | SupportWeighted: 0.0000e+00 | BatchLR: 5.000e-04 | Grad: True  | Update: True  | Elapsed: 0:08:06 | ETA: 0:20:01
Epoch[25] Batch[1001/3125] | OptTotal: 6.1198e+00 | FTLoss: 6.1198e+00 | AmpL1Full: 2.0168e-02 | PhaseL1PredSup: 2.7471e-02 | SupportBCE: 3.4744e+00 | SupportWeighted: 0.0000e+00 | BatchLR: 5.000e-04 | Grad: True  | Update: True  | Elapsed: 0:09:00 | ETA: 0:19:07
Epoch[25] Batch[1101/3125] | OptTotal: 6.1693e+00 | FTLoss: 6.1693e+00 | AmpL1Full: 2.2787e-02 | PhaseL1PredSup: 3.2374e-02 | SupportBCE: 3.3668e+00 | SupportWeighted: 0.0000e+00 | BatchLR: 5.000e-04 | Grad: True  | Update: True  | Elapsed: 0:09:54 | ETA: 0:18:13
Epoch[25] Batch[1201/3125] | OptTotal: 5.7611e+00 | FTLoss: 5.7611e+00 | AmpL1Full: 1.7507e-02 | PhaseL1PredSup: 2.8190e-02 | SupportBCE: 3.1029e+00 | SupportWeighted: 0.0000e+00 | BatchLR: 5.000e-04 | Grad: True  | Update: True  | Elapsed: 0:10:48 | ETA: 0:17:19
Epoch[25] Batch[1301/3125] | OptTotal: 6.2440e+00 | FTLoss: 6.2440e+00 | AmpL1Full: 2.0349e-02 | PhaseL1PredSup: 2.8655e-02 | SupportBCE: 3.2103e+00 | SupportWeighted: 0.0000e+00 | BatchLR: 5.000e-04 | Grad: True  | Update: True  | Elapsed: 0:11:42 | ETA: 0:16:25
Epoch[25] Batch[1401/3125] | OptTotal: 6.4765e+00 | FTLoss: 6.4765e+00 | AmpL1Full: 2.2253e-02 | PhaseL1PredSup: 2.7356e-02 | SupportBCE: 3.4955e+00 | SupportWeighted: 0.0000e+00 | BatchLR: 5.000e-04 | Grad: True  | Update: True  | Elapsed: 0:12:36 | ETA: 0:15:31
Epoch[25] Batch[1501/3125] | OptTotal: 6.7941e+00 | FTLoss: 6.7941e+00 | AmpL1Full: 2.3949e-02 | PhaseL1PredSup: 2.5419e-02 | SupportBCE: 3.3159e+00 | SupportWeighted: 0.0000e+00 | BatchLR: 5.000e-04 | Grad: True  | Update: True  | Elapsed: 0:13:30 | ETA: 0:14:37
Epoch[25] Batch[1601/3125] | OptTotal: 6.7210e+00 | FTLoss: 6.7210e+00 | AmpL1Full: 2.2990e-02 | PhaseL1PredSup: 2.5305e-02 | SupportBCE: 3.1925e+00 | SupportWeighted: 0.0000e+00 | BatchLR: 5.000e-04 | Grad: True  | Update: True  | Elapsed: 0:14:24 | ETA: 0:13:43
Epoch[25] Batch[1701/3125] | OptTotal: 6.5087e+00 | FTLoss: 6.5087e+00 | AmpL1Full: 2.3170e-02 | PhaseL1PredSup: 3.0454e-02 | SupportBCE: 3.3858e+00 | SupportWeighted: 0.0000e+00 | BatchLR: 5.000e-04 | Grad: True  | Update: True  | Elapsed: 0:15:18 | ETA: 0:12:49
Epoch[25] Batch[1801/3125] | OptTotal: 5.8528e+00 | FTLoss: 5.8528e+00 | AmpL1Full: 1.9168e-02 | PhaseL1PredSup: 3.2966e-02 | SupportBCE: 3.3624e+00 | SupportWeighted: 0.0000e+00 | BatchLR: 5.000e-04 | Grad: True  | Update: True  | Elapsed: 0:16:12 | ETA: 0:11:55
Epoch[25] Batch[1901/3125] | OptTotal: 6.3695e+00 | FTLoss: 6.3695e+00 | AmpL1Full: 2.5746e-02 | PhaseL1PredSup: 3.4275e-02 | SupportBCE: 3.2088e+00 | SupportWeighted: 0.0000e+00 | BatchLR: 5.000e-04 | Grad: True  | Update: True  | Elapsed: 0:17:06 | ETA: 0:11:01
Epoch[25] Batch[2001/3125] | OptTotal: 6.6967e+00 | FTLoss: 6.6967e+00 | AmpL1Full: 2.6358e-02 | PhaseL1PredSup: 3.3721e-02 | SupportBCE: 3.1069e+00 | SupportWeighted: 0.0000e+00 | BatchLR: 5.000e-04 | Grad: True  | Update: True  | Elapsed: 0:18:00 | ETA: 0:10:07
Epoch[25] Batch[2101/3125] | OptTotal: 6.1647e+00 | FTLoss: 6.1647e+00 | AmpL1Full: 2.1760e-02 | PhaseL1PredSup: 2.9930e-02 | SupportBCE: 3.2597e+00 | SupportWeighted: 0.0000e+00 | BatchLR: 5.000e-04 | Grad: True  | Update: True  | Elapsed: 0:18:54 | ETA: 0:09:13
Epoch[25] Batch[2201/3125] | OptTotal: 6.3939e+00 | FTLoss: 6.3939e+00 | AmpL1Full: 2.7746e-02 | PhaseL1PredSup: 3.6912e-02 | SupportBCE: 3.1996e+00 | SupportWeighted: 0.0000e+00 | BatchLR: 5.000e-04 | Grad: True  | Update: True  | Elapsed: 0:19:48 | ETA: 0:08:19
Epoch[25] Batch[2301/3125] | OptTotal: 6.4560e+00 | FTLoss: 6.4560e+00 | AmpL1Full: 2.6064e-02 | PhaseL1PredSup: 3.5888e-02 | SupportBCE: 3.3074e+00 | SupportWeighted: 0.0000e+00 | BatchLR: 5.000e-04 | Grad: True  | Update: True  | Elapsed: 0:20:42 | ETA: 0:07:25
Epoch[25] Batch[2401/3125] | OptTotal: 6.2964e+00 | FTLoss: 6.2964e+00 | AmpL1Full: 2.8083e-02 | PhaseL1PredSup: 3.3257e-02 | SupportBCE: 3.2133e+00 | SupportWeighted: 0.0000e+00 | BatchLR: 5.000e-04 | Grad: True  | Update: True  | Elapsed: 0:21:36 | ETA: 0:06:31
Epoch[25] Batch[2501/3125] | OptTotal: 5.8186e+00 | FTLoss: 5.8186e+00 | AmpL1Full: 1.6610e-02 | PhaseL1PredSup: 2.4895e-02 | SupportBCE: 3.4753e+00 | SupportWeighted: 0.0000e+00 | BatchLR: 5.000e-04 | Grad: True  | Update: True  | Elapsed: 0:22:30 | ETA: 0:05:37
Epoch[25] Batch[2601/3125] | OptTotal: 6.3900e+00 | FTLoss: 6.3900e+00 | AmpL1Full: 2.6589e-02 | PhaseL1PredSup: 3.3392e-02 | SupportBCE: 3.2011e+00 | SupportWeighted: 0.0000e+00 | BatchLR: 5.000e-04 | Grad: True  | Update: True  | Elapsed: 0:23:24 | ETA: 0:04:43
Epoch[25] Batch[2701/3125] | OptTotal: 5.9792e+00 | FTLoss: 5.9792e+00 | AmpL1Full: 2.0149e-02 | PhaseL1PredSup: 2.8607e-02 | SupportBCE: 3.3147e+00 | SupportWeighted: 0.0000e+00 | BatchLR: 5.000e-04 | Grad: True  | Update: True  | Elapsed: 0:24:18 | ETA: 0:03:49
Epoch[25] Batch[2801/3125] | OptTotal: 5.9109e+00 | FTLoss: 5.9109e+00 | AmpL1Full: 2.0355e-02 | PhaseL1PredSup: 3.1716e-02 | SupportBCE: 3.4443e+00 | SupportWeighted: 0.0000e+00 | BatchLR: 5.000e-04 | Grad: True  | Update: True  | Elapsed: 0:25:13 | ETA: 0:02:55
Epoch[25] Batch[2901/3125] | OptTotal: 5.8946e+00 | FTLoss: 5.8946e+00 | AmpL1Full: 1.7416e-02 | PhaseL1PredSup: 2.8268e-02 | SupportBCE: 3.4968e+00 | SupportWeighted: 0.0000e+00 | BatchLR: 5.000e-04 | Grad: True  | Update: True  | Elapsed: 0:26:07 | ETA: 0:02:00
Epoch[25] Batch[3001/3125] | OptTotal: 6.3284e+00 | FTLoss: 6.3284e+00 | AmpL1Full: 2.8502e-02 | PhaseL1PredSup: 3.7067e-02 | SupportBCE: 3.3661e+00 | SupportWeighted: 0.0000e+00 | BatchLR: 5.000e-04 | Grad: True  | Update: True  | Elapsed: 0:27:01 | ETA: 0:01:06
Epoch[25] Batch[3101/3125] | OptTotal: 6.4605e+00 | FTLoss: 6.4605e+00 | AmpL1Full: 2.1638e-02 | PhaseL1PredSup: 2.5916e-02 | SupportBCE: 3.1586e+00 | SupportWeighted: 0.0000e+00 | BatchLR: 5.000e-04 | Grad: True  | Update: True  | Elapsed: 0:27:55 | ETA: 0:00:12
Epoch[25] Batch[3125/3125] | OptTotal: 6.4880e+00 | FTLoss: 6.4880e+00 | AmpL1Full: 2.1456e-02 | PhaseL1PredSup: 2.5308e-02 | SupportBCE: 3.5863e+00 | SupportWeighted: 0.0000e+00 | BatchLR: 5.000e-04 | Grad: True  | Update: True  | Elapsed: 0:28:08 | ETA: 0:00:00

================================================================================
Epoch 25 complete | total time: 1688.00s | average OptTotal: 6.3250e+00
Average train optimization terms | FTLoss: 6.3250e+00 | SupportWeighted: 0.0000e+00
Average train real-space monitors | AmpL1Full: 2.2753e-02 | PhaseL1PredSup: 3.0524e-02 | SupportBCE: 3.2641e+00
================================================================================

Validation Epoch [25] | Batch [100/625] | OptTotal: 6.6282e+00 | FTLoss: 6.6282e+00 | AmpL1Full: 2.1575e-02 | PhaseL1PredSup: 2.7228e-02 | SupportBCE: 3.2999e+00 | FT_L1: 6.6282e+00 | FT_RelL1: 5.4982e-01 | FT_Chi2: 5.1957e-01 | FT_PearsonCorr: 7.4657e-01
Validation Epoch [25] | Batch [200/625] | OptTotal: 6.2171e+00 | FTLoss: 6.2171e+00 | AmpL1Full: 2.3763e-02 | PhaseL1PredSup: 3.2810e-02 | SupportBCE: 2.9724e+00 | FT_L1: 6.2171e+00 | FT_RelL1: 5.2811e-01 | FT_Chi2: 4.5477e-01 | FT_PearsonCorr: 7.9553e-01
Validation Epoch [25] | Batch [300/625] | OptTotal: 6.4272e+00 | FTLoss: 6.4272e+00 | AmpL1Full: 2.2871e-02 | PhaseL1PredSup: 3.3011e-02 | SupportBCE: 3.5324e+00 | FT_L1: 6.4272e+00 | FT_RelL1: 5.2713e-01 | FT_Chi2: 4.3277e-01 | FT_PearsonCorr: 7.9827e-01
Validation Epoch [25] | Batch [400/625] | OptTotal: 6.0749e+00 | FTLoss: 6.0749e+00 | AmpL1Full: 1.9852e-02 | PhaseL1PredSup: 2.6990e-02 | SupportBCE: 3.6332e+00 | FT_L1: 6.0749e+00 | FT_RelL1: 5.3381e-01 | FT_Chi2: 4.6077e-01 | FT_PearsonCorr: 7.7590e-01
Validation Epoch [25] | Batch [500/625] | OptTotal: 6.7982e+00 | FTLoss: 6.7982e+00 | AmpL1Full: 2.3074e-02 | PhaseL1PredSup: 2.3370e-02 | SupportBCE: 3.5616e+00 | FT_L1: 6.7982e+00 | FT_RelL1: 5.7030e-01 | FT_Chi2: 5.5939e-01 | FT_PearsonCorr: 7.1742e-01
Validation Epoch [25] | Batch [600/625] | OptTotal: 6.0808e+00 | FTLoss: 6.0808e+00 | AmpL1Full: 2.0716e-02 | PhaseL1PredSup: 2.8864e-02 | SupportBCE: 3.2729e+00 | FT_L1: 6.0808e+00 | FT_RelL1: 5.3422e-01 | FT_Chi2: 4.4659e-01 | FT_PearsonCorr: 7.8973e-01
Validation Epoch [25] | Batch [625/625] | OptTotal: 6.2529e+00 | FTLoss: 6.2529e+00 | AmpL1Full: 2.1908e-02 | PhaseL1PredSup: 3.3314e-02 | SupportBCE: 3.1065e+00 | FT_L1: 6.2529e+00 | FT_RelL1: 5.2628e-01 | FT_Chi2: 4.0005e-01 | FT_PearsonCorr: 8.0651e-01

================================================================================
Epoch 25 validation complete
Average validation metrics:
   Optimization: OptTotal=6.3608e+00 | FTLoss=6.3608e+00 | SupportWeighted=0.0000e+00
   Real-space monitors: AmpL1Full=2.2553e-02 | PhaseL1PredSup=3.0072e-02 | SupportBCE=3.2829e+00
   Reciprocal primary: FT_L1=6.3608e+00 | FT_RelL1=5.3969e-01 | FT_Chi2=4.6521e-01 | FT_PearsonCorr=7.7844e-01
   Reciprocal diagnostics: FT_Huber=5.9006e+00 | FT_PearsonLoss=2.2156e-01 | FT_LogRelMSE=1.3144e-01 | FT_Comb=3.4338e-01 | FT_Comb2=4.5105e-01
   Raw-scale diagnostics: FT_VoxelMSE=2.0271e+03 | FT_VoxelRMSE=4.2156e+01
================================================================================

Epoch 25 scheduler lr: 5.000e-04
Epoch[26] Batch[1/3125] | OptTotal: 6.7512e+00 | FTLoss: 6.7512e+00 | AmpL1Full: 2.5594e-02 | PhaseL1PredSup: 2.6193e-02 | SupportBCE: 3.4550e+00 | SupportWeighted: 0.0000e+00 | BatchLR: 5.000e-04 | Grad: True  | Update: True  | Elapsed: 0:00:00 | ETA: 0:30:51
Epoch[26] Batch[101/3125] | OptTotal: 7.0129e+00 | FTLoss: 7.0129e+00 | AmpL1Full: 2.3653e-02 | PhaseL1PredSup: 2.2266e-02 | SupportBCE: 3.3422e+00 | SupportWeighted: 0.0000e+00 | BatchLR: 5.000e-04 | Grad: True  | Update: True  | Elapsed: 0:00:54 | ETA: 0:27:15
Epoch[26] Batch[201/3125] | OptTotal: 6.4572e+00 | FTLoss: 6.4572e+00 | AmpL1Full: 2.4491e-02 | PhaseL1PredSup: 3.2523e-02 | SupportBCE: 3.0829e+00 | SupportWeighted: 0.0000e+00 | BatchLR: 5.000e-04 | Grad: True  | Update: True  | Elapsed: 0:01:48 | ETA: 0:26:20
Epoch[26] Batch[301/3125] | OptTotal: 6.1487e+00 | FTLoss: 6.1487e+00 | AmpL1Full: 2.0389e-02 | PhaseL1PredSup: 2.9243e-02 | SupportBCE: 3.1556e+00 | SupportWeighted: 0.0000e+00 | BatchLR: 5.000e-04 | Grad: True  | Update: True  | Elapsed: 0:02:42 | ETA: 0:25:26
Epoch[26] Batch[401/3125] | OptTotal: 6.2179e+00 | FTLoss: 6.2179e+00 | AmpL1Full: 2.1779e-02 | PhaseL1PredSup: 2.6262e-02 | SupportBCE: 3.4164e+00 | SupportWeighted: 0.0000e+00 | BatchLR: 5.000e-04 | Grad: True  | Update: True  | Elapsed: 0:03:36 | ETA: 0:24:31
Epoch[26] Batch[501/3125] | OptTotal: 6.3785e+00 | FTLoss: 6.3785e+00 | AmpL1Full: 2.4203e-02 | PhaseL1PredSup: 3.3537e-02 | SupportBCE: 3.4119e+00 | SupportWeighted: 0.0000e+00 | BatchLR: 5.000e-04 | Grad: True  | Update: True  | Elapsed: 0:04:30 | ETA: 0:23:37
Epoch[26] Batch[601/3125] | OptTotal: 5.6293e+00 | FTLoss: 5.6293e+00 | AmpL1Full: 1.6460e-02 | PhaseL1PredSup: 2.5163e-02 | SupportBCE: 3.3202e+00 | SupportWeighted: 0.0000e+00 | BatchLR: 5.000e-04 | Grad: True  | Update: True  | Elapsed: 0:05:24 | ETA: 0:22:43
Epoch[26] Batch[701/3125] | OptTotal: 6.5635e+00 | FTLoss: 6.5635e+00 | AmpL1Full: 2.1633e-02 | PhaseL1PredSup: 2.8951e-02 | SupportBCE: 3.4696e+00 | SupportWeighted: 0.0000e+00 | BatchLR: 5.000e-04 | Grad: True  | Update: True  | Elapsed: 0:06:18 | ETA: 0:21:49
Epoch[26] Batch[801/3125] | OptTotal: 6.4111e+00 | FTLoss: 6.4111e+00 | AmpL1Full: 2.1704e-02 | PhaseL1PredSup: 3.3930e-02 | SupportBCE: 2.9533e+00 | SupportWeighted: 0.0000e+00 | BatchLR: 5.000e-04 | Grad: True  | Update: True  | Elapsed: 0:07:12 | ETA: 0:20:55
Epoch[26] Batch[901/3125] | OptTotal: 5.8637e+00 | FTLoss: 5.8637e+00 | AmpL1Full: 1.9769e-02 | PhaseL1PredSup: 3.1419e-02 | SupportBCE: 3.5419e+00 | SupportWeighted: 0.0000e+00 | BatchLR: 5.000e-04 | Grad: True  | Update: True  | Elapsed: 0:08:06 | ETA: 0:20:01
Epoch[26] Batch[1001/3125] | OptTotal: 7.0602e+00 | FTLoss: 7.0602e+00 | AmpL1Full: 2.7089e-02 | PhaseL1PredSup: 2.6034e-02 | SupportBCE: 3.4589e+00 | SupportWeighted: 0.0000e+00 | BatchLR: 5.000e-04 | Grad: True  | Update: True  | Elapsed: 0:09:00 | ETA: 0:19:07
Epoch[26] Batch[1101/3125] | OptTotal: 6.2090e+00 | FTLoss: 6.2090e+00 | AmpL1Full: 2.2238e-02 | PhaseL1PredSup: 3.1136e-02 | SupportBCE: 3.1654e+00 | SupportWeighted: 0.0000e+00 | BatchLR: 5.000e-04 | Grad: True  | Update: True  | Elapsed: 0:09:54 | ETA: 0:18:13
Epoch[26] Batch[1201/3125] | OptTotal: 6.2302e+00 | FTLoss: 6.2302e+00 | AmpL1Full: 2.4611e-02 | PhaseL1PredSup: 3.0966e-02 | SupportBCE: 3.3565e+00 | SupportWeighted: 0.0000e+00 | BatchLR: 5.000e-04 | Grad: True  | Update: True  | Elapsed: 0:10:48 | ETA: 0:17:19
Epoch[26] Batch[1301/3125] | OptTotal: 5.9735e+00 | FTLoss: 5.9735e+00 | AmpL1Full: 2.3054e-02 | PhaseL1PredSup: 3.7515e-02 | SupportBCE: 2.9662e+00 | SupportWeighted: 0.0000e+00 | BatchLR: 5.000e-04 | Grad: True  | Update: True  | Elapsed: 0:11:42 | ETA: 0:16:25
Epoch[26] Batch[1401/3125] | OptTotal: 6.5586e+00 | FTLoss: 6.5586e+00 | AmpL1Full: 2.5309e-02 | PhaseL1PredSup: 3.1567e-02 | SupportBCE: 3.1904e+00 | SupportWeighted: 0.0000e+00 | BatchLR: 5.000e-04 | Grad: True  | Update: True  | Elapsed: 0:12:36 | ETA: 0:15:31
Epoch[26] Batch[1501/3125] | OptTotal: 6.1990e+00 | FTLoss: 6.1990e+00 | AmpL1Full: 2.4742e-02 | PhaseL1PredSup: 3.0517e-02 | SupportBCE: 3.5509e+00 | SupportWeighted: 0.0000e+00 | BatchLR: 5.000e-04 | Grad: True  | Update: True  | Elapsed: 0:13:30 | ETA: 0:14:37
Epoch[26] Batch[1601/3125] | OptTotal: 6.4999e+00 | FTLoss: 6.4999e+00 | AmpL1Full: 2.4655e-02 | PhaseL1PredSup: 3.3291e-02 | SupportBCE: 3.1974e+00 | SupportWeighted: 0.0000e+00 | BatchLR: 5.000e-04 | Grad: True  | Update: True  | Elapsed: 0:14:24 | ETA: 0:13:43
Epoch[26] Batch[1701/3125] | OptTotal: 6.1386e+00 | FTLoss: 6.1386e+00 | AmpL1Full: 1.9414e-02 | PhaseL1PredSup: 3.1355e-02 | SupportBCE: 3.0645e+00 | SupportWeighted: 0.0000e+00 | BatchLR: 5.000e-04 | Grad: True  | Update: True  | Elapsed: 0:15:18 | ETA: 0:12:49
Epoch[26] Batch[1801/3125] | OptTotal: 6.3683e+00 | FTLoss: 6.3683e+00 | AmpL1Full: 2.5886e-02 | PhaseL1PredSup: 3.1641e-02 | SupportBCE: 3.4357e+00 | SupportWeighted: 0.0000e+00 | BatchLR: 5.000e-04 | Grad: True  | Update: True  | Elapsed: 0:16:12 | ETA: 0:11:55
Epoch[26] Batch[1901/3125] | OptTotal: 5.6178e+00 | FTLoss: 5.6178e+00 | AmpL1Full: 1.6704e-02 | PhaseL1PredSup: 2.4681e-02 | SupportBCE: 3.3974e+00 | SupportWeighted: 0.0000e+00 | BatchLR: 5.000e-04 | Grad: True  | Update: True  | Elapsed: 0:17:06 | ETA: 0:11:01
Epoch[26] Batch[2001/3125] | OptTotal: 6.4723e+00 | FTLoss: 6.4723e+00 | AmpL1Full: 2.2128e-02 | PhaseL1PredSup: 2.5623e-02 | SupportBCE: 3.5164e+00 | SupportWeighted: 0.0000e+00 | BatchLR: 5.000e-04 | Grad: True  | Update: True  | Elapsed: 0:18:00 | ETA: 0:10:07
Epoch[26] Batch[2101/3125] | OptTotal: 6.1740e+00 | FTLoss: 6.1740e+00 | AmpL1Full: 1.9131e-02 | PhaseL1PredSup: 2.4403e-02 | SupportBCE: 3.3327e+00 | SupportWeighted: 0.0000e+00 | BatchLR: 5.000e-04 | Grad: True  | Update: True  | Elapsed: 0:18:54 | ETA: 0:09:13
Epoch[26] Batch[2201/3125] | OptTotal: 6.8656e+00 | FTLoss: 6.8656e+00 | AmpL1Full: 2.6041e-02 | PhaseL1PredSup: 2.5888e-02 | SupportBCE: 3.3767e+00 | SupportWeighted: 0.0000e+00 | BatchLR: 5.000e-04 | Grad: True  | Update: True  | Elapsed: 0:19:48 | ETA: 0:08:19
Epoch[26] Batch[2301/3125] | OptTotal: 6.6067e+00 | FTLoss: 6.6067e+00 | AmpL1Full: 2.3090e-02 | PhaseL1PredSup: 3.4276e-02 | SupportBCE: 2.9306e+00 | SupportWeighted: 0.0000e+00 | BatchLR: 5.000e-04 | Grad: True  | Update: True  | Elapsed: 0:20:42 | ETA: 0:07:25
Epoch[26] Batch[2401/3125] | OptTotal: 6.0025e+00 | FTLoss: 6.0025e+00 | AmpL1Full: 2.3727e-02 | PhaseL1PredSup: 4.2118e-02 | SupportBCE: 2.8887e+00 | SupportWeighted: 0.0000e+00 | BatchLR: 5.000e-04 | Grad: True  | Update: True  | Elapsed: 0:21:36 | ETA: 0:06:31
Epoch[26] Batch[2501/3125] | OptTotal: 6.7861e+00 | FTLoss: 6.7861e+00 | AmpL1Full: 2.9067e-02 | PhaseL1PredSup: 3.4577e-02 | SupportBCE: 3.1832e+00 | SupportWeighted: 0.0000e+00 | BatchLR: 5.000e-04 | Grad: True  | Update: True  | Elapsed: 0:22:30 | ETA: 0:05:37
Epoch[26] Batch[2601/3125] | OptTotal: 6.8981e+00 | FTLoss: 6.8981e+00 | AmpL1Full: 2.6921e-02 | PhaseL1PredSup: 2.5187e-02 | SupportBCE: 3.4148e+00 | SupportWeighted: 0.0000e+00 | BatchLR: 5.000e-04 | Grad: True  | Update: True  | Elapsed: 0:23:24 | ETA: 0:04:43
Epoch[26] Batch[2701/3125] | OptTotal: 6.0441e+00 | FTLoss: 6.0441e+00 | AmpL1Full: 2.0682e-02 | PhaseL1PredSup: 3.8592e-02 | SupportBCE: 3.0853e+00 | SupportWeighted: 0.0000e+00 | BatchLR: 5.000e-04 | Grad: True  | Update: True  | Elapsed: 0:24:18 | ETA: 0:03:49
Epoch[26] Batch[2801/3125] | OptTotal: 6.6802e+00 | FTLoss: 6.6802e+00 | AmpL1Full: 2.8408e-02 | PhaseL1PredSup: 3.8148e-02 | SupportBCE: 3.0717e+00 | SupportWeighted: 0.0000e+00 | BatchLR: 5.000e-04 | Grad: True  | Update: True  | Elapsed: 0:25:12 | ETA: 0:02:55
Epoch[26] Batch[2901/3125] | OptTotal: 6.6049e+00 | FTLoss: 6.6049e+00 | AmpL1Full: 2.1406e-02 | PhaseL1PredSup: 2.4602e-02 | SupportBCE: 3.2219e+00 | SupportWeighted: 0.0000e+00 | BatchLR: 5.000e-04 | Grad: True  | Update: True  | Elapsed: 0:26:06 | ETA: 0:02:00
Epoch[26] Batch[3001/3125] | OptTotal: 6.6342e+00 | FTLoss: 6.6342e+00 | AmpL1Full: 2.8715e-02 | PhaseL1PredSup: 3.7963e-02 | SupportBCE: 3.0524e+00 | SupportWeighted: 0.0000e+00 | BatchLR: 5.000e-04 | Grad: True  | Update: True  | Elapsed: 0:27:01 | ETA: 0:01:06
Epoch[26] Batch[3101/3125] | OptTotal: 6.3018e+00 | FTLoss: 6.3018e+00 | AmpL1Full: 2.0251e-02 | PhaseL1PredSup: 2.8075e-02 | SupportBCE: 3.3980e+00 | SupportWeighted: 0.0000e+00 | BatchLR: 5.000e-04 | Grad: True  | Update: True  | Elapsed: 0:27:55 | ETA: 0:00:12
Epoch[26] Batch[3125/3125] | OptTotal: 6.0301e+00 | FTLoss: 6.0301e+00 | AmpL1Full: 1.6781e-02 | PhaseL1PredSup: 2.3581e-02 | SupportBCE: 3.5163e+00 | SupportWeighted: 0.0000e+00 | BatchLR: 5.000e-04 | Grad: True  | Update: True  | Elapsed: 0:28:08 | ETA: 0:00:00

================================================================================
Epoch 26 complete | total time: 1688.01s | average OptTotal: 6.3225e+00
Average train optimization terms | FTLoss: 6.3225e+00 | SupportWeighted: 0.0000e+00
Average train real-space monitors | AmpL1Full: 2.2724e-02 | PhaseL1PredSup: 3.0437e-02 | SupportBCE: 3.2824e+00
================================================================================

Validation Epoch [26] | Batch [100/625] | OptTotal: 6.6092e+00 | FTLoss: 6.6092e+00 | AmpL1Full: 2.1720e-02 | PhaseL1PredSup: 2.8055e-02 | SupportBCE: 3.3217e+00 | FT_L1: 6.6092e+00 | FT_RelL1: 5.4804e-01 | FT_Chi2: 5.1121e-01 | FT_PearsonCorr: 7.4803e-01
Validation Epoch [26] | Batch [200/625] | OptTotal: 6.2046e+00 | FTLoss: 6.2046e+00 | AmpL1Full: 2.3803e-02 | PhaseL1PredSup: 3.3540e-02 | SupportBCE: 2.9483e+00 | FT_L1: 6.2046e+00 | FT_RelL1: 5.2696e-01 | FT_Chi2: 4.5096e-01 | FT_PearsonCorr: 7.9588e-01
Validation Epoch [26] | Batch [300/625] | OptTotal: 6.4258e+00 | FTLoss: 6.4258e+00 | AmpL1Full: 2.2978e-02 | PhaseL1PredSup: 3.2925e-02 | SupportBCE: 3.5644e+00 | FT_L1: 6.4258e+00 | FT_RelL1: 5.2718e-01 | FT_Chi2: 4.3674e-01 | FT_PearsonCorr: 7.9617e-01
Validation Epoch [26] | Batch [400/625] | OptTotal: 6.0789e+00 | FTLoss: 6.0789e+00 | AmpL1Full: 1.9950e-02 | PhaseL1PredSup: 2.7387e-02 | SupportBCE: 3.6792e+00 | FT_L1: 6.0789e+00 | FT_RelL1: 5.3419e-01 | FT_Chi2: 4.6216e-01 | FT_PearsonCorr: 7.7407e-01
Validation Epoch [26] | Batch [500/625] | OptTotal: 6.7930e+00 | FTLoss: 6.7930e+00 | AmpL1Full: 2.3101e-02 | PhaseL1PredSup: 2.3878e-02 | SupportBCE: 3.5629e+00 | FT_L1: 6.7930e+00 | FT_RelL1: 5.6965e-01 | FT_Chi2: 5.5344e-01 | FT_PearsonCorr: 7.1885e-01
Validation Epoch [26] | Batch [600/625] | OptTotal: 6.0888e+00 | FTLoss: 6.0888e+00 | AmpL1Full: 2.0757e-02 | PhaseL1PredSup: 2.9282e-02 | SupportBCE: 3.2786e+00 | FT_L1: 6.0888e+00 | FT_RelL1: 5.3498e-01 | FT_Chi2: 4.4946e-01 | FT_PearsonCorr: 7.8561e-01
Validation Epoch [26] | Batch [625/625] | OptTotal: 6.2174e+00 | FTLoss: 6.2174e+00 | AmpL1Full: 2.2056e-02 | PhaseL1PredSup: 3.4491e-02 | SupportBCE: 3.1103e+00 | FT_L1: 6.2174e+00 | FT_RelL1: 5.2316e-01 | FT_Chi2: 3.9213e-01 | FT_PearsonCorr: 8.0705e-01

================================================================================
Epoch 26 validation complete
Average validation metrics:
   Optimization: OptTotal=6.3507e+00 | FTLoss=6.3507e+00 | SupportWeighted=0.0000e+00
   Real-space monitors: AmpL1Full=2.2638e-02 | PhaseL1PredSup=3.0554e-02 | SupportBCE=3.2922e+00
   Reciprocal primary: FT_L1=6.3507e+00 | FT_RelL1=5.3877e-01 | FT_Chi2=4.6230e-01 | FT_PearsonCorr=7.7804e-01
   Reciprocal diagnostics: FT_Huber=5.8904e+00 | FT_PearsonLoss=2.2196e-01 | FT_LogRelMSE=1.3150e-01 | FT_Comb=3.4213e-01 | FT_Comb2=4.5018e-01
   Raw-scale diagnostics: FT_VoxelMSE=2.0143e+03 | FT_VoxelRMSE=4.2004e+01
================================================================================

Epoch 26 scheduler lr: 5.000e-04
Epoch[27] Batch[1/3125] | OptTotal: 6.1622e+00 | FTLoss: 6.1622e+00 | AmpL1Full: 2.5594e-02 | PhaseL1PredSup: 3.3304e-02 | SupportBCE: 3.3845e+00 | SupportWeighted: 0.0000e+00 | BatchLR: 5.000e-04 | Grad: True  | Update: True  | Elapsed: 0:00:00 | ETA: 0:30:36
Epoch[27] Batch[101/3125] | OptTotal: 6.0131e+00 | FTLoss: 6.0131e+00 | AmpL1Full: 1.8031e-02 | PhaseL1PredSup: 2.2103e-02 | SupportBCE: 3.4183e+00 | SupportWeighted: 0.0000e+00 | BatchLR: 5.000e-04 | Grad: True  | Update: True  | Elapsed: 0:00:54 | ETA: 0:27:16
Epoch[27] Batch[201/3125] | OptTotal: 6.1710e+00 | FTLoss: 6.1710e+00 | AmpL1Full: 2.1874e-02 | PhaseL1PredSup: 3.2343e-02 | SupportBCE: 3.1961e+00 | SupportWeighted: 0.0000e+00 | BatchLR: 5.000e-04 | Grad: True  | Update: True  | Elapsed: 0:01:48 | ETA: 0:26:20
Epoch[27] Batch[301/3125] | OptTotal: 6.6444e+00 | FTLoss: 6.6444e+00 | AmpL1Full: 2.4606e-02 | PhaseL1PredSup: 3.3040e-02 | SupportBCE: 3.1766e+00 | SupportWeighted: 0.0000e+00 | BatchLR: 5.000e-04 | Grad: True  | Update: True  | Elapsed: 0:02:42 | ETA: 0:25:26
Epoch[27] Batch[401/3125] | OptTotal: 6.4929e+00 | FTLoss: 6.4929e+00 | AmpL1Full: 2.3257e-02 | PhaseL1PredSup: 3.3143e-02 | SupportBCE: 3.0596e+00 | SupportWeighted: 0.0000e+00 | BatchLR: 5.000e-04 | Grad: True  | Update: True  | Elapsed: 0:03:36 | ETA: 0:24:32
Epoch[27] Batch[501/3125] | OptTotal: 6.2997e+00 | FTLoss: 6.2997e+00 | AmpL1Full: 2.7805e-02 | PhaseL1PredSup: 3.4169e-02 | SupportBCE: 3.2738e+00 | SupportWeighted: 0.0000e+00 | BatchLR: 5.000e-04 | Grad: True  | Update: True  | Elapsed: 0:04:30 | ETA: 0:23:37
Epoch[27] Batch[601/3125] | OptTotal: 6.3987e+00 | FTLoss: 6.3987e+00 | AmpL1Full: 2.3804e-02 | PhaseL1PredSup: 3.0703e-02 | SupportBCE: 3.4625e+00 | SupportWeighted: 0.0000e+00 | BatchLR: 5.000e-04 | Grad: True  | Update: True  | Elapsed: 0:05:24 | ETA: 0:22:43
Epoch[27] Batch[701/3125] | OptTotal: 6.7417e+00 | FTLoss: 6.7417e+00 | AmpL1Full: 2.8485e-02 | PhaseL1PredSup: 3.1706e-02 | SupportBCE: 3.2498e+00 | SupportWeighted: 0.0000e+00 | BatchLR: 5.000e-04 | Grad: True  | Update: True  | Elapsed: 0:06:18 | ETA: 0:21:49
Epoch[27] Batch[801/3125] | OptTotal: 6.0452e+00 | FTLoss: 6.0452e+00 | AmpL1Full: 2.4718e-02 | PhaseL1PredSup: 3.0725e-02 | SupportBCE: 3.4864e+00 | SupportWeighted: 0.0000e+00 | BatchLR: 5.000e-04 | Grad: True  | Update: True  | Elapsed: 0:07:12 | ETA: 0:20:55
Epoch[27] Batch[901/3125] | OptTotal: 6.7266e+00 | FTLoss: 6.7266e+00 | AmpL1Full: 2.6258e-02 | PhaseL1PredSup: 2.8669e-02 | SupportBCE: 3.3709e+00 | SupportWeighted: 0.0000e+00 | BatchLR: 5.000e-04 | Grad: True  | Update: True  | Elapsed: 0:08:06 | ETA: 0:20:01
Epoch[27] Batch[1001/3125] | OptTotal: 6.1536e+00 | FTLoss: 6.1536e+00 | AmpL1Full: 2.1172e-02 | PhaseL1PredSup: 2.6318e-02 | SupportBCE: 3.0913e+00 | SupportWeighted: 0.0000e+00 | BatchLR: 5.000e-04 | Grad: True  | Update: True  | Elapsed: 0:09:00 | ETA: 0:19:07
Epoch[27] Batch[1101/3125] | OptTotal: 6.3626e+00 | FTLoss: 6.3626e+00 | AmpL1Full: 2.1914e-02 | PhaseL1PredSup: 2.8839e-02 | SupportBCE: 3.4232e+00 | SupportWeighted: 0.0000e+00 | BatchLR: 5.000e-04 | Grad: True  | Update: True  | Elapsed: 0:09:54 | ETA: 0:18:13
Epoch[27] Batch[1201/3125] | OptTotal: 6.3320e+00 | FTLoss: 6.3320e+00 | AmpL1Full: 2.1292e-02 | PhaseL1PredSup: 2.6007e-02 | SupportBCE: 3.4492e+00 | SupportWeighted: 0.0000e+00 | BatchLR: 5.000e-04 | Grad: True  | Update: True  | Elapsed: 0:10:48 | ETA: 0:17:19
Epoch[27] Batch[1301/3125] | OptTotal: 6.0084e+00 | FTLoss: 6.0084e+00 | AmpL1Full: 1.8839e-02 | PhaseL1PredSup: 3.1202e-02 | SupportBCE: 3.0488e+00 | SupportWeighted: 0.0000e+00 | BatchLR: 5.000e-04 | Grad: True  | Update: True  | Elapsed: 0:11:42 | ETA: 0:16:25
Epoch[27] Batch[1401/3125] | OptTotal: 6.1766e+00 | FTLoss: 6.1766e+00 | AmpL1Full: 2.1532e-02 | PhaseL1PredSup: 2.9786e-02 | SupportBCE: 3.5376e+00 | SupportWeighted: 0.0000e+00 | BatchLR: 5.000e-04 | Grad: True  | Update: True  | Elapsed: 0:12:36 | ETA: 0:15:31
Epoch[27] Batch[1501/3125] | OptTotal: 6.8826e+00 | FTLoss: 6.8826e+00 | AmpL1Full: 2.5804e-02 | PhaseL1PredSup: 2.9778e-02 | SupportBCE: 3.2614e+00 | SupportWeighted: 0.0000e+00 | BatchLR: 5.000e-04 | Grad: True  | Update: True  | Elapsed: 0:13:30 | ETA: 0:14:37
Epoch[27] Batch[1601/3125] | OptTotal: 6.4999e+00 | FTLoss: 6.4999e+00 | AmpL1Full: 2.3683e-02 | PhaseL1PredSup: 3.4121e-02 | SupportBCE: 3.2175e+00 | SupportWeighted: 0.0000e+00 | BatchLR: 5.000e-04 | Grad: True  | Update: True  | Elapsed: 0:14:24 | ETA: 0:13:43
Epoch[27] Batch[1701/3125] | OptTotal: 6.6936e+00 | FTLoss: 6.6936e+00 | AmpL1Full: 2.5926e-02 | PhaseL1PredSup: 3.4690e-02 | SupportBCE: 3.4106e+00 | SupportWeighted: 0.0000e+00 | BatchLR: 5.000e-04 | Grad: True  | Update: True  | Elapsed: 0:15:18 | ETA: 0:12:49
Epoch[27] Batch[1801/3125] | OptTotal: 6.6390e+00 | FTLoss: 6.6390e+00 | AmpL1Full: 2.5144e-02 | PhaseL1PredSup: 3.4343e-02 | SupportBCE: 3.0785e+00 | SupportWeighted: 0.0000e+00 | BatchLR: 5.000e-04 | Grad: True  | Update: True  | Elapsed: 0:16:12 | ETA: 0:11:55
Epoch[27] Batch[1901/3125] | OptTotal: 6.7719e+00 | FTLoss: 6.7719e+00 | AmpL1Full: 2.4535e-02 | PhaseL1PredSup: 2.6777e-02 | SupportBCE: 3.2993e+00 | SupportWeighted: 0.0000e+00 | BatchLR: 5.000e-04 | Grad: True  | Update: True  | Elapsed: 0:17:06 | ETA: 0:11:01
Epoch[27] Batch[2001/3125] | OptTotal: 6.4751e+00 | FTLoss: 6.4751e+00 | AmpL1Full: 2.5652e-02 | PhaseL1PredSup: 3.6966e-02 | SupportBCE: 3.0133e+00 | SupportWeighted: 0.0000e+00 | BatchLR: 5.000e-04 | Grad: True  | Update: True  | Elapsed: 0:18:00 | ETA: 0:10:07
Epoch[27] Batch[2101/3125] | OptTotal: 6.0381e+00 | FTLoss: 6.0381e+00 | AmpL1Full: 2.0395e-02 | PhaseL1PredSup: 3.6038e-02 | SupportBCE: 2.9605e+00 | SupportWeighted: 0.0000e+00 | BatchLR: 5.000e-04 | Grad: True  | Update: True  | Elapsed: 0:18:54 | ETA: 0:09:13
Epoch[27] Batch[2201/3125] | OptTotal: 6.0908e+00 | FTLoss: 6.0908e+00 | AmpL1Full: 2.3665e-02 | PhaseL1PredSup: 3.8226e-02 | SupportBCE: 3.2638e+00 | SupportWeighted: 0.0000e+00 | BatchLR: 5.000e-04 | Grad: True  | Update: True  | Elapsed: 0:19:48 | ETA: 0:08:19
Epoch[27] Batch[2301/3125] | OptTotal: 6.3449e+00 | FTLoss: 6.3449e+00 | AmpL1Full: 2.3210e-02 | PhaseL1PredSup: 3.0213e-02 | SupportBCE: 3.2111e+00 | SupportWeighted: 0.0000e+00 | BatchLR: 5.000e-04 | Grad: True  | Update: True  | Elapsed: 0:20:42 | ETA: 0:07:25
Epoch[27] Batch[2401/3125] | OptTotal: 6.5136e+00 | FTLoss: 6.5136e+00 | AmpL1Full: 2.4549e-02 | PhaseL1PredSup: 3.1814e-02 | SupportBCE: 3.4838e+00 | SupportWeighted: 0.0000e+00 | BatchLR: 5.000e-04 | Grad: True  | Update: True  | Elapsed: 0:21:36 | ETA: 0:06:31
Epoch[27] Batch[2501/3125] | OptTotal: 5.9926e+00 | FTLoss: 5.9926e+00 | AmpL1Full: 1.9828e-02 | PhaseL1PredSup: 3.3588e-02 | SupportBCE: 3.0878e+00 | SupportWeighted: 0.0000e+00 | BatchLR: 5.000e-04 | Grad: True  | Update: True  | Elapsed: 0:22:31 | ETA: 0:05:37
Epoch[27] Batch[2601/3125] | OptTotal: 6.0003e+00 | FTLoss: 6.0003e+00 | AmpL1Full: 1.8742e-02 | PhaseL1PredSup: 3.0030e-02 | SupportBCE: 3.3461e+00 | SupportWeighted: 0.0000e+00 | BatchLR: 5.000e-04 | Grad: True  | Update: True  | Elapsed: 0:23:25 | ETA: 0:04:43
Epoch[27] Batch[2701/3125] | OptTotal: 5.8748e+00 | FTLoss: 5.8748e+00 | AmpL1Full: 1.9596e-02 | PhaseL1PredSup: 2.9786e-02 | SupportBCE: 3.3633e+00 | SupportWeighted: 0.0000e+00 | BatchLR: 5.000e-04 | Grad: True  | Update: True  | Elapsed: 0:24:19 | ETA: 0:03:49
Epoch[27] Batch[2801/3125] | OptTotal: 6.1018e+00 | FTLoss: 6.1018e+00 | AmpL1Full: 2.3689e-02 | PhaseL1PredSup: 3.7727e-02 | SupportBCE: 3.0366e+00 | SupportWeighted: 0.0000e+00 | BatchLR: 5.000e-04 | Grad: True  | Update: True  | Elapsed: 0:25:13 | ETA: 0:02:55
Epoch[27] Batch[2901/3125] | OptTotal: 6.3828e+00 | FTLoss: 6.3828e+00 | AmpL1Full: 2.4959e-02 | PhaseL1PredSup: 3.5380e-02 | SupportBCE: 3.2897e+00 | SupportWeighted: 0.0000e+00 | BatchLR: 5.000e-04 | Grad: True  | Update: True  | Elapsed: 0:26:07 | ETA: 0:02:01
Epoch[27] Batch[3001/3125] | OptTotal: 6.0501e+00 | FTLoss: 6.0501e+00 | AmpL1Full: 2.1657e-02 | PhaseL1PredSup: 3.5367e-02 | SupportBCE: 3.3587e+00 | SupportWeighted: 0.0000e+00 | BatchLR: 5.000e-04 | Grad: True  | Update: True  | Elapsed: 0:27:01 | ETA: 0:01:06
Epoch[27] Batch[3101/3125] | OptTotal: 6.8313e+00 | FTLoss: 6.8313e+00 | AmpL1Full: 2.3801e-02 | PhaseL1PredSup: 2.8517e-02 | SupportBCE: 3.3743e+00 | SupportWeighted: 0.0000e+00 | BatchLR: 5.000e-04 | Grad: True  | Update: True  | Elapsed: 0:27:55 | ETA: 0:00:12
Epoch[27] Batch[3125/3125] | OptTotal: 6.3247e+00 | FTLoss: 6.3247e+00 | AmpL1Full: 2.1550e-02 | PhaseL1PredSup: 3.0389e-02 | SupportBCE: 3.2290e+00 | SupportWeighted: 0.0000e+00 | BatchLR: 5.000e-04 | Grad: True  | Update: True  | Elapsed: 0:28:08 | ETA: 0:00:00

================================================================================
Epoch 27 complete | total time: 1688.32s | average OptTotal: 6.3170e+00
Average train optimization terms | FTLoss: 6.3170e+00 | SupportWeighted: 0.0000e+00
Average train real-space monitors | AmpL1Full: 2.2717e-02 | PhaseL1PredSup: 3.0486e-02 | SupportBCE: 3.2994e+00
================================================================================

Validation Epoch [27] | Batch [100/625] | OptTotal: 6.6106e+00 | FTLoss: 6.6106e+00 | AmpL1Full: 2.1635e-02 | PhaseL1PredSup: 2.7851e-02 | SupportBCE: 3.3937e+00 | FT_L1: 6.6106e+00 | FT_RelL1: 5.4823e-01 | FT_Chi2: 5.1538e-01 | FT_PearsonCorr: 7.4728e-01
Validation Epoch [27] | Batch [200/625] | OptTotal: 6.2177e+00 | FTLoss: 6.2177e+00 | AmpL1Full: 2.3715e-02 | PhaseL1PredSup: 3.3089e-02 | SupportBCE: 3.0228e+00 | FT_L1: 6.2177e+00 | FT_RelL1: 5.2807e-01 | FT_Chi2: 4.5432e-01 | FT_PearsonCorr: 7.9482e-01
Validation Epoch [27] | Batch [300/625] | OptTotal: 6.4351e+00 | FTLoss: 6.4351e+00 | AmpL1Full: 2.3145e-02 | PhaseL1PredSup: 3.3805e-02 | SupportBCE: 3.6565e+00 | FT_L1: 6.4351e+00 | FT_RelL1: 5.2784e-01 | FT_Chi2: 4.2302e-01 | FT_PearsonCorr: 8.0178e-01
Validation Epoch [27] | Batch [400/625] | OptTotal: 6.0850e+00 | FTLoss: 6.0850e+00 | AmpL1Full: 1.9889e-02 | PhaseL1PredSup: 2.7201e-02 | SupportBCE: 3.7418e+00 | FT_L1: 6.0850e+00 | FT_RelL1: 5.3469e-01 | FT_Chi2: 4.5849e-01 | FT_PearsonCorr: 7.7752e-01
Validation Epoch [27] | Batch [500/625] | OptTotal: 6.7822e+00 | FTLoss: 6.7822e+00 | AmpL1Full: 2.3085e-02 | PhaseL1PredSup: 2.3734e-02 | SupportBCE: 3.6569e+00 | FT_L1: 6.7822e+00 | FT_RelL1: 5.6903e-01 | FT_Chi2: 5.5111e-01 | FT_PearsonCorr: 7.2059e-01
Validation Epoch [27] | Batch [600/625] | OptTotal: 6.0793e+00 | FTLoss: 6.0793e+00 | AmpL1Full: 2.0716e-02 | PhaseL1PredSup: 2.8837e-02 | SupportBCE: 3.3788e+00 | FT_L1: 6.0793e+00 | FT_RelL1: 5.3416e-01 | FT_Chi2: 4.4659e-01 | FT_PearsonCorr: 7.8983e-01
Validation Epoch [27] | Batch [625/625] | OptTotal: 6.2370e+00 | FTLoss: 6.2370e+00 | AmpL1Full: 2.1824e-02 | PhaseL1PredSup: 3.3431e-02 | SupportBCE: 3.2043e+00 | FT_L1: 6.2370e+00 | FT_RelL1: 5.2492e-01 | FT_Chi2: 3.9551e-01 | FT_PearsonCorr: 8.0908e-01

================================================================================
Epoch 27 validation complete
Average validation metrics:
   Optimization: OptTotal=6.3513e+00 | FTLoss=6.3513e+00 | SupportWeighted=0.0000e+00
   Real-space monitors: AmpL1Full=2.2573e-02 | PhaseL1PredSup=3.0401e-02 | SupportBCE=3.3673e+00
   Reciprocal primary: FT_L1=6.3513e+00 | FT_RelL1=5.3885e-01 | FT_Chi2=4.6176e-01 | FT_PearsonCorr=7.7941e-01
   Reciprocal diagnostics: FT_Huber=5.8910e+00 | FT_PearsonLoss=2.2059e-01 | FT_LogRelMSE=1.3130e-01 | FT_Comb=3.4118e-01 | FT_Comb2=4.4930e-01
   Raw-scale diagnostics: FT_VoxelMSE=2.0117e+03 | FT_VoxelRMSE=4.1968e+01
================================================================================

Epoch 27 scheduler lr: 5.000e-04
Epoch[28] Batch[1/3125] | OptTotal: 6.8231e+00 | FTLoss: 6.8231e+00 | AmpL1Full: 2.3315e-02 | PhaseL1PredSup: 2.6284e-02 | SupportBCE: 3.1914e+00 | SupportWeighted: 0.0000e+00 | BatchLR: 5.000e-04 | Grad: True  | Update: True  | Elapsed: 0:00:00 | ETA: 0:30:43
Epoch[28] Batch[101/3125] | OptTotal: 6.2694e+00 | FTLoss: 6.2694e+00 | AmpL1Full: 2.1673e-02 | PhaseL1PredSup: 3.0397e-02 | SupportBCE: 3.0950e+00 | SupportWeighted: 0.0000e+00 | BatchLR: 5.000e-04 | Grad: True  | Update: True  | Elapsed: 0:00:54 | ETA: 0:27:16
Epoch[28] Batch[201/3125] | OptTotal: 6.6206e+00 | FTLoss: 6.6206e+00 | AmpL1Full: 2.5538e-02 | PhaseL1PredSup: 2.6443e-02 | SupportBCE: 3.6458e+00 | SupportWeighted: 0.0000e+00 | BatchLR: 5.000e-04 | Grad: True  | Update: True  | Elapsed: 0:01:48 | ETA: 0:26:24
Epoch[28] Batch[301/3125] | OptTotal: 6.5031e+00 | FTLoss: 6.5031e+00 | AmpL1Full: 2.3728e-02 | PhaseL1PredSup: 3.2728e-02 | SupportBCE: 3.3675e+00 | SupportWeighted: 0.0000e+00 | BatchLR: 5.000e-04 | Grad: True  | Update: True  | Elapsed: 0:02:43 | ETA: 0:25:29
Epoch[28] Batch[401/3125] | OptTotal: 6.7160e+00 | FTLoss: 6.7160e+00 | AmpL1Full: 2.4075e-02 | PhaseL1PredSup: 2.8160e-02 | SupportBCE: 3.1968e+00 | SupportWeighted: 0.0000e+00 | BatchLR: 5.000e-04 | Grad: True  | Update: True  | Elapsed: 0:03:37 | ETA: 0:24:37
Epoch[28] Batch[501/3125] | OptTotal: 6.2845e+00 | FTLoss: 6.2845e+00 | AmpL1Full: 2.2752e-02 | PhaseL1PredSup: 3.0749e-02 | SupportBCE: 3.0988e+00 | SupportWeighted: 0.0000e+00 | BatchLR: 5.000e-04 | Grad: True  | Update: True  | Elapsed: 0:04:31 | ETA: 0:23:42
Epoch[28] Batch[601/3125] | OptTotal: 6.1563e+00 | FTLoss: 6.1563e+00 | AmpL1Full: 2.3863e-02 | PhaseL1PredSup: 4.3117e-02 | SupportBCE: 3.0764e+00 | SupportWeighted: 0.0000e+00 | BatchLR: 5.000e-04 | Grad: True  | Update: True  | Elapsed: 0:05:25 | ETA: 0:22:47
Epoch[28] Batch[701/3125] | OptTotal: 6.4148e+00 | FTLoss: 6.4148e+00 | AmpL1Full: 2.1394e-02 | PhaseL1PredSup: 2.7372e-02 | SupportBCE: 3.3586e+00 | SupportWeighted: 0.0000e+00 | BatchLR: 5.000e-04 | Grad: True  | Update: True  | Elapsed: 0:06:19 | ETA: 0:21:53
Epoch[28] Batch[801/3125] | OptTotal: 6.3716e+00 | FTLoss: 6.3716e+00 | AmpL1Full: 2.2380e-02 | PhaseL1PredSup: 2.7635e-02 | SupportBCE: 3.4823e+00 | SupportWeighted: 0.0000e+00 | BatchLR: 5.000e-04 | Grad: True  | Update: True  | Elapsed: 0:07:13 | ETA: 0:20:58
Epoch[28] Batch[901/3125] | OptTotal: 6.0714e+00 | FTLoss: 6.0714e+00 | AmpL1Full: 2.0229e-02 | PhaseL1PredSup: 2.6914e-02 | SupportBCE: 3.4412e+00 | SupportWeighted: 0.0000e+00 | BatchLR: 5.000e-04 | Grad: True  | Update: True  | Elapsed: 0:08:07 | ETA: 0:20:04
Epoch[28] Batch[1001/3125] | OptTotal: 5.9005e+00 | FTLoss: 5.9005e+00 | AmpL1Full: 2.7060e-02 | PhaseL1PredSup: 3.6176e-02 | SupportBCE: 3.2415e+00 | SupportWeighted: 0.0000e+00 | BatchLR: 5.000e-04 | Grad: True  | Update: True  | Elapsed: 0:09:02 | ETA: 0:19:10
Epoch[28] Batch[1101/3125] | OptTotal: 6.4179e+00 | FTLoss: 6.4179e+00 | AmpL1Full: 2.2853e-02 | PhaseL1PredSup: 2.6433e-02 | SupportBCE: 3.4399e+00 | SupportWeighted: 0.0000e+00 | BatchLR: 5.000e-04 | Grad: True  | Update: True  | Elapsed: 0:09:56 | ETA: 0:18:16
Epoch[28] Batch[1201/3125] | OptTotal: 6.8559e+00 | FTLoss: 6.8559e+00 | AmpL1Full: 2.6267e-02 | PhaseL1PredSup: 2.8506e-02 | SupportBCE: 3.5352e+00 | SupportWeighted: 0.0000e+00 | BatchLR: 5.000e-04 | Grad: True  | Update: True  | Elapsed: 0:10:50 | ETA: 0:17:22
Epoch[28] Batch[1301/3125] | OptTotal: 6.6676e+00 | FTLoss: 6.6676e+00 | AmpL1Full: 2.6216e-02 | PhaseL1PredSup: 3.0464e-02 | SupportBCE: 3.3766e+00 | SupportWeighted: 0.0000e+00 | BatchLR: 5.000e-04 | Grad: True  | Update: True  | Elapsed: 0:11:44 | ETA: 0:16:27
Epoch[28] Batch[1401/3125] | OptTotal: 6.3108e+00 | FTLoss: 6.3108e+00 | AmpL1Full: 2.6713e-02 | PhaseL1PredSup: 3.6419e-02 | SupportBCE: 3.3765e+00 | SupportWeighted: 0.0000e+00 | BatchLR: 5.000e-04 | Grad: True  | Update: True  | Elapsed: 0:12:38 | ETA: 0:15:33
Epoch[28] Batch[1501/3125] | OptTotal: 5.8162e+00 | FTLoss: 5.8162e+00 | AmpL1Full: 1.9072e-02 | PhaseL1PredSup: 2.4792e-02 | SupportBCE: 3.3666e+00 | SupportWeighted: 0.0000e+00 | BatchLR: 5.000e-04 | Grad: True  | Update: True  | Elapsed: 0:13:32 | ETA: 0:14:39
Epoch[28] Batch[1601/3125] | OptTotal: 6.2716e+00 | FTLoss: 6.2716e+00 | AmpL1Full: 2.4413e-02 | PhaseL1PredSup: 3.1479e-02 | SupportBCE: 3.4566e+00 | SupportWeighted: 0.0000e+00 | BatchLR: 5.000e-04 | Grad: True  | Update: True  | Elapsed: 0:14:26 | ETA: 0:13:45
Epoch[28] Batch[1701/3125] | OptTotal: 6.3150e+00 | FTLoss: 6.3150e+00 | AmpL1Full: 2.2796e-02 | PhaseL1PredSup: 2.9221e-02 | SupportBCE: 3.5084e+00 | SupportWeighted: 0.0000e+00 | BatchLR: 5.000e-04 | Grad: True  | Update: True  | Elapsed: 0:15:20 | ETA: 0:12:50
Epoch[28] Batch[1801/3125] | OptTotal: 5.9746e+00 | FTLoss: 5.9746e+00 | AmpL1Full: 2.2257e-02 | PhaseL1PredSup: 3.6255e-02 | SupportBCE: 3.0564e+00 | SupportWeighted: 0.0000e+00 | BatchLR: 5.000e-04 | Grad: True  | Update: True  | Elapsed: 0:16:14 | ETA: 0:11:56
Epoch[28] Batch[1901/3125] | OptTotal: 5.6418e+00 | FTLoss: 5.6418e+00 | AmpL1Full: 2.0203e-02 | PhaseL1PredSup: 3.3569e-02 | SupportBCE: 3.2578e+00 | SupportWeighted: 0.0000e+00 | BatchLR: 5.000e-04 | Grad: True  | Update: True  | Elapsed: 0:17:08 | ETA: 0:11:02
Epoch[28] Batch[2001/3125] | OptTotal: 6.1046e+00 | FTLoss: 6.1046e+00 | AmpL1Full: 1.8379e-02 | PhaseL1PredSup: 2.2621e-02 | SupportBCE: 3.8382e+00 | SupportWeighted: 0.0000e+00 | BatchLR: 5.000e-04 | Grad: True  | Update: True  | Elapsed: 0:18:02 | ETA: 0:10:08
Epoch[28] Batch[2101/3125] | OptTotal: 5.6833e+00 | FTLoss: 5.6833e+00 | AmpL1Full: 1.7134e-02 | PhaseL1PredSup: 2.5770e-02 | SupportBCE: 3.5150e+00 | SupportWeighted: 0.0000e+00 | BatchLR: 5.000e-04 | Grad: True  | Update: True  | Elapsed: 0:18:57 | ETA: 0:09:14
Epoch[28] Batch[2201/3125] | OptTotal: 5.9819e+00 | FTLoss: 5.9819e+00 | AmpL1Full: 2.3675e-02 | PhaseL1PredSup: 3.6930e-02 | SupportBCE: 3.0958e+00 | SupportWeighted: 0.0000e+00 | BatchLR: 5.000e-04 | Grad: True  | Update: True  | Elapsed: 0:19:51 | ETA: 0:08:20
Epoch[28] Batch[2301/3125] | OptTotal: 6.6202e+00 | FTLoss: 6.6202e+00 | AmpL1Full: 2.6469e-02 | PhaseL1PredSup: 3.2823e-02 | SupportBCE: 3.1231e+00 | SupportWeighted: 0.0000e+00 | BatchLR: 5.000e-04 | Grad: True  | Update: True  | Elapsed: 0:20:45 | ETA: 0:07:25
Epoch[28] Batch[2401/3125] | OptTotal: 5.9957e+00 | FTLoss: 5.9957e+00 | AmpL1Full: 2.3357e-02 | PhaseL1PredSup: 3.3568e-02 | SupportBCE: 3.3868e+00 | SupportWeighted: 0.0000e+00 | BatchLR: 5.000e-04 | Grad: True  | Update: True  | Elapsed: 0:21:39 | ETA: 0:06:31
Epoch[28] Batch[2501/3125] | OptTotal: 6.3973e+00 | FTLoss: 6.3973e+00 | AmpL1Full: 1.9870e-02 | PhaseL1PredSup: 2.3954e-02 | SupportBCE: 3.3351e+00 | SupportWeighted: 0.0000e+00 | BatchLR: 5.000e-04 | Grad: True  | Update: True  | Elapsed: 0:22:33 | ETA: 0:05:37
Epoch[28] Batch[2601/3125] | OptTotal: 7.0537e+00 | FTLoss: 7.0537e+00 | AmpL1Full: 2.7563e-02 | PhaseL1PredSup: 2.9513e-02 | SupportBCE: 3.2859e+00 | SupportWeighted: 0.0000e+00 | BatchLR: 5.000e-04 | Grad: True  | Update: True  | Elapsed: 0:23:27 | ETA: 0:04:43
Epoch[28] Batch[2701/3125] | OptTotal: 6.3427e+00 | FTLoss: 6.3427e+00 | AmpL1Full: 2.6624e-02 | PhaseL1PredSup: 3.2993e-02 | SupportBCE: 3.0381e+00 | SupportWeighted: 0.0000e+00 | BatchLR: 5.000e-04 | Grad: True  | Update: True  | Elapsed: 0:24:21 | ETA: 0:03:49
Epoch[28] Batch[2801/3125] | OptTotal: 6.3770e+00 | FTLoss: 6.3770e+00 | AmpL1Full: 2.3055e-02 | PhaseL1PredSup: 2.8497e-02 | SupportBCE: 3.4619e+00 | SupportWeighted: 0.0000e+00 | BatchLR: 5.000e-04 | Grad: True  | Update: True  | Elapsed: 0:25:15 | ETA: 0:02:55
Epoch[28] Batch[2901/3125] | OptTotal: 6.1723e+00 | FTLoss: 6.1723e+00 | AmpL1Full: 2.3083e-02 | PhaseL1PredSup: 3.0409e-02 | SupportBCE: 3.3305e+00 | SupportWeighted: 0.0000e+00 | BatchLR: 5.000e-04 | Grad: True  | Update: True  | Elapsed: 0:26:09 | ETA: 0:02:01
Epoch[28] Batch[3001/3125] | OptTotal: 6.3507e+00 | FTLoss: 6.3507e+00 | AmpL1Full: 1.9449e-02 | PhaseL1PredSup: 2.5821e-02 | SupportBCE: 3.3619e+00 | SupportWeighted: 0.0000e+00 | BatchLR: 5.000e-04 | Grad: True  | Update: True  | Elapsed: 0:27:03 | ETA: 0:01:07
Epoch[28] Batch[3101/3125] | OptTotal: 6.1332e+00 | FTLoss: 6.1332e+00 | AmpL1Full: 2.3019e-02 | PhaseL1PredSup: 3.0906e-02 | SupportBCE: 3.3467e+00 | SupportWeighted: 0.0000e+00 | BatchLR: 5.000e-04 | Grad: True  | Update: True  | Elapsed: 0:27:57 | ETA: 0:00:12
Epoch[28] Batch[3125/3125] | OptTotal: 6.4020e+00 | FTLoss: 6.4020e+00 | AmpL1Full: 2.3183e-02 | PhaseL1PredSup: 2.8317e-02 | SupportBCE: 3.4480e+00 | SupportWeighted: 0.0000e+00 | BatchLR: 5.000e-04 | Grad: True  | Update: True  | Elapsed: 0:28:10 | ETA: 0:00:00

================================================================================
Epoch 28 complete | total time: 1690.19s | average OptTotal: 6.3145e+00
Average train optimization terms | FTLoss: 6.3145e+00 | SupportWeighted: 0.0000e+00
Average train real-space monitors | AmpL1Full: 2.2705e-02 | PhaseL1PredSup: 3.0500e-02 | SupportBCE: 3.3133e+00
================================================================================

Validation Epoch [28] | Batch [100/625] | OptTotal: 6.5917e+00 | FTLoss: 6.5917e+00 | AmpL1Full: 2.1906e-02 | PhaseL1PredSup: 2.9168e-02 | SupportBCE: 3.2881e+00 | FT_L1: 6.5917e+00 | FT_RelL1: 5.4661e-01 | FT_Chi2: 5.0154e-01 | FT_PearsonCorr: 7.5150e-01
Validation Epoch [28] | Batch [200/625] | OptTotal: 6.2029e+00 | FTLoss: 6.2029e+00 | AmpL1Full: 2.3897e-02 | PhaseL1PredSup: 3.3935e-02 | SupportBCE: 2.9530e+00 | FT_L1: 6.2029e+00 | FT_RelL1: 5.2691e-01 | FT_Chi2: 4.4677e-01 | FT_PearsonCorr: 7.9683e-01
Validation Epoch [28] | Batch [300/625] | OptTotal: 6.4121e+00 | FTLoss: 6.4121e+00 | AmpL1Full: 2.3216e-02 | PhaseL1PredSup: 3.4234e-02 | SupportBCE: 3.5370e+00 | FT_L1: 6.4121e+00 | FT_RelL1: 5.2593e-01 | FT_Chi2: 4.2045e-01 | FT_PearsonCorr: 8.0212e-01
Validation Epoch [28] | Batch [400/625] | OptTotal: 6.0636e+00 | FTLoss: 6.0636e+00 | AmpL1Full: 2.0066e-02 | PhaseL1PredSup: 2.8071e-02 | SupportBCE: 3.6412e+00 | FT_L1: 6.0636e+00 | FT_RelL1: 5.3285e-01 | FT_Chi2: 4.5247e-01 | FT_PearsonCorr: 7.7699e-01
Validation Epoch [28] | Batch [500/625] | OptTotal: 6.7569e+00 | FTLoss: 6.7569e+00 | AmpL1Full: 2.3202e-02 | PhaseL1PredSup: 2.4688e-02 | SupportBCE: 3.5517e+00 | FT_L1: 6.7569e+00 | FT_RelL1: 5.6671e-01 | FT_Chi2: 5.4364e-01 | FT_PearsonCorr: 7.2268e-01
Validation Epoch [28] | Batch [600/625] | OptTotal: 6.0449e+00 | FTLoss: 6.0449e+00 | AmpL1Full: 2.0892e-02 | PhaseL1PredSup: 3.0241e-02 | SupportBCE: 3.2464e+00 | FT_L1: 6.0449e+00 | FT_RelL1: 5.3103e-01 | FT_Chi2: 4.3576e-01 | FT_PearsonCorr: 7.9250e-01
Validation Epoch [28] | Batch [625/625] | OptTotal: 6.2004e+00 | FTLoss: 6.2004e+00 | AmpL1Full: 2.2124e-02 | PhaseL1PredSup: 3.5132e-02 | SupportBCE: 3.0961e+00 | FT_L1: 6.2004e+00 | FT_RelL1: 5.2178e-01 | FT_Chi2: 3.8400e-01 | FT_PearsonCorr: 8.1169e-01

================================================================================
Epoch 28 validation complete
Average validation metrics:
   Optimization: OptTotal=6.3365e+00 | FTLoss=6.3365e+00 | SupportWeighted=0.0000e+00
   Real-space monitors: AmpL1Full=2.2791e-02 | PhaseL1PredSup=3.1651e-02 | SupportBCE=3.2783e+00
   Reciprocal primary: FT_L1=6.3365e+00 | FT_RelL1=5.3756e-01 | FT_Chi2=4.4987e-01 | FT_PearsonCorr=7.8255e-01
   Reciprocal diagnostics: FT_Huber=5.8763e+00 | FT_PearsonLoss=2.1745e-01 | FT_LogRelMSE=1.3217e-01 | FT_Comb=3.3366e-01 | FT_Comb2=4.4327e-01
   Raw-scale diagnostics: FT_VoxelMSE=1.9646e+03 | FT_VoxelRMSE=4.1393e+01
================================================================================

Epoch 28 scheduler lr: 5.000e-04
Saved new best model | best loss: 6.336478 | epoch: 28
Epoch[29] Batch[1/3125] | OptTotal: 6.5007e+00 | FTLoss: 6.5007e+00 | AmpL1Full: 2.5099e-02 | PhaseL1PredSup: 3.1670e-02 | SupportBCE: 3.4090e+00 | SupportWeighted: 0.0000e+00 | BatchLR: 5.000e-04 | Grad: True  | Update: True  | Elapsed: 0:00:00 | ETA: 0:30:11
Epoch[29] Batch[101/3125] | OptTotal: 5.7093e+00 | FTLoss: 5.7093e+00 | AmpL1Full: 1.5763e-02 | PhaseL1PredSup: 2.5433e-02 | SupportBCE: 3.3685e+00 | SupportWeighted: 0.0000e+00 | BatchLR: 5.000e-04 | Grad: True  | Update: True  | Elapsed: 0:00:54 | ETA: 0:27:15
Epoch[29] Batch[201/3125] | OptTotal: 6.6801e+00 | FTLoss: 6.6801e+00 | AmpL1Full: 2.6331e-02 | PhaseL1PredSup: 3.1027e-02 | SupportBCE: 3.5093e+00 | SupportWeighted: 0.0000e+00 | BatchLR: 5.000e-04 | Grad: True  | Update: True  | Elapsed: 0:01:48 | ETA: 0:26:19
Epoch[29] Batch[301/3125] | OptTotal: 6.2332e+00 | FTLoss: 6.2332e+00 | AmpL1Full: 2.2601e-02 | PhaseL1PredSup: 2.8982e-02 | SupportBCE: 3.2517e+00 | SupportWeighted: 0.0000e+00 | BatchLR: 5.000e-04 | Grad: True  | Update: True  | Elapsed: 0:02:42 | ETA: 0:25:25
Epoch[29] Batch[401/3125] | OptTotal: 6.4115e+00 | FTLoss: 6.4115e+00 | AmpL1Full: 2.1624e-02 | PhaseL1PredSup: 2.0601e-02 | SupportBCE: 3.4863e+00 | SupportWeighted: 0.0000e+00 | BatchLR: 5.000e-04 | Grad: True  | Update: True  | Elapsed: 0:03:36 | ETA: 0:24:31
Epoch[29] Batch[501/3125] | OptTotal: 6.2056e+00 | FTLoss: 6.2056e+00 | AmpL1Full: 2.1565e-02 | PhaseL1PredSup: 3.0305e-02 | SupportBCE: 3.2878e+00 | SupportWeighted: 0.0000e+00 | BatchLR: 5.000e-04 | Grad: True  | Update: True  | Elapsed: 0:04:30 | ETA: 0:23:38
Epoch[29] Batch[601/3125] | OptTotal: 6.4714e+00 | FTLoss: 6.4714e+00 | AmpL1Full: 2.3602e-02 | PhaseL1PredSup: 2.7940e-02 | SupportBCE: 3.4616e+00 | SupportWeighted: 0.0000e+00 | BatchLR: 5.000e-04 | Grad: True  | Update: True  | Elapsed: 0:05:24 | ETA: 0:22:43
Epoch[29] Batch[701/3125] | OptTotal: 6.2192e+00 | FTLoss: 6.2192e+00 | AmpL1Full: 2.0473e-02 | PhaseL1PredSup: 2.8720e-02 | SupportBCE: 3.2383e+00 | SupportWeighted: 0.0000e+00 | BatchLR: 5.000e-04 | Grad: True  | Update: True  | Elapsed: 0:06:18 | ETA: 0:21:49
Epoch[29] Batch[801/3125] | OptTotal: 6.7010e+00 | FTLoss: 6.7010e+00 | AmpL1Full: 2.3625e-02 | PhaseL1PredSup: 3.3356e-02 | SupportBCE: 3.0391e+00 | SupportWeighted: 0.0000e+00 | BatchLR: 5.000e-04 | Grad: True  | Update: True  | Elapsed: 0:07:12 | ETA: 0:20:55
Epoch[29] Batch[901/3125] | OptTotal: 6.1710e+00 | FTLoss: 6.1710e+00 | AmpL1Full: 1.8059e-02 | PhaseL1PredSup: 2.0486e-02 | SupportBCE: 3.4420e+00 | SupportWeighted: 0.0000e+00 | BatchLR: 5.000e-04 | Grad: True  | Update: True  | Elapsed: 0:08:06 | ETA: 0:20:01
Epoch[29] Batch[1001/3125] | OptTotal: 6.6546e+00 | FTLoss: 6.6546e+00 | AmpL1Full: 2.3968e-02 | PhaseL1PredSup: 2.9180e-02 | SupportBCE: 3.3814e+00 | SupportWeighted: 0.0000e+00 | BatchLR: 5.000e-04 | Grad: True  | Update: True  | Elapsed: 0:09:00 | ETA: 0:19:07
Epoch[29] Batch[1101/3125] | OptTotal: 5.4116e+00 | FTLoss: 5.4116e+00 | AmpL1Full: 2.0149e-02 | PhaseL1PredSup: 3.5822e-02 | SupportBCE: 3.3956e+00 | SupportWeighted: 0.0000e+00 | BatchLR: 5.000e-04 | Grad: True  | Update: True  | Elapsed: 0:09:54 | ETA: 0:18:13
Epoch[29] Batch[1201/3125] | OptTotal: 6.3790e+00 | FTLoss: 6.3790e+00 | AmpL1Full: 2.5747e-02 | PhaseL1PredSup: 3.1305e-02 | SupportBCE: 3.4575e+00 | SupportWeighted: 0.0000e+00 | BatchLR: 5.000e-04 | Grad: True  | Update: True  | Elapsed: 0:10:48 | ETA: 0:17:19
Epoch[29] Batch[1301/3125] | OptTotal: 5.8980e+00 | FTLoss: 5.8980e+00 | AmpL1Full: 1.9977e-02 | PhaseL1PredSup: 3.5021e-02 | SupportBCE: 3.4056e+00 | SupportWeighted: 0.0000e+00 | BatchLR: 5.000e-04 | Grad: True  | Update: True  | Elapsed: 0:11:42 | ETA: 0:16:25
Epoch[29] Batch[1401/3125] | OptTotal: 6.3022e+00 | FTLoss: 6.3022e+00 | AmpL1Full: 2.1756e-02 | PhaseL1PredSup: 3.0578e-02 | SupportBCE: 3.2896e+00 | SupportWeighted: 0.0000e+00 | BatchLR: 5.000e-04 | Grad: True  | Update: True  | Elapsed: 0:12:36 | ETA: 0:15:31
Epoch[29] Batch[1501/3125] | OptTotal: 5.6257e+00 | FTLoss: 5.6257e+00 | AmpL1Full: 1.8841e-02 | PhaseL1PredSup: 3.3390e-02 | SupportBCE: 3.2403e+00 | SupportWeighted: 0.0000e+00 | BatchLR: 5.000e-04 | Grad: True  | Update: True  | Elapsed: 0:13:30 | ETA: 0:14:37
Epoch[29] Batch[1601/3125] | OptTotal: 5.9342e+00 | FTLoss: 5.9342e+00 | AmpL1Full: 1.8160e-02 | PhaseL1PredSup: 2.8842e-02 | SupportBCE: 3.2327e+00 | SupportWeighted: 0.0000e+00 | BatchLR: 5.000e-04 | Grad: True  | Update: True  | Elapsed: 0:14:24 | ETA: 0:13:43
Epoch[29] Batch[1701/3125] | OptTotal: 6.3835e+00 | FTLoss: 6.3835e+00 | AmpL1Full: 2.1119e-02 | PhaseL1PredSup: 2.4980e-02 | SupportBCE: 3.3804e+00 | SupportWeighted: 0.0000e+00 | BatchLR: 5.000e-04 | Grad: True  | Update: True  | Elapsed: 0:15:18 | ETA: 0:12:49
Epoch[29] Batch[1801/3125] | OptTotal: 6.2181e+00 | FTLoss: 6.2181e+00 | AmpL1Full: 1.8912e-02 | PhaseL1PredSup: 2.6045e-02 | SupportBCE: 3.5316e+00 | SupportWeighted: 0.0000e+00 | BatchLR: 5.000e-04 | Grad: True  | Update: True  | Elapsed: 0:16:12 | ETA: 0:11:55
Epoch[29] Batch[1901/3125] | OptTotal: 5.5584e+00 | FTLoss: 5.5584e+00 | AmpL1Full: 1.6987e-02 | PhaseL1PredSup: 2.7655e-02 | SupportBCE: 3.5062e+00 | SupportWeighted: 0.0000e+00 | BatchLR: 5.000e-04 | Grad: True  | Update: True  | Elapsed: 0:17:06 | ETA: 0:11:01
Epoch[29] Batch[2001/3125] | OptTotal: 6.7779e+00 | FTLoss: 6.7779e+00 | AmpL1Full: 2.7926e-02 | PhaseL1PredSup: 3.1344e-02 | SupportBCE: 3.4018e+00 | SupportWeighted: 0.0000e+00 | BatchLR: 5.000e-04 | Grad: True  | Update: True  | Elapsed: 0:18:00 | ETA: 0:10:07
Epoch[29] Batch[2101/3125] | OptTotal: 6.1226e+00 | FTLoss: 6.1226e+00 | AmpL1Full: 2.3429e-02 | PhaseL1PredSup: 3.6027e-02 | SupportBCE: 3.3114e+00 | SupportWeighted: 0.0000e+00 | BatchLR: 5.000e-04 | Grad: True  | Update: True  | Elapsed: 0:18:54 | ETA: 0:09:13
Epoch[29] Batch[2201/3125] | OptTotal: 6.7560e+00 | FTLoss: 6.7560e+00 | AmpL1Full: 2.5310e-02 | PhaseL1PredSup: 3.2715e-02 | SupportBCE: 3.3220e+00 | SupportWeighted: 0.0000e+00 | BatchLR: 5.000e-04 | Grad: True  | Update: True  | Elapsed: 0:19:48 | ETA: 0:08:19
Epoch[29] Batch[2301/3125] | OptTotal: 6.2685e+00 | FTLoss: 6.2685e+00 | AmpL1Full: 2.2206e-02 | PhaseL1PredSup: 3.7300e-02 | SupportBCE: 3.2647e+00 | SupportWeighted: 0.0000e+00 | BatchLR: 5.000e-04 | Grad: True  | Update: True  | Elapsed: 0:20:42 | ETA: 0:07:25
Epoch[29] Batch[2401/3125] | OptTotal: 6.1948e+00 | FTLoss: 6.1948e+00 | AmpL1Full: 2.1027e-02 | PhaseL1PredSup: 3.0990e-02 | SupportBCE: 3.2479e+00 | SupportWeighted: 0.0000e+00 | BatchLR: 5.000e-04 | Grad: True  | Update: True  | Elapsed: 0:21:36 | ETA: 0:06:31
Epoch[29] Batch[2501/3125] | OptTotal: 5.5815e+00 | FTLoss: 5.5815e+00 | AmpL1Full: 1.6338e-02 | PhaseL1PredSup: 2.9351e-02 | SupportBCE: 3.4653e+00 | SupportWeighted: 0.0000e+00 | BatchLR: 5.000e-04 | Grad: True  | Update: True  | Elapsed: 0:22:30 | ETA: 0:05:37
Epoch[29] Batch[2601/3125] | OptTotal: 6.2406e+00 | FTLoss: 6.2406e+00 | AmpL1Full: 2.3847e-02 | PhaseL1PredSup: 2.9787e-02 | SupportBCE: 3.6340e+00 | SupportWeighted: 0.0000e+00 | BatchLR: 5.000e-04 | Grad: True  | Update: True  | Elapsed: 0:23:24 | ETA: 0:04:42
Epoch[29] Batch[2701/3125] | OptTotal: 7.1886e+00 | FTLoss: 7.1886e+00 | AmpL1Full: 2.9953e-02 | PhaseL1PredSup: 2.8925e-02 | SupportBCE: 3.1279e+00 | SupportWeighted: 0.0000e+00 | BatchLR: 5.000e-04 | Grad: True  | Update: True  | Elapsed: 0:24:18 | ETA: 0:03:48
Epoch[29] Batch[2801/3125] | OptTotal: 6.2043e+00 | FTLoss: 6.2043e+00 | AmpL1Full: 2.2095e-02 | PhaseL1PredSup: 3.1663e-02 | SupportBCE: 3.2920e+00 | SupportWeighted: 0.0000e+00 | BatchLR: 5.000e-04 | Grad: True  | Update: True  | Elapsed: 0:25:12 | ETA: 0:02:54
Epoch[29] Batch[2901/3125] | OptTotal: 6.8708e+00 | FTLoss: 6.8708e+00 | AmpL1Full: 2.5788e-02 | PhaseL1PredSup: 2.5486e-02 | SupportBCE: 3.4206e+00 | SupportWeighted: 0.0000e+00 | BatchLR: 5.000e-04 | Grad: True  | Update: True  | Elapsed: 0:26:06 | ETA: 0:02:00
Epoch[29] Batch[3001/3125] | OptTotal: 6.1239e+00 | FTLoss: 6.1239e+00 | AmpL1Full: 2.4393e-02 | PhaseL1PredSup: 3.4403e-02 | SupportBCE: 3.4789e+00 | SupportWeighted: 0.0000e+00 | BatchLR: 5.000e-04 | Grad: True  | Update: True  | Elapsed: 0:27:00 | ETA: 0:01:06
Epoch[29] Batch[3101/3125] | OptTotal: 6.6420e+00 | FTLoss: 6.6420e+00 | AmpL1Full: 2.5867e-02 | PhaseL1PredSup: 3.6326e-02 | SupportBCE: 3.3368e+00 | SupportWeighted: 0.0000e+00 | BatchLR: 5.000e-04 | Grad: True  | Update: True  | Elapsed: 0:27:54 | ETA: 0:00:12
Epoch[29] Batch[3125/3125] | OptTotal: 7.0312e+00 | FTLoss: 7.0312e+00 | AmpL1Full: 2.6190e-02 | PhaseL1PredSup: 2.5713e-02 | SupportBCE: 3.3703e+00 | SupportWeighted: 0.0000e+00 | BatchLR: 5.000e-04 | Grad: True  | Update: True  | Elapsed: 0:28:07 | ETA: 0:00:00

================================================================================
Epoch 29 complete | total time: 1687.55s | average OptTotal: 6.3105e+00
Average train optimization terms | FTLoss: 6.3105e+00 | SupportWeighted: 0.0000e+00
Average train real-space monitors | AmpL1Full: 2.2709e-02 | PhaseL1PredSup: 3.0412e-02 | SupportBCE: 3.3259e+00
================================================================================

Validation Epoch [29] | Batch [100/625] | OptTotal: 6.6243e+00 | FTLoss: 6.6243e+00 | AmpL1Full: 2.1514e-02 | PhaseL1PredSup: 2.6959e-02 | SupportBCE: 3.3742e+00 | FT_L1: 6.6243e+00 | FT_RelL1: 5.4935e-01 | FT_Chi2: 5.2370e-01 | FT_PearsonCorr: 7.4619e-01
Validation Epoch [29] | Batch [200/625] | OptTotal: 6.2150e+00 | FTLoss: 6.2150e+00 | AmpL1Full: 2.3684e-02 | PhaseL1PredSup: 3.2854e-02 | SupportBCE: 2.9947e+00 | FT_L1: 6.2150e+00 | FT_RelL1: 5.2808e-01 | FT_Chi2: 4.5976e-01 | FT_PearsonCorr: 7.9365e-01
Validation Epoch [29] | Batch [300/625] | OptTotal: 6.4290e+00 | FTLoss: 6.4290e+00 | AmpL1Full: 2.3002e-02 | PhaseL1PredSup: 3.3208e-02 | SupportBCE: 3.6121e+00 | FT_L1: 6.4290e+00 | FT_RelL1: 5.2733e-01 | FT_Chi2: 4.3447e-01 | FT_PearsonCorr: 7.9821e-01
Validation Epoch [29] | Batch [400/625] | OptTotal: 6.0922e+00 | FTLoss: 6.0922e+00 | AmpL1Full: 1.9778e-02 | PhaseL1PredSup: 2.6673e-02 | SupportBCE: 3.7129e+00 | FT_L1: 6.0922e+00 | FT_RelL1: 5.3542e-01 | FT_Chi2: 4.6745e-01 | FT_PearsonCorr: 7.7430e-01
Validation Epoch [29] | Batch [500/625] | OptTotal: 6.7889e+00 | FTLoss: 6.7889e+00 | AmpL1Full: 2.3146e-02 | PhaseL1PredSup: 2.3772e-02 | SupportBCE: 3.6033e+00 | FT_L1: 6.7889e+00 | FT_RelL1: 5.6955e-01 | FT_Chi2: 5.5248e-01 | FT_PearsonCorr: 7.2025e-01
Validation Epoch [29] | Batch [600/625] | OptTotal: 6.0652e+00 | FTLoss: 6.0652e+00 | AmpL1Full: 2.0754e-02 | PhaseL1PredSup: 2.8859e-02 | SupportBCE: 3.3178e+00 | FT_L1: 6.0652e+00 | FT_RelL1: 5.3287e-01 | FT_Chi2: 4.4997e-01 | FT_PearsonCorr: 7.8875e-01
Validation Epoch [29] | Batch [625/625] | OptTotal: 6.2129e+00 | FTLoss: 6.2129e+00 | AmpL1Full: 2.1969e-02 | PhaseL1PredSup: 3.4197e-02 | SupportBCE: 3.1426e+00 | FT_L1: 6.2129e+00 | FT_RelL1: 5.2295e-01 | FT_Chi2: 3.9864e-01 | FT_PearsonCorr: 8.0696e-01

================================================================================
Epoch 29 validation complete
Average validation metrics:
   Optimization: OptTotal=6.3539e+00 | FTLoss=6.3539e+00 | SupportWeighted=0.0000e+00
   Real-space monitors: AmpL1Full=2.2568e-02 | PhaseL1PredSup=3.0260e-02 | SupportBCE=3.3445e+00
   Reciprocal primary: FT_L1=6.3539e+00 | FT_RelL1=5.3910e-01 | FT_Chi2=4.6611e-01 | FT_PearsonCorr=7.7840e-01
   Reciprocal diagnostics: FT_Huber=5.8938e+00 | FT_PearsonLoss=2.2160e-01 | FT_LogRelMSE=1.3177e-01 | FT_Comb=3.4386e-01 | FT_Comb2=4.5139e-01
   Raw-scale diagnostics: FT_VoxelMSE=2.0255e+03 | FT_VoxelRMSE=4.2121e+01
================================================================================

Epoch 29 scheduler lr: 5.000e-04
Epoch[30] Batch[1/3125] | OptTotal: 6.7081e+00 | FTLoss: 6.7081e+00 | AmpL1Full: 2.4483e-02 | PhaseL1PredSup: 2.9827e-02 | SupportBCE: 3.5329e+00 | SupportWeighted: 0.0000e+00 | BatchLR: 5.000e-04 | Grad: True  | Update: True  | Elapsed: 0:00:00 | ETA: 0:30:49
Epoch[30] Batch[101/3125] | OptTotal: 6.7431e+00 | FTLoss: 6.7431e+00 | AmpL1Full: 3.4257e-02 | PhaseL1PredSup: 4.0262e-02 | SupportBCE: 3.4210e+00 | SupportWeighted: 0.0000e+00 | BatchLR: 5.000e-04 | Grad: True  | Update: True  | Elapsed: 0:00:54 | ETA: 0:27:19
Epoch[30] Batch[201/3125] | OptTotal: 6.4535e+00 | FTLoss: 6.4535e+00 | AmpL1Full: 2.5148e-02 | PhaseL1PredSup: 3.3157e-02 | SupportBCE: 3.3674e+00 | SupportWeighted: 0.0000e+00 | BatchLR: 5.000e-04 | Grad: True  | Update: True  | Elapsed: 0:01:48 | ETA: 0:26:21
Epoch[30] Batch[301/3125] | OptTotal: 5.9221e+00 | FTLoss: 5.9221e+00 | AmpL1Full: 1.9692e-02 | PhaseL1PredSup: 2.7278e-02 | SupportBCE: 3.5700e+00 | SupportWeighted: 0.0000e+00 | BatchLR: 5.000e-04 | Grad: True  | Update: True  | Elapsed: 0:02:42 | ETA: 0:25:28
Epoch[30] Batch[401/3125] | OptTotal: 6.4470e+00 | FTLoss: 6.4470e+00 | AmpL1Full: 2.0883e-02 | PhaseL1PredSup: 2.0664e-02 | SupportBCE: 3.2402e+00 | SupportWeighted: 0.0000e+00 | BatchLR: 5.000e-04 | Grad: True  | Update: True  | Elapsed: 0:03:36 | ETA: 0:24:33
Epoch[30] Batch[501/3125] | OptTotal: 6.0364e+00 | FTLoss: 6.0364e+00 | AmpL1Full: 2.2041e-02 | PhaseL1PredSup: 3.7647e-02 | SupportBCE: 3.2337e+00 | SupportWeighted: 0.0000e+00 | BatchLR: 5.000e-04 | Grad: True  | Update: True  | Elapsed: 0:04:30 | ETA: 0:23:38
Epoch[30] Batch[601/3125] | OptTotal: 6.3085e+00 | FTLoss: 6.3085e+00 | AmpL1Full: 2.3100e-02 | PhaseL1PredSup: 2.8367e-02 | SupportBCE: 3.4948e+00 | SupportWeighted: 0.0000e+00 | BatchLR: 5.000e-04 | Grad: True  | Update: True  | Elapsed: 0:05:24 | ETA: 0:22:44
Epoch[30] Batch[701/3125] | OptTotal: 6.1635e+00 | FTLoss: 6.1635e+00 | AmpL1Full: 2.0123e-02 | PhaseL1PredSup: 2.6081e-02 | SupportBCE: 3.2935e+00 | SupportWeighted: 0.0000e+00 | BatchLR: 5.000e-04 | Grad: True  | Update: True  | Elapsed: 0:06:18 | ETA: 0:21:49
Epoch[30] Batch[801/3125] | OptTotal: 6.3858e+00 | FTLoss: 6.3858e+00 | AmpL1Full: 2.8144e-02 | PhaseL1PredSup: 3.8602e-02 | SupportBCE: 3.1640e+00 | SupportWeighted: 0.0000e+00 | BatchLR: 5.000e-04 | Grad: True  | Update: True  | Elapsed: 0:07:12 | ETA: 0:20:55
Epoch[30] Batch[901/3125] | OptTotal: 6.4361e+00 | FTLoss: 6.4361e+00 | AmpL1Full: 2.4739e-02 | PhaseL1PredSup: 3.5208e-02 | SupportBCE: 3.0316e+00 | SupportWeighted: 0.0000e+00 | BatchLR: 5.000e-04 | Grad: True  | Update: True  | Elapsed: 0:08:06 | ETA: 0:20:01
Epoch[30] Batch[1001/3125] | OptTotal: 6.1969e+00 | FTLoss: 6.1969e+00 | AmpL1Full: 2.3577e-02 | PhaseL1PredSup: 3.0323e-02 | SupportBCE: 3.5213e+00 | SupportWeighted: 0.0000e+00 | BatchLR: 5.000e-04 | Grad: True  | Update: True  | Elapsed: 0:09:00 | ETA: 0:19:07
Epoch[30] Batch[1101/3125] | OptTotal: 6.2294e+00 | FTLoss: 6.2294e+00 | AmpL1Full: 2.4520e-02 | PhaseL1PredSup: 3.7449e-02 | SupportBCE: 3.1236e+00 | SupportWeighted: 0.0000e+00 | BatchLR: 5.000e-04 | Grad: True  | Update: True  | Elapsed: 0:09:54 | ETA: 0:18:13
Epoch[30] Batch[1201/3125] | OptTotal: 6.7517e+00 | FTLoss: 6.7517e+00 | AmpL1Full: 2.6937e-02 | PhaseL1PredSup: 3.1907e-02 | SupportBCE: 3.4615e+00 | SupportWeighted: 0.0000e+00 | BatchLR: 5.000e-04 | Grad: True  | Update: True  | Elapsed: 0:10:48 | ETA: 0:17:19
Epoch[30] Batch[1301/3125] | OptTotal: 6.1078e+00 | FTLoss: 6.1078e+00 | AmpL1Full: 2.0947e-02 | PhaseL1PredSup: 2.4215e-02 | SupportBCE: 3.6357e+00 | SupportWeighted: 0.0000e+00 | BatchLR: 5.000e-04 | Grad: True  | Update: True  | Elapsed: 0:11:42 | ETA: 0:16:25
Epoch[30] Batch[1401/3125] | OptTotal: 5.8863e+00 | FTLoss: 5.8863e+00 | AmpL1Full: 1.9607e-02 | PhaseL1PredSup: 2.5265e-02 | SupportBCE: 3.3826e+00 | SupportWeighted: 0.0000e+00 | BatchLR: 5.000e-04 | Grad: True  | Update: True  | Elapsed: 0:12:36 | ETA: 0:15:31
Epoch[30] Batch[1501/3125] | OptTotal: 5.8521e+00 | FTLoss: 5.8521e+00 | AmpL1Full: 2.2457e-02 | PhaseL1PredSup: 3.4780e-02 | SupportBCE: 3.2018e+00 | SupportWeighted: 0.0000e+00 | BatchLR: 5.000e-04 | Grad: True  | Update: True  | Elapsed: 0:13:30 | ETA: 0:14:37
Epoch[30] Batch[1601/3125] | OptTotal: 6.2803e+00 | FTLoss: 6.2803e+00 | AmpL1Full: 2.0624e-02 | PhaseL1PredSup: 2.5910e-02 | SupportBCE: 3.2075e+00 | SupportWeighted: 0.0000e+00 | BatchLR: 5.000e-04 | Grad: True  | Update: True  | Elapsed: 0:14:24 | ETA: 0:13:43
Epoch[30] Batch[1701/3125] | OptTotal: 6.2089e+00 | FTLoss: 6.2089e+00 | AmpL1Full: 2.2611e-02 | PhaseL1PredSup: 3.1261e-02 | SupportBCE: 3.1033e+00 | SupportWeighted: 0.0000e+00 | BatchLR: 5.000e-04 | Grad: True  | Update: True  | Elapsed: 0:15:18 | ETA: 0:12:49
Epoch[30] Batch[1801/3125] | OptTotal: 7.1287e+00 | FTLoss: 7.1287e+00 | AmpL1Full: 3.0961e-02 | PhaseL1PredSup: 2.9198e-02 | SupportBCE: 3.4107e+00 | SupportWeighted: 0.0000e+00 | BatchLR: 5.000e-04 | Grad: True  | Update: True  | Elapsed: 0:16:12 | ETA: 0:11:55
Epoch[30] Batch[1901/3125] | OptTotal: 6.7073e+00 | FTLoss: 6.7073e+00 | AmpL1Full: 2.7163e-02 | PhaseL1PredSup: 3.6579e-02 | SupportBCE: 3.3735e+00 | SupportWeighted: 0.0000e+00 | BatchLR: 5.000e-04 | Grad: True  | Update: True  | Elapsed: 0:17:06 | ETA: 0:11:01
Epoch[30] Batch[2001/3125] | OptTotal: 6.5865e+00 | FTLoss: 6.5865e+00 | AmpL1Full: 2.2511e-02 | PhaseL1PredSup: 2.3212e-02 | SupportBCE: 3.6597e+00 | SupportWeighted: 0.0000e+00 | BatchLR: 5.000e-04 | Grad: True  | Update: True  | Elapsed: 0:18:00 | ETA: 0:10:07
Epoch[30] Batch[2101/3125] | OptTotal: 6.4008e+00 | FTLoss: 6.4008e+00 | AmpL1Full: 2.4846e-02 | PhaseL1PredSup: 2.8066e-02 | SupportBCE: 3.5358e+00 | SupportWeighted: 0.0000e+00 | BatchLR: 5.000e-04 | Grad: True  | Update: True  | Elapsed: 0:18:54 | ETA: 0:09:13
Epoch[30] Batch[2201/3125] | OptTotal: 6.3787e+00 | FTLoss: 6.3787e+00 | AmpL1Full: 2.3256e-02 | PhaseL1PredSup: 3.1354e-02 | SupportBCE: 3.1559e+00 | SupportWeighted: 0.0000e+00 | BatchLR: 5.000e-04 | Grad: True  | Update: True  | Elapsed: 0:19:48 | ETA: 0:08:19
Epoch[30] Batch[2301/3125] | OptTotal: 6.1427e+00 | FTLoss: 6.1427e+00 | AmpL1Full: 2.3463e-02 | PhaseL1PredSup: 3.8666e-02 | SupportBCE: 3.1922e+00 | SupportWeighted: 0.0000e+00 | BatchLR: 5.000e-04 | Grad: True  | Update: True  | Elapsed: 0:20:42 | ETA: 0:07:25
Epoch[30] Batch[2401/3125] | OptTotal: 6.2016e+00 | FTLoss: 6.2016e+00 | AmpL1Full: 1.8115e-02 | PhaseL1PredSup: 2.6050e-02 | SupportBCE: 3.3549e+00 | SupportWeighted: 0.0000e+00 | BatchLR: 5.000e-04 | Grad: True  | Update: True  | Elapsed: 0:21:37 | ETA: 0:06:31
Epoch[30] Batch[2501/3125] | OptTotal: 6.5831e+00 | FTLoss: 6.5831e+00 | AmpL1Full: 2.7259e-02 | PhaseL1PredSup: 3.2820e-02 | SupportBCE: 3.4762e+00 | SupportWeighted: 0.0000e+00 | BatchLR: 5.000e-04 | Grad: True  | Update: True  | Elapsed: 0:22:31 | ETA: 0:05:37
Epoch[30] Batch[2601/3125] | OptTotal: 6.2872e+00 | FTLoss: 6.2872e+00 | AmpL1Full: 2.1025e-02 | PhaseL1PredSup: 3.3716e-02 | SupportBCE: 3.4452e+00 | SupportWeighted: 0.0000e+00 | BatchLR: 5.000e-04 | Grad: True  | Update: True  | Elapsed: 0:23:25 | ETA: 0:04:43
Epoch[30] Batch[2701/3125] | OptTotal: 6.4350e+00 | FTLoss: 6.4350e+00 | AmpL1Full: 1.9146e-02 | PhaseL1PredSup: 2.7631e-02 | SupportBCE: 3.0328e+00 | SupportWeighted: 0.0000e+00 | BatchLR: 5.000e-04 | Grad: True  | Update: True  | Elapsed: 0:24:19 | ETA: 0:03:49
Epoch[30] Batch[2801/3125] | OptTotal: 6.4197e+00 | FTLoss: 6.4197e+00 | AmpL1Full: 2.5405e-02 | PhaseL1PredSup: 4.0568e-02 | SupportBCE: 3.2062e+00 | SupportWeighted: 0.0000e+00 | BatchLR: 5.000e-04 | Grad: True  | Update: True  | Elapsed: 0:25:13 | ETA: 0:02:55
Epoch[30] Batch[2901/3125] | OptTotal: 5.4541e+00 | FTLoss: 5.4541e+00 | AmpL1Full: 1.7691e-02 | PhaseL1PredSup: 2.6652e-02 | SupportBCE: 3.3533e+00 | SupportWeighted: 0.0000e+00 | BatchLR: 5.000e-04 | Grad: True  | Update: True  | Elapsed: 0:26:08 | ETA: 0:02:01
Epoch[30] Batch[3001/3125] | OptTotal: 6.6375e+00 | FTLoss: 6.6375e+00 | AmpL1Full: 2.5003e-02 | PhaseL1PredSup: 2.8971e-02 | SupportBCE: 3.1477e+00 | SupportWeighted: 0.0000e+00 | BatchLR: 5.000e-04 | Grad: True  | Update: True  | Elapsed: 0:27:02 | ETA: 0:01:07
Epoch[30] Batch[3101/3125] | OptTotal: 6.1043e+00 | FTLoss: 6.1043e+00 | AmpL1Full: 2.0014e-02 | PhaseL1PredSup: 3.3470e-02 | SupportBCE: 3.3207e+00 | SupportWeighted: 0.0000e+00 | BatchLR: 5.000e-04 | Grad: True  | Update: True  | Elapsed: 0:27:56 | ETA: 0:00:12
Epoch[30] Batch[3125/3125] | OptTotal: 6.1637e+00 | FTLoss: 6.1637e+00 | AmpL1Full: 2.1997e-02 | PhaseL1PredSup: 2.8389e-02 | SupportBCE: 3.7723e+00 | SupportWeighted: 0.0000e+00 | BatchLR: 5.000e-04 | Grad: True  | Update: True  | Elapsed: 0:28:09 | ETA: 0:00:00

================================================================================
Epoch 30 complete | total time: 1689.49s | average OptTotal: 6.3076e+00
Average train optimization terms | FTLoss: 6.3076e+00 | SupportWeighted: 0.0000e+00
Average train real-space monitors | AmpL1Full: 2.2703e-02 | PhaseL1PredSup: 3.0370e-02 | SupportBCE: 3.3441e+00
================================================================================

Validation Epoch [30] | Batch [100/625] | OptTotal: 6.6082e+00 | FTLoss: 6.6082e+00 | AmpL1Full: 2.1654e-02 | PhaseL1PredSup: 2.7966e-02 | SupportBCE: 3.3766e+00 | FT_L1: 6.6082e+00 | FT_RelL1: 5.4826e-01 | FT_Chi2: 5.0914e-01 | FT_PearsonCorr: 7.5114e-01
Validation Epoch [30] | Batch [200/625] | OptTotal: 6.2361e+00 | FTLoss: 6.2361e+00 | AmpL1Full: 2.3566e-02 | PhaseL1PredSup: 3.2278e-02 | SupportBCE: 2.9756e+00 | FT_L1: 6.2361e+00 | FT_RelL1: 5.2985e-01 | FT_Chi2: 4.5681e-01 | FT_PearsonCorr: 7.9583e-01
Validation Epoch [30] | Batch [300/625] | OptTotal: 6.4247e+00 | FTLoss: 6.4247e+00 | AmpL1Full: 2.3140e-02 | PhaseL1PredSup: 3.3781e-02 | SupportBCE: 3.6154e+00 | FT_L1: 6.4247e+00 | FT_RelL1: 5.2711e-01 | FT_Chi2: 4.2275e-01 | FT_PearsonCorr: 8.0294e-01
Validation Epoch [30] | Batch [400/625] | OptTotal: 6.0918e+00 | FTLoss: 6.0918e+00 | AmpL1Full: 1.9867e-02 | PhaseL1PredSup: 2.7122e-02 | SupportBCE: 3.7306e+00 | FT_L1: 6.0918e+00 | FT_RelL1: 5.3534e-01 | FT_Chi2: 4.6031e-01 | FT_PearsonCorr: 7.7609e-01
Validation Epoch [30] | Batch [500/625] | OptTotal: 6.7844e+00 | FTLoss: 6.7844e+00 | AmpL1Full: 2.3094e-02 | PhaseL1PredSup: 2.3704e-02 | SupportBCE: 3.6407e+00 | FT_L1: 6.7844e+00 | FT_RelL1: 5.6910e-01 | FT_Chi2: 5.4596e-01 | FT_PearsonCorr: 7.2371e-01
Validation Epoch [30] | Batch [600/625] | OptTotal: 6.0686e+00 | FTLoss: 6.0686e+00 | AmpL1Full: 2.0735e-02 | PhaseL1PredSup: 2.8832e-02 | SupportBCE: 3.3412e+00 | FT_L1: 6.0686e+00 | FT_RelL1: 5.3305e-01 | FT_Chi2: 4.4187e-01 | FT_PearsonCorr: 7.9175e-01
Validation Epoch [30] | Batch [625/625] | OptTotal: 6.2253e+00 | FTLoss: 6.2253e+00 | AmpL1Full: 2.1754e-02 | PhaseL1PredSup: 3.3914e-02 | SupportBCE: 3.1457e+00 | FT_L1: 6.2253e+00 | FT_RelL1: 5.2392e-01 | FT_Chi2: 3.8882e-01 | FT_PearsonCorr: 8.1189e-01

================================================================================
Epoch 30 validation complete
Average validation metrics:
   Optimization: OptTotal=6.3527e+00 | FTLoss=6.3527e+00 | SupportWeighted=0.0000e+00
   Real-space monitors: AmpL1Full=2.2584e-02 | PhaseL1PredSup=3.0621e-02 | SupportBCE=3.3401e+00
   Reciprocal primary: FT_L1=6.3527e+00 | FT_RelL1=5.3901e-01 | FT_Chi2=4.5695e-01 | FT_PearsonCorr=7.8205e-01
   Reciprocal diagnostics: FT_Huber=5.8924e+00 | FT_PearsonLoss=2.1795e-01 | FT_LogRelMSE=1.3183e-01 | FT_Comb=3.3745e-01 | FT_Comb2=4.4613e-01
   Raw-scale diagnostics: FT_VoxelMSE=1.9913e+03 | FT_VoxelRMSE=4.1650e+01
================================================================================

Epoch 30 scheduler lr: 5.000e-04
checkpoint saved!
Epoch[31] Batch[1/3125] | OptTotal: 6.8756e+00 | FTLoss: 6.8756e+00 | AmpL1Full: 2.4589e-02 | PhaseL1PredSup: 2.8115e-02 | SupportBCE: 3.2256e+00 | SupportWeighted: 0.0000e+00 | BatchLR: 5.000e-04 | Grad: True  | Update: True  | Elapsed: 0:00:00 | ETA: 0:31:33
Epoch[31] Batch[101/3125] | OptTotal: 5.7224e+00 | FTLoss: 5.7224e+00 | AmpL1Full: 2.0219e-02 | PhaseL1PredSup: 2.7627e-02 | SupportBCE: 3.5995e+00 | SupportWeighted: 0.0000e+00 | BatchLR: 5.000e-04 | Grad: True  | Update: True  | Elapsed: 0:00:54 | ETA: 0:27:17
Epoch[31] Batch[201/3125] | OptTotal: 6.4390e+00 | FTLoss: 6.4390e+00 | AmpL1Full: 2.2851e-02 | PhaseL1PredSup: 2.6110e-02 | SupportBCE: 3.6833e+00 | SupportWeighted: 0.0000e+00 | BatchLR: 5.000e-04 | Grad: True  | Update: True  | Elapsed: 0:01:49 | ETA: 0:26:26
Epoch[31] Batch[301/3125] | OptTotal: 6.6950e+00 | FTLoss: 6.6950e+00 | AmpL1Full: 2.2564e-02 | PhaseL1PredSup: 2.6739e-02 | SupportBCE: 3.5679e+00 | SupportWeighted: 0.0000e+00 | BatchLR: 5.000e-04 | Grad: True  | Update: True  | Elapsed: 0:02:43 | ETA: 0:25:35
Epoch[31] Batch[401/3125] | OptTotal: 6.4429e+00 | FTLoss: 6.4429e+00 | AmpL1Full: 2.3751e-02 | PhaseL1PredSup: 2.7702e-02 | SupportBCE: 3.3053e+00 | SupportWeighted: 0.0000e+00 | BatchLR: 5.000e-04 | Grad: True  | Update: True  | Elapsed: 0:03:38 | ETA: 0:24:41
Epoch[31] Batch[501/3125] | OptTotal: 6.3864e+00 | FTLoss: 6.3864e+00 | AmpL1Full: 2.4801e-02 | PhaseL1PredSup: 3.4798e-02 | SupportBCE: 3.0215e+00 | SupportWeighted: 0.0000e+00 | BatchLR: 5.000e-04 | Grad: True  | Update: True  | Elapsed: 0:04:32 | ETA: 0:23:45
Epoch[31] Batch[601/3125] | OptTotal: 6.8005e+00 | FTLoss: 6.8005e+00 | AmpL1Full: 2.2523e-02 | PhaseL1PredSup: 2.3170e-02 | SupportBCE: 3.4527e+00 | SupportWeighted: 0.0000e+00 | BatchLR: 5.000e-04 | Grad: True  | Update: True  | Elapsed: 0:05:26 | ETA: 0:22:50
Epoch[31] Batch[701/3125] | OptTotal: 6.3678e+00 | FTLoss: 6.3678e+00 | AmpL1Full: 1.8157e-02 | PhaseL1PredSup: 2.2981e-02 | SupportBCE: 3.6991e+00 | SupportWeighted: 0.0000e+00 | BatchLR: 5.000e-04 | Grad: True  | Update: True  | Elapsed: 0:06:20 | ETA: 0:21:55
Epoch[31] Batch[801/3125] | OptTotal: 6.1064e+00 | FTLoss: 6.1064e+00 | AmpL1Full: 2.4994e-02 | PhaseL1PredSup: 3.2784e-02 | SupportBCE: 3.3744e+00 | SupportWeighted: 0.0000e+00 | BatchLR: 5.000e-04 | Grad: True  | Update: True  | Elapsed: 0:07:14 | ETA: 0:21:00
Epoch[31] Batch[901/3125] | OptTotal: 6.2821e+00 | FTLoss: 6.2821e+00 | AmpL1Full: 2.1356e-02 | PhaseL1PredSup: 2.7122e-02 | SupportBCE: 3.5178e+00 | SupportWeighted: 0.0000e+00 | BatchLR: 5.000e-04 | Grad: True  | Update: True  | Elapsed: 0:08:08 | ETA: 0:20:05
Epoch[31] Batch[1001/3125] | OptTotal: 6.3460e+00 | FTLoss: 6.3460e+00 | AmpL1Full: 2.2781e-02 | PhaseL1PredSup: 2.7217e-02 | SupportBCE: 3.7728e+00 | SupportWeighted: 0.0000e+00 | BatchLR: 5.000e-04 | Grad: True  | Update: True  | Elapsed: 0:09:02 | ETA: 0:19:11
Epoch[31] Batch[1101/3125] | OptTotal: 6.3113e+00 | FTLoss: 6.3113e+00 | AmpL1Full: 2.3567e-02 | PhaseL1PredSup: 3.1169e-02 | SupportBCE: 3.2325e+00 | SupportWeighted: 0.0000e+00 | BatchLR: 5.000e-04 | Grad: True  | Update: True  | Elapsed: 0:09:56 | ETA: 0:18:17
Epoch[31] Batch[1201/3125] | OptTotal: 6.7002e+00 | FTLoss: 6.7002e+00 | AmpL1Full: 2.4628e-02 | PhaseL1PredSup: 2.7933e-02 | SupportBCE: 3.6377e+00 | SupportWeighted: 0.0000e+00 | BatchLR: 5.000e-04 | Grad: True  | Update: True  | Elapsed: 0:10:51 | ETA: 0:17:23
Epoch[31] Batch[1301/3125] | OptTotal: 6.5603e+00 | FTLoss: 6.5603e+00 | AmpL1Full: 2.4995e-02 | PhaseL1PredSup: 3.6177e-02 | SupportBCE: 3.3557e+00 | SupportWeighted: 0.0000e+00 | BatchLR: 5.000e-04 | Grad: True  | Update: True  | Elapsed: 0:11:45 | ETA: 0:16:29
Epoch[31] Batch[1401/3125] | OptTotal: 6.5925e+00 | FTLoss: 6.5925e+00 | AmpL1Full: 2.4710e-02 | PhaseL1PredSup: 2.8751e-02 | SupportBCE: 3.6034e+00 | SupportWeighted: 0.0000e+00 | BatchLR: 5.000e-04 | Grad: True  | Update: True  | Elapsed: 0:12:39 | ETA: 0:15:34
Epoch[31] Batch[1501/3125] | OptTotal: 6.8588e+00 | FTLoss: 6.8588e+00 | AmpL1Full: 2.9341e-02 | PhaseL1PredSup: 3.0058e-02 | SupportBCE: 3.5352e+00 | SupportWeighted: 0.0000e+00 | BatchLR: 5.000e-04 | Grad: True  | Update: True  | Elapsed: 0:13:33 | ETA: 0:14:40
Epoch[31] Batch[1601/3125] | OptTotal: 6.5736e+00 | FTLoss: 6.5736e+00 | AmpL1Full: 2.2904e-02 | PhaseL1PredSup: 2.8258e-02 | SupportBCE: 3.3882e+00 | SupportWeighted: 0.0000e+00 | BatchLR: 5.000e-04 | Grad: True  | Update: True  | Elapsed: 0:14:27 | ETA: 0:13:45
Epoch[31] Batch[1701/3125] | OptTotal: 6.0650e+00 | FTLoss: 6.0650e+00 | AmpL1Full: 1.7757e-02 | PhaseL1PredSup: 2.7030e-02 | SupportBCE: 3.0934e+00 | SupportWeighted: 0.0000e+00 | BatchLR: 5.000e-04 | Grad: True  | Update: True  | Elapsed: 0:15:21 | ETA: 0:12:51
Epoch[31] Batch[1801/3125] | OptTotal: 5.7591e+00 | FTLoss: 5.7591e+00 | AmpL1Full: 1.9757e-02 | PhaseL1PredSup: 2.8727e-02 | SupportBCE: 3.3527e+00 | SupportWeighted: 0.0000e+00 | BatchLR: 5.000e-04 | Grad: True  | Update: True  | Elapsed: 0:16:15 | ETA: 0:11:57
Epoch[31] Batch[1901/3125] | OptTotal: 6.5584e+00 | FTLoss: 6.5584e+00 | AmpL1Full: 2.3064e-02 | PhaseL1PredSup: 3.2812e-02 | SupportBCE: 3.2297e+00 | SupportWeighted: 0.0000e+00 | BatchLR: 5.000e-04 | Grad: True  | Update: True  | Elapsed: 0:17:10 | ETA: 0:11:03
Epoch[31] Batch[2001/3125] | OptTotal: 6.8309e+00 | FTLoss: 6.8309e+00 | AmpL1Full: 2.3603e-02 | PhaseL1PredSup: 2.5671e-02 | SupportBCE: 3.5192e+00 | SupportWeighted: 0.0000e+00 | BatchLR: 5.000e-04 | Grad: True  | Update: True  | Elapsed: 0:18:04 | ETA: 0:10:09
Epoch[31] Batch[2101/3125] | OptTotal: 6.3888e+00 | FTLoss: 6.3888e+00 | AmpL1Full: 2.3927e-02 | PhaseL1PredSup: 3.2194e-02 | SupportBCE: 3.4188e+00 | SupportWeighted: 0.0000e+00 | BatchLR: 5.000e-04 | Grad: True  | Update: True  | Elapsed: 0:18:58 | ETA: 0:09:14
Epoch[31] Batch[2201/3125] | OptTotal: 6.3391e+00 | FTLoss: 6.3391e+00 | AmpL1Full: 2.3182e-02 | PhaseL1PredSup: 2.5141e-02 | SupportBCE: 3.7124e+00 | SupportWeighted: 0.0000e+00 | BatchLR: 5.000e-04 | Grad: True  | Update: True  | Elapsed: 0:19:52 | ETA: 0:08:20
Epoch[31] Batch[2301/3125] | OptTotal: 6.1590e+00 | FTLoss: 6.1590e+00 | AmpL1Full: 2.4327e-02 | PhaseL1PredSup: 3.4530e-02 | SupportBCE: 3.4615e+00 | SupportWeighted: 0.0000e+00 | BatchLR: 5.000e-04 | Grad: True  | Update: True  | Elapsed: 0:20:46 | ETA: 0:07:26
Epoch[31] Batch[2401/3125] | OptTotal: 6.3937e+00 | FTLoss: 6.3937e+00 | AmpL1Full: 1.8824e-02 | PhaseL1PredSup: 2.5300e-02 | SupportBCE: 3.1767e+00 | SupportWeighted: 0.0000e+00 | BatchLR: 5.000e-04 | Grad: True  | Update: True  | Elapsed: 0:21:41 | ETA: 0:06:32
Epoch[31] Batch[2501/3125] | OptTotal: 5.8688e+00 | FTLoss: 5.8688e+00 | AmpL1Full: 1.7899e-02 | PhaseL1PredSup: 2.9482e-02 | SupportBCE: 3.2111e+00 | SupportWeighted: 0.0000e+00 | BatchLR: 5.000e-04 | Grad: True  | Update: True  | Elapsed: 0:22:35 | ETA: 0:05:38
Epoch[31] Batch[2601/3125] | OptTotal: 5.9621e+00 | FTLoss: 5.9621e+00 | AmpL1Full: 2.0339e-02 | PhaseL1PredSup: 2.4608e-02 | SupportBCE: 3.5547e+00 | SupportWeighted: 0.0000e+00 | BatchLR: 5.000e-04 | Grad: True  | Update: True  | Elapsed: 0:23:29 | ETA: 0:04:43
Epoch[31] Batch[2701/3125] | OptTotal: 5.9998e+00 | FTLoss: 5.9998e+00 | AmpL1Full: 2.1421e-02 | PhaseL1PredSup: 3.8310e-02 | SupportBCE: 3.1085e+00 | SupportWeighted: 0.0000e+00 | BatchLR: 5.000e-04 | Grad: True  | Update: True  | Elapsed: 0:24:23 | ETA: 0:03:49
Epoch[31] Batch[2801/3125] | OptTotal: 6.8132e+00 | FTLoss: 6.8132e+00 | AmpL1Full: 2.1354e-02 | PhaseL1PredSup: 2.4866e-02 | SupportBCE: 3.6782e+00 | SupportWeighted: 0.0000e+00 | BatchLR: 5.000e-04 | Grad: True  | Update: True  | Elapsed: 0:25:17 | ETA: 0:02:55
Epoch[31] Batch[2901/3125] | OptTotal: 6.2099e+00 | FTLoss: 6.2099e+00 | AmpL1Full: 2.3111e-02 | PhaseL1PredSup: 3.1917e-02 | SupportBCE: 3.3100e+00 | SupportWeighted: 0.0000e+00 | BatchLR: 5.000e-04 | Grad: True  | Update: True  | Elapsed: 0:26:11 | ETA: 0:02:01
Epoch[31] Batch[3001/3125] | OptTotal: 6.6627e+00 | FTLoss: 6.6627e+00 | AmpL1Full: 2.5801e-02 | PhaseL1PredSup: 3.4082e-02 | SupportBCE: 3.2297e+00 | SupportWeighted: 0.0000e+00 | BatchLR: 5.000e-04 | Grad: True  | Update: True  | Elapsed: 0:27:06 | ETA: 0:01:07
Epoch[31] Batch[3101/3125] | OptTotal: 6.0354e+00 | FTLoss: 6.0354e+00 | AmpL1Full: 2.2919e-02 | PhaseL1PredSup: 3.2501e-02 | SupportBCE: 3.2781e+00 | SupportWeighted: 0.0000e+00 | BatchLR: 5.000e-04 | Grad: True  | Update: True  | Elapsed: 0:28:00 | ETA: 0:00:13
Epoch[31] Batch[3125/3125] | OptTotal: 5.9260e+00 | FTLoss: 5.9260e+00 | AmpL1Full: 2.1227e-02 | PhaseL1PredSup: 3.4951e-02 | SupportBCE: 3.3572e+00 | SupportWeighted: 0.0000e+00 | BatchLR: 5.000e-04 | Grad: True  | Update: True  | Elapsed: 0:28:13 | ETA: 0:00:00

================================================================================
Epoch 31 complete | total time: 1693.11s | average OptTotal: 6.3051e+00
Average train optimization terms | FTLoss: 6.3051e+00 | SupportWeighted: 0.0000e+00
Average train real-space monitors | AmpL1Full: 2.2696e-02 | PhaseL1PredSup: 3.0410e-02 | SupportBCE: 3.3653e+00
================================================================================

Validation Epoch [31] | Batch [100/625] | OptTotal: 6.6354e+00 | FTLoss: 6.6354e+00 | AmpL1Full: 2.1445e-02 | PhaseL1PredSup: 2.5935e-02 | SupportBCE: 3.4539e+00 | FT_L1: 6.6354e+00 | FT_RelL1: 5.5034e-01 | FT_Chi2: 5.2649e-01 | FT_PearsonCorr: 7.4654e-01
Validation Epoch [31] | Batch [200/625] | OptTotal: 6.2336e+00 | FTLoss: 6.2336e+00 | AmpL1Full: 2.3619e-02 | PhaseL1PredSup: 3.1468e-02 | SupportBCE: 3.0767e+00 | FT_L1: 6.2336e+00 | FT_RelL1: 5.2963e-01 | FT_Chi2: 4.6809e-01 | FT_PearsonCorr: 7.9144e-01
Validation Epoch [31] | Batch [300/625] | OptTotal: 6.4444e+00 | FTLoss: 6.4444e+00 | AmpL1Full: 2.2815e-02 | PhaseL1PredSup: 3.2023e-02 | SupportBCE: 3.7358e+00 | FT_L1: 6.4444e+00 | FT_RelL1: 5.2869e-01 | FT_Chi2: 4.3931e-01 | FT_PearsonCorr: 7.9669e-01
Validation Epoch [31] | Batch [400/625] | OptTotal: 6.0989e+00 | FTLoss: 6.0989e+00 | AmpL1Full: 1.9715e-02 | PhaseL1PredSup: 2.6192e-02 | SupportBCE: 3.8429e+00 | FT_L1: 6.0989e+00 | FT_RelL1: 5.3605e-01 | FT_Chi2: 4.6914e-01 | FT_PearsonCorr: 7.7415e-01
Validation Epoch [31] | Batch [500/625] | OptTotal: 6.8003e+00 | FTLoss: 6.8003e+00 | AmpL1Full: 2.3081e-02 | PhaseL1PredSup: 2.2875e-02 | SupportBCE: 3.7745e+00 | FT_L1: 6.8003e+00 | FT_RelL1: 5.7054e-01 | FT_Chi2: 5.5988e-01 | FT_PearsonCorr: 7.1808e-01
Validation Epoch [31] | Batch [600/625] | OptTotal: 6.0631e+00 | FTLoss: 6.0631e+00 | AmpL1Full: 2.0653e-02 | PhaseL1PredSup: 2.7922e-02 | SupportBCE: 3.4539e+00 | FT_L1: 6.0631e+00 | FT_RelL1: 5.3249e-01 | FT_Chi2: 4.5343e-01 | FT_PearsonCorr: 7.8681e-01
Validation Epoch [31] | Batch [625/625] | OptTotal: 6.2393e+00 | FTLoss: 6.2393e+00 | AmpL1Full: 2.1991e-02 | PhaseL1PredSup: 3.2895e-02 | SupportBCE: 3.2709e+00 | FT_L1: 6.2393e+00 | FT_RelL1: 5.2512e-01 | FT_Chi2: 4.0042e-01 | FT_PearsonCorr: 8.0709e-01

================================================================================
Epoch 31 validation complete
Average validation metrics:
   Optimization: OptTotal=6.3707e+00 | FTLoss=6.3707e+00 | SupportWeighted=0.0000e+00
   Real-space monitors: AmpL1Full=2.2462e-02 | PhaseL1PredSup=2.9005e-02 | SupportBCE=3.4584e+00
   Reciprocal primary: FT_L1=6.3707e+00 | FT_RelL1=5.4053e-01 | FT_Chi2=4.7298e-01 | FT_PearsonCorr=7.7644e-01
   Reciprocal diagnostics: FT_Huber=5.9104e+00 | FT_PearsonLoss=2.2356e-01 | FT_LogRelMSE=1.3134e-01 | FT_Comb=3.4827e-01 | FT_Comb2=4.5491e-01
   Raw-scale diagnostics: FT_VoxelMSE=2.0534e+03 | FT_VoxelRMSE=4.2470e+01
================================================================================

Epoch 31 scheduler lr: 5.000e-04
Epoch[32] Batch[1/3125] | OptTotal: 5.8707e+00 | FTLoss: 5.8707e+00 | AmpL1Full: 1.9765e-02 | PhaseL1PredSup: 2.9057e-02 | SupportBCE: 3.4657e+00 | SupportWeighted: 0.0000e+00 | BatchLR: 5.000e-04 | Grad: True  | Update: True  | Elapsed: 0:00:00 | ETA: 0:30:44
Epoch[32] Batch[101/3125] | OptTotal: 6.6924e+00 | FTLoss: 6.6924e+00 | AmpL1Full: 2.6225e-02 | PhaseL1PredSup: 3.1450e-02 | SupportBCE: 3.2911e+00 | SupportWeighted: 0.0000e+00 | BatchLR: 5.000e-04 | Grad: True  | Update: True  | Elapsed: 0:00:54 | ETA: 0:27:17
Epoch[32] Batch[201/3125] | OptTotal: 6.4471e+00 | FTLoss: 6.4471e+00 | AmpL1Full: 2.4637e-02 | PhaseL1PredSup: 3.2801e-02 | SupportBCE: 3.2351e+00 | SupportWeighted: 0.0000e+00 | BatchLR: 5.000e-04 | Grad: True  | Update: True  | Elapsed: 0:01:48 | ETA: 0:26:22
Epoch[32] Batch[301/3125] | OptTotal: 6.5047e+00 | FTLoss: 6.5047e+00 | AmpL1Full: 2.3741e-02 | PhaseL1PredSup: 3.2453e-02 | SupportBCE: 3.2188e+00 | SupportWeighted: 0.0000e+00 | BatchLR: 5.000e-04 | Grad: True  | Update: True  | Elapsed: 0:02:43 | ETA: 0:25:30
Epoch[32] Batch[401/3125] | OptTotal: 5.6961e+00 | FTLoss: 5.6961e+00 | AmpL1Full: 1.9687e-02 | PhaseL1PredSup: 3.5558e-02 | SupportBCE: 3.3053e+00 | SupportWeighted: 0.0000e+00 | BatchLR: 5.000e-04 | Grad: True  | Update: True  | Elapsed: 0:03:37 | ETA: 0:24:36
Epoch[32] Batch[501/3125] | OptTotal: 5.9399e+00 | FTLoss: 5.9399e+00 | AmpL1Full: 2.2750e-02 | PhaseL1PredSup: 2.7481e-02 | SupportBCE: 3.5818e+00 | SupportWeighted: 0.0000e+00 | BatchLR: 5.000e-04 | Grad: True  | Update: True  | Elapsed: 0:04:31 | ETA: 0:23:42
Epoch[32] Batch[601/3125] | OptTotal: 6.0875e+00 | FTLoss: 6.0875e+00 | AmpL1Full: 2.0040e-02 | PhaseL1PredSup: 3.0588e-02 | SupportBCE: 3.5789e+00 | SupportWeighted: 0.0000e+00 | BatchLR: 5.000e-04 | Grad: True  | Update: True  | Elapsed: 0:05:25 | ETA: 0:22:47
Epoch[32] Batch[701/3125] | OptTotal: 6.6374e+00 | FTLoss: 6.6374e+00 | AmpL1Full: 2.0184e-02 | PhaseL1PredSup: 2.8763e-02 | SupportBCE: 3.3405e+00 | SupportWeighted: 0.0000e+00 | BatchLR: 5.000e-04 | Grad: True  | Update: True  | Elapsed: 0:06:19 | ETA: 0:21:52
Epoch[32] Batch[801/3125] | OptTotal: 6.6605e+00 | FTLoss: 6.6605e+00 | AmpL1Full: 2.3462e-02 | PhaseL1PredSup: 3.0298e-02 | SupportBCE: 3.4186e+00 | SupportWeighted: 0.0000e+00 | BatchLR: 5.000e-04 | Grad: True  | Update: True  | Elapsed: 0:07:13 | ETA: 0:20:58
Epoch[32] Batch[901/3125] | OptTotal: 6.5846e+00 | FTLoss: 6.5846e+00 | AmpL1Full: 2.5749e-02 | PhaseL1PredSup: 3.7426e-02 | SupportBCE: 3.2432e+00 | SupportWeighted: 0.0000e+00 | BatchLR: 5.000e-04 | Grad: True  | Update: True  | Elapsed: 0:08:07 | ETA: 0:20:03
Epoch[32] Batch[1001/3125] | OptTotal: 5.6921e+00 | FTLoss: 5.6921e+00 | AmpL1Full: 1.6554e-02 | PhaseL1PredSup: 2.6245e-02 | SupportBCE: 3.3657e+00 | SupportWeighted: 0.0000e+00 | BatchLR: 5.000e-04 | Grad: True  | Update: True  | Elapsed: 0:09:01 | ETA: 0:19:09
Epoch[32] Batch[1101/3125] | OptTotal: 5.6368e+00 | FTLoss: 5.6368e+00 | AmpL1Full: 1.8945e-02 | PhaseL1PredSup: 3.2366e-02 | SupportBCE: 3.3172e+00 | SupportWeighted: 0.0000e+00 | BatchLR: 5.000e-04 | Grad: True  | Update: True  | Elapsed: 0:09:56 | ETA: 0:18:16
Epoch[32] Batch[1201/3125] | OptTotal: 6.1897e+00 | FTLoss: 6.1897e+00 | AmpL1Full: 2.2400e-02 | PhaseL1PredSup: 3.2895e-02 | SupportBCE: 3.1901e+00 | SupportWeighted: 0.0000e+00 | BatchLR: 5.000e-04 | Grad: True  | Update: True  | Elapsed: 0:10:50 | ETA: 0:17:22
Epoch[32] Batch[1301/3125] | OptTotal: 5.9623e+00 | FTLoss: 5.9623e+00 | AmpL1Full: 2.0667e-02 | PhaseL1PredSup: 3.5604e-02 | SupportBCE: 3.2106e+00 | SupportWeighted: 0.0000e+00 | BatchLR: 5.000e-04 | Grad: True  | Update: True  | Elapsed: 0:11:44 | ETA: 0:16:27
Epoch[32] Batch[1401/3125] | OptTotal: 6.4221e+00 | FTLoss: 6.4221e+00 | AmpL1Full: 2.5005e-02 | PhaseL1PredSup: 3.1356e-02 | SupportBCE: 3.5586e+00 | SupportWeighted: 0.0000e+00 | BatchLR: 5.000e-04 | Grad: True  | Update: True  | Elapsed: 0:12:38 | ETA: 0:15:33
Epoch[32] Batch[1501/3125] | OptTotal: 6.7629e+00 | FTLoss: 6.7629e+00 | AmpL1Full: 2.7068e-02 | PhaseL1PredSup: 3.5374e-02 | SupportBCE: 3.1554e+00 | SupportWeighted: 0.0000e+00 | BatchLR: 5.000e-04 | Grad: True  | Update: True  | Elapsed: 0:13:32 | ETA: 0:14:39
Epoch[32] Batch[1601/3125] | OptTotal: 6.3359e+00 | FTLoss: 6.3359e+00 | AmpL1Full: 2.2054e-02 | PhaseL1PredSup: 3.2952e-02 | SupportBCE: 3.3882e+00 | SupportWeighted: 0.0000e+00 | BatchLR: 5.000e-04 | Grad: True  | Update: True  | Elapsed: 0:14:26 | ETA: 0:13:45
Epoch[32] Batch[1701/3125] | OptTotal: 6.3552e+00 | FTLoss: 6.3552e+00 | AmpL1Full: 1.9718e-02 | PhaseL1PredSup: 2.3470e-02 | SupportBCE: 3.4508e+00 | SupportWeighted: 0.0000e+00 | BatchLR: 5.000e-04 | Grad: True  | Update: True  | Elapsed: 0:15:20 | ETA: 0:12:50
Epoch[32] Batch[1801/3125] | OptTotal: 6.1636e+00 | FTLoss: 6.1636e+00 | AmpL1Full: 2.2889e-02 | PhaseL1PredSup: 3.0280e-02 | SupportBCE: 3.5172e+00 | SupportWeighted: 0.0000e+00 | BatchLR: 5.000e-04 | Grad: True  | Update: True  | Elapsed: 0:16:15 | ETA: 0:11:56
Epoch[32] Batch[1901/3125] | OptTotal: 6.0495e+00 | FTLoss: 6.0495e+00 | AmpL1Full: 1.6752e-02 | PhaseL1PredSup: 2.5529e-02 | SupportBCE: 3.5331e+00 | SupportWeighted: 0.0000e+00 | BatchLR: 5.000e-04 | Grad: True  | Update: True  | Elapsed: 0:17:09 | ETA: 0:11:02
Epoch[32] Batch[2001/3125] | OptTotal: 6.3477e+00 | FTLoss: 6.3477e+00 | AmpL1Full: 2.3375e-02 | PhaseL1PredSup: 3.2429e-02 | SupportBCE: 3.5250e+00 | SupportWeighted: 0.0000e+00 | BatchLR: 5.000e-04 | Grad: True  | Update: True  | Elapsed: 0:18:03 | ETA: 0:10:08
Epoch[32] Batch[2101/3125] | OptTotal: 6.6260e+00 | FTLoss: 6.6260e+00 | AmpL1Full: 2.9068e-02 | PhaseL1PredSup: 3.3679e-02 | SupportBCE: 3.3763e+00 | SupportWeighted: 0.0000e+00 | BatchLR: 5.000e-04 | Grad: True  | Update: True  | Elapsed: 0:18:57 | ETA: 0:09:14
Epoch[32] Batch[2201/3125] | OptTotal: 6.5342e+00 | FTLoss: 6.5342e+00 | AmpL1Full: 2.1817e-02 | PhaseL1PredSup: 3.1124e-02 | SupportBCE: 3.2711e+00 | SupportWeighted: 0.0000e+00 | BatchLR: 5.000e-04 | Grad: True  | Update: True  | Elapsed: 0:19:51 | ETA: 0:08:20
Epoch[32] Batch[2301/3125] | OptTotal: 5.7986e+00 | FTLoss: 5.7986e+00 | AmpL1Full: 2.0711e-02 | PhaseL1PredSup: 3.3553e-02 | SupportBCE: 3.2157e+00 | SupportWeighted: 0.0000e+00 | BatchLR: 5.000e-04 | Grad: True  | Update: True  | Elapsed: 0:20:45 | ETA: 0:07:26
Epoch[32] Batch[2401/3125] | OptTotal: 6.4326e+00 | FTLoss: 6.4326e+00 | AmpL1Full: 2.2581e-02 | PhaseL1PredSup: 2.9210e-02 | SupportBCE: 3.4180e+00 | SupportWeighted: 0.0000e+00 | BatchLR: 5.000e-04 | Grad: True  | Update: True  | Elapsed: 0:21:39 | ETA: 0:06:32
Epoch[32] Batch[2501/3125] | OptTotal: 6.0405e+00 | FTLoss: 6.0405e+00 | AmpL1Full: 2.1433e-02 | PhaseL1PredSup: 2.8135e-02 | SupportBCE: 3.3176e+00 | SupportWeighted: 0.0000e+00 | BatchLR: 5.000e-04 | Grad: True  | Update: True  | Elapsed: 0:22:34 | ETA: 0:05:37
Epoch[32] Batch[2601/3125] | OptTotal: 5.9371e+00 | FTLoss: 5.9371e+00 | AmpL1Full: 1.7428e-02 | PhaseL1PredSup: 3.2026e-02 | SupportBCE: 2.9135e+00 | SupportWeighted: 0.0000e+00 | BatchLR: 5.000e-04 | Grad: True  | Update: True  | Elapsed: 0:23:28 | ETA: 0:04:43
Epoch[32] Batch[2701/3125] | OptTotal: 6.3957e+00 | FTLoss: 6.3957e+00 | AmpL1Full: 2.2083e-02 | PhaseL1PredSup: 2.8570e-02 | SupportBCE: 3.4007e+00 | SupportWeighted: 0.0000e+00 | BatchLR: 5.000e-04 | Grad: True  | Update: True  | Elapsed: 0:24:22 | ETA: 0:03:49
Epoch[32] Batch[2801/3125] | OptTotal: 6.3462e+00 | FTLoss: 6.3462e+00 | AmpL1Full: 2.3526e-02 | PhaseL1PredSup: 3.4468e-02 | SupportBCE: 3.2591e+00 | SupportWeighted: 0.0000e+00 | BatchLR: 5.000e-04 | Grad: True  | Update: True  | Elapsed: 0:25:16 | ETA: 0:02:55
Epoch[32] Batch[2901/3125] | OptTotal: 6.3096e+00 | FTLoss: 6.3096e+00 | AmpL1Full: 2.1231e-02 | PhaseL1PredSup: 2.7953e-02 | SupportBCE: 3.7120e+00 | SupportWeighted: 0.0000e+00 | BatchLR: 5.000e-04 | Grad: True  | Update: True  | Elapsed: 0:26:10 | ETA: 0:02:01
Epoch[32] Batch[3001/3125] | OptTotal: 6.1195e+00 | FTLoss: 6.1195e+00 | AmpL1Full: 1.7967e-02 | PhaseL1PredSup: 2.7498e-02 | SupportBCE: 3.3599e+00 | SupportWeighted: 0.0000e+00 | BatchLR: 5.000e-04 | Grad: True  | Update: True  | Elapsed: 0:27:04 | ETA: 0:01:07
Epoch[32] Batch[3101/3125] | OptTotal: 5.8932e+00 | FTLoss: 5.8932e+00 | AmpL1Full: 1.7246e-02 | PhaseL1PredSup: 2.7185e-02 | SupportBCE: 3.3819e+00 | SupportWeighted: 0.0000e+00 | BatchLR: 5.000e-04 | Grad: True  | Update: True  | Elapsed: 0:27:58 | ETA: 0:00:12
Epoch[32] Batch[3125/3125] | OptTotal: 6.8852e+00 | FTLoss: 6.8852e+00 | AmpL1Full: 2.9455e-02 | PhaseL1PredSup: 3.4886e-02 | SupportBCE: 3.3136e+00 | SupportWeighted: 0.0000e+00 | BatchLR: 5.000e-04 | Grad: True  | Update: True  | Elapsed: 0:28:11 | ETA: 0:00:00

================================================================================
Epoch 32 complete | total time: 1691.97s | average OptTotal: 6.3020e+00
Average train optimization terms | FTLoss: 6.3020e+00 | SupportWeighted: 0.0000e+00
Average train real-space monitors | AmpL1Full: 2.2691e-02 | PhaseL1PredSup: 3.0312e-02 | SupportBCE: 3.3825e+00
================================================================================

Validation Epoch [32] | Batch [100/625] | OptTotal: 6.5946e+00 | FTLoss: 6.5946e+00 | AmpL1Full: 2.1868e-02 | PhaseL1PredSup: 2.8845e-02 | SupportBCE: 3.3346e+00 | FT_L1: 6.5946e+00 | FT_RelL1: 5.4687e-01 | FT_Chi2: 5.1360e-01 | FT_PearsonCorr: 7.4517e-01
Validation Epoch [32] | Batch [200/625] | OptTotal: 6.1973e+00 | FTLoss: 6.1973e+00 | AmpL1Full: 2.3953e-02 | PhaseL1PredSup: 3.4092e-02 | SupportBCE: 2.9386e+00 | FT_L1: 6.1973e+00 | FT_RelL1: 5.2662e-01 | FT_Chi2: 4.5735e-01 | FT_PearsonCorr: 7.9166e-01
Validation Epoch [32] | Batch [300/625] | OptTotal: 6.4075e+00 | FTLoss: 6.4075e+00 | AmpL1Full: 2.3343e-02 | PhaseL1PredSup: 3.5091e-02 | SupportBCE: 3.5651e+00 | FT_L1: 6.4075e+00 | FT_RelL1: 5.2561e-01 | FT_Chi2: 4.2554e-01 | FT_PearsonCorr: 7.9734e-01
Validation Epoch [32] | Batch [400/625] | OptTotal: 6.0568e+00 | FTLoss: 6.0568e+00 | AmpL1Full: 2.0067e-02 | PhaseL1PredSup: 2.8908e-02 | SupportBCE: 3.6650e+00 | FT_L1: 6.0568e+00 | FT_RelL1: 5.3233e-01 | FT_Chi2: 4.5922e-01 | FT_PearsonCorr: 7.7252e-01
Validation Epoch [32] | Batch [500/625] | OptTotal: 6.7609e+00 | FTLoss: 6.7609e+00 | AmpL1Full: 2.3338e-02 | PhaseL1PredSup: 2.5096e-02 | SupportBCE: 3.5805e+00 | FT_L1: 6.7609e+00 | FT_RelL1: 5.6723e-01 | FT_Chi2: 5.4802e-01 | FT_PearsonCorr: 7.2043e-01
Validation Epoch [32] | Batch [600/625] | OptTotal: 6.0407e+00 | FTLoss: 6.0407e+00 | AmpL1Full: 2.1021e-02 | PhaseL1PredSup: 3.0257e-02 | SupportBCE: 3.2817e+00 | FT_L1: 6.0407e+00 | FT_RelL1: 5.3064e-01 | FT_Chi2: 4.4616e-01 | FT_PearsonCorr: 7.8566e-01
Validation Epoch [32] | Batch [625/625] | OptTotal: 6.1961e+00 | FTLoss: 6.1961e+00 | AmpL1Full: 2.2203e-02 | PhaseL1PredSup: 3.5928e-02 | SupportBCE: 3.1000e+00 | FT_L1: 6.1961e+00 | FT_RelL1: 5.2145e-01 | FT_Chi2: 3.9111e-01 | FT_PearsonCorr: 8.0844e-01

================================================================================
Epoch 32 validation complete
Average validation metrics:
   Optimization: OptTotal=6.3284e+00 | FTLoss=6.3284e+00 | SupportWeighted=0.0000e+00
   Real-space monitors: AmpL1Full=2.2830e-02 | PhaseL1PredSup=3.1957e-02 | SupportBCE=3.2953e+00
   Reciprocal primary: FT_L1=6.3284e+00 | FT_RelL1=5.3693e-01 | FT_Chi2=4.5990e-01 | FT_PearsonCorr=7.7713e-01
   Reciprocal diagnostics: FT_Huber=5.8680e+00 | FT_PearsonLoss=2.2287e-01 | FT_LogRelMSE=1.3121e-01 | FT_Comb=3.4139e-01 | FT_Comb2=4.4973e-01
   Raw-scale diagnostics: FT_VoxelMSE=1.9970e+03 | FT_VoxelRMSE=4.1803e+01
================================================================================

Epoch 32 scheduler lr: 5.000e-04
Saved new best model | best loss: 6.328372 | epoch: 32
Epoch[33] Batch[1/3125] | OptTotal: 6.5048e+00 | FTLoss: 6.5048e+00 | AmpL1Full: 2.4697e-02 | PhaseL1PredSup: 3.6261e-02 | SupportBCE: 3.1060e+00 | SupportWeighted: 0.0000e+00 | BatchLR: 5.000e-04 | Grad: True  | Update: True  | Elapsed: 0:00:00 | ETA: 0:32:04
Epoch[33] Batch[101/3125] | OptTotal: 6.3505e+00 | FTLoss: 6.3505e+00 | AmpL1Full: 2.0679e-02 | PhaseL1PredSup: 2.6756e-02 | SupportBCE: 3.6003e+00 | SupportWeighted: 0.0000e+00 | BatchLR: 5.000e-04 | Grad: True  | Update: True  | Elapsed: 0:00:54 | ETA: 0:27:19
Epoch[33] Batch[201/3125] | OptTotal: 6.2440e+00 | FTLoss: 6.2440e+00 | AmpL1Full: 2.4650e-02 | PhaseL1PredSup: 3.4085e-02 | SupportBCE: 3.2660e+00 | SupportWeighted: 0.0000e+00 | BatchLR: 5.000e-04 | Grad: True  | Update: True  | Elapsed: 0:01:49 | ETA: 0:26:25
Epoch[33] Batch[301/3125] | OptTotal: 6.0364e+00 | FTLoss: 6.0364e+00 | AmpL1Full: 2.4148e-02 | PhaseL1PredSup: 3.2941e-02 | SupportBCE: 3.5732e+00 | SupportWeighted: 0.0000e+00 | BatchLR: 5.000e-04 | Grad: True  | Update: True  | Elapsed: 0:02:43 | ETA: 0:25:31
Epoch[33] Batch[401/3125] | OptTotal: 6.6118e+00 | FTLoss: 6.6118e+00 | AmpL1Full: 2.3680e-02 | PhaseL1PredSup: 2.8286e-02 | SupportBCE: 3.3159e+00 | SupportWeighted: 0.0000e+00 | BatchLR: 5.000e-04 | Grad: True  | Update: True  | Elapsed: 0:03:37 | ETA: 0:24:37
Epoch[33] Batch[501/3125] | OptTotal: 6.4817e+00 | FTLoss: 6.4817e+00 | AmpL1Full: 2.2901e-02 | PhaseL1PredSup: 3.0223e-02 | SupportBCE: 3.3535e+00 | SupportWeighted: 0.0000e+00 | BatchLR: 5.000e-04 | Grad: True  | Update: True  | Elapsed: 0:04:31 | ETA: 0:23:42
Epoch[33] Batch[601/3125] | OptTotal: 6.3638e+00 | FTLoss: 6.3638e+00 | AmpL1Full: 2.8230e-02 | PhaseL1PredSup: 3.8668e-02 | SupportBCE: 3.4333e+00 | SupportWeighted: 0.0000e+00 | BatchLR: 5.000e-04 | Grad: True  | Update: True  | Elapsed: 0:05:25 | ETA: 0:22:47
Epoch[33] Batch[701/3125] | OptTotal: 5.8843e+00 | FTLoss: 5.8843e+00 | AmpL1Full: 1.8598e-02 | PhaseL1PredSup: 2.9146e-02 | SupportBCE: 3.2724e+00 | SupportWeighted: 0.0000e+00 | BatchLR: 5.000e-04 | Grad: True  | Update: True  | Elapsed: 0:06:19 | ETA: 0:21:52
Epoch[33] Batch[801/3125] | OptTotal: 6.4763e+00 | FTLoss: 6.4763e+00 | AmpL1Full: 2.1044e-02 | PhaseL1PredSup: 2.4315e-02 | SupportBCE: 3.7486e+00 | SupportWeighted: 0.0000e+00 | BatchLR: 5.000e-04 | Grad: True  | Update: True  | Elapsed: 0:07:13 | ETA: 0:20:58
Epoch[33] Batch[901/3125] | OptTotal: 6.8844e+00 | FTLoss: 6.8844e+00 | AmpL1Full: 2.6379e-02 | PhaseL1PredSup: 2.8921e-02 | SupportBCE: 3.2499e+00 | SupportWeighted: 0.0000e+00 | BatchLR: 5.000e-04 | Grad: True  | Update: True  | Elapsed: 0:08:07 | ETA: 0:20:04
Epoch[33] Batch[1001/3125] | OptTotal: 6.4611e+00 | FTLoss: 6.4611e+00 | AmpL1Full: 2.4064e-02 | PhaseL1PredSup: 3.0878e-02 | SupportBCE: 3.2870e+00 | SupportWeighted: 0.0000e+00 | BatchLR: 5.000e-04 | Grad: True  | Update: True  | Elapsed: 0:09:02 | ETA: 0:19:10
Epoch[33] Batch[1101/3125] | OptTotal: 6.5621e+00 | FTLoss: 6.5621e+00 | AmpL1Full: 2.8093e-02 | PhaseL1PredSup: 4.0261e-02 | SupportBCE: 3.2910e+00 | SupportWeighted: 0.0000e+00 | BatchLR: 5.000e-04 | Grad: True  | Update: True  | Elapsed: 0:09:56 | ETA: 0:18:16
Epoch[33] Batch[1201/3125] | OptTotal: 6.3371e+00 | FTLoss: 6.3371e+00 | AmpL1Full: 2.6605e-02 | PhaseL1PredSup: 3.3247e-02 | SupportBCE: 3.3625e+00 | SupportWeighted: 0.0000e+00 | BatchLR: 5.000e-04 | Grad: True  | Update: True  | Elapsed: 0:10:50 | ETA: 0:17:22
Epoch[33] Batch[1301/3125] | OptTotal: 6.3829e+00 | FTLoss: 6.3829e+00 | AmpL1Full: 2.3086e-02 | PhaseL1PredSup: 2.8573e-02 | SupportBCE: 3.3859e+00 | SupportWeighted: 0.0000e+00 | BatchLR: 5.000e-04 | Grad: True  | Update: True  | Elapsed: 0:11:44 | ETA: 0:16:27
Epoch[33] Batch[1401/3125] | OptTotal: 6.3197e+00 | FTLoss: 6.3197e+00 | AmpL1Full: 1.8081e-02 | PhaseL1PredSup: 2.4012e-02 | SupportBCE: 3.5312e+00 | SupportWeighted: 0.0000e+00 | BatchLR: 5.000e-04 | Grad: True  | Update: True  | Elapsed: 0:12:38 | ETA: 0:15:33
Epoch[33] Batch[1501/3125] | OptTotal: 6.4049e+00 | FTLoss: 6.4049e+00 | AmpL1Full: 2.7666e-02 | PhaseL1PredSup: 3.4533e-02 | SupportBCE: 3.3406e+00 | SupportWeighted: 0.0000e+00 | BatchLR: 5.000e-04 | Grad: True  | Update: True  | Elapsed: 0:13:32 | ETA: 0:14:39
Epoch[33] Batch[1601/3125] | OptTotal: 6.4085e+00 | FTLoss: 6.4085e+00 | AmpL1Full: 2.3795e-02 | PhaseL1PredSup: 3.6044e-02 | SupportBCE: 3.2755e+00 | SupportWeighted: 0.0000e+00 | BatchLR: 5.000e-04 | Grad: True  | Update: True  | Elapsed: 0:14:26 | ETA: 0:13:45
Epoch[33] Batch[1701/3125] | OptTotal: 6.3777e+00 | FTLoss: 6.3777e+00 | AmpL1Full: 2.4081e-02 | PhaseL1PredSup: 3.4111e-02 | SupportBCE: 3.4305e+00 | SupportWeighted: 0.0000e+00 | BatchLR: 5.000e-04 | Grad: True  | Update: True  | Elapsed: 0:15:21 | ETA: 0:12:51
Epoch[33] Batch[1801/3125] | OptTotal: 6.1995e+00 | FTLoss: 6.1995e+00 | AmpL1Full: 2.0953e-02 | PhaseL1PredSup: 3.1593e-02 | SupportBCE: 3.3655e+00 | SupportWeighted: 0.0000e+00 | BatchLR: 5.000e-04 | Grad: True  | Update: True  | Elapsed: 0:16:15 | ETA: 0:11:56
Epoch[33] Batch[1901/3125] | OptTotal: 5.9932e+00 | FTLoss: 5.9932e+00 | AmpL1Full: 2.1621e-02 | PhaseL1PredSup: 3.1426e-02 | SupportBCE: 3.4128e+00 | SupportWeighted: 0.0000e+00 | BatchLR: 5.000e-04 | Grad: True  | Update: True  | Elapsed: 0:17:09 | ETA: 0:11:02
Epoch[33] Batch[2001/3125] | OptTotal: 5.9050e+00 | FTLoss: 5.9050e+00 | AmpL1Full: 2.5222e-02 | PhaseL1PredSup: 3.8420e-02 | SupportBCE: 3.1624e+00 | SupportWeighted: 0.0000e+00 | BatchLR: 5.000e-04 | Grad: True  | Update: True  | Elapsed: 0:18:03 | ETA: 0:10:08
Epoch[33] Batch[2101/3125] | OptTotal: 5.9439e+00 | FTLoss: 5.9439e+00 | AmpL1Full: 2.2030e-02 | PhaseL1PredSup: 3.3021e-02 | SupportBCE: 3.6768e+00 | SupportWeighted: 0.0000e+00 | BatchLR: 5.000e-04 | Grad: True  | Update: True  | Elapsed: 0:18:57 | ETA: 0:09:14
Epoch[33] Batch[2201/3125] | OptTotal: 6.4239e+00 | FTLoss: 6.4239e+00 | AmpL1Full: 2.6693e-02 | PhaseL1PredSup: 3.1905e-02 | SupportBCE: 3.3570e+00 | SupportWeighted: 0.0000e+00 | BatchLR: 5.000e-04 | Grad: True  | Update: True  | Elapsed: 0:19:51 | ETA: 0:08:20
Epoch[33] Batch[2301/3125] | OptTotal: 6.2099e+00 | FTLoss: 6.2099e+00 | AmpL1Full: 2.3554e-02 | PhaseL1PredSup: 3.0405e-02 | SupportBCE: 3.5575e+00 | SupportWeighted: 0.0000e+00 | BatchLR: 5.000e-04 | Grad: True  | Update: True  | Elapsed: 0:20:45 | ETA: 0:07:26
Epoch[33] Batch[2401/3125] | OptTotal: 7.0726e+00 | FTLoss: 7.0726e+00 | AmpL1Full: 3.3044e-02 | PhaseL1PredSup: 3.4155e-02 | SupportBCE: 3.2940e+00 | SupportWeighted: 0.0000e+00 | BatchLR: 5.000e-04 | Grad: True  | Update: True  | Elapsed: 0:21:39 | ETA: 0:06:31
Epoch[33] Batch[2501/3125] | OptTotal: 5.9005e+00 | FTLoss: 5.9005e+00 | AmpL1Full: 2.1539e-02 | PhaseL1PredSup: 3.5216e-02 | SupportBCE: 3.3098e+00 | SupportWeighted: 0.0000e+00 | BatchLR: 5.000e-04 | Grad: True  | Update: True  | Elapsed: 0:22:34 | ETA: 0:05:37
Epoch[33] Batch[2601/3125] | OptTotal: 6.6132e+00 | FTLoss: 6.6132e+00 | AmpL1Full: 2.0500e-02 | PhaseL1PredSup: 2.5997e-02 | SupportBCE: 3.5247e+00 | SupportWeighted: 0.0000e+00 | BatchLR: 5.000e-04 | Grad: True  | Update: True  | Elapsed: 0:23:28 | ETA: 0:04:43
Epoch[33] Batch[2701/3125] | OptTotal: 6.2877e+00 | FTLoss: 6.2877e+00 | AmpL1Full: 2.0764e-02 | PhaseL1PredSup: 2.9160e-02 | SupportBCE: 3.7563e+00 | SupportWeighted: 0.0000e+00 | BatchLR: 5.000e-04 | Grad: True  | Update: True  | Elapsed: 0:24:22 | ETA: 0:03:49
Epoch[33] Batch[2801/3125] | OptTotal: 5.9498e+00 | FTLoss: 5.9498e+00 | AmpL1Full: 1.6065e-02 | PhaseL1PredSup: 2.6167e-02 | SupportBCE: 3.2558e+00 | SupportWeighted: 0.0000e+00 | BatchLR: 5.000e-04 | Grad: True  | Update: True  | Elapsed: 0:25:16 | ETA: 0:02:55
Epoch[33] Batch[2901/3125] | OptTotal: 6.0959e+00 | FTLoss: 6.0959e+00 | AmpL1Full: 2.2794e-02 | PhaseL1PredSup: 3.1436e-02 | SupportBCE: 3.4870e+00 | SupportWeighted: 0.0000e+00 | BatchLR: 5.000e-04 | Grad: True  | Update: True  | Elapsed: 0:26:10 | ETA: 0:02:01
Epoch[33] Batch[3001/3125] | OptTotal: 6.3405e+00 | FTLoss: 6.3405e+00 | AmpL1Full: 2.2239e-02 | PhaseL1PredSup: 2.9776e-02 | SupportBCE: 3.7703e+00 | SupportWeighted: 0.0000e+00 | BatchLR: 5.000e-04 | Grad: True  | Update: True  | Elapsed: 0:27:04 | ETA: 0:01:07
Epoch[33] Batch[3101/3125] | OptTotal: 6.9062e+00 | FTLoss: 6.9062e+00 | AmpL1Full: 2.6251e-02 | PhaseL1PredSup: 2.9710e-02 | SupportBCE: 3.3821e+00 | SupportWeighted: 0.0000e+00 | BatchLR: 5.000e-04 | Grad: True  | Update: True  | Elapsed: 0:27:58 | ETA: 0:00:12
Epoch[33] Batch[3125/3125] | OptTotal: 5.8929e+00 | FTLoss: 5.8929e+00 | AmpL1Full: 1.5836e-02 | PhaseL1PredSup: 2.5586e-02 | SupportBCE: 3.5049e+00 | SupportWeighted: 0.0000e+00 | BatchLR: 5.000e-04 | Grad: True  | Update: True  | Elapsed: 0:28:11 | ETA: 0:00:00

================================================================================
Epoch 33 complete | total time: 1691.96s | average OptTotal: 6.2999e+00
Average train optimization terms | FTLoss: 6.2999e+00 | SupportWeighted: 0.0000e+00
Average train real-space monitors | AmpL1Full: 2.2680e-02 | PhaseL1PredSup: 3.0273e-02 | SupportBCE: 3.3790e+00
================================================================================

Validation Epoch [33] | Batch [100/625] | OptTotal: 6.6245e+00 | FTLoss: 6.6245e+00 | AmpL1Full: 2.1550e-02 | PhaseL1PredSup: 2.7328e-02 | SupportBCE: 3.3798e+00 | FT_L1: 6.6245e+00 | FT_RelL1: 5.4939e-01 | FT_Chi2: 5.2382e-01 | FT_PearsonCorr: 7.4612e-01
Validation Epoch [33] | Batch [200/625] | OptTotal: 6.2357e+00 | FTLoss: 6.2357e+00 | AmpL1Full: 2.3568e-02 | PhaseL1PredSup: 3.2197e-02 | SupportBCE: 2.9667e+00 | FT_L1: 6.2357e+00 | FT_RelL1: 5.3002e-01 | FT_Chi2: 4.6855e-01 | FT_PearsonCorr: 7.9122e-01
Validation Epoch [33] | Batch [300/625] | OptTotal: 6.4202e+00 | FTLoss: 6.4202e+00 | AmpL1Full: 2.2833e-02 | PhaseL1PredSup: 3.2736e-02 | SupportBCE: 3.6005e+00 | FT_L1: 6.4202e+00 | FT_RelL1: 5.2663e-01 | FT_Chi2: 4.3868e-01 | FT_PearsonCorr: 7.9701e-01
Validation Epoch [33] | Batch [400/625] | OptTotal: 6.0847e+00 | FTLoss: 6.0847e+00 | AmpL1Full: 1.9762e-02 | PhaseL1PredSup: 2.7156e-02 | SupportBCE: 3.6878e+00 | FT_L1: 6.0847e+00 | FT_RelL1: 5.3487e-01 | FT_Chi2: 4.6924e-01 | FT_PearsonCorr: 7.7270e-01
Validation Epoch [33] | Batch [500/625] | OptTotal: 6.7933e+00 | FTLoss: 6.7933e+00 | AmpL1Full: 2.3029e-02 | PhaseL1PredSup: 2.3627e-02 | SupportBCE: 3.6301e+00 | FT_L1: 6.7933e+00 | FT_RelL1: 5.7001e-01 | FT_Chi2: 5.6093e-01 | FT_PearsonCorr: 7.1902e-01
Validation Epoch [33] | Batch [600/625] | OptTotal: 6.0506e+00 | FTLoss: 6.0506e+00 | AmpL1Full: 2.0610e-02 | PhaseL1PredSup: 2.8515e-02 | SupportBCE: 3.3396e+00 | FT_L1: 6.0506e+00 | FT_RelL1: 5.3145e-01 | FT_Chi2: 4.5500e-01 | FT_PearsonCorr: 7.8656e-01
Validation Epoch [33] | Batch [625/625] | OptTotal: 6.2276e+00 | FTLoss: 6.2276e+00 | AmpL1Full: 2.1990e-02 | PhaseL1PredSup: 3.3815e-02 | SupportBCE: 3.1780e+00 | FT_L1: 6.2276e+00 | FT_RelL1: 5.2412e-01 | FT_Chi2: 4.0543e-01 | FT_PearsonCorr: 8.0633e-01

================================================================================
Epoch 33 validation complete
Average validation metrics:
   Optimization: OptTotal=6.3563e+00 | FTLoss=6.3563e+00 | SupportWeighted=0.0000e+00
   Real-space monitors: AmpL1Full=2.2485e-02 | PhaseL1PredSup=3.0045e-02 | SupportBCE=3.3396e+00
   Reciprocal primary: FT_L1=6.3563e+00 | FT_RelL1=5.3933e-01 | FT_Chi2=4.7241e-01 | FT_PearsonCorr=7.7627e-01
   Reciprocal diagnostics: FT_Huber=5.8963e+00 | FT_PearsonLoss=2.2373e-01 | FT_LogRelMSE=1.3141e-01 | FT_Comb=3.4807e-01 | FT_Comb2=4.5478e-01
   Raw-scale diagnostics: FT_VoxelMSE=2.0480e+03 | FT_VoxelRMSE=4.2420e+01
================================================================================

Epoch 33 scheduler lr: 5.000e-04
Epoch[34] Batch[1/3125] | OptTotal: 6.2802e+00 | FTLoss: 6.2802e+00 | AmpL1Full: 1.9778e-02 | PhaseL1PredSup: 2.7115e-02 | SupportBCE: 3.6613e+00 | SupportWeighted: 0.0000e+00 | BatchLR: 5.000e-04 | Grad: True  | Update: True  | Elapsed: 0:00:00 | ETA: 0:34:33
Epoch[34] Batch[101/3125] | OptTotal: 6.2737e+00 | FTLoss: 6.2737e+00 | AmpL1Full: 2.0663e-02 | PhaseL1PredSup: 2.8276e-02 | SupportBCE: 3.3962e+00 | SupportWeighted: 0.0000e+00 | BatchLR: 5.000e-04 | Grad: True  | Update: True  | Elapsed: 0:00:54 | ETA: 0:27:23
Epoch[34] Batch[201/3125] | OptTotal: 6.9361e+00 | FTLoss: 6.9361e+00 | AmpL1Full: 2.9100e-02 | PhaseL1PredSup: 3.2115e-02 | SupportBCE: 3.3746e+00 | SupportWeighted: 0.0000e+00 | BatchLR: 5.000e-04 | Grad: True  | Update: True  | Elapsed: 0:01:49 | ETA: 0:26:28
Epoch[34] Batch[301/3125] | OptTotal: 6.6089e+00 | FTLoss: 6.6089e+00 | AmpL1Full: 2.4329e-02 | PhaseL1PredSup: 2.6563e-02 | SupportBCE: 3.4500e+00 | SupportWeighted: 0.0000e+00 | BatchLR: 5.000e-04 | Grad: True  | Update: True  | Elapsed: 0:02:43 | ETA: 0:25:32
Epoch[34] Batch[401/3125] | OptTotal: 6.5011e+00 | FTLoss: 6.5011e+00 | AmpL1Full: 2.5009e-02 | PhaseL1PredSup: 3.6268e-02 | SupportBCE: 3.1012e+00 | SupportWeighted: 0.0000e+00 | BatchLR: 5.000e-04 | Grad: True  | Update: True  | Elapsed: 0:03:37 | ETA: 0:24:37
Epoch[34] Batch[501/3125] | OptTotal: 6.0178e+00 | FTLoss: 6.0178e+00 | AmpL1Full: 2.1159e-02 | PhaseL1PredSup: 3.1173e-02 | SupportBCE: 3.2155e+00 | SupportWeighted: 0.0000e+00 | BatchLR: 5.000e-04 | Grad: True  | Update: True  | Elapsed: 0:04:31 | ETA: 0:23:41
Epoch[34] Batch[601/3125] | OptTotal: 5.2134e+00 | FTLoss: 5.2134e+00 | AmpL1Full: 1.2602e-02 | PhaseL1PredSup: 2.3004e-02 | SupportBCE: 3.4510e+00 | SupportWeighted: 0.0000e+00 | BatchLR: 5.000e-04 | Grad: True  | Update: True  | Elapsed: 0:05:25 | ETA: 0:22:47
Epoch[34] Batch[701/3125] | OptTotal: 5.0233e+00 | FTLoss: 5.0233e+00 | AmpL1Full: 1.2778e-02 | PhaseL1PredSup: 2.3828e-02 | SupportBCE: 3.9273e+00 | SupportWeighted: 0.0000e+00 | BatchLR: 5.000e-04 | Grad: True  | Update: True  | Elapsed: 0:06:19 | ETA: 0:21:52
Epoch[34] Batch[801/3125] | OptTotal: 6.6158e+00 | FTLoss: 6.6158e+00 | AmpL1Full: 1.9962e-02 | PhaseL1PredSup: 2.3321e-02 | SupportBCE: 3.8659e+00 | SupportWeighted: 0.0000e+00 | BatchLR: 5.000e-04 | Grad: True  | Update: True  | Elapsed: 0:07:13 | ETA: 0:20:59
Epoch[34] Batch[901/3125] | OptTotal: 5.6304e+00 | FTLoss: 5.6304e+00 | AmpL1Full: 2.1162e-02 | PhaseL1PredSup: 3.6948e-02 | SupportBCE: 3.1798e+00 | SupportWeighted: 0.0000e+00 | BatchLR: 5.000e-04 | Grad: True  | Update: True  | Elapsed: 0:08:08 | ETA: 0:20:04
Epoch[34] Batch[1001/3125] | OptTotal: 6.4463e+00 | FTLoss: 6.4463e+00 | AmpL1Full: 2.3928e-02 | PhaseL1PredSup: 3.0289e-02 | SupportBCE: 3.2012e+00 | SupportWeighted: 0.0000e+00 | BatchLR: 5.000e-04 | Grad: True  | Update: True  | Elapsed: 0:09:02 | ETA: 0:19:11
Epoch[34] Batch[1101/3125] | OptTotal: 5.5852e+00 | FTLoss: 5.5852e+00 | AmpL1Full: 1.6280e-02 | PhaseL1PredSup: 2.5431e-02 | SupportBCE: 3.6692e+00 | SupportWeighted: 0.0000e+00 | BatchLR: 5.000e-04 | Grad: True  | Update: True  | Elapsed: 0:09:56 | ETA: 0:18:16
Epoch[34] Batch[1201/3125] | OptTotal: 6.3420e+00 | FTLoss: 6.3420e+00 | AmpL1Full: 2.8877e-02 | PhaseL1PredSup: 4.2761e-02 | SupportBCE: 3.3641e+00 | SupportWeighted: 0.0000e+00 | BatchLR: 5.000e-04 | Grad: True  | Update: True  | Elapsed: 0:10:50 | ETA: 0:17:22
Epoch[34] Batch[1301/3125] | OptTotal: 6.3799e+00 | FTLoss: 6.3799e+00 | AmpL1Full: 2.1544e-02 | PhaseL1PredSup: 2.9066e-02 | SupportBCE: 3.1991e+00 | SupportWeighted: 0.0000e+00 | BatchLR: 5.000e-04 | Grad: True  | Update: True  | Elapsed: 0:11:45 | ETA: 0:16:28
Epoch[34] Batch[1401/3125] | OptTotal: 6.3890e+00 | FTLoss: 6.3890e+00 | AmpL1Full: 2.5091e-02 | PhaseL1PredSup: 3.6085e-02 | SupportBCE: 3.1301e+00 | SupportWeighted: 0.0000e+00 | BatchLR: 5.000e-04 | Grad: True  | Update: True  | Elapsed: 0:12:39 | ETA: 0:15:34
Epoch[34] Batch[1501/3125] | OptTotal: 6.2752e+00 | FTLoss: 6.2752e+00 | AmpL1Full: 2.4667e-02 | PhaseL1PredSup: 3.2438e-02 | SupportBCE: 3.5091e+00 | SupportWeighted: 0.0000e+00 | BatchLR: 5.000e-04 | Grad: True  | Update: True  | Elapsed: 0:13:33 | ETA: 0:14:40
Epoch[34] Batch[1601/3125] | OptTotal: 6.7013e+00 | FTLoss: 6.7013e+00 | AmpL1Full: 2.4826e-02 | PhaseL1PredSup: 2.6381e-02 | SupportBCE: 3.4620e+00 | SupportWeighted: 0.0000e+00 | BatchLR: 5.000e-04 | Grad: True  | Update: True  | Elapsed: 0:14:27 | ETA: 0:13:46
Epoch[34] Batch[1701/3125] | OptTotal: 6.5140e+00 | FTLoss: 6.5140e+00 | AmpL1Full: 2.2899e-02 | PhaseL1PredSup: 2.6367e-02 | SupportBCE: 3.5962e+00 | SupportWeighted: 0.0000e+00 | BatchLR: 5.000e-04 | Grad: True  | Update: True  | Elapsed: 0:15:21 | ETA: 0:12:51
Epoch[34] Batch[1801/3125] | OptTotal: 5.9449e+00 | FTLoss: 5.9449e+00 | AmpL1Full: 2.5332e-02 | PhaseL1PredSup: 3.6264e-02 | SupportBCE: 3.3274e+00 | SupportWeighted: 0.0000e+00 | BatchLR: 5.000e-04 | Grad: True  | Update: True  | Elapsed: 0:16:16 | ETA: 0:11:57
Epoch[34] Batch[1901/3125] | OptTotal: 6.5000e+00 | FTLoss: 6.5000e+00 | AmpL1Full: 2.2446e-02 | PhaseL1PredSup: 2.5838e-02 | SupportBCE: 3.4194e+00 | SupportWeighted: 0.0000e+00 | BatchLR: 5.000e-04 | Grad: True  | Update: True  | Elapsed: 0:17:10 | ETA: 0:11:03
Epoch[34] Batch[2001/3125] | OptTotal: 5.8664e+00 | FTLoss: 5.8664e+00 | AmpL1Full: 2.3060e-02 | PhaseL1PredSup: 3.2984e-02 | SupportBCE: 3.4765e+00 | SupportWeighted: 0.0000e+00 | BatchLR: 5.000e-04 | Grad: True  | Update: True  | Elapsed: 0:18:04 | ETA: 0:10:09
Epoch[34] Batch[2101/3125] | OptTotal: 6.0544e+00 | FTLoss: 6.0544e+00 | AmpL1Full: 1.7088e-02 | PhaseL1PredSup: 2.2437e-02 | SupportBCE: 3.9741e+00 | SupportWeighted: 0.0000e+00 | BatchLR: 5.000e-04 | Grad: True  | Update: True  | Elapsed: 0:18:58 | ETA: 0:09:14
Epoch[34] Batch[2201/3125] | OptTotal: 6.5919e+00 | FTLoss: 6.5919e+00 | AmpL1Full: 2.1821e-02 | PhaseL1PredSup: 2.5567e-02 | SupportBCE: 3.3593e+00 | SupportWeighted: 0.0000e+00 | BatchLR: 5.000e-04 | Grad: True  | Update: True  | Elapsed: 0:19:52 | ETA: 0:08:20
Epoch[34] Batch[2301/3125] | OptTotal: 6.6043e+00 | FTLoss: 6.6043e+00 | AmpL1Full: 2.5102e-02 | PhaseL1PredSup: 3.1827e-02 | SupportBCE: 3.1594e+00 | SupportWeighted: 0.0000e+00 | BatchLR: 5.000e-04 | Grad: True  | Update: True  | Elapsed: 0:20:46 | ETA: 0:07:26
Epoch[34] Batch[2401/3125] | OptTotal: 6.0738e+00 | FTLoss: 6.0738e+00 | AmpL1Full: 1.7633e-02 | PhaseL1PredSup: 2.2223e-02 | SupportBCE: 3.5250e+00 | SupportWeighted: 0.0000e+00 | BatchLR: 5.000e-04 | Grad: True  | Update: True  | Elapsed: 0:21:40 | ETA: 0:06:32
Epoch[34] Batch[2501/3125] | OptTotal: 6.8878e+00 | FTLoss: 6.8878e+00 | AmpL1Full: 2.7856e-02 | PhaseL1PredSup: 3.3710e-02 | SupportBCE: 3.4301e+00 | SupportWeighted: 0.0000e+00 | BatchLR: 5.000e-04 | Grad: True  | Update: True  | Elapsed: 0:22:35 | ETA: 0:05:38
Epoch[34] Batch[2601/3125] | OptTotal: 6.0977e+00 | FTLoss: 6.0977e+00 | AmpL1Full: 2.1926e-02 | PhaseL1PredSup: 2.7164e-02 | SupportBCE: 3.6285e+00 | SupportWeighted: 0.0000e+00 | BatchLR: 5.000e-04 | Grad: True  | Update: True  | Elapsed: 0:23:29 | ETA: 0:04:43
Epoch[34] Batch[2701/3125] | OptTotal: 6.7546e+00 | FTLoss: 6.7546e+00 | AmpL1Full: 2.6756e-02 | PhaseL1PredSup: 3.3748e-02 | SupportBCE: 3.3452e+00 | SupportWeighted: 0.0000e+00 | BatchLR: 5.000e-04 | Grad: True  | Update: True  | Elapsed: 0:24:23 | ETA: 0:03:49
Epoch[34] Batch[2801/3125] | OptTotal: 5.9398e+00 | FTLoss: 5.9398e+00 | AmpL1Full: 1.9866e-02 | PhaseL1PredSup: 3.2504e-02 | SupportBCE: 3.3322e+00 | SupportWeighted: 0.0000e+00 | BatchLR: 5.000e-04 | Grad: True  | Update: True  | Elapsed: 0:25:17 | ETA: 0:02:55
Epoch[34] Batch[2901/3125] | OptTotal: 6.1880e+00 | FTLoss: 6.1880e+00 | AmpL1Full: 2.5702e-02 | PhaseL1PredSup: 3.7785e-02 | SupportBCE: 2.9408e+00 | SupportWeighted: 0.0000e+00 | BatchLR: 5.000e-04 | Grad: True  | Update: True  | Elapsed: 0:26:11 | ETA: 0:02:01
Epoch[34] Batch[3001/3125] | OptTotal: 6.4785e+00 | FTLoss: 6.4785e+00 | AmpL1Full: 2.3230e-02 | PhaseL1PredSup: 3.2599e-02 | SupportBCE: 3.3648e+00 | SupportWeighted: 0.0000e+00 | BatchLR: 5.000e-04 | Grad: True  | Update: True  | Elapsed: 0:27:05 | ETA: 0:01:07
Epoch[34] Batch[3101/3125] | OptTotal: 6.1734e+00 | FTLoss: 6.1734e+00 | AmpL1Full: 2.6249e-02 | PhaseL1PredSup: 3.0986e-02 | SupportBCE: 3.4975e+00 | SupportWeighted: 0.0000e+00 | BatchLR: 5.000e-04 | Grad: True  | Update: True  | Elapsed: 0:27:59 | ETA: 0:00:13
Epoch[34] Batch[3125/3125] | OptTotal: 6.5506e+00 | FTLoss: 6.5506e+00 | AmpL1Full: 2.0303e-02 | PhaseL1PredSup: 2.1129e-02 | SupportBCE: 3.7410e+00 | SupportWeighted: 0.0000e+00 | BatchLR: 5.000e-04 | Grad: True  | Update: True  | Elapsed: 0:28:12 | ETA: 0:00:00

================================================================================
Epoch 34 complete | total time: 1692.70s | average OptTotal: 6.2972e+00
Average train optimization terms | FTLoss: 6.2972e+00 | SupportWeighted: 0.0000e+00
Average train real-space monitors | AmpL1Full: 2.2669e-02 | PhaseL1PredSup: 3.0285e-02 | SupportBCE: 3.4008e+00
================================================================================

Validation Epoch [34] | Batch [100/625] | OptTotal: 6.6104e+00 | FTLoss: 6.6104e+00 | AmpL1Full: 2.1712e-02 | PhaseL1PredSup: 2.7607e-02 | SupportBCE: 3.5063e+00 | FT_L1: 6.6104e+00 | FT_RelL1: 5.4824e-01 | FT_Chi2: 5.1387e-01 | FT_PearsonCorr: 7.4751e-01
Validation Epoch [34] | Batch [200/625] | OptTotal: 6.2291e+00 | FTLoss: 6.2291e+00 | AmpL1Full: 2.3672e-02 | PhaseL1PredSup: 3.2204e-02 | SupportBCE: 3.0901e+00 | FT_L1: 6.2291e+00 | FT_RelL1: 5.2921e-01 | FT_Chi2: 4.6110e-01 | FT_PearsonCorr: 7.9208e-01
Validation Epoch [34] | Batch [300/625] | OptTotal: 6.4274e+00 | FTLoss: 6.4274e+00 | AmpL1Full: 2.3066e-02 | PhaseL1PredSup: 3.2875e-02 | SupportBCE: 3.7659e+00 | FT_L1: 6.4274e+00 | FT_RelL1: 5.2720e-01 | FT_Chi2: 4.3694e-01 | FT_PearsonCorr: 7.9513e-01
Validation Epoch [34] | Batch [400/625] | OptTotal: 6.0763e+00 | FTLoss: 6.0763e+00 | AmpL1Full: 1.9925e-02 | PhaseL1PredSup: 2.7433e-02 | SupportBCE: 3.8584e+00 | FT_L1: 6.0763e+00 | FT_RelL1: 5.3409e-01 | FT_Chi2: 4.6211e-01 | FT_PearsonCorr: 7.7447e-01
Validation Epoch [34] | Batch [500/625] | OptTotal: 6.7689e+00 | FTLoss: 6.7689e+00 | AmpL1Full: 2.3075e-02 | PhaseL1PredSup: 2.3707e-02 | SupportBCE: 3.7758e+00 | FT_L1: 6.7689e+00 | FT_RelL1: 5.6791e-01 | FT_Chi2: 5.5264e-01 | FT_PearsonCorr: 7.1985e-01
Validation Epoch [34] | Batch [600/625] | OptTotal: 6.0521e+00 | FTLoss: 6.0521e+00 | AmpL1Full: 2.0685e-02 | PhaseL1PredSup: 2.8317e-02 | SupportBCE: 3.5005e+00 | FT_L1: 6.0521e+00 | FT_RelL1: 5.3153e-01 | FT_Chi2: 4.5174e-01 | FT_PearsonCorr: 7.8621e-01
Validation Epoch [34] | Batch [625/625] | OptTotal: 6.2405e+00 | FTLoss: 6.2405e+00 | AmpL1Full: 2.2232e-02 | PhaseL1PredSup: 3.2598e-02 | SupportBCE: 3.3308e+00 | FT_L1: 6.2405e+00 | FT_RelL1: 5.2514e-01 | FT_Chi2: 4.1605e-01 | FT_PearsonCorr: 8.0178e-01

================================================================================
Epoch 34 validation complete
Average validation metrics:
   Optimization: OptTotal=6.3516e+00 | FTLoss=6.3516e+00 | SupportWeighted=0.0000e+00
   Real-space monitors: AmpL1Full=2.2595e-02 | PhaseL1PredSup=3.0148e-02 | SupportBCE=3.4762e+00
   Reciprocal primary: FT_L1=6.3516e+00 | FT_RelL1=5.3889e-01 | FT_Chi2=4.6630e-01 | FT_PearsonCorr=7.7658e-01
   Reciprocal diagnostics: FT_Huber=5.8913e+00 | FT_PearsonLoss=2.2342e-01 | FT_LogRelMSE=1.3147e-01 | FT_Comb=3.4486e-01 | FT_Comb2=4.5237e-01
   Raw-scale diagnostics: FT_VoxelMSE=2.0294e+03 | FT_VoxelRMSE=4.2178e+01
================================================================================

Epoch 34 scheduler lr: 5.000e-04
Epoch[35] Batch[1/3125] | OptTotal: 6.3467e+00 | FTLoss: 6.3467e+00 | AmpL1Full: 1.8499e-02 | PhaseL1PredSup: 2.4003e-02 | SupportBCE: 3.8281e+00 | SupportWeighted: 0.0000e+00 | BatchLR: 5.000e-04 | Grad: True  | Update: True  | Elapsed: 0:00:00 | ETA: 0:30:20
Epoch[35] Batch[101/3125] | OptTotal: 5.8443e+00 | FTLoss: 5.8443e+00 | AmpL1Full: 1.8635e-02 | PhaseL1PredSup: 3.1664e-02 | SupportBCE: 3.4333e+00 | SupportWeighted: 0.0000e+00 | BatchLR: 5.000e-04 | Grad: True  | Update: True  | Elapsed: 0:00:54 | ETA: 0:27:21
Epoch[35] Batch[201/3125] | OptTotal: 6.6072e+00 | FTLoss: 6.6072e+00 | AmpL1Full: 2.6136e-02 | PhaseL1PredSup: 2.9292e-02 | SupportBCE: 3.1937e+00 | SupportWeighted: 0.0000e+00 | BatchLR: 5.000e-04 | Grad: True  | Update: True  | Elapsed: 0:01:48 | ETA: 0:26:25
Epoch[35] Batch[301/3125] | OptTotal: 6.2770e+00 | FTLoss: 6.2770e+00 | AmpL1Full: 2.1510e-02 | PhaseL1PredSup: 2.9872e-02 | SupportBCE: 3.3114e+00 | SupportWeighted: 0.0000e+00 | BatchLR: 5.000e-04 | Grad: True  | Update: True  | Elapsed: 0:02:43 | ETA: 0:25:30
Epoch[35] Batch[401/3125] | OptTotal: 5.8669e+00 | FTLoss: 5.8669e+00 | AmpL1Full: 2.1550e-02 | PhaseL1PredSup: 3.4363e-02 | SupportBCE: 3.2831e+00 | SupportWeighted: 0.0000e+00 | BatchLR: 5.000e-04 | Grad: True  | Update: True  | Elapsed: 0:03:37 | ETA: 0:24:34
Epoch[35] Batch[501/3125] | OptTotal: 6.7061e+00 | FTLoss: 6.7061e+00 | AmpL1Full: 2.9942e-02 | PhaseL1PredSup: 3.7730e-02 | SupportBCE: 3.1993e+00 | SupportWeighted: 0.0000e+00 | BatchLR: 5.000e-04 | Grad: True  | Update: True  | Elapsed: 0:04:31 | ETA: 0:23:40
Epoch[35] Batch[601/3125] | OptTotal: 6.2069e+00 | FTLoss: 6.2069e+00 | AmpL1Full: 1.9072e-02 | PhaseL1PredSup: 2.4625e-02 | SupportBCE: 3.4652e+00 | SupportWeighted: 0.0000e+00 | BatchLR: 5.000e-04 | Grad: True  | Update: True  | Elapsed: 0:05:25 | ETA: 0:22:45
Epoch[35] Batch[701/3125] | OptTotal: 6.3736e+00 | FTLoss: 6.3736e+00 | AmpL1Full: 2.1733e-02 | PhaseL1PredSup: 2.9074e-02 | SupportBCE: 3.6324e+00 | SupportWeighted: 0.0000e+00 | BatchLR: 5.000e-04 | Grad: True  | Update: True  | Elapsed: 0:06:19 | ETA: 0:21:52
Epoch[35] Batch[801/3125] | OptTotal: 6.3556e+00 | FTLoss: 6.3556e+00 | AmpL1Full: 2.1778e-02 | PhaseL1PredSup: 3.1015e-02 | SupportBCE: 3.2816e+00 | SupportWeighted: 0.0000e+00 | BatchLR: 5.000e-04 | Grad: True  | Update: True  | Elapsed: 0:07:13 | ETA: 0:20:58
Epoch[35] Batch[901/3125] | OptTotal: 6.5063e+00 | FTLoss: 6.5063e+00 | AmpL1Full: 2.0675e-02 | PhaseL1PredSup: 2.5155e-02 | SupportBCE: 3.4891e+00 | SupportWeighted: 0.0000e+00 | BatchLR: 5.000e-04 | Grad: True  | Update: True  | Elapsed: 0:08:08 | ETA: 0:20:04
Epoch[35] Batch[1001/3125] | OptTotal: 5.8170e+00 | FTLoss: 5.8170e+00 | AmpL1Full: 1.8403e-02 | PhaseL1PredSup: 2.9713e-02 | SupportBCE: 3.1424e+00 | SupportWeighted: 0.0000e+00 | BatchLR: 5.000e-04 | Grad: True  | Update: True  | Elapsed: 0:09:02 | ETA: 0:19:10
Epoch[35] Batch[1101/3125] | OptTotal: 5.5345e+00 | FTLoss: 5.5345e+00 | AmpL1Full: 1.9359e-02 | PhaseL1PredSup: 3.5120e-02 | SupportBCE: 3.6123e+00 | SupportWeighted: 0.0000e+00 | BatchLR: 5.000e-04 | Grad: True  | Update: True  | Elapsed: 0:09:56 | ETA: 0:18:16
Epoch[35] Batch[1201/3125] | OptTotal: 6.6266e+00 | FTLoss: 6.6266e+00 | AmpL1Full: 2.8043e-02 | PhaseL1PredSup: 3.4201e-02 | SupportBCE: 3.2310e+00 | SupportWeighted: 0.0000e+00 | BatchLR: 5.000e-04 | Grad: True  | Update: True  | Elapsed: 0:10:50 | ETA: 0:17:21
Epoch[35] Batch[1301/3125] | OptTotal: 6.3104e+00 | FTLoss: 6.3104e+00 | AmpL1Full: 2.3285e-02 | PhaseL1PredSup: 3.3443e-02 | SupportBCE: 3.1758e+00 | SupportWeighted: 0.0000e+00 | BatchLR: 5.000e-04 | Grad: True  | Update: True  | Elapsed: 0:11:44 | ETA: 0:16:27
Epoch[35] Batch[1401/3125] | OptTotal: 6.9825e+00 | FTLoss: 6.9825e+00 | AmpL1Full: 2.8323e-02 | PhaseL1PredSup: 2.9986e-02 | SupportBCE: 3.5530e+00 | SupportWeighted: 0.0000e+00 | BatchLR: 5.000e-04 | Grad: True  | Update: True  | Elapsed: 0:12:38 | ETA: 0:15:33
Epoch[35] Batch[1501/3125] | OptTotal: 5.9129e+00 | FTLoss: 5.9129e+00 | AmpL1Full: 1.7155e-02 | PhaseL1PredSup: 2.6511e-02 | SupportBCE: 3.4057e+00 | SupportWeighted: 0.0000e+00 | BatchLR: 5.000e-04 | Grad: True  | Update: True  | Elapsed: 0:13:32 | ETA: 0:14:39
Epoch[35] Batch[1601/3125] | OptTotal: 5.9768e+00 | FTLoss: 5.9768e+00 | AmpL1Full: 1.8251e-02 | PhaseL1PredSup: 2.6703e-02 | SupportBCE: 3.4825e+00 | SupportWeighted: 0.0000e+00 | BatchLR: 5.000e-04 | Grad: True  | Update: True  | Elapsed: 0:14:26 | ETA: 0:13:45
Epoch[35] Batch[1701/3125] | OptTotal: 6.3313e+00 | FTLoss: 6.3313e+00 | AmpL1Full: 2.2638e-02 | PhaseL1PredSup: 2.9270e-02 | SupportBCE: 3.4446e+00 | SupportWeighted: 0.0000e+00 | BatchLR: 5.000e-04 | Grad: True  | Update: True  | Elapsed: 0:15:21 | ETA: 0:12:51
Epoch[35] Batch[1801/3125] | OptTotal: 5.9935e+00 | FTLoss: 5.9935e+00 | AmpL1Full: 1.8561e-02 | PhaseL1PredSup: 2.8485e-02 | SupportBCE: 3.2919e+00 | SupportWeighted: 0.0000e+00 | BatchLR: 5.000e-04 | Grad: True  | Update: True  | Elapsed: 0:16:15 | ETA: 0:11:56
Epoch[35] Batch[1901/3125] | OptTotal: 6.7892e+00 | FTLoss: 6.7892e+00 | AmpL1Full: 2.3284e-02 | PhaseL1PredSup: 3.0345e-02 | SupportBCE: 3.2931e+00 | SupportWeighted: 0.0000e+00 | BatchLR: 5.000e-04 | Grad: True  | Update: True  | Elapsed: 0:17:09 | ETA: 0:11:02
Epoch[35] Batch[2001/3125] | OptTotal: 6.6427e+00 | FTLoss: 6.6427e+00 | AmpL1Full: 2.9109e-02 | PhaseL1PredSup: 3.4192e-02 | SupportBCE: 3.4001e+00 | SupportWeighted: 0.0000e+00 | BatchLR: 5.000e-04 | Grad: True  | Update: True  | Elapsed: 0:18:03 | ETA: 0:10:08
Epoch[35] Batch[2101/3125] | OptTotal: 5.6974e+00 | FTLoss: 5.6974e+00 | AmpL1Full: 1.7437e-02 | PhaseL1PredSup: 2.8083e-02 | SupportBCE: 3.4418e+00 | SupportWeighted: 0.0000e+00 | BatchLR: 5.000e-04 | Grad: True  | Update: True  | Elapsed: 0:18:57 | ETA: 0:09:14
Epoch[35] Batch[2201/3125] | OptTotal: 6.3087e+00 | FTLoss: 6.3087e+00 | AmpL1Full: 2.2938e-02 | PhaseL1PredSup: 3.4446e-02 | SupportBCE: 3.1863e+00 | SupportWeighted: 0.0000e+00 | BatchLR: 5.000e-04 | Grad: True  | Update: True  | Elapsed: 0:19:51 | ETA: 0:08:20
Epoch[35] Batch[2301/3125] | OptTotal: 5.8373e+00 | FTLoss: 5.8373e+00 | AmpL1Full: 1.6940e-02 | PhaseL1PredSup: 2.5441e-02 | SupportBCE: 3.3314e+00 | SupportWeighted: 0.0000e+00 | BatchLR: 5.000e-04 | Grad: True  | Update: True  | Elapsed: 0:20:45 | ETA: 0:07:26
Epoch[35] Batch[2401/3125] | OptTotal: 6.6170e+00 | FTLoss: 6.6170e+00 | AmpL1Full: 2.5545e-02 | PhaseL1PredSup: 3.2940e-02 | SupportBCE: 3.3117e+00 | SupportWeighted: 0.0000e+00 | BatchLR: 5.000e-04 | Grad: True  | Update: True  | Elapsed: 0:21:40 | ETA: 0:06:32
Epoch[35] Batch[2501/3125] | OptTotal: 6.5263e+00 | FTLoss: 6.5263e+00 | AmpL1Full: 2.1307e-02 | PhaseL1PredSup: 2.4025e-02 | SupportBCE: 3.7071e+00 | SupportWeighted: 0.0000e+00 | BatchLR: 5.000e-04 | Grad: True  | Update: True  | Elapsed: 0:22:34 | ETA: 0:05:37
Epoch[35] Batch[2601/3125] | OptTotal: 6.1469e+00 | FTLoss: 6.1469e+00 | AmpL1Full: 2.0946e-02 | PhaseL1PredSup: 2.7458e-02 | SupportBCE: 3.7014e+00 | SupportWeighted: 0.0000e+00 | BatchLR: 5.000e-04 | Grad: True  | Update: True  | Elapsed: 0:23:28 | ETA: 0:04:43
Epoch[35] Batch[2701/3125] | OptTotal: 6.6852e+00 | FTLoss: 6.6852e+00 | AmpL1Full: 2.6013e-02 | PhaseL1PredSup: 3.2209e-02 | SupportBCE: 3.2470e+00 | SupportWeighted: 0.0000e+00 | BatchLR: 5.000e-04 | Grad: True  | Update: True  | Elapsed: 0:24:22 | ETA: 0:03:49
Epoch[35] Batch[2801/3125] | OptTotal: 6.3225e+00 | FTLoss: 6.3225e+00 | AmpL1Full: 2.3566e-02 | PhaseL1PredSup: 2.7606e-02 | SupportBCE: 3.4636e+00 | SupportWeighted: 0.0000e+00 | BatchLR: 5.000e-04 | Grad: True  | Update: True  | Elapsed: 0:25:16 | ETA: 0:02:55
Epoch[35] Batch[2901/3125] | OptTotal: 6.1356e+00 | FTLoss: 6.1356e+00 | AmpL1Full: 2.1094e-02 | PhaseL1PredSup: 3.2204e-02 | SupportBCE: 3.0707e+00 | SupportWeighted: 0.0000e+00 | BatchLR: 5.000e-04 | Grad: True  | Update: True  | Elapsed: 0:26:10 | ETA: 0:02:01
Epoch[35] Batch[3001/3125] | OptTotal: 5.9005e+00 | FTLoss: 5.9005e+00 | AmpL1Full: 2.1551e-02 | PhaseL1PredSup: 3.3313e-02 | SupportBCE: 3.3938e+00 | SupportWeighted: 0.0000e+00 | BatchLR: 5.000e-04 | Grad: True  | Update: True  | Elapsed: 0:27:04 | ETA: 0:01:07
Epoch[35] Batch[3101/3125] | OptTotal: 6.3397e+00 | FTLoss: 6.3397e+00 | AmpL1Full: 2.3170e-02 | PhaseL1PredSup: 3.4243e-02 | SupportBCE: 3.3586e+00 | SupportWeighted: 0.0000e+00 | BatchLR: 5.000e-04 | Grad: True  | Update: True  | Elapsed: 0:27:59 | ETA: 0:00:12
Epoch[35] Batch[3125/3125] | OptTotal: 6.1752e+00 | FTLoss: 6.1752e+00 | AmpL1Full: 2.0845e-02 | PhaseL1PredSup: 3.2757e-02 | SupportBCE: 3.1019e+00 | SupportWeighted: 0.0000e+00 | BatchLR: 5.000e-04 | Grad: True  | Update: True  | Elapsed: 0:28:12 | ETA: 0:00:00

================================================================================
Epoch 35 complete | total time: 1692.09s | average OptTotal: 6.2950e+00
Average train optimization terms | FTLoss: 6.2950e+00 | SupportWeighted: 0.0000e+00
Average train real-space monitors | AmpL1Full: 2.2663e-02 | PhaseL1PredSup: 3.0182e-02 | SupportBCE: 3.3993e+00
================================================================================

Validation Epoch [35] | Batch [100/625] | OptTotal: 6.6032e+00 | FTLoss: 6.6032e+00 | AmpL1Full: 2.1600e-02 | PhaseL1PredSup: 2.7697e-02 | SupportBCE: 3.4079e+00 | FT_L1: 6.6032e+00 | FT_RelL1: 5.4764e-01 | FT_Chi2: 5.1242e-01 | FT_PearsonCorr: 7.4971e-01
Validation Epoch [35] | Batch [200/625] | OptTotal: 6.2085e+00 | FTLoss: 6.2085e+00 | AmpL1Full: 2.3537e-02 | PhaseL1PredSup: 3.2637e-02 | SupportBCE: 2.9972e+00 | FT_L1: 6.2085e+00 | FT_RelL1: 5.2747e-01 | FT_Chi2: 4.5601e-01 | FT_PearsonCorr: 7.9592e-01
Validation Epoch [35] | Batch [300/625] | OptTotal: 6.4230e+00 | FTLoss: 6.4230e+00 | AmpL1Full: 2.2969e-02 | PhaseL1PredSup: 3.2862e-02 | SupportBCE: 3.6580e+00 | FT_L1: 6.4230e+00 | FT_RelL1: 5.2682e-01 | FT_Chi2: 4.2932e-01 | FT_PearsonCorr: 7.9978e-01
Validation Epoch [35] | Batch [400/625] | OptTotal: 6.0852e+00 | FTLoss: 6.0852e+00 | AmpL1Full: 1.9860e-02 | PhaseL1PredSup: 2.7406e-02 | SupportBCE: 3.7870e+00 | FT_L1: 6.0852e+00 | FT_RelL1: 5.3484e-01 | FT_Chi2: 4.5802e-01 | FT_PearsonCorr: 7.7653e-01
Validation Epoch [35] | Batch [500/625] | OptTotal: 6.7676e+00 | FTLoss: 6.7676e+00 | AmpL1Full: 2.3118e-02 | PhaseL1PredSup: 2.4090e-02 | SupportBCE: 3.6961e+00 | FT_L1: 6.7676e+00 | FT_RelL1: 5.6779e-01 | FT_Chi2: 5.4742e-01 | FT_PearsonCorr: 7.2216e-01
Validation Epoch [35] | Batch [600/625] | OptTotal: 6.0681e+00 | FTLoss: 6.0681e+00 | AmpL1Full: 2.0611e-02 | PhaseL1PredSup: 2.8810e-02 | SupportBCE: 3.3724e+00 | FT_L1: 6.0681e+00 | FT_RelL1: 5.3300e-01 | FT_Chi2: 4.4269e-01 | FT_PearsonCorr: 7.8996e-01
Validation Epoch [35] | Batch [625/625] | OptTotal: 6.2210e+00 | FTLoss: 6.2210e+00 | AmpL1Full: 2.1744e-02 | PhaseL1PredSup: 3.3910e-02 | SupportBCE: 3.1985e+00 | FT_L1: 6.2210e+00 | FT_RelL1: 5.2359e-01 | FT_Chi2: 3.8989e-01 | FT_PearsonCorr: 8.1063e-01

================================================================================
Epoch 35 validation complete
Average validation metrics:
   Optimization: OptTotal=6.3459e+00 | FTLoss=6.3459e+00 | SupportWeighted=0.0000e+00
   Real-space monitors: AmpL1Full=2.2526e-02 | PhaseL1PredSup=3.0528e-02 | SupportBCE=3.3761e+00
   Reciprocal primary: FT_L1=6.3459e+00 | FT_RelL1=5.3842e-01 | FT_Chi2=4.5715e-01 | FT_PearsonCorr=7.8105e-01
   Reciprocal diagnostics: FT_Huber=5.8857e+00 | FT_PearsonLoss=2.1895e-01 | FT_LogRelMSE=1.3182e-01 | FT_Comb=3.3805e-01 | FT_Comb2=4.4674e-01
   Raw-scale diagnostics: FT_VoxelMSE=1.9900e+03 | FT_VoxelRMSE=4.1675e+01
================================================================================

Epoch 35 scheduler lr: 5.000e-04
Epoch[36] Batch[1/3125] | OptTotal: 6.7339e+00 | FTLoss: 6.7339e+00 | AmpL1Full: 2.3584e-02 | PhaseL1PredSup: 2.5434e-02 | SupportBCE: 3.4004e+00 | SupportWeighted: 0.0000e+00 | BatchLR: 5.000e-04 | Grad: True  | Update: True  | Elapsed: 0:00:00 | ETA: 0:33:07
Epoch[36] Batch[101/3125] | OptTotal: 6.7195e+00 | FTLoss: 6.7195e+00 | AmpL1Full: 2.5700e-02 | PhaseL1PredSup: 3.0866e-02 | SupportBCE: 3.5037e+00 | SupportWeighted: 0.0000e+00 | BatchLR: 5.000e-04 | Grad: True  | Update: True  | Elapsed: 0:00:54 | ETA: 0:27:19
Epoch[36] Batch[201/3125] | OptTotal: 6.5913e+00 | FTLoss: 6.5913e+00 | AmpL1Full: 2.2979e-02 | PhaseL1PredSup: 2.8508e-02 | SupportBCE: 3.4515e+00 | SupportWeighted: 0.0000e+00 | BatchLR: 5.000e-04 | Grad: True  | Update: True  | Elapsed: 0:01:48 | ETA: 0:26:23
Epoch[36] Batch[301/3125] | OptTotal: 5.8953e+00 | FTLoss: 5.8953e+00 | AmpL1Full: 1.7293e-02 | PhaseL1PredSup: 3.0826e-02 | SupportBCE: 3.3523e+00 | SupportWeighted: 0.0000e+00 | BatchLR: 5.000e-04 | Grad: True  | Update: True  | Elapsed: 0:02:42 | ETA: 0:25:28
Epoch[36] Batch[401/3125] | OptTotal: 5.8276e+00 | FTLoss: 5.8276e+00 | AmpL1Full: 2.2561e-02 | PhaseL1PredSup: 3.6547e-02 | SupportBCE: 3.4296e+00 | SupportWeighted: 0.0000e+00 | BatchLR: 5.000e-04 | Grad: True  | Update: True  | Elapsed: 0:03:36 | ETA: 0:24:33
Epoch[36] Batch[501/3125] | OptTotal: 6.1639e+00 | FTLoss: 6.1639e+00 | AmpL1Full: 2.4317e-02 | PhaseL1PredSup: 3.8804e-02 | SupportBCE: 3.1972e+00 | SupportWeighted: 0.0000e+00 | BatchLR: 5.000e-04 | Grad: True  | Update: True  | Elapsed: 0:04:30 | ETA: 0:23:39
Epoch[36] Batch[601/3125] | OptTotal: 6.3383e+00 | FTLoss: 6.3383e+00 | AmpL1Full: 2.2224e-02 | PhaseL1PredSup: 2.6813e-02 | SupportBCE: 3.2136e+00 | SupportWeighted: 0.0000e+00 | BatchLR: 5.000e-04 | Grad: True  | Update: True  | Elapsed: 0:05:25 | ETA: 0:22:46
Epoch[36] Batch[701/3125] | OptTotal: 6.9074e+00 | FTLoss: 6.9074e+00 | AmpL1Full: 2.5448e-02 | PhaseL1PredSup: 3.0791e-02 | SupportBCE: 3.3780e+00 | SupportWeighted: 0.0000e+00 | BatchLR: 5.000e-04 | Grad: True  | Update: True  | Elapsed: 0:06:19 | ETA: 0:21:52
Epoch[36] Batch[801/3125] | OptTotal: 5.8402e+00 | FTLoss: 5.8402e+00 | AmpL1Full: 1.9062e-02 | PhaseL1PredSup: 3.3718e-02 | SupportBCE: 3.0373e+00 | SupportWeighted: 0.0000e+00 | BatchLR: 5.000e-04 | Grad: True  | Update: True  | Elapsed: 0:07:13 | ETA: 0:20:58
Epoch[36] Batch[901/3125] | OptTotal: 6.5902e+00 | FTLoss: 6.5902e+00 | AmpL1Full: 1.9700e-02 | PhaseL1PredSup: 2.4686e-02 | SupportBCE: 3.4491e+00 | SupportWeighted: 0.0000e+00 | BatchLR: 5.000e-04 | Grad: True  | Update: True  | Elapsed: 0:08:07 | ETA: 0:20:04
Epoch[36] Batch[1001/3125] | OptTotal: 6.0300e+00 | FTLoss: 6.0300e+00 | AmpL1Full: 2.1148e-02 | PhaseL1PredSup: 3.6645e-02 | SupportBCE: 3.1599e+00 | SupportWeighted: 0.0000e+00 | BatchLR: 5.000e-04 | Grad: True  | Update: True  | Elapsed: 0:09:01 | ETA: 0:19:10
Epoch[36] Batch[1101/3125] | OptTotal: 6.3148e+00 | FTLoss: 6.3148e+00 | AmpL1Full: 1.8969e-02 | PhaseL1PredSup: 2.2039e-02 | SupportBCE: 3.6785e+00 | SupportWeighted: 0.0000e+00 | BatchLR: 5.000e-04 | Grad: True  | Update: True  | Elapsed: 0:09:56 | ETA: 0:18:15
Epoch[36] Batch[1201/3125] | OptTotal: 6.1628e+00 | FTLoss: 6.1628e+00 | AmpL1Full: 2.4882e-02 | PhaseL1PredSup: 3.3455e-02 | SupportBCE: 3.3643e+00 | SupportWeighted: 0.0000e+00 | BatchLR: 5.000e-04 | Grad: True  | Update: True  | Elapsed: 0:10:50 | ETA: 0:17:21
Epoch[36] Batch[1301/3125] | OptTotal: 6.2899e+00 | FTLoss: 6.2899e+00 | AmpL1Full: 2.2085e-02 | PhaseL1PredSup: 3.2426e-02 | SupportBCE: 3.3611e+00 | SupportWeighted: 0.0000e+00 | BatchLR: 5.000e-04 | Grad: True  | Update: True  | Elapsed: 0:11:44 | ETA: 0:16:27
Epoch[36] Batch[1401/3125] | OptTotal: 6.3610e+00 | FTLoss: 6.3610e+00 | AmpL1Full: 2.1451e-02 | PhaseL1PredSup: 2.6706e-02 | SupportBCE: 3.2753e+00 | SupportWeighted: 0.0000e+00 | BatchLR: 5.000e-04 | Grad: True  | Update: True  | Elapsed: 0:12:38 | ETA: 0:15:33
Epoch[36] Batch[1501/3125] | OptTotal: 6.9572e+00 | FTLoss: 6.9572e+00 | AmpL1Full: 2.5347e-02 | PhaseL1PredSup: 2.5738e-02 | SupportBCE: 3.2724e+00 | SupportWeighted: 0.0000e+00 | BatchLR: 5.000e-04 | Grad: True  | Update: True  | Elapsed: 0:13:32 | ETA: 0:14:39
Epoch[36] Batch[1601/3125] | OptTotal: 5.8659e+00 | FTLoss: 5.8659e+00 | AmpL1Full: 2.0995e-02 | PhaseL1PredSup: 2.9580e-02 | SupportBCE: 3.2633e+00 | SupportWeighted: 0.0000e+00 | BatchLR: 5.000e-04 | Grad: True  | Update: True  | Elapsed: 0:14:26 | ETA: 0:13:45
Epoch[36] Batch[1701/3125] | OptTotal: 5.9418e+00 | FTLoss: 5.9418e+00 | AmpL1Full: 1.9413e-02 | PhaseL1PredSup: 3.3235e-02 | SupportBCE: 3.2355e+00 | SupportWeighted: 0.0000e+00 | BatchLR: 5.000e-04 | Grad: True  | Update: True  | Elapsed: 0:15:21 | ETA: 0:12:51
Epoch[36] Batch[1801/3125] | OptTotal: 5.8886e+00 | FTLoss: 5.8886e+00 | AmpL1Full: 1.9347e-02 | PhaseL1PredSup: 3.1092e-02 | SupportBCE: 3.1176e+00 | SupportWeighted: 0.0000e+00 | BatchLR: 5.000e-04 | Grad: True  | Update: True  | Elapsed: 0:16:15 | ETA: 0:11:56
Epoch[36] Batch[1901/3125] | OptTotal: 6.4926e+00 | FTLoss: 6.4926e+00 | AmpL1Full: 2.0738e-02 | PhaseL1PredSup: 2.5029e-02 | SupportBCE: 3.5771e+00 | SupportWeighted: 0.0000e+00 | BatchLR: 5.000e-04 | Grad: True  | Update: True  | Elapsed: 0:17:09 | ETA: 0:11:02
Epoch[36] Batch[2001/3125] | OptTotal: 5.6650e+00 | FTLoss: 5.6650e+00 | AmpL1Full: 1.6055e-02 | PhaseL1PredSup: 2.3170e-02 | SupportBCE: 3.4434e+00 | SupportWeighted: 0.0000e+00 | BatchLR: 5.000e-04 | Grad: True  | Update: True  | Elapsed: 0:18:03 | ETA: 0:10:08
Epoch[36] Batch[2101/3125] | OptTotal: 6.4927e+00 | FTLoss: 6.4927e+00 | AmpL1Full: 2.4538e-02 | PhaseL1PredSup: 2.8748e-02 | SupportBCE: 3.4768e+00 | SupportWeighted: 0.0000e+00 | BatchLR: 5.000e-04 | Grad: True  | Update: True  | Elapsed: 0:18:57 | ETA: 0:09:14
Epoch[36] Batch[2201/3125] | OptTotal: 6.6128e+00 | FTLoss: 6.6128e+00 | AmpL1Full: 2.7604e-02 | PhaseL1PredSup: 3.2202e-02 | SupportBCE: 3.3932e+00 | SupportWeighted: 0.0000e+00 | BatchLR: 5.000e-04 | Grad: True  | Update: True  | Elapsed: 0:19:51 | ETA: 0:08:20
Epoch[36] Batch[2301/3125] | OptTotal: 6.2900e+00 | FTLoss: 6.2900e+00 | AmpL1Full: 2.0733e-02 | PhaseL1PredSup: 2.6525e-02 | SupportBCE: 3.6317e+00 | SupportWeighted: 0.0000e+00 | BatchLR: 5.000e-04 | Grad: True  | Update: True  | Elapsed: 0:20:45 | ETA: 0:07:26
Epoch[36] Batch[2401/3125] | OptTotal: 6.3813e+00 | FTLoss: 6.3813e+00 | AmpL1Full: 2.2918e-02 | PhaseL1PredSup: 3.2188e-02 | SupportBCE: 3.6641e+00 | SupportWeighted: 0.0000e+00 | BatchLR: 5.000e-04 | Grad: True  | Update: True  | Elapsed: 0:21:40 | ETA: 0:06:32
Epoch[36] Batch[2501/3125] | OptTotal: 6.4440e+00 | FTLoss: 6.4440e+00 | AmpL1Full: 2.6004e-02 | PhaseL1PredSup: 3.6430e-02 | SupportBCE: 3.3237e+00 | SupportWeighted: 0.0000e+00 | BatchLR: 5.000e-04 | Grad: True  | Update: True  | Elapsed: 0:22:34 | ETA: 0:05:37
Epoch[36] Batch[2601/3125] | OptTotal: 6.0416e+00 | FTLoss: 6.0416e+00 | AmpL1Full: 2.2728e-02 | PhaseL1PredSup: 3.3921e-02 | SupportBCE: 3.3727e+00 | SupportWeighted: 0.0000e+00 | BatchLR: 5.000e-04 | Grad: True  | Update: True  | Elapsed: 0:23:28 | ETA: 0:04:43
Epoch[36] Batch[2701/3125] | OptTotal: 6.1289e+00 | FTLoss: 6.1289e+00 | AmpL1Full: 2.3512e-02 | PhaseL1PredSup: 3.0921e-02 | SupportBCE: 3.3692e+00 | SupportWeighted: 0.0000e+00 | BatchLR: 5.000e-04 | Grad: True  | Update: True  | Elapsed: 0:24:22 | ETA: 0:03:49
Epoch[36] Batch[2801/3125] | OptTotal: 6.8452e+00 | FTLoss: 6.8452e+00 | AmpL1Full: 2.8555e-02 | PhaseL1PredSup: 3.3835e-02 | SupportBCE: 3.3329e+00 | SupportWeighted: 0.0000e+00 | BatchLR: 5.000e-04 | Grad: True  | Update: True  | Elapsed: 0:25:16 | ETA: 0:02:55
Epoch[36] Batch[2901/3125] | OptTotal: 7.0673e+00 | FTLoss: 7.0673e+00 | AmpL1Full: 3.2249e-02 | PhaseL1PredSup: 3.1567e-02 | SupportBCE: 3.5042e+00 | SupportWeighted: 0.0000e+00 | BatchLR: 5.000e-04 | Grad: True  | Update: True  | Elapsed: 0:26:10 | ETA: 0:02:01
Epoch[36] Batch[3001/3125] | OptTotal: 7.1255e+00 | FTLoss: 7.1255e+00 | AmpL1Full: 2.9316e-02 | PhaseL1PredSup: 3.0088e-02 | SupportBCE: 3.2548e+00 | SupportWeighted: 0.0000e+00 | BatchLR: 5.000e-04 | Grad: True  | Update: True  | Elapsed: 0:27:04 | ETA: 0:01:07
Epoch[36] Batch[3101/3125] | OptTotal: 6.5035e+00 | FTLoss: 6.5035e+00 | AmpL1Full: 2.4616e-02 | PhaseL1PredSup: 2.9182e-02 | SupportBCE: 3.4968e+00 | SupportWeighted: 0.0000e+00 | BatchLR: 5.000e-04 | Grad: True  | Update: True  | Elapsed: 0:27:58 | ETA: 0:00:12
Epoch[36] Batch[3125/3125] | OptTotal: 6.3273e+00 | FTLoss: 6.3273e+00 | AmpL1Full: 2.4418e-02 | PhaseL1PredSup: 2.9629e-02 | SupportBCE: 3.5313e+00 | SupportWeighted: 0.0000e+00 | BatchLR: 5.000e-04 | Grad: True  | Update: True  | Elapsed: 0:28:12 | ETA: 0:00:00

================================================================================
Epoch 36 complete | total time: 1692.03s | average OptTotal: 6.2929e+00
Average train optimization terms | FTLoss: 6.2929e+00 | SupportWeighted: 0.0000e+00
Average train real-space monitors | AmpL1Full: 2.2658e-02 | PhaseL1PredSup: 3.0149e-02 | SupportBCE: 3.4129e+00
================================================================================

Validation Epoch [36] | Batch [100/625] | OptTotal: 6.6058e+00 | FTLoss: 6.6058e+00 | AmpL1Full: 2.1707e-02 | PhaseL1PredSup: 2.7750e-02 | SupportBCE: 3.4343e+00 | FT_L1: 6.6058e+00 | FT_RelL1: 5.4778e-01 | FT_Chi2: 5.1145e-01 | FT_PearsonCorr: 7.4962e-01
Validation Epoch [36] | Batch [200/625] | OptTotal: 6.2289e+00 | FTLoss: 6.2289e+00 | AmpL1Full: 2.3593e-02 | PhaseL1PredSup: 3.1769e-02 | SupportBCE: 3.0298e+00 | FT_L1: 6.2289e+00 | FT_RelL1: 5.2924e-01 | FT_Chi2: 4.6256e-01 | FT_PearsonCorr: 7.9206e-01
Validation Epoch [36] | Batch [300/625] | OptTotal: 6.4199e+00 | FTLoss: 6.4199e+00 | AmpL1Full: 2.3008e-02 | PhaseL1PredSup: 3.2981e-02 | SupportBCE: 3.6550e+00 | FT_L1: 6.4199e+00 | FT_RelL1: 5.2658e-01 | FT_Chi2: 4.2848e-01 | FT_PearsonCorr: 7.9946e-01
Validation Epoch [36] | Batch [400/625] | OptTotal: 6.0739e+00 | FTLoss: 6.0739e+00 | AmpL1Full: 1.9779e-02 | PhaseL1PredSup: 2.6859e-02 | SupportBCE: 3.7540e+00 | FT_L1: 6.0739e+00 | FT_RelL1: 5.3386e-01 | FT_Chi2: 4.6240e-01 | FT_PearsonCorr: 7.7601e-01
Validation Epoch [36] | Batch [500/625] | OptTotal: 6.7808e+00 | FTLoss: 6.7808e+00 | AmpL1Full: 2.3061e-02 | PhaseL1PredSup: 2.3376e-02 | SupportBCE: 3.7074e+00 | FT_L1: 6.7808e+00 | FT_RelL1: 5.6894e-01 | FT_Chi2: 5.5361e-01 | FT_PearsonCorr: 7.2067e-01
Validation Epoch [36] | Batch [600/625] | OptTotal: 6.0478e+00 | FTLoss: 6.0478e+00 | AmpL1Full: 2.0674e-02 | PhaseL1PredSup: 2.8479e-02 | SupportBCE: 3.3702e+00 | FT_L1: 6.0478e+00 | FT_RelL1: 5.3114e-01 | FT_Chi2: 4.4910e-01 | FT_PearsonCorr: 7.8648e-01
Validation Epoch [36] | Batch [625/625] | OptTotal: 6.2242e+00 | FTLoss: 6.2242e+00 | AmpL1Full: 2.1896e-02 | PhaseL1PredSup: 3.3335e-02 | SupportBCE: 3.2257e+00 | FT_L1: 6.2242e+00 | FT_RelL1: 5.2397e-01 | FT_Chi2: 3.9957e-01 | FT_PearsonCorr: 8.0666e-01

================================================================================
Epoch 36 validation complete
Average validation metrics:
   Optimization: OptTotal=6.3517e+00 | FTLoss=6.3517e+00 | SupportWeighted=0.0000e+00
   Real-space monitors: AmpL1Full=2.2545e-02 | PhaseL1PredSup=2.9922e-02 | SupportBCE=3.4014e+00
   Reciprocal primary: FT_L1=6.3517e+00 | FT_RelL1=5.3890e-01 | FT_Chi2=4.6433e-01 | FT_PearsonCorr=7.7842e-01
   Reciprocal diagnostics: FT_Huber=5.8915e+00 | FT_PearsonLoss=2.2158e-01 | FT_LogRelMSE=1.3135e-01 | FT_Comb=3.4296e-01 | FT_Comb2=4.5074e-01
   Raw-scale diagnostics: FT_VoxelMSE=2.0215e+03 | FT_VoxelRMSE=4.2088e+01
================================================================================

Epoch 36 scheduler lr: 5.000e-04
Epoch[37] Batch[1/3125] | OptTotal: 6.3563e+00 | FTLoss: 6.3563e+00 | AmpL1Full: 2.7082e-02 | PhaseL1PredSup: 3.5054e-02 | SupportBCE: 3.2639e+00 | SupportWeighted: 0.0000e+00 | BatchLR: 5.000e-04 | Grad: True  | Update: True  | Elapsed: 0:00:00 | ETA: 0:31:27
Epoch[37] Batch[101/3125] | OptTotal: 5.8618e+00 | FTLoss: 5.8618e+00 | AmpL1Full: 1.8221e-02 | PhaseL1PredSup: 2.8087e-02 | SupportBCE: 3.6735e+00 | SupportWeighted: 0.0000e+00 | BatchLR: 5.000e-04 | Grad: True  | Update: True  | Elapsed: 0:00:54 | ETA: 0:27:18
Epoch[37] Batch[201/3125] | OptTotal: 6.3075e+00 | FTLoss: 6.3075e+00 | AmpL1Full: 2.6695e-02 | PhaseL1PredSup: 3.2248e-02 | SupportBCE: 3.4820e+00 | SupportWeighted: 0.0000e+00 | BatchLR: 5.000e-04 | Grad: True  | Update: True  | Elapsed: 0:01:48 | ETA: 0:26:22
Epoch[37] Batch[301/3125] | OptTotal: 6.0703e+00 | FTLoss: 6.0703e+00 | AmpL1Full: 1.8785e-02 | PhaseL1PredSup: 2.8452e-02 | SupportBCE: 3.4687e+00 | SupportWeighted: 0.0000e+00 | BatchLR: 5.000e-04 | Grad: True  | Update: True  | Elapsed: 0:02:42 | ETA: 0:25:27
Epoch[37] Batch[401/3125] | OptTotal: 6.9828e+00 | FTLoss: 6.9828e+00 | AmpL1Full: 2.6862e-02 | PhaseL1PredSup: 2.6926e-02 | SupportBCE: 3.5886e+00 | SupportWeighted: 0.0000e+00 | BatchLR: 5.000e-04 | Grad: True  | Update: True  | Elapsed: 0:03:36 | ETA: 0:24:33
Epoch[37] Batch[501/3125] | OptTotal: 6.6253e+00 | FTLoss: 6.6253e+00 | AmpL1Full: 2.6313e-02 | PhaseL1PredSup: 3.4288e-02 | SupportBCE: 3.4440e+00 | SupportWeighted: 0.0000e+00 | BatchLR: 5.000e-04 | Grad: True  | Update: True  | Elapsed: 0:04:31 | ETA: 0:23:40
Epoch[37] Batch[601/3125] | OptTotal: 6.3276e+00 | FTLoss: 6.3276e+00 | AmpL1Full: 2.6370e-02 | PhaseL1PredSup: 3.2933e-02 | SupportBCE: 3.4944e+00 | SupportWeighted: 0.0000e+00 | BatchLR: 5.000e-04 | Grad: True  | Update: True  | Elapsed: 0:05:25 | ETA: 0:22:46
Epoch[37] Batch[701/3125] | OptTotal: 6.5557e+00 | FTLoss: 6.5557e+00 | AmpL1Full: 2.8473e-02 | PhaseL1PredSup: 3.2940e-02 | SupportBCE: 3.2500e+00 | SupportWeighted: 0.0000e+00 | BatchLR: 5.000e-04 | Grad: True  | Update: True  | Elapsed: 0:06:19 | ETA: 0:21:52
Epoch[37] Batch[801/3125] | OptTotal: 6.0969e+00 | FTLoss: 6.0969e+00 | AmpL1Full: 2.1196e-02 | PhaseL1PredSup: 3.0833e-02 | SupportBCE: 3.3689e+00 | SupportWeighted: 0.0000e+00 | BatchLR: 5.000e-04 | Grad: True  | Update: True  | Elapsed: 0:07:13 | ETA: 0:20:58
Epoch[37] Batch[901/3125] | OptTotal: 5.7313e+00 | FTLoss: 5.7313e+00 | AmpL1Full: 2.3293e-02 | PhaseL1PredSup: 3.4420e-02 | SupportBCE: 3.5669e+00 | SupportWeighted: 0.0000e+00 | BatchLR: 5.000e-04 | Grad: True  | Update: True  | Elapsed: 0:08:07 | ETA: 0:20:03
Epoch[37] Batch[1001/3125] | OptTotal: 6.4777e+00 | FTLoss: 6.4777e+00 | AmpL1Full: 2.3088e-02 | PhaseL1PredSup: 2.8514e-02 | SupportBCE: 3.5675e+00 | SupportWeighted: 0.0000e+00 | BatchLR: 5.000e-04 | Grad: True  | Update: True  | Elapsed: 0:09:01 | ETA: 0:19:09
Epoch[37] Batch[1101/3125] | OptTotal: 6.5532e+00 | FTLoss: 6.5532e+00 | AmpL1Full: 2.3382e-02 | PhaseL1PredSup: 3.0698e-02 | SupportBCE: 3.1523e+00 | SupportWeighted: 0.0000e+00 | BatchLR: 5.000e-04 | Grad: True  | Update: True  | Elapsed: 0:09:55 | ETA: 0:18:15
Epoch[37] Batch[1201/3125] | OptTotal: 5.7103e+00 | FTLoss: 5.7103e+00 | AmpL1Full: 1.6382e-02 | PhaseL1PredSup: 2.8701e-02 | SupportBCE: 3.2561e+00 | SupportWeighted: 0.0000e+00 | BatchLR: 5.000e-04 | Grad: True  | Update: True  | Elapsed: 0:10:49 | ETA: 0:17:21
Epoch[37] Batch[1301/3125] | OptTotal: 6.6401e+00 | FTLoss: 6.6401e+00 | AmpL1Full: 2.2258e-02 | PhaseL1PredSup: 2.5797e-02 | SupportBCE: 3.5739e+00 | SupportWeighted: 0.0000e+00 | BatchLR: 5.000e-04 | Grad: True  | Update: True  | Elapsed: 0:11:44 | ETA: 0:16:27
Epoch[37] Batch[1401/3125] | OptTotal: 6.1903e+00 | FTLoss: 6.1903e+00 | AmpL1Full: 2.2252e-02 | PhaseL1PredSup: 3.1060e-02 | SupportBCE: 3.4568e+00 | SupportWeighted: 0.0000e+00 | BatchLR: 5.000e-04 | Grad: True  | Update: True  | Elapsed: 0:12:38 | ETA: 0:15:33
Epoch[37] Batch[1501/3125] | OptTotal: 6.5083e+00 | FTLoss: 6.5083e+00 | AmpL1Full: 2.4969e-02 | PhaseL1PredSup: 2.8219e-02 | SupportBCE: 3.2246e+00 | SupportWeighted: 0.0000e+00 | BatchLR: 5.000e-04 | Grad: True  | Update: True  | Elapsed: 0:13:32 | ETA: 0:14:39
Epoch[37] Batch[1601/3125] | OptTotal: 6.5519e+00 | FTLoss: 6.5519e+00 | AmpL1Full: 2.3993e-02 | PhaseL1PredSup: 2.7353e-02 | SupportBCE: 3.6319e+00 | SupportWeighted: 0.0000e+00 | BatchLR: 5.000e-04 | Grad: True  | Update: True  | Elapsed: 0:14:26 | ETA: 0:13:45
Epoch[37] Batch[1701/3125] | OptTotal: 6.6401e+00 | FTLoss: 6.6401e+00 | AmpL1Full: 2.4189e-02 | PhaseL1PredSup: 2.5984e-02 | SupportBCE: 3.6216e+00 | SupportWeighted: 0.0000e+00 | BatchLR: 5.000e-04 | Grad: True  | Update: True  | Elapsed: 0:15:20 | ETA: 0:12:50
Epoch[37] Batch[1801/3125] | OptTotal: 6.2449e+00 | FTLoss: 6.2449e+00 | AmpL1Full: 1.8662e-02 | PhaseL1PredSup: 2.3355e-02 | SupportBCE: 3.7146e+00 | SupportWeighted: 0.0000e+00 | BatchLR: 5.000e-04 | Grad: True  | Update: True  | Elapsed: 0:16:14 | ETA: 0:11:56
Epoch[37] Batch[1901/3125] | OptTotal: 6.5955e+00 | FTLoss: 6.5955e+00 | AmpL1Full: 2.0399e-02 | PhaseL1PredSup: 2.5440e-02 | SupportBCE: 3.4987e+00 | SupportWeighted: 0.0000e+00 | BatchLR: 5.000e-04 | Grad: True  | Update: True  | Elapsed: 0:17:09 | ETA: 0:11:02
Epoch[37] Batch[2001/3125] | OptTotal: 6.3229e+00 | FTLoss: 6.3229e+00 | AmpL1Full: 2.1090e-02 | PhaseL1PredSup: 2.6317e-02 | SupportBCE: 3.5412e+00 | SupportWeighted: 0.0000e+00 | BatchLR: 5.000e-04 | Grad: True  | Update: True  | Elapsed: 0:18:03 | ETA: 0:10:08
Epoch[37] Batch[2101/3125] | OptTotal: 6.4819e+00 | FTLoss: 6.4819e+00 | AmpL1Full: 2.0211e-02 | PhaseL1PredSup: 2.7258e-02 | SupportBCE: 3.1550e+00 | SupportWeighted: 0.0000e+00 | BatchLR: 5.000e-04 | Grad: True  | Update: True  | Elapsed: 0:18:57 | ETA: 0:09:14
Epoch[37] Batch[2201/3125] | OptTotal: 5.9184e+00 | FTLoss: 5.9184e+00 | AmpL1Full: 2.1412e-02 | PhaseL1PredSup: 2.8489e-02 | SupportBCE: 3.4336e+00 | SupportWeighted: 0.0000e+00 | BatchLR: 5.000e-04 | Grad: True  | Update: True  | Elapsed: 0:19:51 | ETA: 0:08:20
Epoch[37] Batch[2301/3125] | OptTotal: 6.2274e+00 | FTLoss: 6.2274e+00 | AmpL1Full: 1.9974e-02 | PhaseL1PredSup: 2.6562e-02 | SupportBCE: 3.3935e+00 | SupportWeighted: 0.0000e+00 | BatchLR: 5.000e-04 | Grad: True  | Update: True  | Elapsed: 0:20:45 | ETA: 0:07:26
Epoch[37] Batch[2401/3125] | OptTotal: 6.1117e+00 | FTLoss: 6.1117e+00 | AmpL1Full: 2.2350e-02 | PhaseL1PredSup: 2.6912e-02 | SupportBCE: 3.4138e+00 | SupportWeighted: 0.0000e+00 | BatchLR: 5.000e-04 | Grad: True  | Update: True  | Elapsed: 0:21:39 | ETA: 0:06:31
Epoch[37] Batch[2501/3125] | OptTotal: 6.0427e+00 | FTLoss: 6.0427e+00 | AmpL1Full: 2.1219e-02 | PhaseL1PredSup: 3.1121e-02 | SupportBCE: 3.5226e+00 | SupportWeighted: 0.0000e+00 | BatchLR: 5.000e-04 | Grad: True  | Update: True  | Elapsed: 0:22:33 | ETA: 0:05:37
Epoch[37] Batch[2601/3125] | OptTotal: 6.4572e+00 | FTLoss: 6.4572e+00 | AmpL1Full: 2.5245e-02 | PhaseL1PredSup: 3.1023e-02 | SupportBCE: 3.5613e+00 | SupportWeighted: 0.0000e+00 | BatchLR: 5.000e-04 | Grad: True  | Update: True  | Elapsed: 0:23:28 | ETA: 0:04:43
Epoch[37] Batch[2701/3125] | OptTotal: 6.4303e+00 | FTLoss: 6.4303e+00 | AmpL1Full: 2.4345e-02 | PhaseL1PredSup: 3.3396e-02 | SupportBCE: 3.3366e+00 | SupportWeighted: 0.0000e+00 | BatchLR: 5.000e-04 | Grad: True  | Update: True  | Elapsed: 0:24:22 | ETA: 0:03:49
Epoch[37] Batch[2801/3125] | OptTotal: 5.8216e+00 | FTLoss: 5.8216e+00 | AmpL1Full: 1.8234e-02 | PhaseL1PredSup: 3.1266e-02 | SupportBCE: 3.1691e+00 | SupportWeighted: 0.0000e+00 | BatchLR: 5.000e-04 | Grad: True  | Update: True  | Elapsed: 0:25:16 | ETA: 0:02:55
Epoch[37] Batch[2901/3125] | OptTotal: 6.4371e+00 | FTLoss: 6.4371e+00 | AmpL1Full: 2.2484e-02 | PhaseL1PredSup: 2.1825e-02 | SupportBCE: 3.7107e+00 | SupportWeighted: 0.0000e+00 | BatchLR: 5.000e-04 | Grad: True  | Update: True  | Elapsed: 0:26:10 | ETA: 0:02:01
Epoch[37] Batch[3001/3125] | OptTotal: 6.8063e+00 | FTLoss: 6.8063e+00 | AmpL1Full: 2.4421e-02 | PhaseL1PredSup: 2.4913e-02 | SupportBCE: 3.6583e+00 | SupportWeighted: 0.0000e+00 | BatchLR: 5.000e-04 | Grad: True  | Update: True  | Elapsed: 0:27:04 | ETA: 0:01:07
Epoch[37] Batch[3101/3125] | OptTotal: 6.3745e+00 | FTLoss: 6.3745e+00 | AmpL1Full: 2.5471e-02 | PhaseL1PredSup: 3.8893e-02 | SupportBCE: 3.2915e+00 | SupportWeighted: 0.0000e+00 | BatchLR: 5.000e-04 | Grad: True  | Update: True  | Elapsed: 0:27:58 | ETA: 0:00:12
Epoch[37] Batch[3125/3125] | OptTotal: 6.1028e+00 | FTLoss: 6.1028e+00 | AmpL1Full: 1.9634e-02 | PhaseL1PredSup: 2.6715e-02 | SupportBCE: 3.5437e+00 | SupportWeighted: 0.0000e+00 | BatchLR: 5.000e-04 | Grad: True  | Update: True  | Elapsed: 0:28:11 | ETA: 0:00:00

================================================================================
Epoch 37 complete | total time: 1691.92s | average OptTotal: 6.2908e+00
Average train optimization terms | FTLoss: 6.2908e+00 | SupportWeighted: 0.0000e+00
Average train real-space monitors | AmpL1Full: 2.2657e-02 | PhaseL1PredSup: 3.0165e-02 | SupportBCE: 3.4257e+00
================================================================================

Validation Epoch [37] | Batch [100/625] | OptTotal: 6.6223e+00 | FTLoss: 6.6223e+00 | AmpL1Full: 2.1589e-02 | PhaseL1PredSup: 2.7066e-02 | SupportBCE: 3.4050e+00 | FT_L1: 6.6223e+00 | FT_RelL1: 5.4939e-01 | FT_Chi2: 5.2003e-01 | FT_PearsonCorr: 7.4804e-01
Validation Epoch [37] | Batch [200/625] | OptTotal: 6.2399e+00 | FTLoss: 6.2399e+00 | AmpL1Full: 2.3659e-02 | PhaseL1PredSup: 3.1674e-02 | SupportBCE: 3.0141e+00 | FT_L1: 6.2399e+00 | FT_RelL1: 5.3017e-01 | FT_Chi2: 4.6636e-01 | FT_PearsonCorr: 7.9087e-01
Validation Epoch [37] | Batch [300/625] | OptTotal: 6.4408e+00 | FTLoss: 6.4408e+00 | AmpL1Full: 2.2792e-02 | PhaseL1PredSup: 3.2131e-02 | SupportBCE: 3.6660e+00 | FT_L1: 6.4408e+00 | FT_RelL1: 5.2829e-01 | FT_Chi2: 4.3909e-01 | FT_PearsonCorr: 7.9607e-01
Validation Epoch [37] | Batch [400/625] | OptTotal: 6.0861e+00 | FTLoss: 6.0861e+00 | AmpL1Full: 1.9776e-02 | PhaseL1PredSup: 2.6829e-02 | SupportBCE: 3.7701e+00 | FT_L1: 6.0861e+00 | FT_RelL1: 5.3497e-01 | FT_Chi2: 4.6766e-01 | FT_PearsonCorr: 7.7296e-01
Validation Epoch [37] | Batch [500/625] | OptTotal: 6.7909e+00 | FTLoss: 6.7909e+00 | AmpL1Full: 2.2990e-02 | PhaseL1PredSup: 2.3265e-02 | SupportBCE: 3.6953e+00 | FT_L1: 6.7909e+00 | FT_RelL1: 5.6994e-01 | FT_Chi2: 5.6123e-01 | FT_PearsonCorr: 7.1889e-01
Validation Epoch [37] | Batch [600/625] | OptTotal: 6.0664e+00 | FTLoss: 6.0664e+00 | AmpL1Full: 2.0647e-02 | PhaseL1PredSup: 2.8088e-02 | SupportBCE: 3.3948e+00 | FT_L1: 6.0664e+00 | FT_RelL1: 5.3282e-01 | FT_Chi2: 4.5402e-01 | FT_PearsonCorr: 7.8592e-01
Validation Epoch [37] | Batch [625/625] | OptTotal: 6.2415e+00 | FTLoss: 6.2415e+00 | AmpL1Full: 2.1739e-02 | PhaseL1PredSup: 3.3008e-02 | SupportBCE: 3.1973e+00 | FT_L1: 6.2415e+00 | FT_RelL1: 5.2544e-01 | FT_Chi2: 4.0716e-01 | FT_PearsonCorr: 8.0490e-01

================================================================================
Epoch 37 validation complete
Average validation metrics:
   Optimization: OptTotal=6.3629e+00 | FTLoss=6.3629e+00 | SupportWeighted=0.0000e+00
   Real-space monitors: AmpL1Full=2.2484e-02 | PhaseL1PredSup=2.9514e-02 | SupportBCE=3.3845e+00
   Reciprocal primary: FT_L1=6.3629e+00 | FT_RelL1=5.3987e-01 | FT_Chi2=4.6999e-01 | FT_PearsonCorr=7.7655e-01
   Reciprocal diagnostics: FT_Huber=5.9025e+00 | FT_PearsonLoss=2.2345e-01 | FT_LogRelMSE=1.3117e-01 | FT_Comb=3.4672e-01 | FT_Comb2=4.5375e-01
   Raw-scale diagnostics: FT_VoxelMSE=2.0407e+03 | FT_VoxelRMSE=4.2305e+01
================================================================================

Epoch 37 scheduler lr: 5.000e-04
Epoch[38] Batch[1/3125] | OptTotal: 5.7011e+00 | FTLoss: 5.7011e+00 | AmpL1Full: 1.8815e-02 | PhaseL1PredSup: 2.8630e-02 | SupportBCE: 3.5913e+00 | SupportWeighted: 0.0000e+00 | BatchLR: 5.000e-04 | Grad: True  | Update: True  | Elapsed: 0:00:00 | ETA: 0:30:06
Epoch[38] Batch[101/3125] | OptTotal: 6.1329e+00 | FTLoss: 6.1329e+00 | AmpL1Full: 1.8337e-02 | PhaseL1PredSup: 2.5245e-02 | SupportBCE: 3.5624e+00 | SupportWeighted: 0.0000e+00 | BatchLR: 5.000e-04 | Grad: True  | Update: True  | Elapsed: 0:00:54 | ETA: 0:27:16
Epoch[38] Batch[201/3125] | OptTotal: 5.9399e+00 | FTLoss: 5.9399e+00 | AmpL1Full: 2.1762e-02 | PhaseL1PredSup: 3.2834e-02 | SupportBCE: 3.2763e+00 | SupportWeighted: 0.0000e+00 | BatchLR: 5.000e-04 | Grad: True  | Update: True  | Elapsed: 0:01:48 | ETA: 0:26:21
Epoch[38] Batch[301/3125] | OptTotal: 6.0510e+00 | FTLoss: 6.0510e+00 | AmpL1Full: 2.3291e-02 | PhaseL1PredSup: 3.6236e-02 | SupportBCE: 3.3706e+00 | SupportWeighted: 0.0000e+00 | BatchLR: 5.000e-04 | Grad: True  | Update: True  | Elapsed: 0:02:42 | ETA: 0:25:27
Epoch[38] Batch[401/3125] | OptTotal: 6.2514e+00 | FTLoss: 6.2514e+00 | AmpL1Full: 2.0800e-02 | PhaseL1PredSup: 2.7181e-02 | SupportBCE: 3.3494e+00 | SupportWeighted: 0.0000e+00 | BatchLR: 5.000e-04 | Grad: True  | Update: True  | Elapsed: 0:03:37 | ETA: 0:24:35
Epoch[38] Batch[501/3125] | OptTotal: 6.2979e+00 | FTLoss: 6.2979e+00 | AmpL1Full: 1.9669e-02 | PhaseL1PredSup: 2.6256e-02 | SupportBCE: 3.7468e+00 | SupportWeighted: 0.0000e+00 | BatchLR: 5.000e-04 | Grad: True  | Update: True  | Elapsed: 0:04:31 | ETA: 0:23:40
Epoch[38] Batch[601/3125] | OptTotal: 6.1363e+00 | FTLoss: 6.1363e+00 | AmpL1Full: 2.6076e-02 | PhaseL1PredSup: 3.9883e-02 | SupportBCE: 3.2184e+00 | SupportWeighted: 0.0000e+00 | BatchLR: 5.000e-04 | Grad: True  | Update: True  | Elapsed: 0:05:25 | ETA: 0:22:47
Epoch[38] Batch[701/3125] | OptTotal: 6.3816e+00 | FTLoss: 6.3816e+00 | AmpL1Full: 2.6674e-02 | PhaseL1PredSup: 3.3090e-02 | SupportBCE: 3.4408e+00 | SupportWeighted: 0.0000e+00 | BatchLR: 5.000e-04 | Grad: True  | Update: True  | Elapsed: 0:06:19 | ETA: 0:21:52
Epoch[38] Batch[801/3125] | OptTotal: 5.9166e+00 | FTLoss: 5.9166e+00 | AmpL1Full: 2.2512e-02 | PhaseL1PredSup: 2.3681e-02 | SupportBCE: 3.5597e+00 | SupportWeighted: 0.0000e+00 | BatchLR: 5.000e-04 | Grad: True  | Update: True  | Elapsed: 0:07:13 | ETA: 0:20:58
Epoch[38] Batch[901/3125] | OptTotal: 5.8537e+00 | FTLoss: 5.8537e+00 | AmpL1Full: 1.8562e-02 | PhaseL1PredSup: 2.7294e-02 | SupportBCE: 3.6617e+00 | SupportWeighted: 0.0000e+00 | BatchLR: 5.000e-04 | Grad: True  | Update: True  | Elapsed: 0:08:07 | ETA: 0:20:03
Epoch[38] Batch[1001/3125] | OptTotal: 6.8081e+00 | FTLoss: 6.8081e+00 | AmpL1Full: 2.6847e-02 | PhaseL1PredSup: 3.3000e-02 | SupportBCE: 3.3157e+00 | SupportWeighted: 0.0000e+00 | BatchLR: 5.000e-04 | Grad: True  | Update: True  | Elapsed: 0:09:01 | ETA: 0:19:09
Epoch[38] Batch[1101/3125] | OptTotal: 5.8828e+00 | FTLoss: 5.8828e+00 | AmpL1Full: 2.2767e-02 | PhaseL1PredSup: 3.3347e-02 | SupportBCE: 3.5624e+00 | SupportWeighted: 0.0000e+00 | BatchLR: 5.000e-04 | Grad: True  | Update: True  | Elapsed: 0:09:55 | ETA: 0:18:15
Epoch[38] Batch[1201/3125] | OptTotal: 6.1356e+00 | FTLoss: 6.1356e+00 | AmpL1Full: 2.1203e-02 | PhaseL1PredSup: 2.5307e-02 | SupportBCE: 3.7924e+00 | SupportWeighted: 0.0000e+00 | BatchLR: 5.000e-04 | Grad: True  | Update: True  | Elapsed: 0:10:50 | ETA: 0:17:21
Epoch[38] Batch[1301/3125] | OptTotal: 6.1885e+00 | FTLoss: 6.1885e+00 | AmpL1Full: 2.3325e-02 | PhaseL1PredSup: 3.5761e-02 | SupportBCE: 3.2274e+00 | SupportWeighted: 0.0000e+00 | BatchLR: 5.000e-04 | Grad: True  | Update: True  | Elapsed: 0:11:44 | ETA: 0:16:27
Epoch[38] Batch[1401/3125] | OptTotal: 5.7507e+00 | FTLoss: 5.7507e+00 | AmpL1Full: 1.8256e-02 | PhaseL1PredSup: 2.9014e-02 | SupportBCE: 3.3413e+00 | SupportWeighted: 0.0000e+00 | BatchLR: 5.000e-04 | Grad: True  | Update: True  | Elapsed: 0:12:38 | ETA: 0:15:33
Epoch[38] Batch[1501/3125] | OptTotal: 6.0807e+00 | FTLoss: 6.0807e+00 | AmpL1Full: 1.9783e-02 | PhaseL1PredSup: 3.1950e-02 | SupportBCE: 3.2024e+00 | SupportWeighted: 0.0000e+00 | BatchLR: 5.000e-04 | Grad: True  | Update: True  | Elapsed: 0:13:32 | ETA: 0:14:39
Epoch[38] Batch[1601/3125] | OptTotal: 6.5480e+00 | FTLoss: 6.5480e+00 | AmpL1Full: 2.4334e-02 | PhaseL1PredSup: 2.9088e-02 | SupportBCE: 3.3804e+00 | SupportWeighted: 0.0000e+00 | BatchLR: 5.000e-04 | Grad: True  | Update: True  | Elapsed: 0:14:26 | ETA: 0:13:45
Epoch[38] Batch[1701/3125] | OptTotal: 6.0772e+00 | FTLoss: 6.0772e+00 | AmpL1Full: 2.6197e-02 | PhaseL1PredSup: 3.6198e-02 | SupportBCE: 3.2914e+00 | SupportWeighted: 0.0000e+00 | BatchLR: 5.000e-04 | Grad: True  | Update: True  | Elapsed: 0:15:20 | ETA: 0:12:50
Epoch[38] Batch[1801/3125] | OptTotal: 6.3162e+00 | FTLoss: 6.3162e+00 | AmpL1Full: 2.2710e-02 | PhaseL1PredSup: 3.4394e-02 | SupportBCE: 3.1516e+00 | SupportWeighted: 0.0000e+00 | BatchLR: 5.000e-04 | Grad: True  | Update: True  | Elapsed: 0:16:14 | ETA: 0:11:56
Epoch[38] Batch[1901/3125] | OptTotal: 6.5955e+00 | FTLoss: 6.5955e+00 | AmpL1Full: 1.8279e-02 | PhaseL1PredSup: 2.3979e-02 | SupportBCE: 3.6724e+00 | SupportWeighted: 0.0000e+00 | BatchLR: 5.000e-04 | Grad: True  | Update: True  | Elapsed: 0:17:09 | ETA: 0:11:02
Epoch[38] Batch[2001/3125] | OptTotal: 6.9888e+00 | FTLoss: 6.9888e+00 | AmpL1Full: 2.9134e-02 | PhaseL1PredSup: 2.9119e-02 | SupportBCE: 3.5700e+00 | SupportWeighted: 0.0000e+00 | BatchLR: 5.000e-04 | Grad: True  | Update: True  | Elapsed: 0:18:03 | ETA: 0:10:08
Epoch[38] Batch[2101/3125] | OptTotal: 5.9059e+00 | FTLoss: 5.9059e+00 | AmpL1Full: 1.9800e-02 | PhaseL1PredSup: 3.1056e-02 | SupportBCE: 3.3885e+00 | SupportWeighted: 0.0000e+00 | BatchLR: 5.000e-04 | Grad: True  | Update: True  | Elapsed: 0:18:57 | ETA: 0:09:14
Epoch[38] Batch[2201/3125] | OptTotal: 6.6268e+00 | FTLoss: 6.6268e+00 | AmpL1Full: 2.4415e-02 | PhaseL1PredSup: 3.3227e-02 | SupportBCE: 3.2031e+00 | SupportWeighted: 0.0000e+00 | BatchLR: 5.000e-04 | Grad: True  | Update: True  | Elapsed: 0:19:51 | ETA: 0:08:20
Epoch[38] Batch[2301/3125] | OptTotal: 6.5749e+00 | FTLoss: 6.5749e+00 | AmpL1Full: 2.5658e-02 | PhaseL1PredSup: 3.5110e-02 | SupportBCE: 3.1291e+00 | SupportWeighted: 0.0000e+00 | BatchLR: 5.000e-04 | Grad: True  | Update: True  | Elapsed: 0:20:45 | ETA: 0:07:26
Epoch[38] Batch[2401/3125] | OptTotal: 6.6664e+00 | FTLoss: 6.6664e+00 | AmpL1Full: 2.5637e-02 | PhaseL1PredSup: 3.3821e-02 | SupportBCE: 3.2544e+00 | SupportWeighted: 0.0000e+00 | BatchLR: 5.000e-04 | Grad: True  | Update: True  | Elapsed: 0:21:39 | ETA: 0:06:31
Epoch[38] Batch[2501/3125] | OptTotal: 6.1662e+00 | FTLoss: 6.1662e+00 | AmpL1Full: 2.3288e-02 | PhaseL1PredSup: 3.4451e-02 | SupportBCE: 3.4836e+00 | SupportWeighted: 0.0000e+00 | BatchLR: 5.000e-04 | Grad: True  | Update: True  | Elapsed: 0:22:33 | ETA: 0:05:37
Epoch[38] Batch[2601/3125] | OptTotal: 6.8383e+00 | FTLoss: 6.8383e+00 | AmpL1Full: 2.3607e-02 | PhaseL1PredSup: 2.8496e-02 | SupportBCE: 3.0633e+00 | SupportWeighted: 0.0000e+00 | BatchLR: 5.000e-04 | Grad: True  | Update: True  | Elapsed: 0:23:27 | ETA: 0:04:43
Epoch[38] Batch[2701/3125] | OptTotal: 5.8701e+00 | FTLoss: 5.8701e+00 | AmpL1Full: 2.2740e-02 | PhaseL1PredSup: 3.5122e-02 | SupportBCE: 3.2618e+00 | SupportWeighted: 0.0000e+00 | BatchLR: 5.000e-04 | Grad: True  | Update: True  | Elapsed: 0:24:22 | ETA: 0:03:49
Epoch[38] Batch[2801/3125] | OptTotal: 6.3021e+00 | FTLoss: 6.3021e+00 | AmpL1Full: 2.2746e-02 | PhaseL1PredSup: 2.6246e-02 | SupportBCE: 3.6661e+00 | SupportWeighted: 0.0000e+00 | BatchLR: 5.000e-04 | Grad: True  | Update: True  | Elapsed: 0:25:16 | ETA: 0:02:55
Epoch[38] Batch[2901/3125] | OptTotal: 6.8877e+00 | FTLoss: 6.8877e+00 | AmpL1Full: 2.3349e-02 | PhaseL1PredSup: 2.7490e-02 | SupportBCE: 3.4920e+00 | SupportWeighted: 0.0000e+00 | BatchLR: 5.000e-04 | Grad: True  | Update: True  | Elapsed: 0:26:10 | ETA: 0:02:01
Epoch[38] Batch[3001/3125] | OptTotal: 6.5772e+00 | FTLoss: 6.5772e+00 | AmpL1Full: 2.4132e-02 | PhaseL1PredSup: 2.6493e-02 | SupportBCE: 3.4764e+00 | SupportWeighted: 0.0000e+00 | BatchLR: 5.000e-04 | Grad: True  | Update: True  | Elapsed: 0:27:04 | ETA: 0:01:07
Epoch[38] Batch[3101/3125] | OptTotal: 6.0909e+00 | FTLoss: 6.0909e+00 | AmpL1Full: 1.9991e-02 | PhaseL1PredSup: 2.8273e-02 | SupportBCE: 3.5483e+00 | SupportWeighted: 0.0000e+00 | BatchLR: 5.000e-04 | Grad: True  | Update: True  | Elapsed: 0:27:58 | ETA: 0:00:12
Epoch[38] Batch[3125/3125] | OptTotal: 6.0031e+00 | FTLoss: 6.0031e+00 | AmpL1Full: 2.2039e-02 | PhaseL1PredSup: 2.8790e-02 | SupportBCE: 3.4950e+00 | SupportWeighted: 0.0000e+00 | BatchLR: 5.000e-04 | Grad: True  | Update: True  | Elapsed: 0:28:11 | ETA: 0:00:00

================================================================================
Epoch 38 complete | total time: 1691.78s | average OptTotal: 6.2879e+00
Average train optimization terms | FTLoss: 6.2879e+00 | SupportWeighted: 0.0000e+00
Average train real-space monitors | AmpL1Full: 2.2648e-02 | PhaseL1PredSup: 3.0078e-02 | SupportBCE: 3.4397e+00
================================================================================

Validation Epoch [38] | Batch [100/625] | OptTotal: 6.6164e+00 | FTLoss: 6.6164e+00 | AmpL1Full: 2.1733e-02 | PhaseL1PredSup: 2.7977e-02 | SupportBCE: 3.4873e+00 | FT_L1: 6.6164e+00 | FT_RelL1: 5.4887e-01 | FT_Chi2: 5.1209e-01 | FT_PearsonCorr: 7.5044e-01
Validation Epoch [38] | Batch [200/625] | OptTotal: 6.2234e+00 | FTLoss: 6.2234e+00 | AmpL1Full: 2.3710e-02 | PhaseL1PredSup: 3.2657e-02 | SupportBCE: 3.0639e+00 | FT_L1: 6.2234e+00 | FT_RelL1: 5.2882e-01 | FT_Chi2: 4.5725e-01 | FT_PearsonCorr: 7.9478e-01
Validation Epoch [38] | Batch [300/625] | OptTotal: 6.4213e+00 | FTLoss: 6.4213e+00 | AmpL1Full: 2.3077e-02 | PhaseL1PredSup: 3.3262e-02 | SupportBCE: 3.7274e+00 | FT_L1: 6.4213e+00 | FT_RelL1: 5.2669e-01 | FT_Chi2: 4.2725e-01 | FT_PearsonCorr: 8.0093e-01
Validation Epoch [38] | Batch [400/625] | OptTotal: 6.0851e+00 | FTLoss: 6.0851e+00 | AmpL1Full: 1.9805e-02 | PhaseL1PredSup: 2.6886e-02 | SupportBCE: 3.8455e+00 | FT_L1: 6.0851e+00 | FT_RelL1: 5.3489e-01 | FT_Chi2: 4.6191e-01 | FT_PearsonCorr: 7.7563e-01
Validation Epoch [38] | Batch [500/625] | OptTotal: 6.7768e+00 | FTLoss: 6.7768e+00 | AmpL1Full: 2.3179e-02 | PhaseL1PredSup: 2.4261e-02 | SupportBCE: 3.7379e+00 | FT_L1: 6.7768e+00 | FT_RelL1: 5.6870e-01 | FT_Chi2: 5.4766e-01 | FT_PearsonCorr: 7.2479e-01
Validation Epoch [38] | Batch [600/625] | OptTotal: 6.0513e+00 | FTLoss: 6.0513e+00 | AmpL1Full: 2.0677e-02 | PhaseL1PredSup: 2.8637e-02 | SupportBCE: 3.4280e+00 | FT_L1: 6.0513e+00 | FT_RelL1: 5.3156e-01 | FT_Chi2: 4.4800e-01 | FT_PearsonCorr: 7.9060e-01
Validation Epoch [38] | Batch [625/625] | OptTotal: 6.2172e+00 | FTLoss: 6.2172e+00 | AmpL1Full: 2.1724e-02 | PhaseL1PredSup: 3.4003e-02 | SupportBCE: 3.2456e+00 | FT_L1: 6.2172e+00 | FT_RelL1: 5.2337e-01 | FT_Chi2: 3.9687e-01 | FT_PearsonCorr: 8.0970e-01

================================================================================
Epoch 38 validation complete
Average validation metrics:
   Optimization: OptTotal=6.3464e+00 | FTLoss=6.3464e+00 | SupportWeighted=0.0000e+00
   Real-space monitors: AmpL1Full=2.2621e-02 | PhaseL1PredSup=3.0688e-02 | SupportBCE=3.4412e+00
   Reciprocal primary: FT_L1=6.3464e+00 | FT_RelL1=5.3854e-01 | FT_Chi2=4.5885e-01 | FT_PearsonCorr=7.8099e-01
   Reciprocal diagnostics: FT_Huber=5.8861e+00 | FT_PearsonLoss=2.1901e-01 | FT_LogRelMSE=1.3181e-01 | FT_Comb=3.3893e-01 | FT_Comb2=4.4739e-01
   Raw-scale diagnostics: FT_VoxelMSE=1.9958e+03 | FT_VoxelRMSE=4.1736e+01
================================================================================

Epoch 38 scheduler lr: 2.500e-04
Epoch[39] Batch[1/3125] | OptTotal: 5.9708e+00 | FTLoss: 5.9708e+00 | AmpL1Full: 1.8599e-02 | PhaseL1PredSup: 2.7799e-02 | SupportBCE: 3.4289e+00 | SupportWeighted: 0.0000e+00 | BatchLR: 2.500e-04 | Grad: True  | Update: True  | Elapsed: 0:00:00 | ETA: 0:31:28
Epoch[39] Batch[101/3125] | OptTotal: 6.4266e+00 | FTLoss: 6.4266e+00 | AmpL1Full: 2.1879e-02 | PhaseL1PredSup: 2.7070e-02 | SupportBCE: 3.6674e+00 | SupportWeighted: 0.0000e+00 | BatchLR: 2.500e-04 | Grad: True  | Update: True  | Elapsed: 0:00:54 | ETA: 0:27:18
Epoch[39] Batch[201/3125] | OptTotal: 6.3829e+00 | FTLoss: 6.3829e+00 | AmpL1Full: 2.3093e-02 | PhaseL1PredSup: 3.0455e-02 | SupportBCE: 3.7386e+00 | SupportWeighted: 0.0000e+00 | BatchLR: 2.500e-04 | Grad: True  | Update: True  | Elapsed: 0:01:48 | ETA: 0:26:23
Epoch[39] Batch[301/3125] | OptTotal: 6.8937e+00 | FTLoss: 6.8937e+00 | AmpL1Full: 2.5077e-02 | PhaseL1PredSup: 2.8346e-02 | SupportBCE: 3.4363e+00 | SupportWeighted: 0.0000e+00 | BatchLR: 2.500e-04 | Grad: True  | Update: True  | Elapsed: 0:02:43 | ETA: 0:25:30
Epoch[39] Batch[401/3125] | OptTotal: 6.7689e+00 | FTLoss: 6.7689e+00 | AmpL1Full: 2.4401e-02 | PhaseL1PredSup: 3.2102e-02 | SupportBCE: 3.3725e+00 | SupportWeighted: 0.0000e+00 | BatchLR: 2.500e-04 | Grad: True  | Update: True  | Elapsed: 0:03:37 | ETA: 0:24:36
Epoch[39] Batch[501/3125] | OptTotal: 7.0109e+00 | FTLoss: 7.0109e+00 | AmpL1Full: 2.4542e-02 | PhaseL1PredSup: 2.4110e-02 | SupportBCE: 3.5320e+00 | SupportWeighted: 0.0000e+00 | BatchLR: 2.500e-04 | Grad: True  | Update: True  | Elapsed: 0:04:31 | ETA: 0:23:41
Epoch[39] Batch[601/3125] | OptTotal: 6.1555e+00 | FTLoss: 6.1555e+00 | AmpL1Full: 2.2171e-02 | PhaseL1PredSup: 2.6183e-02 | SupportBCE: 3.5910e+00 | SupportWeighted: 0.0000e+00 | BatchLR: 2.500e-04 | Grad: True  | Update: True  | Elapsed: 0:05:25 | ETA: 0:22:47
Epoch[39] Batch[701/3125] | OptTotal: 6.3862e+00 | FTLoss: 6.3862e+00 | AmpL1Full: 3.0102e-02 | PhaseL1PredSup: 3.9757e-02 | SupportBCE: 3.4215e+00 | SupportWeighted: 0.0000e+00 | BatchLR: 2.500e-04 | Grad: True  | Update: True  | Elapsed: 0:06:19 | ETA: 0:21:52
Epoch[39] Batch[801/3125] | OptTotal: 5.8060e+00 | FTLoss: 5.8060e+00 | AmpL1Full: 1.9696e-02 | PhaseL1PredSup: 2.9438e-02 | SupportBCE: 3.4278e+00 | SupportWeighted: 0.0000e+00 | BatchLR: 2.500e-04 | Grad: True  | Update: True  | Elapsed: 0:07:13 | ETA: 0:20:58
Epoch[39] Batch[901/3125] | OptTotal: 6.0652e+00 | FTLoss: 6.0652e+00 | AmpL1Full: 2.2801e-02 | PhaseL1PredSup: 3.4355e-02 | SupportBCE: 3.3615e+00 | SupportWeighted: 0.0000e+00 | BatchLR: 2.500e-04 | Grad: True  | Update: True  | Elapsed: 0:08:07 | ETA: 0:20:03
Epoch[39] Batch[1001/3125] | OptTotal: 5.9434e+00 | FTLoss: 5.9434e+00 | AmpL1Full: 1.9762e-02 | PhaseL1PredSup: 2.9980e-02 | SupportBCE: 3.6884e+00 | SupportWeighted: 0.0000e+00 | BatchLR: 2.500e-04 | Grad: True  | Update: True  | Elapsed: 0:09:02 | ETA: 0:19:10
Epoch[39] Batch[1101/3125] | OptTotal: 7.0365e+00 | FTLoss: 7.0365e+00 | AmpL1Full: 2.7429e-02 | PhaseL1PredSup: 3.3769e-02 | SupportBCE: 3.3990e+00 | SupportWeighted: 0.0000e+00 | BatchLR: 2.500e-04 | Grad: True  | Update: True  | Elapsed: 0:09:56 | ETA: 0:18:16
Epoch[39] Batch[1201/3125] | OptTotal: 6.4822e+00 | FTLoss: 6.4822e+00 | AmpL1Full: 2.5592e-02 | PhaseL1PredSup: 3.1204e-02 | SupportBCE: 3.1696e+00 | SupportWeighted: 0.0000e+00 | BatchLR: 2.500e-04 | Grad: True  | Update: True  | Elapsed: 0:10:50 | ETA: 0:17:22
Epoch[39] Batch[1301/3125] | OptTotal: 6.3273e+00 | FTLoss: 6.3273e+00 | AmpL1Full: 1.9819e-02 | PhaseL1PredSup: 2.7786e-02 | SupportBCE: 3.1997e+00 | SupportWeighted: 0.0000e+00 | BatchLR: 2.500e-04 | Grad: True  | Update: True  | Elapsed: 0:11:44 | ETA: 0:16:27
Epoch[39] Batch[1401/3125] | OptTotal: 5.9901e+00 | FTLoss: 5.9901e+00 | AmpL1Full: 2.0626e-02 | PhaseL1PredSup: 2.8015e-02 | SupportBCE: 3.5147e+00 | SupportWeighted: 0.0000e+00 | BatchLR: 2.500e-04 | Grad: True  | Update: True  | Elapsed: 0:12:38 | ETA: 0:15:33
Epoch[39] Batch[1501/3125] | OptTotal: 6.2698e+00 | FTLoss: 6.2698e+00 | AmpL1Full: 2.3226e-02 | PhaseL1PredSup: 3.0069e-02 | SupportBCE: 3.6570e+00 | SupportWeighted: 0.0000e+00 | BatchLR: 2.500e-04 | Grad: True  | Update: True  | Elapsed: 0:13:32 | ETA: 0:14:39
Epoch[39] Batch[1601/3125] | OptTotal: 6.5478e+00 | FTLoss: 6.5478e+00 | AmpL1Full: 2.0878e-02 | PhaseL1PredSup: 2.5706e-02 | SupportBCE: 3.7499e+00 | SupportWeighted: 0.0000e+00 | BatchLR: 2.500e-04 | Grad: True  | Update: True  | Elapsed: 0:14:26 | ETA: 0:13:45
Epoch[39] Batch[1701/3125] | OptTotal: 6.0436e+00 | FTLoss: 6.0436e+00 | AmpL1Full: 2.4895e-02 | PhaseL1PredSup: 3.5031e-02 | SupportBCE: 3.6138e+00 | SupportWeighted: 0.0000e+00 | BatchLR: 2.500e-04 | Grad: True  | Update: True  | Elapsed: 0:15:20 | ETA: 0:12:50
Epoch[39] Batch[1801/3125] | OptTotal: 5.9702e+00 | FTLoss: 5.9702e+00 | AmpL1Full: 2.0613e-02 | PhaseL1PredSup: 3.4362e-02 | SupportBCE: 3.0501e+00 | SupportWeighted: 0.0000e+00 | BatchLR: 2.500e-04 | Grad: True  | Update: True  | Elapsed: 0:16:15 | ETA: 0:11:56
Epoch[39] Batch[1901/3125] | OptTotal: 5.9127e+00 | FTLoss: 5.9127e+00 | AmpL1Full: 2.1801e-02 | PhaseL1PredSup: 3.0967e-02 | SupportBCE: 3.4701e+00 | SupportWeighted: 0.0000e+00 | BatchLR: 2.500e-04 | Grad: True  | Update: True  | Elapsed: 0:17:09 | ETA: 0:11:02
Epoch[39] Batch[2001/3125] | OptTotal: 6.5528e+00 | FTLoss: 6.5528e+00 | AmpL1Full: 2.4344e-02 | PhaseL1PredSup: 2.7384e-02 | SupportBCE: 3.8776e+00 | SupportWeighted: 0.0000e+00 | BatchLR: 2.500e-04 | Grad: True  | Update: True  | Elapsed: 0:18:03 | ETA: 0:10:08
Epoch[39] Batch[2101/3125] | OptTotal: 6.2543e+00 | FTLoss: 6.2543e+00 | AmpL1Full: 2.5298e-02 | PhaseL1PredSup: 3.4403e-02 | SupportBCE: 3.4147e+00 | SupportWeighted: 0.0000e+00 | BatchLR: 2.500e-04 | Grad: True  | Update: True  | Elapsed: 0:18:57 | ETA: 0:09:14
Epoch[39] Batch[2201/3125] | OptTotal: 5.9492e+00 | FTLoss: 5.9492e+00 | AmpL1Full: 1.8371e-02 | PhaseL1PredSup: 2.6115e-02 | SupportBCE: 3.7426e+00 | SupportWeighted: 0.0000e+00 | BatchLR: 2.500e-04 | Grad: True  | Update: True  | Elapsed: 0:19:51 | ETA: 0:08:20
Epoch[39] Batch[2301/3125] | OptTotal: 6.0428e+00 | FTLoss: 6.0428e+00 | AmpL1Full: 1.7715e-02 | PhaseL1PredSup: 2.5549e-02 | SupportBCE: 3.6448e+00 | SupportWeighted: 0.0000e+00 | BatchLR: 2.500e-04 | Grad: True  | Update: True  | Elapsed: 0:20:45 | ETA: 0:07:26
Epoch[39] Batch[2401/3125] | OptTotal: 6.5598e+00 | FTLoss: 6.5598e+00 | AmpL1Full: 2.3923e-02 | PhaseL1PredSup: 2.9540e-02 | SupportBCE: 3.6112e+00 | SupportWeighted: 0.0000e+00 | BatchLR: 2.500e-04 | Grad: True  | Update: True  | Elapsed: 0:21:39 | ETA: 0:06:31
Epoch[39] Batch[2501/3125] | OptTotal: 6.4245e+00 | FTLoss: 6.4245e+00 | AmpL1Full: 2.3389e-02 | PhaseL1PredSup: 2.6512e-02 | SupportBCE: 3.6135e+00 | SupportWeighted: 0.0000e+00 | BatchLR: 2.500e-04 | Grad: True  | Update: True  | Elapsed: 0:22:33 | ETA: 0:05:37
Epoch[39] Batch[2601/3125] | OptTotal: 7.1209e+00 | FTLoss: 7.1209e+00 | AmpL1Full: 3.0210e-02 | PhaseL1PredSup: 3.2677e-02 | SupportBCE: 3.2983e+00 | SupportWeighted: 0.0000e+00 | BatchLR: 2.500e-04 | Grad: True  | Update: True  | Elapsed: 0:23:28 | ETA: 0:04:43
Epoch[39] Batch[2701/3125] | OptTotal: 6.4214e+00 | FTLoss: 6.4214e+00 | AmpL1Full: 2.0690e-02 | PhaseL1PredSup: 2.6143e-02 | SupportBCE: 3.5166e+00 | SupportWeighted: 0.0000e+00 | BatchLR: 2.500e-04 | Grad: True  | Update: True  | Elapsed: 0:24:22 | ETA: 0:03:49
Epoch[39] Batch[2801/3125] | OptTotal: 7.0741e+00 | FTLoss: 7.0741e+00 | AmpL1Full: 3.0711e-02 | PhaseL1PredSup: 3.3669e-02 | SupportBCE: 3.3726e+00 | SupportWeighted: 0.0000e+00 | BatchLR: 2.500e-04 | Grad: True  | Update: True  | Elapsed: 0:25:16 | ETA: 0:02:55
Epoch[39] Batch[2901/3125] | OptTotal: 6.4186e+00 | FTLoss: 6.4186e+00 | AmpL1Full: 2.5613e-02 | PhaseL1PredSup: 3.7781e-02 | SupportBCE: 3.3306e+00 | SupportWeighted: 0.0000e+00 | BatchLR: 2.500e-04 | Grad: True  | Update: True  | Elapsed: 0:26:10 | ETA: 0:02:01
Epoch[39] Batch[3001/3125] | OptTotal: 6.6100e+00 | FTLoss: 6.6100e+00 | AmpL1Full: 2.9617e-02 | PhaseL1PredSup: 3.1537e-02 | SupportBCE: 3.3055e+00 | SupportWeighted: 0.0000e+00 | BatchLR: 2.500e-04 | Grad: True  | Update: True  | Elapsed: 0:27:04 | ETA: 0:01:07
Epoch[39] Batch[3101/3125] | OptTotal: 6.2271e+00 | FTLoss: 6.2271e+00 | AmpL1Full: 2.2371e-02 | PhaseL1PredSup: 2.9800e-02 | SupportBCE: 3.3732e+00 | SupportWeighted: 0.0000e+00 | BatchLR: 2.500e-04 | Grad: True  | Update: True  | Elapsed: 0:27:58 | ETA: 0:00:12
Epoch[39] Batch[3125/3125] | OptTotal: 6.4364e+00 | FTLoss: 6.4364e+00 | AmpL1Full: 2.5269e-02 | PhaseL1PredSup: 3.4829e-02 | SupportBCE: 3.2391e+00 | SupportWeighted: 0.0000e+00 | BatchLR: 2.500e-04 | Grad: True  | Update: True  | Elapsed: 0:28:11 | ETA: 0:00:00

================================================================================
Epoch 39 complete | total time: 1691.96s | average OptTotal: 6.2736e+00
Average train optimization terms | FTLoss: 6.2736e+00 | SupportWeighted: 0.0000e+00
Average train real-space monitors | AmpL1Full: 2.2633e-02 | PhaseL1PredSup: 2.9897e-02 | SupportBCE: 3.4885e+00
================================================================================

Validation Epoch [39] | Batch [100/625] | OptTotal: 6.6169e+00 | FTLoss: 6.6169e+00 | AmpL1Full: 2.1593e-02 | PhaseL1PredSup: 2.6829e-02 | SupportBCE: 3.5337e+00 | FT_L1: 6.6169e+00 | FT_RelL1: 5.4877e-01 | FT_Chi2: 5.1668e-01 | FT_PearsonCorr: 7.4890e-01
Validation Epoch [39] | Batch [200/625] | OptTotal: 6.2341e+00 | FTLoss: 6.2341e+00 | AmpL1Full: 2.3598e-02 | PhaseL1PredSup: 3.1686e-02 | SupportBCE: 3.1147e+00 | FT_L1: 6.2341e+00 | FT_RelL1: 5.2974e-01 | FT_Chi2: 4.6353e-01 | FT_PearsonCorr: 7.9264e-01
Validation Epoch [39] | Batch [300/625] | OptTotal: 6.4173e+00 | FTLoss: 6.4173e+00 | AmpL1Full: 2.2911e-02 | PhaseL1PredSup: 3.2270e-02 | SupportBCE: 3.8018e+00 | FT_L1: 6.4173e+00 | FT_RelL1: 5.2628e-01 | FT_Chi2: 4.3360e-01 | FT_PearsonCorr: 7.9766e-01
Validation Epoch [39] | Batch [400/625] | OptTotal: 6.0898e+00 | FTLoss: 6.0898e+00 | AmpL1Full: 1.9717e-02 | PhaseL1PredSup: 2.6280e-02 | SupportBCE: 3.8784e+00 | FT_L1: 6.0898e+00 | FT_RelL1: 5.3525e-01 | FT_Chi2: 4.6767e-01 | FT_PearsonCorr: 7.7292e-01
Validation Epoch [39] | Batch [500/625] | OptTotal: 6.7876e+00 | FTLoss: 6.7876e+00 | AmpL1Full: 2.3031e-02 | PhaseL1PredSup: 2.3227e-02 | SupportBCE: 3.8001e+00 | FT_L1: 6.7876e+00 | FT_RelL1: 5.6950e-01 | FT_Chi2: 5.5173e-01 | FT_PearsonCorr: 7.2160e-01
Validation Epoch [39] | Batch [600/625] | OptTotal: 6.0603e+00 | FTLoss: 6.0603e+00 | AmpL1Full: 2.0662e-02 | PhaseL1PredSup: 2.7991e-02 | SupportBCE: 3.5235e+00 | FT_L1: 6.0603e+00 | FT_RelL1: 5.3240e-01 | FT_Chi2: 4.5280e-01 | FT_PearsonCorr: 7.8725e-01
Validation Epoch [39] | Batch [625/625] | OptTotal: 6.2058e+00 | FTLoss: 6.2058e+00 | AmpL1Full: 2.1798e-02 | PhaseL1PredSup: 3.3230e-02 | SupportBCE: 3.2930e+00 | FT_L1: 6.2058e+00 | FT_RelL1: 5.2241e-01 | FT_Chi2: 3.9569e-01 | FT_PearsonCorr: 8.0807e-01

================================================================================
Epoch 39 validation complete
Average validation metrics:
   Optimization: OptTotal=6.3541e+00 | FTLoss=6.3541e+00 | SupportWeighted=0.0000e+00
   Real-space monitors: AmpL1Full=2.2502e-02 | PhaseL1PredSup=2.9595e-02 | SupportBCE=3.4956e+00
   Reciprocal primary: FT_L1=6.3541e+00 | FT_RelL1=5.3914e-01 | FT_Chi2=4.6548e-01 | FT_PearsonCorr=7.7811e-01
   Reciprocal diagnostics: FT_Huber=5.8939e+00 | FT_PearsonLoss=2.2189e-01 | FT_LogRelMSE=1.3164e-01 | FT_Comb=3.4368e-01 | FT_Comb2=4.5128e-01
   Raw-scale diagnostics: FT_VoxelMSE=2.0248e+03 | FT_VoxelRMSE=4.2067e+01
================================================================================

Epoch 39 scheduler lr: 2.500e-04
Epoch[40] Batch[1/3125] | OptTotal: 6.3897e+00 | FTLoss: 6.3897e+00 | AmpL1Full: 2.1542e-02 | PhaseL1PredSup: 2.4038e-02 | SupportBCE: 3.6326e+00 | SupportWeighted: 0.0000e+00 | BatchLR: 2.500e-04 | Grad: True  | Update: True  | Elapsed: 0:00:00 | ETA: 0:32:19
Epoch[40] Batch[101/3125] | OptTotal: 6.9032e+00 | FTLoss: 6.9032e+00 | AmpL1Full: 2.3641e-02 | PhaseL1PredSup: 2.2172e-02 | SupportBCE: 3.6767e+00 | SupportWeighted: 0.0000e+00 | BatchLR: 2.500e-04 | Grad: True  | Update: True  | Elapsed: 0:00:55 | ETA: 0:27:26
Epoch[40] Batch[201/3125] | OptTotal: 6.2280e+00 | FTLoss: 6.2280e+00 | AmpL1Full: 2.2713e-02 | PhaseL1PredSup: 3.0124e-02 | SupportBCE: 3.4911e+00 | SupportWeighted: 0.0000e+00 | BatchLR: 2.500e-04 | Grad: True  | Update: True  | Elapsed: 0:01:49 | ETA: 0:26:27
Epoch[40] Batch[301/3125] | OptTotal: 6.4307e+00 | FTLoss: 6.4307e+00 | AmpL1Full: 2.4272e-02 | PhaseL1PredSup: 3.2617e-02 | SupportBCE: 3.4163e+00 | SupportWeighted: 0.0000e+00 | BatchLR: 2.500e-04 | Grad: True  | Update: True  | Elapsed: 0:02:43 | ETA: 0:25:32
Epoch[40] Batch[401/3125] | OptTotal: 6.7076e+00 | FTLoss: 6.7076e+00 | AmpL1Full: 2.3380e-02 | PhaseL1PredSup: 2.7129e-02 | SupportBCE: 3.6029e+00 | SupportWeighted: 0.0000e+00 | BatchLR: 2.500e-04 | Grad: True  | Update: True  | Elapsed: 0:03:37 | ETA: 0:24:36
Epoch[40] Batch[501/3125] | OptTotal: 6.2582e+00 | FTLoss: 6.2582e+00 | AmpL1Full: 2.1166e-02 | PhaseL1PredSup: 3.3478e-02 | SupportBCE: 3.3781e+00 | SupportWeighted: 0.0000e+00 | BatchLR: 2.500e-04 | Grad: True  | Update: True  | Elapsed: 0:04:31 | ETA: 0:23:41
Epoch[40] Batch[601/3125] | OptTotal: 5.3218e+00 | FTLoss: 5.3218e+00 | AmpL1Full: 1.6816e-02 | PhaseL1PredSup: 3.3496e-02 | SupportBCE: 3.4476e+00 | SupportWeighted: 0.0000e+00 | BatchLR: 2.500e-04 | Grad: True  | Update: True  | Elapsed: 0:05:25 | ETA: 0:22:46
Epoch[40] Batch[701/3125] | OptTotal: 6.4644e+00 | FTLoss: 6.4644e+00 | AmpL1Full: 2.4934e-02 | PhaseL1PredSup: 3.1113e-02 | SupportBCE: 3.5917e+00 | SupportWeighted: 0.0000e+00 | BatchLR: 2.500e-04 | Grad: True  | Update: True  | Elapsed: 0:06:19 | ETA: 0:21:52
Epoch[40] Batch[801/3125] | OptTotal: 5.4290e+00 | FTLoss: 5.4290e+00 | AmpL1Full: 1.9062e-02 | PhaseL1PredSup: 3.4791e-02 | SupportBCE: 3.5049e+00 | SupportWeighted: 0.0000e+00 | BatchLR: 2.500e-04 | Grad: True  | Update: True  | Elapsed: 0:07:13 | ETA: 0:20:57
Epoch[40] Batch[901/3125] | OptTotal: 6.4817e+00 | FTLoss: 6.4817e+00 | AmpL1Full: 1.9758e-02 | PhaseL1PredSup: 2.1377e-02 | SupportBCE: 3.7280e+00 | SupportWeighted: 0.0000e+00 | BatchLR: 2.500e-04 | Grad: True  | Update: True  | Elapsed: 0:08:07 | ETA: 0:20:04
Epoch[40] Batch[1001/3125] | OptTotal: 6.2920e+00 | FTLoss: 6.2920e+00 | AmpL1Full: 2.1551e-02 | PhaseL1PredSup: 2.7817e-02 | SupportBCE: 3.3230e+00 | SupportWeighted: 0.0000e+00 | BatchLR: 2.500e-04 | Grad: True  | Update: True  | Elapsed: 0:09:01 | ETA: 0:19:09
Epoch[40] Batch[1101/3125] | OptTotal: 6.3417e+00 | FTLoss: 6.3417e+00 | AmpL1Full: 2.2044e-02 | PhaseL1PredSup: 3.0858e-02 | SupportBCE: 3.2402e+00 | SupportWeighted: 0.0000e+00 | BatchLR: 2.500e-04 | Grad: True  | Update: True  | Elapsed: 0:09:56 | ETA: 0:18:16
Epoch[40] Batch[1201/3125] | OptTotal: 5.7865e+00 | FTLoss: 5.7865e+00 | AmpL1Full: 2.1419e-02 | PhaseL1PredSup: 3.4022e-02 | SupportBCE: 3.5779e+00 | SupportWeighted: 0.0000e+00 | BatchLR: 2.500e-04 | Grad: True  | Update: True  | Elapsed: 0:10:50 | ETA: 0:17:21
Epoch[40] Batch[1301/3125] | OptTotal: 6.0465e+00 | FTLoss: 6.0465e+00 | AmpL1Full: 1.8117e-02 | PhaseL1PredSup: 3.0692e-02 | SupportBCE: 3.2099e+00 | SupportWeighted: 0.0000e+00 | BatchLR: 2.500e-04 | Grad: True  | Update: True  | Elapsed: 0:11:44 | ETA: 0:16:27
Epoch[40] Batch[1401/3125] | OptTotal: 6.2248e+00 | FTLoss: 6.2248e+00 | AmpL1Full: 1.9798e-02 | PhaseL1PredSup: 2.6128e-02 | SupportBCE: 3.7732e+00 | SupportWeighted: 0.0000e+00 | BatchLR: 2.500e-04 | Grad: True  | Update: True  | Elapsed: 0:12:38 | ETA: 0:15:33
Epoch[40] Batch[1501/3125] | OptTotal: 6.0959e+00 | FTLoss: 6.0959e+00 | AmpL1Full: 1.8898e-02 | PhaseL1PredSup: 2.5702e-02 | SupportBCE: 3.3618e+00 | SupportWeighted: 0.0000e+00 | BatchLR: 2.500e-04 | Grad: True  | Update: True  | Elapsed: 0:13:32 | ETA: 0:14:38
Epoch[40] Batch[1601/3125] | OptTotal: 6.2899e+00 | FTLoss: 6.2899e+00 | AmpL1Full: 2.5044e-02 | PhaseL1PredSup: 3.7036e-02 | SupportBCE: 3.5257e+00 | SupportWeighted: 0.0000e+00 | BatchLR: 2.500e-04 | Grad: True  | Update: True  | Elapsed: 0:14:26 | ETA: 0:13:44
Epoch[40] Batch[1701/3125] | OptTotal: 5.8651e+00 | FTLoss: 5.8651e+00 | AmpL1Full: 1.9023e-02 | PhaseL1PredSup: 2.7672e-02 | SupportBCE: 3.8819e+00 | SupportWeighted: 0.0000e+00 | BatchLR: 2.500e-04 | Grad: True  | Update: True  | Elapsed: 0:15:20 | ETA: 0:12:50
Epoch[40] Batch[1801/3125] | OptTotal: 6.4830e+00 | FTLoss: 6.4830e+00 | AmpL1Full: 2.5051e-02 | PhaseL1PredSup: 2.8694e-02 | SupportBCE: 3.7035e+00 | SupportWeighted: 0.0000e+00 | BatchLR: 2.500e-04 | Grad: True  | Update: True  | Elapsed: 0:16:14 | ETA: 0:11:56
Epoch[40] Batch[1901/3125] | OptTotal: 6.6015e+00 | FTLoss: 6.6015e+00 | AmpL1Full: 2.4358e-02 | PhaseL1PredSup: 2.6874e-02 | SupportBCE: 3.4659e+00 | SupportWeighted: 0.0000e+00 | BatchLR: 2.500e-04 | Grad: True  | Update: True  | Elapsed: 0:17:09 | ETA: 0:11:02
Epoch[40] Batch[2001/3125] | OptTotal: 6.0238e+00 | FTLoss: 6.0238e+00 | AmpL1Full: 2.1831e-02 | PhaseL1PredSup: 3.2293e-02 | SupportBCE: 3.5755e+00 | SupportWeighted: 0.0000e+00 | BatchLR: 2.500e-04 | Grad: True  | Update: True  | Elapsed: 0:18:03 | ETA: 0:10:08
Epoch[40] Batch[2101/3125] | OptTotal: 6.5239e+00 | FTLoss: 6.5239e+00 | AmpL1Full: 2.3033e-02 | PhaseL1PredSup: 2.0573e-02 | SupportBCE: 3.9477e+00 | SupportWeighted: 0.0000e+00 | BatchLR: 2.500e-04 | Grad: True  | Update: True  | Elapsed: 0:18:57 | ETA: 0:09:14
Epoch[40] Batch[2201/3125] | OptTotal: 6.0603e+00 | FTLoss: 6.0603e+00 | AmpL1Full: 2.1196e-02 | PhaseL1PredSup: 2.6541e-02 | SupportBCE: 3.7050e+00 | SupportWeighted: 0.0000e+00 | BatchLR: 2.500e-04 | Grad: True  | Update: True  | Elapsed: 0:19:51 | ETA: 0:08:20
Epoch[40] Batch[2301/3125] | OptTotal: 6.5997e+00 | FTLoss: 6.5997e+00 | AmpL1Full: 2.2435e-02 | PhaseL1PredSup: 2.8679e-02 | SupportBCE: 3.2407e+00 | SupportWeighted: 0.0000e+00 | BatchLR: 2.500e-04 | Grad: True  | Update: True  | Elapsed: 0:20:45 | ETA: 0:07:26
Epoch[40] Batch[2401/3125] | OptTotal: 6.0133e+00 | FTLoss: 6.0133e+00 | AmpL1Full: 2.0643e-02 | PhaseL1PredSup: 2.6671e-02 | SupportBCE: 3.5741e+00 | SupportWeighted: 0.0000e+00 | BatchLR: 2.500e-04 | Grad: True  | Update: True  | Elapsed: 0:21:39 | ETA: 0:06:31
Epoch[40] Batch[2501/3125] | OptTotal: 6.0818e+00 | FTLoss: 6.0818e+00 | AmpL1Full: 2.2467e-02 | PhaseL1PredSup: 2.8635e-02 | SupportBCE: 3.5350e+00 | SupportWeighted: 0.0000e+00 | BatchLR: 2.500e-04 | Grad: True  | Update: True  | Elapsed: 0:22:33 | ETA: 0:05:37
Epoch[40] Batch[2601/3125] | OptTotal: 7.0732e+00 | FTLoss: 7.0732e+00 | AmpL1Full: 2.6904e-02 | PhaseL1PredSup: 2.6697e-02 | SupportBCE: 3.3873e+00 | SupportWeighted: 0.0000e+00 | BatchLR: 2.500e-04 | Grad: True  | Update: True  | Elapsed: 0:23:27 | ETA: 0:04:43
Epoch[40] Batch[2701/3125] | OptTotal: 6.7545e+00 | FTLoss: 6.7545e+00 | AmpL1Full: 2.8908e-02 | PhaseL1PredSup: 3.0468e-02 | SupportBCE: 3.6462e+00 | SupportWeighted: 0.0000e+00 | BatchLR: 2.500e-04 | Grad: True  | Update: True  | Elapsed: 0:24:22 | ETA: 0:03:49
Epoch[40] Batch[2801/3125] | OptTotal: 6.4099e+00 | FTLoss: 6.4099e+00 | AmpL1Full: 2.6819e-02 | PhaseL1PredSup: 3.3412e-02 | SupportBCE: 3.3470e+00 | SupportWeighted: 0.0000e+00 | BatchLR: 2.500e-04 | Grad: True  | Update: True  | Elapsed: 0:25:16 | ETA: 0:02:55
Epoch[40] Batch[2901/3125] | OptTotal: 6.2831e+00 | FTLoss: 6.2831e+00 | AmpL1Full: 2.0865e-02 | PhaseL1PredSup: 2.6859e-02 | SupportBCE: 3.7625e+00 | SupportWeighted: 0.0000e+00 | BatchLR: 2.500e-04 | Grad: True  | Update: True  | Elapsed: 0:26:10 | ETA: 0:02:01
Epoch[40] Batch[3001/3125] | OptTotal: 6.7300e+00 | FTLoss: 6.7300e+00 | AmpL1Full: 3.0576e-02 | PhaseL1PredSup: 2.9454e-02 | SupportBCE: 3.6256e+00 | SupportWeighted: 0.0000e+00 | BatchLR: 2.500e-04 | Grad: True  | Update: True  | Elapsed: 0:27:04 | ETA: 0:01:07
Epoch[40] Batch[3101/3125] | OptTotal: 6.2550e+00 | FTLoss: 6.2550e+00 | AmpL1Full: 2.1822e-02 | PhaseL1PredSup: 2.9191e-02 | SupportBCE: 3.6124e+00 | SupportWeighted: 0.0000e+00 | BatchLR: 2.500e-04 | Grad: True  | Update: True  | Elapsed: 0:27:58 | ETA: 0:00:12
Epoch[40] Batch[3125/3125] | OptTotal: 6.2992e+00 | FTLoss: 6.2992e+00 | AmpL1Full: 2.2624e-02 | PhaseL1PredSup: 2.9537e-02 | SupportBCE: 3.4770e+00 | SupportWeighted: 0.0000e+00 | BatchLR: 2.500e-04 | Grad: True  | Update: True  | Elapsed: 0:28:11 | ETA: 0:00:00
