2026-08-17 23:54:54 | INFO    | 
================================================================================================
AutoPhaseNN training
================================================================================================
[Run]
  name              : decoder_cross_skip_ft_bs4_lr1e-4_20260817_235453
  model             : decoder_cross_skip
  initialization    : checkpointed
  device / fp16     : cuda / no
  parameters        : 24,802,150
[Data]
  directory         : /data_ssd/oyys/autophasenn/
  train / validation: 25,000 / 5,000
  volume shape      : 64 x 64 x 64
  batch / workers   : 16 / 4
  cache in memory   : no
[Optimization]
  loss / scope      : l1 / diff
  optimizer / lr    : adam / 1.000e-03
  scheduler         : plateau
  support weight    : 0
  threshold         : 0.1
  epochs            : 100
  training stages   : cross-skip=5, decoders=10, then all
[Artifacts]
  run               : /home/oyys/code/UMamba-AutoPhaseNN/autophasenn_training_pipeline/runs/decoder_cross_skip_ft_bs4_lr1e-4_20260817_235453
  output            : /home/oyys/code/UMamba-AutoPhaseNN/autophasenn_training_pipeline/runs/decoder_cross_skip_ft_bs4_lr1e-4_20260817_235453
  checkpoints       : /data_ssd/oyys/autophasenn/autophasenn_pipeline_output/decoder_cross_skip_ft_bs4_lr1e-4_20260817_235453
  tensorboard       : /home/oyys/code/UMamba-AutoPhaseNN/autophasenn_training_pipeline/runs/decoder_cross_skip_ft_bs4_lr1e-4_20260817_235453/tensorboard
================================================================================================
2026-08-17 23:54:54 | INFO    | Loaded baseline weights with zero-initialized cross-skip strengths: /data_ssd/oyys/autophasenn/autophasenn_pipeline_output/autophasenn_retrain_l1/checkpoint_best.pt
2026-08-17 23:54:55 | INFO    | Starting at epoch 1 with randomly initialized optimizer state; lr=[0.001]
2026-08-17 23:54:55 | INFO    | Trainable stage | epoch=1 | scope=cross_skip | parameters=98,948 / 24,802,150
2026-08-17 23:55:17 | INFO    | TRAIN | epoch=001/100 | batch=00050/01563 (  3.20%) | lr=1.000e-03 | elapsed=0:00:22 | eta=0:11:12
    losses | total=3.3097e+00 | fourier=3.3097e+00 | amplitude=1.9298e-02 | phase=2.9198e-02 | support=3.0935e+00
2026-08-17 23:55:39 | INFO    | TRAIN | epoch=001/100 | batch=00100/01563 (  6.40%) | lr=1.000e-03 | elapsed=0:00:43 | eta=0:10:42
    losses | total=3.1268e+00 | fourier=3.1268e+00 | amplitude=1.8201e-02 | phase=1.5698e-02 | support=3.2668e+00
2026-08-17 23:56:00 | INFO    | TRAIN | epoch=001/100 | batch=00150/01563 (  9.60%) | lr=1.000e-03 | elapsed=0:01:05 | eta=0:10:17
    losses | total=2.8077e+00 | fourier=2.8077e+00 | amplitude=2.0716e-02 | phase=1.7093e-02 | support=3.4477e+00
2026-08-17 23:56:13 | INFO    | TRAIN | epoch=001/100 | batch=00200/01563 ( 12.80%) | lr=1.000e-03 | elapsed=0:01:18 | eta=0:08:51
    losses | total=2.9850e+00 | fourier=2.9850e+00 | amplitude=1.9813e-02 | phase=2.0000e-02 | support=3.2773e+00
2026-08-17 23:56:23 | INFO    | TRAIN | epoch=001/100 | batch=00250/01563 ( 15.99%) | lr=1.000e-03 | elapsed=0:01:28 | eta=0:07:42
    losses | total=2.8663e+00 | fourier=2.8663e+00 | amplitude=2.0083e-02 | phase=1.9882e-02 | support=3.4210e+00
2026-08-17 23:56:33 | INFO    | TRAIN | epoch=001/100 | batch=00300/01563 ( 19.19%) | lr=1.000e-03 | elapsed=0:01:38 | eta=0:06:53
    losses | total=2.9024e+00 | fourier=2.9024e+00 | amplitude=2.1303e-02 | phase=1.8271e-02 | support=3.2441e+00
2026-08-17 23:56:43 | INFO    | TRAIN | epoch=001/100 | batch=00350/01563 ( 22.39%) | lr=1.000e-03 | elapsed=0:01:48 | eta=0:06:15
    losses | total=3.0338e+00 | fourier=3.0338e+00 | amplitude=2.3629e-02 | phase=2.4068e-02 | support=3.3514e+00
2026-08-17 23:56:53 | INFO    | TRAIN | epoch=001/100 | batch=00400/01563 ( 25.59%) | lr=1.000e-03 | elapsed=0:01:58 | eta=0:05:44
    losses | total=3.0365e+00 | fourier=3.0365e+00 | amplitude=1.9393e-02 | phase=1.7734e-02 | support=3.5216e+00
2026-08-17 23:57:03 | INFO    | TRAIN | epoch=001/100 | batch=00450/01563 ( 28.79%) | lr=1.000e-03 | elapsed=0:02:08 | eta=0:05:17
    losses | total=2.9518e+00 | fourier=2.9518e+00 | amplitude=2.2621e-02 | phase=1.9935e-02 | support=3.1198e+00
2026-08-17 23:57:13 | INFO    | TRAIN | epoch=001/100 | batch=00500/01563 ( 31.99%) | lr=1.000e-03 | elapsed=0:02:18 | eta=0:04:54
    losses | total=2.8782e+00 | fourier=2.8782e+00 | amplitude=1.7021e-02 | phase=1.9138e-02 | support=3.2609e+00
2026-08-17 23:57:24 | INFO    | TRAIN | epoch=001/100 | batch=00550/01563 ( 35.19%) | lr=1.000e-03 | elapsed=0:02:28 | eta=0:04:33
    losses | total=3.3506e+00 | fourier=3.3506e+00 | amplitude=2.0516e-02 | phase=2.0070e-02 | support=3.0444e+00
2026-08-17 23:57:34 | INFO    | TRAIN | epoch=001/100 | batch=00600/01563 ( 38.39%) | lr=1.000e-03 | elapsed=0:02:38 | eta=0:04:14
    losses | total=3.1025e+00 | fourier=3.1025e+00 | amplitude=1.9459e-02 | phase=2.1402e-02 | support=2.8633e+00
2026-08-17 23:57:44 | INFO    | TRAIN | epoch=001/100 | batch=00650/01563 ( 41.59%) | lr=1.000e-03 | elapsed=0:02:48 | eta=0:03:57
    losses | total=2.9342e+00 | fourier=2.9342e+00 | amplitude=1.6974e-02 | phase=1.7840e-02 | support=3.2058e+00
2026-08-17 23:57:54 | INFO    | TRAIN | epoch=001/100 | batch=00700/01563 ( 44.79%) | lr=1.000e-03 | elapsed=0:02:58 | eta=0:03:40
    losses | total=2.8995e+00 | fourier=2.8995e+00 | amplitude=1.8460e-02 | phase=2.1344e-02 | support=2.7672e+00
2026-08-17 23:58:04 | INFO    | TRAIN | epoch=001/100 | batch=00750/01563 ( 47.98%) | lr=1.000e-03 | elapsed=0:03:08 | eta=0:03:24
    losses | total=2.8483e+00 | fourier=2.8483e+00 | amplitude=1.8647e-02 | phase=2.0303e-02 | support=3.5735e+00
2026-08-17 23:58:14 | INFO    | TRAIN | epoch=001/100 | batch=00800/01563 ( 51.18%) | lr=1.000e-03 | elapsed=0:03:19 | eta=0:03:09
    losses | total=2.7854e+00 | fourier=2.7854e+00 | amplitude=1.9736e-02 | phase=1.8629e-02 | support=3.4802e+00
2026-08-17 23:58:24 | INFO    | TRAIN | epoch=001/100 | batch=00850/01563 ( 54.38%) | lr=1.000e-03 | elapsed=0:03:29 | eta=0:02:55
    losses | total=2.8669e+00 | fourier=2.8669e+00 | amplitude=2.1882e-02 | phase=1.5158e-02 | support=3.4021e+00
2026-08-17 23:58:34 | INFO    | TRAIN | epoch=001/100 | batch=00900/01563 ( 57.58%) | lr=1.000e-03 | elapsed=0:03:39 | eta=0:02:41
    losses | total=2.9190e+00 | fourier=2.9190e+00 | amplitude=1.9298e-02 | phase=1.5250e-02 | support=3.9439e+00
2026-08-17 23:58:44 | INFO    | TRAIN | epoch=001/100 | batch=00950/01563 ( 60.78%) | lr=1.000e-03 | elapsed=0:03:49 | eta=0:02:27
    losses | total=2.9552e+00 | fourier=2.9552e+00 | amplitude=1.8877e-02 | phase=2.0470e-02 | support=4.0181e+00
2026-08-17 23:58:54 | INFO    | TRAIN | epoch=001/100 | batch=01000/01563 ( 63.98%) | lr=1.000e-03 | elapsed=0:03:59 | eta=0:02:14
    losses | total=2.8671e+00 | fourier=2.8671e+00 | amplitude=1.7766e-02 | phase=1.8114e-02 | support=3.3080e+00
2026-08-17 23:59:04 | INFO    | TRAIN | epoch=001/100 | batch=01050/01563 ( 67.18%) | lr=1.000e-03 | elapsed=0:04:09 | eta=0:02:01
    losses | total=2.9705e+00 | fourier=2.9705e+00 | amplitude=2.1103e-02 | phase=1.4727e-02 | support=3.5723e+00
2026-08-17 23:59:14 | INFO    | TRAIN | epoch=001/100 | batch=01100/01563 ( 70.38%) | lr=1.000e-03 | elapsed=0:04:19 | eta=0:01:49
    losses | total=2.8014e+00 | fourier=2.8014e+00 | amplitude=1.5386e-02 | phase=1.9736e-02 | support=3.3779e+00
2026-08-17 23:59:25 | INFO    | TRAIN | epoch=001/100 | batch=01150/01563 ( 73.58%) | lr=1.000e-03 | elapsed=0:04:29 | eta=0:01:36
    losses | total=2.9828e+00 | fourier=2.9828e+00 | amplitude=2.0286e-02 | phase=2.3267e-02 | support=2.9072e+00
2026-08-17 23:59:35 | INFO    | TRAIN | epoch=001/100 | batch=01200/01563 ( 76.78%) | lr=1.000e-03 | elapsed=0:04:39 | eta=0:01:24
    losses | total=3.0129e+00 | fourier=3.0129e+00 | amplitude=2.0838e-02 | phase=2.2018e-02 | support=3.3476e+00
2026-08-17 23:59:45 | INFO    | TRAIN | epoch=001/100 | batch=01250/01563 ( 79.97%) | lr=1.000e-03 | elapsed=0:04:49 | eta=0:01:12
    losses | total=3.0132e+00 | fourier=3.0132e+00 | amplitude=1.8660e-02 | phase=1.9739e-02 | support=3.5329e+00
2026-08-17 23:59:55 | INFO    | TRAIN | epoch=001/100 | batch=01300/01563 ( 83.17%) | lr=1.000e-03 | elapsed=0:04:59 | eta=0:01:00
    losses | total=2.7417e+00 | fourier=2.7417e+00 | amplitude=1.4658e-02 | phase=1.5267e-02 | support=3.5136e+00
2026-08-18 00:00:05 | INFO    | TRAIN | epoch=001/100 | batch=01350/01563 ( 86.37%) | lr=1.000e-03 | elapsed=0:05:10 | eta=0:00:48
    losses | total=2.8845e+00 | fourier=2.8845e+00 | amplitude=1.9957e-02 | phase=1.9305e-02 | support=2.9638e+00
2026-08-18 00:00:15 | INFO    | TRAIN | epoch=001/100 | batch=01400/01563 ( 89.57%) | lr=1.000e-03 | elapsed=0:05:20 | eta=0:00:37
    losses | total=3.2854e+00 | fourier=3.2854e+00 | amplitude=2.0996e-02 | phase=2.6822e-02 | support=2.9626e+00
2026-08-18 00:00:25 | INFO    | TRAIN | epoch=001/100 | batch=01450/01563 ( 92.77%) | lr=1.000e-03 | elapsed=0:05:30 | eta=0:00:25
    losses | total=2.9207e+00 | fourier=2.9207e+00 | amplitude=2.0174e-02 | phase=1.6842e-02 | support=3.4485e+00
2026-08-18 00:00:35 | INFO    | TRAIN | epoch=001/100 | batch=01500/01563 ( 95.97%) | lr=1.000e-03 | elapsed=0:05:40 | eta=0:00:14
    losses | total=2.7264e+00 | fourier=2.7264e+00 | amplitude=1.9628e-02 | phase=1.5012e-02 | support=3.5849e+00
2026-08-18 00:00:45 | INFO    | TRAIN | epoch=001/100 | batch=01550/01563 ( 99.17%) | lr=1.000e-03 | elapsed=0:05:50 | eta=0:00:02
    losses | total=2.7436e+00 | fourier=2.7436e+00 | amplitude=1.9366e-02 | phase=1.4497e-02 | support=3.1538e+00
2026-08-18 00:00:48 | INFO    | TRAIN | epoch=001/100 | batch=01563/01563 (100.00%) | lr=1.000e-03 | elapsed=0:05:52 | eta=0:00:00
    losses | total=2.8586e+00 | fourier=2.8586e+00 | amplitude=2.2314e-02 | phase=1.6225e-02 | support=3.1881e+00
2026-08-18 00:00:48 | INFO    | TRAIN epoch 001 complete | batches=1563 | samples=25000 | time=0:05:53
2026-08-18 00:00:54 | INFO    | VAL | epoch=001/100 | batch=00050/00313 ( 15.97%) | elapsed=0:00:05 | eta=0:00:28
    losses | total=4.2649e+00 | fourier=4.2649e+00 | amplitude=2.0011e-02 | phase=2.0414e-02 | support=3.4139e+00
2026-08-18 00:00:59 | INFO    | VAL | epoch=001/100 | batch=00100/00313 ( 31.95%) | elapsed=0:00:10 | eta=0:00:22
    losses | total=3.3947e+00 | fourier=3.3947e+00 | amplitude=2.0841e-02 | phase=1.5681e-02 | support=3.5605e+00
2026-08-18 00:01:04 | INFO    | VAL | epoch=001/100 | batch=00150/00313 ( 47.92%) | elapsed=0:00:15 | eta=0:00:17
    losses | total=3.7725e+00 | fourier=3.7725e+00 | amplitude=1.8627e-02 | phase=1.6492e-02 | support=3.2515e+00
2026-08-18 00:01:09 | INFO    | VAL | epoch=001/100 | batch=00200/00313 ( 63.90%) | elapsed=0:00:21 | eta=0:00:11
    losses | total=3.9118e+00 | fourier=3.9118e+00 | amplitude=1.9408e-02 | phase=1.5589e-02 | support=3.4793e+00
2026-08-18 00:01:15 | INFO    | VAL | epoch=001/100 | batch=00250/00313 ( 79.87%) | elapsed=0:00:26 | eta=0:00:06
    losses | total=3.7592e+00 | fourier=3.7592e+00 | amplitude=2.0722e-02 | phase=2.1213e-02 | support=3.2904e+00
2026-08-18 00:01:20 | INFO    | VAL | epoch=001/100 | batch=00300/00313 ( 95.85%) | elapsed=0:00:31 | eta=0:00:01
    losses | total=3.5835e+00 | fourier=3.5835e+00 | amplitude=2.1015e-02 | phase=2.0500e-02 | support=3.2734e+00
2026-08-18 00:01:21 | INFO    | VAL | epoch=001/100 | batch=00313/00313 (100.00%) | elapsed=0:00:32 | eta=0:00:00
    losses | total=3.9596e+00 | fourier=3.9596e+00 | amplitude=1.7707e-02 | phase=1.6890e-02 | support=3.0744e+00
2026-08-18 00:01:21 | INFO    | VAL epoch 001 complete | batches=313 | samples=5000 | time=0:00:33
2026-08-18 00:01:21 | INFO    | Cross-skip strengths | 8/phase_to_amp=+1.5518e-02 | 8/amp_to_phase=-1.5730e-02 | 16/phase_to_amp=-1.4829e-02 | 16/amp_to_phase=+1.9762e-02
2026-08-18 00:01:21 | INFO    | 
------------------------------------------------------------------------------------------------
Epoch 001/100 summary
split             total      fourier    amplitude        phase      support        time
train        2.8877e+00   2.8877e+00   1.9471e-02   1.7460e-02   3.4104e+00     0:05:53
validation   3.6995e+00   3.6995e+00   1.9562e-02   1.7612e-02   3.3944e+00     0:00:33
lr=1.000e-03 | best_val=3.6995e+00 | best_updated=yes | periodic_checkpoint=no
------------------------------------------------------------------------------------------------
2026-08-18 00:01:32 | INFO    | TRAIN | epoch=002/100 | batch=00050/01563 (  3.20%) | lr=1.000e-03 | elapsed=0:00:10 | eta=0:05:11
    losses | total=2.8332e+00 | fourier=2.8332e+00 | amplitude=1.6900e-02 | phase=1.6547e-02 | support=3.5825e+00
2026-08-18 00:01:42 | INFO    | TRAIN | epoch=002/100 | batch=00100/01563 (  6.40%) | lr=1.000e-03 | elapsed=0:00:20 | eta=0:04:58
    losses | total=2.8348e+00 | fourier=2.8348e+00 | amplitude=1.8618e-02 | phase=2.0152e-02 | support=3.2929e+00
2026-08-18 00:01:52 | INFO    | TRAIN | epoch=002/100 | batch=00150/01563 (  9.60%) | lr=1.000e-03 | elapsed=0:00:30 | eta=0:04:47
    losses | total=2.7444e+00 | fourier=2.7444e+00 | amplitude=2.0877e-02 | phase=1.5605e-02 | support=3.5909e+00
2026-08-18 00:02:02 | INFO    | TRAIN | epoch=002/100 | batch=00200/01563 ( 12.80%) | lr=1.000e-03 | elapsed=0:00:40 | eta=0:04:36
    losses | total=2.9230e+00 | fourier=2.9230e+00 | amplitude=2.0366e-02 | phase=2.0417e-02 | support=3.1940e+00
2026-08-18 00:02:12 | INFO    | TRAIN | epoch=002/100 | batch=00250/01563 ( 15.99%) | lr=1.000e-03 | elapsed=0:00:50 | eta=0:04:26
    losses | total=2.9090e+00 | fourier=2.9090e+00 | amplitude=1.8177e-02 | phase=2.0902e-02 | support=3.2301e+00
2026-08-18 00:02:22 | INFO    | TRAIN | epoch=002/100 | batch=00300/01563 ( 19.19%) | lr=1.000e-03 | elapsed=0:01:00 | eta=0:04:15
    losses | total=3.1213e+00 | fourier=3.1213e+00 | amplitude=2.0420e-02 | phase=2.4750e-02 | support=3.3736e+00
2026-08-18 00:02:32 | INFO    | TRAIN | epoch=002/100 | batch=00350/01563 ( 22.39%) | lr=1.000e-03 | elapsed=0:01:10 | eta=0:04:05
    losses | total=2.8120e+00 | fourier=2.8120e+00 | amplitude=1.7206e-02 | phase=1.4985e-02 | support=3.2365e+00
2026-08-18 00:02:42 | INFO    | TRAIN | epoch=002/100 | batch=00400/01563 ( 25.59%) | lr=1.000e-03 | elapsed=0:01:20 | eta=0:03:55
    losses | total=2.8251e+00 | fourier=2.8251e+00 | amplitude=2.0767e-02 | phase=1.9763e-02 | support=3.3698e+00
2026-08-18 00:02:53 | INFO    | TRAIN | epoch=002/100 | batch=00450/01563 ( 28.79%) | lr=1.000e-03 | elapsed=0:01:31 | eta=0:03:45
    losses | total=2.8289e+00 | fourier=2.8289e+00 | amplitude=1.9691e-02 | phase=1.6275e-02 | support=3.3768e+00
2026-08-18 00:03:03 | INFO    | TRAIN | epoch=002/100 | batch=00500/01563 ( 31.99%) | lr=1.000e-03 | elapsed=0:01:41 | eta=0:03:35
    losses | total=2.9789e+00 | fourier=2.9789e+00 | amplitude=1.8733e-02 | phase=1.4090e-02 | support=3.6216e+00
2026-08-18 00:03:13 | INFO    | TRAIN | epoch=002/100 | batch=00550/01563 ( 35.19%) | lr=1.000e-03 | elapsed=0:01:51 | eta=0:03:24
    losses | total=2.7303e+00 | fourier=2.7303e+00 | amplitude=1.9867e-02 | phase=1.2904e-02 | support=3.4068e+00
2026-08-18 00:03:23 | INFO    | TRAIN | epoch=002/100 | batch=00600/01563 ( 38.39%) | lr=1.000e-03 | elapsed=0:02:01 | eta=0:03:14
    losses | total=3.0502e+00 | fourier=3.0502e+00 | amplitude=2.1890e-02 | phase=2.1640e-02 | support=3.4658e+00
2026-08-18 00:03:33 | INFO    | TRAIN | epoch=002/100 | batch=00650/01563 ( 41.59%) | lr=1.000e-03 | elapsed=0:02:11 | eta=0:03:04
    losses | total=3.0397e+00 | fourier=3.0397e+00 | amplitude=2.1449e-02 | phase=1.9024e-02 | support=3.4022e+00
2026-08-18 00:03:43 | INFO    | TRAIN | epoch=002/100 | batch=00700/01563 ( 44.79%) | lr=1.000e-03 | elapsed=0:02:21 | eta=0:02:54
    losses | total=3.0143e+00 | fourier=3.0143e+00 | amplitude=1.8735e-02 | phase=1.7699e-02 | support=3.5148e+00
2026-08-18 00:03:53 | INFO    | TRAIN | epoch=002/100 | batch=00750/01563 ( 47.98%) | lr=1.000e-03 | elapsed=0:02:31 | eta=0:02:44
    losses | total=2.7085e+00 | fourier=2.7085e+00 | amplitude=1.8960e-02 | phase=1.7199e-02 | support=3.3673e+00
2026-08-18 00:04:03 | INFO    | TRAIN | epoch=002/100 | batch=00800/01563 ( 51.18%) | lr=1.000e-03 | elapsed=0:02:41 | eta=0:02:34
    losses | total=2.7270e+00 | fourier=2.7270e+00 | amplitude=1.6854e-02 | phase=1.1268e-02 | support=3.5588e+00
2026-08-18 00:04:13 | INFO    | TRAIN | epoch=002/100 | batch=00850/01563 ( 54.38%) | lr=1.000e-03 | elapsed=0:02:51 | eta=0:02:24
    losses | total=2.9819e+00 | fourier=2.9819e+00 | amplitude=1.8774e-02 | phase=2.1600e-02 | support=3.1752e+00
2026-08-18 00:04:23 | INFO    | TRAIN | epoch=002/100 | batch=00900/01563 ( 57.58%) | lr=1.000e-03 | elapsed=0:03:01 | eta=0:02:13
    losses | total=2.8614e+00 | fourier=2.8614e+00 | amplitude=2.1114e-02 | phase=1.8000e-02 | support=3.2474e+00
2026-08-18 00:04:33 | INFO    | TRAIN | epoch=002/100 | batch=00950/01563 ( 60.78%) | lr=1.000e-03 | elapsed=0:03:11 | eta=0:02:03
    losses | total=2.8693e+00 | fourier=2.8693e+00 | amplitude=2.3092e-02 | phase=1.9638e-02 | support=3.5767e+00
2026-08-18 00:04:44 | INFO    | TRAIN | epoch=002/100 | batch=01000/01563 ( 63.98%) | lr=1.000e-03 | elapsed=0:03:22 | eta=0:01:53
    losses | total=3.0600e+00 | fourier=3.0600e+00 | amplitude=1.9374e-02 | phase=1.6855e-02 | support=3.6209e+00
2026-08-18 00:04:54 | INFO    | TRAIN | epoch=002/100 | batch=01050/01563 ( 67.18%) | lr=1.000e-03 | elapsed=0:03:32 | eta=0:01:43
    losses | total=2.8166e+00 | fourier=2.8166e+00 | amplitude=2.0768e-02 | phase=1.8993e-02 | support=3.7018e+00
2026-08-18 00:05:04 | INFO    | TRAIN | epoch=002/100 | batch=01100/01563 ( 70.38%) | lr=1.000e-03 | elapsed=0:03:42 | eta=0:01:33
    losses | total=2.9376e+00 | fourier=2.9376e+00 | amplitude=2.0931e-02 | phase=1.6309e-02 | support=3.3159e+00
2026-08-18 00:05:14 | INFO    | TRAIN | epoch=002/100 | batch=01150/01563 ( 73.58%) | lr=1.000e-03 | elapsed=0:03:52 | eta=0:01:23
    losses | total=2.9035e+00 | fourier=2.9035e+00 | amplitude=1.8581e-02 | phase=1.8577e-02 | support=3.3814e+00
2026-08-18 00:05:24 | INFO    | TRAIN | epoch=002/100 | batch=01200/01563 ( 76.78%) | lr=1.000e-03 | elapsed=0:04:02 | eta=0:01:13
    losses | total=2.9705e+00 | fourier=2.9705e+00 | amplitude=1.5410e-02 | phase=1.7983e-02 | support=2.8221e+00
2026-08-18 00:05:34 | INFO    | TRAIN | epoch=002/100 | batch=01250/01563 ( 79.97%) | lr=1.000e-03 | elapsed=0:04:12 | eta=0:01:03
    losses | total=2.9308e+00 | fourier=2.9308e+00 | amplitude=2.1162e-02 | phase=2.4522e-02 | support=3.4524e+00
2026-08-18 00:05:44 | INFO    | TRAIN | epoch=002/100 | batch=01300/01563 ( 83.17%) | lr=1.000e-03 | elapsed=0:04:22 | eta=0:00:53
    losses | total=2.7256e+00 | fourier=2.7256e+00 | amplitude=1.6065e-02 | phase=1.5446e-02 | support=3.3888e+00
2026-08-18 00:05:54 | INFO    | TRAIN | epoch=002/100 | batch=01350/01563 ( 86.37%) | lr=1.000e-03 | elapsed=0:04:32 | eta=0:00:43
    losses | total=2.9488e+00 | fourier=2.9488e+00 | amplitude=2.2698e-02 | phase=1.6348e-02 | support=3.6031e+00
2026-08-18 00:06:04 | INFO    | TRAIN | epoch=002/100 | batch=01400/01563 ( 89.57%) | lr=1.000e-03 | elapsed=0:04:42 | eta=0:00:32
    losses | total=2.7523e+00 | fourier=2.7523e+00 | amplitude=2.2729e-02 | phase=1.9969e-02 | support=3.1107e+00
2026-08-18 00:06:14 | INFO    | TRAIN | epoch=002/100 | batch=01450/01563 ( 92.77%) | lr=1.000e-03 | elapsed=0:04:52 | eta=0:00:22
    losses | total=2.7437e+00 | fourier=2.7437e+00 | amplitude=1.9457e-02 | phase=1.6566e-02 | support=3.2921e+00
2026-08-18 00:06:24 | INFO    | TRAIN | epoch=002/100 | batch=01500/01563 ( 95.97%) | lr=1.000e-03 | elapsed=0:05:02 | eta=0:00:12
    losses | total=2.9678e+00 | fourier=2.9678e+00 | amplitude=1.7671e-02 | phase=1.7031e-02 | support=3.3992e+00
2026-08-18 00:06:34 | INFO    | TRAIN | epoch=002/100 | batch=01550/01563 ( 99.17%) | lr=1.000e-03 | elapsed=0:05:12 | eta=0:00:02
    losses | total=2.8656e+00 | fourier=2.8656e+00 | amplitude=2.1790e-02 | phase=1.7793e-02 | support=3.4195e+00
2026-08-18 00:06:37 | INFO    | TRAIN | epoch=002/100 | batch=01563/01563 (100.00%) | lr=1.000e-03 | elapsed=0:05:15 | eta=0:00:00
    losses | total=2.9793e+00 | fourier=2.9793e+00 | amplitude=1.7248e-02 | phase=1.4175e-02 | support=3.2793e+00
2026-08-18 00:06:37 | INFO    | TRAIN epoch 002 complete | batches=1563 | samples=25000 | time=0:05:15
2026-08-18 00:06:43 | INFO    | VAL | epoch=002/100 | batch=00050/00313 ( 15.97%) | elapsed=0:00:05 | eta=0:00:28
    losses | total=4.2644e+00 | fourier=4.2644e+00 | amplitude=2.0017e-02 | phase=2.0471e-02 | support=3.4135e+00
2026-08-18 00:06:48 | INFO    | VAL | epoch=002/100 | batch=00100/00313 ( 31.95%) | elapsed=0:00:10 | eta=0:00:22
    losses | total=3.3941e+00 | fourier=3.3941e+00 | amplitude=2.0846e-02 | phase=1.5696e-02 | support=3.5602e+00
2026-08-18 00:06:53 | INFO    | VAL | epoch=002/100 | batch=00150/00313 ( 47.92%) | elapsed=0:00:15 | eta=0:00:17
    losses | total=3.7732e+00 | fourier=3.7732e+00 | amplitude=1.8632e-02 | phase=1.6574e-02 | support=3.2509e+00
2026-08-18 00:06:59 | INFO    | VAL | epoch=002/100 | batch=00200/00313 ( 63.90%) | elapsed=0:00:21 | eta=0:00:11
    losses | total=3.9103e+00 | fourier=3.9103e+00 | amplitude=1.9415e-02 | phase=1.5628e-02 | support=3.4787e+00
2026-08-18 00:07:04 | INFO    | VAL | epoch=002/100 | batch=00250/00313 ( 79.87%) | elapsed=0:00:26 | eta=0:00:06
    losses | total=3.7591e+00 | fourier=3.7591e+00 | amplitude=2.0726e-02 | phase=2.1262e-02 | support=3.2897e+00
2026-08-18 00:07:09 | INFO    | VAL | epoch=002/100 | batch=00300/00313 ( 95.85%) | elapsed=0:00:31 | eta=0:00:01
    losses | total=3.5855e+00 | fourier=3.5855e+00 | amplitude=2.1020e-02 | phase=2.0492e-02 | support=3.2732e+00
2026-08-18 00:07:10 | INFO    | VAL | epoch=002/100 | batch=00313/00313 (100.00%) | elapsed=0:00:32 | eta=0:00:00
    losses | total=3.9577e+00 | fourier=3.9577e+00 | amplitude=1.7711e-02 | phase=1.6846e-02 | support=3.0738e+00
2026-08-18 00:07:10 | INFO    | VAL epoch 002 complete | batches=313 | samples=5000 | time=0:00:33
2026-08-18 00:07:10 | INFO    | Cross-skip strengths | 8/phase_to_amp=+1.5404e-02 | 8/amp_to_phase=-2.0311e-02 | 16/phase_to_amp=-1.5285e-02 | 16/amp_to_phase=+2.6595e-02
2026-08-18 00:07:10 | INFO    | 
------------------------------------------------------------------------------------------------
Epoch 002/100 summary
split             total      fourier    amplitude        phase      support        time
train        2.8863e+00   2.8863e+00   1.9472e-02   1.7461e-02   3.4132e+00     0:05:15
validation   3.6996e+00   3.6996e+00   1.9567e-02   1.7632e-02   3.3940e+00     0:00:33
lr=1.000e-03 | best_val=3.6995e+00 | best_updated=no | periodic_checkpoint=no
------------------------------------------------------------------------------------------------
2026-08-18 00:07:21 | INFO    | TRAIN | epoch=003/100 | batch=00050/01563 (  3.20%) | lr=1.000e-03 | elapsed=0:00:10 | eta=0:05:11
    losses | total=2.9247e+00 | fourier=2.9247e+00 | amplitude=1.8866e-02 | phase=1.7236e-02 | support=3.0743e+00
2026-08-18 00:07:31 | INFO    | TRAIN | epoch=003/100 | batch=00100/01563 (  6.40%) | lr=1.000e-03 | elapsed=0:00:20 | eta=0:04:58
    losses | total=2.8929e+00 | fourier=2.8929e+00 | amplitude=1.7822e-02 | phase=2.0447e-02 | support=3.0430e+00
2026-08-18 00:07:41 | INFO    | TRAIN | epoch=003/100 | batch=00150/01563 (  9.60%) | lr=1.000e-03 | elapsed=0:00:30 | eta=0:04:47
    losses | total=2.8869e+00 | fourier=2.8869e+00 | amplitude=1.9156e-02 | phase=1.8524e-02 | support=3.3664e+00
2026-08-18 00:07:51 | INFO    | TRAIN | epoch=003/100 | batch=00200/01563 ( 12.80%) | lr=1.000e-03 | elapsed=0:00:40 | eta=0:04:36
    losses | total=2.9009e+00 | fourier=2.9009e+00 | amplitude=1.9866e-02 | phase=1.6073e-02 | support=3.4613e+00
2026-08-18 00:08:01 | INFO    | TRAIN | epoch=003/100 | batch=00250/01563 ( 15.99%) | lr=1.000e-03 | elapsed=0:00:50 | eta=0:04:26
    losses | total=2.7867e+00 | fourier=2.7867e+00 | amplitude=2.1256e-02 | phase=1.1962e-02 | support=4.1067e+00
2026-08-18 00:08:11 | INFO    | TRAIN | epoch=003/100 | batch=00300/01563 ( 19.19%) | lr=1.000e-03 | elapsed=0:01:00 | eta=0:04:16
    losses | total=2.7345e+00 | fourier=2.7345e+00 | amplitude=1.8020e-02 | phase=1.7246e-02 | support=3.5486e+00
2026-08-18 00:08:21 | INFO    | TRAIN | epoch=003/100 | batch=00350/01563 ( 22.39%) | lr=1.000e-03 | elapsed=0:01:10 | eta=0:04:05
    losses | total=2.8531e+00 | fourier=2.8531e+00 | amplitude=2.1848e-02 | phase=1.6504e-02 | support=3.1625e+00
2026-08-18 00:08:32 | INFO    | TRAIN | epoch=003/100 | batch=00400/01563 ( 25.59%) | lr=1.000e-03 | elapsed=0:01:21 | eta=0:03:55
    losses | total=3.0445e+00 | fourier=3.0445e+00 | amplitude=2.2601e-02 | phase=2.5382e-02 | support=3.1127e+00
2026-08-18 00:08:42 | INFO    | TRAIN | epoch=003/100 | batch=00450/01563 ( 28.79%) | lr=1.000e-03 | elapsed=0:01:31 | eta=0:03:45
    losses | total=3.0508e+00 | fourier=3.0508e+00 | amplitude=2.0658e-02 | phase=2.1543e-02 | support=3.3310e+00
2026-08-18 00:08:52 | INFO    | TRAIN | epoch=003/100 | batch=00500/01563 ( 31.99%) | lr=1.000e-03 | elapsed=0:01:41 | eta=0:03:35
    losses | total=2.7630e+00 | fourier=2.7630e+00 | amplitude=1.7188e-02 | phase=1.4609e-02 | support=3.1464e+00
2026-08-18 00:09:02 | INFO    | TRAIN | epoch=003/100 | batch=00550/01563 ( 35.19%) | lr=1.000e-03 | elapsed=0:01:51 | eta=0:03:25
    losses | total=2.7676e+00 | fourier=2.7676e+00 | amplitude=1.7630e-02 | phase=1.7471e-02 | support=3.2174e+00
2026-08-18 00:09:12 | INFO    | TRAIN | epoch=003/100 | batch=00600/01563 ( 38.39%) | lr=1.000e-03 | elapsed=0:02:01 | eta=0:03:14
    losses | total=2.9296e+00 | fourier=2.9296e+00 | amplitude=1.6968e-02 | phase=1.4920e-02 | support=3.5503e+00
2026-08-18 00:09:22 | INFO    | TRAIN | epoch=003/100 | batch=00650/01563 ( 41.59%) | lr=1.000e-03 | elapsed=0:02:11 | eta=0:03:04
    losses | total=3.0442e+00 | fourier=3.0442e+00 | amplitude=1.8769e-02 | phase=1.8252e-02 | support=3.2035e+00
2026-08-18 00:09:32 | INFO    | TRAIN | epoch=003/100 | batch=00700/01563 ( 44.79%) | lr=1.000e-03 | elapsed=0:02:21 | eta=0:02:54
    losses | total=3.1501e+00 | fourier=3.1501e+00 | amplitude=2.7166e-02 | phase=1.9660e-02 | support=3.3416e+00
2026-08-18 00:09:42 | INFO    | TRAIN | epoch=003/100 | batch=00750/01563 ( 47.98%) | lr=1.000e-03 | elapsed=0:02:31 | eta=0:02:44
    losses | total=2.8438e+00 | fourier=2.8438e+00 | amplitude=2.0811e-02 | phase=1.8910e-02 | support=3.7422e+00
2026-08-18 00:09:52 | INFO    | TRAIN | epoch=003/100 | batch=00800/01563 ( 51.18%) | lr=1.000e-03 | elapsed=0:02:41 | eta=0:02:34
    losses | total=2.6307e+00 | fourier=2.6307e+00 | amplitude=1.9484e-02 | phase=1.4645e-02 | support=3.7484e+00
2026-08-18 00:10:02 | INFO    | TRAIN | epoch=003/100 | batch=00850/01563 ( 54.38%) | lr=1.000e-03 | elapsed=0:02:51 | eta=0:02:24
    losses | total=2.8268e+00 | fourier=2.8268e+00 | amplitude=1.9196e-02 | phase=1.9544e-02 | support=3.1151e+00
2026-08-18 00:10:12 | INFO    | TRAIN | epoch=003/100 | batch=00900/01563 ( 57.58%) | lr=1.000e-03 | elapsed=0:03:01 | eta=0:02:14
    losses | total=2.9086e+00 | fourier=2.9086e+00 | amplitude=2.4237e-02 | phase=2.1437e-02 | support=3.8647e+00
2026-08-18 00:10:23 | INFO    | TRAIN | epoch=003/100 | batch=00950/01563 ( 60.78%) | lr=1.000e-03 | elapsed=0:03:12 | eta=0:02:03
    losses | total=3.3188e+00 | fourier=3.3188e+00 | amplitude=2.1345e-02 | phase=2.2294e-02 | support=3.1951e+00
2026-08-18 00:10:33 | INFO    | TRAIN | epoch=003/100 | batch=01000/01563 ( 63.98%) | lr=1.000e-03 | elapsed=0:03:22 | eta=0:01:53
    losses | total=3.0233e+00 | fourier=3.0233e+00 | amplitude=2.1857e-02 | phase=1.6648e-02 | support=3.4747e+00
2026-08-18 00:10:43 | INFO    | TRAIN | epoch=003/100 | batch=01050/01563 ( 67.18%) | lr=1.000e-03 | elapsed=0:03:32 | eta=0:01:43
    losses | total=3.0540e+00 | fourier=3.0540e+00 | amplitude=2.0180e-02 | phase=2.3709e-02 | support=3.0306e+00
2026-08-18 00:10:53 | INFO    | TRAIN | epoch=003/100 | batch=01100/01563 ( 70.38%) | lr=1.000e-03 | elapsed=0:03:42 | eta=0:01:33
    losses | total=3.0342e+00 | fourier=3.0342e+00 | amplitude=2.1031e-02 | phase=2.4931e-02 | support=3.3430e+00
2026-08-18 00:11:03 | INFO    | TRAIN | epoch=003/100 | batch=01150/01563 ( 73.58%) | lr=1.000e-03 | elapsed=0:03:52 | eta=0:01:23
    losses | total=2.9185e+00 | fourier=2.9185e+00 | amplitude=1.8408e-02 | phase=1.7552e-02 | support=3.4136e+00
2026-08-18 00:11:13 | INFO    | TRAIN | epoch=003/100 | batch=01200/01563 ( 76.78%) | lr=1.000e-03 | elapsed=0:04:02 | eta=0:01:13
    losses | total=2.9278e+00 | fourier=2.9278e+00 | amplitude=2.0409e-02 | phase=1.9339e-02 | support=3.3061e+00
2026-08-18 00:11:23 | INFO    | TRAIN | epoch=003/100 | batch=01250/01563 ( 79.97%) | lr=1.000e-03 | elapsed=0:04:12 | eta=0:01:03
    losses | total=2.7438e+00 | fourier=2.7438e+00 | amplitude=1.7453e-02 | phase=1.4063e-02 | support=3.6502e+00
2026-08-18 00:11:33 | INFO    | TRAIN | epoch=003/100 | batch=01300/01563 ( 83.17%) | lr=1.000e-03 | elapsed=0:04:22 | eta=0:00:53
    losses | total=2.9036e+00 | fourier=2.9036e+00 | amplitude=1.8581e-02 | phase=1.7055e-02 | support=3.3796e+00
2026-08-18 00:11:43 | INFO    | TRAIN | epoch=003/100 | batch=01350/01563 ( 86.37%) | lr=1.000e-03 | elapsed=0:04:32 | eta=0:00:43
    losses | total=2.8005e+00 | fourier=2.8005e+00 | amplitude=2.0147e-02 | phase=1.5568e-02 | support=3.4679e+00
2026-08-18 00:11:53 | INFO    | TRAIN | epoch=003/100 | batch=01400/01563 ( 89.57%) | lr=1.000e-03 | elapsed=0:04:42 | eta=0:00:32
    losses | total=2.8570e+00 | fourier=2.8570e+00 | amplitude=1.9245e-02 | phase=1.6499e-02 | support=3.2287e+00
2026-08-18 00:12:03 | INFO    | TRAIN | epoch=003/100 | batch=01450/01563 ( 92.77%) | lr=1.000e-03 | elapsed=0:04:52 | eta=0:00:22
    losses | total=2.7949e+00 | fourier=2.7949e+00 | amplitude=2.0130e-02 | phase=1.5859e-02 | support=3.8659e+00
2026-08-18 00:12:14 | INFO    | TRAIN | epoch=003/100 | batch=01500/01563 ( 95.97%) | lr=1.000e-03 | elapsed=0:05:03 | eta=0:00:12
    losses | total=2.9405e+00 | fourier=2.9405e+00 | amplitude=1.8459e-02 | phase=2.2261e-02 | support=3.3220e+00
2026-08-18 00:12:24 | INFO    | TRAIN | epoch=003/100 | batch=01550/01563 ( 99.17%) | lr=1.000e-03 | elapsed=0:05:13 | eta=0:00:02
    losses | total=2.8988e+00 | fourier=2.8988e+00 | amplitude=2.0485e-02 | phase=2.0664e-02 | support=3.3713e+00
2026-08-18 00:12:26 | INFO    | TRAIN | epoch=003/100 | batch=01563/01563 (100.00%) | lr=1.000e-03 | elapsed=0:05:15 | eta=0:00:00
    losses | total=2.9180e+00 | fourier=2.9180e+00 | amplitude=2.1577e-02 | phase=1.6590e-02 | support=3.9109e+00
2026-08-18 00:12:27 | INFO    | TRAIN epoch 003 complete | batches=1563 | samples=25000 | time=0:05:16
2026-08-18 00:12:32 | INFO    | VAL | epoch=003/100 | batch=00050/00313 ( 15.97%) | elapsed=0:00:05 | eta=0:00:28
    losses | total=4.2644e+00 | fourier=4.2644e+00 | amplitude=2.0015e-02 | phase=2.0410e-02 | support=3.4155e+00
2026-08-18 00:12:37 | INFO    | VAL | epoch=003/100 | batch=00100/00313 ( 31.95%) | elapsed=0:00:10 | eta=0:00:22
    losses | total=3.3941e+00 | fourier=3.3941e+00 | amplitude=2.0842e-02 | phase=1.5682e-02 | support=3.5616e+00
2026-08-18 00:12:42 | INFO    | VAL | epoch=003/100 | batch=00150/00313 ( 47.92%) | elapsed=0:00:15 | eta=0:00:17
    losses | total=3.7715e+00 | fourier=3.7715e+00 | amplitude=1.8628e-02 | phase=1.6470e-02 | support=3.2530e+00
2026-08-18 00:12:48 | INFO    | VAL | epoch=003/100 | batch=00200/00313 ( 63.90%) | elapsed=0:00:21 | eta=0:00:11
    losses | total=3.9109e+00 | fourier=3.9109e+00 | amplitude=1.9404e-02 | phase=1.5577e-02 | support=3.4803e+00
2026-08-18 00:12:53 | INFO    | VAL | epoch=003/100 | batch=00250/00313 ( 79.87%) | elapsed=0:00:26 | eta=0:00:06
    losses | total=3.7578e+00 | fourier=3.7578e+00 | amplitude=2.0725e-02 | phase=2.1217e-02 | support=3.2910e+00
2026-08-18 00:12:58 | INFO    | VAL | epoch=003/100 | batch=00300/00313 ( 95.85%) | elapsed=0:00:31 | eta=0:00:01
    losses | total=3.5823e+00 | fourier=3.5823e+00 | amplitude=2.1023e-02 | phase=2.0504e-02 | support=3.2755e+00
2026-08-18 00:12:59 | INFO    | VAL | epoch=003/100 | batch=00313/00313 (100.00%) | elapsed=0:00:32 | eta=0:00:00
    losses | total=3.9584e+00 | fourier=3.9584e+00 | amplitude=1.7709e-02 | phase=1.6896e-02 | support=3.0759e+00
2026-08-18 00:13:00 | INFO    | VAL epoch 003 complete | batches=313 | samples=5000 | time=0:00:32
2026-08-18 00:13:00 | INFO    | Cross-skip strengths | 8/phase_to_amp=+1.5446e-02 | 8/amp_to_phase=-1.8695e-02 | 16/phase_to_amp=-1.6322e-02 | 16/amp_to_phase=+2.6358e-02
2026-08-18 00:13:00 | INFO    | 
------------------------------------------------------------------------------------------------
Epoch 003/100 summary
split             total      fourier    amplitude        phase      support        time
train        2.8859e+00   2.8859e+00   1.9472e-02   1.7460e-02   3.4113e+00     0:05:16
validation   3.6991e+00   3.6991e+00   1.9563e-02   1.7612e-02   3.3959e+00     0:00:32
lr=1.000e-03 | best_val=3.6991e+00 | best_updated=yes | periodic_checkpoint=no
------------------------------------------------------------------------------------------------
2026-08-18 00:13:10 | INFO    | TRAIN | epoch=004/100 | batch=00050/01563 (  3.20%) | lr=1.000e-03 | elapsed=0:00:10 | eta=0:05:11
    losses | total=3.0136e+00 | fourier=3.0136e+00 | amplitude=2.2384e-02 | phase=1.6835e-02 | support=3.0448e+00
2026-08-18 00:13:20 | INFO    | TRAIN | epoch=004/100 | batch=00100/01563 (  6.40%) | lr=1.000e-03 | elapsed=0:00:20 | eta=0:04:58
    losses | total=3.2737e+00 | fourier=3.2737e+00 | amplitude=2.0772e-02 | phase=2.3329e-02 | support=3.1845e+00
2026-08-18 00:13:30 | INFO    | TRAIN | epoch=004/100 | batch=00150/01563 (  9.60%) | lr=1.000e-03 | elapsed=0:00:30 | eta=0:04:47
    losses | total=2.7308e+00 | fourier=2.7308e+00 | amplitude=1.8426e-02 | phase=1.3759e-02 | support=3.6481e+00
2026-08-18 00:13:40 | INFO    | TRAIN | epoch=004/100 | batch=00200/01563 ( 12.80%) | lr=1.000e-03 | elapsed=0:00:40 | eta=0:04:36
    losses | total=3.0869e+00 | fourier=3.0869e+00 | amplitude=1.9271e-02 | phase=1.7483e-02 | support=3.2389e+00
2026-08-18 00:13:50 | INFO    | TRAIN | epoch=004/100 | batch=00250/01563 ( 15.99%) | lr=1.000e-03 | elapsed=0:00:50 | eta=0:04:26
    losses | total=2.7811e+00 | fourier=2.7811e+00 | amplitude=2.0711e-02 | phase=1.7968e-02 | support=3.5594e+00
2026-08-18 00:14:01 | INFO    | TRAIN | epoch=004/100 | batch=00300/01563 ( 19.19%) | lr=1.000e-03 | elapsed=0:01:00 | eta=0:04:16
    losses | total=3.0827e+00 | fourier=3.0827e+00 | amplitude=1.9664e-02 | phase=2.7065e-02 | support=3.1095e+00
2026-08-18 00:14:11 | INFO    | TRAIN | epoch=004/100 | batch=00350/01563 ( 22.39%) | lr=1.000e-03 | elapsed=0:01:10 | eta=0:04:05
    losses | total=2.8282e+00 | fourier=2.8282e+00 | amplitude=2.0431e-02 | phase=1.9075e-02 | support=2.9346e+00
2026-08-18 00:14:21 | INFO    | TRAIN | epoch=004/100 | batch=00400/01563 ( 25.59%) | lr=1.000e-03 | elapsed=0:01:21 | eta=0:03:55
    losses | total=2.8391e+00 | fourier=2.8391e+00 | amplitude=2.0784e-02 | phase=1.8749e-02 | support=3.4391e+00
2026-08-18 00:14:31 | INFO    | TRAIN | epoch=004/100 | batch=00450/01563 ( 28.79%) | lr=1.000e-03 | elapsed=0:01:31 | eta=0:03:45
    losses | total=2.9301e+00 | fourier=2.9301e+00 | amplitude=2.2517e-02 | phase=1.5845e-02 | support=3.6711e+00
2026-08-18 00:14:41 | INFO    | TRAIN | epoch=004/100 | batch=00500/01563 ( 31.99%) | lr=1.000e-03 | elapsed=0:01:41 | eta=0:03:35
    losses | total=2.8420e+00 | fourier=2.8420e+00 | amplitude=2.0981e-02 | phase=1.8068e-02 | support=3.2041e+00
2026-08-18 00:14:51 | INFO    | TRAIN | epoch=004/100 | batch=00550/01563 ( 35.19%) | lr=1.000e-03 | elapsed=0:01:51 | eta=0:03:25
    losses | total=3.1568e+00 | fourier=3.1568e+00 | amplitude=1.8080e-02 | phase=1.7923e-02 | support=3.4005e+00
2026-08-18 00:15:01 | INFO    | TRAIN | epoch=004/100 | batch=00600/01563 ( 38.39%) | lr=1.000e-03 | elapsed=0:02:01 | eta=0:03:14
    losses | total=2.9119e+00 | fourier=2.9119e+00 | amplitude=2.0442e-02 | phase=2.3243e-02 | support=2.6458e+00
2026-08-18 00:15:11 | INFO    | TRAIN | epoch=004/100 | batch=00650/01563 ( 41.59%) | lr=1.000e-03 | elapsed=0:02:11 | eta=0:03:04
    losses | total=2.9277e+00 | fourier=2.9277e+00 | amplitude=1.8061e-02 | phase=2.0101e-02 | support=3.1824e+00
2026-08-18 00:15:21 | INFO    | TRAIN | epoch=004/100 | batch=00700/01563 ( 44.79%) | lr=1.000e-03 | elapsed=0:02:21 | eta=0:02:54
    losses | total=2.9751e+00 | fourier=2.9751e+00 | amplitude=1.8219e-02 | phase=1.5423e-02 | support=3.6230e+00
2026-08-18 00:15:31 | INFO    | TRAIN | epoch=004/100 | batch=00750/01563 ( 47.98%) | lr=1.000e-03 | elapsed=0:02:31 | eta=0:02:44
    losses | total=2.9510e+00 | fourier=2.9510e+00 | amplitude=1.8537e-02 | phase=2.3575e-02 | support=2.7493e+00
2026-08-18 00:15:42 | INFO    | TRAIN | epoch=004/100 | batch=00800/01563 ( 51.18%) | lr=1.000e-03 | elapsed=0:02:41 | eta=0:02:34
    losses | total=2.8148e+00 | fourier=2.8148e+00 | amplitude=1.6980e-02 | phase=1.6549e-02 | support=2.8212e+00
2026-08-18 00:15:52 | INFO    | TRAIN | epoch=004/100 | batch=00850/01563 ( 54.38%) | lr=1.000e-03 | elapsed=0:02:51 | eta=0:02:24
    losses | total=2.8343e+00 | fourier=2.8343e+00 | amplitude=1.8035e-02 | phase=1.7850e-02 | support=3.0034e+00
2026-08-18 00:16:02 | INFO    | TRAIN | epoch=004/100 | batch=00900/01563 ( 57.58%) | lr=1.000e-03 | elapsed=0:03:01 | eta=0:02:14
    losses | total=2.8640e+00 | fourier=2.8640e+00 | amplitude=1.9639e-02 | phase=1.7562e-02 | support=3.6518e+00
2026-08-18 00:16:12 | INFO    | TRAIN | epoch=004/100 | batch=00950/01563 ( 60.78%) | lr=1.000e-03 | elapsed=0:03:12 | eta=0:02:03
    losses | total=2.8093e+00 | fourier=2.8093e+00 | amplitude=1.7759e-02 | phase=1.7046e-02 | support=3.5088e+00
2026-08-18 00:16:22 | INFO    | TRAIN | epoch=004/100 | batch=01000/01563 ( 63.98%) | lr=1.000e-03 | elapsed=0:03:22 | eta=0:01:53
    losses | total=3.0049e+00 | fourier=3.0049e+00 | amplitude=1.8972e-02 | phase=2.1951e-02 | support=3.2934e+00
2026-08-18 00:16:32 | INFO    | TRAIN | epoch=004/100 | batch=01050/01563 ( 67.18%) | lr=1.000e-03 | elapsed=0:03:32 | eta=0:01:43
    losses | total=2.7694e+00 | fourier=2.7694e+00 | amplitude=1.9286e-02 | phase=1.5721e-02 | support=3.6213e+00
2026-08-18 00:16:42 | INFO    | TRAIN | epoch=004/100 | batch=01100/01563 ( 70.38%) | lr=1.000e-03 | elapsed=0:03:42 | eta=0:01:33
    losses | total=2.8799e+00 | fourier=2.8799e+00 | amplitude=2.0430e-02 | phase=1.6245e-02 | support=3.5209e+00
2026-08-18 00:16:52 | INFO    | TRAIN | epoch=004/100 | batch=01150/01563 ( 73.58%) | lr=1.000e-03 | elapsed=0:03:52 | eta=0:01:23
    losses | total=2.7140e+00 | fourier=2.7140e+00 | amplitude=1.8001e-02 | phase=1.2397e-02 | support=3.9061e+00
2026-08-18 00:17:02 | INFO    | TRAIN | epoch=004/100 | batch=01200/01563 ( 76.78%) | lr=1.000e-03 | elapsed=0:04:02 | eta=0:01:13
    losses | total=2.9261e+00 | fourier=2.9261e+00 | amplitude=1.7474e-02 | phase=1.6116e-02 | support=3.3371e+00
2026-08-18 00:17:12 | INFO    | TRAIN | epoch=004/100 | batch=01250/01563 ( 79.97%) | lr=1.000e-03 | elapsed=0:04:12 | eta=0:01:03
    losses | total=2.9283e+00 | fourier=2.9283e+00 | amplitude=1.6257e-02 | phase=1.5558e-02 | support=3.3126e+00
2026-08-18 00:17:22 | INFO    | TRAIN | epoch=004/100 | batch=01300/01563 ( 83.17%) | lr=1.000e-03 | elapsed=0:04:22 | eta=0:00:53
    losses | total=2.8707e+00 | fourier=2.8707e+00 | amplitude=2.0476e-02 | phase=1.8990e-02 | support=4.0471e+00
2026-08-18 00:17:33 | INFO    | TRAIN | epoch=004/100 | batch=01350/01563 ( 86.37%) | lr=1.000e-03 | elapsed=0:04:32 | eta=0:00:43
    losses | total=2.7743e+00 | fourier=2.7743e+00 | amplitude=1.6349e-02 | phase=1.4055e-02 | support=3.4647e+00
2026-08-18 00:17:43 | INFO    | TRAIN | epoch=004/100 | batch=01400/01563 ( 89.57%) | lr=1.000e-03 | elapsed=0:04:42 | eta=0:00:32
    losses | total=2.7687e+00 | fourier=2.7687e+00 | amplitude=2.0539e-02 | phase=1.6018e-02 | support=3.4890e+00
2026-08-18 00:17:53 | INFO    | TRAIN | epoch=004/100 | batch=01450/01563 ( 92.77%) | lr=1.000e-03 | elapsed=0:04:52 | eta=0:00:22
    losses | total=2.8116e+00 | fourier=2.8116e+00 | amplitude=2.1273e-02 | phase=1.6277e-02 | support=3.5637e+00
2026-08-18 00:18:03 | INFO    | TRAIN | epoch=004/100 | batch=01500/01563 ( 95.97%) | lr=1.000e-03 | elapsed=0:05:03 | eta=0:00:12
    losses | total=3.0908e+00 | fourier=3.0908e+00 | amplitude=1.8642e-02 | phase=1.4853e-02 | support=3.4021e+00
2026-08-18 00:18:13 | INFO    | TRAIN | epoch=004/100 | batch=01550/01563 ( 99.17%) | lr=1.000e-03 | elapsed=0:05:13 | eta=0:00:02
    losses | total=2.7165e+00 | fourier=2.7165e+00 | amplitude=1.9713e-02 | phase=1.6898e-02 | support=3.8358e+00
2026-08-18 00:18:15 | INFO    | TRAIN | epoch=004/100 | batch=01563/01563 (100.00%) | lr=1.000e-03 | elapsed=0:05:15 | eta=0:00:00
    losses | total=2.7329e+00 | fourier=2.7329e+00 | amplitude=1.8773e-02 | phase=1.5162e-02 | support=3.5197e+00
2026-08-18 00:18:16 | INFO    | TRAIN epoch 004 complete | batches=1563 | samples=25000 | time=0:05:16
2026-08-18 00:18:21 | INFO    | VAL | epoch=004/100 | batch=00050/00313 ( 15.97%) | elapsed=0:00:05 | eta=0:00:28
    losses | total=4.2630e+00 | fourier=4.2630e+00 | amplitude=2.0013e-02 | phase=2.0450e-02 | support=3.4139e+00
2026-08-18 00:18:26 | INFO    | VAL | epoch=004/100 | batch=00100/00313 ( 31.95%) | elapsed=0:00:10 | eta=0:00:22
    losses | total=3.3950e+00 | fourier=3.3950e+00 | amplitude=2.0846e-02 | phase=1.5694e-02 | support=3.5599e+00
2026-08-18 00:18:32 | INFO    | VAL | epoch=004/100 | batch=00150/00313 ( 47.92%) | elapsed=0:00:15 | eta=0:00:17
    losses | total=3.7727e+00 | fourier=3.7727e+00 | amplitude=1.8634e-02 | phase=1.6543e-02 | support=3.2516e+00
2026-08-18 00:18:37 | INFO    | VAL | epoch=004/100 | batch=00200/00313 ( 63.90%) | elapsed=0:00:21 | eta=0:00:11
    losses | total=3.9090e+00 | fourier=3.9090e+00 | amplitude=1.9408e-02 | phase=1.5611e-02 | support=3.4795e+00
2026-08-18 00:18:42 | INFO    | VAL | epoch=004/100 | batch=00250/00313 ( 79.87%) | elapsed=0:00:26 | eta=0:00:06
    losses | total=3.7593e+00 | fourier=3.7593e+00 | amplitude=2.0727e-02 | phase=2.1256e-02 | support=3.2895e+00
2026-08-18 00:18:47 | INFO    | VAL | epoch=004/100 | batch=00300/00313 ( 95.85%) | elapsed=0:00:31 | eta=0:00:01
    losses | total=3.5828e+00 | fourier=3.5828e+00 | amplitude=2.1021e-02 | phase=2.0513e-02 | support=3.2738e+00
2026-08-18 00:18:49 | INFO    | VAL | epoch=004/100 | batch=00313/00313 (100.00%) | elapsed=0:00:32 | eta=0:00:00
    losses | total=3.9572e+00 | fourier=3.9572e+00 | amplitude=1.7707e-02 | phase=1.6877e-02 | support=3.0742e+00
2026-08-18 00:18:49 | INFO    | VAL epoch 004 complete | batches=313 | samples=5000 | time=0:00:32
2026-08-18 00:18:49 | INFO    | Cross-skip strengths | 8/phase_to_amp=+1.6121e-02 | 8/amp_to_phase=-1.9380e-02 | 16/phase_to_amp=-1.8075e-02 | 16/amp_to_phase=+2.7367e-02
2026-08-18 00:18:49 | INFO    | 
------------------------------------------------------------------------------------------------
Epoch 004/100 summary
split             total      fourier    amplitude        phase      support        time
train        2.8856e+00   2.8856e+00   1.9472e-02   1.7460e-02   3.4139e+00     0:05:16
validation   3.6990e+00   3.6990e+00   1.9565e-02   1.7631e-02   3.3944e+00     0:00:32
lr=1.000e-03 | best_val=3.6990e+00 | best_updated=yes | periodic_checkpoint=no
------------------------------------------------------------------------------------------------
2026-08-18 00:18:59 | INFO    | TRAIN | epoch=005/100 | batch=00050/01563 (  3.20%) | lr=1.000e-03 | elapsed=0:00:10 | eta=0:05:12
    losses | total=3.2603e+00 | fourier=3.2603e+00 | amplitude=1.9365e-02 | phase=2.3154e-02 | support=3.0491e+00
2026-08-18 00:19:09 | INFO    | TRAIN | epoch=005/100 | batch=00100/01563 (  6.40%) | lr=1.000e-03 | elapsed=0:00:20 | eta=0:04:58
    losses | total=3.0757e+00 | fourier=3.0757e+00 | amplitude=2.0060e-02 | phase=1.8721e-02 | support=3.2930e+00
2026-08-18 00:19:19 | INFO    | TRAIN | epoch=005/100 | batch=00150/01563 (  9.60%) | lr=1.000e-03 | elapsed=0:00:30 | eta=0:04:47
    losses | total=2.7081e+00 | fourier=2.7081e+00 | amplitude=1.6904e-02 | phase=1.5624e-02 | support=3.1132e+00
2026-08-18 00:19:30 | INFO    | TRAIN | epoch=005/100 | batch=00200/01563 ( 12.80%) | lr=1.000e-03 | elapsed=0:00:40 | eta=0:04:36
    losses | total=2.9419e+00 | fourier=2.9419e+00 | amplitude=2.1629e-02 | phase=1.8449e-02 | support=3.1764e+00
2026-08-18 00:19:40 | INFO    | TRAIN | epoch=005/100 | batch=00250/01563 ( 15.99%) | lr=1.000e-03 | elapsed=0:00:50 | eta=0:04:26
    losses | total=2.8022e+00 | fourier=2.8022e+00 | amplitude=2.0150e-02 | phase=1.7185e-02 | support=3.2739e+00
2026-08-18 00:19:50 | INFO    | TRAIN | epoch=005/100 | batch=00300/01563 ( 19.19%) | lr=1.000e-03 | elapsed=0:01:00 | eta=0:04:16
    losses | total=2.8568e+00 | fourier=2.8568e+00 | amplitude=1.8315e-02 | phase=2.0238e-02 | support=3.2907e+00
2026-08-18 00:20:00 | INFO    | TRAIN | epoch=005/100 | batch=00350/01563 ( 22.39%) | lr=1.000e-03 | elapsed=0:01:10 | eta=0:04:05
    losses | total=2.6299e+00 | fourier=2.6299e+00 | amplitude=1.7541e-02 | phase=1.1565e-02 | support=3.9007e+00
2026-08-18 00:20:10 | INFO    | TRAIN | epoch=005/100 | batch=00400/01563 ( 25.59%) | lr=1.000e-03 | elapsed=0:01:21 | eta=0:03:55
    losses | total=3.0644e+00 | fourier=3.0644e+00 | amplitude=1.6354e-02 | phase=1.6047e-02 | support=3.1137e+00
2026-08-18 00:20:20 | INFO    | TRAIN | epoch=005/100 | batch=00450/01563 ( 28.79%) | lr=1.000e-03 | elapsed=0:01:31 | eta=0:03:45
    losses | total=2.9428e+00 | fourier=2.9428e+00 | amplitude=2.0617e-02 | phase=1.9834e-02 | support=3.6496e+00
2026-08-18 00:20:30 | INFO    | TRAIN | epoch=005/100 | batch=00500/01563 ( 31.99%) | lr=1.000e-03 | elapsed=0:01:41 | eta=0:03:35
    losses | total=2.8476e+00 | fourier=2.8476e+00 | amplitude=2.2805e-02 | phase=1.7947e-02 | support=3.5281e+00
2026-08-18 00:20:40 | INFO    | TRAIN | epoch=005/100 | batch=00550/01563 ( 35.19%) | lr=1.000e-03 | elapsed=0:01:51 | eta=0:03:25
    losses | total=2.8646e+00 | fourier=2.8646e+00 | amplitude=1.9301e-02 | phase=1.4690e-02 | support=3.3298e+00
2026-08-18 00:20:50 | INFO    | TRAIN | epoch=005/100 | batch=00600/01563 ( 38.39%) | lr=1.000e-03 | elapsed=0:02:01 | eta=0:03:14
    losses | total=2.9156e+00 | fourier=2.9156e+00 | amplitude=2.1646e-02 | phase=1.8594e-02 | support=3.5861e+00
2026-08-18 00:21:00 | INFO    | TRAIN | epoch=005/100 | batch=00650/01563 ( 41.59%) | lr=1.000e-03 | elapsed=0:02:11 | eta=0:03:04
    losses | total=2.7864e+00 | fourier=2.7864e+00 | amplitude=1.8295e-02 | phase=1.3610e-02 | support=3.7529e+00
2026-08-18 00:21:11 | INFO    | TRAIN | epoch=005/100 | batch=00700/01563 ( 44.79%) | lr=1.000e-03 | elapsed=0:02:21 | eta=0:02:54
    losses | total=3.0449e+00 | fourier=3.0449e+00 | amplitude=2.1415e-02 | phase=2.4135e-02 | support=3.4027e+00
2026-08-18 00:21:21 | INFO    | TRAIN | epoch=005/100 | batch=00750/01563 ( 47.98%) | lr=1.000e-03 | elapsed=0:02:31 | eta=0:02:44
    losses | total=2.8701e+00 | fourier=2.8701e+00 | amplitude=1.9909e-02 | phase=1.8635e-02 | support=3.2027e+00
2026-08-18 00:21:31 | INFO    | TRAIN | epoch=005/100 | batch=00800/01563 ( 51.18%) | lr=1.000e-03 | elapsed=0:02:41 | eta=0:02:34
    losses | total=2.9604e+00 | fourier=2.9604e+00 | amplitude=1.6389e-02 | phase=1.5503e-02 | support=3.5107e+00
2026-08-18 00:21:41 | INFO    | TRAIN | epoch=005/100 | batch=00850/01563 ( 54.38%) | lr=1.000e-03 | elapsed=0:02:51 | eta=0:02:24
    losses | total=2.8429e+00 | fourier=2.8429e+00 | amplitude=1.8854e-02 | phase=1.2996e-02 | support=3.2517e+00
2026-08-18 00:21:51 | INFO    | TRAIN | epoch=005/100 | batch=00900/01563 ( 57.58%) | lr=1.000e-03 | elapsed=0:03:02 | eta=0:02:14
    losses | total=2.7497e+00 | fourier=2.7497e+00 | amplitude=1.9493e-02 | phase=1.4415e-02 | support=3.5258e+00
2026-08-18 00:22:01 | INFO    | TRAIN | epoch=005/100 | batch=00950/01563 ( 60.78%) | lr=1.000e-03 | elapsed=0:03:12 | eta=0:02:03
    losses | total=2.6930e+00 | fourier=2.6930e+00 | amplitude=1.8138e-02 | phase=1.6691e-02 | support=3.5058e+00
2026-08-18 00:22:11 | INFO    | TRAIN | epoch=005/100 | batch=01000/01563 ( 63.98%) | lr=1.000e-03 | elapsed=0:03:22 | eta=0:01:53
    losses | total=2.8434e+00 | fourier=2.8434e+00 | amplitude=1.8774e-02 | phase=1.3649e-02 | support=3.0091e+00
2026-08-18 00:22:21 | INFO    | TRAIN | epoch=005/100 | batch=01050/01563 ( 67.18%) | lr=1.000e-03 | elapsed=0:03:32 | eta=0:01:43
    losses | total=2.9753e+00 | fourier=2.9753e+00 | amplitude=1.9634e-02 | phase=2.1558e-02 | support=3.2817e+00
2026-08-18 00:22:31 | INFO    | TRAIN | epoch=005/100 | batch=01100/01563 ( 70.38%) | lr=1.000e-03 | elapsed=0:03:42 | eta=0:01:33
    losses | total=2.9759e+00 | fourier=2.9759e+00 | amplitude=1.8652e-02 | phase=1.8254e-02 | support=3.2840e+00
2026-08-18 00:22:41 | INFO    | TRAIN | epoch=005/100 | batch=01150/01563 ( 73.58%) | lr=1.000e-03 | elapsed=0:03:52 | eta=0:01:23
    losses | total=3.0161e+00 | fourier=3.0161e+00 | amplitude=2.0517e-02 | phase=2.1722e-02 | support=3.3725e+00
2026-08-18 00:22:51 | INFO    | TRAIN | epoch=005/100 | batch=01200/01563 ( 76.78%) | lr=1.000e-03 | elapsed=0:04:02 | eta=0:01:13
    losses | total=2.8038e+00 | fourier=2.8038e+00 | amplitude=1.8281e-02 | phase=1.6827e-02 | support=3.4773e+00
2026-08-18 00:23:02 | INFO    | TRAIN | epoch=005/100 | batch=01250/01563 ( 79.97%) | lr=1.000e-03 | elapsed=0:04:12 | eta=0:01:03
    losses | total=2.7150e+00 | fourier=2.7150e+00 | amplitude=2.0067e-02 | phase=1.5073e-02 | support=3.4139e+00
2026-08-18 00:23:12 | INFO    | TRAIN | epoch=005/100 | batch=01300/01563 ( 83.17%) | lr=1.000e-03 | elapsed=0:04:22 | eta=0:00:53
    losses | total=3.1823e+00 | fourier=3.1823e+00 | amplitude=2.1205e-02 | phase=2.2571e-02 | support=3.1763e+00
2026-08-18 00:23:22 | INFO    | TRAIN | epoch=005/100 | batch=01350/01563 ( 86.37%) | lr=1.000e-03 | elapsed=0:04:32 | eta=0:00:43
    losses | total=2.8978e+00 | fourier=2.8978e+00 | amplitude=1.8973e-02 | phase=1.7459e-02 | support=3.3068e+00
2026-08-18 00:23:32 | INFO    | TRAIN | epoch=005/100 | batch=01400/01563 ( 89.57%) | lr=1.000e-03 | elapsed=0:04:42 | eta=0:00:32
    losses | total=2.7352e+00 | fourier=2.7352e+00 | amplitude=1.9934e-02 | phase=1.5722e-02 | support=3.5763e+00
2026-08-18 00:23:42 | INFO    | TRAIN | epoch=005/100 | batch=01450/01563 ( 92.77%) | lr=1.000e-03 | elapsed=0:04:53 | eta=0:00:22
    losses | total=3.0119e+00 | fourier=3.0119e+00 | amplitude=2.0638e-02 | phase=1.7926e-02 | support=3.1770e+00
2026-08-18 00:23:52 | INFO    | TRAIN | epoch=005/100 | batch=01500/01563 ( 95.97%) | lr=1.000e-03 | elapsed=0:05:03 | eta=0:00:12
    losses | total=2.8571e+00 | fourier=2.8571e+00 | amplitude=1.7975e-02 | phase=1.5727e-02 | support=3.5875e+00
2026-08-18 00:24:02 | INFO    | TRAIN | epoch=005/100 | batch=01550/01563 ( 99.17%) | lr=1.000e-03 | elapsed=0:05:13 | eta=0:00:02
    losses | total=2.9445e+00 | fourier=2.9445e+00 | amplitude=1.7718e-02 | phase=1.9348e-02 | support=2.8106e+00
2026-08-18 00:24:05 | INFO    | TRAIN | epoch=005/100 | batch=01563/01563 (100.00%) | lr=1.000e-03 | elapsed=0:05:15 | eta=0:00:00
    losses | total=2.9274e+00 | fourier=2.9274e+00 | amplitude=1.4302e-02 | phase=1.2459e-02 | support=3.9625e+00
2026-08-18 00:24:05 | INFO    | TRAIN epoch 005 complete | batches=1563 | samples=25000 | time=0:05:16
2026-08-18 00:24:10 | INFO    | VAL | epoch=005/100 | batch=00050/00313 ( 15.97%) | elapsed=0:00:05 | eta=0:00:28
    losses | total=4.2650e+00 | fourier=4.2650e+00 | amplitude=2.0013e-02 | phase=2.0456e-02 | support=3.4135e+00
2026-08-18 00:24:16 | INFO    | VAL | epoch=005/100 | batch=00100/00313 ( 31.95%) | elapsed=0:00:10 | eta=0:00:22
    losses | total=3.3952e+00 | fourier=3.3952e+00 | amplitude=2.0845e-02 | phase=1.5701e-02 | support=3.5597e+00
2026-08-18 00:24:21 | INFO    | VAL | epoch=005/100 | batch=00150/00313 ( 47.92%) | elapsed=0:00:15 | eta=0:00:17
    losses | total=3.7738e+00 | fourier=3.7738e+00 | amplitude=1.8636e-02 | phase=1.6528e-02 | support=3.2510e+00
2026-08-18 00:24:26 | INFO    | VAL | epoch=005/100 | batch=00200/00313 ( 63.90%) | elapsed=0:00:21 | eta=0:00:11
    losses | total=3.9095e+00 | fourier=3.9095e+00 | amplitude=1.9413e-02 | phase=1.5608e-02 | support=3.4788e+00
2026-08-18 00:24:31 | INFO    | VAL | epoch=005/100 | batch=00250/00313 ( 79.87%) | elapsed=0:00:26 | eta=0:00:06
    losses | total=3.7585e+00 | fourier=3.7585e+00 | amplitude=2.0729e-02 | phase=2.1262e-02 | support=3.2894e+00
2026-08-18 00:24:37 | INFO    | VAL | epoch=005/100 | batch=00300/00313 ( 95.85%) | elapsed=0:00:31 | eta=0:00:01
    losses | total=3.5834e+00 | fourier=3.5834e+00 | amplitude=2.1020e-02 | phase=2.0526e-02 | support=3.2737e+00
2026-08-18 00:24:38 | INFO    | VAL | epoch=005/100 | batch=00313/00313 (100.00%) | elapsed=0:00:32 | eta=0:00:00
    losses | total=3.9574e+00 | fourier=3.9574e+00 | amplitude=1.7709e-02 | phase=1.6898e-02 | support=3.0742e+00
2026-08-18 00:24:38 | INFO    | VAL epoch 005 complete | batches=313 | samples=5000 | time=0:00:32
2026-08-18 00:24:38 | INFO    | Cross-skip strengths | 8/phase_to_amp=+1.5356e-02 | 8/amp_to_phase=-2.0826e-02 | 16/phase_to_amp=-2.3470e-02 | 16/amp_to_phase=+3.1680e-02
2026-08-18 00:24:38 | INFO    | 
------------------------------------------------------------------------------------------------
Epoch 005/100 summary
split             total      fourier    amplitude        phase      support        time
train        2.8854e+00   2.8854e+00   1.9472e-02   1.7460e-02   3.4118e+00     0:05:16
validation   3.6997e+00   3.6997e+00   1.9566e-02   1.7638e-02   3.3940e+00     0:00:32
lr=1.000e-03 | best_val=3.6990e+00 | best_updated=no | periodic_checkpoint=no
------------------------------------------------------------------------------------------------
2026-08-18 00:24:38 | INFO    | Trainable stage | epoch=6 | scope=decoders | parameters=10,667,206 / 24,802,150
2026-08-18 00:24:56 | INFO    | TRAIN | epoch=006/100 | batch=00050/01563 (  3.20%) | lr=1.000e-03 | elapsed=0:00:18 | eta=0:09:15
    losses | total=2.9509e+00 | fourier=2.9509e+00 | amplitude=1.8687e-02 | phase=1.8411e-02 | support=3.1853e+00
2026-08-18 00:25:15 | INFO    | TRAIN | epoch=006/100 | batch=00100/01563 (  6.40%) | lr=1.000e-03 | elapsed=0:00:36 | eta=0:08:54
    losses | total=3.0392e+00 | fourier=3.0392e+00 | amplitude=2.3010e-02 | phase=2.0010e-02 | support=3.5911e+00
2026-08-18 00:25:33 | INFO    | TRAIN | epoch=006/100 | batch=00150/01563 (  9.60%) | lr=1.000e-03 | elapsed=0:00:54 | eta=0:08:35
    losses | total=2.8060e+00 | fourier=2.8060e+00 | amplitude=1.9603e-02 | phase=1.7339e-02 | support=3.2021e+00
2026-08-18 00:25:51 | INFO    | TRAIN | epoch=006/100 | batch=00200/01563 ( 12.80%) | lr=1.000e-03 | elapsed=0:01:12 | eta=0:08:16
    losses | total=3.2377e+00 | fourier=3.2377e+00 | amplitude=2.2249e-02 | phase=2.6887e-02 | support=3.2492e+00
2026-08-18 00:26:09 | INFO    | TRAIN | epoch=006/100 | batch=00250/01563 ( 15.99%) | lr=1.000e-03 | elapsed=0:01:31 | eta=0:07:58
    losses | total=2.8821e+00 | fourier=2.8821e+00 | amplitude=1.9354e-02 | phase=1.8336e-02 | support=3.1960e+00
2026-08-18 00:26:27 | INFO    | TRAIN | epoch=006/100 | batch=00300/01563 ( 19.19%) | lr=1.000e-03 | elapsed=0:01:49 | eta=0:07:39
    losses | total=3.1612e+00 | fourier=3.1612e+00 | amplitude=1.8822e-02 | phase=1.1103e-02 | support=3.8473e+00
2026-08-18 00:26:45 | INFO    | TRAIN | epoch=006/100 | batch=00350/01563 ( 22.39%) | lr=1.000e-03 | elapsed=0:02:07 | eta=0:07:21
    losses | total=2.6864e+00 | fourier=2.6864e+00 | amplitude=1.8091e-02 | phase=1.3585e-02 | support=3.6778e+00
2026-08-18 00:27:04 | INFO    | TRAIN | epoch=006/100 | batch=00400/01563 ( 25.59%) | lr=1.000e-03 | elapsed=0:02:25 | eta=0:07:03
    losses | total=2.8589e+00 | fourier=2.8589e+00 | amplitude=1.7932e-02 | phase=1.3032e-02 | support=3.6548e+00
2026-08-18 00:27:22 | INFO    | TRAIN | epoch=006/100 | batch=00450/01563 ( 28.79%) | lr=1.000e-03 | elapsed=0:02:43 | eta=0:06:44
    losses | total=2.8583e+00 | fourier=2.8583e+00 | amplitude=2.2080e-02 | phase=1.7300e-02 | support=3.7968e+00
2026-08-18 00:27:40 | INFO    | TRAIN | epoch=006/100 | batch=00500/01563 ( 31.99%) | lr=1.000e-03 | elapsed=0:03:01 | eta=0:06:26
    losses | total=2.9059e+00 | fourier=2.9059e+00 | amplitude=2.0196e-02 | phase=1.7435e-02 | support=3.8067e+00
2026-08-18 00:27:58 | INFO    | TRAIN | epoch=006/100 | batch=00550/01563 ( 35.19%) | lr=1.000e-03 | elapsed=0:03:20 | eta=0:06:08
    losses | total=2.7382e+00 | fourier=2.7382e+00 | amplitude=1.6401e-02 | phase=1.4828e-02 | support=3.4352e+00
2026-08-18 00:28:16 | INFO    | TRAIN | epoch=006/100 | batch=00600/01563 ( 38.39%) | lr=1.000e-03 | elapsed=0:03:38 | eta=0:05:50
    losses | total=2.8279e+00 | fourier=2.8279e+00 | amplitude=1.9563e-02 | phase=1.5438e-02 | support=3.6107e+00
2026-08-18 00:28:34 | INFO    | TRAIN | epoch=006/100 | batch=00650/01563 ( 41.59%) | lr=1.000e-03 | elapsed=0:03:56 | eta=0:05:31
    losses | total=2.9452e+00 | fourier=2.9452e+00 | amplitude=1.6320e-02 | phase=1.4451e-02 | support=3.9602e+00
2026-08-18 00:28:52 | INFO    | TRAIN | epoch=006/100 | batch=00700/01563 ( 44.79%) | lr=1.000e-03 | elapsed=0:04:14 | eta=0:05:13
    losses | total=2.8606e+00 | fourier=2.8606e+00 | amplitude=1.7680e-02 | phase=1.6714e-02 | support=3.4019e+00
2026-08-18 00:29:11 | INFO    | TRAIN | epoch=006/100 | batch=00750/01563 ( 47.98%) | lr=1.000e-03 | elapsed=0:04:32 | eta=0:04:55
    losses | total=3.0127e+00 | fourier=3.0127e+00 | amplitude=1.8768e-02 | phase=1.2824e-02 | support=3.6351e+00
2026-08-18 00:29:29 | INFO    | TRAIN | epoch=006/100 | batch=00800/01563 ( 51.18%) | lr=1.000e-03 | elapsed=0:04:50 | eta=0:04:37
    losses | total=3.0885e+00 | fourier=3.0885e+00 | amplitude=1.8154e-02 | phase=1.6731e-02 | support=3.3360e+00
2026-08-18 00:29:47 | INFO    | TRAIN | epoch=006/100 | batch=00850/01563 ( 54.38%) | lr=1.000e-03 | elapsed=0:05:08 | eta=0:04:19
    losses | total=3.2519e+00 | fourier=3.2519e+00 | amplitude=1.8095e-02 | phase=1.9772e-02 | support=3.6500e+00
2026-08-18 00:30:05 | INFO    | TRAIN | epoch=006/100 | batch=00900/01563 ( 57.58%) | lr=1.000e-03 | elapsed=0:05:27 | eta=0:04:00
    losses | total=3.0034e+00 | fourier=3.0034e+00 | amplitude=1.8301e-02 | phase=1.9547e-02 | support=3.2926e+00
2026-08-18 00:30:23 | INFO    | TRAIN | epoch=006/100 | batch=00950/01563 ( 60.78%) | lr=1.000e-03 | elapsed=0:05:45 | eta=0:03:42
    losses | total=3.1728e+00 | fourier=3.1728e+00 | amplitude=1.8392e-02 | phase=2.0219e-02 | support=3.6855e+00
2026-08-18 00:30:41 | INFO    | TRAIN | epoch=006/100 | batch=01000/01563 ( 63.98%) | lr=1.000e-03 | elapsed=0:06:03 | eta=0:03:24
    losses | total=2.8764e+00 | fourier=2.8764e+00 | amplitude=1.6596e-02 | phase=1.4820e-02 | support=3.0096e+00
2026-08-18 00:31:00 | INFO    | TRAIN | epoch=006/100 | batch=01050/01563 ( 67.18%) | lr=1.000e-03 | elapsed=0:06:21 | eta=0:03:06
    losses | total=2.9442e+00 | fourier=2.9442e+00 | amplitude=2.2075e-02 | phase=1.9580e-02 | support=3.5131e+00
2026-08-18 00:31:18 | INFO    | TRAIN | epoch=006/100 | batch=01100/01563 ( 70.38%) | lr=1.000e-03 | elapsed=0:06:39 | eta=0:02:48
    losses | total=2.9873e+00 | fourier=2.9873e+00 | amplitude=1.8832e-02 | phase=1.6463e-02 | support=3.5837e+00
2026-08-18 00:31:36 | INFO    | TRAIN | epoch=006/100 | batch=01150/01563 ( 73.58%) | lr=1.000e-03 | elapsed=0:06:57 | eta=0:02:30
    losses | total=2.8187e+00 | fourier=2.8187e+00 | amplitude=1.7492e-02 | phase=1.3704e-02 | support=3.3429e+00
2026-08-18 00:31:54 | INFO    | TRAIN | epoch=006/100 | batch=01200/01563 ( 76.78%) | lr=1.000e-03 | elapsed=0:07:16 | eta=0:02:11
    losses | total=2.9827e+00 | fourier=2.9827e+00 | amplitude=1.9608e-02 | phase=1.3079e-02 | support=4.0867e+00
2026-08-18 00:32:12 | INFO    | TRAIN | epoch=006/100 | batch=01250/01563 ( 79.97%) | lr=1.000e-03 | elapsed=0:07:34 | eta=0:01:53
    losses | total=3.2031e+00 | fourier=3.2031e+00 | amplitude=2.0968e-02 | phase=2.1778e-02 | support=3.2345e+00
2026-08-18 00:32:30 | INFO    | TRAIN | epoch=006/100 | batch=01300/01563 ( 83.17%) | lr=1.000e-03 | elapsed=0:07:52 | eta=0:01:35
    losses | total=3.0385e+00 | fourier=3.0385e+00 | amplitude=2.2230e-02 | phase=2.1352e-02 | support=3.8682e+00
2026-08-18 00:32:49 | INFO    | TRAIN | epoch=006/100 | batch=01350/01563 ( 86.37%) | lr=1.000e-03 | elapsed=0:08:10 | eta=0:01:17
    losses | total=3.0058e+00 | fourier=3.0058e+00 | amplitude=2.1068e-02 | phase=1.4777e-02 | support=3.3318e+00
2026-08-18 00:33:07 | INFO    | TRAIN | epoch=006/100 | batch=01400/01563 ( 89.57%) | lr=1.000e-03 | elapsed=0:08:28 | eta=0:00:59
    losses | total=2.9225e+00 | fourier=2.9225e+00 | amplitude=1.8739e-02 | phase=1.4629e-02 | support=3.0813e+00
2026-08-18 00:33:25 | INFO    | TRAIN | epoch=006/100 | batch=01450/01563 ( 92.77%) | lr=1.000e-03 | elapsed=0:08:46 | eta=0:00:41
    losses | total=2.8258e+00 | fourier=2.8258e+00 | amplitude=2.0836e-02 | phase=1.3293e-02 | support=3.9105e+00
2026-08-18 00:33:43 | INFO    | TRAIN | epoch=006/100 | batch=01500/01563 ( 95.97%) | lr=1.000e-03 | elapsed=0:09:05 | eta=0:00:22
    losses | total=3.0777e+00 | fourier=3.0777e+00 | amplitude=1.8963e-02 | phase=2.1564e-02 | support=3.5622e+00
2026-08-18 00:34:01 | INFO    | TRAIN | epoch=006/100 | batch=01550/01563 ( 99.17%) | lr=1.000e-03 | elapsed=0:09:23 | eta=0:00:04
    losses | total=2.9023e+00 | fourier=2.9023e+00 | amplitude=1.8406e-02 | phase=2.1301e-02 | support=3.2673e+00
2026-08-18 00:34:06 | INFO    | TRAIN | epoch=006/100 | batch=01563/01563 (100.00%) | lr=1.000e-03 | elapsed=0:09:27 | eta=0:00:00
    losses | total=2.9759e+00 | fourier=2.9759e+00 | amplitude=1.8111e-02 | phase=9.9952e-03 | support=3.3907e+00
2026-08-18 00:34:06 | INFO    | TRAIN epoch 006 complete | batches=1563 | samples=25000 | time=0:09:28
2026-08-18 00:34:11 | INFO    | VAL | epoch=006/100 | batch=00050/00313 ( 15.97%) | elapsed=0:00:05 | eta=0:00:28
    losses | total=4.2953e+00 | fourier=4.2953e+00 | amplitude=2.0020e-02 | phase=2.0757e-02 | support=3.4105e+00
2026-08-18 00:34:17 | INFO    | VAL | epoch=006/100 | batch=00100/00313 ( 31.95%) | elapsed=0:00:10 | eta=0:00:22
    losses | total=3.4195e+00 | fourier=3.4195e+00 | amplitude=2.0845e-02 | phase=1.6054e-02 | support=3.5549e+00
2026-08-18 00:34:22 | INFO    | VAL | epoch=006/100 | batch=00150/00313 ( 47.92%) | elapsed=0:00:15 | eta=0:00:17
    losses | total=3.8060e+00 | fourier=3.8060e+00 | amplitude=1.8663e-02 | phase=1.6612e-02 | support=3.2371e+00
2026-08-18 00:34:27 | INFO    | VAL | epoch=006/100 | batch=00200/00313 ( 63.90%) | elapsed=0:00:21 | eta=0:00:11
    losses | total=3.9160e+00 | fourier=3.9160e+00 | amplitude=1.9436e-02 | phase=1.5914e-02 | support=3.4772e+00
2026-08-18 00:34:32 | INFO    | VAL | epoch=006/100 | batch=00250/00313 ( 79.87%) | elapsed=0:00:26 | eta=0:00:06
    losses | total=3.7929e+00 | fourier=3.7929e+00 | amplitude=2.0717e-02 | phase=2.1581e-02 | support=3.2749e+00
2026-08-18 00:34:38 | INFO    | VAL | epoch=006/100 | batch=00300/00313 ( 95.85%) | elapsed=0:00:31 | eta=0:00:01
    losses | total=3.6066e+00 | fourier=3.6066e+00 | amplitude=2.1019e-02 | phase=2.0962e-02 | support=3.2874e+00
2026-08-18 00:34:39 | INFO    | VAL | epoch=006/100 | batch=00313/00313 (100.00%) | elapsed=0:00:32 | eta=0:00:00
    losses | total=3.9781e+00 | fourier=3.9781e+00 | amplitude=1.7726e-02 | phase=1.7456e-02 | support=3.0590e+00
2026-08-18 00:34:39 | INFO    | VAL epoch 006 complete | batches=313 | samples=5000 | time=0:00:32
2026-08-18 00:34:39 | INFO    | Cross-skip strengths | 8/phase_to_amp=-2.1674e-04 | 8/amp_to_phase=-1.0081e-02 | 16/phase_to_amp=-1.2703e-02 | 16/amp_to_phase=+4.1081e-02
2026-08-18 00:34:39 | INFO    | 
------------------------------------------------------------------------------------------------
Epoch 006/100 summary
split             total      fourier    amplitude        phase      support        time
train        2.9906e+00   2.9906e+00   1.9471e-02   1.7451e-02   3.4197e+00     0:09:28
validation   3.7237e+00   3.7237e+00   1.9585e-02   1.7988e-02   3.3896e+00     0:00:32
lr=1.000e-03 | best_val=3.6990e+00 | best_updated=no | periodic_checkpoint=no
------------------------------------------------------------------------------------------------
2026-08-18 00:34:58 | INFO    | TRAIN | epoch=007/100 | batch=00050/01563 (  3.20%) | lr=1.000e-03 | elapsed=0:00:18 | eta=0:09:14
    losses | total=2.9189e+00 | fourier=2.9189e+00 | amplitude=1.9668e-02 | phase=1.8520e-02 | support=2.8338e+00
2026-08-18 00:35:16 | INFO    | TRAIN | epoch=007/100 | batch=00100/01563 (  6.40%) | lr=1.000e-03 | elapsed=0:00:36 | eta=0:08:53
    losses | total=2.8684e+00 | fourier=2.8684e+00 | amplitude=1.8976e-02 | phase=1.4562e-02 | support=3.6084e+00
2026-08-18 00:35:34 | INFO    | TRAIN | epoch=007/100 | batch=00150/01563 (  9.60%) | lr=1.000e-03 | elapsed=0:00:54 | eta=0:08:34
    losses | total=2.9286e+00 | fourier=2.9286e+00 | amplitude=2.1000e-02 | phase=2.0709e-02 | support=3.2791e+00
2026-08-18 00:35:52 | INFO    | TRAIN | epoch=007/100 | batch=00200/01563 ( 12.80%) | lr=1.000e-03 | elapsed=0:01:12 | eta=0:08:15
    losses | total=3.0056e+00 | fourier=3.0056e+00 | amplitude=1.8854e-02 | phase=2.4986e-02 | support=3.5157e+00
2026-08-18 00:36:10 | INFO    | TRAIN | epoch=007/100 | batch=00250/01563 ( 15.99%) | lr=1.000e-03 | elapsed=0:01:30 | eta=0:07:57
    losses | total=2.9577e+00 | fourier=2.9577e+00 | amplitude=2.0752e-02 | phase=2.1659e-02 | support=3.4398e+00
2026-08-18 00:36:28 | INFO    | TRAIN | epoch=007/100 | batch=00300/01563 ( 19.19%) | lr=1.000e-03 | elapsed=0:01:48 | eta=0:07:38
    losses | total=3.0921e+00 | fourier=3.0921e+00 | amplitude=2.0044e-02 | phase=1.9399e-02 | support=3.3860e+00
2026-08-18 00:36:46 | INFO    | TRAIN | epoch=007/100 | batch=00350/01563 ( 22.39%) | lr=1.000e-03 | elapsed=0:02:07 | eta=0:07:20
    losses | total=3.1086e+00 | fourier=3.1086e+00 | amplitude=2.0344e-02 | phase=2.2089e-02 | support=3.0795e+00
2026-08-18 00:37:04 | INFO    | TRAIN | epoch=007/100 | batch=00400/01563 ( 25.59%) | lr=1.000e-03 | elapsed=0:02:25 | eta=0:07:02
    losses | total=2.7619e+00 | fourier=2.7619e+00 | amplitude=1.7790e-02 | phase=1.3373e-02 | support=3.8136e+00
2026-08-18 00:37:23 | INFO    | TRAIN | epoch=007/100 | batch=00450/01563 ( 28.79%) | lr=1.000e-03 | elapsed=0:02:43 | eta=0:06:44
    losses | total=3.0708e+00 | fourier=3.0708e+00 | amplitude=1.9771e-02 | phase=2.0134e-02 | support=2.8500e+00
2026-08-18 00:37:41 | INFO    | TRAIN | epoch=007/100 | batch=00500/01563 ( 31.99%) | lr=1.000e-03 | elapsed=0:03:01 | eta=0:06:25
    losses | total=3.2060e+00 | fourier=3.2060e+00 | amplitude=2.2994e-02 | phase=1.9567e-02 | support=3.5559e+00
2026-08-18 00:37:59 | INFO    | TRAIN | epoch=007/100 | batch=00550/01563 ( 35.19%) | lr=1.000e-03 | elapsed=0:03:19 | eta=0:06:07
    losses | total=2.8788e+00 | fourier=2.8788e+00 | amplitude=1.9184e-02 | phase=2.1003e-02 | support=3.7444e+00
2026-08-18 00:38:17 | INFO    | TRAIN | epoch=007/100 | batch=00600/01563 ( 38.39%) | lr=1.000e-03 | elapsed=0:03:37 | eta=0:05:49
    losses | total=2.8805e+00 | fourier=2.8805e+00 | amplitude=1.8057e-02 | phase=1.9544e-02 | support=3.4431e+00
2026-08-18 00:38:35 | INFO    | TRAIN | epoch=007/100 | batch=00650/01563 ( 41.59%) | lr=1.000e-03 | elapsed=0:03:55 | eta=0:05:31
    losses | total=2.9496e+00 | fourier=2.9496e+00 | amplitude=1.9475e-02 | phase=1.5576e-02 | support=3.2189e+00
2026-08-18 00:38:53 | INFO    | TRAIN | epoch=007/100 | batch=00700/01563 ( 44.79%) | lr=1.000e-03 | elapsed=0:04:14 | eta=0:05:13
    losses | total=2.8594e+00 | fourier=2.8594e+00 | amplitude=1.9440e-02 | phase=1.6221e-02 | support=3.4416e+00
2026-08-18 00:39:11 | INFO    | TRAIN | epoch=007/100 | batch=00750/01563 ( 47.98%) | lr=1.000e-03 | elapsed=0:04:32 | eta=0:04:55
    losses | total=3.5930e+00 | fourier=3.5930e+00 | amplitude=2.0108e-02 | phase=2.7237e-02 | support=3.1039e+00
2026-08-18 00:39:30 | INFO    | TRAIN | epoch=007/100 | batch=00800/01563 ( 51.18%) | lr=1.000e-03 | elapsed=0:04:50 | eta=0:04:36
    losses | total=2.7806e+00 | fourier=2.7806e+00 | amplitude=1.8418e-02 | phase=1.3409e-02 | support=3.5440e+00
2026-08-18 00:39:48 | INFO    | TRAIN | epoch=007/100 | batch=00850/01563 ( 54.38%) | lr=1.000e-03 | elapsed=0:05:08 | eta=0:04:18
    losses | total=3.1050e+00 | fourier=3.1050e+00 | amplitude=1.9343e-02 | phase=1.6109e-02 | support=3.3488e+00
2026-08-18 00:40:06 | INFO    | TRAIN | epoch=007/100 | batch=00900/01563 ( 57.58%) | lr=1.000e-03 | elapsed=0:05:26 | eta=0:04:00
    losses | total=2.9993e+00 | fourier=2.9993e+00 | amplitude=2.4472e-02 | phase=1.6713e-02 | support=3.1073e+00
2026-08-18 00:40:24 | INFO    | TRAIN | epoch=007/100 | batch=00950/01563 ( 60.78%) | lr=1.000e-03 | elapsed=0:05:44 | eta=0:03:42
    losses | total=3.0589e+00 | fourier=3.0589e+00 | amplitude=1.8808e-02 | phase=1.7181e-02 | support=3.4354e+00
2026-08-18 00:40:42 | INFO    | TRAIN | epoch=007/100 | batch=01000/01563 ( 63.98%) | lr=1.000e-03 | elapsed=0:06:02 | eta=0:03:24
    losses | total=3.0674e+00 | fourier=3.0674e+00 | amplitude=2.2421e-02 | phase=2.1260e-02 | support=3.4708e+00
2026-08-18 00:41:00 | INFO    | TRAIN | epoch=007/100 | batch=01050/01563 ( 67.18%) | lr=1.000e-03 | elapsed=0:06:21 | eta=0:03:06
    losses | total=2.8787e+00 | fourier=2.8787e+00 | amplitude=1.9934e-02 | phase=1.7095e-02 | support=3.6784e+00
2026-08-18 00:41:18 | INFO    | TRAIN | epoch=007/100 | batch=01100/01563 ( 70.38%) | lr=1.000e-03 | elapsed=0:06:39 | eta=0:02:48
    losses | total=3.0250e+00 | fourier=3.0250e+00 | amplitude=2.0173e-02 | phase=1.5962e-02 | support=4.0215e+00
2026-08-18 00:41:36 | INFO    | TRAIN | epoch=007/100 | batch=01150/01563 ( 73.58%) | lr=1.000e-03 | elapsed=0:06:57 | eta=0:02:29
    losses | total=2.9317e+00 | fourier=2.9317e+00 | amplitude=2.0500e-02 | phase=1.7668e-02 | support=3.1810e+00
2026-08-18 00:41:55 | INFO    | TRAIN | epoch=007/100 | batch=01200/01563 ( 76.78%) | lr=1.000e-03 | elapsed=0:07:15 | eta=0:02:11
    losses | total=3.0070e+00 | fourier=3.0070e+00 | amplitude=1.9546e-02 | phase=2.2959e-02 | support=3.2373e+00
2026-08-18 00:42:13 | INFO    | TRAIN | epoch=007/100 | batch=01250/01563 ( 79.97%) | lr=1.000e-03 | elapsed=0:07:33 | eta=0:01:53
    losses | total=2.9382e+00 | fourier=2.9382e+00 | amplitude=2.1712e-02 | phase=2.2414e-02 | support=3.4098e+00
2026-08-18 00:42:31 | INFO    | TRAIN | epoch=007/100 | batch=01300/01563 ( 83.17%) | lr=1.000e-03 | elapsed=0:07:51 | eta=0:01:35
    losses | total=2.9911e+00 | fourier=2.9911e+00 | amplitude=2.0691e-02 | phase=2.3233e-02 | support=3.2069e+00
2026-08-18 00:42:49 | INFO    | TRAIN | epoch=007/100 | batch=01350/01563 ( 86.37%) | lr=1.000e-03 | elapsed=0:08:09 | eta=0:01:17
    losses | total=2.9129e+00 | fourier=2.9129e+00 | amplitude=1.9350e-02 | phase=1.7499e-02 | support=3.8450e+00
2026-08-18 00:43:07 | INFO    | TRAIN | epoch=007/100 | batch=01400/01563 ( 89.57%) | lr=1.000e-03 | elapsed=0:08:27 | eta=0:00:59
    losses | total=3.2319e+00 | fourier=3.2319e+00 | amplitude=2.0005e-02 | phase=1.9248e-02 | support=3.4045e+00
2026-08-18 00:43:25 | INFO    | TRAIN | epoch=007/100 | batch=01450/01563 ( 92.77%) | lr=1.000e-03 | elapsed=0:08:46 | eta=0:00:40
    losses | total=2.9590e+00 | fourier=2.9590e+00 | amplitude=1.7810e-02 | phase=1.7144e-02 | support=3.4498e+00
2026-08-18 00:43:43 | INFO    | TRAIN | epoch=007/100 | batch=01500/01563 ( 95.97%) | lr=1.000e-03 | elapsed=0:09:04 | eta=0:00:22
    losses | total=3.0750e+00 | fourier=3.0750e+00 | amplitude=1.7741e-02 | phase=1.4453e-02 | support=3.2642e+00
2026-08-18 00:44:02 | INFO    | TRAIN | epoch=007/100 | batch=01550/01563 ( 99.17%) | lr=1.000e-03 | elapsed=0:09:22 | eta=0:00:04
    losses | total=2.9434e+00 | fourier=2.9434e+00 | amplitude=1.8586e-02 | phase=1.9695e-02 | support=3.7170e+00
2026-08-18 00:44:06 | INFO    | TRAIN | epoch=007/100 | batch=01563/01563 (100.00%) | lr=1.000e-03 | elapsed=0:09:26 | eta=0:00:00
    losses | total=2.9574e+00 | fourier=2.9574e+00 | amplitude=1.9584e-02 | phase=1.8346e-02 | support=3.3646e+00
2026-08-18 00:44:06 | INFO    | TRAIN epoch 007 complete | batches=1563 | samples=25000 | time=0:09:27
2026-08-18 00:44:12 | INFO    | VAL | epoch=007/100 | batch=00050/00313 ( 15.97%) | elapsed=0:00:05 | eta=0:00:28
    losses | total=4.2778e+00 | fourier=4.2778e+00 | amplitude=1.9954e-02 | phase=2.0201e-02 | support=3.4276e+00
2026-08-18 00:44:17 | INFO    | VAL | epoch=007/100 | batch=00100/00313 ( 31.95%) | elapsed=0:00:10 | eta=0:00:22
    losses | total=3.4096e+00 | fourier=3.4096e+00 | amplitude=2.0784e-02 | phase=1.5616e-02 | support=3.5792e+00
2026-08-18 00:44:22 | INFO    | VAL | epoch=007/100 | batch=00150/00313 ( 47.92%) | elapsed=0:00:15 | eta=0:00:17
    losses | total=3.7881e+00 | fourier=3.7881e+00 | amplitude=1.8620e-02 | phase=1.6243e-02 | support=3.2567e+00
2026-08-18 00:44:28 | INFO    | VAL | epoch=007/100 | batch=00200/00313 ( 63.90%) | elapsed=0:00:21 | eta=0:00:11
    losses | total=3.9252e+00 | fourier=3.9252e+00 | amplitude=1.9390e-02 | phase=1.5428e-02 | support=3.4970e+00
2026-08-18 00:44:33 | INFO    | VAL | epoch=007/100 | batch=00250/00313 ( 79.87%) | elapsed=0:00:26 | eta=0:00:06
    losses | total=3.7731e+00 | fourier=3.7731e+00 | amplitude=2.0676e-02 | phase=2.0947e-02 | support=3.3100e+00
2026-08-18 00:44:38 | INFO    | VAL | epoch=007/100 | batch=00300/00313 ( 95.85%) | elapsed=0:00:31 | eta=0:00:01
    losses | total=3.5970e+00 | fourier=3.5970e+00 | amplitude=2.0968e-02 | phase=2.0369e-02 | support=3.3035e+00
2026-08-18 00:44:39 | INFO    | VAL | epoch=007/100 | batch=00313/00313 (100.00%) | elapsed=0:00:32 | eta=0:00:00
    losses | total=3.9870e+00 | fourier=3.9870e+00 | amplitude=1.7666e-02 | phase=1.6940e-02 | support=3.0776e+00
2026-08-18 00:44:39 | INFO    | VAL epoch 007 complete | batches=313 | samples=5000 | time=0:00:33
2026-08-18 00:44:39 | INFO    | Cross-skip strengths | 8/phase_to_amp=+2.4087e-03 | 8/amp_to_phase=-1.5505e-02 | 16/phase_to_amp=-1.4243e-02 | 16/amp_to_phase=+5.0983e-02
2026-08-18 00:44:40 | INFO    | 
------------------------------------------------------------------------------------------------
Epoch 007/100 summary
split             total      fourier    amplitude        phase      support        time
train        2.9582e+00   2.9582e+00   1.9475e-02   1.7449e-02   3.4149e+00     0:09:27
validation   3.7175e+00   3.7175e+00   1.9524e-02   1.7477e-02   3.4111e+00     0:00:33
lr=1.000e-03 | best_val=3.6990e+00 | best_updated=no | periodic_checkpoint=no
------------------------------------------------------------------------------------------------
2026-08-18 00:44:58 | INFO    | TRAIN | epoch=008/100 | batch=00050/01563 (  3.20%) | lr=1.000e-03 | elapsed=0:00:18 | eta=0:09:15
    losses | total=2.8425e+00 | fourier=2.8425e+00 | amplitude=1.9687e-02 | phase=1.1491e-02 | support=3.7412e+00
2026-08-18 00:45:16 | INFO    | TRAIN | epoch=008/100 | batch=00100/01563 (  6.40%) | lr=1.000e-03 | elapsed=0:00:36 | eta=0:08:53
    losses | total=3.1269e+00 | fourier=3.1269e+00 | amplitude=1.9066e-02 | phase=1.6689e-02 | support=2.8584e+00
2026-08-18 00:45:34 | INFO    | TRAIN | epoch=008/100 | batch=00150/01563 (  9.60%) | lr=1.000e-03 | elapsed=0:00:54 | eta=0:08:34
    losses | total=2.8411e+00 | fourier=2.8411e+00 | amplitude=1.7279e-02 | phase=1.2574e-02 | support=3.8837e+00
2026-08-18 00:45:52 | INFO    | TRAIN | epoch=008/100 | batch=00200/01563 ( 12.80%) | lr=1.000e-03 | elapsed=0:01:12 | eta=0:08:15
    losses | total=3.1000e+00 | fourier=3.1000e+00 | amplitude=2.1241e-02 | phase=2.2353e-02 | support=3.1459e+00
2026-08-18 00:46:11 | INFO    | TRAIN | epoch=008/100 | batch=00250/01563 ( 15.99%) | lr=1.000e-03 | elapsed=0:01:30 | eta=0:07:57
    losses | total=2.8746e+00 | fourier=2.8746e+00 | amplitude=1.7865e-02 | phase=1.7413e-02 | support=3.4276e+00
2026-08-18 00:46:29 | INFO    | TRAIN | epoch=008/100 | batch=00300/01563 ( 19.19%) | lr=1.000e-03 | elapsed=0:01:49 | eta=0:07:38
    losses | total=3.0456e+00 | fourier=3.0456e+00 | amplitude=2.0321e-02 | phase=1.8132e-02 | support=3.2153e+00
2026-08-18 00:46:47 | INFO    | TRAIN | epoch=008/100 | batch=00350/01563 ( 22.39%) | lr=1.000e-03 | elapsed=0:02:07 | eta=0:07:20
    losses | total=2.8771e+00 | fourier=2.8771e+00 | amplitude=1.9862e-02 | phase=2.0880e-02 | support=3.1831e+00
2026-08-18 00:47:05 | INFO    | TRAIN | epoch=008/100 | batch=00400/01563 ( 25.59%) | lr=1.000e-03 | elapsed=0:02:25 | eta=0:07:02
    losses | total=3.0131e+00 | fourier=3.0131e+00 | amplitude=1.9080e-02 | phase=2.0802e-02 | support=3.1378e+00
2026-08-18 00:47:23 | INFO    | TRAIN | epoch=008/100 | batch=00450/01563 ( 28.79%) | lr=1.000e-03 | elapsed=0:02:43 | eta=0:06:44
    losses | total=2.9032e+00 | fourier=2.9032e+00 | amplitude=1.8306e-02 | phase=1.5285e-02 | support=3.8778e+00
2026-08-18 00:47:41 | INFO    | TRAIN | epoch=008/100 | batch=00500/01563 ( 31.99%) | lr=1.000e-03 | elapsed=0:03:01 | eta=0:06:25
    losses | total=3.1140e+00 | fourier=3.1140e+00 | amplitude=2.0560e-02 | phase=2.4355e-02 | support=3.1082e+00
2026-08-18 00:47:59 | INFO    | TRAIN | epoch=008/100 | batch=00550/01563 ( 35.19%) | lr=1.000e-03 | elapsed=0:03:19 | eta=0:06:07
    losses | total=3.2617e+00 | fourier=3.2617e+00 | amplitude=1.9633e-02 | phase=2.0637e-02 | support=3.0620e+00
2026-08-18 00:48:17 | INFO    | TRAIN | epoch=008/100 | batch=00600/01563 ( 38.39%) | lr=1.000e-03 | elapsed=0:03:37 | eta=0:05:49
    losses | total=2.9318e+00 | fourier=2.9318e+00 | amplitude=1.9369e-02 | phase=1.4005e-02 | support=3.2362e+00
2026-08-18 00:48:36 | INFO    | TRAIN | epoch=008/100 | batch=00650/01563 ( 41.59%) | lr=1.000e-03 | elapsed=0:03:55 | eta=0:05:31
    losses | total=3.0988e+00 | fourier=3.0988e+00 | amplitude=2.1193e-02 | phase=2.2390e-02 | support=3.6622e+00
2026-08-18 00:48:54 | INFO    | TRAIN | epoch=008/100 | batch=00700/01563 ( 44.79%) | lr=1.000e-03 | elapsed=0:04:14 | eta=0:05:13
    losses | total=2.9936e+00 | fourier=2.9936e+00 | amplitude=1.9395e-02 | phase=1.2114e-02 | support=3.9114e+00
2026-08-18 00:49:12 | INFO    | TRAIN | epoch=008/100 | batch=00750/01563 ( 47.98%) | lr=1.000e-03 | elapsed=0:04:32 | eta=0:04:55
    losses | total=2.9288e+00 | fourier=2.9288e+00 | amplitude=2.2205e-02 | phase=1.7010e-02 | support=3.7954e+00
2026-08-18 00:49:30 | INFO    | TRAIN | epoch=008/100 | batch=00800/01563 ( 51.18%) | lr=1.000e-03 | elapsed=0:04:50 | eta=0:04:36
    losses | total=2.9011e+00 | fourier=2.9011e+00 | amplitude=2.0285e-02 | phase=1.3740e-02 | support=3.4467e+00
2026-08-18 00:49:48 | INFO    | TRAIN | epoch=008/100 | batch=00850/01563 ( 54.38%) | lr=1.000e-03 | elapsed=0:05:08 | eta=0:04:18
    losses | total=2.9793e+00 | fourier=2.9793e+00 | amplitude=2.2141e-02 | phase=2.0797e-02 | support=3.6741e+00
2026-08-18 00:50:06 | INFO    | TRAIN | epoch=008/100 | batch=00900/01563 ( 57.58%) | lr=1.000e-03 | elapsed=0:05:26 | eta=0:04:00
    losses | total=2.9998e+00 | fourier=2.9998e+00 | amplitude=1.8504e-02 | phase=1.3334e-02 | support=3.4416e+00
2026-08-18 00:50:24 | INFO    | TRAIN | epoch=008/100 | batch=00950/01563 ( 60.78%) | lr=1.000e-03 | elapsed=0:05:44 | eta=0:03:42
    losses | total=2.6923e+00 | fourier=2.6923e+00 | amplitude=1.7313e-02 | phase=1.4488e-02 | support=3.4044e+00
2026-08-18 00:50:43 | INFO    | TRAIN | epoch=008/100 | batch=01000/01563 ( 63.98%) | lr=1.000e-03 | elapsed=0:06:02 | eta=0:03:24
    losses | total=2.9701e+00 | fourier=2.9701e+00 | amplitude=1.7473e-02 | phase=2.2063e-02 | support=3.0743e+00
2026-08-18 00:51:01 | INFO    | TRAIN | epoch=008/100 | batch=01050/01563 ( 67.18%) | lr=1.000e-03 | elapsed=0:06:20 | eta=0:03:06
    losses | total=3.0560e+00 | fourier=3.0560e+00 | amplitude=2.0429e-02 | phase=1.9479e-02 | support=3.5096e+00
2026-08-18 00:51:19 | INFO    | TRAIN | epoch=008/100 | batch=01100/01563 ( 70.38%) | lr=1.000e-03 | elapsed=0:06:39 | eta=0:02:47
    losses | total=3.0086e+00 | fourier=3.0086e+00 | amplitude=1.9389e-02 | phase=2.1835e-02 | support=3.8884e+00
2026-08-18 00:51:37 | INFO    | TRAIN | epoch=008/100 | batch=01150/01563 ( 73.58%) | lr=1.000e-03 | elapsed=0:06:57 | eta=0:02:29
    losses | total=2.9953e+00 | fourier=2.9953e+00 | amplitude=1.8436e-02 | phase=1.3223e-02 | support=3.5817e+00
2026-08-18 00:51:55 | INFO    | TRAIN | epoch=008/100 | batch=01200/01563 ( 76.78%) | lr=1.000e-03 | elapsed=0:07:15 | eta=0:02:11
    losses | total=2.9568e+00 | fourier=2.9568e+00 | amplitude=1.8694e-02 | phase=1.5285e-02 | support=3.4357e+00
2026-08-18 00:52:13 | INFO    | TRAIN | epoch=008/100 | batch=01250/01563 ( 79.97%) | lr=1.000e-03 | elapsed=0:07:33 | eta=0:01:53
    losses | total=2.9687e+00 | fourier=2.9687e+00 | amplitude=1.6923e-02 | phase=1.5927e-02 | support=3.2565e+00
2026-08-18 00:52:31 | INFO    | TRAIN | epoch=008/100 | batch=01300/01563 ( 83.17%) | lr=1.000e-03 | elapsed=0:07:51 | eta=0:01:35
    losses | total=2.9069e+00 | fourier=2.9069e+00 | amplitude=1.6353e-02 | phase=1.1506e-02 | support=3.4740e+00
2026-08-18 00:52:49 | INFO    | TRAIN | epoch=008/100 | batch=01350/01563 ( 86.37%) | lr=1.000e-03 | elapsed=0:08:09 | eta=0:01:17
    losses | total=3.3308e+00 | fourier=3.3308e+00 | amplitude=2.1113e-02 | phase=1.6965e-02 | support=3.2150e+00
2026-08-18 00:53:08 | INFO    | TRAIN | epoch=008/100 | batch=01400/01563 ( 89.57%) | lr=1.000e-03 | elapsed=0:08:27 | eta=0:00:59
    losses | total=2.9127e+00 | fourier=2.9127e+00 | amplitude=1.9716e-02 | phase=1.7110e-02 | support=3.2770e+00
2026-08-18 00:53:26 | INFO    | TRAIN | epoch=008/100 | batch=01450/01563 ( 92.77%) | lr=1.000e-03 | elapsed=0:08:46 | eta=0:00:40
    losses | total=2.7122e+00 | fourier=2.7122e+00 | amplitude=2.0391e-02 | phase=1.1923e-02 | support=3.8476e+00
2026-08-18 00:53:44 | INFO    | TRAIN | epoch=008/100 | batch=01500/01563 ( 95.97%) | lr=1.000e-03 | elapsed=0:09:04 | eta=0:00:22
    losses | total=3.0690e+00 | fourier=3.0690e+00 | amplitude=2.3381e-02 | phase=1.8272e-02 | support=3.1484e+00
2026-08-18 00:54:02 | INFO    | TRAIN | epoch=008/100 | batch=01550/01563 ( 99.17%) | lr=1.000e-03 | elapsed=0:09:22 | eta=0:00:04
    losses | total=2.8193e+00 | fourier=2.8193e+00 | amplitude=1.7055e-02 | phase=1.7331e-02 | support=3.3313e+00
2026-08-18 00:54:07 | INFO    | TRAIN | epoch=008/100 | batch=01563/01563 (100.00%) | lr=1.000e-03 | elapsed=0:09:26 | eta=0:00:00
    losses | total=3.0500e+00 | fourier=3.0500e+00 | amplitude=1.6321e-02 | phase=1.7971e-02 | support=3.3857e+00
2026-08-18 00:54:07 | INFO    | TRAIN epoch 008 complete | batches=1563 | samples=25000 | time=0:09:27
2026-08-18 00:54:12 | INFO    | VAL | epoch=008/100 | batch=00050/00313 ( 15.97%) | elapsed=0:00:05 | eta=0:00:28
    losses | total=4.2870e+00 | fourier=4.2870e+00 | amplitude=2.0123e-02 | phase=2.0467e-02 | support=3.4210e+00
2026-08-18 00:54:17 | INFO    | VAL | epoch=008/100 | batch=00100/00313 ( 31.95%) | elapsed=0:00:10 | eta=0:00:22
    losses | total=3.4130e+00 | fourier=3.4130e+00 | amplitude=2.0959e-02 | phase=1.5798e-02 | support=3.5734e+00
2026-08-18 00:54:23 | INFO    | VAL | epoch=008/100 | batch=00150/00313 ( 47.92%) | elapsed=0:00:15 | eta=0:00:17
    losses | total=3.8045e+00 | fourier=3.8045e+00 | amplitude=1.8692e-02 | phase=1.6473e-02 | support=3.2459e+00
2026-08-18 00:54:28 | INFO    | VAL | epoch=008/100 | batch=00200/00313 ( 63.90%) | elapsed=0:00:21 | eta=0:00:11
    losses | total=3.9280e+00 | fourier=3.9280e+00 | amplitude=1.9491e-02 | phase=1.5687e-02 | support=3.4861e+00
2026-08-18 00:54:33 | INFO    | VAL | epoch=008/100 | batch=00250/00313 ( 79.87%) | elapsed=0:00:26 | eta=0:00:06
    losses | total=3.7849e+00 | fourier=3.7849e+00 | amplitude=2.0795e-02 | phase=2.1279e-02 | support=3.2950e+00
2026-08-18 00:54:38 | INFO    | VAL | epoch=008/100 | batch=00300/00313 ( 95.85%) | elapsed=0:00:31 | eta=0:00:01
    losses | total=3.5964e+00 | fourier=3.5964e+00 | amplitude=2.1079e-02 | phase=2.0660e-02 | support=3.2827e+00
2026-08-18 00:54:40 | INFO    | VAL | epoch=008/100 | batch=00313/00313 (100.00%) | elapsed=0:00:32 | eta=0:00:00
    losses | total=3.9826e+00 | fourier=3.9826e+00 | amplitude=1.7793e-02 | phase=1.7141e-02 | support=3.0746e+00
2026-08-18 00:54:40 | INFO    | VAL epoch 008 complete | batches=313 | samples=5000 | time=0:00:32
2026-08-18 00:54:40 | INFO    | Cross-skip strengths | 8/phase_to_amp=+1.1974e-03 | 8/amp_to_phase=-1.8469e-02 | 16/phase_to_amp=-1.4930e-02 | 16/amp_to_phase=+5.5232e-02
2026-08-18 00:54:40 | INFO    | 
------------------------------------------------------------------------------------------------
Epoch 008/100 summary
split             total      fourier    amplitude        phase      support        time
train        2.9490e+00   2.9490e+00   1.9475e-02   1.7449e-02   3.4244e+00     0:09:27
validation   3.7218e+00   3.7218e+00   1.9650e-02   1.7728e-02   3.3980e+00     0:00:32
lr=1.000e-03 | best_val=3.6990e+00 | best_updated=no | periodic_checkpoint=no
------------------------------------------------------------------------------------------------
2026-08-18 00:54:59 | INFO    | TRAIN | epoch=009/100 | batch=00050/01563 (  3.20%) | lr=1.000e-03 | elapsed=0:00:18 | eta=0:09:15
    losses | total=3.0897e+00 | fourier=3.0897e+00 | amplitude=1.9756e-02 | phase=2.2133e-02 | support=3.1370e+00
2026-08-18 00:55:17 | INFO    | TRAIN | epoch=009/100 | batch=00100/01563 (  6.40%) | lr=1.000e-03 | elapsed=0:00:36 | eta=0:08:54
    losses | total=2.8974e+00 | fourier=2.8974e+00 | amplitude=2.0239e-02 | phase=2.1405e-02 | support=3.4208e+00
2026-08-18 00:55:35 | INFO    | TRAIN | epoch=009/100 | batch=00150/01563 (  9.60%) | lr=1.000e-03 | elapsed=0:00:54 | eta=0:08:35
    losses | total=2.8274e+00 | fourier=2.8274e+00 | amplitude=2.1326e-02 | phase=1.7639e-02 | support=3.7056e+00
2026-08-18 00:55:53 | INFO    | TRAIN | epoch=009/100 | batch=00200/01563 ( 12.80%) | lr=1.000e-03 | elapsed=0:01:12 | eta=0:08:16
    losses | total=2.9561e+00 | fourier=2.9561e+00 | amplitude=1.8434e-02 | phase=1.6778e-02 | support=3.7673e+00
2026-08-18 00:56:11 | INFO    | TRAIN | epoch=009/100 | batch=00250/01563 ( 15.99%) | lr=1.000e-03 | elapsed=0:01:30 | eta=0:07:57
    losses | total=2.9860e+00 | fourier=2.9860e+00 | amplitude=2.0650e-02 | phase=1.6070e-02 | support=3.6251e+00
2026-08-18 00:56:29 | INFO    | TRAIN | epoch=009/100 | batch=00300/01563 ( 19.19%) | lr=1.000e-03 | elapsed=0:01:49 | eta=0:07:39
    losses | total=2.9326e+00 | fourier=2.9326e+00 | amplitude=1.9885e-02 | phase=2.1526e-02 | support=3.2389e+00
2026-08-18 00:56:48 | INFO    | TRAIN | epoch=009/100 | batch=00350/01563 ( 22.39%) | lr=1.000e-03 | elapsed=0:02:07 | eta=0:07:21
    losses | total=2.6971e+00 | fourier=2.6971e+00 | amplitude=2.1904e-02 | phase=1.4638e-02 | support=3.4887e+00
2026-08-18 00:57:06 | INFO    | TRAIN | epoch=009/100 | batch=00400/01563 ( 25.59%) | lr=1.000e-03 | elapsed=0:02:25 | eta=0:07:03
    losses | total=2.9800e+00 | fourier=2.9800e+00 | amplitude=2.3061e-02 | phase=1.9813e-02 | support=3.0150e+00
2026-08-18 00:57:24 | INFO    | TRAIN | epoch=009/100 | batch=00450/01563 ( 28.79%) | lr=1.000e-03 | elapsed=0:02:43 | eta=0:06:44
    losses | total=3.2374e+00 | fourier=3.2374e+00 | amplitude=1.7684e-02 | phase=1.6561e-02 | support=3.5257e+00
2026-08-18 00:57:42 | INFO    | TRAIN | epoch=009/100 | batch=00500/01563 ( 31.99%) | lr=1.000e-03 | elapsed=0:03:01 | eta=0:06:26
    losses | total=2.7422e+00 | fourier=2.7422e+00 | amplitude=1.6588e-02 | phase=1.6874e-02 | support=3.1300e+00
2026-08-18 00:58:00 | INFO    | TRAIN | epoch=009/100 | batch=00550/01563 ( 35.19%) | lr=1.000e-03 | elapsed=0:03:20 | eta=0:06:08
    losses | total=2.8780e+00 | fourier=2.8780e+00 | amplitude=2.4347e-02 | phase=1.9289e-02 | support=3.8525e+00
2026-08-18 00:58:18 | INFO    | TRAIN | epoch=009/100 | batch=00600/01563 ( 38.39%) | lr=1.000e-03 | elapsed=0:03:38 | eta=0:05:50
    losses | total=2.9353e+00 | fourier=2.9353e+00 | amplitude=1.7572e-02 | phase=1.8195e-02 | support=3.5191e+00
2026-08-18 00:58:37 | INFO    | TRAIN | epoch=009/100 | batch=00650/01563 ( 41.59%) | lr=1.000e-03 | elapsed=0:03:56 | eta=0:05:31
    losses | total=2.8494e+00 | fourier=2.8494e+00 | amplitude=1.9093e-02 | phase=1.7868e-02 | support=3.2896e+00
2026-08-18 00:58:55 | INFO    | TRAIN | epoch=009/100 | batch=00700/01563 ( 44.79%) | lr=1.000e-03 | elapsed=0:04:14 | eta=0:05:13
    losses | total=2.7832e+00 | fourier=2.7832e+00 | amplitude=1.8685e-02 | phase=1.8852e-02 | support=3.2901e+00
2026-08-18 00:59:13 | INFO    | TRAIN | epoch=009/100 | batch=00750/01563 ( 47.98%) | lr=1.000e-03 | elapsed=0:04:32 | eta=0:04:55
    losses | total=2.8434e+00 | fourier=2.8434e+00 | amplitude=1.8990e-02 | phase=1.1940e-02 | support=3.5355e+00
2026-08-18 00:59:31 | INFO    | TRAIN | epoch=009/100 | batch=00800/01563 ( 51.18%) | lr=1.000e-03 | elapsed=0:04:50 | eta=0:04:37
    losses | total=3.0698e+00 | fourier=3.0698e+00 | amplitude=1.9651e-02 | phase=1.5346e-02 | support=3.8517e+00
2026-08-18 00:59:49 | INFO    | TRAIN | epoch=009/100 | batch=00850/01563 ( 54.38%) | lr=1.000e-03 | elapsed=0:05:08 | eta=0:04:19
    losses | total=2.9513e+00 | fourier=2.9513e+00 | amplitude=1.8664e-02 | phase=1.5088e-02 | support=3.2609e+00
2026-08-18 01:00:07 | INFO    | TRAIN | epoch=009/100 | batch=00900/01563 ( 57.58%) | lr=1.000e-03 | elapsed=0:05:27 | eta=0:04:00
    losses | total=3.0961e+00 | fourier=3.0961e+00 | amplitude=1.8270e-02 | phase=1.8840e-02 | support=3.2433e+00
2026-08-18 01:00:26 | INFO    | TRAIN | epoch=009/100 | batch=00950/01563 ( 60.78%) | lr=1.000e-03 | elapsed=0:05:45 | eta=0:03:42
    losses | total=2.7997e+00 | fourier=2.7997e+00 | amplitude=1.8931e-02 | phase=1.7877e-02 | support=3.1658e+00
2026-08-18 01:00:44 | INFO    | TRAIN | epoch=009/100 | batch=01000/01563 ( 63.98%) | lr=1.000e-03 | elapsed=0:06:03 | eta=0:03:24
    losses | total=2.8912e+00 | fourier=2.8912e+00 | amplitude=1.9388e-02 | phase=1.7875e-02 | support=3.3371e+00
2026-08-18 01:01:02 | INFO    | TRAIN | epoch=009/100 | batch=01050/01563 ( 67.18%) | lr=1.000e-03 | elapsed=0:06:21 | eta=0:03:06
    losses | total=2.8429e+00 | fourier=2.8429e+00 | amplitude=1.8046e-02 | phase=1.5408e-02 | support=3.6363e+00
2026-08-18 01:01:20 | INFO    | TRAIN | epoch=009/100 | batch=01100/01563 ( 70.38%) | lr=1.000e-03 | elapsed=0:06:39 | eta=0:02:48
    losses | total=2.8696e+00 | fourier=2.8696e+00 | amplitude=2.0606e-02 | phase=1.7088e-02 | support=3.5441e+00
2026-08-18 01:01:38 | INFO    | TRAIN | epoch=009/100 | batch=01150/01563 ( 73.58%) | lr=1.000e-03 | elapsed=0:06:57 | eta=0:02:30
    losses | total=3.3247e+00 | fourier=3.3247e+00 | amplitude=1.9671e-02 | phase=1.9811e-02 | support=3.3059e+00
2026-08-18 01:01:56 | INFO    | TRAIN | epoch=009/100 | batch=01200/01563 ( 76.78%) | lr=1.000e-03 | elapsed=0:07:16 | eta=0:02:11
    losses | total=3.2781e+00 | fourier=3.2781e+00 | amplitude=1.8877e-02 | phase=1.7503e-02 | support=3.6718e+00
2026-08-18 01:02:14 | INFO    | TRAIN | epoch=009/100 | batch=01250/01563 ( 79.97%) | lr=1.000e-03 | elapsed=0:07:34 | eta=0:01:53
    losses | total=3.0447e+00 | fourier=3.0447e+00 | amplitude=2.3305e-02 | phase=1.7260e-02 | support=3.6186e+00
2026-08-18 01:02:33 | INFO    | TRAIN | epoch=009/100 | batch=01300/01563 ( 83.17%) | lr=1.000e-03 | elapsed=0:07:52 | eta=0:01:35
    losses | total=2.8075e+00 | fourier=2.8075e+00 | amplitude=1.9685e-02 | phase=1.4090e-02 | support=3.5429e+00
2026-08-18 01:02:51 | INFO    | TRAIN | epoch=009/100 | batch=01350/01563 ( 86.37%) | lr=1.000e-03 | elapsed=0:08:10 | eta=0:01:17
    losses | total=2.9038e+00 | fourier=2.9038e+00 | amplitude=1.9184e-02 | phase=1.7633e-02 | support=3.2628e+00
2026-08-18 01:03:09 | INFO    | TRAIN | epoch=009/100 | batch=01400/01563 ( 89.57%) | lr=1.000e-03 | elapsed=0:08:28 | eta=0:00:59
    losses | total=2.7438e+00 | fourier=2.7438e+00 | amplitude=1.5550e-02 | phase=1.2179e-02 | support=3.3620e+00
2026-08-18 01:03:27 | INFO    | TRAIN | epoch=009/100 | batch=01450/01563 ( 92.77%) | lr=1.000e-03 | elapsed=0:08:46 | eta=0:00:41
    losses | total=2.9694e+00 | fourier=2.9694e+00 | amplitude=1.6998e-02 | phase=1.4769e-02 | support=3.3458e+00
2026-08-18 01:03:45 | INFO    | TRAIN | epoch=009/100 | batch=01500/01563 ( 95.97%) | lr=1.000e-03 | elapsed=0:09:05 | eta=0:00:22
    losses | total=3.0376e+00 | fourier=3.0376e+00 | amplitude=1.7984e-02 | phase=1.7714e-02 | support=3.4126e+00
2026-08-18 01:04:03 | INFO    | TRAIN | epoch=009/100 | batch=01550/01563 ( 99.17%) | lr=1.000e-03 | elapsed=0:09:23 | eta=0:00:04
    losses | total=2.8145e+00 | fourier=2.8145e+00 | amplitude=2.0069e-02 | phase=1.9409e-02 | support=3.3563e+00
2026-08-18 01:04:08 | INFO    | TRAIN | epoch=009/100 | batch=01563/01563 (100.00%) | lr=1.000e-03 | elapsed=0:09:27 | eta=0:00:00
    losses | total=2.8227e+00 | fourier=2.8227e+00 | amplitude=1.6672e-02 | phase=1.6525e-02 | support=2.8225e+00
2026-08-18 01:04:08 | INFO    | TRAIN epoch 009 complete | batches=1563 | samples=25000 | time=0:09:28
2026-08-18 01:04:14 | INFO    | VAL | epoch=009/100 | batch=00050/00313 ( 15.97%) | elapsed=0:00:05 | eta=0:00:28
    losses | total=4.2775e+00 | fourier=4.2775e+00 | amplitude=2.0012e-02 | phase=2.0594e-02 | support=3.4141e+00
2026-08-18 01:04:19 | INFO    | VAL | epoch=009/100 | batch=00100/00313 ( 31.95%) | elapsed=0:00:10 | eta=0:00:22
    losses | total=3.4130e+00 | fourier=3.4130e+00 | amplitude=2.0845e-02 | phase=1.5868e-02 | support=3.5628e+00
2026-08-18 01:04:24 | INFO    | VAL | epoch=009/100 | batch=00150/00313 ( 47.92%) | elapsed=0:00:15 | eta=0:00:17
    losses | total=3.8003e+00 | fourier=3.8003e+00 | amplitude=1.8665e-02 | phase=1.6674e-02 | support=3.2425e+00
2026-08-18 01:04:30 | INFO    | VAL | epoch=009/100 | batch=00200/00313 ( 63.90%) | elapsed=0:00:21 | eta=0:00:12
    losses | total=3.9239e+00 | fourier=3.9239e+00 | amplitude=1.9445e-02 | phase=1.5743e-02 | support=3.4773e+00
2026-08-18 01:04:35 | INFO    | VAL | epoch=009/100 | batch=00250/00313 ( 79.87%) | elapsed=0:00:26 | eta=0:00:06
    losses | total=3.7777e+00 | fourier=3.7777e+00 | amplitude=2.0740e-02 | phase=2.1368e-02 | support=3.2937e+00
2026-08-18 01:04:40 | INFO    | VAL | epoch=009/100 | batch=00300/00313 ( 95.85%) | elapsed=0:00:31 | eta=0:00:01
    losses | total=3.5968e+00 | fourier=3.5968e+00 | amplitude=2.1016e-02 | phase=2.0728e-02 | support=3.2840e+00
2026-08-18 01:04:42 | INFO    | VAL | epoch=009/100 | batch=00313/00313 (100.00%) | elapsed=0:00:33 | eta=0:00:00
    losses | total=3.9728e+00 | fourier=3.9728e+00 | amplitude=1.7718e-02 | phase=1.7187e-02 | support=3.0662e+00
2026-08-18 01:04:42 | INFO    | VAL epoch 009 complete | batches=313 | samples=5000 | time=0:00:33
2026-08-18 01:04:42 | INFO    | Cross-skip strengths | 8/phase_to_amp=+6.3951e-04 | 8/amp_to_phase=-1.7350e-02 | 16/phase_to_amp=-1.5327e-02 | 16/amp_to_phase=+5.8325e-02
2026-08-18 01:04:42 | INFO    | 
------------------------------------------------------------------------------------------------
Epoch 009/100 summary
split             total      fourier    amplitude        phase      support        time
train        2.9439e+00   2.9439e+00   1.9474e-02   1.7440e-02   3.4272e+00     0:09:28
validation   3.7208e+00   3.7208e+00   1.9588e-02   1.7802e-02   3.3950e+00     0:00:33
lr=1.000e-03 | best_val=3.6990e+00 | best_updated=no | periodic_checkpoint=no
------------------------------------------------------------------------------------------------
2026-08-18 01:05:00 | INFO    | TRAIN | epoch=010/100 | batch=00050/01563 (  3.20%) | lr=1.000e-03 | elapsed=0:00:18 | eta=0:09:14
    losses | total=2.8442e+00 | fourier=2.8442e+00 | amplitude=1.9219e-02 | phase=1.8460e-02 | support=3.2625e+00
2026-08-18 01:05:18 | INFO    | TRAIN | epoch=010/100 | batch=00100/01563 (  6.40%) | lr=1.000e-03 | elapsed=0:00:36 | eta=0:08:53
    losses | total=2.8220e+00 | fourier=2.8220e+00 | amplitude=1.7908e-02 | phase=1.7167e-02 | support=3.4360e+00
2026-08-18 01:05:36 | INFO    | TRAIN | epoch=010/100 | batch=00150/01563 (  9.60%) | lr=1.000e-03 | elapsed=0:00:54 | eta=0:08:34
    losses | total=2.9989e+00 | fourier=2.9989e+00 | amplitude=2.1055e-02 | phase=1.7306e-02 | support=3.5155e+00
2026-08-18 01:05:55 | INFO    | TRAIN | epoch=010/100 | batch=00200/01563 ( 12.80%) | lr=1.000e-03 | elapsed=0:01:12 | eta=0:08:16
    losses | total=2.8898e+00 | fourier=2.8898e+00 | amplitude=1.9278e-02 | phase=1.8089e-02 | support=3.6380e+00
2026-08-18 01:06:13 | INFO    | TRAIN | epoch=010/100 | batch=00250/01563 ( 15.99%) | lr=1.000e-03 | elapsed=0:01:30 | eta=0:07:57
    losses | total=3.0060e+00 | fourier=3.0060e+00 | amplitude=2.1871e-02 | phase=1.6458e-02 | support=3.3003e+00
2026-08-18 01:06:31 | INFO    | TRAIN | epoch=010/100 | batch=00300/01563 ( 19.19%) | lr=1.000e-03 | elapsed=0:01:49 | eta=0:07:39
    losses | total=2.7974e+00 | fourier=2.7974e+00 | amplitude=1.7158e-02 | phase=1.3585e-02 | support=3.1254e+00
2026-08-18 01:06:49 | INFO    | TRAIN | epoch=010/100 | batch=00350/01563 ( 22.39%) | lr=1.000e-03 | elapsed=0:02:07 | eta=0:07:21
    losses | total=2.7757e+00 | fourier=2.7757e+00 | amplitude=1.9753e-02 | phase=1.5142e-02 | support=3.8355e+00
2026-08-18 01:07:07 | INFO    | TRAIN | epoch=010/100 | batch=00400/01563 ( 25.59%) | lr=1.000e-03 | elapsed=0:02:25 | eta=0:07:02
    losses | total=2.8120e+00 | fourier=2.8120e+00 | amplitude=1.9198e-02 | phase=1.4173e-02 | support=3.3519e+00
2026-08-18 01:07:25 | INFO    | TRAIN | epoch=010/100 | batch=00450/01563 ( 28.79%) | lr=1.000e-03 | elapsed=0:02:43 | eta=0:06:44
    losses | total=2.9109e+00 | fourier=2.9109e+00 | amplitude=2.1548e-02 | phase=1.9096e-02 | support=3.3254e+00
2026-08-18 01:07:43 | INFO    | TRAIN | epoch=010/100 | batch=00500/01563 ( 31.99%) | lr=1.000e-03 | elapsed=0:03:01 | eta=0:06:26
    losses | total=3.1349e+00 | fourier=3.1349e+00 | amplitude=2.0784e-02 | phase=1.9531e-02 | support=3.0019e+00
2026-08-18 01:08:02 | INFO    | TRAIN | epoch=010/100 | batch=00550/01563 ( 35.19%) | lr=1.000e-03 | elapsed=0:03:19 | eta=0:06:08
    losses | total=2.8859e+00 | fourier=2.8859e+00 | amplitude=1.8412e-02 | phase=1.4442e-02 | support=3.1633e+00
2026-08-18 01:08:20 | INFO    | TRAIN | epoch=010/100 | batch=00600/01563 ( 38.39%) | lr=1.000e-03 | elapsed=0:03:38 | eta=0:05:49
    losses | total=3.0798e+00 | fourier=3.0798e+00 | amplitude=2.2376e-02 | phase=2.4823e-02 | support=4.0388e+00
2026-08-18 01:08:38 | INFO    | TRAIN | epoch=010/100 | batch=00650/01563 ( 41.59%) | lr=1.000e-03 | elapsed=0:03:56 | eta=0:05:31
    losses | total=3.0145e+00 | fourier=3.0145e+00 | amplitude=2.1447e-02 | phase=1.8486e-02 | support=3.8296e+00
2026-08-18 01:08:56 | INFO    | TRAIN | epoch=010/100 | batch=00700/01563 ( 44.79%) | lr=1.000e-03 | elapsed=0:04:14 | eta=0:05:13
    losses | total=3.0015e+00 | fourier=3.0015e+00 | amplitude=2.0255e-02 | phase=1.3875e-02 | support=3.3099e+00
2026-08-18 01:09:14 | INFO    | TRAIN | epoch=010/100 | batch=00750/01563 ( 47.98%) | lr=1.000e-03 | elapsed=0:04:32 | eta=0:04:55
    losses | total=2.8754e+00 | fourier=2.8754e+00 | amplitude=1.6734e-02 | phase=1.3634e-02 | support=3.1421e+00
2026-08-18 01:09:32 | INFO    | TRAIN | epoch=010/100 | batch=00800/01563 ( 51.18%) | lr=1.000e-03 | elapsed=0:04:50 | eta=0:04:37
    losses | total=2.9595e+00 | fourier=2.9595e+00 | amplitude=2.2420e-02 | phase=2.0741e-02 | support=3.3755e+00
2026-08-18 01:09:51 | INFO    | TRAIN | epoch=010/100 | batch=00850/01563 ( 54.38%) | lr=1.000e-03 | elapsed=0:05:08 | eta=0:04:19
    losses | total=3.2786e+00 | fourier=3.2786e+00 | amplitude=1.9160e-02 | phase=2.3715e-02 | support=2.9040e+00
2026-08-18 01:10:09 | INFO    | TRAIN | epoch=010/100 | batch=00900/01563 ( 57.58%) | lr=1.000e-03 | elapsed=0:05:27 | eta=0:04:00
    losses | total=3.1479e+00 | fourier=3.1479e+00 | amplitude=1.8577e-02 | phase=2.4770e-02 | support=2.9289e+00
2026-08-18 01:10:27 | INFO    | TRAIN | epoch=010/100 | batch=00950/01563 ( 60.78%) | lr=1.000e-03 | elapsed=0:05:45 | eta=0:03:42
    losses | total=2.8127e+00 | fourier=2.8127e+00 | amplitude=1.9355e-02 | phase=1.4114e-02 | support=4.0272e+00
2026-08-18 01:10:45 | INFO    | TRAIN | epoch=010/100 | batch=01000/01563 ( 63.98%) | lr=1.000e-03 | elapsed=0:06:03 | eta=0:03:24
    losses | total=2.8474e+00 | fourier=2.8474e+00 | amplitude=1.9056e-02 | phase=1.7615e-02 | support=3.5537e+00
2026-08-18 01:11:03 | INFO    | TRAIN | epoch=010/100 | batch=01050/01563 ( 67.18%) | lr=1.000e-03 | elapsed=0:06:21 | eta=0:03:06
    losses | total=3.0708e+00 | fourier=3.0708e+00 | amplitude=2.2025e-02 | phase=1.9585e-02 | support=3.5216e+00
2026-08-18 01:11:21 | INFO    | TRAIN | epoch=010/100 | batch=01100/01563 ( 70.38%) | lr=1.000e-03 | elapsed=0:06:39 | eta=0:02:48
    losses | total=3.1241e+00 | fourier=3.1241e+00 | amplitude=2.1972e-02 | phase=1.8638e-02 | support=3.5722e+00
2026-08-18 01:11:40 | INFO    | TRAIN | epoch=010/100 | batch=01150/01563 ( 73.58%) | lr=1.000e-03 | elapsed=0:06:57 | eta=0:02:30
    losses | total=2.9044e+00 | fourier=2.9044e+00 | amplitude=2.0254e-02 | phase=1.6048e-02 | support=3.4915e+00
2026-08-18 01:11:58 | INFO    | TRAIN | epoch=010/100 | batch=01200/01563 ( 76.78%) | lr=1.000e-03 | elapsed=0:07:16 | eta=0:02:11
    losses | total=3.0352e+00 | fourier=3.0352e+00 | amplitude=1.8568e-02 | phase=2.2830e-02 | support=3.0663e+00
2026-08-18 01:12:16 | INFO    | TRAIN | epoch=010/100 | batch=01250/01563 ( 79.97%) | lr=1.000e-03 | elapsed=0:07:34 | eta=0:01:53
    losses | total=3.0741e+00 | fourier=3.0741e+00 | amplitude=1.8867e-02 | phase=1.6863e-02 | support=3.1812e+00
2026-08-18 01:12:34 | INFO    | TRAIN | epoch=010/100 | batch=01300/01563 ( 83.17%) | lr=1.000e-03 | elapsed=0:07:52 | eta=0:01:35
    losses | total=3.2914e+00 | fourier=3.2914e+00 | amplitude=1.7451e-02 | phase=1.9920e-02 | support=3.0336e+00
2026-08-18 01:12:52 | INFO    | TRAIN | epoch=010/100 | batch=01350/01563 ( 86.37%) | lr=1.000e-03 | elapsed=0:08:10 | eta=0:01:17
    losses | total=2.9940e+00 | fourier=2.9940e+00 | amplitude=2.5829e-02 | phase=2.0280e-02 | support=3.6600e+00
2026-08-18 01:13:10 | INFO    | TRAIN | epoch=010/100 | batch=01400/01563 ( 89.57%) | lr=1.000e-03 | elapsed=0:08:28 | eta=0:00:59
    losses | total=2.8011e+00 | fourier=2.8011e+00 | amplitude=1.9229e-02 | phase=1.5304e-02 | support=3.6619e+00
2026-08-18 01:13:29 | INFO    | TRAIN | epoch=010/100 | batch=01450/01563 ( 92.77%) | lr=1.000e-03 | elapsed=0:08:46 | eta=0:00:41
    losses | total=2.7897e+00 | fourier=2.7897e+00 | amplitude=1.7690e-02 | phase=1.6327e-02 | support=3.7263e+00
2026-08-18 01:13:47 | INFO    | TRAIN | epoch=010/100 | batch=01500/01563 ( 95.97%) | lr=1.000e-03 | elapsed=0:09:04 | eta=0:00:22
    losses | total=3.0030e+00 | fourier=3.0030e+00 | amplitude=2.0074e-02 | phase=1.7770e-02 | support=3.8330e+00
2026-08-18 01:14:05 | INFO    | TRAIN | epoch=010/100 | batch=01550/01563 ( 99.17%) | lr=1.000e-03 | elapsed=0:09:23 | eta=0:00:04
    losses | total=3.0011e+00 | fourier=3.0011e+00 | amplitude=1.9362e-02 | phase=2.2271e-02 | support=3.2156e+00
2026-08-18 01:14:09 | INFO    | TRAIN | epoch=010/100 | batch=01563/01563 (100.00%) | lr=1.000e-03 | elapsed=0:09:27 | eta=0:00:00
    losses | total=2.8185e+00 | fourier=2.8185e+00 | amplitude=2.2076e-02 | phase=1.2495e-02 | support=3.6724e+00
2026-08-18 01:14:10 | INFO    | TRAIN epoch 010 complete | batches=1563 | samples=25000 | time=0:09:28
2026-08-18 01:14:15 | INFO    | VAL | epoch=010/100 | batch=00050/00313 ( 15.97%) | elapsed=0:00:05 | eta=0:00:28
    losses | total=4.2809e+00 | fourier=4.2809e+00 | amplitude=1.9888e-02 | phase=2.0483e-02 | support=3.4382e+00
2026-08-18 01:14:20 | INFO    | VAL | epoch=010/100 | batch=00100/00313 ( 31.95%) | elapsed=0:00:10 | eta=0:00:22
    losses | total=3.3995e+00 | fourier=3.3995e+00 | amplitude=2.0711e-02 | phase=1.5726e-02 | support=3.5866e+00
2026-08-18 01:14:26 | INFO    | VAL | epoch=010/100 | batch=00150/00313 ( 47.92%) | elapsed=0:00:15 | eta=0:00:17
    losses | total=3.7777e+00 | fourier=3.7777e+00 | amplitude=1.8563e-02 | phase=1.6597e-02 | support=3.2651e+00
2026-08-18 01:14:31 | INFO    | VAL | epoch=010/100 | batch=00200/00313 ( 63.90%) | elapsed=0:00:21 | eta=0:00:11
    losses | total=3.9299e+00 | fourier=3.9299e+00 | amplitude=1.9341e-02 | phase=1.5694e-02 | support=3.5158e+00
2026-08-18 01:14:36 | INFO    | VAL | epoch=010/100 | batch=00250/00313 ( 79.87%) | elapsed=0:00:26 | eta=0:00:06
    losses | total=3.7643e+00 | fourier=3.7643e+00 | amplitude=2.0582e-02 | phase=2.1233e-02 | support=3.3132e+00
2026-08-18 01:14:41 | INFO    | VAL | epoch=010/100 | batch=00300/00313 ( 95.85%) | elapsed=0:00:31 | eta=0:00:01
    losses | total=3.6038e+00 | fourier=3.6038e+00 | amplitude=2.0901e-02 | phase=2.0584e-02 | support=3.3090e+00
2026-08-18 01:14:43 | INFO    | VAL | epoch=010/100 | batch=00313/00313 (100.00%) | elapsed=0:00:32 | eta=0:00:00
    losses | total=3.9702e+00 | fourier=3.9702e+00 | amplitude=1.7582e-02 | phase=1.6827e-02 | support=3.0889e+00
2026-08-18 01:14:43 | INFO    | VAL epoch 010 complete | batches=313 | samples=5000 | time=0:00:32
2026-08-18 01:14:43 | INFO    | Cross-skip strengths | 8/phase_to_amp=+1.9539e-03 | 8/amp_to_phase=-1.9669e-02 | 16/phase_to_amp=-1.9089e-02 | 16/amp_to_phase=+6.2028e-02
2026-08-18 01:14:43 | INFO    | 
------------------------------------------------------------------------------------------------
Epoch 010/100 summary
split             total      fourier    amplitude        phase      support        time
train        2.9372e+00   2.9372e+00   1.9473e-02   1.7449e-02   3.4288e+00     0:09:28
validation   3.7152e+00   3.7152e+00   1.9456e-02   1.7660e-02   3.4189e+00     0:00:32
lr=5.000e-04 | best_val=3.6990e+00 | best_updated=no | periodic_checkpoint=yes
------------------------------------------------------------------------------------------------
2026-08-18 01:15:01 | INFO    | TRAIN | epoch=011/100 | batch=00050/01563 (  3.20%) | lr=5.000e-04 | elapsed=0:00:18 | eta=0:09:16
    losses | total=2.8071e+00 | fourier=2.8071e+00 | amplitude=1.8740e-02 | phase=1.5349e-02 | support=3.2882e+00
2026-08-18 01:15:20 | INFO    | TRAIN | epoch=011/100 | batch=00100/01563 (  6.40%) | lr=5.000e-04 | elapsed=0:00:36 | eta=0:08:54
    losses | total=2.9578e+00 | fourier=2.9578e+00 | amplitude=2.0045e-02 | phase=1.8923e-02 | support=3.1825e+00
2026-08-18 01:15:38 | INFO    | TRAIN | epoch=011/100 | batch=00150/01563 (  9.60%) | lr=5.000e-04 | elapsed=0:00:54 | eta=0:08:35
    losses | total=2.8855e+00 | fourier=2.8855e+00 | amplitude=1.8935e-02 | phase=1.7016e-02 | support=3.2322e+00
2026-08-18 01:15:56 | INFO    | TRAIN | epoch=011/100 | batch=00200/01563 ( 12.80%) | lr=5.000e-04 | elapsed=0:01:12 | eta=0:08:16
    losses | total=2.8432e+00 | fourier=2.8432e+00 | amplitude=1.7287e-02 | phase=1.6051e-02 | support=3.7835e+00
2026-08-18 01:16:14 | INFO    | TRAIN | epoch=011/100 | batch=00250/01563 ( 15.99%) | lr=5.000e-04 | elapsed=0:01:31 | eta=0:07:58
    losses | total=2.9313e+00 | fourier=2.9313e+00 | amplitude=1.8588e-02 | phase=1.7214e-02 | support=3.2914e+00
2026-08-18 01:16:32 | INFO    | TRAIN | epoch=011/100 | batch=00300/01563 ( 19.19%) | lr=5.000e-04 | elapsed=0:01:49 | eta=0:07:39
    losses | total=2.9634e+00 | fourier=2.9634e+00 | amplitude=2.0278e-02 | phase=1.8036e-02 | support=3.3709e+00
2026-08-18 01:16:50 | INFO    | TRAIN | epoch=011/100 | batch=00350/01563 ( 22.39%) | lr=5.000e-04 | elapsed=0:02:07 | eta=0:07:21
    losses | total=2.7149e+00 | fourier=2.7149e+00 | amplitude=1.7446e-02 | phase=1.4761e-02 | support=3.4004e+00
2026-08-18 01:17:09 | INFO    | TRAIN | epoch=011/100 | batch=00400/01563 ( 25.59%) | lr=5.000e-04 | elapsed=0:02:25 | eta=0:07:03
    losses | total=3.2224e+00 | fourier=3.2224e+00 | amplitude=2.3957e-02 | phase=2.4682e-02 | support=3.3498e+00
2026-08-18 01:17:27 | INFO    | TRAIN | epoch=011/100 | batch=00450/01563 ( 28.79%) | lr=5.000e-04 | elapsed=0:02:43 | eta=0:06:44
    losses | total=2.8256e+00 | fourier=2.8256e+00 | amplitude=1.8369e-02 | phase=1.5058e-02 | support=3.2609e+00
2026-08-18 01:17:45 | INFO    | TRAIN | epoch=011/100 | batch=00500/01563 ( 31.99%) | lr=5.000e-04 | elapsed=0:03:01 | eta=0:06:26
    losses | total=2.7317e+00 | fourier=2.7317e+00 | amplitude=1.5858e-02 | phase=1.3391e-02 | support=3.5043e+00
2026-08-18 01:18:03 | INFO    | TRAIN | epoch=011/100 | batch=00550/01563 ( 35.19%) | lr=5.000e-04 | elapsed=0:03:19 | eta=0:06:08
    losses | total=3.4495e+00 | fourier=3.4495e+00 | amplitude=2.0639e-02 | phase=2.6291e-02 | support=3.1967e+00
2026-08-18 01:18:21 | INFO    | TRAIN | epoch=011/100 | batch=00600/01563 ( 38.39%) | lr=5.000e-04 | elapsed=0:03:38 | eta=0:05:49
    losses | total=3.0220e+00 | fourier=3.0220e+00 | amplitude=2.0426e-02 | phase=1.9412e-02 | support=3.2341e+00
2026-08-18 01:18:39 | INFO    | TRAIN | epoch=011/100 | batch=00650/01563 ( 41.59%) | lr=5.000e-04 | elapsed=0:03:56 | eta=0:05:31
    losses | total=2.9119e+00 | fourier=2.9119e+00 | amplitude=1.8367e-02 | phase=1.5867e-02 | support=3.1865e+00
2026-08-18 01:18:57 | INFO    | TRAIN | epoch=011/100 | batch=00700/01563 ( 44.79%) | lr=5.000e-04 | elapsed=0:04:14 | eta=0:05:13
    losses | total=2.8540e+00 | fourier=2.8540e+00 | amplitude=2.0816e-02 | phase=1.5149e-02 | support=3.5056e+00
2026-08-18 01:19:16 | INFO    | TRAIN | epoch=011/100 | batch=00750/01563 ( 47.98%) | lr=5.000e-04 | elapsed=0:04:32 | eta=0:04:55
    losses | total=3.0857e+00 | fourier=3.0857e+00 | amplitude=1.9992e-02 | phase=1.6128e-02 | support=3.4305e+00
2026-08-18 01:19:34 | INFO    | TRAIN | epoch=011/100 | batch=00800/01563 ( 51.18%) | lr=5.000e-04 | elapsed=0:04:50 | eta=0:04:37
    losses | total=2.9200e+00 | fourier=2.9200e+00 | amplitude=2.3707e-02 | phase=1.6619e-02 | support=3.5787e+00
2026-08-18 01:19:52 | INFO    | TRAIN | epoch=011/100 | batch=00850/01563 ( 54.38%) | lr=5.000e-04 | elapsed=0:05:08 | eta=0:04:19
    losses | total=2.7608e+00 | fourier=2.7608e+00 | amplitude=1.9386e-02 | phase=1.3081e-02 | support=3.5600e+00
2026-08-18 01:20:10 | INFO    | TRAIN | epoch=011/100 | batch=00900/01563 ( 57.58%) | lr=5.000e-04 | elapsed=0:05:26 | eta=0:04:00
    losses | total=2.9298e+00 | fourier=2.9298e+00 | amplitude=1.8715e-02 | phase=1.6030e-02 | support=3.5058e+00
2026-08-18 01:20:28 | INFO    | TRAIN | epoch=011/100 | batch=00950/01563 ( 60.78%) | lr=5.000e-04 | elapsed=0:05:45 | eta=0:03:42
    losses | total=2.9476e+00 | fourier=2.9476e+00 | amplitude=2.0914e-02 | phase=1.9372e-02 | support=3.7631e+00
2026-08-18 01:20:46 | INFO    | TRAIN | epoch=011/100 | batch=01000/01563 ( 63.98%) | lr=5.000e-04 | elapsed=0:06:03 | eta=0:03:24
    losses | total=2.8300e+00 | fourier=2.8300e+00 | amplitude=1.6890e-02 | phase=1.4674e-02 | support=3.8374e+00
2026-08-18 01:21:05 | INFO    | TRAIN | epoch=011/100 | batch=01050/01563 ( 67.18%) | lr=5.000e-04 | elapsed=0:06:21 | eta=0:03:06
    losses | total=2.8755e+00 | fourier=2.8755e+00 | amplitude=2.0660e-02 | phase=1.6698e-02 | support=3.5850e+00
2026-08-18 01:21:23 | INFO    | TRAIN | epoch=011/100 | batch=01100/01563 ( 70.38%) | lr=5.000e-04 | elapsed=0:06:39 | eta=0:02:48
    losses | total=3.0295e+00 | fourier=3.0295e+00 | amplitude=2.4450e-02 | phase=2.4392e-02 | support=3.5886e+00
2026-08-18 01:21:41 | INFO    | TRAIN | epoch=011/100 | batch=01150/01563 ( 73.58%) | lr=5.000e-04 | elapsed=0:06:57 | eta=0:02:30
    losses | total=2.9289e+00 | fourier=2.9289e+00 | amplitude=1.9668e-02 | phase=1.9735e-02 | support=3.2802e+00
2026-08-18 01:21:59 | INFO    | TRAIN | epoch=011/100 | batch=01200/01563 ( 76.78%) | lr=5.000e-04 | elapsed=0:07:15 | eta=0:02:11
    losses | total=2.9237e+00 | fourier=2.9237e+00 | amplitude=1.8730e-02 | phase=1.4875e-02 | support=3.3818e+00
2026-08-18 01:22:17 | INFO    | TRAIN | epoch=011/100 | batch=01250/01563 ( 79.97%) | lr=5.000e-04 | elapsed=0:07:34 | eta=0:01:53
    losses | total=2.9685e+00 | fourier=2.9685e+00 | amplitude=1.9181e-02 | phase=1.9049e-02 | support=3.2775e+00
2026-08-18 01:22:35 | INFO    | TRAIN | epoch=011/100 | batch=01300/01563 ( 83.17%) | lr=5.000e-04 | elapsed=0:07:52 | eta=0:01:35
    losses | total=2.8958e+00 | fourier=2.8958e+00 | amplitude=1.9469e-02 | phase=1.7389e-02 | support=3.3969e+00
2026-08-18 01:22:54 | INFO    | TRAIN | epoch=011/100 | batch=01350/01563 ( 86.37%) | lr=5.000e-04 | elapsed=0:08:10 | eta=0:01:17
    losses | total=2.9452e+00 | fourier=2.9452e+00 | amplitude=1.8554e-02 | phase=1.4601e-02 | support=3.8786e+00
2026-08-18 01:23:12 | INFO    | TRAIN | epoch=011/100 | batch=01400/01563 ( 89.57%) | lr=5.000e-04 | elapsed=0:08:28 | eta=0:00:59
    losses | total=2.8365e+00 | fourier=2.8365e+00 | amplitude=2.0584e-02 | phase=1.8848e-02 | support=3.3766e+00
2026-08-18 01:23:30 | INFO    | TRAIN | epoch=011/100 | batch=01450/01563 ( 92.77%) | lr=5.000e-04 | elapsed=0:08:46 | eta=0:00:41
    losses | total=3.0234e+00 | fourier=3.0234e+00 | amplitude=1.8046e-02 | phase=1.6330e-02 | support=3.1672e+00
2026-08-18 01:23:48 | INFO    | TRAIN | epoch=011/100 | batch=01500/01563 ( 95.97%) | lr=5.000e-04 | elapsed=0:09:04 | eta=0:00:22
    losses | total=2.6807e+00 | fourier=2.6807e+00 | amplitude=1.9116e-02 | phase=1.4453e-02 | support=3.3337e+00
2026-08-18 01:24:06 | INFO    | TRAIN | epoch=011/100 | batch=01550/01563 ( 99.17%) | lr=5.000e-04 | elapsed=0:09:23 | eta=0:00:04
    losses | total=2.8335e+00 | fourier=2.8335e+00 | amplitude=2.0711e-02 | phase=1.6423e-02 | support=3.7241e+00
2026-08-18 01:24:11 | INFO    | TRAIN | epoch=011/100 | batch=01563/01563 (100.00%) | lr=5.000e-04 | elapsed=0:09:27 | eta=0:00:00
    losses | total=2.6530e+00 | fourier=2.6530e+00 | amplitude=1.8591e-02 | phase=1.2414e-02 | support=3.3785e+00
2026-08-18 01:24:11 | INFO    | TRAIN epoch 011 complete | batches=1563 | samples=25000 | time=0:09:28
2026-08-18 01:24:16 | INFO    | VAL | epoch=011/100 | batch=00050/00313 ( 15.97%) | elapsed=0:00:05 | eta=0:00:28
    losses | total=4.2768e+00 | fourier=4.2768e+00 | amplitude=1.9900e-02 | phase=2.0427e-02 | support=3.4433e+00
2026-08-18 01:24:22 | INFO    | VAL | epoch=011/100 | batch=00100/00313 ( 31.95%) | elapsed=0:00:10 | eta=0:00:22
    losses | total=3.3952e+00 | fourier=3.3952e+00 | amplitude=2.0742e-02 | phase=1.5828e-02 | support=3.5981e+00
2026-08-18 01:24:27 | INFO    | VAL | epoch=011/100 | batch=00150/00313 ( 47.92%) | elapsed=0:00:15 | eta=0:00:17
    losses | total=3.7710e+00 | fourier=3.7710e+00 | amplitude=1.8564e-02 | phase=1.6396e-02 | support=3.2738e+00
2026-08-18 01:24:32 | INFO    | VAL | epoch=011/100 | batch=00200/00313 ( 63.90%) | elapsed=0:00:21 | eta=0:00:11
    losses | total=3.9168e+00 | fourier=3.9168e+00 | amplitude=1.9348e-02 | phase=1.5636e-02 | support=3.5246e+00
2026-08-18 01:24:37 | INFO    | VAL | epoch=011/100 | batch=00250/00313 ( 79.87%) | elapsed=0:00:26 | eta=0:00:06
    losses | total=3.7584e+00 | fourier=3.7584e+00 | amplitude=2.0597e-02 | phase=2.1256e-02 | support=3.3203e+00
2026-08-18 01:24:43 | INFO    | VAL | epoch=011/100 | batch=00300/00313 ( 95.85%) | elapsed=0:00:31 | eta=0:00:01
    losses | total=3.5922e+00 | fourier=3.5922e+00 | amplitude=2.0892e-02 | phase=2.0617e-02 | support=3.3124e+00
2026-08-18 01:24:44 | INFO    | VAL | epoch=011/100 | batch=00313/00313 (100.00%) | elapsed=0:00:32 | eta=0:00:00
    losses | total=3.9686e+00 | fourier=3.9686e+00 | amplitude=1.7621e-02 | phase=1.7093e-02 | support=3.0927e+00
2026-08-18 01:24:44 | INFO    | VAL epoch 011 complete | batches=313 | samples=5000 | time=0:00:32
2026-08-18 01:24:44 | INFO    | Cross-skip strengths | 8/phase_to_amp=+1.7792e-03 | 8/amp_to_phase=-2.1062e-02 | 16/phase_to_amp=-1.4758e-02 | 16/amp_to_phase=+6.4938e-02
2026-08-18 01:24:44 | INFO    | 
------------------------------------------------------------------------------------------------
Epoch 011/100 summary
split             total      fourier    amplitude        phase      support        time
train        2.9087e+00   2.9087e+00   1.9472e-02   1.7423e-02   3.4408e+00     0:09:28
validation   3.7082e+00   3.7082e+00   1.9475e-02   1.7704e-02   3.4266e+00     0:00:32
lr=5.000e-04 | best_val=3.6990e+00 | best_updated=no | periodic_checkpoint=no
------------------------------------------------------------------------------------------------
2026-08-18 01:25:03 | INFO    | TRAIN | epoch=012/100 | batch=00050/01563 (  3.20%) | lr=5.000e-04 | elapsed=0:00:18 | eta=0:09:16
    losses | total=2.9213e+00 | fourier=2.9213e+00 | amplitude=1.8632e-02 | phase=1.8738e-02 | support=3.4479e+00
2026-08-18 01:25:21 | INFO    | TRAIN | epoch=012/100 | batch=00100/01563 (  6.40%) | lr=5.000e-04 | elapsed=0:00:36 | eta=0:08:54
    losses | total=3.0232e+00 | fourier=3.0232e+00 | amplitude=1.7377e-02 | phase=2.0401e-02 | support=3.1652e+00
2026-08-18 01:25:39 | INFO    | TRAIN | epoch=012/100 | batch=00150/01563 (  9.60%) | lr=5.000e-04 | elapsed=0:00:54 | eta=0:08:35
    losses | total=3.0130e+00 | fourier=3.0130e+00 | amplitude=1.8430e-02 | phase=1.8021e-02 | support=3.2780e+00
2026-08-18 01:25:57 | INFO    | TRAIN | epoch=012/100 | batch=00200/01563 ( 12.80%) | lr=5.000e-04 | elapsed=0:01:12 | eta=0:08:16
    losses | total=2.8734e+00 | fourier=2.8734e+00 | amplitude=1.9249e-02 | phase=1.4486e-02 | support=3.4052e+00
2026-08-18 01:26:15 | INFO    | TRAIN | epoch=012/100 | batch=00250/01563 ( 15.99%) | lr=5.000e-04 | elapsed=0:01:31 | eta=0:07:58
    losses | total=2.7670e+00 | fourier=2.7670e+00 | amplitude=1.8717e-02 | phase=1.8917e-02 | support=3.5271e+00
2026-08-18 01:26:33 | INFO    | TRAIN | epoch=012/100 | batch=00300/01563 ( 19.19%) | lr=5.000e-04 | elapsed=0:01:49 | eta=0:07:39
    losses | total=2.7994e+00 | fourier=2.7994e+00 | amplitude=1.7448e-02 | phase=1.7849e-02 | support=3.6113e+00
2026-08-18 01:26:51 | INFO    | TRAIN | epoch=012/100 | batch=00350/01563 ( 22.39%) | lr=5.000e-04 | elapsed=0:02:07 | eta=0:07:21
    losses | total=2.7900e+00 | fourier=2.7900e+00 | amplitude=1.9006e-02 | phase=1.5720e-02 | support=3.3344e+00
2026-08-18 01:27:10 | INFO    | TRAIN | epoch=012/100 | batch=00400/01563 ( 25.59%) | lr=5.000e-04 | elapsed=0:02:25 | eta=0:07:03
    losses | total=3.0545e+00 | fourier=3.0545e+00 | amplitude=2.0522e-02 | phase=1.3588e-02 | support=3.1084e+00
2026-08-18 01:27:28 | INFO    | TRAIN | epoch=012/100 | batch=00450/01563 ( 28.79%) | lr=5.000e-04 | elapsed=0:02:43 | eta=0:06:44
    losses | total=2.6512e+00 | fourier=2.6512e+00 | amplitude=1.4698e-02 | phase=1.3199e-02 | support=3.3512e+00
2026-08-18 01:27:46 | INFO    | TRAIN | epoch=012/100 | batch=00500/01563 ( 31.99%) | lr=5.000e-04 | elapsed=0:03:01 | eta=0:06:26
    losses | total=3.3022e+00 | fourier=3.3022e+00 | amplitude=1.9563e-02 | phase=1.9787e-02 | support=3.2483e+00
2026-08-18 01:28:04 | INFO    | TRAIN | epoch=012/100 | batch=00550/01563 ( 35.19%) | lr=5.000e-04 | elapsed=0:03:20 | eta=0:06:08
    losses | total=2.8283e+00 | fourier=2.8283e+00 | amplitude=1.8080e-02 | phase=1.6588e-02 | support=3.6008e+00
2026-08-18 01:28:22 | INFO    | TRAIN | epoch=012/100 | batch=00600/01563 ( 38.39%) | lr=5.000e-04 | elapsed=0:03:38 | eta=0:05:50
    losses | total=2.9802e+00 | fourier=2.9802e+00 | amplitude=2.1019e-02 | phase=1.8811e-02 | support=3.6178e+00
2026-08-18 01:28:40 | INFO    | TRAIN | epoch=012/100 | batch=00650/01563 ( 41.59%) | lr=5.000e-04 | elapsed=0:03:56 | eta=0:05:32
    losses | total=2.7767e+00 | fourier=2.7767e+00 | amplitude=2.0318e-02 | phase=1.2737e-02 | support=3.7953e+00
2026-08-18 01:28:59 | INFO    | TRAIN | epoch=012/100 | batch=00700/01563 ( 44.79%) | lr=5.000e-04 | elapsed=0:04:14 | eta=0:05:13
    losses | total=2.9545e+00 | fourier=2.9545e+00 | amplitude=2.3190e-02 | phase=1.9617e-02 | support=3.4755e+00
2026-08-18 01:29:17 | INFO    | TRAIN | epoch=012/100 | batch=00750/01563 ( 47.98%) | lr=5.000e-04 | elapsed=0:04:32 | eta=0:04:55
    losses | total=2.8435e+00 | fourier=2.8435e+00 | amplitude=1.5771e-02 | phase=1.3903e-02 | support=3.9433e+00
2026-08-18 01:29:35 | INFO    | TRAIN | epoch=012/100 | batch=00800/01563 ( 51.18%) | lr=5.000e-04 | elapsed=0:04:50 | eta=0:04:37
    losses | total=2.8161e+00 | fourier=2.8161e+00 | amplitude=1.8632e-02 | phase=1.4445e-02 | support=4.0893e+00
2026-08-18 01:29:53 | INFO    | TRAIN | epoch=012/100 | batch=00850/01563 ( 54.38%) | lr=5.000e-04 | elapsed=0:05:09 | eta=0:04:19
    losses | total=2.9364e+00 | fourier=2.9364e+00 | amplitude=1.9555e-02 | phase=1.7335e-02 | support=3.3863e+00
2026-08-18 01:30:11 | INFO    | TRAIN | epoch=012/100 | batch=00900/01563 ( 57.58%) | lr=5.000e-04 | elapsed=0:05:27 | eta=0:04:01
    losses | total=2.7384e+00 | fourier=2.7384e+00 | amplitude=1.7423e-02 | phase=1.5875e-02 | support=3.5015e+00
2026-08-18 01:30:29 | INFO    | TRAIN | epoch=012/100 | batch=00950/01563 ( 60.78%) | lr=5.000e-04 | elapsed=0:05:45 | eta=0:03:42
    losses | total=2.7325e+00 | fourier=2.7325e+00 | amplitude=1.7000e-02 | phase=1.4655e-02 | support=3.1697e+00
2026-08-18 01:30:48 | INFO    | TRAIN | epoch=012/100 | batch=01000/01563 ( 63.98%) | lr=5.000e-04 | elapsed=0:06:03 | eta=0:03:24
    losses | total=2.9921e+00 | fourier=2.9921e+00 | amplitude=2.0588e-02 | phase=1.7812e-02 | support=3.6069e+00
2026-08-18 01:31:06 | INFO    | TRAIN | epoch=012/100 | batch=01050/01563 ( 67.18%) | lr=5.000e-04 | elapsed=0:06:21 | eta=0:03:06
    losses | total=2.9803e+00 | fourier=2.9803e+00 | amplitude=2.0832e-02 | phase=1.7348e-02 | support=3.7593e+00
2026-08-18 01:31:24 | INFO    | TRAIN | epoch=012/100 | batch=01100/01563 ( 70.38%) | lr=5.000e-04 | elapsed=0:06:39 | eta=0:02:48
    losses | total=2.9118e+00 | fourier=2.9118e+00 | amplitude=1.7589e-02 | phase=1.2463e-02 | support=3.3017e+00
2026-08-18 01:31:42 | INFO    | TRAIN | epoch=012/100 | batch=01150/01563 ( 73.58%) | lr=5.000e-04 | elapsed=0:06:57 | eta=0:02:30
    losses | total=2.9010e+00 | fourier=2.9010e+00 | amplitude=2.1908e-02 | phase=2.0528e-02 | support=3.5471e+00
2026-08-18 01:32:00 | INFO    | TRAIN | epoch=012/100 | batch=01200/01563 ( 76.78%) | lr=5.000e-04 | elapsed=0:07:16 | eta=0:02:11
    losses | total=3.1019e+00 | fourier=3.1019e+00 | amplitude=1.8732e-02 | phase=1.8263e-02 | support=2.7645e+00
2026-08-18 01:32:18 | INFO    | TRAIN | epoch=012/100 | batch=01250/01563 ( 79.97%) | lr=5.000e-04 | elapsed=0:07:34 | eta=0:01:53
    losses | total=3.0869e+00 | fourier=3.0869e+00 | amplitude=1.8040e-02 | phase=1.6902e-02 | support=3.3618e+00
2026-08-18 01:32:36 | INFO    | TRAIN | epoch=012/100 | batch=01300/01563 ( 83.17%) | lr=5.000e-04 | elapsed=0:07:52 | eta=0:01:35
    losses | total=2.9739e+00 | fourier=2.9739e+00 | amplitude=2.0098e-02 | phase=1.9189e-02 | support=3.4609e+00
2026-08-18 01:32:55 | INFO    | TRAIN | epoch=012/100 | batch=01350/01563 ( 86.37%) | lr=5.000e-04 | elapsed=0:08:10 | eta=0:01:17
    losses | total=2.8628e+00 | fourier=2.8628e+00 | amplitude=1.8970e-02 | phase=1.7422e-02 | support=3.5604e+00
2026-08-18 01:33:13 | INFO    | TRAIN | epoch=012/100 | batch=01400/01563 ( 89.57%) | lr=5.000e-04 | elapsed=0:08:28 | eta=0:00:59
    losses | total=3.0440e+00 | fourier=3.0440e+00 | amplitude=2.1633e-02 | phase=1.5874e-02 | support=3.3312e+00
2026-08-18 01:33:31 | INFO    | TRAIN | epoch=012/100 | batch=01450/01563 ( 92.77%) | lr=5.000e-04 | elapsed=0:08:46 | eta=0:00:41
    losses | total=2.8167e+00 | fourier=2.8167e+00 | amplitude=1.9461e-02 | phase=1.8092e-02 | support=3.4731e+00
2026-08-18 01:33:49 | INFO    | TRAIN | epoch=012/100 | batch=01500/01563 ( 95.97%) | lr=5.000e-04 | elapsed=0:09:04 | eta=0:00:22
    losses | total=2.8522e+00 | fourier=2.8522e+00 | amplitude=2.1821e-02 | phase=1.9400e-02 | support=3.5568e+00
2026-08-18 01:34:07 | INFO    | TRAIN | epoch=012/100 | batch=01550/01563 ( 99.17%) | lr=5.000e-04 | elapsed=0:09:23 | eta=0:00:04
    losses | total=2.7502e+00 | fourier=2.7502e+00 | amplitude=2.0205e-02 | phase=1.5395e-02 | support=3.6548e+00
2026-08-18 01:34:12 | INFO    | TRAIN | epoch=012/100 | batch=01563/01563 (100.00%) | lr=5.000e-04 | elapsed=0:09:27 | eta=0:00:00
    losses | total=2.7868e+00 | fourier=2.7868e+00 | amplitude=1.9215e-02 | phase=1.2972e-02 | support=3.4436e+00
2026-08-18 01:34:12 | INFO    | TRAIN epoch 012 complete | batches=1563 | samples=25000 | time=0:09:27
2026-08-18 01:34:17 | INFO    | VAL | epoch=012/100 | batch=00050/00313 ( 15.97%) | elapsed=0:00:05 | eta=0:00:28
    losses | total=4.2803e+00 | fourier=4.2803e+00 | amplitude=2.0099e-02 | phase=2.0306e-02 | support=3.4469e+00
2026-08-18 01:34:23 | INFO    | VAL | epoch=012/100 | batch=00100/00313 ( 31.95%) | elapsed=0:00:10 | eta=0:00:22
    losses | total=3.4033e+00 | fourier=3.4033e+00 | amplitude=2.0913e-02 | phase=1.5613e-02 | support=3.5979e+00
2026-08-18 01:34:28 | INFO    | VAL | epoch=012/100 | batch=00150/00313 ( 47.92%) | elapsed=0:00:15 | eta=0:00:17
    losses | total=3.7926e+00 | fourier=3.7926e+00 | amplitude=1.8694e-02 | phase=1.6385e-02 | support=3.2742e+00
2026-08-18 01:34:33 | INFO    | VAL | epoch=012/100 | batch=00200/00313 ( 63.90%) | elapsed=0:00:21 | eta=0:00:11
    losses | total=3.9136e+00 | fourier=3.9136e+00 | amplitude=1.9501e-02 | phase=1.5565e-02 | support=3.5285e+00
2026-08-18 01:34:38 | INFO    | VAL | epoch=012/100 | batch=00250/00313 ( 79.87%) | elapsed=0:00:26 | eta=0:00:06
    losses | total=3.7728e+00 | fourier=3.7728e+00 | amplitude=2.0774e-02 | phase=2.1106e-02 | support=3.3216e+00
2026-08-18 01:34:44 | INFO    | VAL | epoch=012/100 | batch=00300/00313 ( 95.85%) | elapsed=0:00:31 | eta=0:00:01
    losses | total=3.5966e+00 | fourier=3.5966e+00 | amplitude=2.1101e-02 | phase=2.0461e-02 | support=3.3117e+00
2026-08-18 01:34:45 | INFO    | VAL | epoch=012/100 | batch=00313/00313 (100.00%) | elapsed=0:00:32 | eta=0:00:00
    losses | total=3.9859e+00 | fourier=3.9859e+00 | amplitude=1.7781e-02 | phase=1.6979e-02 | support=3.0994e+00
2026-08-18 01:34:45 | INFO    | VAL epoch 012 complete | batches=313 | samples=5000 | time=0:00:32
2026-08-18 01:34:45 | INFO    | Cross-skip strengths | 8/phase_to_amp=-1.4136e-04 | 8/amp_to_phase=-2.3480e-02 | 16/phase_to_amp=-1.5235e-02 | 16/amp_to_phase=+6.6819e-02
2026-08-18 01:34:45 | INFO    | 
------------------------------------------------------------------------------------------------
Epoch 012/100 summary
split             total      fourier    amplitude        phase      support        time
train        2.9067e+00   2.9067e+00   1.9471e-02   1.7427e-02   3.4477e+00     0:09:27
validation   3.7148e+00   3.7148e+00   1.9634e-02   1.7551e-02   3.4279e+00     0:00:32
lr=5.000e-04 | best_val=3.6990e+00 | best_updated=no | periodic_checkpoint=no
------------------------------------------------------------------------------------------------
2026-08-18 01:35:04 | INFO    | TRAIN | epoch=013/100 | batch=00050/01563 (  3.20%) | lr=5.000e-04 | elapsed=0:00:18 | eta=0:09:13
    losses | total=2.6255e+00 | fourier=2.6255e+00 | amplitude=1.7463e-02 | phase=1.0608e-02 | support=3.4704e+00
2026-08-18 01:35:22 | INFO    | TRAIN | epoch=013/100 | batch=00100/01563 (  6.40%) | lr=5.000e-04 | elapsed=0:00:36 | eta=0:08:53
    losses | total=2.8523e+00 | fourier=2.8523e+00 | amplitude=1.9134e-02 | phase=1.7926e-02 | support=3.4118e+00
2026-08-18 01:35:40 | INFO    | TRAIN | epoch=013/100 | batch=00150/01563 (  9.60%) | lr=5.000e-04 | elapsed=0:00:54 | eta=0:08:34
    losses | total=2.7468e+00 | fourier=2.7468e+00 | amplitude=1.7094e-02 | phase=1.6110e-02 | support=3.1478e+00
2026-08-18 01:35:58 | INFO    | TRAIN | epoch=013/100 | batch=00200/01563 ( 12.80%) | lr=5.000e-04 | elapsed=0:01:12 | eta=0:08:15
    losses | total=2.9547e+00 | fourier=2.9547e+00 | amplitude=1.8158e-02 | phase=1.8784e-02 | support=2.9563e+00
2026-08-18 01:36:16 | INFO    | TRAIN | epoch=013/100 | batch=00250/01563 ( 15.99%) | lr=5.000e-04 | elapsed=0:01:30 | eta=0:07:57
    losses | total=2.8965e+00 | fourier=2.8965e+00 | amplitude=1.9336e-02 | phase=1.6865e-02 | support=3.2721e+00
2026-08-18 01:36:34 | INFO    | TRAIN | epoch=013/100 | batch=00300/01563 ( 19.19%) | lr=5.000e-04 | elapsed=0:01:49 | eta=0:07:38
    losses | total=2.8637e+00 | fourier=2.8637e+00 | amplitude=1.9819e-02 | phase=1.9602e-02 | support=3.7114e+00
2026-08-18 01:36:52 | INFO    | TRAIN | epoch=013/100 | batch=00350/01563 ( 22.39%) | lr=5.000e-04 | elapsed=0:02:07 | eta=0:07:20
    losses | total=2.6507e+00 | fourier=2.6507e+00 | amplitude=2.0954e-02 | phase=1.5915e-02 | support=3.5127e+00
2026-08-18 01:37:11 | INFO    | TRAIN | epoch=013/100 | batch=00400/01563 ( 25.59%) | lr=5.000e-04 | elapsed=0:02:25 | eta=0:07:02
    losses | total=2.8277e+00 | fourier=2.8277e+00 | amplitude=1.7498e-02 | phase=2.0139e-02 | support=2.9490e+00
2026-08-18 01:37:29 | INFO    | TRAIN | epoch=013/100 | batch=00450/01563 ( 28.79%) | lr=5.000e-04 | elapsed=0:02:43 | eta=0:06:44
    losses | total=2.9993e+00 | fourier=2.9993e+00 | amplitude=1.9108e-02 | phase=1.3775e-02 | support=3.3705e+00
2026-08-18 01:37:47 | INFO    | TRAIN | epoch=013/100 | batch=00500/01563 ( 31.99%) | lr=5.000e-04 | elapsed=0:03:01 | eta=0:06:26
    losses | total=2.7622e+00 | fourier=2.7622e+00 | amplitude=2.0889e-02 | phase=1.8146e-02 | support=3.7121e+00
2026-08-18 01:38:05 | INFO    | TRAIN | epoch=013/100 | batch=00550/01563 ( 35.19%) | lr=5.000e-04 | elapsed=0:03:19 | eta=0:06:07
    losses | total=2.7835e+00 | fourier=2.7835e+00 | amplitude=2.1040e-02 | phase=1.6677e-02 | support=3.9314e+00
2026-08-18 01:38:23 | INFO    | TRAIN | epoch=013/100 | batch=00600/01563 ( 38.39%) | lr=5.000e-04 | elapsed=0:03:37 | eta=0:05:49
    losses | total=3.3490e+00 | fourier=3.3490e+00 | amplitude=1.9146e-02 | phase=2.7846e-02 | support=3.0393e+00
2026-08-18 01:38:41 | INFO    | TRAIN | epoch=013/100 | batch=00650/01563 ( 41.59%) | lr=5.000e-04 | elapsed=0:03:55 | eta=0:05:31
    losses | total=3.1101e+00 | fourier=3.1101e+00 | amplitude=2.1818e-02 | phase=1.9668e-02 | support=3.6035e+00
2026-08-18 01:38:59 | INFO    | TRAIN | epoch=013/100 | batch=00700/01563 ( 44.79%) | lr=5.000e-04 | elapsed=0:04:14 | eta=0:05:13
    losses | total=2.9247e+00 | fourier=2.9247e+00 | amplitude=1.7650e-02 | phase=1.3473e-02 | support=3.6778e+00
2026-08-18 01:39:17 | INFO    | TRAIN | epoch=013/100 | batch=00750/01563 ( 47.98%) | lr=5.000e-04 | elapsed=0:04:32 | eta=0:04:55
    losses | total=2.8005e+00 | fourier=2.8005e+00 | amplitude=1.9611e-02 | phase=1.6282e-02 | support=3.4091e+00
2026-08-18 01:39:36 | INFO    | TRAIN | epoch=013/100 | batch=00800/01563 ( 51.18%) | lr=5.000e-04 | elapsed=0:04:50 | eta=0:04:36
    losses | total=2.7375e+00 | fourier=2.7375e+00 | amplitude=2.0144e-02 | phase=1.3707e-02 | support=3.3015e+00
2026-08-18 01:39:54 | INFO    | TRAIN | epoch=013/100 | batch=00850/01563 ( 54.38%) | lr=5.000e-04 | elapsed=0:05:08 | eta=0:04:18
    losses | total=2.8249e+00 | fourier=2.8249e+00 | amplitude=1.5945e-02 | phase=1.6675e-02 | support=3.7360e+00
2026-08-18 01:40:12 | INFO    | TRAIN | epoch=013/100 | batch=00900/01563 ( 57.58%) | lr=5.000e-04 | elapsed=0:05:26 | eta=0:04:00
    losses | total=2.9904e+00 | fourier=2.9904e+00 | amplitude=1.8439e-02 | phase=1.7243e-02 | support=3.5035e+00
2026-08-18 01:40:30 | INFO    | TRAIN | epoch=013/100 | batch=00950/01563 ( 60.78%) | lr=5.000e-04 | elapsed=0:05:44 | eta=0:03:42
    losses | total=2.9587e+00 | fourier=2.9587e+00 | amplitude=1.8287e-02 | phase=1.8502e-02 | support=3.4397e+00
2026-08-18 01:40:48 | INFO    | TRAIN | epoch=013/100 | batch=01000/01563 ( 63.98%) | lr=5.000e-04 | elapsed=0:06:03 | eta=0:03:24
    losses | total=2.8429e+00 | fourier=2.8429e+00 | amplitude=2.2101e-02 | phase=1.4981e-02 | support=3.5216e+00
2026-08-18 01:41:06 | INFO    | TRAIN | epoch=013/100 | batch=01050/01563 ( 67.18%) | lr=5.000e-04 | elapsed=0:06:21 | eta=0:03:06
    losses | total=2.9561e+00 | fourier=2.9561e+00 | amplitude=2.0323e-02 | phase=1.4295e-02 | support=3.4883e+00
2026-08-18 01:41:25 | INFO    | TRAIN | epoch=013/100 | batch=01100/01563 ( 70.38%) | lr=5.000e-04 | elapsed=0:06:39 | eta=0:02:48
    losses | total=3.1513e+00 | fourier=3.1513e+00 | amplitude=1.8970e-02 | phase=1.7315e-02 | support=2.9954e+00
2026-08-18 01:41:43 | INFO    | TRAIN | epoch=013/100 | batch=01150/01563 ( 73.58%) | lr=5.000e-04 | elapsed=0:06:57 | eta=0:02:29
    losses | total=2.6948e+00 | fourier=2.6948e+00 | amplitude=1.8220e-02 | phase=1.4916e-02 | support=3.5354e+00
2026-08-18 01:42:01 | INFO    | TRAIN | epoch=013/100 | batch=01200/01563 ( 76.78%) | lr=5.000e-04 | elapsed=0:07:15 | eta=0:02:11
    losses | total=3.0833e+00 | fourier=3.0833e+00 | amplitude=1.7679e-02 | phase=1.8571e-02 | support=3.2788e+00
2026-08-18 01:42:19 | INFO    | TRAIN | epoch=013/100 | batch=01250/01563 ( 79.97%) | lr=5.000e-04 | elapsed=0:07:33 | eta=0:01:53
    losses | total=2.8143e+00 | fourier=2.8143e+00 | amplitude=1.8647e-02 | phase=1.6434e-02 | support=3.6866e+00
2026-08-18 01:42:37 | INFO    | TRAIN | epoch=013/100 | batch=01300/01563 ( 83.17%) | lr=5.000e-04 | elapsed=0:07:51 | eta=0:01:35
    losses | total=2.9683e+00 | fourier=2.9683e+00 | amplitude=1.9368e-02 | phase=2.0216e-02 | support=3.1150e+00
2026-08-18 01:42:55 | INFO    | TRAIN | epoch=013/100 | batch=01350/01563 ( 86.37%) | lr=5.000e-04 | elapsed=0:08:10 | eta=0:01:17
    losses | total=3.0106e+00 | fourier=3.0106e+00 | amplitude=2.3442e-02 | phase=2.1148e-02 | support=3.1401e+00
2026-08-18 01:43:13 | INFO    | TRAIN | epoch=013/100 | batch=01400/01563 ( 89.57%) | lr=5.000e-04 | elapsed=0:08:28 | eta=0:00:59
    losses | total=2.9294e+00 | fourier=2.9294e+00 | amplitude=1.9575e-02 | phase=2.0107e-02 | support=3.9271e+00
2026-08-18 01:43:32 | INFO    | TRAIN | epoch=013/100 | batch=01450/01563 ( 92.77%) | lr=5.000e-04 | elapsed=0:08:46 | eta=0:00:41
    losses | total=2.9313e+00 | fourier=2.9313e+00 | amplitude=2.1184e-02 | phase=1.7595e-02 | support=3.7748e+00
2026-08-18 01:43:50 | INFO    | TRAIN | epoch=013/100 | batch=01500/01563 ( 95.97%) | lr=5.000e-04 | elapsed=0:09:04 | eta=0:00:22
    losses | total=2.9288e+00 | fourier=2.9288e+00 | amplitude=1.8885e-02 | phase=1.2894e-02 | support=3.0806e+00
2026-08-18 01:44:08 | INFO    | TRAIN | epoch=013/100 | batch=01550/01563 ( 99.17%) | lr=5.000e-04 | elapsed=0:09:22 | eta=0:00:04
    losses | total=2.7822e+00 | fourier=2.7822e+00 | amplitude=1.8967e-02 | phase=1.6861e-02 | support=3.5011e+00
2026-08-18 01:44:12 | INFO    | TRAIN | epoch=013/100 | batch=01563/01563 (100.00%) | lr=5.000e-04 | elapsed=0:09:27 | eta=0:00:00
    losses | total=2.6461e+00 | fourier=2.6461e+00 | amplitude=1.8374e-02 | phase=1.5572e-02 | support=3.3612e+00
2026-08-18 01:44:13 | INFO    | TRAIN epoch 013 complete | batches=1563 | samples=25000 | time=0:09:27
2026-08-18 01:44:18 | INFO    | VAL | epoch=013/100 | batch=00050/00313 ( 15.97%) | elapsed=0:00:05 | eta=0:00:28
    losses | total=4.2668e+00 | fourier=4.2668e+00 | amplitude=1.9894e-02 | phase=2.0561e-02 | support=3.4450e+00
2026-08-18 01:44:23 | INFO    | VAL | epoch=013/100 | batch=00100/00313 ( 31.95%) | elapsed=0:00:10 | eta=0:00:22
    losses | total=3.4021e+00 | fourier=3.4021e+00 | amplitude=2.0724e-02 | phase=1.5782e-02 | support=3.6043e+00
2026-08-18 01:44:29 | INFO    | VAL | epoch=013/100 | batch=00150/00313 ( 47.92%) | elapsed=0:00:15 | eta=0:00:17
    losses | total=3.7823e+00 | fourier=3.7823e+00 | amplitude=1.8553e-02 | phase=1.6541e-02 | support=3.2761e+00
2026-08-18 01:44:34 | INFO    | VAL | epoch=013/100 | batch=00200/00313 ( 63.90%) | elapsed=0:00:21 | eta=0:00:11
    losses | total=3.9179e+00 | fourier=3.9179e+00 | amplitude=1.9350e-02 | phase=1.5738e-02 | support=3.5293e+00
2026-08-18 01:44:39 | INFO    | VAL | epoch=013/100 | batch=00250/00313 ( 79.87%) | elapsed=0:00:26 | eta=0:00:06
    losses | total=3.7568e+00 | fourier=3.7568e+00 | amplitude=2.0613e-02 | phase=2.1372e-02 | support=3.3292e+00
2026-08-18 01:44:44 | INFO    | VAL | epoch=013/100 | batch=00300/00313 ( 95.85%) | elapsed=0:00:31 | eta=0:00:01
    losses | total=3.5974e+00 | fourier=3.5974e+00 | amplitude=2.0870e-02 | phase=2.0596e-02 | support=3.3181e+00
2026-08-18 01:44:46 | INFO    | VAL | epoch=013/100 | batch=00313/00313 (100.00%) | elapsed=0:00:32 | eta=0:00:00
    losses | total=3.9800e+00 | fourier=3.9800e+00 | amplitude=1.7607e-02 | phase=1.6985e-02 | support=3.1012e+00
2026-08-18 01:44:46 | INFO    | VAL epoch 013 complete | batches=313 | samples=5000 | time=0:00:32
2026-08-18 01:44:46 | INFO    | Cross-skip strengths | 8/phase_to_amp=-5.6673e-05 | 8/amp_to_phase=-2.3165e-02 | 16/phase_to_amp=-1.4724e-02 | 16/amp_to_phase=+6.8412e-02
2026-08-18 01:44:46 | INFO    | 
------------------------------------------------------------------------------------------------
Epoch 013/100 summary
split             total      fourier    amplitude        phase      support        time
train        2.9014e+00   2.9014e+00   1.9471e-02   1.7424e-02   3.4535e+00     0:09:27
validation   3.7090e+00   3.7090e+00   1.9463e-02   1.7729e-02   3.4331e+00     0:00:32
lr=5.000e-04 | best_val=3.6990e+00 | best_updated=no | periodic_checkpoint=no
------------------------------------------------------------------------------------------------
2026-08-18 01:45:04 | INFO    | TRAIN | epoch=014/100 | batch=00050/01563 (  3.20%) | lr=5.000e-04 | elapsed=0:00:18 | eta=0:09:14
    losses | total=2.7877e+00 | fourier=2.7877e+00 | amplitude=1.7259e-02 | phase=1.4558e-02 | support=2.9226e+00
2026-08-18 01:45:22 | INFO    | TRAIN | epoch=014/100 | batch=00100/01563 (  6.40%) | lr=5.000e-04 | elapsed=0:00:36 | eta=0:08:53
    losses | total=2.8542e+00 | fourier=2.8542e+00 | amplitude=2.0518e-02 | phase=1.8872e-02 | support=3.1441e+00
2026-08-18 01:45:40 | INFO    | TRAIN | epoch=014/100 | batch=00150/01563 (  9.60%) | lr=5.000e-04 | elapsed=0:00:54 | eta=0:08:34
    losses | total=2.8026e+00 | fourier=2.8026e+00 | amplitude=1.9487e-02 | phase=1.7131e-02 | support=3.6376e+00
2026-08-18 01:45:59 | INFO    | TRAIN | epoch=014/100 | batch=00200/01563 ( 12.80%) | lr=5.000e-04 | elapsed=0:01:12 | eta=0:08:16
    losses | total=2.7709e+00 | fourier=2.7709e+00 | amplitude=1.5995e-02 | phase=1.4309e-02 | support=3.5528e+00
2026-08-18 01:46:17 | INFO    | TRAIN | epoch=014/100 | batch=00250/01563 ( 15.99%) | lr=5.000e-04 | elapsed=0:01:31 | eta=0:07:57
    losses | total=2.8313e+00 | fourier=2.8313e+00 | amplitude=1.8528e-02 | phase=1.3822e-02 | support=3.6244e+00
2026-08-18 01:46:35 | INFO    | TRAIN | epoch=014/100 | batch=00300/01563 ( 19.19%) | lr=5.000e-04 | elapsed=0:01:49 | eta=0:07:39
    losses | total=3.0039e+00 | fourier=3.0039e+00 | amplitude=1.7806e-02 | phase=1.4890e-02 | support=3.0921e+00
2026-08-18 01:46:53 | INFO    | TRAIN | epoch=014/100 | batch=00350/01563 ( 22.39%) | lr=5.000e-04 | elapsed=0:02:07 | eta=0:07:21
    losses | total=3.1018e+00 | fourier=3.1018e+00 | amplitude=2.1882e-02 | phase=1.7641e-02 | support=3.6783e+00
2026-08-18 01:47:11 | INFO    | TRAIN | epoch=014/100 | batch=00400/01563 ( 25.59%) | lr=5.000e-04 | elapsed=0:02:25 | eta=0:07:03
    losses | total=2.8640e+00 | fourier=2.8640e+00 | amplitude=2.1727e-02 | phase=1.6511e-02 | support=3.7625e+00
2026-08-18 01:47:29 | INFO    | TRAIN | epoch=014/100 | batch=00450/01563 ( 28.79%) | lr=5.000e-04 | elapsed=0:02:43 | eta=0:06:44
    losses | total=2.9841e+00 | fourier=2.9841e+00 | amplitude=1.8916e-02 | phase=1.5378e-02 | support=3.7910e+00
2026-08-18 01:47:48 | INFO    | TRAIN | epoch=014/100 | batch=00500/01563 ( 31.99%) | lr=5.000e-04 | elapsed=0:03:01 | eta=0:06:26
    losses | total=2.8411e+00 | fourier=2.8411e+00 | amplitude=1.6867e-02 | phase=1.7943e-02 | support=3.3451e+00
2026-08-18 01:48:06 | INFO    | TRAIN | epoch=014/100 | batch=00550/01563 ( 35.19%) | lr=5.000e-04 | elapsed=0:03:20 | eta=0:06:08
    losses | total=2.9896e+00 | fourier=2.9896e+00 | amplitude=1.7690e-02 | phase=1.6333e-02 | support=3.6102e+00
2026-08-18 01:48:24 | INFO    | TRAIN | epoch=014/100 | batch=00600/01563 ( 38.39%) | lr=5.000e-04 | elapsed=0:03:38 | eta=0:05:50
    losses | total=2.9823e+00 | fourier=2.9823e+00 | amplitude=1.7688e-02 | phase=1.8907e-02 | support=3.2317e+00
2026-08-18 01:48:42 | INFO    | TRAIN | epoch=014/100 | batch=00650/01563 ( 41.59%) | lr=5.000e-04 | elapsed=0:03:56 | eta=0:05:31
    losses | total=2.7181e+00 | fourier=2.7181e+00 | amplitude=1.7151e-02 | phase=1.2030e-02 | support=3.7537e+00
2026-08-18 01:49:00 | INFO    | TRAIN | epoch=014/100 | batch=00700/01563 ( 44.79%) | lr=5.000e-04 | elapsed=0:04:14 | eta=0:05:13
    losses | total=2.6370e+00 | fourier=2.6370e+00 | amplitude=1.9583e-02 | phase=1.8276e-02 | support=3.6198e+00
2026-08-18 01:49:18 | INFO    | TRAIN | epoch=014/100 | batch=00750/01563 ( 47.98%) | lr=5.000e-04 | elapsed=0:04:32 | eta=0:04:55
    losses | total=2.6630e+00 | fourier=2.6630e+00 | amplitude=1.9874e-02 | phase=1.4188e-02 | support=3.8486e+00
2026-08-18 01:49:37 | INFO    | TRAIN | epoch=014/100 | batch=00800/01563 ( 51.18%) | lr=5.000e-04 | elapsed=0:04:50 | eta=0:04:37
    losses | total=3.0887e+00 | fourier=3.0887e+00 | amplitude=2.0917e-02 | phase=1.6614e-02 | support=3.1154e+00
2026-08-18 01:49:55 | INFO    | TRAIN | epoch=014/100 | batch=00850/01563 ( 54.38%) | lr=5.000e-04 | elapsed=0:05:08 | eta=0:04:19
    losses | total=2.8302e+00 | fourier=2.8302e+00 | amplitude=2.2541e-02 | phase=1.6379e-02 | support=3.4358e+00
2026-08-18 01:50:13 | INFO    | TRAIN | epoch=014/100 | batch=00900/01563 ( 57.58%) | lr=5.000e-04 | elapsed=0:05:27 | eta=0:04:00
    losses | total=3.0996e+00 | fourier=3.0996e+00 | amplitude=2.1643e-02 | phase=1.9117e-02 | support=3.4791e+00
2026-08-18 01:50:31 | INFO    | TRAIN | epoch=014/100 | batch=00950/01563 ( 60.78%) | lr=5.000e-04 | elapsed=0:05:45 | eta=0:03:42
    losses | total=2.7283e+00 | fourier=2.7283e+00 | amplitude=1.8674e-02 | phase=1.6013e-02 | support=3.4290e+00
2026-08-18 01:50:49 | INFO    | TRAIN | epoch=014/100 | batch=01000/01563 ( 63.98%) | lr=5.000e-04 | elapsed=0:06:03 | eta=0:03:24
    losses | total=2.8446e+00 | fourier=2.8446e+00 | amplitude=2.0437e-02 | phase=1.8210e-02 | support=3.8004e+00
2026-08-18 01:51:07 | INFO    | TRAIN | epoch=014/100 | batch=01050/01563 ( 67.18%) | lr=5.000e-04 | elapsed=0:06:21 | eta=0:03:06
    losses | total=2.9258e+00 | fourier=2.9258e+00 | amplitude=1.8596e-02 | phase=1.8562e-02 | support=3.3788e+00
2026-08-18 01:51:26 | INFO    | TRAIN | epoch=014/100 | batch=01100/01563 ( 70.38%) | lr=5.000e-04 | elapsed=0:06:39 | eta=0:02:48
    losses | total=2.9550e+00 | fourier=2.9550e+00 | amplitude=1.7903e-02 | phase=1.7612e-02 | support=2.9729e+00
2026-08-18 01:51:44 | INFO    | TRAIN | epoch=014/100 | batch=01150/01563 ( 73.58%) | lr=5.000e-04 | elapsed=0:06:57 | eta=0:02:30
    losses | total=2.7993e+00 | fourier=2.7993e+00 | amplitude=1.8112e-02 | phase=1.7713e-02 | support=3.2334e+00
2026-08-18 01:52:02 | INFO    | TRAIN | epoch=014/100 | batch=01200/01563 ( 76.78%) | lr=5.000e-04 | elapsed=0:07:16 | eta=0:02:11
    losses | total=2.6491e+00 | fourier=2.6491e+00 | amplitude=1.6603e-02 | phase=1.1458e-02 | support=3.8310e+00
2026-08-18 01:52:20 | INFO    | TRAIN | epoch=014/100 | batch=01250/01563 ( 79.97%) | lr=5.000e-04 | elapsed=0:07:34 | eta=0:01:53
    losses | total=2.8083e+00 | fourier=2.8083e+00 | amplitude=2.0888e-02 | phase=2.0385e-02 | support=3.4585e+00
2026-08-18 01:52:38 | INFO    | TRAIN | epoch=014/100 | batch=01300/01563 ( 83.17%) | lr=5.000e-04 | elapsed=0:07:52 | eta=0:01:35
    losses | total=2.9745e+00 | fourier=2.9745e+00 | amplitude=1.6441e-02 | phase=1.7182e-02 | support=3.8558e+00
2026-08-18 01:52:56 | INFO    | TRAIN | epoch=014/100 | batch=01350/01563 ( 86.37%) | lr=5.000e-04 | elapsed=0:08:10 | eta=0:01:17
    losses | total=2.9873e+00 | fourier=2.9873e+00 | amplitude=2.0098e-02 | phase=1.4566e-02 | support=3.4676e+00
2026-08-18 01:53:15 | INFO    | TRAIN | epoch=014/100 | batch=01400/01563 ( 89.57%) | lr=5.000e-04 | elapsed=0:08:28 | eta=0:00:59
    losses | total=2.7793e+00 | fourier=2.7793e+00 | amplitude=1.5573e-02 | phase=1.3113e-02 | support=3.1509e+00
2026-08-18 01:53:33 | INFO    | TRAIN | epoch=014/100 | batch=01450/01563 ( 92.77%) | lr=5.000e-04 | elapsed=0:08:46 | eta=0:00:41
    losses | total=2.8175e+00 | fourier=2.8175e+00 | amplitude=2.2183e-02 | phase=1.9917e-02 | support=3.4071e+00
2026-08-18 01:53:51 | INFO    | TRAIN | epoch=014/100 | batch=01500/01563 ( 95.97%) | lr=5.000e-04 | elapsed=0:09:05 | eta=0:00:22
    losses | total=2.8965e+00 | fourier=2.8965e+00 | amplitude=2.1188e-02 | phase=1.5184e-02 | support=3.2919e+00
2026-08-18 01:54:09 | INFO    | TRAIN | epoch=014/100 | batch=01550/01563 ( 99.17%) | lr=5.000e-04 | elapsed=0:09:23 | eta=0:00:04
    losses | total=3.0413e+00 | fourier=3.0413e+00 | amplitude=1.7504e-02 | phase=1.4820e-02 | support=3.1940e+00
2026-08-18 01:54:14 | INFO    | TRAIN | epoch=014/100 | batch=01563/01563 (100.00%) | lr=5.000e-04 | elapsed=0:09:27 | eta=0:00:00
    losses | total=3.0844e+00 | fourier=3.0844e+00 | amplitude=1.8579e-02 | phase=1.5645e-02 | support=3.2940e+00
2026-08-18 01:54:14 | INFO    | TRAIN epoch 014 complete | batches=1563 | samples=25000 | time=0:09:28
2026-08-18 01:54:19 | INFO    | VAL | epoch=014/100 | batch=00050/00313 ( 15.97%) | elapsed=0:00:05 | eta=0:00:28
    losses | total=4.2635e+00 | fourier=4.2635e+00 | amplitude=1.9943e-02 | phase=2.0385e-02 | support=3.4548e+00
2026-08-18 01:54:25 | INFO    | VAL | epoch=014/100 | batch=00100/00313 ( 31.95%) | elapsed=0:00:10 | eta=0:00:22
    losses | total=3.3873e+00 | fourier=3.3873e+00 | amplitude=2.0755e-02 | phase=1.5635e-02 | support=3.6055e+00
2026-08-18 01:54:30 | INFO    | VAL | epoch=014/100 | batch=00150/00313 ( 47.92%) | elapsed=0:00:15 | eta=0:00:17
    losses | total=3.7871e+00 | fourier=3.7871e+00 | amplitude=1.8595e-02 | phase=1.6495e-02 | support=3.2816e+00
2026-08-18 01:54:35 | INFO    | VAL | epoch=014/100 | batch=00200/00313 ( 63.90%) | elapsed=0:00:21 | eta=0:00:11
    losses | total=3.9093e+00 | fourier=3.9093e+00 | amplitude=1.9380e-02 | phase=1.5592e-02 | support=3.5354e+00
2026-08-18 01:54:40 | INFO    | VAL | epoch=014/100 | batch=00250/00313 ( 79.87%) | elapsed=0:00:26 | eta=0:00:06
    losses | total=3.7566e+00 | fourier=3.7566e+00 | amplitude=2.0629e-02 | phase=2.1207e-02 | support=3.3311e+00
2026-08-18 01:54:45 | INFO    | VAL | epoch=014/100 | batch=00300/00313 ( 95.85%) | elapsed=0:00:31 | eta=0:00:01
    losses | total=3.5817e+00 | fourier=3.5817e+00 | amplitude=2.0927e-02 | phase=2.0420e-02 | support=3.3208e+00
2026-08-18 01:54:47 | INFO    | VAL | epoch=014/100 | batch=00313/00313 (100.00%) | elapsed=0:00:32 | eta=0:00:00
    losses | total=3.9711e+00 | fourier=3.9711e+00 | amplitude=1.7637e-02 | phase=1.6853e-02 | support=3.1062e+00
2026-08-18 01:54:47 | INFO    | VAL epoch 014 complete | batches=313 | samples=5000 | time=0:00:32
2026-08-18 01:54:47 | INFO    | Cross-skip strengths | 8/phase_to_amp=+2.5121e-03 | 8/amp_to_phase=-2.2867e-02 | 16/phase_to_amp=-1.7188e-02 | 16/amp_to_phase=+7.1033e-02
2026-08-18 01:54:47 | INFO    | 
------------------------------------------------------------------------------------------------
Epoch 014/100 summary
split             total      fourier    amplitude        phase      support        time
train        2.9010e+00   2.9010e+00   1.9470e-02   1.7416e-02   3.4554e+00     0:09:28
validation   3.7052e+00   3.7052e+00   1.9503e-02   1.7573e-02   3.4368e+00     0:00:32
lr=5.000e-04 | best_val=3.6990e+00 | best_updated=no | periodic_checkpoint=no
------------------------------------------------------------------------------------------------
2026-08-18 01:55:05 | INFO    | TRAIN | epoch=015/100 | batch=00050/01563 (  3.20%) | lr=5.000e-04 | elapsed=0:00:18 | eta=0:09:13
    losses | total=2.8449e+00 | fourier=2.8449e+00 | amplitude=1.9278e-02 | phase=1.8464e-02 | support=3.5947e+00
2026-08-18 01:55:23 | INFO    | TRAIN | epoch=015/100 | batch=00100/01563 (  6.40%) | lr=5.000e-04 | elapsed=0:00:36 | eta=0:08:53
    losses | total=2.7567e+00 | fourier=2.7567e+00 | amplitude=2.0747e-02 | phase=1.6758e-02 | support=3.6698e+00
2026-08-18 01:55:42 | INFO    | TRAIN | epoch=015/100 | batch=00150/01563 (  9.60%) | lr=5.000e-04 | elapsed=0:00:54 | eta=0:08:34
    losses | total=2.9385e+00 | fourier=2.9385e+00 | amplitude=1.9109e-02 | phase=1.7443e-02 | support=3.3231e+00
2026-08-18 01:56:00 | INFO    | TRAIN | epoch=015/100 | batch=00200/01563 ( 12.80%) | lr=5.000e-04 | elapsed=0:01:12 | eta=0:08:15
    losses | total=2.7940e+00 | fourier=2.7940e+00 | amplitude=2.2141e-02 | phase=1.4498e-02 | support=4.5073e+00
2026-08-18 01:56:18 | INFO    | TRAIN | epoch=015/100 | batch=00250/01563 ( 15.99%) | lr=5.000e-04 | elapsed=0:01:30 | eta=0:07:57
    losses | total=2.8197e+00 | fourier=2.8197e+00 | amplitude=1.7568e-02 | phase=1.4564e-02 | support=4.0133e+00
2026-08-18 01:56:36 | INFO    | TRAIN | epoch=015/100 | batch=00300/01563 ( 19.19%) | lr=5.000e-04 | elapsed=0:01:49 | eta=0:07:39
    losses | total=3.1126e+00 | fourier=3.1126e+00 | amplitude=2.1380e-02 | phase=3.0310e-02 | support=3.1835e+00
2026-08-18 01:56:54 | INFO    | TRAIN | epoch=015/100 | batch=00350/01563 ( 22.39%) | lr=5.000e-04 | elapsed=0:02:07 | eta=0:07:21
    losses | total=2.8265e+00 | fourier=2.8265e+00 | amplitude=1.8080e-02 | phase=1.9155e-02 | support=3.5263e+00
2026-08-18 01:57:12 | INFO    | TRAIN | epoch=015/100 | batch=00400/01563 ( 25.59%) | lr=5.000e-04 | elapsed=0:02:25 | eta=0:07:02
    losses | total=3.5199e+00 | fourier=3.5199e+00 | amplitude=2.0659e-02 | phase=2.1584e-02 | support=3.1026e+00
2026-08-18 01:57:31 | INFO    | TRAIN | epoch=015/100 | batch=00450/01563 ( 28.79%) | lr=5.000e-04 | elapsed=0:02:43 | eta=0:06:44
    losses | total=3.1094e+00 | fourier=3.1094e+00 | amplitude=2.2825e-02 | phase=1.9065e-02 | support=3.5161e+00
2026-08-18 01:57:49 | INFO    | TRAIN | epoch=015/100 | batch=00500/01563 ( 31.99%) | lr=5.000e-04 | elapsed=0:03:01 | eta=0:06:26
    losses | total=2.5062e+00 | fourier=2.5062e+00 | amplitude=1.6856e-02 | phase=9.5943e-03 | support=3.7909e+00
2026-08-18 01:58:07 | INFO    | TRAIN | epoch=015/100 | batch=00550/01563 ( 35.19%) | lr=5.000e-04 | elapsed=0:03:19 | eta=0:06:08
    losses | total=2.9322e+00 | fourier=2.9322e+00 | amplitude=2.0314e-02 | phase=1.8939e-02 | support=3.7578e+00
2026-08-18 01:58:25 | INFO    | TRAIN | epoch=015/100 | batch=00600/01563 ( 38.39%) | lr=5.000e-04 | elapsed=0:03:38 | eta=0:05:50
    losses | total=2.9024e+00 | fourier=2.9024e+00 | amplitude=2.0825e-02 | phase=2.0166e-02 | support=3.2779e+00
2026-08-18 01:58:43 | INFO    | TRAIN | epoch=015/100 | batch=00650/01563 ( 41.59%) | lr=5.000e-04 | elapsed=0:03:56 | eta=0:05:31
    losses | total=2.8016e+00 | fourier=2.8016e+00 | amplitude=1.8612e-02 | phase=2.1338e-02 | support=3.5747e+00
2026-08-18 01:59:01 | INFO    | TRAIN | epoch=015/100 | batch=00700/01563 ( 44.79%) | lr=5.000e-04 | elapsed=0:04:14 | eta=0:05:13
    losses | total=3.0204e+00 | fourier=3.0204e+00 | amplitude=2.0772e-02 | phase=1.7590e-02 | support=3.5078e+00
2026-08-18 01:59:20 | INFO    | TRAIN | epoch=015/100 | batch=00750/01563 ( 47.98%) | lr=5.000e-04 | elapsed=0:04:32 | eta=0:04:55
    losses | total=3.1858e+00 | fourier=3.1858e+00 | amplitude=2.0798e-02 | phase=1.8746e-02 | support=2.9647e+00
2026-08-18 01:59:38 | INFO    | TRAIN | epoch=015/100 | batch=00800/01563 ( 51.18%) | lr=5.000e-04 | elapsed=0:04:50 | eta=0:04:37
    losses | total=2.8202e+00 | fourier=2.8202e+00 | amplitude=2.3375e-02 | phase=1.6742e-02 | support=3.4581e+00
2026-08-18 01:59:56 | INFO    | TRAIN | epoch=015/100 | batch=00850/01563 ( 54.38%) | lr=5.000e-04 | elapsed=0:05:08 | eta=0:04:19
    losses | total=2.8778e+00 | fourier=2.8778e+00 | amplitude=2.0913e-02 | phase=2.1452e-02 | support=3.3607e+00
2026-08-18 02:00:14 | INFO    | TRAIN | epoch=015/100 | batch=00900/01563 ( 57.58%) | lr=5.000e-04 | elapsed=0:05:27 | eta=0:04:00
    losses | total=3.1615e+00 | fourier=3.1615e+00 | amplitude=2.2583e-02 | phase=2.3255e-02 | support=3.3241e+00
2026-08-18 02:00:32 | INFO    | TRAIN | epoch=015/100 | batch=00950/01563 ( 60.78%) | lr=5.000e-04 | elapsed=0:05:45 | eta=0:03:42
    losses | total=2.6742e+00 | fourier=2.6742e+00 | amplitude=1.7731e-02 | phase=1.2416e-02 | support=3.4355e+00
2026-08-18 02:00:50 | INFO    | TRAIN | epoch=015/100 | batch=01000/01563 ( 63.98%) | lr=5.000e-04 | elapsed=0:06:03 | eta=0:03:24
    losses | total=2.9661e+00 | fourier=2.9661e+00 | amplitude=1.8634e-02 | phase=1.8515e-02 | support=3.4066e+00
2026-08-18 02:01:09 | INFO    | TRAIN | epoch=015/100 | batch=01050/01563 ( 67.18%) | lr=5.000e-04 | elapsed=0:06:21 | eta=0:03:06
    losses | total=3.2513e+00 | fourier=3.2513e+00 | amplitude=1.8560e-02 | phase=2.0424e-02 | support=3.5420e+00
2026-08-18 02:01:27 | INFO    | TRAIN | epoch=015/100 | batch=01100/01563 ( 70.38%) | lr=5.000e-04 | elapsed=0:06:39 | eta=0:02:48
    losses | total=2.9221e+00 | fourier=2.9221e+00 | amplitude=1.7859e-02 | phase=1.8414e-02 | support=3.4003e+00
2026-08-18 02:01:45 | INFO    | TRAIN | epoch=015/100 | batch=01150/01563 ( 73.58%) | lr=5.000e-04 | elapsed=0:06:57 | eta=0:02:30
    losses | total=3.1724e+00 | fourier=3.1724e+00 | amplitude=2.0112e-02 | phase=2.5460e-02 | support=3.5190e+00
2026-08-18 02:02:03 | INFO    | TRAIN | epoch=015/100 | batch=01200/01563 ( 76.78%) | lr=5.000e-04 | elapsed=0:07:16 | eta=0:02:11
    losses | total=2.7760e+00 | fourier=2.7760e+00 | amplitude=2.1700e-02 | phase=1.9825e-02 | support=3.5778e+00
2026-08-18 02:02:21 | INFO    | TRAIN | epoch=015/100 | batch=01250/01563 ( 79.97%) | lr=5.000e-04 | elapsed=0:07:34 | eta=0:01:53
    losses | total=2.7340e+00 | fourier=2.7340e+00 | amplitude=1.7846e-02 | phase=2.1420e-02 | support=3.0840e+00
2026-08-18 02:02:39 | INFO    | TRAIN | epoch=015/100 | batch=01300/01563 ( 83.17%) | lr=5.000e-04 | elapsed=0:07:52 | eta=0:01:35
    losses | total=3.0852e+00 | fourier=3.0852e+00 | amplitude=2.0388e-02 | phase=1.9986e-02 | support=3.1937e+00
2026-08-18 02:02:58 | INFO    | TRAIN | epoch=015/100 | batch=01350/01563 ( 86.37%) | lr=5.000e-04 | elapsed=0:08:10 | eta=0:01:17
    losses | total=2.8994e+00 | fourier=2.8994e+00 | amplitude=1.8667e-02 | phase=2.2654e-02 | support=3.2923e+00
2026-08-18 02:03:16 | INFO    | TRAIN | epoch=015/100 | batch=01400/01563 ( 89.57%) | lr=5.000e-04 | elapsed=0:08:28 | eta=0:00:59
    losses | total=2.9888e+00 | fourier=2.9888e+00 | amplitude=1.7680e-02 | phase=1.4324e-02 | support=3.3395e+00
2026-08-18 02:03:34 | INFO    | TRAIN | epoch=015/100 | batch=01450/01563 ( 92.77%) | lr=5.000e-04 | elapsed=0:08:46 | eta=0:00:41
    losses | total=2.8853e+00 | fourier=2.8853e+00 | amplitude=2.3205e-02 | phase=1.7727e-02 | support=3.7775e+00
2026-08-18 02:03:52 | INFO    | TRAIN | epoch=015/100 | batch=01500/01563 ( 95.97%) | lr=5.000e-04 | elapsed=0:09:04 | eta=0:00:22
    losses | total=2.9063e+00 | fourier=2.9063e+00 | amplitude=2.0712e-02 | phase=2.1445e-02 | support=3.4280e+00
2026-08-18 02:04:10 | INFO    | TRAIN | epoch=015/100 | batch=01550/01563 ( 99.17%) | lr=5.000e-04 | elapsed=0:09:23 | eta=0:00:04
    losses | total=3.0378e+00 | fourier=3.0378e+00 | amplitude=1.9034e-02 | phase=2.1476e-02 | support=3.2391e+00
2026-08-18 02:04:15 | INFO    | TRAIN | epoch=015/100 | batch=01563/01563 (100.00%) | lr=5.000e-04 | elapsed=0:09:27 | eta=0:00:00
    losses | total=3.0002e+00 | fourier=3.0002e+00 | amplitude=1.9138e-02 | phase=2.2212e-02 | support=3.9090e+00
2026-08-18 02:04:15 | INFO    | TRAIN epoch 015 complete | batches=1563 | samples=25000 | time=0:09:28
2026-08-18 02:04:20 | INFO    | VAL | epoch=015/100 | batch=00050/00313 ( 15.97%) | elapsed=0:00:05 | eta=0:00:28
    losses | total=4.2716e+00 | fourier=4.2716e+00 | amplitude=1.9884e-02 | phase=2.0398e-02 | support=3.4529e+00
2026-08-18 02:04:26 | INFO    | VAL | epoch=015/100 | batch=00100/00313 ( 31.95%) | elapsed=0:00:10 | eta=0:00:22
    losses | total=3.4009e+00 | fourier=3.4009e+00 | amplitude=2.0723e-02 | phase=1.5668e-02 | support=3.6088e+00
2026-08-18 02:04:31 | INFO    | VAL | epoch=015/100 | batch=00150/00313 ( 47.92%) | elapsed=0:00:15 | eta=0:00:17
    losses | total=3.7838e+00 | fourier=3.7838e+00 | amplitude=1.8563e-02 | phase=1.6541e-02 | support=3.2860e+00
2026-08-18 02:04:36 | INFO    | VAL | epoch=015/100 | batch=00200/00313 ( 63.90%) | elapsed=0:00:21 | eta=0:00:11
    losses | total=3.9129e+00 | fourier=3.9129e+00 | amplitude=1.9341e-02 | phase=1.5637e-02 | support=3.5346e+00
2026-08-18 02:04:41 | INFO    | VAL | epoch=015/100 | batch=00250/00313 ( 79.87%) | elapsed=0:00:26 | eta=0:00:06
    losses | total=3.7546e+00 | fourier=3.7546e+00 | amplitude=2.0604e-02 | phase=2.1185e-02 | support=3.3345e+00
2026-08-18 02:04:47 | INFO    | VAL | epoch=015/100 | batch=00300/00313 ( 95.85%) | elapsed=0:00:31 | eta=0:00:01
    losses | total=3.5800e+00 | fourier=3.5800e+00 | amplitude=2.0875e-02 | phase=2.0420e-02 | support=3.3251e+00
2026-08-18 02:04:48 | INFO    | VAL | epoch=015/100 | batch=00313/00313 (100.00%) | elapsed=0:00:32 | eta=0:00:00
    losses | total=3.9712e+00 | fourier=3.9712e+00 | amplitude=1.7605e-02 | phase=1.6825e-02 | support=3.1070e+00
2026-08-18 02:04:48 | INFO    | VAL epoch 015 complete | batches=313 | samples=5000 | time=0:00:32
2026-08-18 02:04:48 | INFO    | Cross-skip strengths | 8/phase_to_amp=+1.1982e-03 | 8/amp_to_phase=-2.4661e-02 | 16/phase_to_amp=-1.7716e-02 | 16/amp_to_phase=+7.1230e-02
2026-08-18 02:04:48 | INFO    | 
------------------------------------------------------------------------------------------------
Epoch 015/100 summary
split             total      fourier    amplitude        phase      support        time
train        2.8992e+00   2.8992e+00   1.9470e-02   1.7410e-02   3.4551e+00     0:09:28
validation   3.7073e+00   3.7073e+00   1.9459e-02   1.7588e-02   3.4378e+00     0:00:32
lr=5.000e-04 | best_val=3.6990e+00 | best_updated=no | periodic_checkpoint=no
------------------------------------------------------------------------------------------------
2026-08-18 02:04:48 | INFO    | Trainable stage | epoch=16 | scope=all | parameters=24,802,150 / 24,802,150
2026-08-18 02:05:10 | INFO    | TRAIN | epoch=016/100 | batch=00050/01563 (  3.20%) | lr=5.000e-04 | elapsed=0:00:22 | eta=0:11:09
    losses | total=3.5947e+00 | fourier=3.5947e+00 | amplitude=1.9983e-02 | phase=2.4147e-02 | support=3.4130e+00
2026-08-18 02:05:32 | INFO    | TRAIN | epoch=016/100 | batch=00100/01563 (  6.40%) | lr=5.000e-04 | elapsed=0:00:44 | eta=0:10:45
    losses | total=3.0017e+00 | fourier=3.0017e+00 | amplitude=2.1451e-02 | phase=1.6428e-02 | support=3.2692e+00
2026-08-18 02:05:54 | INFO    | TRAIN | epoch=016/100 | batch=00150/01563 (  9.60%) | lr=5.000e-04 | elapsed=0:01:06 | eta=0:10:22
    losses | total=2.9972e+00 | fourier=2.9972e+00 | amplitude=2.1401e-02 | phase=1.7857e-02 | support=3.3754e+00
2026-08-18 02:06:16 | INFO    | TRAIN | epoch=016/100 | batch=00200/01563 ( 12.80%) | lr=5.000e-04 | elapsed=0:01:28 | eta=0:10:00
    losses | total=2.9641e+00 | fourier=2.9641e+00 | amplitude=1.8591e-02 | phase=1.6230e-02 | support=2.9599e+00
2026-08-18 02:06:38 | INFO    | TRAIN | epoch=016/100 | batch=00250/01563 ( 15.99%) | lr=5.000e-04 | elapsed=0:01:50 | eta=0:09:37
    losses | total=2.8094e+00 | fourier=2.8094e+00 | amplitude=2.0013e-02 | phase=1.3085e-02 | support=3.3464e+00
2026-08-18 02:07:00 | INFO    | TRAIN | epoch=016/100 | batch=00300/01563 ( 19.19%) | lr=5.000e-04 | elapsed=0:02:12 | eta=0:09:15
    losses | total=3.2729e+00 | fourier=3.2729e+00 | amplitude=2.0625e-02 | phase=2.1508e-02 | support=3.2459e+00
2026-08-18 02:07:22 | INFO    | TRAIN | epoch=016/100 | batch=00350/01563 ( 22.39%) | lr=5.000e-04 | elapsed=0:02:33 | eta=0:08:53
    losses | total=2.7763e+00 | fourier=2.7763e+00 | amplitude=1.7854e-02 | phase=1.2029e-02 | support=3.4755e+00
2026-08-18 02:07:44 | INFO    | TRAIN | epoch=016/100 | batch=00400/01563 ( 25.59%) | lr=5.000e-04 | elapsed=0:02:55 | eta=0:08:31
    losses | total=3.1748e+00 | fourier=3.1748e+00 | amplitude=1.9172e-02 | phase=1.8863e-02 | support=3.1119e+00
2026-08-18 02:08:06 | INFO    | TRAIN | epoch=016/100 | batch=00450/01563 ( 28.79%) | lr=5.000e-04 | elapsed=0:03:17 | eta=0:08:09
    losses | total=3.0100e+00 | fourier=3.0100e+00 | amplitude=2.4623e-02 | phase=1.8348e-02 | support=3.8095e+00
2026-08-18 02:08:28 | INFO    | TRAIN | epoch=016/100 | batch=00500/01563 ( 31.99%) | lr=5.000e-04 | elapsed=0:03:39 | eta=0:07:47
    losses | total=2.9681e+00 | fourier=2.9681e+00 | amplitude=2.1127e-02 | phase=1.7121e-02 | support=3.2913e+00
2026-08-18 02:08:50 | INFO    | TRAIN | epoch=016/100 | batch=00550/01563 ( 35.19%) | lr=5.000e-04 | elapsed=0:04:01 | eta=0:07:25
    losses | total=2.9265e+00 | fourier=2.9265e+00 | amplitude=2.2085e-02 | phase=2.0082e-02 | support=3.4125e+00
2026-08-18 02:09:12 | INFO    | TRAIN | epoch=016/100 | batch=00600/01563 ( 38.39%) | lr=5.000e-04 | elapsed=0:04:23 | eta=0:07:03
    losses | total=3.0246e+00 | fourier=3.0246e+00 | amplitude=1.8861e-02 | phase=1.7373e-02 | support=2.8175e+00
2026-08-18 02:09:34 | INFO    | TRAIN | epoch=016/100 | batch=00650/01563 ( 41.59%) | lr=5.000e-04 | elapsed=0:04:45 | eta=0:06:41
    losses | total=3.0787e+00 | fourier=3.0787e+00 | amplitude=1.6649e-02 | phase=1.6811e-02 | support=3.7281e+00
2026-08-18 02:09:56 | INFO    | TRAIN | epoch=016/100 | batch=00700/01563 ( 44.79%) | lr=5.000e-04 | elapsed=0:05:07 | eta=0:06:19
    losses | total=2.8625e+00 | fourier=2.8625e+00 | amplitude=1.7135e-02 | phase=1.4442e-02 | support=3.6133e+00
2026-08-18 02:10:18 | INFO    | TRAIN | epoch=016/100 | batch=00750/01563 ( 47.98%) | lr=5.000e-04 | elapsed=0:05:29 | eta=0:05:57
    losses | total=3.0300e+00 | fourier=3.0300e+00 | amplitude=1.8234e-02 | phase=1.9482e-02 | support=3.2926e+00
2026-08-18 02:10:40 | INFO    | TRAIN | epoch=016/100 | batch=00800/01563 ( 51.18%) | lr=5.000e-04 | elapsed=0:05:51 | eta=0:05:35
    losses | total=3.2580e+00 | fourier=3.2580e+00 | amplitude=1.7981e-02 | phase=2.1497e-02 | support=3.6276e+00
2026-08-18 02:11:02 | INFO    | TRAIN | epoch=016/100 | batch=00850/01563 ( 54.38%) | lr=5.000e-04 | elapsed=0:06:13 | eta=0:05:13
    losses | total=3.1979e+00 | fourier=3.1979e+00 | amplitude=1.6273e-02 | phase=2.3173e-02 | support=3.1955e+00
2026-08-18 02:11:24 | INFO    | TRAIN | epoch=016/100 | batch=00900/01563 ( 57.58%) | lr=5.000e-04 | elapsed=0:06:35 | eta=0:04:51
    losses | total=3.1377e+00 | fourier=3.1377e+00 | amplitude=1.9641e-02 | phase=1.6042e-02 | support=3.1921e+00
2026-08-18 02:11:46 | INFO    | TRAIN | epoch=016/100 | batch=00950/01563 ( 60.78%) | lr=5.000e-04 | elapsed=0:06:57 | eta=0:04:29
    losses | total=3.0742e+00 | fourier=3.0742e+00 | amplitude=1.6929e-02 | phase=1.7591e-02 | support=3.1282e+00
2026-08-18 02:12:08 | INFO    | TRAIN | epoch=016/100 | batch=01000/01563 ( 63.98%) | lr=5.000e-04 | elapsed=0:07:19 | eta=0:04:07
    losses | total=3.0030e+00 | fourier=3.0030e+00 | amplitude=2.0285e-02 | phase=1.6780e-02 | support=3.6030e+00
2026-08-18 02:12:30 | INFO    | TRAIN | epoch=016/100 | batch=01050/01563 ( 67.18%) | lr=5.000e-04 | elapsed=0:07:41 | eta=0:03:45
    losses | total=3.1339e+00 | fourier=3.1339e+00 | amplitude=1.8929e-02 | phase=2.0087e-02 | support=3.0677e+00
2026-08-18 02:12:52 | INFO    | TRAIN | epoch=016/100 | batch=01100/01563 ( 70.38%) | lr=5.000e-04 | elapsed=0:08:03 | eta=0:03:23
    losses | total=3.1823e+00 | fourier=3.1823e+00 | amplitude=2.1162e-02 | phase=1.9093e-02 | support=3.1600e+00
2026-08-18 02:13:14 | INFO    | TRAIN | epoch=016/100 | batch=01150/01563 ( 73.58%) | lr=5.000e-04 | elapsed=0:08:25 | eta=0:03:01
    losses | total=3.3104e+00 | fourier=3.3104e+00 | amplitude=2.1205e-02 | phase=2.2772e-02 | support=3.6665e+00
2026-08-18 02:13:36 | INFO    | TRAIN | epoch=016/100 | batch=01200/01563 ( 76.78%) | lr=5.000e-04 | elapsed=0:08:47 | eta=0:02:39
    losses | total=2.8164e+00 | fourier=2.8164e+00 | amplitude=1.6870e-02 | phase=1.6528e-02 | support=3.8092e+00
2026-08-18 02:13:58 | INFO    | TRAIN | epoch=016/100 | batch=01250/01563 ( 79.97%) | lr=5.000e-04 | elapsed=0:09:09 | eta=0:02:17
    losses | total=2.8765e+00 | fourier=2.8765e+00 | amplitude=1.8387e-02 | phase=1.5207e-02 | support=3.4820e+00
2026-08-18 02:14:20 | INFO    | TRAIN | epoch=016/100 | batch=01300/01563 ( 83.17%) | lr=5.000e-04 | elapsed=0:09:31 | eta=0:01:55
    losses | total=2.9462e+00 | fourier=2.9462e+00 | amplitude=2.0608e-02 | phase=1.8052e-02 | support=3.4694e+00
2026-08-18 02:14:42 | INFO    | TRAIN | epoch=016/100 | batch=01350/01563 ( 86.37%) | lr=5.000e-04 | elapsed=0:09:53 | eta=0:01:33
    losses | total=2.9377e+00 | fourier=2.9377e+00 | amplitude=2.3573e-02 | phase=1.4974e-02 | support=3.8349e+00
2026-08-18 02:15:04 | INFO    | TRAIN | epoch=016/100 | batch=01400/01563 ( 89.57%) | lr=5.000e-04 | elapsed=0:10:15 | eta=0:01:11
    losses | total=2.8428e+00 | fourier=2.8428e+00 | amplitude=1.7800e-02 | phase=1.4873e-02 | support=3.6599e+00
2026-08-18 02:15:26 | INFO    | TRAIN | epoch=016/100 | batch=01450/01563 ( 92.77%) | lr=5.000e-04 | elapsed=0:10:37 | eta=0:00:49
    losses | total=3.1177e+00 | fourier=3.1177e+00 | amplitude=2.1920e-02 | phase=1.5961e-02 | support=3.3997e+00
2026-08-18 02:15:48 | INFO    | TRAIN | epoch=016/100 | batch=01500/01563 ( 95.97%) | lr=5.000e-04 | elapsed=0:10:59 | eta=0:00:27
    losses | total=3.2184e+00 | fourier=3.2184e+00 | amplitude=2.0206e-02 | phase=1.5803e-02 | support=2.9945e+00
2026-08-18 02:16:10 | INFO    | TRAIN | epoch=016/100 | batch=01550/01563 ( 99.17%) | lr=5.000e-04 | elapsed=0:11:21 | eta=0:00:05
    losses | total=2.9983e+00 | fourier=2.9983e+00 | amplitude=1.9103e-02 | phase=2.1411e-02 | support=3.5311e+00
2026-08-18 02:16:15 | INFO    | TRAIN | epoch=016/100 | batch=01563/01563 (100.00%) | lr=5.000e-04 | elapsed=0:11:26 | eta=0:00:00
    losses | total=3.0142e+00 | fourier=3.0142e+00 | amplitude=1.8884e-02 | phase=2.0225e-02 | support=3.7056e+00
2026-08-18 02:16:16 | INFO    | TRAIN epoch 016 complete | batches=1563 | samples=25000 | time=0:11:27
2026-08-18 02:16:21 | INFO    | VAL | epoch=016/100 | batch=00050/00313 ( 15.97%) | elapsed=0:00:05 | eta=0:00:28
    losses | total=4.2930e+00 | fourier=4.2930e+00 | amplitude=1.9860e-02 | phase=2.0281e-02 | support=3.4536e+00
2026-08-18 02:16:26 | INFO    | VAL | epoch=016/100 | batch=00100/00313 ( 31.95%) | elapsed=0:00:10 | eta=0:00:22
    losses | total=3.4552e+00 | fourier=3.4552e+00 | amplitude=2.0762e-02 | phase=1.5644e-02 | support=3.6191e+00
2026-08-18 02:16:31 | INFO    | VAL | epoch=016/100 | batch=00150/00313 ( 47.92%) | elapsed=0:00:15 | eta=0:00:17
    losses | total=3.8005e+00 | fourier=3.8005e+00 | amplitude=1.8574e-02 | phase=1.6357e-02 | support=3.2838e+00
2026-08-18 02:16:37 | INFO    | VAL | epoch=016/100 | batch=00200/00313 ( 63.90%) | elapsed=0:00:21 | eta=0:00:11
    losses | total=3.9003e+00 | fourier=3.9003e+00 | amplitude=1.9311e-02 | phase=1.5466e-02 | support=3.5495e+00
2026-08-18 02:16:42 | INFO    | VAL | epoch=016/100 | batch=00250/00313 ( 79.87%) | elapsed=0:00:26 | eta=0:00:06
    losses | total=3.7711e+00 | fourier=3.7711e+00 | amplitude=2.0635e-02 | phase=2.1217e-02 | support=3.3439e+00
2026-08-18 02:16:47 | INFO    | VAL | epoch=016/100 | batch=00300/00313 ( 95.85%) | elapsed=0:00:31 | eta=0:00:01
    losses | total=3.5705e+00 | fourier=3.5705e+00 | amplitude=2.0900e-02 | phase=2.0266e-02 | support=3.3464e+00
2026-08-18 02:16:48 | INFO    | VAL | epoch=016/100 | batch=00313/00313 (100.00%) | elapsed=0:00:32 | eta=0:00:00
    losses | total=4.0194e+00 | fourier=4.0194e+00 | amplitude=1.7706e-02 | phase=1.7203e-02 | support=3.1287e+00
2026-08-18 02:16:49 | INFO    | VAL epoch 016 complete | batches=313 | samples=5000 | time=0:00:32
2026-08-18 02:16:49 | INFO    | Cross-skip strengths | 8/phase_to_amp=+1.3334e-03 | 8/amp_to_phase=-2.3672e-02 | 16/phase_to_amp=-1.4233e-02 | 16/amp_to_phase=+7.2354e-02
2026-08-18 02:16:49 | INFO    | 
------------------------------------------------------------------------------------------------
Epoch 016/100 summary
split             total      fourier    amplitude        phase      support        time
train        3.0317e+00   3.0317e+00   1.9456e-02   1.7381e-02   3.4434e+00     0:11:27
validation   3.7412e+00   3.7412e+00   1.9474e-02   1.7490e-02   3.4445e+00     0:00:32
lr=2.500e-04 | best_val=3.6990e+00 | best_updated=no | periodic_checkpoint=no
------------------------------------------------------------------------------------------------
2026-08-18 02:17:11 | INFO    | TRAIN | epoch=017/100 | batch=00050/01563 (  3.20%) | lr=2.500e-04 | elapsed=0:00:22 | eta=0:11:10
    losses | total=2.8544e+00 | fourier=2.8544e+00 | amplitude=1.7533e-02 | phase=1.0652e-02 | support=3.7672e+00
2026-08-18 02:17:33 | INFO    | TRAIN | epoch=017/100 | batch=00100/01563 (  6.40%) | lr=2.500e-04 | elapsed=0:00:44 | eta=0:10:45
    losses | total=2.9788e+00 | fourier=2.9788e+00 | amplitude=1.8647e-02 | phase=1.6927e-02 | support=3.4366e+00
2026-08-18 02:17:55 | INFO    | TRAIN | epoch=017/100 | batch=00150/01563 (  9.60%) | lr=2.500e-04 | elapsed=0:01:06 | eta=0:10:22
    losses | total=2.8313e+00 | fourier=2.8313e+00 | amplitude=1.9410e-02 | phase=1.6552e-02 | support=3.5814e+00
2026-08-18 02:18:17 | INFO    | TRAIN | epoch=017/100 | batch=00200/01563 ( 12.80%) | lr=2.500e-04 | elapsed=0:01:28 | eta=0:10:00
    losses | total=2.9240e+00 | fourier=2.9240e+00 | amplitude=1.9846e-02 | phase=2.4077e-02 | support=3.0015e+00
2026-08-18 02:18:39 | INFO    | TRAIN | epoch=017/100 | batch=00250/01563 ( 15.99%) | lr=2.500e-04 | elapsed=0:01:50 | eta=0:09:38
    losses | total=2.8378e+00 | fourier=2.8378e+00 | amplitude=1.7766e-02 | phase=1.0567e-02 | support=3.4542e+00
2026-08-18 02:19:01 | INFO    | TRAIN | epoch=017/100 | batch=00300/01563 ( 19.19%) | lr=2.500e-04 | elapsed=0:02:12 | eta=0:09:15
    losses | total=2.8157e+00 | fourier=2.8157e+00 | amplitude=1.3299e-02 | phase=9.8745e-03 | support=3.8142e+00
2026-08-18 02:19:23 | INFO    | TRAIN | epoch=017/100 | batch=00350/01563 ( 22.39%) | lr=2.500e-04 | elapsed=0:02:34 | eta=0:08:53
    losses | total=3.1238e+00 | fourier=3.1238e+00 | amplitude=2.3917e-02 | phase=1.7705e-02 | support=3.3620e+00
2026-08-18 02:19:45 | INFO    | TRAIN | epoch=017/100 | batch=00400/01563 ( 25.59%) | lr=2.500e-04 | elapsed=0:02:56 | eta=0:08:31
    losses | total=3.1132e+00 | fourier=3.1132e+00 | amplitude=2.1092e-02 | phase=2.2143e-02 | support=3.4904e+00
2026-08-18 02:20:07 | INFO    | TRAIN | epoch=017/100 | batch=00450/01563 ( 28.79%) | lr=2.500e-04 | elapsed=0:03:17 | eta=0:08:09
    losses | total=3.0325e+00 | fourier=3.0325e+00 | amplitude=2.1010e-02 | phase=1.7594e-02 | support=3.4804e+00
2026-08-18 02:20:29 | INFO    | TRAIN | epoch=017/100 | batch=00500/01563 ( 31.99%) | lr=2.500e-04 | elapsed=0:03:39 | eta=0:07:47
    losses | total=3.2389e+00 | fourier=3.2389e+00 | amplitude=1.9050e-02 | phase=2.3472e-02 | support=3.3924e+00
2026-08-18 02:20:51 | INFO    | TRAIN | epoch=017/100 | batch=00550/01563 ( 35.19%) | lr=2.500e-04 | elapsed=0:04:01 | eta=0:07:25
    losses | total=3.0538e+00 | fourier=3.0538e+00 | amplitude=1.9843e-02 | phase=1.3594e-02 | support=3.2800e+00
2026-08-18 02:21:13 | INFO    | TRAIN | epoch=017/100 | batch=00600/01563 ( 38.39%) | lr=2.500e-04 | elapsed=0:04:23 | eta=0:07:03
    losses | total=3.1267e+00 | fourier=3.1267e+00 | amplitude=2.0930e-02 | phase=2.3731e-02 | support=3.3476e+00
2026-08-18 02:21:35 | INFO    | TRAIN | epoch=017/100 | batch=00650/01563 ( 41.59%) | lr=2.500e-04 | elapsed=0:04:45 | eta=0:06:41
    losses | total=3.0751e+00 | fourier=3.0751e+00 | amplitude=1.9537e-02 | phase=1.9972e-02 | support=3.3112e+00
2026-08-18 02:21:57 | INFO    | TRAIN | epoch=017/100 | batch=00700/01563 ( 44.79%) | lr=2.500e-04 | elapsed=0:05:07 | eta=0:06:19
    losses | total=3.6959e+00 | fourier=3.6959e+00 | amplitude=1.9792e-02 | phase=2.2606e-02 | support=3.0918e+00
2026-08-18 02:22:19 | INFO    | TRAIN | epoch=017/100 | batch=00750/01563 ( 47.98%) | lr=2.500e-04 | elapsed=0:05:29 | eta=0:05:57
    losses | total=3.1828e+00 | fourier=3.1828e+00 | amplitude=2.0175e-02 | phase=2.5181e-02 | support=3.3033e+00
2026-08-18 02:22:41 | INFO    | TRAIN | epoch=017/100 | batch=00800/01563 ( 51.18%) | lr=2.500e-04 | elapsed=0:05:51 | eta=0:05:35
    losses | total=2.8581e+00 | fourier=2.8581e+00 | amplitude=1.9465e-02 | phase=1.6324e-02 | support=3.2028e+00
2026-08-18 02:23:03 | INFO    | TRAIN | epoch=017/100 | batch=00850/01563 ( 54.38%) | lr=2.500e-04 | elapsed=0:06:13 | eta=0:05:13
    losses | total=2.9907e+00 | fourier=2.9907e+00 | amplitude=1.8072e-02 | phase=2.1586e-02 | support=3.0588e+00
2026-08-18 02:23:25 | INFO    | TRAIN | epoch=017/100 | batch=00900/01563 ( 57.58%) | lr=2.500e-04 | elapsed=0:06:35 | eta=0:04:51
    losses | total=2.9022e+00 | fourier=2.9022e+00 | amplitude=2.0077e-02 | phase=1.7363e-02 | support=2.9140e+00
2026-08-18 02:23:47 | INFO    | TRAIN | epoch=017/100 | batch=00950/01563 ( 60.78%) | lr=2.500e-04 | elapsed=0:06:57 | eta=0:04:29
    losses | total=2.9958e+00 | fourier=2.9958e+00 | amplitude=1.9645e-02 | phase=1.7048e-02 | support=3.1311e+00
2026-08-18 02:24:09 | INFO    | TRAIN | epoch=017/100 | batch=01000/01563 ( 63.98%) | lr=2.500e-04 | elapsed=0:07:19 | eta=0:04:07
    losses | total=3.1131e+00 | fourier=3.1131e+00 | amplitude=1.8433e-02 | phase=1.9953e-02 | support=3.2291e+00
2026-08-18 02:24:31 | INFO    | TRAIN | epoch=017/100 | batch=01050/01563 ( 67.18%) | lr=2.500e-04 | elapsed=0:07:41 | eta=0:03:45
    losses | total=2.9520e+00 | fourier=2.9520e+00 | amplitude=1.9946e-02 | phase=1.2014e-02 | support=3.7180e+00
2026-08-18 02:24:53 | INFO    | TRAIN | epoch=017/100 | batch=01100/01563 ( 70.38%) | lr=2.500e-04 | elapsed=0:08:03 | eta=0:03:23
    losses | total=3.1429e+00 | fourier=3.1429e+00 | amplitude=2.0815e-02 | phase=2.0616e-02 | support=3.4162e+00
2026-08-18 02:25:15 | INFO    | TRAIN | epoch=017/100 | batch=01150/01563 ( 73.58%) | lr=2.500e-04 | elapsed=0:08:25 | eta=0:03:01
    losses | total=2.8489e+00 | fourier=2.8489e+00 | amplitude=1.8676e-02 | phase=1.4205e-02 | support=3.8323e+00
2026-08-18 02:25:36 | INFO    | TRAIN | epoch=017/100 | batch=01200/01563 ( 76.78%) | lr=2.500e-04 | elapsed=0:08:47 | eta=0:02:39
    losses | total=2.9430e+00 | fourier=2.9430e+00 | amplitude=2.2304e-02 | phase=1.4347e-02 | support=3.3502e+00
2026-08-18 02:25:58 | INFO    | TRAIN | epoch=017/100 | batch=01250/01563 ( 79.97%) | lr=2.500e-04 | elapsed=0:09:09 | eta=0:02:17
    losses | total=3.0733e+00 | fourier=3.0733e+00 | amplitude=1.7847e-02 | phase=1.9148e-02 | support=3.1892e+00
2026-08-18 02:26:20 | INFO    | TRAIN | epoch=017/100 | batch=01300/01563 ( 83.17%) | lr=2.500e-04 | elapsed=0:09:31 | eta=0:01:55
    losses | total=2.9210e+00 | fourier=2.9210e+00 | amplitude=1.8099e-02 | phase=1.7674e-02 | support=3.4923e+00
2026-08-18 02:26:42 | INFO    | TRAIN | epoch=017/100 | batch=01350/01563 ( 86.37%) | lr=2.500e-04 | elapsed=0:09:53 | eta=0:01:33
    losses | total=3.1001e+00 | fourier=3.1001e+00 | amplitude=2.0538e-02 | phase=1.8740e-02 | support=3.2740e+00
2026-08-18 02:27:04 | INFO    | TRAIN | epoch=017/100 | batch=01400/01563 ( 89.57%) | lr=2.500e-04 | elapsed=0:10:15 | eta=0:01:11
    losses | total=3.0976e+00 | fourier=3.0976e+00 | amplitude=1.8107e-02 | phase=1.7996e-02 | support=3.3737e+00
2026-08-18 02:27:26 | INFO    | TRAIN | epoch=017/100 | batch=01450/01563 ( 92.77%) | lr=2.500e-04 | elapsed=0:10:37 | eta=0:00:49
    losses | total=2.7452e+00 | fourier=2.7452e+00 | amplitude=2.0427e-02 | phase=1.5944e-02 | support=3.3911e+00
2026-08-18 02:27:48 | INFO    | TRAIN | epoch=017/100 | batch=01500/01563 ( 95.97%) | lr=2.500e-04 | elapsed=0:10:59 | eta=0:00:27
    losses | total=2.8901e+00 | fourier=2.8901e+00 | amplitude=1.9931e-02 | phase=1.6166e-02 | support=3.8542e+00
2026-08-18 02:28:10 | INFO    | TRAIN | epoch=017/100 | batch=01550/01563 ( 99.17%) | lr=2.500e-04 | elapsed=0:11:21 | eta=0:00:05
    losses | total=3.0427e+00 | fourier=3.0427e+00 | amplitude=1.9015e-02 | phase=1.6358e-02 | support=3.2020e+00
2026-08-18 02:28:16 | INFO    | TRAIN | epoch=017/100 | batch=01563/01563 (100.00%) | lr=2.500e-04 | elapsed=0:11:27 | eta=0:00:00
    losses | total=2.8965e+00 | fourier=2.8965e+00 | amplitude=1.7460e-02 | phase=1.1713e-02 | support=3.2206e+00
2026-08-18 02:28:16 | INFO    | TRAIN epoch 017 complete | batches=1563 | samples=25000 | time=0:11:27
2026-08-18 02:28:22 | INFO    | VAL | epoch=017/100 | batch=00050/00313 ( 15.97%) | elapsed=0:00:05 | eta=0:00:28
    losses | total=4.2548e+00 | fourier=4.2548e+00 | amplitude=1.9851e-02 | phase=2.0362e-02 | support=3.4223e+00
2026-08-18 02:28:27 | INFO    | VAL | epoch=017/100 | batch=00100/00313 ( 31.95%) | elapsed=0:00:10 | eta=0:00:22
    losses | total=3.4200e+00 | fourier=3.4200e+00 | amplitude=2.0698e-02 | phase=1.5619e-02 | support=3.5865e+00
2026-08-18 02:28:32 | INFO    | VAL | epoch=017/100 | batch=00150/00313 ( 47.92%) | elapsed=0:00:15 | eta=0:00:17
    losses | total=3.7848e+00 | fourier=3.7848e+00 | amplitude=1.8495e-02 | phase=1.6472e-02 | support=3.2536e+00
2026-08-18 02:28:37 | INFO    | VAL | epoch=017/100 | batch=00200/00313 ( 63.90%) | elapsed=0:00:21 | eta=0:00:11
    losses | total=3.8992e+00 | fourier=3.8992e+00 | amplitude=1.9262e-02 | phase=1.5423e-02 | support=3.5134e+00
2026-08-18 02:28:43 | INFO    | VAL | epoch=017/100 | batch=00250/00313 ( 79.87%) | elapsed=0:00:26 | eta=0:00:06
    losses | total=3.7504e+00 | fourier=3.7504e+00 | amplitude=2.0570e-02 | phase=2.1093e-02 | support=3.3103e+00
2026-08-18 02:28:48 | INFO    | VAL | epoch=017/100 | batch=00300/00313 ( 95.85%) | elapsed=0:00:31 | eta=0:00:01
    losses | total=3.5473e+00 | fourier=3.5473e+00 | amplitude=2.0849e-02 | phase=2.0445e-02 | support=3.3039e+00
2026-08-18 02:28:49 | INFO    | VAL | epoch=017/100 | batch=00313/00313 (100.00%) | elapsed=0:00:32 | eta=0:00:00
    losses | total=3.9461e+00 | fourier=3.9461e+00 | amplitude=1.7498e-02 | phase=1.6777e-02 | support=3.0663e+00
2026-08-18 02:28:49 | INFO    | VAL epoch 017 complete | batches=313 | samples=5000 | time=0:00:32
2026-08-18 02:28:49 | INFO    | Cross-skip strengths | 8/phase_to_amp=+1.7373e-03 | 8/amp_to_phase=-2.5757e-02 | 16/phase_to_amp=-1.4255e-02 | 16/amp_to_phase=+7.5692e-02
2026-08-18 02:28:49 | INFO    | 
------------------------------------------------------------------------------------------------
Epoch 017/100 summary
split             total      fourier    amplitude        phase      support        time
train        2.9987e+00   2.9987e+00   1.9461e-02   1.7393e-02   3.4336e+00     0:11:27
validation   3.7067e+00   3.7067e+00   1.9424e-02   1.7518e-02   3.4131e+00     0:00:32
lr=2.500e-04 | best_val=3.6990e+00 | best_updated=no | periodic_checkpoint=no
------------------------------------------------------------------------------------------------
2026-08-18 02:29:12 | INFO    | TRAIN | epoch=018/100 | batch=00050/01563 (  3.20%) | lr=2.500e-04 | elapsed=0:00:22 | eta=0:11:09
    losses | total=3.0547e+00 | fourier=3.0547e+00 | amplitude=2.2395e-02 | phase=1.7569e-02 | support=3.6026e+00
2026-08-18 02:29:34 | INFO    | TRAIN | epoch=018/100 | batch=00100/01563 (  6.40%) | lr=2.500e-04 | elapsed=0:00:44 | eta=0:10:45
    losses | total=3.2173e+00 | fourier=3.2173e+00 | amplitude=1.9671e-02 | phase=2.3753e-02 | support=3.1872e+00
2026-08-18 02:29:56 | INFO    | TRAIN | epoch=018/100 | batch=00150/01563 (  9.60%) | lr=2.500e-04 | elapsed=0:01:06 | eta=0:10:22
    losses | total=3.3776e+00 | fourier=3.3776e+00 | amplitude=2.1458e-02 | phase=3.0902e-02 | support=3.0185e+00
2026-08-18 02:30:17 | INFO    | TRAIN | epoch=018/100 | batch=00200/01563 ( 12.80%) | lr=2.500e-04 | elapsed=0:01:28 | eta=0:09:59
    losses | total=2.8760e+00 | fourier=2.8760e+00 | amplitude=1.9353e-02 | phase=1.9408e-02 | support=3.2840e+00
2026-08-18 02:30:39 | INFO    | TRAIN | epoch=018/100 | batch=00250/01563 ( 15.99%) | lr=2.500e-04 | elapsed=0:01:49 | eta=0:09:37
    losses | total=2.9314e+00 | fourier=2.9314e+00 | amplitude=1.8649e-02 | phase=1.6528e-02 | support=3.6669e+00
2026-08-18 02:31:01 | INFO    | TRAIN | epoch=018/100 | batch=00300/01563 ( 19.19%) | lr=2.500e-04 | elapsed=0:02:11 | eta=0:09:15
    losses | total=2.6682e+00 | fourier=2.6682e+00 | amplitude=1.7791e-02 | phase=1.6047e-02 | support=3.3435e+00
2026-08-18 02:31:23 | INFO    | TRAIN | epoch=018/100 | batch=00350/01563 ( 22.39%) | lr=2.500e-04 | elapsed=0:02:33 | eta=0:08:53
    losses | total=2.7592e+00 | fourier=2.7592e+00 | amplitude=1.8498e-02 | phase=1.4591e-02 | support=3.7897e+00
2026-08-18 02:31:45 | INFO    | TRAIN | epoch=018/100 | batch=00400/01563 ( 25.59%) | lr=2.500e-04 | elapsed=0:02:55 | eta=0:08:31
    losses | total=3.3756e+00 | fourier=3.3756e+00 | amplitude=2.3313e-02 | phase=2.3953e-02 | support=3.1020e+00
2026-08-18 02:32:07 | INFO    | TRAIN | epoch=018/100 | batch=00450/01563 ( 28.79%) | lr=2.500e-04 | elapsed=0:03:17 | eta=0:08:09
    losses | total=3.0611e+00 | fourier=3.0611e+00 | amplitude=2.2822e-02 | phase=1.7222e-02 | support=3.6007e+00
2026-08-18 02:32:29 | INFO    | TRAIN | epoch=018/100 | batch=00500/01563 ( 31.99%) | lr=2.500e-04 | elapsed=0:03:39 | eta=0:07:47
    losses | total=3.0693e+00 | fourier=3.0693e+00 | amplitude=2.0102e-02 | phase=1.5696e-02 | support=3.3051e+00
2026-08-18 02:32:51 | INFO    | TRAIN | epoch=018/100 | batch=00550/01563 ( 35.19%) | lr=2.500e-04 | elapsed=0:04:01 | eta=0:07:25
    losses | total=2.9574e+00 | fourier=2.9574e+00 | amplitude=1.7579e-02 | phase=1.7447e-02 | support=3.0811e+00
2026-08-18 02:33:13 | INFO    | TRAIN | epoch=018/100 | batch=00600/01563 ( 38.39%) | lr=2.500e-04 | elapsed=0:04:23 | eta=0:07:03
    losses | total=3.1250e+00 | fourier=3.1250e+00 | amplitude=1.6433e-02 | phase=1.7881e-02 | support=2.9575e+00
2026-08-18 02:33:35 | INFO    | TRAIN | epoch=018/100 | batch=00650/01563 ( 41.59%) | lr=2.500e-04 | elapsed=0:04:45 | eta=0:06:41
    losses | total=3.2514e+00 | fourier=3.2514e+00 | amplitude=1.9863e-02 | phase=1.9249e-02 | support=3.6170e+00
2026-08-18 02:33:57 | INFO    | TRAIN | epoch=018/100 | batch=00700/01563 ( 44.79%) | lr=2.500e-04 | elapsed=0:05:07 | eta=0:06:19
    losses | total=2.9651e+00 | fourier=2.9651e+00 | amplitude=1.8010e-02 | phase=1.7123e-02 | support=3.3697e+00
2026-08-18 02:34:19 | INFO    | TRAIN | epoch=018/100 | batch=00750/01563 ( 47.98%) | lr=2.500e-04 | elapsed=0:05:29 | eta=0:05:57
    losses | total=3.1851e+00 | fourier=3.1851e+00 | amplitude=2.2756e-02 | phase=2.0291e-02 | support=3.5170e+00
2026-08-18 02:34:41 | INFO    | TRAIN | epoch=018/100 | batch=00800/01563 ( 51.18%) | lr=2.500e-04 | elapsed=0:05:51 | eta=0:05:35
    losses | total=2.8032e+00 | fourier=2.8032e+00 | amplitude=1.9784e-02 | phase=1.2527e-02 | support=4.1451e+00
2026-08-18 02:35:03 | INFO    | TRAIN | epoch=018/100 | batch=00850/01563 ( 54.38%) | lr=2.500e-04 | elapsed=0:06:13 | eta=0:05:13
    losses | total=3.0259e+00 | fourier=3.0259e+00 | amplitude=1.7111e-02 | phase=1.5605e-02 | support=3.5397e+00
2026-08-18 02:35:25 | INFO    | TRAIN | epoch=018/100 | batch=00900/01563 ( 57.58%) | lr=2.500e-04 | elapsed=0:06:35 | eta=0:04:51
    losses | total=2.9389e+00 | fourier=2.9389e+00 | amplitude=2.0037e-02 | phase=2.1230e-02 | support=3.4686e+00
2026-08-18 02:35:47 | INFO    | TRAIN | epoch=018/100 | batch=00950/01563 ( 60.78%) | lr=2.500e-04 | elapsed=0:06:57 | eta=0:04:29
    losses | total=2.9728e+00 | fourier=2.9728e+00 | amplitude=1.8606e-02 | phase=1.5615e-02 | support=3.4283e+00
2026-08-18 02:36:09 | INFO    | TRAIN | epoch=018/100 | batch=01000/01563 ( 63.98%) | lr=2.500e-04 | elapsed=0:07:19 | eta=0:04:07
    losses | total=2.9039e+00 | fourier=2.9039e+00 | amplitude=2.1039e-02 | phase=1.5569e-02 | support=3.4120e+00
2026-08-18 02:36:31 | INFO    | TRAIN | epoch=018/100 | batch=01050/01563 ( 67.18%) | lr=2.500e-04 | elapsed=0:07:41 | eta=0:03:45
    losses | total=2.9431e+00 | fourier=2.9431e+00 | amplitude=2.0001e-02 | phase=1.7548e-02 | support=3.3803e+00
2026-08-18 02:36:53 | INFO    | TRAIN | epoch=018/100 | batch=01100/01563 ( 70.38%) | lr=2.500e-04 | elapsed=0:08:03 | eta=0:03:23
    losses | total=3.1897e+00 | fourier=3.1897e+00 | amplitude=1.8690e-02 | phase=2.2931e-02 | support=3.5160e+00
2026-08-18 02:37:15 | INFO    | TRAIN | epoch=018/100 | batch=01150/01563 ( 73.58%) | lr=2.500e-04 | elapsed=0:08:25 | eta=0:03:01
    losses | total=3.0573e+00 | fourier=3.0573e+00 | amplitude=1.9566e-02 | phase=1.6875e-02 | support=3.4181e+00
2026-08-18 02:37:37 | INFO    | TRAIN | epoch=018/100 | batch=01200/01563 ( 76.78%) | lr=2.500e-04 | elapsed=0:08:47 | eta=0:02:39
    losses | total=2.9939e+00 | fourier=2.9939e+00 | amplitude=1.9404e-02 | phase=1.4039e-02 | support=3.8986e+00
2026-08-18 02:37:58 | INFO    | TRAIN | epoch=018/100 | batch=01250/01563 ( 79.97%) | lr=2.500e-04 | elapsed=0:09:09 | eta=0:02:17
    losses | total=2.9527e+00 | fourier=2.9527e+00 | amplitude=1.9097e-02 | phase=1.4219e-02 | support=3.4525e+00
2026-08-18 02:38:20 | INFO    | TRAIN | epoch=018/100 | batch=01300/01563 ( 83.17%) | lr=2.500e-04 | elapsed=0:09:30 | eta=0:01:55
    losses | total=3.0453e+00 | fourier=3.0453e+00 | amplitude=1.8409e-02 | phase=1.9403e-02 | support=3.8430e+00
2026-08-18 02:38:42 | INFO    | TRAIN | epoch=018/100 | batch=01350/01563 ( 86.37%) | lr=2.500e-04 | elapsed=0:09:52 | eta=0:01:33
    losses | total=3.2532e+00 | fourier=3.2532e+00 | amplitude=2.0106e-02 | phase=1.8566e-02 | support=3.3054e+00
2026-08-18 02:39:04 | INFO    | TRAIN | epoch=018/100 | batch=01400/01563 ( 89.57%) | lr=2.500e-04 | elapsed=0:10:14 | eta=0:01:11
    losses | total=2.9723e+00 | fourier=2.9723e+00 | amplitude=2.0731e-02 | phase=1.9359e-02 | support=3.4896e+00
2026-08-18 02:39:26 | INFO    | TRAIN | epoch=018/100 | batch=01450/01563 ( 92.77%) | lr=2.500e-04 | elapsed=0:10:36 | eta=0:00:49
    losses | total=2.9959e+00 | fourier=2.9959e+00 | amplitude=1.9519e-02 | phase=1.8597e-02 | support=3.7406e+00
2026-08-18 02:39:48 | INFO    | TRAIN | epoch=018/100 | batch=01500/01563 ( 95.97%) | lr=2.500e-04 | elapsed=0:10:58 | eta=0:00:27
    losses | total=2.8360e+00 | fourier=2.8360e+00 | amplitude=2.1317e-02 | phase=1.4345e-02 | support=3.0506e+00
2026-08-18 02:40:10 | INFO    | TRAIN | epoch=018/100 | batch=01550/01563 ( 99.17%) | lr=2.500e-04 | elapsed=0:11:20 | eta=0:00:05
    losses | total=2.8536e+00 | fourier=2.8536e+00 | amplitude=1.9001e-02 | phase=1.8759e-02 | support=3.4634e+00
2026-08-18 02:40:16 | INFO    | TRAIN | epoch=018/100 | batch=01563/01563 (100.00%) | lr=2.500e-04 | elapsed=0:11:26 | eta=0:00:00
    losses | total=3.6033e+00 | fourier=3.6033e+00 | amplitude=2.5899e-02 | phase=2.9275e-02 | support=3.5911e+00
2026-08-18 02:40:16 | INFO    | TRAIN epoch 018 complete | batches=1563 | samples=25000 | time=0:11:26
2026-08-18 02:40:21 | INFO    | VAL | epoch=018/100 | batch=00050/00313 ( 15.97%) | elapsed=0:00:05 | eta=0:00:28
    losses | total=4.2587e+00 | fourier=4.2587e+00 | amplitude=1.9815e-02 | phase=2.0297e-02 | support=3.4318e+00
2026-08-18 02:40:27 | INFO    | VAL | epoch=018/100 | batch=00100/00313 ( 31.95%) | elapsed=0:00:10 | eta=0:00:22
    losses | total=3.4151e+00 | fourier=3.4151e+00 | amplitude=2.0649e-02 | phase=1.5441e-02 | support=3.6010e+00
2026-08-18 02:40:32 | INFO    | VAL | epoch=018/100 | batch=00150/00313 ( 47.92%) | elapsed=0:00:15 | eta=0:00:17
    losses | total=3.8073e+00 | fourier=3.8073e+00 | amplitude=1.8468e-02 | phase=1.6196e-02 | support=3.2658e+00
2026-08-18 02:40:37 | INFO    | VAL | epoch=018/100 | batch=00200/00313 ( 63.90%) | elapsed=0:00:21 | eta=0:00:11
    losses | total=3.8861e+00 | fourier=3.8861e+00 | amplitude=1.9202e-02 | phase=1.5354e-02 | support=3.5155e+00
2026-08-18 02:40:42 | INFO    | VAL | epoch=018/100 | batch=00250/00313 ( 79.87%) | elapsed=0:00:26 | eta=0:00:06
    losses | total=3.7842e+00 | fourier=3.7842e+00 | amplitude=2.0562e-02 | phase=2.0974e-02 | support=3.3316e+00
2026-08-18 02:40:48 | INFO    | VAL | epoch=018/100 | batch=00300/00313 ( 95.85%) | elapsed=0:00:31 | eta=0:00:01
    losses | total=3.6169e+00 | fourier=3.6169e+00 | amplitude=2.0824e-02 | phase=2.0140e-02 | support=3.3074e+00
2026-08-18 02:40:49 | INFO    | VAL | epoch=018/100 | batch=00313/00313 (100.00%) | elapsed=0:00:32 | eta=0:00:00
    losses | total=3.9469e+00 | fourier=3.9469e+00 | amplitude=1.7573e-02 | phase=1.6585e-02 | support=3.1056e+00
2026-08-18 02:40:49 | INFO    | VAL epoch 018 complete | batches=313 | samples=5000 | time=0:00:32
2026-08-18 02:40:49 | INFO    | Cross-skip strengths | 8/phase_to_amp=-6.5688e-05 | 8/amp_to_phase=-2.5902e-02 | 16/phase_to_amp=-1.2743e-02 | 16/amp_to_phase=+7.6625e-02
2026-08-18 02:40:49 | INFO    | 
------------------------------------------------------------------------------------------------
Epoch 018/100 summary
split             total      fourier    amplitude        phase      support        time
train        2.9802e+00   2.9802e+00   1.9462e-02   1.7396e-02   3.4347e+00     0:11:26
validation   3.7151e+00   3.7151e+00   1.9396e-02   1.7341e-02   3.4281e+00     0:00:32
lr=2.500e-04 | best_val=3.6990e+00 | best_updated=no | periodic_checkpoint=no
------------------------------------------------------------------------------------------------
2026-08-18 02:41:11 | INFO    | TRAIN | epoch=019/100 | batch=00050/01563 (  3.20%) | lr=2.500e-04 | elapsed=0:00:22 | eta=0:11:09
    losses | total=2.8480e+00 | fourier=2.8480e+00 | amplitude=2.0086e-02 | phase=1.4904e-02 | support=3.2519e+00
2026-08-18 02:41:33 | INFO    | TRAIN | epoch=019/100 | batch=00100/01563 (  6.40%) | lr=2.500e-04 | elapsed=0:00:44 | eta=0:10:45
    losses | total=2.9095e+00 | fourier=2.9095e+00 | amplitude=1.8667e-02 | phase=1.8434e-02 | support=3.8138e+00
2026-08-18 02:41:55 | INFO    | TRAIN | epoch=019/100 | batch=00150/01563 (  9.60%) | lr=2.500e-04 | elapsed=0:01:06 | eta=0:10:22
    losses | total=2.9488e+00 | fourier=2.9488e+00 | amplitude=1.7138e-02 | phase=2.0739e-02 | support=2.9227e+00
2026-08-18 02:42:17 | INFO    | TRAIN | epoch=019/100 | batch=00200/01563 ( 12.80%) | lr=2.500e-04 | elapsed=0:01:28 | eta=0:10:00
    losses | total=3.2010e+00 | fourier=3.2010e+00 | amplitude=2.1369e-02 | phase=2.8783e-02 | support=3.0241e+00
2026-08-18 02:42:39 | INFO    | TRAIN | epoch=019/100 | batch=00250/01563 ( 15.99%) | lr=2.500e-04 | elapsed=0:01:50 | eta=0:09:38
    losses | total=2.8232e+00 | fourier=2.8232e+00 | amplitude=1.6496e-02 | phase=1.4248e-02 | support=3.4009e+00
2026-08-18 02:43:01 | INFO    | TRAIN | epoch=019/100 | batch=00300/01563 ( 19.19%) | lr=2.500e-04 | elapsed=0:02:12 | eta=0:09:15
    losses | total=3.0737e+00 | fourier=3.0737e+00 | amplitude=1.9832e-02 | phase=1.1933e-02 | support=3.2696e+00
2026-08-18 02:43:23 | INFO    | TRAIN | epoch=019/100 | batch=00350/01563 ( 22.39%) | lr=2.500e-04 | elapsed=0:02:34 | eta=0:08:53
    losses | total=2.7246e+00 | fourier=2.7246e+00 | amplitude=1.4998e-02 | phase=1.3806e-02 | support=3.4654e+00
2026-08-18 02:43:45 | INFO    | TRAIN | epoch=019/100 | batch=00400/01563 ( 25.59%) | lr=2.500e-04 | elapsed=0:02:55 | eta=0:08:31
    losses | total=3.2798e+00 | fourier=3.2798e+00 | amplitude=1.8357e-02 | phase=2.1504e-02 | support=3.0517e+00
2026-08-18 02:44:07 | INFO    | TRAIN | epoch=019/100 | batch=00450/01563 ( 28.79%) | lr=2.500e-04 | elapsed=0:03:17 | eta=0:08:09
    losses | total=3.0541e+00 | fourier=3.0541e+00 | amplitude=1.7725e-02 | phase=1.8778e-02 | support=3.1652e+00
2026-08-18 02:44:29 | INFO    | TRAIN | epoch=019/100 | batch=00500/01563 ( 31.99%) | lr=2.500e-04 | elapsed=0:03:39 | eta=0:07:47
    losses | total=3.0587e+00 | fourier=3.0587e+00 | amplitude=1.7480e-02 | phase=1.6330e-02 | support=3.4611e+00
2026-08-18 02:44:51 | INFO    | TRAIN | epoch=019/100 | batch=00550/01563 ( 35.19%) | lr=2.500e-04 | elapsed=0:04:01 | eta=0:07:25
    losses | total=3.2116e+00 | fourier=3.2116e+00 | amplitude=2.2521e-02 | phase=1.8966e-02 | support=3.3633e+00
2026-08-18 02:45:13 | INFO    | TRAIN | epoch=019/100 | batch=00600/01563 ( 38.39%) | lr=2.500e-04 | elapsed=0:04:23 | eta=0:07:03
    losses | total=3.0990e+00 | fourier=3.0990e+00 | amplitude=2.2422e-02 | phase=1.7578e-02 | support=3.6511e+00
2026-08-18 02:45:35 | INFO    | TRAIN | epoch=019/100 | batch=00650/01563 ( 41.59%) | lr=2.500e-04 | elapsed=0:04:45 | eta=0:06:41
    losses | total=2.9205e+00 | fourier=2.9205e+00 | amplitude=1.7741e-02 | phase=1.3578e-02 | support=3.6011e+00
2026-08-18 02:45:57 | INFO    | TRAIN | epoch=019/100 | batch=00700/01563 ( 44.79%) | lr=2.500e-04 | elapsed=0:05:07 | eta=0:06:19
    losses | total=2.9395e+00 | fourier=2.9395e+00 | amplitude=1.9144e-02 | phase=1.6895e-02 | support=2.8863e+00
2026-08-18 02:46:19 | INFO    | TRAIN | epoch=019/100 | batch=00750/01563 ( 47.98%) | lr=2.500e-04 | elapsed=0:05:29 | eta=0:05:57
    losses | total=2.7469e+00 | fourier=2.7469e+00 | amplitude=2.0472e-02 | phase=1.4911e-02 | support=3.6145e+00
2026-08-18 02:46:41 | INFO    | TRAIN | epoch=019/100 | batch=00800/01563 ( 51.18%) | lr=2.500e-04 | elapsed=0:05:51 | eta=0:05:35
    losses | total=3.2430e+00 | fourier=3.2430e+00 | amplitude=2.0171e-02 | phase=1.9928e-02 | support=3.6190e+00
2026-08-18 02:47:03 | INFO    | TRAIN | epoch=019/100 | batch=00850/01563 ( 54.38%) | lr=2.500e-04 | elapsed=0:06:13 | eta=0:05:13
    losses | total=3.0452e+00 | fourier=3.0452e+00 | amplitude=1.7703e-02 | phase=2.0634e-02 | support=3.0787e+00
2026-08-18 02:47:25 | INFO    | TRAIN | epoch=019/100 | batch=00900/01563 ( 57.58%) | lr=2.500e-04 | elapsed=0:06:35 | eta=0:04:51
    losses | total=3.0905e+00 | fourier=3.0905e+00 | amplitude=2.2167e-02 | phase=1.7553e-02 | support=3.7190e+00
2026-08-18 02:47:47 | INFO    | TRAIN | epoch=019/100 | batch=00950/01563 ( 60.78%) | lr=2.500e-04 | elapsed=0:06:57 | eta=0:04:29
    losses | total=2.9073e+00 | fourier=2.9073e+00 | amplitude=2.0841e-02 | phase=1.8021e-02 | support=3.5204e+00
2026-08-18 02:48:09 | INFO    | TRAIN | epoch=019/100 | batch=01000/01563 ( 63.98%) | lr=2.500e-04 | elapsed=0:07:19 | eta=0:04:07
    losses | total=3.2343e+00 | fourier=3.2343e+00 | amplitude=1.7731e-02 | phase=1.6423e-02 | support=3.3260e+00
2026-08-18 02:48:31 | INFO    | TRAIN | epoch=019/100 | batch=01050/01563 ( 67.18%) | lr=2.500e-04 | elapsed=0:07:41 | eta=0:03:45
    losses | total=2.8832e+00 | fourier=2.8832e+00 | amplitude=2.2026e-02 | phase=1.5479e-02 | support=3.4545e+00
2026-08-18 02:48:53 | INFO    | TRAIN | epoch=019/100 | batch=01100/01563 ( 70.38%) | lr=2.500e-04 | elapsed=0:08:03 | eta=0:03:23
    losses | total=3.1643e+00 | fourier=3.1643e+00 | amplitude=1.9979e-02 | phase=1.9123e-02 | support=3.6617e+00
2026-08-18 02:49:15 | INFO    | TRAIN | epoch=019/100 | batch=01150/01563 ( 73.58%) | lr=2.500e-04 | elapsed=0:08:25 | eta=0:03:01
    losses | total=2.8520e+00 | fourier=2.8520e+00 | amplitude=1.7359e-02 | phase=1.8995e-02 | support=3.5148e+00
2026-08-18 02:49:37 | INFO    | TRAIN | epoch=019/100 | batch=01200/01563 ( 76.78%) | lr=2.500e-04 | elapsed=0:08:47 | eta=0:02:39
    losses | total=2.9849e+00 | fourier=2.9849e+00 | amplitude=1.9795e-02 | phase=1.7498e-02 | support=3.4856e+00
2026-08-18 02:49:59 | INFO    | TRAIN | epoch=019/100 | batch=01250/01563 ( 79.97%) | lr=2.500e-04 | elapsed=0:09:09 | eta=0:02:17
    losses | total=2.8641e+00 | fourier=2.8641e+00 | amplitude=1.9176e-02 | phase=1.5755e-02 | support=3.5093e+00
2026-08-18 02:50:21 | INFO    | TRAIN | epoch=019/100 | batch=01300/01563 ( 83.17%) | lr=2.500e-04 | elapsed=0:09:31 | eta=0:01:55
    losses | total=2.9931e+00 | fourier=2.9931e+00 | amplitude=1.9369e-02 | phase=2.1909e-02 | support=2.9225e+00
2026-08-18 02:50:43 | INFO    | TRAIN | epoch=019/100 | batch=01350/01563 ( 86.37%) | lr=2.500e-04 | elapsed=0:09:53 | eta=0:01:33
    losses | total=2.9585e+00 | fourier=2.9585e+00 | amplitude=2.0356e-02 | phase=1.6533e-02 | support=3.6865e+00
2026-08-18 02:51:05 | INFO    | TRAIN | epoch=019/100 | batch=01400/01563 ( 89.57%) | lr=2.500e-04 | elapsed=0:10:15 | eta=0:01:11
    losses | total=2.8770e+00 | fourier=2.8770e+00 | amplitude=1.8156e-02 | phase=1.6355e-02 | support=3.6920e+00
2026-08-18 02:51:27 | INFO    | TRAIN | epoch=019/100 | batch=01450/01563 ( 92.77%) | lr=2.500e-04 | elapsed=0:10:37 | eta=0:00:49
    losses | total=2.8760e+00 | fourier=2.8760e+00 | amplitude=1.9048e-02 | phase=1.6593e-02 | support=3.5797e+00
2026-08-18 02:51:49 | INFO    | TRAIN | epoch=019/100 | batch=01500/01563 ( 95.97%) | lr=2.500e-04 | elapsed=0:10:59 | eta=0:00:27
    losses | total=2.7418e+00 | fourier=2.7418e+00 | amplitude=1.5933e-02 | phase=1.5060e-02 | support=3.0927e+00
2026-08-18 02:52:11 | INFO    | TRAIN | epoch=019/100 | batch=01550/01563 ( 99.17%) | lr=2.500e-04 | elapsed=0:11:21 | eta=0:00:05
    losses | total=2.9149e+00 | fourier=2.9149e+00 | amplitude=1.8275e-02 | phase=1.2212e-02 | support=3.2277e+00
2026-08-18 02:52:16 | INFO    | TRAIN | epoch=019/100 | batch=01563/01563 (100.00%) | lr=2.500e-04 | elapsed=0:11:26 | eta=0:00:00
    losses | total=3.0383e+00 | fourier=3.0383e+00 | amplitude=1.8858e-02 | phase=2.1202e-02 | support=2.8389e+00
2026-08-18 02:52:17 | INFO    | TRAIN epoch 019 complete | batches=1563 | samples=25000 | time=0:11:27
2026-08-18 02:52:22 | INFO    | VAL | epoch=019/100 | batch=00050/00313 ( 15.97%) | elapsed=0:00:05 | eta=0:00:28
    losses | total=4.2585e+00 | fourier=4.2585e+00 | amplitude=1.9903e-02 | phase=2.0471e-02 | support=3.4248e+00
2026-08-18 02:52:27 | INFO    | VAL | epoch=019/100 | batch=00100/00313 ( 31.95%) | elapsed=0:00:10 | eta=0:00:22
    losses | total=3.4162e+00 | fourier=3.4162e+00 | amplitude=2.0785e-02 | phase=1.5783e-02 | support=3.5838e+00
2026-08-18 02:52:32 | INFO    | VAL | epoch=019/100 | batch=00150/00313 ( 47.92%) | elapsed=0:00:15 | eta=0:00:17
    losses | total=3.7990e+00 | fourier=3.7990e+00 | amplitude=1.8561e-02 | phase=1.6486e-02 | support=3.2503e+00
2026-08-18 02:52:38 | INFO    | VAL | epoch=019/100 | batch=00200/00313 ( 63.90%) | elapsed=0:00:21 | eta=0:00:11
    losses | total=3.8983e+00 | fourier=3.8983e+00 | amplitude=1.9284e-02 | phase=1.5633e-02 | support=3.4995e+00
2026-08-18 02:52:43 | INFO    | VAL | epoch=019/100 | batch=00250/00313 ( 79.87%) | elapsed=0:00:26 | eta=0:00:06
    losses | total=3.7609e+00 | fourier=3.7609e+00 | amplitude=2.0632e-02 | phase=2.1233e-02 | support=3.3051e+00
2026-08-18 02:52:48 | INFO    | VAL | epoch=019/100 | batch=00300/00313 ( 95.85%) | elapsed=0:00:31 | eta=0:00:01
    losses | total=3.5939e+00 | fourier=3.5939e+00 | amplitude=2.0906e-02 | phase=2.0688e-02 | support=3.2914e+00
2026-08-18 02:52:49 | INFO    | VAL | epoch=019/100 | batch=00313/00313 (100.00%) | elapsed=0:00:32 | eta=0:00:00
    losses | total=3.9606e+00 | fourier=3.9606e+00 | amplitude=1.7646e-02 | phase=1.7274e-02 | support=3.0803e+00
2026-08-18 02:52:49 | INFO    | VAL epoch 019 complete | batches=313 | samples=5000 | time=0:00:32
2026-08-18 02:52:49 | INFO    | Cross-skip strengths | 8/phase_to_amp=-9.2049e-05 | 8/amp_to_phase=-2.5686e-02 | 16/phase_to_amp=-1.4664e-02 | 16/amp_to_phase=+7.8092e-02
2026-08-18 02:52:50 | INFO    | 
------------------------------------------------------------------------------------------------
Epoch 019/100 summary
split             total      fourier    amplitude        phase      support        time
train        2.9730e+00   2.9730e+00   1.9465e-02   1.7402e-02   3.4333e+00     0:11:27
validation   3.7085e+00   3.7085e+00   1.9484e-02   1.7698e-02   3.4098e+00     0:00:32
lr=2.500e-04 | best_val=3.6990e+00 | best_updated=no | periodic_checkpoint=no
------------------------------------------------------------------------------------------------
2026-08-18 02:53:12 | INFO    | TRAIN | epoch=020/100 | batch=00050/01563 (  3.20%) | lr=2.500e-04 | elapsed=0:00:22 | eta=0:11:11
    losses | total=3.0785e+00 | fourier=3.0785e+00 | amplitude=2.3901e-02 | phase=2.2335e-02 | support=3.2888e+00
2026-08-18 02:53:34 | INFO    | TRAIN | epoch=020/100 | batch=00100/01563 (  6.40%) | lr=2.500e-04 | elapsed=0:00:44 | eta=0:10:46
    losses | total=2.8991e+00 | fourier=2.8991e+00 | amplitude=2.1978e-02 | phase=1.8433e-02 | support=3.4899e+00
2026-08-18 02:53:56 | INFO    | TRAIN | epoch=020/100 | batch=00150/01563 (  9.60%) | lr=2.500e-04 | elapsed=0:01:06 | eta=0:10:23
    losses | total=2.8840e+00 | fourier=2.8840e+00 | amplitude=2.0424e-02 | phase=1.9112e-02 | support=3.0112e+00
2026-08-18 02:54:18 | INFO    | TRAIN | epoch=020/100 | batch=00200/01563 ( 12.80%) | lr=2.500e-04 | elapsed=0:01:28 | eta=0:10:00
    losses | total=3.0164e+00 | fourier=3.0164e+00 | amplitude=1.7253e-02 | phase=1.5304e-02 | support=3.8489e+00
2026-08-18 02:54:40 | INFO    | TRAIN | epoch=020/100 | batch=00250/01563 ( 15.99%) | lr=2.500e-04 | elapsed=0:01:50 | eta=0:09:38
    losses | total=2.9860e+00 | fourier=2.9860e+00 | amplitude=2.2236e-02 | phase=2.0395e-02 | support=3.2358e+00
2026-08-18 02:55:02 | INFO    | TRAIN | epoch=020/100 | batch=00300/01563 ( 19.19%) | lr=2.500e-04 | elapsed=0:02:12 | eta=0:09:16
    losses | total=2.9926e+00 | fourier=2.9926e+00 | amplitude=2.3602e-02 | phase=2.0268e-02 | support=3.1997e+00
2026-08-18 02:55:24 | INFO    | TRAIN | epoch=020/100 | batch=00350/01563 ( 22.39%) | lr=2.500e-04 | elapsed=0:02:34 | eta=0:08:54
    losses | total=3.1154e+00 | fourier=3.1154e+00 | amplitude=1.6716e-02 | phase=1.8495e-02 | support=3.0596e+00
2026-08-18 02:55:46 | INFO    | TRAIN | epoch=020/100 | batch=00400/01563 ( 25.59%) | lr=2.500e-04 | elapsed=0:02:56 | eta=0:08:31
    losses | total=2.9075e+00 | fourier=2.9075e+00 | amplitude=1.8620e-02 | phase=1.5970e-02 | support=3.6610e+00
2026-08-18 02:56:08 | INFO    | TRAIN | epoch=020/100 | batch=00450/01563 ( 28.79%) | lr=2.500e-04 | elapsed=0:03:18 | eta=0:08:09
    losses | total=2.8751e+00 | fourier=2.8751e+00 | amplitude=1.8465e-02 | phase=1.7357e-02 | support=3.7601e+00
2026-08-18 02:56:30 | INFO    | TRAIN | epoch=020/100 | batch=00500/01563 ( 31.99%) | lr=2.500e-04 | elapsed=0:03:40 | eta=0:07:47
    losses | total=3.1070e+00 | fourier=3.1070e+00 | amplitude=2.0203e-02 | phase=2.3997e-02 | support=3.1996e+00
2026-08-18 02:56:52 | INFO    | TRAIN | epoch=020/100 | batch=00550/01563 ( 35.19%) | lr=2.500e-04 | elapsed=0:04:01 | eta=0:07:25
    losses | total=2.7661e+00 | fourier=2.7661e+00 | amplitude=1.9913e-02 | phase=1.4119e-02 | support=3.6346e+00
2026-08-18 02:57:14 | INFO    | TRAIN | epoch=020/100 | batch=00600/01563 ( 38.39%) | lr=2.500e-04 | elapsed=0:04:23 | eta=0:07:03
    losses | total=3.1658e+00 | fourier=3.1658e+00 | amplitude=2.0565e-02 | phase=2.5099e-02 | support=3.1104e+00
2026-08-18 02:57:36 | INFO    | TRAIN | epoch=020/100 | batch=00650/01563 ( 41.59%) | lr=2.500e-04 | elapsed=0:04:45 | eta=0:06:41
    losses | total=2.8902e+00 | fourier=2.8902e+00 | amplitude=1.9951e-02 | phase=1.6790e-02 | support=3.3821e+00
2026-08-18 02:57:58 | INFO    | TRAIN | epoch=020/100 | batch=00700/01563 ( 44.79%) | lr=2.500e-04 | elapsed=0:05:07 | eta=0:06:19
    losses | total=2.9267e+00 | fourier=2.9267e+00 | amplitude=1.9623e-02 | phase=1.5397e-02 | support=3.4369e+00
2026-08-18 02:58:20 | INFO    | TRAIN | epoch=020/100 | batch=00750/01563 ( 47.98%) | lr=2.500e-04 | elapsed=0:05:29 | eta=0:05:57
    losses | total=2.8432e+00 | fourier=2.8432e+00 | amplitude=1.8711e-02 | phase=1.3031e-02 | support=3.3267e+00
2026-08-18 02:58:42 | INFO    | TRAIN | epoch=020/100 | batch=00800/01563 ( 51.18%) | lr=2.500e-04 | elapsed=0:05:51 | eta=0:05:35
    losses | total=3.2894e+00 | fourier=3.2894e+00 | amplitude=2.0037e-02 | phase=2.1917e-02 | support=3.4016e+00
2026-08-18 02:59:04 | INFO    | TRAIN | epoch=020/100 | batch=00850/01563 ( 54.38%) | lr=2.500e-04 | elapsed=0:06:13 | eta=0:05:13
    losses | total=2.8208e+00 | fourier=2.8208e+00 | amplitude=1.8117e-02 | phase=1.4558e-02 | support=3.6878e+00
2026-08-18 02:59:25 | INFO    | TRAIN | epoch=020/100 | batch=00900/01563 ( 57.58%) | lr=2.500e-04 | elapsed=0:06:35 | eta=0:04:51
    losses | total=2.9520e+00 | fourier=2.9520e+00 | amplitude=1.9498e-02 | phase=1.8267e-02 | support=3.2298e+00
2026-08-18 02:59:47 | INFO    | TRAIN | epoch=020/100 | batch=00950/01563 ( 60.78%) | lr=2.500e-04 | elapsed=0:06:57 | eta=0:04:29
    losses | total=3.1488e+00 | fourier=3.1488e+00 | amplitude=2.0400e-02 | phase=1.9624e-02 | support=3.1713e+00
2026-08-18 03:00:09 | INFO    | TRAIN | epoch=020/100 | batch=01000/01563 ( 63.98%) | lr=2.500e-04 | elapsed=0:07:19 | eta=0:04:07
    losses | total=2.8652e+00 | fourier=2.8652e+00 | amplitude=1.8738e-02 | phase=1.3848e-02 | support=3.8187e+00
2026-08-18 03:00:31 | INFO    | TRAIN | epoch=020/100 | batch=01050/01563 ( 67.18%) | lr=2.500e-04 | elapsed=0:07:41 | eta=0:03:45
    losses | total=3.0554e+00 | fourier=3.0554e+00 | amplitude=1.9468e-02 | phase=1.7063e-02 | support=2.9453e+00
2026-08-18 03:00:53 | INFO    | TRAIN | epoch=020/100 | batch=01100/01563 ( 70.38%) | lr=2.500e-04 | elapsed=0:08:03 | eta=0:03:23
    losses | total=2.9310e+00 | fourier=2.9310e+00 | amplitude=2.0252e-02 | phase=1.8630e-02 | support=3.7298e+00
2026-08-18 03:01:15 | INFO    | TRAIN | epoch=020/100 | batch=01150/01563 ( 73.58%) | lr=2.500e-04 | elapsed=0:08:25 | eta=0:03:01
    losses | total=2.8517e+00 | fourier=2.8517e+00 | amplitude=2.1357e-02 | phase=1.6580e-02 | support=3.5117e+00
2026-08-18 03:01:37 | INFO    | TRAIN | epoch=020/100 | batch=01200/01563 ( 76.78%) | lr=2.500e-04 | elapsed=0:08:47 | eta=0:02:39
    losses | total=2.8728e+00 | fourier=2.8728e+00 | amplitude=1.7528e-02 | phase=1.4585e-02 | support=3.7252e+00
2026-08-18 03:01:59 | INFO    | TRAIN | epoch=020/100 | batch=01250/01563 ( 79.97%) | lr=2.500e-04 | elapsed=0:09:09 | eta=0:02:17
    losses | total=2.8610e+00 | fourier=2.8610e+00 | amplitude=1.6429e-02 | phase=1.3895e-02 | support=3.4356e+00
2026-08-18 03:02:21 | INFO    | TRAIN | epoch=020/100 | batch=01300/01563 ( 83.17%) | lr=2.500e-04 | elapsed=0:09:31 | eta=0:01:55
    losses | total=2.9150e+00 | fourier=2.9150e+00 | amplitude=1.5514e-02 | phase=1.1938e-02 | support=3.6139e+00
2026-08-18 03:02:43 | INFO    | TRAIN | epoch=020/100 | batch=01350/01563 ( 86.37%) | lr=2.500e-04 | elapsed=0:09:53 | eta=0:01:33
    losses | total=3.2231e+00 | fourier=3.2231e+00 | amplitude=2.0117e-02 | phase=2.1812e-02 | support=3.5299e+00
2026-08-18 03:03:05 | INFO    | TRAIN | epoch=020/100 | batch=01400/01563 ( 89.57%) | lr=2.500e-04 | elapsed=0:10:15 | eta=0:01:11
    losses | total=3.0725e+00 | fourier=3.0725e+00 | amplitude=2.1362e-02 | phase=1.8216e-02 | support=2.8878e+00
2026-08-18 03:03:27 | INFO    | TRAIN | epoch=020/100 | batch=01450/01563 ( 92.77%) | lr=2.500e-04 | elapsed=0:10:37 | eta=0:00:49
    losses | total=3.3932e+00 | fourier=3.3932e+00 | amplitude=2.0504e-02 | phase=1.8511e-02 | support=3.5794e+00
2026-08-18 03:03:49 | INFO    | TRAIN | epoch=020/100 | batch=01500/01563 ( 95.97%) | lr=2.500e-04 | elapsed=0:10:59 | eta=0:00:27
    losses | total=2.7824e+00 | fourier=2.7824e+00 | amplitude=2.1475e-02 | phase=1.7762e-02 | support=3.6673e+00
2026-08-18 03:04:11 | INFO    | TRAIN | epoch=020/100 | batch=01550/01563 ( 99.17%) | lr=2.500e-04 | elapsed=0:11:21 | eta=0:00:05
    losses | total=2.9335e+00 | fourier=2.9335e+00 | amplitude=1.9464e-02 | phase=1.6487e-02 | support=3.1785e+00
2026-08-18 03:04:17 | INFO    | TRAIN | epoch=020/100 | batch=01563/01563 (100.00%) | lr=2.500e-04 | elapsed=0:11:26 | eta=0:00:00
    losses | total=3.2215e+00 | fourier=3.2215e+00 | amplitude=1.9445e-02 | phase=1.4014e-02 | support=3.4433e+00
2026-08-18 03:04:17 | INFO    | TRAIN epoch 020 complete | batches=1563 | samples=25000 | time=0:11:27
2026-08-18 03:04:23 | INFO    | VAL | epoch=020/100 | batch=00050/00313 ( 15.97%) | elapsed=0:00:05 | eta=0:00:28
    losses | total=4.2949e+00 | fourier=4.2949e+00 | amplitude=1.9786e-02 | phase=2.0088e-02 | support=3.4446e+00
2026-08-18 03:04:28 | INFO    | VAL | epoch=020/100 | batch=00100/00313 ( 31.95%) | elapsed=0:00:10 | eta=0:00:22
    losses | total=3.4136e+00 | fourier=3.4136e+00 | amplitude=2.0645e-02 | phase=1.5350e-02 | support=3.6105e+00
2026-08-18 03:04:33 | INFO    | VAL | epoch=020/100 | batch=00150/00313 ( 47.92%) | elapsed=0:00:15 | eta=0:00:17
    losses | total=3.7376e+00 | fourier=3.7376e+00 | amplitude=1.8496e-02 | phase=1.6183e-02 | support=3.2907e+00
2026-08-18 03:04:38 | INFO    | VAL | epoch=020/100 | batch=00200/00313 ( 63.90%) | elapsed=0:00:21 | eta=0:00:11
    losses | total=3.8679e+00 | fourier=3.8679e+00 | amplitude=1.9195e-02 | phase=1.5285e-02 | support=3.5342e+00
2026-08-18 03:04:43 | INFO    | VAL | epoch=020/100 | batch=00250/00313 ( 79.87%) | elapsed=0:00:26 | eta=0:00:06
    losses | total=3.7657e+00 | fourier=3.7657e+00 | amplitude=2.0523e-02 | phase=2.0912e-02 | support=3.3364e+00
2026-08-18 03:04:49 | INFO    | VAL | epoch=020/100 | batch=00300/00313 ( 95.85%) | elapsed=0:00:31 | eta=0:00:01
    losses | total=3.6019e+00 | fourier=3.6019e+00 | amplitude=2.0774e-02 | phase=2.0068e-02 | support=3.3258e+00
2026-08-18 03:04:50 | INFO    | VAL | epoch=020/100 | batch=00313/00313 (100.00%) | elapsed=0:00:32 | eta=0:00:00
    losses | total=3.9969e+00 | fourier=3.9969e+00 | amplitude=1.7525e-02 | phase=1.6493e-02 | support=3.1059e+00
2026-08-18 03:04:50 | INFO    | VAL epoch 020 complete | batches=313 | samples=5000 | time=0:00:32
2026-08-18 03:04:50 | INFO    | Cross-skip strengths | 8/phase_to_amp=+1.2476e-03 | 8/amp_to_phase=-2.7184e-02 | 16/phase_to_amp=-1.5409e-02 | 16/amp_to_phase=+7.9349e-02
2026-08-18 03:04:51 | INFO    | 
------------------------------------------------------------------------------------------------
Epoch 020/100 summary
split             total      fourier    amplitude        phase      support        time
train        2.9713e+00   2.9713e+00   1.9463e-02   1.7393e-02   3.4330e+00     0:11:27
validation   3.7169e+00   3.7169e+00   1.9374e-02   1.7289e-02   3.4390e+00     0:00:32
lr=2.500e-04 | best_val=3.6990e+00 | best_updated=no | periodic_checkpoint=yes
------------------------------------------------------------------------------------------------
2026-08-18 03:05:13 | INFO    | TRAIN | epoch=021/100 | batch=00050/01563 (  3.20%) | lr=2.500e-04 | elapsed=0:00:22 | eta=0:11:10
    losses | total=2.8004e+00 | fourier=2.8004e+00 | amplitude=2.0485e-02 | phase=1.8747e-02 | support=3.5149e+00
2026-08-18 03:05:35 | INFO    | TRAIN | epoch=021/100 | batch=00100/01563 (  6.40%) | lr=2.500e-04 | elapsed=0:00:44 | eta=0:10:45
    losses | total=3.1679e+00 | fourier=3.1679e+00 | amplitude=2.1554e-02 | phase=2.0683e-02 | support=3.2419e+00
2026-08-18 03:05:57 | INFO    | TRAIN | epoch=021/100 | batch=00150/01563 (  9.60%) | lr=2.500e-04 | elapsed=0:01:06 | eta=0:10:22
    losses | total=2.8753e+00 | fourier=2.8753e+00 | amplitude=1.8408e-02 | phase=1.1480e-02 | support=3.8064e+00
2026-08-18 03:06:19 | INFO    | TRAIN | epoch=021/100 | batch=00200/01563 ( 12.80%) | lr=2.500e-04 | elapsed=0:01:28 | eta=0:09:59
    losses | total=2.9695e+00 | fourier=2.9695e+00 | amplitude=1.9413e-02 | phase=1.7151e-02 | support=3.2981e+00
2026-08-18 03:06:41 | INFO    | TRAIN | epoch=021/100 | batch=00250/01563 ( 15.99%) | lr=2.500e-04 | elapsed=0:01:49 | eta=0:09:37
    losses | total=2.9173e+00 | fourier=2.9173e+00 | amplitude=2.0609e-02 | phase=1.6106e-02 | support=3.4520e+00
2026-08-18 03:07:03 | INFO    | TRAIN | epoch=021/100 | batch=00300/01563 ( 19.19%) | lr=2.500e-04 | elapsed=0:02:11 | eta=0:09:15
    losses | total=2.8555e+00 | fourier=2.8555e+00 | amplitude=2.2065e-02 | phase=1.6401e-02 | support=3.1258e+00
2026-08-18 03:07:25 | INFO    | TRAIN | epoch=021/100 | batch=00350/01563 ( 22.39%) | lr=2.500e-04 | elapsed=0:02:33 | eta=0:08:53
    losses | total=3.0711e+00 | fourier=3.0711e+00 | amplitude=1.9184e-02 | phase=1.9136e-02 | support=3.3193e+00
2026-08-18 03:07:47 | INFO    | TRAIN | epoch=021/100 | batch=00400/01563 ( 25.59%) | lr=2.500e-04 | elapsed=0:02:55 | eta=0:08:31
    losses | total=3.0482e+00 | fourier=3.0482e+00 | amplitude=2.0300e-02 | phase=2.2107e-02 | support=3.4353e+00
2026-08-18 03:08:09 | INFO    | TRAIN | epoch=021/100 | batch=00450/01563 ( 28.79%) | lr=2.500e-04 | elapsed=0:03:17 | eta=0:08:09
    losses | total=3.1235e+00 | fourier=3.1235e+00 | amplitude=1.8133e-02 | phase=1.8955e-02 | support=3.1808e+00
2026-08-18 03:08:30 | INFO    | TRAIN | epoch=021/100 | batch=00500/01563 ( 31.99%) | lr=2.500e-04 | elapsed=0:03:39 | eta=0:07:46
    losses | total=3.0494e+00 | fourier=3.0494e+00 | amplitude=1.6635e-02 | phase=1.7058e-02 | support=3.1578e+00
2026-08-18 03:08:52 | INFO    | TRAIN | epoch=021/100 | batch=00550/01563 ( 35.19%) | lr=2.500e-04 | elapsed=0:04:01 | eta=0:07:24
    losses | total=2.9572e+00 | fourier=2.9572e+00 | amplitude=1.8123e-02 | phase=1.7446e-02 | support=3.3611e+00
2026-08-18 03:09:14 | INFO    | TRAIN | epoch=021/100 | batch=00600/01563 ( 38.39%) | lr=2.500e-04 | elapsed=0:04:23 | eta=0:07:02
    losses | total=3.0103e+00 | fourier=3.0103e+00 | amplitude=1.8158e-02 | phase=1.7324e-02 | support=3.2044e+00
2026-08-18 03:09:36 | INFO    | TRAIN | epoch=021/100 | batch=00650/01563 ( 41.59%) | lr=2.500e-04 | elapsed=0:04:45 | eta=0:06:40
    losses | total=3.0009e+00 | fourier=3.0009e+00 | amplitude=1.7424e-02 | phase=1.8526e-02 | support=3.3118e+00
2026-08-18 03:09:58 | INFO    | TRAIN | epoch=021/100 | batch=00700/01563 ( 44.79%) | lr=2.500e-04 | elapsed=0:05:07 | eta=0:06:19
    losses | total=3.0858e+00 | fourier=3.0858e+00 | amplitude=2.3191e-02 | phase=1.8813e-02 | support=3.5528e+00
2026-08-18 03:10:20 | INFO    | TRAIN | epoch=021/100 | batch=00750/01563 ( 47.98%) | lr=2.500e-04 | elapsed=0:05:29 | eta=0:05:57
    losses | total=2.9033e+00 | fourier=2.9033e+00 | amplitude=1.6807e-02 | phase=2.5550e-02 | support=2.9107e+00
2026-08-18 03:10:42 | INFO    | TRAIN | epoch=021/100 | batch=00800/01563 ( 51.18%) | lr=2.500e-04 | elapsed=0:05:51 | eta=0:05:35
    losses | total=3.2060e+00 | fourier=3.2060e+00 | amplitude=1.7062e-02 | phase=1.7818e-02 | support=3.2299e+00
2026-08-18 03:11:04 | INFO    | TRAIN | epoch=021/100 | batch=00850/01563 ( 54.38%) | lr=2.500e-04 | elapsed=0:06:13 | eta=0:05:13
    losses | total=2.7222e+00 | fourier=2.7222e+00 | amplitude=1.6957e-02 | phase=1.4166e-02 | support=3.5906e+00
2026-08-18 03:11:26 | INFO    | TRAIN | epoch=021/100 | batch=00900/01563 ( 57.58%) | lr=2.500e-04 | elapsed=0:06:35 | eta=0:04:51
    losses | total=2.9880e+00 | fourier=2.9880e+00 | amplitude=2.2066e-02 | phase=1.9912e-02 | support=3.8110e+00
2026-08-18 03:11:48 | INFO    | TRAIN | epoch=021/100 | batch=00950/01563 ( 60.78%) | lr=2.500e-04 | elapsed=0:06:57 | eta=0:04:29
    losses | total=2.9627e+00 | fourier=2.9627e+00 | amplitude=1.8513e-02 | phase=1.4754e-02 | support=3.6631e+00
2026-08-18 03:12:10 | INFO    | TRAIN | epoch=021/100 | batch=01000/01563 ( 63.98%) | lr=2.500e-04 | elapsed=0:07:19 | eta=0:04:07
    losses | total=3.0099e+00 | fourier=3.0099e+00 | amplitude=1.6558e-02 | phase=1.4659e-02 | support=3.5011e+00
2026-08-18 03:12:32 | INFO    | TRAIN | epoch=021/100 | batch=01050/01563 ( 67.18%) | lr=2.500e-04 | elapsed=0:07:41 | eta=0:03:45
    losses | total=3.1216e+00 | fourier=3.1216e+00 | amplitude=2.0740e-02 | phase=2.0950e-02 | support=3.4176e+00
2026-08-18 03:12:54 | INFO    | TRAIN | epoch=021/100 | batch=01100/01563 ( 70.38%) | lr=2.500e-04 | elapsed=0:08:03 | eta=0:03:23
    losses | total=2.7179e+00 | fourier=2.7179e+00 | amplitude=1.7899e-02 | phase=1.3141e-02 | support=3.5466e+00
2026-08-18 03:13:16 | INFO    | TRAIN | epoch=021/100 | batch=01150/01563 ( 73.58%) | lr=2.500e-04 | elapsed=0:08:24 | eta=0:03:01
    losses | total=2.8115e+00 | fourier=2.8115e+00 | amplitude=1.6856e-02 | phase=1.4437e-02 | support=3.3613e+00
2026-08-18 03:13:38 | INFO    | TRAIN | epoch=021/100 | batch=01200/01563 ( 76.78%) | lr=2.500e-04 | elapsed=0:08:46 | eta=0:02:39
    losses | total=2.8932e+00 | fourier=2.8932e+00 | amplitude=1.8275e-02 | phase=1.4039e-02 | support=4.1854e+00
2026-08-18 03:14:00 | INFO    | TRAIN | epoch=021/100 | batch=01250/01563 ( 79.97%) | lr=2.500e-04 | elapsed=0:09:08 | eta=0:02:17
    losses | total=3.1232e+00 | fourier=3.1232e+00 | amplitude=1.9732e-02 | phase=2.0882e-02 | support=3.4333e+00
2026-08-18 03:14:22 | INFO    | TRAIN | epoch=021/100 | batch=01300/01563 ( 83.17%) | lr=2.500e-04 | elapsed=0:09:30 | eta=0:01:55
    losses | total=2.7615e+00 | fourier=2.7615e+00 | amplitude=1.7688e-02 | phase=1.5699e-02 | support=3.0564e+00
2026-08-18 03:14:44 | INFO    | TRAIN | epoch=021/100 | batch=01350/01563 ( 86.37%) | lr=2.500e-04 | elapsed=0:09:52 | eta=0:01:33
    losses | total=3.1322e+00 | fourier=3.1322e+00 | amplitude=2.2518e-02 | phase=2.0953e-02 | support=3.2900e+00
2026-08-18 03:15:05 | INFO    | TRAIN | epoch=021/100 | batch=01400/01563 ( 89.57%) | lr=2.500e-04 | elapsed=0:10:14 | eta=0:01:11
    losses | total=2.9031e+00 | fourier=2.9031e+00 | amplitude=1.8812e-02 | phase=2.0967e-02 | support=3.2763e+00
2026-08-18 03:15:27 | INFO    | TRAIN | epoch=021/100 | batch=01450/01563 ( 92.77%) | lr=2.500e-04 | elapsed=0:10:36 | eta=0:00:49
    losses | total=2.9505e+00 | fourier=2.9505e+00 | amplitude=1.8845e-02 | phase=1.4445e-02 | support=3.5311e+00
2026-08-18 03:15:49 | INFO    | TRAIN | epoch=021/100 | batch=01500/01563 ( 95.97%) | lr=2.500e-04 | elapsed=0:10:58 | eta=0:00:27
    losses | total=2.8698e+00 | fourier=2.8698e+00 | amplitude=2.0431e-02 | phase=1.6490e-02 | support=3.5060e+00
2026-08-18 03:16:11 | INFO    | TRAIN | epoch=021/100 | batch=01550/01563 ( 99.17%) | lr=2.500e-04 | elapsed=0:11:20 | eta=0:00:05
    losses | total=2.8795e+00 | fourier=2.8795e+00 | amplitude=1.9556e-02 | phase=1.7068e-02 | support=3.6912e+00
2026-08-18 03:16:17 | INFO    | TRAIN | epoch=021/100 | batch=01563/01563 (100.00%) | lr=2.500e-04 | elapsed=0:11:26 | eta=0:00:00
    losses | total=3.3932e+00 | fourier=3.3932e+00 | amplitude=1.9347e-02 | phase=1.7911e-02 | support=2.8851e+00
2026-08-18 03:16:17 | INFO    | TRAIN epoch 021 complete | batches=1563 | samples=25000 | time=0:11:26
2026-08-18 03:16:23 | INFO    | VAL | epoch=021/100 | batch=00050/00313 ( 15.97%) | elapsed=0:00:05 | eta=0:00:28
    losses | total=4.2618e+00 | fourier=4.2618e+00 | amplitude=1.9893e-02 | phase=2.0438e-02 | support=3.4055e+00
2026-08-18 03:16:28 | INFO    | VAL | epoch=021/100 | batch=00100/00313 ( 31.95%) | elapsed=0:00:10 | eta=0:00:22
    losses | total=3.4075e+00 | fourier=3.4075e+00 | amplitude=2.0784e-02 | phase=1.5638e-02 | support=3.5770e+00
2026-08-18 03:16:33 | INFO    | VAL | epoch=021/100 | batch=00150/00313 ( 47.92%) | elapsed=0:00:15 | eta=0:00:17
    losses | total=3.7937e+00 | fourier=3.7937e+00 | amplitude=1.8564e-02 | phase=1.6568e-02 | support=3.2495e+00
2026-08-18 03:16:38 | INFO    | VAL | epoch=021/100 | batch=00200/00313 ( 63.90%) | elapsed=0:00:21 | eta=0:00:11
    losses | total=3.8660e+00 | fourier=3.8660e+00 | amplitude=1.9307e-02 | phase=1.5583e-02 | support=3.4935e+00
2026-08-18 03:16:43 | INFO    | VAL | epoch=021/100 | batch=00250/00313 ( 79.87%) | elapsed=0:00:26 | eta=0:00:06
    losses | total=3.7416e+00 | fourier=3.7416e+00 | amplitude=2.0636e-02 | phase=2.1234e-02 | support=3.3043e+00
2026-08-18 03:16:49 | INFO    | VAL | epoch=021/100 | batch=00300/00313 ( 95.85%) | elapsed=0:00:31 | eta=0:00:01
    losses | total=3.5640e+00 | fourier=3.5640e+00 | amplitude=2.0951e-02 | phase=2.0516e-02 | support=3.2893e+00
2026-08-18 03:16:50 | INFO    | VAL | epoch=021/100 | batch=00313/00313 (100.00%) | elapsed=0:00:32 | eta=0:00:00
    losses | total=3.9137e+00 | fourier=3.9137e+00 | amplitude=1.7633e-02 | phase=1.7130e-02 | support=3.0653e+00
2026-08-18 03:16:50 | INFO    | VAL epoch 021 complete | batches=313 | samples=5000 | time=0:00:32
2026-08-18 03:16:50 | INFO    | Cross-skip strengths | 8/phase_to_amp=+1.1589e-03 | 8/amp_to_phase=-2.6418e-02 | 16/phase_to_amp=-1.3841e-02 | 16/amp_to_phase=+7.9814e-02
2026-08-18 03:16:50 | INFO    | 
------------------------------------------------------------------------------------------------
Epoch 021/100 summary
split             total      fourier    amplitude        phase      support        time
train        2.9667e+00   2.9667e+00   1.9464e-02   1.7389e-02   3.4298e+00     0:11:26
validation   3.7028e+00   3.7028e+00   1.9502e-02   1.7594e-02   3.4074e+00     0:00:32
lr=2.500e-04 | best_val=3.6990e+00 | best_updated=no | periodic_checkpoint=no
------------------------------------------------------------------------------------------------
2026-08-18 03:17:12 | INFO    | TRAIN | epoch=022/100 | batch=00050/01563 (  3.20%) | lr=2.500e-04 | elapsed=0:00:22 | eta=0:11:09
    losses | total=3.1342e+00 | fourier=3.1342e+00 | amplitude=1.9493e-02 | phase=1.7750e-02 | support=3.7742e+00
2026-08-18 03:17:34 | INFO    | TRAIN | epoch=022/100 | batch=00100/01563 (  6.40%) | lr=2.500e-04 | elapsed=0:00:44 | eta=0:10:45
    losses | total=2.9344e+00 | fourier=2.9344e+00 | amplitude=1.7924e-02 | phase=1.6304e-02 | support=3.3573e+00
2026-08-18 03:17:56 | INFO    | TRAIN | epoch=022/100 | batch=00150/01563 (  9.60%) | lr=2.500e-04 | elapsed=0:01:06 | eta=0:10:22
    losses | total=2.7735e+00 | fourier=2.7735e+00 | amplitude=1.7578e-02 | phase=1.3693e-02 | support=3.6006e+00
2026-08-18 03:18:18 | INFO    | TRAIN | epoch=022/100 | batch=00200/01563 ( 12.80%) | lr=2.500e-04 | elapsed=0:01:28 | eta=0:10:00
    losses | total=3.0156e+00 | fourier=3.0156e+00 | amplitude=1.9027e-02 | phase=1.7201e-02 | support=3.7303e+00
2026-08-18 03:18:40 | INFO    | TRAIN | epoch=022/100 | batch=00250/01563 ( 15.99%) | lr=2.500e-04 | elapsed=0:01:50 | eta=0:09:37
    losses | total=2.8268e+00 | fourier=2.8268e+00 | amplitude=1.9005e-02 | phase=1.7430e-02 | support=3.4730e+00
2026-08-18 03:19:02 | INFO    | TRAIN | epoch=022/100 | batch=00300/01563 ( 19.19%) | lr=2.500e-04 | elapsed=0:02:11 | eta=0:09:15
    losses | total=2.9766e+00 | fourier=2.9766e+00 | amplitude=2.2618e-02 | phase=2.2573e-02 | support=2.9466e+00
2026-08-18 03:19:24 | INFO    | TRAIN | epoch=022/100 | batch=00350/01563 ( 22.39%) | lr=2.500e-04 | elapsed=0:02:33 | eta=0:08:53
    losses | total=2.9618e+00 | fourier=2.9618e+00 | amplitude=2.1104e-02 | phase=1.5005e-02 | support=3.1090e+00
2026-08-18 03:19:46 | INFO    | TRAIN | epoch=022/100 | batch=00400/01563 ( 25.59%) | lr=2.500e-04 | elapsed=0:02:55 | eta=0:08:31
    losses | total=3.1736e+00 | fourier=3.1736e+00 | amplitude=2.1019e-02 | phase=1.9003e-02 | support=3.6813e+00
2026-08-18 03:20:08 | INFO    | TRAIN | epoch=022/100 | batch=00450/01563 ( 28.79%) | lr=2.500e-04 | elapsed=0:03:17 | eta=0:08:09
    losses | total=3.0588e+00 | fourier=3.0588e+00 | amplitude=1.7950e-02 | phase=2.4646e-02 | support=3.0580e+00
2026-08-18 03:20:30 | INFO    | TRAIN | epoch=022/100 | batch=00500/01563 ( 31.99%) | lr=2.500e-04 | elapsed=0:03:39 | eta=0:07:47
    losses | total=2.8382e+00 | fourier=2.8382e+00 | amplitude=1.7968e-02 | phase=1.3811e-02 | support=3.7403e+00
2026-08-18 03:20:52 | INFO    | TRAIN | epoch=022/100 | batch=00550/01563 ( 35.19%) | lr=2.500e-04 | elapsed=0:04:01 | eta=0:07:25
    losses | total=2.8858e+00 | fourier=2.8858e+00 | amplitude=1.8426e-02 | phase=1.8214e-02 | support=3.3514e+00
2026-08-18 03:21:14 | INFO    | TRAIN | epoch=022/100 | batch=00600/01563 ( 38.39%) | lr=2.500e-04 | elapsed=0:04:23 | eta=0:07:03
    losses | total=2.6569e+00 | fourier=2.6569e+00 | amplitude=1.8575e-02 | phase=1.0399e-02 | support=4.0981e+00
2026-08-18 03:21:36 | INFO    | TRAIN | epoch=022/100 | batch=00650/01563 ( 41.59%) | lr=2.500e-04 | elapsed=0:04:45 | eta=0:06:41
    losses | total=3.0765e+00 | fourier=3.0765e+00 | amplitude=1.9310e-02 | phase=1.6690e-02 | support=3.5710e+00
2026-08-18 03:21:58 | INFO    | TRAIN | epoch=022/100 | batch=00700/01563 ( 44.79%) | lr=2.500e-04 | elapsed=0:05:07 | eta=0:06:19
    losses | total=2.8920e+00 | fourier=2.8920e+00 | amplitude=1.9455e-02 | phase=1.6156e-02 | support=3.3877e+00
2026-08-18 03:22:20 | INFO    | TRAIN | epoch=022/100 | batch=00750/01563 ( 47.98%) | lr=2.500e-04 | elapsed=0:05:29 | eta=0:05:57
    losses | total=3.0666e+00 | fourier=3.0666e+00 | amplitude=1.8706e-02 | phase=1.6289e-02 | support=3.8471e+00
2026-08-18 03:22:42 | INFO    | TRAIN | epoch=022/100 | batch=00800/01563 ( 51.18%) | lr=2.500e-04 | elapsed=0:05:51 | eta=0:05:35
    losses | total=3.0186e+00 | fourier=3.0186e+00 | amplitude=2.2689e-02 | phase=1.9755e-02 | support=3.1356e+00
2026-08-18 03:23:04 | INFO    | TRAIN | epoch=022/100 | batch=00850/01563 ( 54.38%) | lr=2.500e-04 | elapsed=0:06:13 | eta=0:05:13
    losses | total=3.1072e+00 | fourier=3.1072e+00 | amplitude=2.0144e-02 | phase=1.6567e-02 | support=3.1493e+00
2026-08-18 03:23:26 | INFO    | TRAIN | epoch=022/100 | batch=00900/01563 ( 57.58%) | lr=2.500e-04 | elapsed=0:06:35 | eta=0:04:51
    losses | total=2.8895e+00 | fourier=2.8895e+00 | amplitude=1.9096e-02 | phase=1.8009e-02 | support=3.5810e+00
2026-08-18 03:23:48 | INFO    | TRAIN | epoch=022/100 | batch=00950/01563 ( 60.78%) | lr=2.500e-04 | elapsed=0:06:57 | eta=0:04:29
    losses | total=3.2209e+00 | fourier=3.2209e+00 | amplitude=2.0464e-02 | phase=2.1920e-02 | support=2.7368e+00
2026-08-18 03:24:10 | INFO    | TRAIN | epoch=022/100 | batch=01000/01563 ( 63.98%) | lr=2.500e-04 | elapsed=0:07:19 | eta=0:04:07
    losses | total=2.9399e+00 | fourier=2.9399e+00 | amplitude=2.1073e-02 | phase=1.8059e-02 | support=3.6473e+00
2026-08-18 03:24:32 | INFO    | TRAIN | epoch=022/100 | batch=01050/01563 ( 67.18%) | lr=2.500e-04 | elapsed=0:07:41 | eta=0:03:45
    losses | total=3.0542e+00 | fourier=3.0542e+00 | amplitude=1.6638e-02 | phase=1.6790e-02 | support=3.3577e+00
2026-08-18 03:24:54 | INFO    | TRAIN | epoch=022/100 | batch=01100/01563 ( 70.38%) | lr=2.500e-04 | elapsed=0:08:03 | eta=0:03:23
    losses | total=2.8681e+00 | fourier=2.8681e+00 | amplitude=1.8483e-02 | phase=1.5869e-02 | support=3.7507e+00
2026-08-18 03:25:16 | INFO    | TRAIN | epoch=022/100 | batch=01150/01563 ( 73.58%) | lr=2.500e-04 | elapsed=0:08:25 | eta=0:03:01
    losses | total=3.2943e+00 | fourier=3.2943e+00 | amplitude=2.2034e-02 | phase=2.7798e-02 | support=2.8405e+00
2026-08-18 03:25:38 | INFO    | TRAIN | epoch=022/100 | batch=01200/01563 ( 76.78%) | lr=2.500e-04 | elapsed=0:08:47 | eta=0:02:39
    losses | total=3.0337e+00 | fourier=3.0337e+00 | amplitude=1.6034e-02 | phase=1.7663e-02 | support=3.0989e+00
2026-08-18 03:26:00 | INFO    | TRAIN | epoch=022/100 | batch=01250/01563 ( 79.97%) | lr=2.500e-04 | elapsed=0:09:09 | eta=0:02:17
    losses | total=2.9125e+00 | fourier=2.9125e+00 | amplitude=2.0845e-02 | phase=1.6841e-02 | support=3.3749e+00
2026-08-18 03:26:21 | INFO    | TRAIN | epoch=022/100 | batch=01300/01563 ( 83.17%) | lr=2.500e-04 | elapsed=0:09:31 | eta=0:01:55
    losses | total=2.8165e+00 | fourier=2.8165e+00 | amplitude=1.9269e-02 | phase=1.6426e-02 | support=3.1243e+00
2026-08-18 03:26:43 | INFO    | TRAIN | epoch=022/100 | batch=01350/01563 ( 86.37%) | lr=2.500e-04 | elapsed=0:09:53 | eta=0:01:33
    losses | total=2.9867e+00 | fourier=2.9867e+00 | amplitude=2.3566e-02 | phase=2.0500e-02 | support=3.7816e+00
2026-08-18 03:27:05 | INFO    | TRAIN | epoch=022/100 | batch=01400/01563 ( 89.57%) | lr=2.500e-04 | elapsed=0:10:15 | eta=0:01:11
    losses | total=2.9200e+00 | fourier=2.9200e+00 | amplitude=1.9132e-02 | phase=1.6799e-02 | support=3.4873e+00
2026-08-18 03:27:27 | INFO    | TRAIN | epoch=022/100 | batch=01450/01563 ( 92.77%) | lr=2.500e-04 | elapsed=0:10:36 | eta=0:00:49
    losses | total=2.8382e+00 | fourier=2.8382e+00 | amplitude=1.8738e-02 | phase=1.3921e-02 | support=3.6355e+00
2026-08-18 03:27:49 | INFO    | TRAIN | epoch=022/100 | batch=01500/01563 ( 95.97%) | lr=2.500e-04 | elapsed=0:10:58 | eta=0:00:27
    losses | total=2.9071e+00 | fourier=2.9071e+00 | amplitude=1.9358e-02 | phase=1.8439e-02 | support=4.0157e+00
2026-08-18 03:28:11 | INFO    | TRAIN | epoch=022/100 | batch=01550/01563 ( 99.17%) | lr=2.500e-04 | elapsed=0:11:20 | eta=0:00:05
    losses | total=3.1166e+00 | fourier=3.1166e+00 | amplitude=2.0312e-02 | phase=2.0522e-02 | support=2.9040e+00
2026-08-18 03:28:17 | INFO    | TRAIN | epoch=022/100 | batch=01563/01563 (100.00%) | lr=2.500e-04 | elapsed=0:11:26 | eta=0:00:00
    losses | total=2.9678e+00 | fourier=2.9678e+00 | amplitude=2.0370e-02 | phase=1.9728e-02 | support=3.5664e+00
2026-08-18 03:28:17 | INFO    | TRAIN epoch 022 complete | batches=1563 | samples=25000 | time=0:11:26
2026-08-18 03:28:22 | INFO    | VAL | epoch=022/100 | batch=00050/00313 ( 15.97%) | elapsed=0:00:05 | eta=0:00:28
    losses | total=4.2586e+00 | fourier=4.2586e+00 | amplitude=1.9873e-02 | phase=2.0656e-02 | support=3.4114e+00
2026-08-18 03:28:28 | INFO    | VAL | epoch=022/100 | batch=00100/00313 ( 31.95%) | elapsed=0:00:10 | eta=0:00:22
    losses | total=3.4202e+00 | fourier=3.4202e+00 | amplitude=2.0769e-02 | phase=1.5837e-02 | support=3.5695e+00
2026-08-18 03:28:33 | INFO    | VAL | epoch=022/100 | batch=00150/00313 ( 47.92%) | elapsed=0:00:15 | eta=0:00:17
    losses | total=3.8362e+00 | fourier=3.8362e+00 | amplitude=1.8536e-02 | phase=1.6709e-02 | support=3.2456e+00
2026-08-18 03:28:38 | INFO    | VAL | epoch=022/100 | batch=00200/00313 ( 63.90%) | elapsed=0:00:21 | eta=0:00:11
    losses | total=3.8574e+00 | fourier=3.8574e+00 | amplitude=1.9331e-02 | phase=1.5762e-02 | support=3.4987e+00
2026-08-18 03:28:43 | INFO    | VAL | epoch=022/100 | batch=00250/00313 ( 79.87%) | elapsed=0:00:26 | eta=0:00:06
    losses | total=3.7558e+00 | fourier=3.7558e+00 | amplitude=2.0618e-02 | phase=2.1506e-02 | support=3.2974e+00
2026-08-18 03:28:49 | INFO    | VAL | epoch=022/100 | batch=00300/00313 ( 95.85%) | elapsed=0:00:31 | eta=0:00:01
    losses | total=3.6172e+00 | fourier=3.6172e+00 | amplitude=2.0883e-02 | phase=2.0590e-02 | support=3.2835e+00
2026-08-18 03:28:50 | INFO    | VAL | epoch=022/100 | batch=00313/00313 (100.00%) | elapsed=0:00:32 | eta=0:00:00
    losses | total=3.9400e+00 | fourier=3.9400e+00 | amplitude=1.7716e-02 | phase=1.7234e-02 | support=3.0714e+00
2026-08-18 03:28:50 | INFO    | VAL epoch 022 complete | batches=313 | samples=5000 | time=0:00:32
2026-08-18 03:28:50 | INFO    | Cross-skip strengths | 8/phase_to_amp=+3.5332e-04 | 8/amp_to_phase=-2.7322e-02 | 16/phase_to_amp=-1.3552e-02 | 16/amp_to_phase=+8.1205e-02
2026-08-18 03:28:50 | INFO    | 
------------------------------------------------------------------------------------------------
Epoch 022/100 summary
split             total      fourier    amplitude        phase      support        time
train        2.9643e+00   2.9643e+00   1.9467e-02   1.7393e-02   3.4326e+00     0:11:26
validation   3.7204e+00   3.7204e+00   1.9487e-02   1.7794e-02   3.4021e+00     0:00:32
lr=1.250e-04 | best_val=3.6990e+00 | best_updated=no | periodic_checkpoint=no
------------------------------------------------------------------------------------------------
2026-08-18 03:29:12 | INFO    | TRAIN | epoch=023/100 | batch=00050/01563 (  3.20%) | lr=1.250e-04 | elapsed=0:00:22 | eta=0:11:10
    losses | total=3.0588e+00 | fourier=3.0588e+00 | amplitude=2.2458e-02 | phase=1.8338e-02 | support=2.9861e+00
2026-08-18 03:29:34 | INFO    | TRAIN | epoch=023/100 | batch=00100/01563 (  6.40%) | lr=1.250e-04 | elapsed=0:00:44 | eta=0:10:45
    losses | total=2.8777e+00 | fourier=2.8777e+00 | amplitude=1.8314e-02 | phase=1.3917e-02 | support=3.6119e+00
2026-08-18 03:29:56 | INFO    | TRAIN | epoch=023/100 | batch=00150/01563 (  9.60%) | lr=1.250e-04 | elapsed=0:01:06 | eta=0:10:22
    losses | total=2.9608e+00 | fourier=2.9608e+00 | amplitude=1.6263e-02 | phase=1.8220e-02 | support=3.2908e+00
2026-08-18 03:30:18 | INFO    | TRAIN | epoch=023/100 | batch=00200/01563 ( 12.80%) | lr=1.250e-04 | elapsed=0:01:28 | eta=0:10:00
    losses | total=3.0984e+00 | fourier=3.0984e+00 | amplitude=1.9296e-02 | phase=1.5852e-02 | support=3.4457e+00
2026-08-18 03:30:40 | INFO    | TRAIN | epoch=023/100 | batch=00250/01563 ( 15.99%) | lr=1.250e-04 | elapsed=0:01:50 | eta=0:09:37
    losses | total=3.3472e+00 | fourier=3.3472e+00 | amplitude=1.9716e-02 | phase=1.5715e-02 | support=3.5770e+00
2026-08-18 03:31:02 | INFO    | TRAIN | epoch=023/100 | batch=00300/01563 ( 19.19%) | lr=1.250e-04 | elapsed=0:02:11 | eta=0:09:15
    losses | total=2.9437e+00 | fourier=2.9437e+00 | amplitude=1.8116e-02 | phase=2.0997e-02 | support=3.4696e+00
2026-08-18 03:31:24 | INFO    | TRAIN | epoch=023/100 | batch=00350/01563 ( 22.39%) | lr=1.250e-04 | elapsed=0:02:33 | eta=0:08:53
    losses | total=3.1069e+00 | fourier=3.1069e+00 | amplitude=2.1165e-02 | phase=1.9350e-02 | support=3.2038e+00
2026-08-18 03:31:46 | INFO    | TRAIN | epoch=023/100 | batch=00400/01563 ( 25.59%) | lr=1.250e-04 | elapsed=0:02:55 | eta=0:08:31
    losses | total=2.7951e+00 | fourier=2.7951e+00 | amplitude=1.7381e-02 | phase=1.5437e-02 | support=3.5760e+00
2026-08-18 03:32:08 | INFO    | TRAIN | epoch=023/100 | batch=00450/01563 ( 28.79%) | lr=1.250e-04 | elapsed=0:03:17 | eta=0:08:09
    losses | total=2.8163e+00 | fourier=2.8163e+00 | amplitude=1.8117e-02 | phase=1.7614e-02 | support=3.7087e+00
2026-08-18 03:32:30 | INFO    | TRAIN | epoch=023/100 | batch=00500/01563 ( 31.99%) | lr=1.250e-04 | elapsed=0:03:39 | eta=0:07:47
    losses | total=3.0218e+00 | fourier=3.0218e+00 | amplitude=1.6445e-02 | phase=1.6610e-02 | support=3.6101e+00
2026-08-18 03:32:52 | INFO    | TRAIN | epoch=023/100 | batch=00550/01563 ( 35.19%) | lr=1.250e-04 | elapsed=0:04:01 | eta=0:07:25
    losses | total=3.0333e+00 | fourier=3.0333e+00 | amplitude=2.3076e-02 | phase=1.5890e-02 | support=3.2038e+00
2026-08-18 03:33:14 | INFO    | TRAIN | epoch=023/100 | batch=00600/01563 ( 38.39%) | lr=1.250e-04 | elapsed=0:04:23 | eta=0:07:03
    losses | total=3.0594e+00 | fourier=3.0594e+00 | amplitude=1.8179e-02 | phase=1.5317e-02 | support=3.5724e+00
2026-08-18 03:33:36 | INFO    | TRAIN | epoch=023/100 | batch=00650/01563 ( 41.59%) | lr=1.250e-04 | elapsed=0:04:45 | eta=0:06:41
    losses | total=2.9782e+00 | fourier=2.9782e+00 | amplitude=1.6891e-02 | phase=1.5815e-02 | support=3.9158e+00
2026-08-18 03:33:58 | INFO    | TRAIN | epoch=023/100 | batch=00700/01563 ( 44.79%) | lr=1.250e-04 | elapsed=0:05:07 | eta=0:06:19
    losses | total=3.1023e+00 | fourier=3.1023e+00 | amplitude=1.9234e-02 | phase=2.1330e-02 | support=3.5496e+00
2026-08-18 03:34:20 | INFO    | TRAIN | epoch=023/100 | batch=00750/01563 ( 47.98%) | lr=1.250e-04 | elapsed=0:05:29 | eta=0:05:57
    losses | total=2.9232e+00 | fourier=2.9232e+00 | amplitude=1.8059e-02 | phase=1.5636e-02 | support=3.4282e+00
2026-08-18 03:34:42 | INFO    | TRAIN | epoch=023/100 | batch=00800/01563 ( 51.18%) | lr=1.250e-04 | elapsed=0:05:51 | eta=0:05:35
    losses | total=3.1053e+00 | fourier=3.1053e+00 | amplitude=1.6733e-02 | phase=1.9240e-02 | support=3.3549e+00
2026-08-18 03:35:04 | INFO    | TRAIN | epoch=023/100 | batch=00850/01563 ( 54.38%) | lr=1.250e-04 | elapsed=0:06:13 | eta=0:05:13
    losses | total=2.7253e+00 | fourier=2.7253e+00 | amplitude=1.9581e-02 | phase=1.5632e-02 | support=3.5426e+00
2026-08-18 03:35:26 | INFO    | TRAIN | epoch=023/100 | batch=00900/01563 ( 57.58%) | lr=1.250e-04 | elapsed=0:06:35 | eta=0:04:51
    losses | total=3.0972e+00 | fourier=3.0972e+00 | amplitude=1.9486e-02 | phase=2.1311e-02 | support=2.9468e+00
2026-08-18 03:35:48 | INFO    | TRAIN | epoch=023/100 | batch=00950/01563 ( 60.78%) | lr=1.250e-04 | elapsed=0:06:57 | eta=0:04:29
    losses | total=2.8001e+00 | fourier=2.8001e+00 | amplitude=2.0272e-02 | phase=1.3231e-02 | support=3.3240e+00
2026-08-18 03:36:10 | INFO    | TRAIN | epoch=023/100 | batch=01000/01563 ( 63.98%) | lr=1.250e-04 | elapsed=0:07:19 | eta=0:04:07
    losses | total=2.7701e+00 | fourier=2.7701e+00 | amplitude=1.9279e-02 | phase=1.6939e-02 | support=3.2042e+00
2026-08-18 03:36:31 | INFO    | TRAIN | epoch=023/100 | batch=01050/01563 ( 67.18%) | lr=1.250e-04 | elapsed=0:07:41 | eta=0:03:45
    losses | total=2.8150e+00 | fourier=2.8150e+00 | amplitude=2.2056e-02 | phase=1.4868e-02 | support=3.7627e+00
2026-08-18 03:36:53 | INFO    | TRAIN | epoch=023/100 | batch=01100/01563 ( 70.38%) | lr=1.250e-04 | elapsed=0:08:03 | eta=0:03:23
    losses | total=3.0706e+00 | fourier=3.0706e+00 | amplitude=1.8442e-02 | phase=1.5175e-02 | support=3.3831e+00
2026-08-18 03:37:15 | INFO    | TRAIN | epoch=023/100 | batch=01150/01563 ( 73.58%) | lr=1.250e-04 | elapsed=0:08:25 | eta=0:03:01
    losses | total=3.2553e+00 | fourier=3.2553e+00 | amplitude=2.0333e-02 | phase=2.1266e-02 | support=3.2269e+00
2026-08-18 03:37:37 | INFO    | TRAIN | epoch=023/100 | batch=01200/01563 ( 76.78%) | lr=1.250e-04 | elapsed=0:08:47 | eta=0:02:39
    losses | total=2.9005e+00 | fourier=2.9005e+00 | amplitude=1.8394e-02 | phase=1.5000e-02 | support=3.6342e+00
2026-08-18 03:37:59 | INFO    | TRAIN | epoch=023/100 | batch=01250/01563 ( 79.97%) | lr=1.250e-04 | elapsed=0:09:09 | eta=0:02:17
    losses | total=3.1402e+00 | fourier=3.1402e+00 | amplitude=2.2994e-02 | phase=2.0921e-02 | support=3.8491e+00
2026-08-18 03:38:21 | INFO    | TRAIN | epoch=023/100 | batch=01300/01563 ( 83.17%) | lr=1.250e-04 | elapsed=0:09:30 | eta=0:01:55
    losses | total=2.7189e+00 | fourier=2.7189e+00 | amplitude=1.7808e-02 | phase=1.4171e-02 | support=3.5848e+00
2026-08-18 03:38:43 | INFO    | TRAIN | epoch=023/100 | batch=01350/01563 ( 86.37%) | lr=1.250e-04 | elapsed=0:09:52 | eta=0:01:33
    losses | total=2.8676e+00 | fourier=2.8676e+00 | amplitude=1.7414e-02 | phase=1.6143e-02 | support=3.3786e+00
2026-08-18 03:39:05 | INFO    | TRAIN | epoch=023/100 | batch=01400/01563 ( 89.57%) | lr=1.250e-04 | elapsed=0:10:14 | eta=0:01:11
    losses | total=3.0225e+00 | fourier=3.0225e+00 | amplitude=2.0389e-02 | phase=2.1516e-02 | support=3.0953e+00
2026-08-18 03:39:27 | INFO    | TRAIN | epoch=023/100 | batch=01450/01563 ( 92.77%) | lr=1.250e-04 | elapsed=0:10:36 | eta=0:00:49
    losses | total=2.9560e+00 | fourier=2.9560e+00 | amplitude=2.0718e-02 | phase=1.8707e-02 | support=3.3075e+00
2026-08-18 03:39:49 | INFO    | TRAIN | epoch=023/100 | batch=01500/01563 ( 95.97%) | lr=1.250e-04 | elapsed=0:10:58 | eta=0:00:27
    losses | total=2.8717e+00 | fourier=2.8717e+00 | amplitude=1.4533e-02 | phase=1.5797e-02 | support=3.1764e+00
2026-08-18 03:40:11 | INFO    | TRAIN | epoch=023/100 | batch=01550/01563 ( 99.17%) | lr=1.250e-04 | elapsed=0:11:20 | eta=0:00:05
    losses | total=2.8353e+00 | fourier=2.8353e+00 | amplitude=1.8778e-02 | phase=1.4634e-02 | support=3.3379e+00
2026-08-18 03:40:16 | INFO    | TRAIN | epoch=023/100 | batch=01563/01563 (100.00%) | lr=1.250e-04 | elapsed=0:11:26 | eta=0:00:00
    losses | total=2.7844e+00 | fourier=2.7844e+00 | amplitude=2.0048e-02 | phase=1.0389e-02 | support=3.3840e+00
2026-08-18 03:40:17 | INFO    | TRAIN epoch 023 complete | batches=1563 | samples=25000 | time=0:11:26
2026-08-18 03:40:22 | INFO    | VAL | epoch=023/100 | batch=00050/00313 ( 15.97%) | elapsed=0:00:05 | eta=0:00:28
    losses | total=4.2419e+00 | fourier=4.2419e+00 | amplitude=1.9916e-02 | phase=2.0201e-02 | support=3.4378e+00
2026-08-18 03:40:27 | INFO    | VAL | epoch=023/100 | batch=00100/00313 ( 31.95%) | elapsed=0:00:10 | eta=0:00:22
    losses | total=3.3987e+00 | fourier=3.3987e+00 | amplitude=2.0755e-02 | phase=1.5483e-02 | support=3.6038e+00
2026-08-18 03:40:33 | INFO    | VAL | epoch=023/100 | batch=00150/00313 ( 47.92%) | elapsed=0:00:15 | eta=0:00:17
    losses | total=3.7339e+00 | fourier=3.7339e+00 | amplitude=1.8584e-02 | phase=1.6236e-02 | support=3.2826e+00
2026-08-18 03:40:38 | INFO    | VAL | epoch=023/100 | batch=00200/00313 ( 63.90%) | elapsed=0:00:21 | eta=0:00:11
    losses | total=3.8831e+00 | fourier=3.8831e+00 | amplitude=1.9343e-02 | phase=1.5420e-02 | support=3.5318e+00
2026-08-18 03:40:43 | INFO    | VAL | epoch=023/100 | batch=00250/00313 ( 79.87%) | elapsed=0:00:26 | eta=0:00:06
    losses | total=3.7313e+00 | fourier=3.7313e+00 | amplitude=2.0619e-02 | phase=2.0966e-02 | support=3.3279e+00
2026-08-18 03:40:48 | INFO    | VAL | epoch=023/100 | batch=00300/00313 ( 95.85%) | elapsed=0:00:31 | eta=0:00:01
    losses | total=3.5681e+00 | fourier=3.5681e+00 | amplitude=2.0904e-02 | phase=2.0222e-02 | support=3.3149e+00
2026-08-18 03:40:50 | INFO    | VAL | epoch=023/100 | batch=00313/00313 (100.00%) | elapsed=0:00:32 | eta=0:00:00
    losses | total=3.9575e+00 | fourier=3.9575e+00 | amplitude=1.7663e-02 | phase=1.6904e-02 | support=3.1050e+00
2026-08-18 03:40:50 | INFO    | VAL epoch 023 complete | batches=313 | samples=5000 | time=0:00:32
2026-08-18 03:40:50 | INFO    | Cross-skip strengths | 8/phase_to_amp=+2.6574e-03 | 8/amp_to_phase=-2.8369e-02 | 16/phase_to_amp=-1.4355e-02 | 16/amp_to_phase=+8.2499e-02
2026-08-18 03:40:50 | INFO    | 
------------------------------------------------------------------------------------------------
Epoch 023/100 summary
split             total      fourier    amplitude        phase      support        time
train        2.9394e+00   2.9394e+00   1.9465e-02   1.7399e-02   3.4322e+00     0:11:26
validation   3.6970e+00   3.6970e+00   1.9481e-02   1.7401e-02   3.4309e+00     0:00:32
lr=1.250e-04 | best_val=3.6970e+00 | best_updated=yes | periodic_checkpoint=no
------------------------------------------------------------------------------------------------
2026-08-18 03:41:12 | INFO    | TRAIN | epoch=024/100 | batch=00050/01563 (  3.20%) | lr=1.250e-04 | elapsed=0:00:22 | eta=0:11:10
    losses | total=2.9553e+00 | fourier=2.9553e+00 | amplitude=1.8968e-02 | phase=1.7795e-02 | support=3.1016e+00
2026-08-18 03:41:34 | INFO    | TRAIN | epoch=024/100 | batch=00100/01563 (  6.40%) | lr=1.250e-04 | elapsed=0:00:44 | eta=0:10:45
    losses | total=2.8817e+00 | fourier=2.8817e+00 | amplitude=2.4232e-02 | phase=1.6713e-02 | support=3.8820e+00
2026-08-18 03:41:56 | INFO    | TRAIN | epoch=024/100 | batch=00150/01563 (  9.60%) | lr=1.250e-04 | elapsed=0:01:06 | eta=0:10:22
    losses | total=2.9383e+00 | fourier=2.9383e+00 | amplitude=1.7008e-02 | phase=1.7564e-02 | support=3.4074e+00
2026-08-18 03:42:18 | INFO    | TRAIN | epoch=024/100 | batch=00200/01563 ( 12.80%) | lr=1.250e-04 | elapsed=0:01:28 | eta=0:10:00
    losses | total=3.0290e+00 | fourier=3.0290e+00 | amplitude=1.9283e-02 | phase=1.2872e-02 | support=3.2720e+00
2026-08-18 03:42:40 | INFO    | TRAIN | epoch=024/100 | batch=00250/01563 ( 15.99%) | lr=1.250e-04 | elapsed=0:01:50 | eta=0:09:38
    losses | total=2.8531e+00 | fourier=2.8531e+00 | amplitude=2.1090e-02 | phase=1.9516e-02 | support=3.3429e+00
2026-08-18 03:43:02 | INFO    | TRAIN | epoch=024/100 | batch=00300/01563 ( 19.19%) | lr=1.250e-04 | elapsed=0:02:12 | eta=0:09:16
    losses | total=2.8838e+00 | fourier=2.8838e+00 | amplitude=1.9516e-02 | phase=1.5109e-02 | support=3.5154e+00
2026-08-18 03:43:24 | INFO    | TRAIN | epoch=024/100 | batch=00350/01563 ( 22.39%) | lr=1.250e-04 | elapsed=0:02:34 | eta=0:08:53
    losses | total=3.1175e+00 | fourier=3.1175e+00 | amplitude=1.9590e-02 | phase=1.6840e-02 | support=3.6885e+00
2026-08-18 03:43:46 | INFO    | TRAIN | epoch=024/100 | batch=00400/01563 ( 25.59%) | lr=1.250e-04 | elapsed=0:02:56 | eta=0:08:31
    losses | total=3.0190e+00 | fourier=3.0190e+00 | amplitude=2.2768e-02 | phase=2.0183e-02 | support=3.2156e+00
2026-08-18 03:44:08 | INFO    | TRAIN | epoch=024/100 | batch=00450/01563 ( 28.79%) | lr=1.250e-04 | elapsed=0:03:17 | eta=0:08:09
    losses | total=2.7201e+00 | fourier=2.7201e+00 | amplitude=2.0344e-02 | phase=1.6225e-02 | support=3.2259e+00
2026-08-18 03:44:30 | INFO    | TRAIN | epoch=024/100 | batch=00500/01563 ( 31.99%) | lr=1.250e-04 | elapsed=0:03:39 | eta=0:07:47
    losses | total=2.6912e+00 | fourier=2.6912e+00 | amplitude=2.0083e-02 | phase=1.1656e-02 | support=4.4619e+00
2026-08-18 03:44:52 | INFO    | TRAIN | epoch=024/100 | batch=00550/01563 ( 35.19%) | lr=1.250e-04 | elapsed=0:04:01 | eta=0:07:25
    losses | total=2.9296e+00 | fourier=2.9296e+00 | amplitude=1.7872e-02 | phase=1.6921e-02 | support=3.4154e+00
2026-08-18 03:45:14 | INFO    | TRAIN | epoch=024/100 | batch=00600/01563 ( 38.39%) | lr=1.250e-04 | elapsed=0:04:23 | eta=0:07:03
    losses | total=2.6721e+00 | fourier=2.6721e+00 | amplitude=1.7635e-02 | phase=1.3095e-02 | support=3.1967e+00
2026-08-18 03:45:36 | INFO    | TRAIN | epoch=024/100 | batch=00650/01563 ( 41.59%) | lr=1.250e-04 | elapsed=0:04:45 | eta=0:06:41
    losses | total=2.9233e+00 | fourier=2.9233e+00 | amplitude=2.1343e-02 | phase=1.9891e-02 | support=3.3995e+00
2026-08-18 03:45:58 | INFO    | TRAIN | epoch=024/100 | batch=00700/01563 ( 44.79%) | lr=1.250e-04 | elapsed=0:05:07 | eta=0:06:19
    losses | total=2.8950e+00 | fourier=2.8950e+00 | amplitude=2.2468e-02 | phase=2.3393e-02 | support=3.1173e+00
2026-08-18 03:46:20 | INFO    | TRAIN | epoch=024/100 | batch=00750/01563 ( 47.98%) | lr=1.250e-04 | elapsed=0:05:29 | eta=0:05:57
    losses | total=2.9211e+00 | fourier=2.9211e+00 | amplitude=1.7827e-02 | phase=1.7675e-02 | support=3.0750e+00
2026-08-18 03:46:42 | INFO    | TRAIN | epoch=024/100 | batch=00800/01563 ( 51.18%) | lr=1.250e-04 | elapsed=0:05:51 | eta=0:05:35
    losses | total=2.7437e+00 | fourier=2.7437e+00 | amplitude=1.8571e-02 | phase=1.5467e-02 | support=3.6162e+00
2026-08-18 03:47:04 | INFO    | TRAIN | epoch=024/100 | batch=00850/01563 ( 54.38%) | lr=1.250e-04 | elapsed=0:06:13 | eta=0:05:13
    losses | total=2.8394e+00 | fourier=2.8394e+00 | amplitude=2.0420e-02 | phase=1.6082e-02 | support=3.4716e+00
2026-08-18 03:47:26 | INFO    | TRAIN | epoch=024/100 | batch=00900/01563 ( 57.58%) | lr=1.250e-04 | elapsed=0:06:35 | eta=0:04:51
    losses | total=2.7133e+00 | fourier=2.7133e+00 | amplitude=1.7982e-02 | phase=1.3220e-02 | support=3.7093e+00
2026-08-18 03:47:48 | INFO    | TRAIN | epoch=024/100 | batch=00950/01563 ( 60.78%) | lr=1.250e-04 | elapsed=0:06:57 | eta=0:04:29
    losses | total=2.9869e+00 | fourier=2.9869e+00 | amplitude=1.8224e-02 | phase=1.2906e-02 | support=3.9074e+00
2026-08-18 03:48:10 | INFO    | TRAIN | epoch=024/100 | batch=01000/01563 ( 63.98%) | lr=1.250e-04 | elapsed=0:07:19 | eta=0:04:07
    losses | total=2.8353e+00 | fourier=2.8353e+00 | amplitude=2.0114e-02 | phase=1.3998e-02 | support=3.5382e+00
2026-08-18 03:48:32 | INFO    | TRAIN | epoch=024/100 | batch=01050/01563 ( 67.18%) | lr=1.250e-04 | elapsed=0:07:41 | eta=0:03:45
    losses | total=2.9340e+00 | fourier=2.9340e+00 | amplitude=1.9160e-02 | phase=1.3169e-02 | support=3.5946e+00
2026-08-18 03:48:54 | INFO    | TRAIN | epoch=024/100 | batch=01100/01563 ( 70.38%) | lr=1.250e-04 | elapsed=0:08:03 | eta=0:03:23
    losses | total=2.9761e+00 | fourier=2.9761e+00 | amplitude=2.0674e-02 | phase=1.8394e-02 | support=4.0966e+00
2026-08-18 03:49:16 | INFO    | TRAIN | epoch=024/100 | batch=01150/01563 ( 73.58%) | lr=1.250e-04 | elapsed=0:08:25 | eta=0:03:01
    losses | total=2.9655e+00 | fourier=2.9655e+00 | amplitude=1.8211e-02 | phase=1.6370e-02 | support=3.3822e+00
2026-08-18 03:49:38 | INFO    | TRAIN | epoch=024/100 | batch=01200/01563 ( 76.78%) | lr=1.250e-04 | elapsed=0:08:47 | eta=0:02:39
    losses | total=2.7715e+00 | fourier=2.7715e+00 | amplitude=2.1568e-02 | phase=1.7940e-02 | support=3.6179e+00
2026-08-18 03:50:00 | INFO    | TRAIN | epoch=024/100 | batch=01250/01563 ( 79.97%) | lr=1.250e-04 | elapsed=0:09:09 | eta=0:02:17
    losses | total=2.8987e+00 | fourier=2.8987e+00 | amplitude=2.1925e-02 | phase=1.4791e-02 | support=3.9380e+00
2026-08-18 03:50:22 | INFO    | TRAIN | epoch=024/100 | batch=01300/01563 ( 83.17%) | lr=1.250e-04 | elapsed=0:09:31 | eta=0:01:55
    losses | total=2.8186e+00 | fourier=2.8186e+00 | amplitude=2.0166e-02 | phase=1.5526e-02 | support=3.4368e+00
2026-08-18 03:50:44 | INFO    | TRAIN | epoch=024/100 | batch=01350/01563 ( 86.37%) | lr=1.250e-04 | elapsed=0:09:53 | eta=0:01:33
    losses | total=2.7788e+00 | fourier=2.7788e+00 | amplitude=1.8054e-02 | phase=1.6213e-02 | support=3.2612e+00
2026-08-18 03:51:06 | INFO    | TRAIN | epoch=024/100 | batch=01400/01563 ( 89.57%) | lr=1.250e-04 | elapsed=0:10:15 | eta=0:01:11
    losses | total=2.9786e+00 | fourier=2.9786e+00 | amplitude=1.9082e-02 | phase=1.3433e-02 | support=4.2438e+00
2026-08-18 03:51:28 | INFO    | TRAIN | epoch=024/100 | batch=01450/01563 ( 92.77%) | lr=1.250e-04 | elapsed=0:10:37 | eta=0:00:49
    losses | total=2.9005e+00 | fourier=2.9005e+00 | amplitude=2.1012e-02 | phase=1.4114e-02 | support=3.1825e+00
2026-08-18 03:51:50 | INFO    | TRAIN | epoch=024/100 | batch=01500/01563 ( 95.97%) | lr=1.250e-04 | elapsed=0:10:59 | eta=0:00:27
    losses | total=2.9700e+00 | fourier=2.9700e+00 | amplitude=1.8544e-02 | phase=1.6587e-02 | support=3.4947e+00
2026-08-18 03:52:12 | INFO    | TRAIN | epoch=024/100 | batch=01550/01563 ( 99.17%) | lr=1.250e-04 | elapsed=0:11:21 | eta=0:00:05
    losses | total=3.0056e+00 | fourier=3.0056e+00 | amplitude=2.0927e-02 | phase=1.9633e-02 | support=3.5199e+00
2026-08-18 03:52:17 | INFO    | TRAIN | epoch=024/100 | batch=01563/01563 (100.00%) | lr=1.250e-04 | elapsed=0:11:26 | eta=0:00:00
    losses | total=3.1311e+00 | fourier=3.1311e+00 | amplitude=2.0414e-02 | phase=1.8117e-02 | support=3.1220e+00
2026-08-18 03:52:17 | INFO    | TRAIN epoch 024 complete | batches=1563 | samples=25000 | time=0:11:27
2026-08-18 03:52:23 | INFO    | VAL | epoch=024/100 | batch=00050/00313 ( 15.97%) | elapsed=0:00:05 | eta=0:00:28
    losses | total=4.2426e+00 | fourier=4.2426e+00 | amplitude=1.9849e-02 | phase=2.0396e-02 | support=3.4148e+00
2026-08-18 03:52:28 | INFO    | VAL | epoch=024/100 | batch=00100/00313 ( 31.95%) | elapsed=0:00:10 | eta=0:00:22
    losses | total=3.3891e+00 | fourier=3.3891e+00 | amplitude=2.0729e-02 | phase=1.5620e-02 | support=3.5863e+00
2026-08-18 03:52:33 | INFO    | VAL | epoch=024/100 | batch=00150/00313 ( 47.92%) | elapsed=0:00:15 | eta=0:00:17
    losses | total=3.7779e+00 | fourier=3.7779e+00 | amplitude=1.8510e-02 | phase=1.6464e-02 | support=3.2587e+00
2026-08-18 03:52:38 | INFO    | VAL | epoch=024/100 | batch=00200/00313 ( 63.90%) | elapsed=0:00:21 | eta=0:00:11
    losses | total=3.8809e+00 | fourier=3.8809e+00 | amplitude=1.9303e-02 | phase=1.5527e-02 | support=3.5156e+00
2026-08-18 03:52:44 | INFO    | VAL | epoch=024/100 | batch=00250/00313 ( 79.87%) | elapsed=0:00:26 | eta=0:00:06
    losses | total=3.7430e+00 | fourier=3.7430e+00 | amplitude=2.0624e-02 | phase=2.1084e-02 | support=3.3128e+00
2026-08-18 03:52:49 | INFO    | VAL | epoch=024/100 | batch=00300/00313 ( 95.85%) | elapsed=0:00:31 | eta=0:00:01
    losses | total=3.5753e+00 | fourier=3.5753e+00 | amplitude=2.0836e-02 | phase=2.0370e-02 | support=3.2937e+00
2026-08-18 03:52:50 | INFO    | VAL | epoch=024/100 | batch=00313/00313 (100.00%) | elapsed=0:00:32 | eta=0:00:00
    losses | total=3.9263e+00 | fourier=3.9263e+00 | amplitude=1.7624e-02 | phase=1.6916e-02 | support=3.0866e+00
2026-08-18 03:52:50 | INFO    | VAL epoch 024 complete | batches=313 | samples=5000 | time=0:00:32
2026-08-18 03:52:50 | INFO    | Cross-skip strengths | 8/phase_to_amp=+3.3857e-03 | 8/amp_to_phase=-2.8822e-02 | 16/phase_to_amp=-1.5505e-02 | 16/amp_to_phase=+8.3243e-02
2026-08-18 03:52:51 | INFO    | 
------------------------------------------------------------------------------------------------
Epoch 024/100 summary
split             total      fourier    amplitude        phase      support        time
train        2.9312e+00   2.9312e+00   1.9468e-02   1.7400e-02   3.4354e+00     0:11:27
validation   3.6953e+00   3.6953e+00   1.9444e-02   1.7555e-02   3.4149e+00     0:00:32
lr=1.250e-04 | best_val=3.6953e+00 | best_updated=yes | periodic_checkpoint=no
------------------------------------------------------------------------------------------------
2026-08-18 03:53:13 | INFO    | TRAIN | epoch=025/100 | batch=00050/01563 (  3.20%) | lr=1.250e-04 | elapsed=0:00:22 | eta=0:11:18
    losses | total=3.2225e+00 | fourier=3.2225e+00 | amplitude=2.0417e-02 | phase=1.9164e-02 | support=3.5606e+00
2026-08-18 03:53:35 | INFO    | TRAIN | epoch=025/100 | batch=00100/01563 (  6.40%) | lr=1.250e-04 | elapsed=0:00:44 | eta=0:10:49
    losses | total=2.7223e+00 | fourier=2.7223e+00 | amplitude=1.8418e-02 | phase=1.1755e-02 | support=3.6172e+00
2026-08-18 03:53:57 | INFO    | TRAIN | epoch=025/100 | batch=00150/01563 (  9.60%) | lr=1.250e-04 | elapsed=0:01:06 | eta=0:10:25
    losses | total=3.2086e+00 | fourier=3.2086e+00 | amplitude=2.2078e-02 | phase=2.0193e-02 | support=3.5509e+00
2026-08-18 03:54:19 | INFO    | TRAIN | epoch=025/100 | batch=00200/01563 ( 12.80%) | lr=1.250e-04 | elapsed=0:01:28 | eta=0:10:02
    losses | total=2.8485e+00 | fourier=2.8485e+00 | amplitude=1.9614e-02 | phase=1.4580e-02 | support=3.9999e+00
2026-08-18 03:54:41 | INFO    | TRAIN | epoch=025/100 | batch=00250/01563 ( 15.99%) | lr=1.250e-04 | elapsed=0:01:50 | eta=0:09:39
    losses | total=3.1422e+00 | fourier=3.1422e+00 | amplitude=2.0521e-02 | phase=2.2134e-02 | support=3.0495e+00
2026-08-18 03:55:03 | INFO    | TRAIN | epoch=025/100 | batch=00300/01563 ( 19.19%) | lr=1.250e-04 | elapsed=0:02:12 | eta=0:09:17
    losses | total=3.0707e+00 | fourier=3.0707e+00 | amplitude=2.0428e-02 | phase=2.0211e-02 | support=3.2840e+00
2026-08-18 03:55:25 | INFO    | TRAIN | epoch=025/100 | batch=00350/01563 ( 22.39%) | lr=1.250e-04 | elapsed=0:02:34 | eta=0:08:54
    losses | total=2.7192e+00 | fourier=2.7192e+00 | amplitude=1.9487e-02 | phase=1.4800e-02 | support=3.7180e+00
2026-08-18 03:55:47 | INFO    | TRAIN | epoch=025/100 | batch=00400/01563 ( 25.59%) | lr=1.250e-04 | elapsed=0:02:56 | eta=0:08:32
    losses | total=2.9985e+00 | fourier=2.9985e+00 | amplitude=2.0432e-02 | phase=1.5979e-02 | support=3.2223e+00
2026-08-18 03:56:09 | INFO    | TRAIN | epoch=025/100 | batch=00450/01563 ( 28.79%) | lr=1.250e-04 | elapsed=0:03:18 | eta=0:08:10
    losses | total=2.8042e+00 | fourier=2.8042e+00 | amplitude=1.8759e-02 | phase=1.7291e-02 | support=3.4375e+00
2026-08-18 03:56:31 | INFO    | TRAIN | epoch=025/100 | batch=00500/01563 ( 31.99%) | lr=1.250e-04 | elapsed=0:03:40 | eta=0:07:48
    losses | total=3.0046e+00 | fourier=3.0046e+00 | amplitude=2.1490e-02 | phase=1.4330e-02 | support=3.8751e+00
2026-08-18 03:56:53 | INFO    | TRAIN | epoch=025/100 | batch=00550/01563 ( 35.19%) | lr=1.250e-04 | elapsed=0:04:02 | eta=0:07:26
    losses | total=3.0840e+00 | fourier=3.0840e+00 | amplitude=2.0764e-02 | phase=1.9826e-02 | support=3.0783e+00
2026-08-18 03:57:15 | INFO    | TRAIN | epoch=025/100 | batch=00600/01563 ( 38.39%) | lr=1.250e-04 | elapsed=0:04:24 | eta=0:07:04
    losses | total=2.8507e+00 | fourier=2.8507e+00 | amplitude=1.9349e-02 | phase=1.6539e-02 | support=3.7176e+00
2026-08-18 03:57:37 | INFO    | TRAIN | epoch=025/100 | batch=00650/01563 ( 41.59%) | lr=1.250e-04 | elapsed=0:04:46 | eta=0:06:41
    losses | total=3.0076e+00 | fourier=3.0076e+00 | amplitude=1.8677e-02 | phase=1.8209e-02 | support=3.5322e+00
2026-08-18 03:57:59 | INFO    | TRAIN | epoch=025/100 | batch=00700/01563 ( 44.79%) | lr=1.250e-04 | elapsed=0:05:08 | eta=0:06:19
    losses | total=2.9365e+00 | fourier=2.9365e+00 | amplitude=2.1677e-02 | phase=1.6231e-02 | support=3.7734e+00
2026-08-18 03:58:21 | INFO    | TRAIN | epoch=025/100 | batch=00750/01563 ( 47.98%) | lr=1.250e-04 | elapsed=0:05:30 | eta=0:05:57
    losses | total=2.9195e+00 | fourier=2.9195e+00 | amplitude=1.8723e-02 | phase=1.8558e-02 | support=3.2170e+00
2026-08-18 03:58:43 | INFO    | TRAIN | epoch=025/100 | batch=00800/01563 ( 51.18%) | lr=1.250e-04 | elapsed=0:05:52 | eta=0:05:35
    losses | total=2.9660e+00 | fourier=2.9660e+00 | amplitude=2.0873e-02 | phase=2.5876e-02 | support=3.2783e+00
2026-08-18 03:59:05 | INFO    | TRAIN | epoch=025/100 | batch=00850/01563 ( 54.38%) | lr=1.250e-04 | elapsed=0:06:14 | eta=0:05:13
    losses | total=2.8700e+00 | fourier=2.8700e+00 | amplitude=1.8371e-02 | phase=1.5594e-02 | support=3.6053e+00
2026-08-18 03:59:27 | INFO    | TRAIN | epoch=025/100 | batch=00900/01563 ( 57.58%) | lr=1.250e-04 | elapsed=0:06:36 | eta=0:04:51
    losses | total=3.2569e+00 | fourier=3.2569e+00 | amplitude=2.3005e-02 | phase=2.0780e-02 | support=2.9333e+00
2026-08-18 03:59:49 | INFO    | TRAIN | epoch=025/100 | batch=00950/01563 ( 60.78%) | lr=1.250e-04 | elapsed=0:06:58 | eta=0:04:29
    losses | total=2.7499e+00 | fourier=2.7499e+00 | amplitude=1.7574e-02 | phase=1.3580e-02 | support=4.0306e+00
2026-08-18 04:00:11 | INFO    | TRAIN | epoch=025/100 | batch=01000/01563 ( 63.98%) | lr=1.250e-04 | elapsed=0:07:19 | eta=0:04:07
    losses | total=2.8195e+00 | fourier=2.8195e+00 | amplitude=1.6461e-02 | phase=1.4227e-02 | support=3.1603e+00
2026-08-18 04:00:33 | INFO    | TRAIN | epoch=025/100 | batch=01050/01563 ( 67.18%) | lr=1.250e-04 | elapsed=0:07:41 | eta=0:03:45
    losses | total=2.8261e+00 | fourier=2.8261e+00 | amplitude=2.0844e-02 | phase=1.6133e-02 | support=3.7204e+00
2026-08-18 04:00:55 | INFO    | TRAIN | epoch=025/100 | batch=01100/01563 ( 70.38%) | lr=1.250e-04 | elapsed=0:08:03 | eta=0:03:23
    losses | total=2.9061e+00 | fourier=2.9061e+00 | amplitude=2.1956e-02 | phase=2.0184e-02 | support=3.6630e+00
2026-08-18 04:01:17 | INFO    | TRAIN | epoch=025/100 | batch=01150/01563 ( 73.58%) | lr=1.250e-04 | elapsed=0:08:25 | eta=0:03:01
    losses | total=3.0165e+00 | fourier=3.0165e+00 | amplitude=1.7279e-02 | phase=1.7644e-02 | support=3.4249e+00
2026-08-18 04:01:39 | INFO    | TRAIN | epoch=025/100 | batch=01200/01563 ( 76.78%) | lr=1.250e-04 | elapsed=0:08:47 | eta=0:02:39
    losses | total=2.7517e+00 | fourier=2.7517e+00 | amplitude=1.8552e-02 | phase=1.1541e-02 | support=3.1179e+00
2026-08-18 04:02:01 | INFO    | TRAIN | epoch=025/100 | batch=01250/01563 ( 79.97%) | lr=1.250e-04 | elapsed=0:09:09 | eta=0:02:17
    losses | total=2.9130e+00 | fourier=2.9130e+00 | amplitude=2.0009e-02 | phase=1.6151e-02 | support=3.3676e+00
2026-08-18 04:02:23 | INFO    | TRAIN | epoch=025/100 | batch=01300/01563 ( 83.17%) | lr=1.250e-04 | elapsed=0:09:31 | eta=0:01:55
    losses | total=2.9432e+00 | fourier=2.9432e+00 | amplitude=2.0603e-02 | phase=2.2439e-02 | support=3.1789e+00
2026-08-18 04:02:45 | INFO    | TRAIN | epoch=025/100 | batch=01350/01563 ( 86.37%) | lr=1.250e-04 | elapsed=0:09:53 | eta=0:01:33
    losses | total=2.7700e+00 | fourier=2.7700e+00 | amplitude=1.5017e-02 | phase=1.4696e-02 | support=3.1508e+00
2026-08-18 04:03:07 | INFO    | TRAIN | epoch=025/100 | batch=01400/01563 ( 89.57%) | lr=1.250e-04 | elapsed=0:10:15 | eta=0:01:11
    losses | total=2.8459e+00 | fourier=2.8459e+00 | amplitude=1.9480e-02 | phase=1.8068e-02 | support=3.0767e+00
2026-08-18 04:03:29 | INFO    | TRAIN | epoch=025/100 | batch=01450/01563 ( 92.77%) | lr=1.250e-04 | elapsed=0:10:37 | eta=0:00:49
    losses | total=2.7713e+00 | fourier=2.7713e+00 | amplitude=1.9174e-02 | phase=1.8256e-02 | support=3.4273e+00
2026-08-18 04:03:51 | INFO    | TRAIN | epoch=025/100 | batch=01500/01563 ( 95.97%) | lr=1.250e-04 | elapsed=0:10:59 | eta=0:00:27
    losses | total=3.3474e+00 | fourier=3.3474e+00 | amplitude=1.9558e-02 | phase=2.4654e-02 | support=3.2502e+00
2026-08-18 04:04:13 | INFO    | TRAIN | epoch=025/100 | batch=01550/01563 ( 99.17%) | lr=1.250e-04 | elapsed=0:11:21 | eta=0:00:05
    losses | total=2.9560e+00 | fourier=2.9560e+00 | amplitude=1.8969e-02 | phase=1.8970e-02 | support=2.9633e+00
2026-08-18 04:04:18 | INFO    | TRAIN | epoch=025/100 | batch=01563/01563 (100.00%) | lr=1.250e-04 | elapsed=0:11:27 | eta=0:00:00
    losses | total=4.0158e+00 | fourier=4.0158e+00 | amplitude=2.2987e-02 | phase=2.5743e-02 | support=3.4812e+00
2026-08-18 04:04:19 | INFO    | TRAIN epoch 025 complete | batches=1563 | samples=25000 | time=0:11:27
2026-08-18 04:04:24 | INFO    | VAL | epoch=025/100 | batch=00050/00313 ( 15.97%) | elapsed=0:00:05 | eta=0:00:28
    losses | total=4.2801e+00 | fourier=4.2801e+00 | amplitude=1.9827e-02 | phase=2.0195e-02 | support=3.4525e+00
2026-08-18 04:04:29 | INFO    | VAL | epoch=025/100 | batch=00100/00313 ( 31.95%) | elapsed=0:00:10 | eta=0:00:22
    losses | total=3.4067e+00 | fourier=3.4067e+00 | amplitude=2.0657e-02 | phase=1.5453e-02 | support=3.6195e+00
2026-08-18 04:04:34 | INFO    | VAL | epoch=025/100 | batch=00150/00313 ( 47.92%) | elapsed=0:00:15 | eta=0:00:17
    losses | total=3.7755e+00 | fourier=3.7755e+00 | amplitude=1.8478e-02 | phase=1.6331e-02 | support=3.2935e+00
2026-08-18 04:04:40 | INFO    | VAL | epoch=025/100 | batch=00200/00313 ( 63.90%) | elapsed=0:00:21 | eta=0:00:11
    losses | total=3.9075e+00 | fourier=3.9075e+00 | amplitude=1.9244e-02 | phase=1.5399e-02 | support=3.5524e+00
2026-08-18 04:04:45 | INFO    | VAL | epoch=025/100 | batch=00250/00313 ( 79.87%) | elapsed=0:00:26 | eta=0:00:06
    losses | total=3.7488e+00 | fourier=3.7488e+00 | amplitude=2.0567e-02 | phase=2.1017e-02 | support=3.3448e+00
2026-08-18 04:04:50 | INFO    | VAL | epoch=025/100 | batch=00300/00313 ( 95.85%) | elapsed=0:00:31 | eta=0:00:01
    losses | total=3.5701e+00 | fourier=3.5701e+00 | amplitude=2.0772e-02 | phase=2.0286e-02 | support=3.3204e+00
2026-08-18 04:04:51 | INFO    | VAL | epoch=025/100 | batch=00313/00313 (100.00%) | elapsed=0:00:32 | eta=0:00:00
    losses | total=3.9772e+00 | fourier=3.9772e+00 | amplitude=1.7547e-02 | phase=1.6673e-02 | support=3.1147e+00
2026-08-18 04:04:52 | INFO    | VAL epoch 025 complete | batches=313 | samples=5000 | time=0:00:32
2026-08-18 04:04:52 | INFO    | Cross-skip strengths | 8/phase_to_amp=+1.9369e-03 | 8/amp_to_phase=-2.8668e-02 | 16/phase_to_amp=-1.4068e-02 | 16/amp_to_phase=+8.3542e-02
2026-08-18 04:04:52 | INFO    | 
------------------------------------------------------------------------------------------------
Epoch 025/100 summary
split             total      fourier    amplitude        phase      support        time
train        2.9287e+00   2.9287e+00   1.9468e-02   1.7398e-02   3.4398e+00     0:11:27
validation   3.7059e+00   3.7059e+00   1.9398e-02   1.7426e-02   3.4447e+00     0:00:32
lr=1.250e-04 | best_val=3.6953e+00 | best_updated=no | periodic_checkpoint=no
------------------------------------------------------------------------------------------------
2026-08-18 04:05:14 | INFO    | TRAIN | epoch=026/100 | batch=00050/01563 (  3.20%) | lr=1.250e-04 | elapsed=0:00:22 | eta=0:11:09
    losses | total=2.9969e+00 | fourier=2.9969e+00 | amplitude=2.2090e-02 | phase=2.1833e-02 | support=3.2273e+00
2026-08-18 04:05:36 | INFO    | TRAIN | epoch=026/100 | batch=00100/01563 (  6.40%) | lr=1.250e-04 | elapsed=0:00:44 | eta=0:10:44
    losses | total=2.7414e+00 | fourier=2.7414e+00 | amplitude=1.7223e-02 | phase=1.7488e-02 | support=3.3023e+00
2026-08-18 04:05:58 | INFO    | TRAIN | epoch=026/100 | batch=00150/01563 (  9.60%) | lr=1.250e-04 | elapsed=0:01:06 | eta=0:10:22
    losses | total=2.7419e+00 | fourier=2.7419e+00 | amplitude=1.9333e-02 | phase=1.4073e-02 | support=3.5505e+00
2026-08-18 04:06:20 | INFO    | TRAIN | epoch=026/100 | batch=00200/01563 ( 12.80%) | lr=1.250e-04 | elapsed=0:01:27 | eta=0:09:59
    losses | total=2.8654e+00 | fourier=2.8654e+00 | amplitude=1.8107e-02 | phase=1.6854e-02 | support=3.6761e+00
2026-08-18 04:06:42 | INFO    | TRAIN | epoch=026/100 | batch=00250/01563 ( 15.99%) | lr=1.250e-04 | elapsed=0:01:49 | eta=0:09:37
    losses | total=2.7812e+00 | fourier=2.7812e+00 | amplitude=1.7015e-02 | phase=9.3297e-03 | support=3.7061e+00
2026-08-18 04:07:04 | INFO    | TRAIN | epoch=026/100 | batch=00300/01563 ( 19.19%) | lr=1.250e-04 | elapsed=0:02:11 | eta=0:09:15
    losses | total=2.9193e+00 | fourier=2.9193e+00 | amplitude=2.0337e-02 | phase=1.6264e-02 | support=3.2382e+00
2026-08-18 04:07:26 | INFO    | TRAIN | epoch=026/100 | batch=00350/01563 ( 22.39%) | lr=1.250e-04 | elapsed=0:02:33 | eta=0:08:53
    losses | total=3.1712e+00 | fourier=3.1712e+00 | amplitude=2.0584e-02 | phase=1.7956e-02 | support=3.2480e+00
2026-08-18 04:07:48 | INFO    | TRAIN | epoch=026/100 | batch=00400/01563 ( 25.59%) | lr=1.250e-04 | elapsed=0:02:55 | eta=0:08:31
    losses | total=2.8340e+00 | fourier=2.8340e+00 | amplitude=1.9469e-02 | phase=1.3393e-02 | support=3.3786e+00
2026-08-18 04:08:10 | INFO    | TRAIN | epoch=026/100 | batch=00450/01563 ( 28.79%) | lr=1.250e-04 | elapsed=0:03:17 | eta=0:08:09
    losses | total=3.2812e+00 | fourier=3.2812e+00 | amplitude=2.3853e-02 | phase=1.9622e-02 | support=3.2538e+00
2026-08-18 04:08:32 | INFO    | TRAIN | epoch=026/100 | batch=00500/01563 ( 31.99%) | lr=1.250e-04 | elapsed=0:03:39 | eta=0:07:47
    losses | total=2.7098e+00 | fourier=2.7098e+00 | amplitude=1.9898e-02 | phase=1.9431e-02 | support=3.4026e+00
2026-08-18 04:08:53 | INFO    | TRAIN | epoch=026/100 | batch=00550/01563 ( 35.19%) | lr=1.250e-04 | elapsed=0:04:01 | eta=0:07:25
    losses | total=2.8035e+00 | fourier=2.8035e+00 | amplitude=1.8648e-02 | phase=1.6803e-02 | support=3.3576e+00
2026-08-18 04:09:15 | INFO    | TRAIN | epoch=026/100 | batch=00600/01563 ( 38.39%) | lr=1.250e-04 | elapsed=0:04:23 | eta=0:07:03
    losses | total=2.9134e+00 | fourier=2.9134e+00 | amplitude=1.8490e-02 | phase=1.6161e-02 | support=3.5648e+00
2026-08-18 04:09:37 | INFO    | TRAIN | epoch=026/100 | batch=00650/01563 ( 41.59%) | lr=1.250e-04 | elapsed=0:04:45 | eta=0:06:41
    losses | total=2.7563e+00 | fourier=2.7563e+00 | amplitude=1.7373e-02 | phase=1.5178e-02 | support=3.5531e+00
2026-08-18 04:09:59 | INFO    | TRAIN | epoch=026/100 | batch=00700/01563 ( 44.79%) | lr=1.250e-04 | elapsed=0:05:07 | eta=0:06:19
    losses | total=2.9426e+00 | fourier=2.9426e+00 | amplitude=2.0916e-02 | phase=1.7439e-02 | support=3.7993e+00
2026-08-18 04:10:21 | INFO    | TRAIN | epoch=026/100 | batch=00750/01563 ( 47.98%) | lr=1.250e-04 | elapsed=0:05:29 | eta=0:05:57
    losses | total=2.9135e+00 | fourier=2.9135e+00 | amplitude=2.0026e-02 | phase=1.8575e-02 | support=3.9495e+00
2026-08-18 04:10:43 | INFO    | TRAIN | epoch=026/100 | batch=00800/01563 ( 51.18%) | lr=1.250e-04 | elapsed=0:05:51 | eta=0:05:35
    losses | total=3.3576e+00 | fourier=3.3576e+00 | amplitude=2.0499e-02 | phase=2.2075e-02 | support=3.2401e+00
2026-08-18 04:11:05 | INFO    | TRAIN | epoch=026/100 | batch=00850/01563 ( 54.38%) | lr=1.250e-04 | elapsed=0:06:13 | eta=0:05:13
    losses | total=2.8254e+00 | fourier=2.8254e+00 | amplitude=1.4363e-02 | phase=1.6479e-02 | support=2.9948e+00
2026-08-18 04:11:27 | INFO    | TRAIN | epoch=026/100 | batch=00900/01563 ( 57.58%) | lr=1.250e-04 | elapsed=0:06:35 | eta=0:04:51
    losses | total=2.9817e+00 | fourier=2.9817e+00 | amplitude=2.0015e-02 | phase=1.3778e-02 | support=3.2826e+00
2026-08-18 04:11:49 | INFO    | TRAIN | epoch=026/100 | batch=00950/01563 ( 60.78%) | lr=1.250e-04 | elapsed=0:06:57 | eta=0:04:29
    losses | total=3.0064e+00 | fourier=3.0064e+00 | amplitude=2.2735e-02 | phase=2.3348e-02 | support=3.2131e+00
2026-08-18 04:12:11 | INFO    | TRAIN | epoch=026/100 | batch=01000/01563 ( 63.98%) | lr=1.250e-04 | elapsed=0:07:19 | eta=0:04:07
    losses | total=2.8318e+00 | fourier=2.8318e+00 | amplitude=1.9127e-02 | phase=1.6361e-02 | support=3.5324e+00
2026-08-18 04:12:33 | INFO    | TRAIN | epoch=026/100 | batch=01050/01563 ( 67.18%) | lr=1.250e-04 | elapsed=0:07:41 | eta=0:03:45
    losses | total=3.1705e+00 | fourier=3.1705e+00 | amplitude=1.9585e-02 | phase=2.4828e-02 | support=3.0035e+00
2026-08-18 04:12:55 | INFO    | TRAIN | epoch=026/100 | batch=01100/01563 ( 70.38%) | lr=1.250e-04 | elapsed=0:08:03 | eta=0:03:23
    losses | total=2.7748e+00 | fourier=2.7748e+00 | amplitude=2.0619e-02 | phase=1.8593e-02 | support=3.3433e+00
2026-08-18 04:13:17 | INFO    | TRAIN | epoch=026/100 | batch=01150/01563 ( 73.58%) | lr=1.250e-04 | elapsed=0:08:25 | eta=0:03:01
    losses | total=2.9240e+00 | fourier=2.9240e+00 | amplitude=2.4327e-02 | phase=1.9313e-02 | support=3.3328e+00
2026-08-18 04:13:39 | INFO    | TRAIN | epoch=026/100 | batch=01200/01563 ( 76.78%) | lr=1.250e-04 | elapsed=0:08:47 | eta=0:02:39
    losses | total=2.9200e+00 | fourier=2.9200e+00 | amplitude=2.1295e-02 | phase=1.9683e-02 | support=3.2019e+00
2026-08-18 04:14:01 | INFO    | TRAIN | epoch=026/100 | batch=01250/01563 ( 79.97%) | lr=1.250e-04 | elapsed=0:09:09 | eta=0:02:17
    losses | total=2.9891e+00 | fourier=2.9891e+00 | amplitude=1.9953e-02 | phase=1.5264e-02 | support=3.5053e+00
2026-08-18 04:14:23 | INFO    | TRAIN | epoch=026/100 | batch=01300/01563 ( 83.17%) | lr=1.250e-04 | elapsed=0:09:31 | eta=0:01:55
    losses | total=2.7989e+00 | fourier=2.7989e+00 | amplitude=1.8476e-02 | phase=1.3159e-02 | support=3.6907e+00
2026-08-18 04:14:45 | INFO    | TRAIN | epoch=026/100 | batch=01350/01563 ( 86.37%) | lr=1.250e-04 | elapsed=0:09:52 | eta=0:01:33
    losses | total=2.8009e+00 | fourier=2.8009e+00 | amplitude=1.9232e-02 | phase=1.6177e-02 | support=4.0358e+00
2026-08-18 04:15:07 | INFO    | TRAIN | epoch=026/100 | batch=01400/01563 ( 89.57%) | lr=1.250e-04 | elapsed=0:10:14 | eta=0:01:11
    losses | total=2.8226e+00 | fourier=2.8226e+00 | amplitude=1.9594e-02 | phase=1.6274e-02 | support=3.7260e+00
2026-08-18 04:15:29 | INFO    | TRAIN | epoch=026/100 | batch=01450/01563 ( 92.77%) | lr=1.250e-04 | elapsed=0:10:36 | eta=0:00:49
    losses | total=3.0751e+00 | fourier=3.0751e+00 | amplitude=2.0205e-02 | phase=2.3128e-02 | support=3.2853e+00
2026-08-18 04:15:51 | INFO    | TRAIN | epoch=026/100 | batch=01500/01563 ( 95.97%) | lr=1.250e-04 | elapsed=0:10:58 | eta=0:00:27
    losses | total=2.8395e+00 | fourier=2.8395e+00 | amplitude=1.9577e-02 | phase=1.6836e-02 | support=3.3023e+00
2026-08-18 04:16:13 | INFO    | TRAIN | epoch=026/100 | batch=01550/01563 ( 99.17%) | lr=1.250e-04 | elapsed=0:11:20 | eta=0:00:05
    losses | total=2.9115e+00 | fourier=2.9115e+00 | amplitude=2.0964e-02 | phase=1.6227e-02 | support=3.6302e+00
2026-08-18 04:16:18 | INFO    | TRAIN | epoch=026/100 | batch=01563/01563 (100.00%) | lr=1.250e-04 | elapsed=0:11:26 | eta=0:00:00
    losses | total=2.6871e+00 | fourier=2.6871e+00 | amplitude=1.8503e-02 | phase=1.3357e-02 | support=3.2176e+00
2026-08-18 04:16:18 | INFO    | TRAIN epoch 026 complete | batches=1563 | samples=25000 | time=0:11:26
2026-08-18 04:16:24 | INFO    | VAL | epoch=026/100 | batch=00050/00313 ( 15.97%) | elapsed=0:00:05 | eta=0:00:28
    losses | total=4.2502e+00 | fourier=4.2502e+00 | amplitude=1.9980e-02 | phase=2.0383e-02 | support=3.4501e+00
2026-08-18 04:16:29 | INFO    | VAL | epoch=026/100 | batch=00100/00313 ( 31.95%) | elapsed=0:00:10 | eta=0:00:22
    losses | total=3.3943e+00 | fourier=3.3943e+00 | amplitude=2.0821e-02 | phase=1.5643e-02 | support=3.6161e+00
2026-08-18 04:16:34 | INFO    | VAL | epoch=026/100 | batch=00150/00313 ( 47.92%) | elapsed=0:00:15 | eta=0:00:17
    losses | total=3.7665e+00 | fourier=3.7665e+00 | amplitude=1.8585e-02 | phase=1.6464e-02 | support=3.2852e+00
2026-08-18 04:16:39 | INFO    | VAL | epoch=026/100 | batch=00200/00313 ( 63.90%) | elapsed=0:00:21 | eta=0:00:11
    losses | total=3.8542e+00 | fourier=3.8542e+00 | amplitude=1.9381e-02 | phase=1.5578e-02 | support=3.5368e+00
2026-08-18 04:16:45 | INFO    | VAL | epoch=026/100 | batch=00250/00313 ( 79.87%) | elapsed=0:00:26 | eta=0:00:06
    losses | total=3.7373e+00 | fourier=3.7373e+00 | amplitude=2.0704e-02 | phase=2.1153e-02 | support=3.3418e+00
2026-08-18 04:16:50 | INFO    | VAL | epoch=026/100 | batch=00300/00313 ( 95.85%) | elapsed=0:00:31 | eta=0:00:01
    losses | total=3.5916e+00 | fourier=3.5916e+00 | amplitude=2.0949e-02 | phase=2.0368e-02 | support=3.3268e+00
2026-08-18 04:16:51 | INFO    | VAL | epoch=026/100 | batch=00313/00313 (100.00%) | elapsed=0:00:32 | eta=0:00:00
    losses | total=3.9507e+00 | fourier=3.9507e+00 | amplitude=1.7709e-02 | phase=1.6875e-02 | support=3.1016e+00
2026-08-18 04:16:51 | INFO    | VAL epoch 026 complete | batches=313 | samples=5000 | time=0:00:32
2026-08-18 04:16:51 | INFO    | Cross-skip strengths | 8/phase_to_amp=+2.6918e-03 | 8/amp_to_phase=-2.9196e-02 | 16/phase_to_amp=-1.5144e-02 | 16/amp_to_phase=+8.4527e-02
2026-08-18 04:16:51 | INFO    | 
------------------------------------------------------------------------------------------------
Epoch 026/100 summary
split             total      fourier    amplitude        phase      support        time
train        2.9254e+00   2.9254e+00   1.9468e-02   1.7397e-02   3.4397e+00     0:11:26
validation   3.6972e+00   3.6972e+00   1.9541e-02   1.7571e-02   3.4406e+00     0:00:32
lr=1.250e-04 | best_val=3.6953e+00 | best_updated=no | periodic_checkpoint=no
------------------------------------------------------------------------------------------------
2026-08-18 04:17:14 | INFO    | TRAIN | epoch=027/100 | batch=00050/01563 (  3.20%) | lr=1.250e-04 | elapsed=0:00:22 | eta=0:11:09
    losses | total=3.0581e+00 | fourier=3.0581e+00 | amplitude=1.8595e-02 | phase=2.4096e-02 | support=3.2167e+00
2026-08-18 04:17:36 | INFO    | TRAIN | epoch=027/100 | batch=00100/01563 (  6.40%) | lr=1.250e-04 | elapsed=0:00:44 | eta=0:10:45
    losses | total=2.9839e+00 | fourier=2.9839e+00 | amplitude=1.7700e-02 | phase=1.4822e-02 | support=3.4994e+00
2026-08-18 04:17:58 | INFO    | TRAIN | epoch=027/100 | batch=00150/01563 (  9.60%) | lr=1.250e-04 | elapsed=0:01:06 | eta=0:10:22
    losses | total=2.7762e+00 | fourier=2.7762e+00 | amplitude=2.0360e-02 | phase=2.0378e-02 | support=3.2983e+00
2026-08-18 04:18:20 | INFO    | TRAIN | epoch=027/100 | batch=00200/01563 ( 12.80%) | lr=1.250e-04 | elapsed=0:01:28 | eta=0:10:00
    losses | total=2.7814e+00 | fourier=2.7814e+00 | amplitude=1.9522e-02 | phase=1.2796e-02 | support=3.4028e+00
2026-08-18 04:18:42 | INFO    | TRAIN | epoch=027/100 | batch=00250/01563 ( 15.99%) | lr=1.250e-04 | elapsed=0:01:50 | eta=0:09:37
    losses | total=2.9120e+00 | fourier=2.9120e+00 | amplitude=1.8459e-02 | phase=1.6609e-02 | support=3.7706e+00
2026-08-18 04:19:03 | INFO    | TRAIN | epoch=027/100 | batch=00300/01563 ( 19.19%) | lr=1.250e-04 | elapsed=0:02:12 | eta=0:09:15
    losses | total=2.9041e+00 | fourier=2.9041e+00 | amplitude=1.9160e-02 | phase=1.5917e-02 | support=3.1654e+00
2026-08-18 04:19:25 | INFO    | TRAIN | epoch=027/100 | batch=00350/01563 ( 22.39%) | lr=1.250e-04 | elapsed=0:02:33 | eta=0:08:53
    losses | total=2.9771e+00 | fourier=2.9771e+00 | amplitude=2.1129e-02 | phase=2.3383e-02 | support=3.0514e+00
2026-08-18 04:19:47 | INFO    | TRAIN | epoch=027/100 | batch=00400/01563 ( 25.59%) | lr=1.250e-04 | elapsed=0:02:55 | eta=0:08:31
    losses | total=2.7523e+00 | fourier=2.7523e+00 | amplitude=1.8439e-02 | phase=1.3953e-02 | support=3.6939e+00
2026-08-18 04:20:09 | INFO    | TRAIN | epoch=027/100 | batch=00450/01563 ( 28.79%) | lr=1.250e-04 | elapsed=0:03:17 | eta=0:08:09
    losses | total=2.8015e+00 | fourier=2.8015e+00 | amplitude=2.2220e-02 | phase=1.8926e-02 | support=3.4062e+00
2026-08-18 04:20:31 | INFO    | TRAIN | epoch=027/100 | batch=00500/01563 ( 31.99%) | lr=1.250e-04 | elapsed=0:03:39 | eta=0:07:47
    losses | total=3.0244e+00 | fourier=3.0244e+00 | amplitude=1.9708e-02 | phase=1.8347e-02 | support=3.3821e+00
2026-08-18 04:20:53 | INFO    | TRAIN | epoch=027/100 | batch=00550/01563 ( 35.19%) | lr=1.250e-04 | elapsed=0:04:01 | eta=0:07:25
    losses | total=2.7301e+00 | fourier=2.7301e+00 | amplitude=2.0963e-02 | phase=1.7769e-02 | support=3.3515e+00
2026-08-18 04:21:15 | INFO    | TRAIN | epoch=027/100 | batch=00600/01563 ( 38.39%) | lr=1.250e-04 | elapsed=0:04:23 | eta=0:07:03
    losses | total=2.8300e+00 | fourier=2.8300e+00 | amplitude=1.8324e-02 | phase=1.4699e-02 | support=3.1657e+00
2026-08-18 04:21:37 | INFO    | TRAIN | epoch=027/100 | batch=00650/01563 ( 41.59%) | lr=1.250e-04 | elapsed=0:04:45 | eta=0:06:41
    losses | total=3.1400e+00 | fourier=3.1400e+00 | amplitude=2.3345e-02 | phase=2.0642e-02 | support=3.2662e+00
2026-08-18 04:21:59 | INFO    | TRAIN | epoch=027/100 | batch=00700/01563 ( 44.79%) | lr=1.250e-04 | elapsed=0:05:07 | eta=0:06:19
    losses | total=2.8247e+00 | fourier=2.8247e+00 | amplitude=2.0900e-02 | phase=1.4010e-02 | support=3.6291e+00
2026-08-18 04:22:21 | INFO    | TRAIN | epoch=027/100 | batch=00750/01563 ( 47.98%) | lr=1.250e-04 | elapsed=0:05:29 | eta=0:05:57
    losses | total=3.0074e+00 | fourier=3.0074e+00 | amplitude=1.9276e-02 | phase=1.5959e-02 | support=3.4712e+00
2026-08-18 04:22:43 | INFO    | TRAIN | epoch=027/100 | batch=00800/01563 ( 51.18%) | lr=1.250e-04 | elapsed=0:05:51 | eta=0:05:35
    losses | total=2.8588e+00 | fourier=2.8588e+00 | amplitude=1.9097e-02 | phase=1.4394e-02 | support=3.9504e+00
2026-08-18 04:23:05 | INFO    | TRAIN | epoch=027/100 | batch=00850/01563 ( 54.38%) | lr=1.250e-04 | elapsed=0:06:13 | eta=0:05:13
    losses | total=2.8173e+00 | fourier=2.8173e+00 | amplitude=1.9738e-02 | phase=1.6027e-02 | support=3.9648e+00
2026-08-18 04:23:27 | INFO    | TRAIN | epoch=027/100 | batch=00900/01563 ( 57.58%) | lr=1.250e-04 | elapsed=0:06:35 | eta=0:04:51
    losses | total=3.0810e+00 | fourier=3.0810e+00 | amplitude=1.7292e-02 | phase=1.1614e-02 | support=3.0646e+00
2026-08-18 04:23:49 | INFO    | TRAIN | epoch=027/100 | batch=00950/01563 ( 60.78%) | lr=1.250e-04 | elapsed=0:06:57 | eta=0:04:29
    losses | total=2.8842e+00 | fourier=2.8842e+00 | amplitude=1.9605e-02 | phase=1.8536e-02 | support=3.4754e+00
2026-08-18 04:24:11 | INFO    | TRAIN | epoch=027/100 | batch=01000/01563 ( 63.98%) | lr=1.250e-04 | elapsed=0:07:19 | eta=0:04:07
    losses | total=3.2821e+00 | fourier=3.2821e+00 | amplitude=2.2756e-02 | phase=2.4196e-02 | support=3.2418e+00
2026-08-18 04:24:33 | INFO    | TRAIN | epoch=027/100 | batch=01050/01563 ( 67.18%) | lr=1.250e-04 | elapsed=0:07:41 | eta=0:03:45
    losses | total=2.7653e+00 | fourier=2.7653e+00 | amplitude=2.0068e-02 | phase=1.6389e-02 | support=3.6081e+00
2026-08-18 04:24:55 | INFO    | TRAIN | epoch=027/100 | batch=01100/01563 ( 70.38%) | lr=1.250e-04 | elapsed=0:08:03 | eta=0:03:23
    losses | total=3.0667e+00 | fourier=3.0667e+00 | amplitude=2.2329e-02 | phase=1.8149e-02 | support=3.2472e+00
2026-08-18 04:25:17 | INFO    | TRAIN | epoch=027/100 | batch=01150/01563 ( 73.58%) | lr=1.250e-04 | elapsed=0:08:25 | eta=0:03:01
    losses | total=2.9047e+00 | fourier=2.9047e+00 | amplitude=1.7808e-02 | phase=1.6060e-02 | support=3.1540e+00
2026-08-18 04:25:39 | INFO    | TRAIN | epoch=027/100 | batch=01200/01563 ( 76.78%) | lr=1.250e-04 | elapsed=0:08:47 | eta=0:02:39
    losses | total=2.9942e+00 | fourier=2.9942e+00 | amplitude=1.7000e-02 | phase=1.4048e-02 | support=3.3587e+00
2026-08-18 04:26:01 | INFO    | TRAIN | epoch=027/100 | batch=01250/01563 ( 79.97%) | lr=1.250e-04 | elapsed=0:09:09 | eta=0:02:17
    losses | total=2.7815e+00 | fourier=2.7815e+00 | amplitude=2.1015e-02 | phase=1.5875e-02 | support=3.7149e+00
2026-08-18 04:26:23 | INFO    | TRAIN | epoch=027/100 | batch=01300/01563 ( 83.17%) | lr=1.250e-04 | elapsed=0:09:31 | eta=0:01:55
    losses | total=2.8317e+00 | fourier=2.8317e+00 | amplitude=2.0174e-02 | phase=1.7729e-02 | support=3.4684e+00
2026-08-18 04:26:45 | INFO    | TRAIN | epoch=027/100 | batch=01350/01563 ( 86.37%) | lr=1.250e-04 | elapsed=0:09:53 | eta=0:01:33
    losses | total=2.9614e+00 | fourier=2.9614e+00 | amplitude=1.9535e-02 | phase=2.0484e-02 | support=3.8375e+00
2026-08-18 04:27:07 | INFO    | TRAIN | epoch=027/100 | batch=01400/01563 ( 89.57%) | lr=1.250e-04 | elapsed=0:10:15 | eta=0:01:11
    losses | total=2.8588e+00 | fourier=2.8588e+00 | amplitude=1.8115e-02 | phase=1.8069e-02 | support=3.5644e+00
2026-08-18 04:27:29 | INFO    | TRAIN | epoch=027/100 | batch=01450/01563 ( 92.77%) | lr=1.250e-04 | elapsed=0:10:37 | eta=0:00:49
    losses | total=3.1494e+00 | fourier=3.1494e+00 | amplitude=1.8212e-02 | phase=2.1655e-02 | support=3.1429e+00
2026-08-18 04:27:51 | INFO    | TRAIN | epoch=027/100 | batch=01500/01563 ( 95.97%) | lr=1.250e-04 | elapsed=0:10:59 | eta=0:00:27
    losses | total=2.7081e+00 | fourier=2.7081e+00 | amplitude=1.8994e-02 | phase=1.6388e-02 | support=3.6080e+00
2026-08-18 04:28:13 | INFO    | TRAIN | epoch=027/100 | batch=01550/01563 ( 99.17%) | lr=1.250e-04 | elapsed=0:11:21 | eta=0:00:05
    losses | total=3.0321e+00 | fourier=3.0321e+00 | amplitude=1.7867e-02 | phase=1.1360e-02 | support=3.7944e+00
2026-08-18 04:28:18 | INFO    | TRAIN | epoch=027/100 | batch=01563/01563 (100.00%) | lr=1.250e-04 | elapsed=0:11:26 | eta=0:00:00
    losses | total=3.0502e+00 | fourier=3.0502e+00 | amplitude=2.1018e-02 | phase=2.0404e-02 | support=3.7557e+00
2026-08-18 04:28:19 | INFO    | TRAIN epoch 027 complete | batches=1563 | samples=25000 | time=0:11:27
2026-08-18 04:28:24 | INFO    | VAL | epoch=027/100 | batch=00050/00313 ( 15.97%) | elapsed=0:00:05 | eta=0:00:28
    losses | total=4.2410e+00 | fourier=4.2410e+00 | amplitude=1.9886e-02 | phase=2.0196e-02 | support=3.4429e+00
2026-08-18 04:28:29 | INFO    | VAL | epoch=027/100 | batch=00100/00313 ( 31.95%) | elapsed=0:00:10 | eta=0:00:22
    losses | total=3.3931e+00 | fourier=3.3931e+00 | amplitude=2.0736e-02 | phase=1.5516e-02 | support=3.6113e+00
2026-08-18 04:28:35 | INFO    | VAL | epoch=027/100 | batch=00150/00313 ( 47.92%) | elapsed=0:00:15 | eta=0:00:17
    losses | total=3.7748e+00 | fourier=3.7748e+00 | amplitude=1.8536e-02 | phase=1.6337e-02 | support=3.2796e+00
2026-08-18 04:28:40 | INFO    | VAL | epoch=027/100 | batch=00200/00313 ( 63.90%) | elapsed=0:00:21 | eta=0:00:11
    losses | total=3.8716e+00 | fourier=3.8716e+00 | amplitude=1.9305e-02 | phase=1.5491e-02 | support=3.5325e+00
2026-08-18 04:28:45 | INFO    | VAL | epoch=027/100 | batch=00250/00313 ( 79.87%) | elapsed=0:00:26 | eta=0:00:06
    losses | total=3.7333e+00 | fourier=3.7333e+00 | amplitude=2.0629e-02 | phase=2.1050e-02 | support=3.3327e+00
2026-08-18 04:28:50 | INFO    | VAL | epoch=027/100 | batch=00300/00313 ( 95.85%) | elapsed=0:00:31 | eta=0:00:01
    losses | total=3.5827e+00 | fourier=3.5827e+00 | amplitude=2.0824e-02 | phase=2.0225e-02 | support=3.3139e+00
2026-08-18 04:28:52 | INFO    | VAL | epoch=027/100 | batch=00313/00313 (100.00%) | elapsed=0:00:32 | eta=0:00:00
    losses | total=3.9513e+00 | fourier=3.9513e+00 | amplitude=1.7617e-02 | phase=1.6751e-02 | support=3.1084e+00
2026-08-18 04:28:52 | INFO    | VAL epoch 027 complete | batches=313 | samples=5000 | time=0:00:32
2026-08-18 04:28:52 | INFO    | Cross-skip strengths | 8/phase_to_amp=+3.5289e-03 | 8/amp_to_phase=-2.9328e-02 | 16/phase_to_amp=-1.5540e-02 | 16/amp_to_phase=+8.5364e-02
2026-08-18 04:28:52 | INFO    | 
------------------------------------------------------------------------------------------------
Epoch 027/100 summary
split             total      fourier    amplitude        phase      support        time
train        2.9244e+00   2.9244e+00   1.9469e-02   1.7403e-02   3.4403e+00     0:11:27
validation   3.6982e+00   3.6982e+00   1.9463e-02   1.7442e-02   3.4370e+00     0:00:32
lr=1.250e-04 | best_val=3.6953e+00 | best_updated=no | periodic_checkpoint=no
------------------------------------------------------------------------------------------------
2026-08-18 04:29:14 | INFO    | TRAIN | epoch=028/100 | batch=00050/01563 (  3.20%) | lr=1.250e-04 | elapsed=0:00:22 | eta=0:11:09
    losses | total=2.8646e+00 | fourier=2.8646e+00 | amplitude=1.9609e-02 | phase=1.6188e-02 | support=3.6646e+00
2026-08-18 04:29:36 | INFO    | TRAIN | epoch=028/100 | batch=00100/01563 (  6.40%) | lr=1.250e-04 | elapsed=0:00:44 | eta=0:10:45
    losses | total=2.9962e+00 | fourier=2.9962e+00 | amplitude=2.0794e-02 | phase=1.8258e-02 | support=3.1856e+00
2026-08-18 04:29:58 | INFO    | TRAIN | epoch=028/100 | batch=00150/01563 (  9.60%) | lr=1.250e-04 | elapsed=0:01:06 | eta=0:10:22
    losses | total=3.0067e+00 | fourier=3.0067e+00 | amplitude=1.9565e-02 | phase=1.7260e-02 | support=3.4331e+00
2026-08-18 04:30:20 | INFO    | TRAIN | epoch=028/100 | batch=00200/01563 ( 12.80%) | lr=1.250e-04 | elapsed=0:01:28 | eta=0:10:00
    losses | total=2.7948e+00 | fourier=2.7948e+00 | amplitude=2.0383e-02 | phase=1.2951e-02 | support=3.7821e+00
2026-08-18 04:30:42 | INFO    | TRAIN | epoch=028/100 | batch=00250/01563 ( 15.99%) | lr=1.250e-04 | elapsed=0:01:50 | eta=0:09:37
    losses | total=3.1132e+00 | fourier=3.1132e+00 | amplitude=1.9155e-02 | phase=2.1594e-02 | support=3.1465e+00
2026-08-18 04:31:04 | INFO    | TRAIN | epoch=028/100 | batch=00300/01563 ( 19.19%) | lr=1.250e-04 | elapsed=0:02:12 | eta=0:09:15
    losses | total=2.9681e+00 | fourier=2.9681e+00 | amplitude=1.8158e-02 | phase=1.7184e-02 | support=3.5517e+00
2026-08-18 04:31:26 | INFO    | TRAIN | epoch=028/100 | batch=00350/01563 ( 22.39%) | lr=1.250e-04 | elapsed=0:02:34 | eta=0:08:53
    losses | total=2.8223e+00 | fourier=2.8223e+00 | amplitude=1.7930e-02 | phase=1.3625e-02 | support=3.5783e+00
2026-08-18 04:31:48 | INFO    | TRAIN | epoch=028/100 | batch=00400/01563 ( 25.59%) | lr=1.250e-04 | elapsed=0:02:56 | eta=0:08:31
    losses | total=2.7214e+00 | fourier=2.7214e+00 | amplitude=1.8670e-02 | phase=1.7111e-02 | support=3.4011e+00
2026-08-18 04:32:10 | INFO    | TRAIN | epoch=028/100 | batch=00450/01563 ( 28.79%) | lr=1.250e-04 | elapsed=0:03:17 | eta=0:08:09
    losses | total=2.8131e+00 | fourier=2.8131e+00 | amplitude=1.9020e-02 | phase=1.5170e-02 | support=3.8785e+00
2026-08-18 04:32:32 | INFO    | TRAIN | epoch=028/100 | batch=00500/01563 ( 31.99%) | lr=1.250e-04 | elapsed=0:03:39 | eta=0:07:47
    losses | total=2.9550e+00 | fourier=2.9550e+00 | amplitude=2.1306e-02 | phase=1.8934e-02 | support=3.5565e+00
2026-08-18 04:32:54 | INFO    | TRAIN | epoch=028/100 | batch=00550/01563 ( 35.19%) | lr=1.250e-04 | elapsed=0:04:01 | eta=0:07:25
    losses | total=3.1760e+00 | fourier=3.1760e+00 | amplitude=2.2000e-02 | phase=2.0136e-02 | support=3.5421e+00
2026-08-18 04:33:16 | INFO    | TRAIN | epoch=028/100 | batch=00600/01563 ( 38.39%) | lr=1.250e-04 | elapsed=0:04:23 | eta=0:07:03
    losses | total=3.2717e+00 | fourier=3.2717e+00 | amplitude=1.9388e-02 | phase=2.2567e-02 | support=3.5465e+00
2026-08-18 04:33:38 | INFO    | TRAIN | epoch=028/100 | batch=00650/01563 ( 41.59%) | lr=1.250e-04 | elapsed=0:04:45 | eta=0:06:41
    losses | total=2.9085e+00 | fourier=2.9085e+00 | amplitude=1.8486e-02 | phase=2.0069e-02 | support=3.2874e+00
2026-08-18 04:34:00 | INFO    | TRAIN | epoch=028/100 | batch=00700/01563 ( 44.79%) | lr=1.250e-04 | elapsed=0:05:07 | eta=0:06:19
    losses | total=2.8184e+00 | fourier=2.8184e+00 | amplitude=1.6416e-02 | phase=1.4417e-02 | support=3.4698e+00
2026-08-18 04:34:22 | INFO    | TRAIN | epoch=028/100 | batch=00750/01563 ( 47.98%) | lr=1.250e-04 | elapsed=0:05:29 | eta=0:05:57
    losses | total=2.9982e+00 | fourier=2.9982e+00 | amplitude=2.2864e-02 | phase=1.3897e-02 | support=3.5530e+00
2026-08-18 04:34:44 | INFO    | TRAIN | epoch=028/100 | batch=00800/01563 ( 51.18%) | lr=1.250e-04 | elapsed=0:05:51 | eta=0:05:35
    losses | total=2.8736e+00 | fourier=2.8736e+00 | amplitude=1.6428e-02 | phase=1.5120e-02 | support=3.4294e+00
2026-08-18 04:35:06 | INFO    | TRAIN | epoch=028/100 | batch=00850/01563 ( 54.38%) | lr=1.250e-04 | elapsed=0:06:13 | eta=0:05:13
    losses | total=2.9131e+00 | fourier=2.9131e+00 | amplitude=1.7602e-02 | phase=1.7940e-02 | support=2.9969e+00
2026-08-18 04:35:28 | INFO    | TRAIN | epoch=028/100 | batch=00900/01563 ( 57.58%) | lr=1.250e-04 | elapsed=0:06:35 | eta=0:04:51
    losses | total=2.8550e+00 | fourier=2.8550e+00 | amplitude=1.6835e-02 | phase=1.5738e-02 | support=2.9834e+00
2026-08-18 04:35:50 | INFO    | TRAIN | epoch=028/100 | batch=00950/01563 ( 60.78%) | lr=1.250e-04 | elapsed=0:06:57 | eta=0:04:29
    losses | total=3.2644e+00 | fourier=3.2644e+00 | amplitude=2.0802e-02 | phase=2.1091e-02 | support=3.0140e+00
2026-08-18 04:36:12 | INFO    | TRAIN | epoch=028/100 | batch=01000/01563 ( 63.98%) | lr=1.250e-04 | elapsed=0:07:19 | eta=0:04:07
    losses | total=2.7250e+00 | fourier=2.7250e+00 | amplitude=2.0059e-02 | phase=1.2610e-02 | support=3.6199e+00
2026-08-18 04:36:34 | INFO    | TRAIN | epoch=028/100 | batch=01050/01563 ( 67.18%) | lr=1.250e-04 | elapsed=0:07:41 | eta=0:03:45
    losses | total=2.8835e+00 | fourier=2.8835e+00 | amplitude=1.8796e-02 | phase=1.8278e-02 | support=3.5845e+00
2026-08-18 04:36:56 | INFO    | TRAIN | epoch=028/100 | batch=01100/01563 ( 70.38%) | lr=1.250e-04 | elapsed=0:08:03 | eta=0:03:23
    losses | total=3.0952e+00 | fourier=3.0952e+00 | amplitude=1.7885e-02 | phase=1.9720e-02 | support=3.1749e+00
2026-08-18 04:37:18 | INFO    | TRAIN | epoch=028/100 | batch=01150/01563 ( 73.58%) | lr=1.250e-04 | elapsed=0:08:25 | eta=0:03:01
    losses | total=2.9003e+00 | fourier=2.9003e+00 | amplitude=1.7691e-02 | phase=1.2756e-02 | support=3.0867e+00
2026-08-18 04:37:40 | INFO    | TRAIN | epoch=028/100 | batch=01200/01563 ( 76.78%) | lr=1.250e-04 | elapsed=0:08:47 | eta=0:02:39
    losses | total=2.9632e+00 | fourier=2.9632e+00 | amplitude=1.7426e-02 | phase=2.1469e-02 | support=3.1070e+00
2026-08-18 04:38:02 | INFO    | TRAIN | epoch=028/100 | batch=01250/01563 ( 79.97%) | lr=1.250e-04 | elapsed=0:09:09 | eta=0:02:17
    losses | total=2.7591e+00 | fourier=2.7591e+00 | amplitude=1.5557e-02 | phase=1.3328e-02 | support=3.8701e+00
2026-08-18 04:38:24 | INFO    | TRAIN | epoch=028/100 | batch=01300/01563 ( 83.17%) | lr=1.250e-04 | elapsed=0:09:31 | eta=0:01:55
    losses | total=2.9774e+00 | fourier=2.9774e+00 | amplitude=1.4859e-02 | phase=1.2486e-02 | support=3.8394e+00
2026-08-18 04:38:46 | INFO    | TRAIN | epoch=028/100 | batch=01350/01563 ( 86.37%) | lr=1.250e-04 | elapsed=0:09:53 | eta=0:01:33
    losses | total=2.7766e+00 | fourier=2.7766e+00 | amplitude=1.7884e-02 | phase=1.1373e-02 | support=3.7594e+00
2026-08-18 04:39:08 | INFO    | TRAIN | epoch=028/100 | batch=01400/01563 ( 89.57%) | lr=1.250e-04 | elapsed=0:10:15 | eta=0:01:11
    losses | total=2.9033e+00 | fourier=2.9033e+00 | amplitude=1.9371e-02 | phase=1.6232e-02 | support=3.5734e+00
2026-08-18 04:39:30 | INFO    | TRAIN | epoch=028/100 | batch=01450/01563 ( 92.77%) | lr=1.250e-04 | elapsed=0:10:37 | eta=0:00:49
    losses | total=2.9027e+00 | fourier=2.9027e+00 | amplitude=1.8433e-02 | phase=1.5050e-02 | support=3.8292e+00
2026-08-18 04:39:52 | INFO    | TRAIN | epoch=028/100 | batch=01500/01563 ( 95.97%) | lr=1.250e-04 | elapsed=0:10:59 | eta=0:00:27
    losses | total=2.8718e+00 | fourier=2.8718e+00 | amplitude=2.0421e-02 | phase=2.0098e-02 | support=3.4271e+00
2026-08-18 04:40:13 | INFO    | TRAIN | epoch=028/100 | batch=01550/01563 ( 99.17%) | lr=1.250e-04 | elapsed=0:11:21 | eta=0:00:05
    losses | total=2.8335e+00 | fourier=2.8335e+00 | amplitude=2.0222e-02 | phase=1.8017e-02 | support=3.5023e+00
2026-08-18 04:40:19 | INFO    | TRAIN | epoch=028/100 | batch=01563/01563 (100.00%) | lr=1.250e-04 | elapsed=0:11:27 | eta=0:00:00
    losses | total=3.5754e+00 | fourier=3.5754e+00 | amplitude=2.1659e-02 | phase=3.0703e-02 | support=3.0989e+00
2026-08-18 04:40:19 | INFO    | TRAIN epoch 028 complete | batches=1563 | samples=25000 | time=0:11:27
2026-08-18 04:40:25 | INFO    | VAL | epoch=028/100 | batch=00050/00313 ( 15.97%) | elapsed=0:00:05 | eta=0:00:28
    losses | total=4.2345e+00 | fourier=4.2345e+00 | amplitude=1.9894e-02 | phase=2.0417e-02 | support=3.4327e+00
2026-08-18 04:40:30 | INFO    | VAL | epoch=028/100 | batch=00100/00313 ( 31.95%) | elapsed=0:00:10 | eta=0:00:22
    losses | total=3.4042e+00 | fourier=3.4042e+00 | amplitude=2.0760e-02 | phase=1.5724e-02 | support=3.6024e+00
2026-08-18 04:40:35 | INFO    | VAL | epoch=028/100 | batch=00150/00313 ( 47.92%) | elapsed=0:00:15 | eta=0:00:17
    losses | total=3.7501e+00 | fourier=3.7501e+00 | amplitude=1.8553e-02 | phase=1.6508e-02 | support=3.2724e+00
2026-08-18 04:40:40 | INFO    | VAL | epoch=028/100 | batch=00200/00313 ( 63.90%) | elapsed=0:00:21 | eta=0:00:11
    losses | total=3.8529e+00 | fourier=3.8529e+00 | amplitude=1.9317e-02 | phase=1.5597e-02 | support=3.5253e+00
2026-08-18 04:40:46 | INFO    | VAL | epoch=028/100 | batch=00250/00313 ( 79.87%) | elapsed=0:00:26 | eta=0:00:06
    losses | total=3.7446e+00 | fourier=3.7446e+00 | amplitude=2.0624e-02 | phase=2.1102e-02 | support=3.3271e+00
2026-08-18 04:40:51 | INFO    | VAL | epoch=028/100 | batch=00300/00313 ( 95.85%) | elapsed=0:00:31 | eta=0:00:01
    losses | total=3.5994e+00 | fourier=3.5994e+00 | amplitude=2.0851e-02 | phase=2.0482e-02 | support=3.3050e+00
2026-08-18 04:40:52 | INFO    | VAL | epoch=028/100 | batch=00313/00313 (100.00%) | elapsed=0:00:32 | eta=0:00:00
    losses | total=3.9613e+00 | fourier=3.9613e+00 | amplitude=1.7630e-02 | phase=1.7034e-02 | support=3.0980e+00
2026-08-18 04:40:52 | INFO    | VAL epoch 028 complete | batches=313 | samples=5000 | time=0:00:32
2026-08-18 04:40:52 | INFO    | Cross-skip strengths | 8/phase_to_amp=+3.0610e-03 | 8/amp_to_phase=-2.9700e-02 | 16/phase_to_amp=-1.5104e-02 | 16/amp_to_phase=+8.5675e-02
2026-08-18 04:40:53 | INFO    | 
------------------------------------------------------------------------------------------------
Epoch 028/100 summary
split             total      fourier    amplitude        phase      support        time
train        2.9232e+00   2.9232e+00   1.9467e-02   1.7389e-02   3.4434e+00     0:11:27
validation   3.6971e+00   3.6971e+00   1.9481e-02   1.7623e-02   3.4291e+00     0:00:32
lr=1.250e-04 | best_val=3.6953e+00 | best_updated=no | periodic_checkpoint=no
------------------------------------------------------------------------------------------------
2026-08-18 04:41:15 | INFO    | TRAIN | epoch=029/100 | batch=00050/01563 (  3.20%) | lr=1.250e-04 | elapsed=0:00:22 | eta=0:11:09
    losses | total=2.9049e+00 | fourier=2.9049e+00 | amplitude=2.0111e-02 | phase=1.8058e-02 | support=3.5486e+00
2026-08-18 04:41:37 | INFO    | TRAIN | epoch=029/100 | batch=00100/01563 (  6.40%) | lr=1.250e-04 | elapsed=0:00:44 | eta=0:10:45
    losses | total=2.8460e+00 | fourier=2.8460e+00 | amplitude=2.1095e-02 | phase=2.1228e-02 | support=3.4334e+00
2026-08-18 04:41:59 | INFO    | TRAIN | epoch=029/100 | batch=00150/01563 (  9.60%) | lr=1.250e-04 | elapsed=0:01:06 | eta=0:10:22
    losses | total=2.8524e+00 | fourier=2.8524e+00 | amplitude=1.9805e-02 | phase=2.3596e-02 | support=3.1027e+00
2026-08-18 04:42:21 | INFO    | TRAIN | epoch=029/100 | batch=00200/01563 ( 12.80%) | lr=1.250e-04 | elapsed=0:01:28 | eta=0:10:00
    losses | total=3.1326e+00 | fourier=3.1326e+00 | amplitude=2.0975e-02 | phase=2.4089e-02 | support=3.4175e+00
2026-08-18 04:42:43 | INFO    | TRAIN | epoch=029/100 | batch=00250/01563 ( 15.99%) | lr=1.250e-04 | elapsed=0:01:50 | eta=0:09:37
    losses | total=2.9430e+00 | fourier=2.9430e+00 | amplitude=2.1163e-02 | phase=1.5972e-02 | support=3.7124e+00
2026-08-18 04:43:05 | INFO    | TRAIN | epoch=029/100 | batch=00300/01563 ( 19.19%) | lr=1.250e-04 | elapsed=0:02:12 | eta=0:09:15
    losses | total=2.8187e+00 | fourier=2.8187e+00 | amplitude=1.9575e-02 | phase=1.8528e-02 | support=2.8768e+00
2026-08-18 04:43:27 | INFO    | TRAIN | epoch=029/100 | batch=00350/01563 ( 22.39%) | lr=1.250e-04 | elapsed=0:02:34 | eta=0:08:53
    losses | total=2.8345e+00 | fourier=2.8345e+00 | amplitude=1.8313e-02 | phase=1.8178e-02 | support=3.2206e+00
2026-08-18 04:43:49 | INFO    | TRAIN | epoch=029/100 | batch=00400/01563 ( 25.59%) | lr=1.250e-04 | elapsed=0:02:55 | eta=0:08:31
    losses | total=2.8758e+00 | fourier=2.8758e+00 | amplitude=1.9980e-02 | phase=1.6407e-02 | support=3.7503e+00
2026-08-18 04:44:10 | INFO    | TRAIN | epoch=029/100 | batch=00450/01563 ( 28.79%) | lr=1.250e-04 | elapsed=0:03:17 | eta=0:08:09
    losses | total=3.1354e+00 | fourier=3.1354e+00 | amplitude=1.8516e-02 | phase=2.3434e-02 | support=3.2647e+00
2026-08-18 04:44:32 | INFO    | TRAIN | epoch=029/100 | batch=00500/01563 ( 31.99%) | lr=1.250e-04 | elapsed=0:03:39 | eta=0:07:47
    losses | total=2.6488e+00 | fourier=2.6488e+00 | amplitude=1.9462e-02 | phase=1.5964e-02 | support=4.0139e+00
2026-08-18 04:44:54 | INFO    | TRAIN | epoch=029/100 | batch=00550/01563 ( 35.19%) | lr=1.250e-04 | elapsed=0:04:01 | eta=0:07:25
    losses | total=2.8321e+00 | fourier=2.8321e+00 | amplitude=1.8842e-02 | phase=1.3814e-02 | support=3.7544e+00
2026-08-18 04:45:16 | INFO    | TRAIN | epoch=029/100 | batch=00600/01563 ( 38.39%) | lr=1.250e-04 | elapsed=0:04:23 | eta=0:07:03
    losses | total=2.7083e+00 | fourier=2.7083e+00 | amplitude=1.8379e-02 | phase=1.4811e-02 | support=3.1474e+00
2026-08-18 04:45:38 | INFO    | TRAIN | epoch=029/100 | batch=00650/01563 ( 41.59%) | lr=1.250e-04 | elapsed=0:04:45 | eta=0:06:41
    losses | total=2.7771e+00 | fourier=2.7771e+00 | amplitude=1.9473e-02 | phase=1.6207e-02 | support=3.1626e+00
2026-08-18 04:46:00 | INFO    | TRAIN | epoch=029/100 | batch=00700/01563 ( 44.79%) | lr=1.250e-04 | elapsed=0:05:07 | eta=0:06:19
    losses | total=2.8754e+00 | fourier=2.8754e+00 | amplitude=2.2709e-02 | phase=1.3557e-02 | support=3.8393e+00
2026-08-18 04:46:22 | INFO    | TRAIN | epoch=029/100 | batch=00750/01563 ( 47.98%) | lr=1.250e-04 | elapsed=0:05:29 | eta=0:05:57
    losses | total=3.2086e+00 | fourier=3.2086e+00 | amplitude=1.7985e-02 | phase=1.8358e-02 | support=3.3425e+00
2026-08-18 04:46:44 | INFO    | TRAIN | epoch=029/100 | batch=00800/01563 ( 51.18%) | lr=1.250e-04 | elapsed=0:05:51 | eta=0:05:35
    losses | total=2.8555e+00 | fourier=2.8555e+00 | amplitude=1.9186e-02 | phase=1.5934e-02 | support=3.4443e+00
2026-08-18 04:47:06 | INFO    | TRAIN | epoch=029/100 | batch=00850/01563 ( 54.38%) | lr=1.250e-04 | elapsed=0:06:13 | eta=0:05:13
    losses | total=2.8675e+00 | fourier=2.8675e+00 | amplitude=1.8256e-02 | phase=1.7089e-02 | support=3.4244e+00
2026-08-18 04:47:28 | INFO    | TRAIN | epoch=029/100 | batch=00900/01563 ( 57.58%) | lr=1.250e-04 | elapsed=0:06:35 | eta=0:04:51
    losses | total=2.8568e+00 | fourier=2.8568e+00 | amplitude=1.8321e-02 | phase=1.6406e-02 | support=3.3552e+00
2026-08-18 04:47:50 | INFO    | TRAIN | epoch=029/100 | batch=00950/01563 ( 60.78%) | lr=1.250e-04 | elapsed=0:06:57 | eta=0:04:29
    losses | total=2.8216e+00 | fourier=2.8216e+00 | amplitude=2.3108e-02 | phase=1.8211e-02 | support=3.3682e+00
2026-08-18 04:48:12 | INFO    | TRAIN | epoch=029/100 | batch=01000/01563 ( 63.98%) | lr=1.250e-04 | elapsed=0:07:19 | eta=0:04:07
    losses | total=3.0008e+00 | fourier=3.0008e+00 | amplitude=1.9854e-02 | phase=2.0159e-02 | support=3.2540e+00
2026-08-18 04:48:34 | INFO    | TRAIN | epoch=029/100 | batch=01050/01563 ( 67.18%) | lr=1.250e-04 | elapsed=0:07:41 | eta=0:03:45
    losses | total=2.8227e+00 | fourier=2.8227e+00 | amplitude=1.6488e-02 | phase=1.6618e-02 | support=3.0241e+00
2026-08-18 04:48:56 | INFO    | TRAIN | epoch=029/100 | batch=01100/01563 ( 70.38%) | lr=1.250e-04 | elapsed=0:08:03 | eta=0:03:23
    losses | total=2.8894e+00 | fourier=2.8894e+00 | amplitude=1.7084e-02 | phase=2.1366e-02 | support=3.1692e+00
2026-08-18 04:49:18 | INFO    | TRAIN | epoch=029/100 | batch=01150/01563 ( 73.58%) | lr=1.250e-04 | elapsed=0:08:25 | eta=0:03:01
    losses | total=3.1117e+00 | fourier=3.1117e+00 | amplitude=1.9464e-02 | phase=1.5892e-02 | support=3.3212e+00
2026-08-18 04:49:40 | INFO    | TRAIN | epoch=029/100 | batch=01200/01563 ( 76.78%) | lr=1.250e-04 | elapsed=0:08:47 | eta=0:02:39
    losses | total=2.9039e+00 | fourier=2.9039e+00 | amplitude=1.8276e-02 | phase=1.3302e-02 | support=3.2752e+00
2026-08-18 04:50:02 | INFO    | TRAIN | epoch=029/100 | batch=01250/01563 ( 79.97%) | lr=1.250e-04 | elapsed=0:09:09 | eta=0:02:17
    losses | total=2.9399e+00 | fourier=2.9399e+00 | amplitude=1.9542e-02 | phase=1.8798e-02 | support=3.4827e+00
2026-08-18 04:50:24 | INFO    | TRAIN | epoch=029/100 | batch=01300/01563 ( 83.17%) | lr=1.250e-04 | elapsed=0:09:31 | eta=0:01:55
    losses | total=2.7779e+00 | fourier=2.7779e+00 | amplitude=1.8049e-02 | phase=1.7215e-02 | support=3.1895e+00
2026-08-18 04:50:46 | INFO    | TRAIN | epoch=029/100 | batch=01350/01563 ( 86.37%) | lr=1.250e-04 | elapsed=0:09:53 | eta=0:01:33
    losses | total=2.9462e+00 | fourier=2.9462e+00 | amplitude=2.1809e-02 | phase=1.5181e-02 | support=3.8420e+00
2026-08-18 04:51:08 | INFO    | TRAIN | epoch=029/100 | batch=01400/01563 ( 89.57%) | lr=1.250e-04 | elapsed=0:10:15 | eta=0:01:11
    losses | total=3.1779e+00 | fourier=3.1779e+00 | amplitude=1.9985e-02 | phase=2.0350e-02 | support=3.1368e+00
2026-08-18 04:51:30 | INFO    | TRAIN | epoch=029/100 | batch=01450/01563 ( 92.77%) | lr=1.250e-04 | elapsed=0:10:37 | eta=0:00:49
    losses | total=3.2291e+00 | fourier=3.2291e+00 | amplitude=2.0081e-02 | phase=2.5614e-02 | support=3.1543e+00
2026-08-18 04:51:52 | INFO    | TRAIN | epoch=029/100 | batch=01500/01563 ( 95.97%) | lr=1.250e-04 | elapsed=0:10:59 | eta=0:00:27
    losses | total=2.9275e+00 | fourier=2.9275e+00 | amplitude=1.7953e-02 | phase=1.4793e-02 | support=3.4140e+00
2026-08-18 04:52:14 | INFO    | TRAIN | epoch=029/100 | batch=01550/01563 ( 99.17%) | lr=1.250e-04 | elapsed=0:11:21 | eta=0:00:05
    losses | total=2.8820e+00 | fourier=2.8820e+00 | amplitude=1.8841e-02 | phase=1.9974e-02 | support=3.1485e+00
2026-08-18 04:52:19 | INFO    | TRAIN | epoch=029/100 | batch=01563/01563 (100.00%) | lr=1.250e-04 | elapsed=0:11:26 | eta=0:00:00
    losses | total=3.1813e+00 | fourier=3.1813e+00 | amplitude=1.7308e-02 | phase=2.1685e-02 | support=2.8918e+00
2026-08-18 04:52:20 | INFO    | TRAIN epoch 029 complete | batches=1563 | samples=25000 | time=0:11:27
2026-08-18 04:52:25 | INFO    | VAL | epoch=029/100 | batch=00050/00313 ( 15.97%) | elapsed=0:00:05 | eta=0:00:28
    losses | total=4.2432e+00 | fourier=4.2432e+00 | amplitude=1.9877e-02 | phase=2.0446e-02 | support=3.4360e+00
2026-08-18 04:52:30 | INFO    | VAL | epoch=029/100 | batch=00100/00313 ( 31.95%) | elapsed=0:00:10 | eta=0:00:22
    losses | total=3.3985e+00 | fourier=3.3985e+00 | amplitude=2.0709e-02 | phase=1.5556e-02 | support=3.6082e+00
2026-08-18 04:52:36 | INFO    | VAL | epoch=029/100 | batch=00150/00313 ( 47.92%) | elapsed=0:00:15 | eta=0:00:17
    losses | total=3.7691e+00 | fourier=3.7691e+00 | amplitude=1.8519e-02 | phase=1.6496e-02 | support=3.2791e+00
2026-08-18 04:52:41 | INFO    | VAL | epoch=029/100 | batch=00200/00313 ( 63.90%) | elapsed=0:00:21 | eta=0:00:11
    losses | total=3.8775e+00 | fourier=3.8775e+00 | amplitude=1.9311e-02 | phase=1.5498e-02 | support=3.5432e+00
2026-08-18 04:52:46 | INFO    | VAL | epoch=029/100 | batch=00250/00313 ( 79.87%) | elapsed=0:00:26 | eta=0:00:06
    losses | total=3.7238e+00 | fourier=3.7238e+00 | amplitude=2.0624e-02 | phase=2.1141e-02 | support=3.3335e+00
2026-08-18 04:52:51 | INFO    | VAL | epoch=029/100 | batch=00300/00313 ( 95.85%) | elapsed=0:00:31 | eta=0:00:01
    losses | total=3.5931e+00 | fourier=3.5931e+00 | amplitude=2.0837e-02 | phase=2.0397e-02 | support=3.3082e+00
2026-08-18 04:52:53 | INFO    | VAL | epoch=029/100 | batch=00313/00313 (100.00%) | elapsed=0:00:32 | eta=0:00:00
    losses | total=3.9280e+00 | fourier=3.9280e+00 | amplitude=1.7608e-02 | phase=1.6897e-02 | support=3.0992e+00
2026-08-18 04:52:53 | INFO    | VAL epoch 029 complete | batches=313 | samples=5000 | time=0:00:32
2026-08-18 04:52:53 | INFO    | Cross-skip strengths | 8/phase_to_amp=+2.9939e-03 | 8/amp_to_phase=-2.9681e-02 | 16/phase_to_amp=-1.5753e-02 | 16/amp_to_phase=+8.6289e-02
2026-08-18 04:52:53 | INFO    | 
------------------------------------------------------------------------------------------------
Epoch 029/100 summary
split             total      fourier    amplitude        phase      support        time
train        2.9204e+00   2.9204e+00   1.9467e-02   1.7396e-02   3.4445e+00     0:11:27
validation   3.6993e+00   3.6993e+00   1.9452e-02   1.7535e-02   3.4347e+00     0:00:32
lr=1.250e-04 | best_val=3.6953e+00 | best_updated=no | periodic_checkpoint=no
------------------------------------------------------------------------------------------------
2026-08-18 04:53:15 | INFO    | TRAIN | epoch=030/100 | batch=00050/01563 (  3.20%) | lr=1.250e-04 | elapsed=0:00:22 | eta=0:11:09
    losses | total=2.8310e+00 | fourier=2.8310e+00 | amplitude=2.0783e-02 | phase=1.7891e-02 | support=3.6183e+00
2026-08-18 04:53:37 | INFO    | TRAIN | epoch=030/100 | batch=00100/01563 (  6.40%) | lr=1.250e-04 | elapsed=0:00:44 | eta=0:10:45
    losses | total=2.9208e+00 | fourier=2.9208e+00 | amplitude=2.1868e-02 | phase=2.4243e-02 | support=3.2618e+00
2026-08-18 04:53:59 | INFO    | TRAIN | epoch=030/100 | batch=00150/01563 (  9.60%) | lr=1.250e-04 | elapsed=0:01:06 | eta=0:10:22
    losses | total=3.0906e+00 | fourier=3.0906e+00 | amplitude=2.1458e-02 | phase=1.7828e-02 | support=3.2625e+00
2026-08-18 04:54:21 | INFO    | TRAIN | epoch=030/100 | batch=00200/01563 ( 12.80%) | lr=1.250e-04 | elapsed=0:01:28 | eta=0:10:00
    losses | total=2.8363e+00 | fourier=2.8363e+00 | amplitude=1.8728e-02 | phase=1.7981e-02 | support=3.6030e+00
2026-08-18 04:54:43 | INFO    | TRAIN | epoch=030/100 | batch=00250/01563 ( 15.99%) | lr=1.250e-04 | elapsed=0:01:50 | eta=0:09:37
    losses | total=3.0199e+00 | fourier=3.0199e+00 | amplitude=1.7438e-02 | phase=2.0949e-02 | support=2.9257e+00
2026-08-18 04:55:05 | INFO    | TRAIN | epoch=030/100 | batch=00300/01563 ( 19.19%) | lr=1.250e-04 | elapsed=0:02:12 | eta=0:09:15
    losses | total=2.8933e+00 | fourier=2.8933e+00 | amplitude=1.8319e-02 | phase=1.5275e-02 | support=3.3927e+00
2026-08-18 04:55:27 | INFO    | TRAIN | epoch=030/100 | batch=00350/01563 ( 22.39%) | lr=1.250e-04 | elapsed=0:02:33 | eta=0:08:53
    losses | total=2.7834e+00 | fourier=2.7834e+00 | amplitude=1.7053e-02 | phase=1.4056e-02 | support=3.5945e+00
2026-08-18 04:55:49 | INFO    | TRAIN | epoch=030/100 | batch=00400/01563 ( 25.59%) | lr=1.250e-04 | elapsed=0:02:55 | eta=0:08:31
    losses | total=2.8054e+00 | fourier=2.8054e+00 | amplitude=1.8346e-02 | phase=1.5762e-02 | support=3.7561e+00
2026-08-18 04:56:11 | INFO    | TRAIN | epoch=030/100 | batch=00450/01563 ( 28.79%) | lr=1.250e-04 | elapsed=0:03:17 | eta=0:08:09
    losses | total=2.9233e+00 | fourier=2.9233e+00 | amplitude=2.2277e-02 | phase=1.8851e-02 | support=3.7150e+00
2026-08-18 04:56:33 | INFO    | TRAIN | epoch=030/100 | batch=00500/01563 ( 31.99%) | lr=1.250e-04 | elapsed=0:03:39 | eta=0:07:47
    losses | total=3.1210e+00 | fourier=3.1210e+00 | amplitude=1.8093e-02 | phase=1.4934e-02 | support=3.7148e+00
2026-08-18 04:56:55 | INFO    | TRAIN | epoch=030/100 | batch=00550/01563 ( 35.19%) | lr=1.250e-04 | elapsed=0:04:01 | eta=0:07:25
    losses | total=2.8578e+00 | fourier=2.8578e+00 | amplitude=1.9412e-02 | phase=1.2720e-02 | support=3.4404e+00
2026-08-18 04:57:17 | INFO    | TRAIN | epoch=030/100 | batch=00600/01563 ( 38.39%) | lr=1.250e-04 | elapsed=0:04:23 | eta=0:07:03
    losses | total=2.8521e+00 | fourier=2.8521e+00 | amplitude=1.8893e-02 | phase=1.8692e-02 | support=3.2287e+00
2026-08-18 04:57:39 | INFO    | TRAIN | epoch=030/100 | batch=00650/01563 ( 41.59%) | lr=1.250e-04 | elapsed=0:04:45 | eta=0:06:41
    losses | total=3.0314e+00 | fourier=3.0314e+00 | amplitude=2.0177e-02 | phase=1.5310e-02 | support=3.3084e+00
2026-08-18 04:58:01 | INFO    | TRAIN | epoch=030/100 | batch=00700/01563 ( 44.79%) | lr=1.250e-04 | elapsed=0:05:07 | eta=0:06:19
    losses | total=2.8335e+00 | fourier=2.8335e+00 | amplitude=1.7846e-02 | phase=1.5622e-02 | support=3.1150e+00
2026-08-18 04:58:23 | INFO    | TRAIN | epoch=030/100 | batch=00750/01563 ( 47.98%) | lr=1.250e-04 | elapsed=0:05:29 | eta=0:05:57
    losses | total=3.0086e+00 | fourier=3.0086e+00 | amplitude=2.1289e-02 | phase=1.7227e-02 | support=3.5091e+00
2026-08-18 04:58:45 | INFO    | TRAIN | epoch=030/100 | batch=00800/01563 ( 51.18%) | lr=1.250e-04 | elapsed=0:05:51 | eta=0:05:35
    losses | total=3.2068e+00 | fourier=3.2068e+00 | amplitude=2.1191e-02 | phase=1.9704e-02 | support=3.0989e+00
2026-08-18 04:59:07 | INFO    | TRAIN | epoch=030/100 | batch=00850/01563 ( 54.38%) | lr=1.250e-04 | elapsed=0:06:13 | eta=0:05:13
    losses | total=2.9317e+00 | fourier=2.9317e+00 | amplitude=1.8901e-02 | phase=1.9885e-02 | support=3.3501e+00
2026-08-18 04:59:29 | INFO    | TRAIN | epoch=030/100 | batch=00900/01563 ( 57.58%) | lr=1.250e-04 | elapsed=0:06:35 | eta=0:04:51
    losses | total=3.0688e+00 | fourier=3.0688e+00 | amplitude=1.9752e-02 | phase=1.7655e-02 | support=3.1305e+00
2026-08-18 04:59:51 | INFO    | TRAIN | epoch=030/100 | batch=00950/01563 ( 60.78%) | lr=1.250e-04 | elapsed=0:06:57 | eta=0:04:29
    losses | total=3.2691e+00 | fourier=3.2691e+00 | amplitude=1.8314e-02 | phase=2.2118e-02 | support=3.4900e+00
2026-08-18 05:00:13 | INFO    | TRAIN | epoch=030/100 | batch=01000/01563 ( 63.98%) | lr=1.250e-04 | elapsed=0:07:19 | eta=0:04:07
    losses | total=2.8165e+00 | fourier=2.8165e+00 | amplitude=1.8163e-02 | phase=1.4919e-02 | support=3.4981e+00
2026-08-18 05:00:35 | INFO    | TRAIN | epoch=030/100 | batch=01050/01563 ( 67.18%) | lr=1.250e-04 | elapsed=0:07:41 | eta=0:03:45
    losses | total=2.7776e+00 | fourier=2.7776e+00 | amplitude=1.8936e-02 | phase=1.5320e-02 | support=3.5654e+00
2026-08-18 05:00:57 | INFO    | TRAIN | epoch=030/100 | batch=01100/01563 ( 70.38%) | lr=1.250e-04 | elapsed=0:08:03 | eta=0:03:23
    losses | total=2.8141e+00 | fourier=2.8141e+00 | amplitude=2.0130e-02 | phase=1.3324e-02 | support=4.0548e+00
2026-08-18 05:01:19 | INFO    | TRAIN | epoch=030/100 | batch=01150/01563 ( 73.58%) | lr=1.250e-04 | elapsed=0:08:25 | eta=0:03:01
    losses | total=2.7490e+00 | fourier=2.7490e+00 | amplitude=1.8163e-02 | phase=1.5314e-02 | support=3.3791e+00
2026-08-18 05:01:41 | INFO    | TRAIN | epoch=030/100 | batch=01200/01563 ( 76.78%) | lr=1.250e-04 | elapsed=0:08:47 | eta=0:02:39
    losses | total=2.7286e+00 | fourier=2.7286e+00 | amplitude=1.8662e-02 | phase=1.4494e-02 | support=3.3323e+00
2026-08-18 05:02:03 | INFO    | TRAIN | epoch=030/100 | batch=01250/01563 ( 79.97%) | lr=1.250e-04 | elapsed=0:09:09 | eta=0:02:17
    losses | total=2.8505e+00 | fourier=2.8505e+00 | amplitude=2.0315e-02 | phase=1.9275e-02 | support=3.5186e+00
2026-08-18 05:02:25 | INFO    | TRAIN | epoch=030/100 | batch=01300/01563 ( 83.17%) | lr=1.250e-04 | elapsed=0:09:31 | eta=0:01:55
    losses | total=2.9027e+00 | fourier=2.9027e+00 | amplitude=1.9628e-02 | phase=1.7828e-02 | support=3.6058e+00
2026-08-18 05:02:47 | INFO    | TRAIN | epoch=030/100 | batch=01350/01563 ( 86.37%) | lr=1.250e-04 | elapsed=0:09:53 | eta=0:01:33
    losses | total=2.6799e+00 | fourier=2.6799e+00 | amplitude=1.9414e-02 | phase=1.4950e-02 | support=3.4571e+00
2026-08-18 05:03:09 | INFO    | TRAIN | epoch=030/100 | batch=01400/01563 ( 89.57%) | lr=1.250e-04 | elapsed=0:10:15 | eta=0:01:11
    losses | total=2.8255e+00 | fourier=2.8255e+00 | amplitude=1.8776e-02 | phase=1.9445e-02 | support=3.1828e+00
2026-08-18 05:03:30 | INFO    | TRAIN | epoch=030/100 | batch=01450/01563 ( 92.77%) | lr=1.250e-04 | elapsed=0:10:37 | eta=0:00:49
    losses | total=2.9683e+00 | fourier=2.9683e+00 | amplitude=2.0128e-02 | phase=2.0050e-02 | support=3.1737e+00
2026-08-18 05:03:52 | INFO    | TRAIN | epoch=030/100 | batch=01500/01563 ( 95.97%) | lr=1.250e-04 | elapsed=0:10:59 | eta=0:00:27
    losses | total=2.9111e+00 | fourier=2.9111e+00 | amplitude=1.9656e-02 | phase=1.3764e-02 | support=3.6531e+00
2026-08-18 05:04:14 | INFO    | TRAIN | epoch=030/100 | batch=01550/01563 ( 99.17%) | lr=1.250e-04 | elapsed=0:11:21 | eta=0:00:05
    losses | total=2.9412e+00 | fourier=2.9412e+00 | amplitude=2.2541e-02 | phase=1.7748e-02 | support=3.7301e+00
2026-08-18 05:04:20 | INFO    | TRAIN | epoch=030/100 | batch=01563/01563 (100.00%) | lr=1.250e-04 | elapsed=0:11:26 | eta=0:00:00
    losses | total=2.7824e+00 | fourier=2.7824e+00 | amplitude=2.1841e-02 | phase=1.6774e-02 | support=3.4200e+00
2026-08-18 05:04:20 | INFO    | TRAIN epoch 030 complete | batches=1563 | samples=25000 | time=0:11:27
2026-08-18 05:04:26 | INFO    | VAL | epoch=030/100 | batch=00050/00313 ( 15.97%) | elapsed=0:00:05 | eta=0:00:28
    losses | total=4.2378e+00 | fourier=4.2378e+00 | amplitude=1.9827e-02 | phase=2.0430e-02 | support=3.4200e+00
2026-08-18 05:04:31 | INFO    | VAL | epoch=030/100 | batch=00100/00313 ( 31.95%) | elapsed=0:00:10 | eta=0:00:22
    losses | total=3.3978e+00 | fourier=3.3978e+00 | amplitude=2.0709e-02 | phase=1.5605e-02 | support=3.5931e+00
2026-08-18 05:04:36 | INFO    | VAL | epoch=030/100 | batch=00150/00313 ( 47.92%) | elapsed=0:00:15 | eta=0:00:17
    losses | total=3.7543e+00 | fourier=3.7543e+00 | amplitude=1.8507e-02 | phase=1.6472e-02 | support=3.2677e+00
2026-08-18 05:04:41 | INFO    | VAL | epoch=030/100 | batch=00200/00313 ( 63.90%) | elapsed=0:00:21 | eta=0:00:11
    losses | total=3.8923e+00 | fourier=3.8923e+00 | amplitude=1.9274e-02 | phase=1.5520e-02 | support=3.5200e+00
2026-08-18 05:04:47 | INFO    | VAL | epoch=030/100 | batch=00250/00313 ( 79.87%) | elapsed=0:00:26 | eta=0:00:06
    losses | total=3.7484e+00 | fourier=3.7484e+00 | amplitude=2.0554e-02 | phase=2.1098e-02 | support=3.3159e+00
2026-08-18 05:04:52 | INFO    | VAL | epoch=030/100 | batch=00300/00313 ( 95.85%) | elapsed=0:00:31 | eta=0:00:01
    losses | total=3.5832e+00 | fourier=3.5832e+00 | amplitude=2.0782e-02 | phase=2.0288e-02 | support=3.2956e+00
2026-08-18 05:04:53 | INFO    | VAL | epoch=030/100 | batch=00313/00313 (100.00%) | elapsed=0:00:32 | eta=0:00:00
    losses | total=3.9612e+00 | fourier=3.9612e+00 | amplitude=1.7603e-02 | phase=1.6909e-02 | support=3.0936e+00
2026-08-18 05:04:53 | INFO    | VAL epoch 030 complete | batches=313 | samples=5000 | time=0:00:32
2026-08-18 05:04:53 | INFO    | Cross-skip strengths | 8/phase_to_amp=+3.6544e-03 | 8/amp_to_phase=-3.0446e-02 | 16/phase_to_amp=-1.5878e-02 | 16/amp_to_phase=+8.7578e-02
2026-08-18 05:04:54 | INFO    | 
------------------------------------------------------------------------------------------------
Epoch 030/100 summary
split             total      fourier    amplitude        phase      support        time
train        2.9192e+00   2.9192e+00   1.9468e-02   1.7397e-02   3.4441e+00     0:11:27
validation   3.6992e+00   3.6992e+00   1.9429e-02   1.7536e-02   3.4230e+00     0:00:32
lr=6.250e-05 | best_val=3.6953e+00 | best_updated=no | periodic_checkpoint=yes
------------------------------------------------------------------------------------------------
2026-08-18 05:05:16 | INFO    | TRAIN | epoch=031/100 | batch=00050/01563 (  3.20%) | lr=6.250e-05 | elapsed=0:00:22 | eta=0:11:09
    losses | total=2.9094e+00 | fourier=2.9094e+00 | amplitude=1.8436e-02 | phase=1.8669e-02 | support=3.4257e+00
2026-08-18 05:05:38 | INFO    | TRAIN | epoch=031/100 | batch=00100/01563 (  6.40%) | lr=6.250e-05 | elapsed=0:00:44 | eta=0:10:44
    losses | total=3.0967e+00 | fourier=3.0967e+00 | amplitude=1.7502e-02 | phase=1.8983e-02 | support=3.3704e+00
2026-08-18 05:06:00 | INFO    | TRAIN | epoch=031/100 | batch=00150/01563 (  9.60%) | lr=6.250e-05 | elapsed=0:01:05 | eta=0:10:21
    losses | total=3.1218e+00 | fourier=3.1218e+00 | amplitude=1.9283e-02 | phase=1.6585e-02 | support=3.7484e+00
2026-08-18 05:06:22 | INFO    | TRAIN | epoch=031/100 | batch=00200/01563 ( 12.80%) | lr=6.250e-05 | elapsed=0:01:27 | eta=0:09:59
    losses | total=3.0476e+00 | fourier=3.0476e+00 | amplitude=2.0667e-02 | phase=2.2398e-02 | support=3.6687e+00
2026-08-18 05:06:43 | INFO    | TRAIN | epoch=031/100 | batch=00250/01563 ( 15.99%) | lr=6.250e-05 | elapsed=0:01:49 | eta=0:09:37
    losses | total=2.8683e+00 | fourier=2.8683e+00 | amplitude=2.0299e-02 | phase=1.0563e-02 | support=3.5750e+00
2026-08-18 05:07:05 | INFO    | TRAIN | epoch=031/100 | batch=00300/01563 ( 19.19%) | lr=6.250e-05 | elapsed=0:02:11 | eta=0:09:15
    losses | total=2.9154e+00 | fourier=2.9154e+00 | amplitude=2.0905e-02 | phase=1.4111e-02 | support=3.5136e+00
2026-08-18 05:07:27 | INFO    | TRAIN | epoch=031/100 | batch=00350/01563 ( 22.39%) | lr=6.250e-05 | elapsed=0:02:33 | eta=0:08:52
    losses | total=2.9051e+00 | fourier=2.9051e+00 | amplitude=2.1132e-02 | phase=1.9514e-02 | support=3.0531e+00
2026-08-18 05:07:49 | INFO    | TRAIN | epoch=031/100 | batch=00400/01563 ( 25.59%) | lr=6.250e-05 | elapsed=0:02:55 | eta=0:08:30
    losses | total=2.6628e+00 | fourier=2.6628e+00 | amplitude=2.0048e-02 | phase=1.3001e-02 | support=3.4510e+00
2026-08-18 05:08:11 | INFO    | TRAIN | epoch=031/100 | batch=00450/01563 ( 28.79%) | lr=6.250e-05 | elapsed=0:03:17 | eta=0:08:08
    losses | total=3.1136e+00 | fourier=3.1136e+00 | amplitude=2.0542e-02 | phase=2.0740e-02 | support=3.0544e+00
2026-08-18 05:08:33 | INFO    | TRAIN | epoch=031/100 | batch=00500/01563 ( 31.99%) | lr=6.250e-05 | elapsed=0:03:39 | eta=0:07:46
    losses | total=2.8192e+00 | fourier=2.8192e+00 | amplitude=1.7202e-02 | phase=1.4687e-02 | support=3.5021e+00
2026-08-18 05:08:55 | INFO    | TRAIN | epoch=031/100 | batch=00550/01563 ( 35.19%) | lr=6.250e-05 | elapsed=0:04:01 | eta=0:07:24
    losses | total=2.8297e+00 | fourier=2.8297e+00 | amplitude=2.2322e-02 | phase=1.8928e-02 | support=3.1147e+00
2026-08-18 05:09:17 | INFO    | TRAIN | epoch=031/100 | batch=00600/01563 ( 38.39%) | lr=6.250e-05 | elapsed=0:04:23 | eta=0:07:02
    losses | total=2.9952e+00 | fourier=2.9952e+00 | amplitude=1.7874e-02 | phase=1.4958e-02 | support=3.4239e+00
2026-08-18 05:09:39 | INFO    | TRAIN | epoch=031/100 | batch=00650/01563 ( 41.59%) | lr=6.250e-05 | elapsed=0:04:45 | eta=0:06:40
    losses | total=3.1421e+00 | fourier=3.1421e+00 | amplitude=2.0467e-02 | phase=2.2072e-02 | support=3.0798e+00
2026-08-18 05:10:01 | INFO    | TRAIN | epoch=031/100 | batch=00700/01563 ( 44.79%) | lr=6.250e-05 | elapsed=0:05:07 | eta=0:06:18
    losses | total=2.8258e+00 | fourier=2.8258e+00 | amplitude=2.2079e-02 | phase=1.6232e-02 | support=3.5492e+00
2026-08-18 05:10:23 | INFO    | TRAIN | epoch=031/100 | batch=00750/01563 ( 47.98%) | lr=6.250e-05 | elapsed=0:05:29 | eta=0:05:56
    losses | total=2.9852e+00 | fourier=2.9852e+00 | amplitude=2.1437e-02 | phase=1.5302e-02 | support=3.5528e+00
2026-08-18 05:10:45 | INFO    | TRAIN | epoch=031/100 | batch=00800/01563 ( 51.18%) | lr=6.250e-05 | elapsed=0:05:51 | eta=0:05:35
    losses | total=2.9064e+00 | fourier=2.9064e+00 | amplitude=2.1703e-02 | phase=2.0284e-02 | support=3.3916e+00
2026-08-18 05:11:07 | INFO    | TRAIN | epoch=031/100 | batch=00850/01563 ( 54.38%) | lr=6.250e-05 | elapsed=0:06:13 | eta=0:05:13
    losses | total=2.8793e+00 | fourier=2.8793e+00 | amplitude=1.9011e-02 | phase=2.1420e-02 | support=3.6958e+00
2026-08-18 05:11:29 | INFO    | TRAIN | epoch=031/100 | batch=00900/01563 ( 57.58%) | lr=6.250e-05 | elapsed=0:06:35 | eta=0:04:51
    losses | total=2.6753e+00 | fourier=2.6753e+00 | amplitude=1.6802e-02 | phase=1.5165e-02 | support=3.3327e+00
2026-08-18 05:11:51 | INFO    | TRAIN | epoch=031/100 | batch=00950/01563 ( 60.78%) | lr=6.250e-05 | elapsed=0:06:57 | eta=0:04:29
    losses | total=2.8503e+00 | fourier=2.8503e+00 | amplitude=1.6763e-02 | phase=1.5825e-02 | support=3.4479e+00
2026-08-18 05:12:13 | INFO    | TRAIN | epoch=031/100 | batch=01000/01563 ( 63.98%) | lr=6.250e-05 | elapsed=0:07:19 | eta=0:04:07
    losses | total=2.8993e+00 | fourier=2.8993e+00 | amplitude=2.1925e-02 | phase=1.7751e-02 | support=3.4947e+00
2026-08-18 05:12:35 | INFO    | TRAIN | epoch=031/100 | batch=01050/01563 ( 67.18%) | lr=6.250e-05 | elapsed=0:07:40 | eta=0:03:45
    losses | total=2.7906e+00 | fourier=2.7906e+00 | amplitude=1.7968e-02 | phase=1.6232e-02 | support=3.2920e+00
2026-08-18 05:12:57 | INFO    | TRAIN | epoch=031/100 | batch=01100/01563 ( 70.38%) | lr=6.250e-05 | elapsed=0:08:02 | eta=0:03:23
    losses | total=3.0112e+00 | fourier=3.0112e+00 | amplitude=2.2950e-02 | phase=1.8353e-02 | support=3.0141e+00
2026-08-18 05:13:18 | INFO    | TRAIN | epoch=031/100 | batch=01150/01563 ( 73.58%) | lr=6.250e-05 | elapsed=0:08:24 | eta=0:03:01
    losses | total=2.9784e+00 | fourier=2.9784e+00 | amplitude=2.1357e-02 | phase=1.8115e-02 | support=3.1577e+00
2026-08-18 05:13:40 | INFO    | TRAIN | epoch=031/100 | batch=01200/01563 ( 76.78%) | lr=6.250e-05 | elapsed=0:08:46 | eta=0:02:39
    losses | total=2.9408e+00 | fourier=2.9408e+00 | amplitude=1.9915e-02 | phase=1.8818e-02 | support=3.0359e+00
2026-08-18 05:14:02 | INFO    | TRAIN | epoch=031/100 | batch=01250/01563 ( 79.97%) | lr=6.250e-05 | elapsed=0:09:08 | eta=0:02:17
    losses | total=3.1471e+00 | fourier=3.1471e+00 | amplitude=1.9649e-02 | phase=2.1207e-02 | support=3.1074e+00
2026-08-18 05:14:24 | INFO    | TRAIN | epoch=031/100 | batch=01300/01563 ( 83.17%) | lr=6.250e-05 | elapsed=0:09:30 | eta=0:01:55
    losses | total=3.0444e+00 | fourier=3.0444e+00 | amplitude=1.7562e-02 | phase=1.3978e-02 | support=3.0087e+00
2026-08-18 05:14:46 | INFO    | TRAIN | epoch=031/100 | batch=01350/01563 ( 86.37%) | lr=6.250e-05 | elapsed=0:09:52 | eta=0:01:33
    losses | total=2.7818e+00 | fourier=2.7818e+00 | amplitude=1.6290e-02 | phase=1.3121e-02 | support=3.9546e+00
2026-08-18 05:15:08 | INFO    | TRAIN | epoch=031/100 | batch=01400/01563 ( 89.57%) | lr=6.250e-05 | elapsed=0:10:14 | eta=0:01:11
    losses | total=2.8669e+00 | fourier=2.8669e+00 | amplitude=1.9428e-02 | phase=2.1808e-02 | support=3.0882e+00
2026-08-18 05:15:30 | INFO    | TRAIN | epoch=031/100 | batch=01450/01563 ( 92.77%) | lr=6.250e-05 | elapsed=0:10:36 | eta=0:00:49
    losses | total=2.8915e+00 | fourier=2.8915e+00 | amplitude=1.9977e-02 | phase=1.8709e-02 | support=2.9695e+00
2026-08-18 05:15:52 | INFO    | TRAIN | epoch=031/100 | batch=01500/01563 ( 95.97%) | lr=6.250e-05 | elapsed=0:10:58 | eta=0:00:27
    losses | total=2.7725e+00 | fourier=2.7725e+00 | amplitude=2.2212e-02 | phase=1.3968e-02 | support=3.6834e+00
2026-08-18 05:16:14 | INFO    | TRAIN | epoch=031/100 | batch=01550/01563 ( 99.17%) | lr=6.250e-05 | elapsed=0:11:20 | eta=0:00:05
    losses | total=2.9444e+00 | fourier=2.9444e+00 | amplitude=1.6847e-02 | phase=1.5498e-02 | support=3.6078e+00
2026-08-18 05:16:20 | INFO    | TRAIN | epoch=031/100 | batch=01563/01563 (100.00%) | lr=6.250e-05 | elapsed=0:11:25 | eta=0:00:00
    losses | total=2.9412e+00 | fourier=2.9412e+00 | amplitude=1.6207e-02 | phase=2.1230e-02 | support=3.4399e+00
2026-08-18 05:16:20 | INFO    | TRAIN epoch 031 complete | batches=1563 | samples=25000 | time=0:11:26
2026-08-18 05:16:25 | INFO    | VAL | epoch=031/100 | batch=00050/00313 ( 15.97%) | elapsed=0:00:05 | eta=0:00:28
    losses | total=4.2533e+00 | fourier=4.2533e+00 | amplitude=1.9815e-02 | phase=2.0344e-02 | support=3.4306e+00
2026-08-18 05:16:31 | INFO    | VAL | epoch=031/100 | batch=00100/00313 ( 31.95%) | elapsed=0:00:10 | eta=0:00:22
    losses | total=3.4025e+00 | fourier=3.4025e+00 | amplitude=2.0676e-02 | phase=1.5509e-02 | support=3.6028e+00
2026-08-18 05:16:36 | INFO    | VAL | epoch=031/100 | batch=00150/00313 ( 47.92%) | elapsed=0:00:15 | eta=0:00:17
    losses | total=3.7692e+00 | fourier=3.7692e+00 | amplitude=1.8474e-02 | phase=1.6385e-02 | support=3.2785e+00
2026-08-18 05:16:41 | INFO    | VAL | epoch=031/100 | batch=00200/00313 ( 63.90%) | elapsed=0:00:21 | eta=0:00:11
    losses | total=3.8859e+00 | fourier=3.8859e+00 | amplitude=1.9262e-02 | phase=1.5476e-02 | support=3.5318e+00
2026-08-18 05:16:46 | INFO    | VAL | epoch=031/100 | batch=00250/00313 ( 79.87%) | elapsed=0:00:26 | eta=0:00:06
    losses | total=3.7292e+00 | fourier=3.7292e+00 | amplitude=2.0552e-02 | phase=2.0985e-02 | support=3.3329e+00
2026-08-18 05:16:51 | INFO    | VAL | epoch=031/100 | batch=00300/00313 ( 95.85%) | elapsed=0:00:31 | eta=0:00:01
    losses | total=3.5802e+00 | fourier=3.5802e+00 | amplitude=2.0785e-02 | phase=2.0311e-02 | support=3.3069e+00
2026-08-18 05:16:53 | INFO    | VAL | epoch=031/100 | batch=00313/00313 (100.00%) | elapsed=0:00:32 | eta=0:00:00
    losses | total=3.9329e+00 | fourier=3.9329e+00 | amplitude=1.7613e-02 | phase=1.6886e-02 | support=3.1013e+00
2026-08-18 05:16:53 | INFO    | VAL epoch 031 complete | batches=313 | samples=5000 | time=0:00:32
2026-08-18 05:16:53 | INFO    | Cross-skip strengths | 8/phase_to_amp=+3.7172e-03 | 8/amp_to_phase=-3.0581e-02 | 16/phase_to_amp=-1.5827e-02 | 16/amp_to_phase=+8.8081e-02
2026-08-18 05:16:53 | INFO    | 
------------------------------------------------------------------------------------------------
Epoch 031/100 summary
split             total      fourier    amplitude        phase      support        time
train        2.9082e+00   2.9082e+00   1.9469e-02   1.7400e-02   3.4449e+00     0:11:26
validation   3.6956e+00   3.6956e+00   1.9405e-02   1.7462e-02   3.4328e+00     0:00:32
lr=6.250e-05 | best_val=3.6953e+00 | best_updated=no | periodic_checkpoint=no
------------------------------------------------------------------------------------------------
2026-08-18 05:17:15 | INFO    | TRAIN | epoch=032/100 | batch=00050/01563 (  3.20%) | lr=6.250e-05 | elapsed=0:00:22 | eta=0:11:08
    losses | total=2.8300e+00 | fourier=2.8300e+00 | amplitude=1.8976e-02 | phase=1.4408e-02 | support=3.3434e+00
2026-08-18 05:17:37 | INFO    | TRAIN | epoch=032/100 | batch=00100/01563 (  6.40%) | lr=6.250e-05 | elapsed=0:00:44 | eta=0:10:44
    losses | total=2.7617e+00 | fourier=2.7617e+00 | amplitude=1.8340e-02 | phase=1.7278e-02 | support=3.1652e+00
2026-08-18 05:17:59 | INFO    | TRAIN | epoch=032/100 | batch=00150/01563 (  9.60%) | lr=6.250e-05 | elapsed=0:01:05 | eta=0:10:21
    losses | total=3.0249e+00 | fourier=3.0249e+00 | amplitude=1.9923e-02 | phase=2.4244e-02 | support=3.2767e+00
2026-08-18 05:18:21 | INFO    | TRAIN | epoch=032/100 | batch=00200/01563 ( 12.80%) | lr=6.250e-05 | elapsed=0:01:27 | eta=0:09:59
    losses | total=3.1543e+00 | fourier=3.1543e+00 | amplitude=1.9437e-02 | phase=2.0085e-02 | support=3.3305e+00
2026-08-18 05:18:43 | INFO    | TRAIN | epoch=032/100 | batch=00250/01563 ( 15.99%) | lr=6.250e-05 | elapsed=0:01:49 | eta=0:09:37
    losses | total=2.7527e+00 | fourier=2.7527e+00 | amplitude=2.0468e-02 | phase=1.4979e-02 | support=3.4817e+00
2026-08-18 05:19:05 | INFO    | TRAIN | epoch=032/100 | batch=00300/01563 ( 19.19%) | lr=6.250e-05 | elapsed=0:02:11 | eta=0:09:14
    losses | total=2.8953e+00 | fourier=2.8953e+00 | amplitude=1.9947e-02 | phase=1.7627e-02 | support=3.7319e+00
2026-08-18 05:19:27 | INFO    | TRAIN | epoch=032/100 | batch=00350/01563 ( 22.39%) | lr=6.250e-05 | elapsed=0:02:33 | eta=0:08:52
    losses | total=3.0168e+00 | fourier=3.0168e+00 | amplitude=1.9248e-02 | phase=1.9169e-02 | support=3.2896e+00
2026-08-18 05:19:49 | INFO    | TRAIN | epoch=032/100 | batch=00400/01563 ( 25.59%) | lr=6.250e-05 | elapsed=0:02:55 | eta=0:08:30
    losses | total=2.9526e+00 | fourier=2.9526e+00 | amplitude=1.9414e-02 | phase=1.9326e-02 | support=3.2857e+00
2026-08-18 05:20:11 | INFO    | TRAIN | epoch=032/100 | batch=00450/01563 ( 28.79%) | lr=6.250e-05 | elapsed=0:03:17 | eta=0:08:08
    losses | total=2.7922e+00 | fourier=2.7922e+00 | amplitude=2.0148e-02 | phase=2.0353e-02 | support=4.0957e+00
2026-08-18 05:20:33 | INFO    | TRAIN | epoch=032/100 | batch=00500/01563 ( 31.99%) | lr=6.250e-05 | elapsed=0:03:39 | eta=0:07:46
    losses | total=2.8779e+00 | fourier=2.8779e+00 | amplitude=2.0551e-02 | phase=1.6601e-02 | support=3.3071e+00
2026-08-18 05:20:55 | INFO    | TRAIN | epoch=032/100 | batch=00550/01563 ( 35.19%) | lr=6.250e-05 | elapsed=0:04:01 | eta=0:07:24
    losses | total=2.9381e+00 | fourier=2.9381e+00 | amplitude=1.7705e-02 | phase=1.4572e-02 | support=3.1691e+00
2026-08-18 05:21:17 | INFO    | TRAIN | epoch=032/100 | batch=00600/01563 ( 38.39%) | lr=6.250e-05 | elapsed=0:04:23 | eta=0:07:02
    losses | total=2.9111e+00 | fourier=2.9111e+00 | amplitude=1.7341e-02 | phase=1.3804e-02 | support=3.1413e+00
2026-08-18 05:21:39 | INFO    | TRAIN | epoch=032/100 | batch=00650/01563 ( 41.59%) | lr=6.250e-05 | elapsed=0:04:45 | eta=0:06:40
    losses | total=3.0531e+00 | fourier=3.0531e+00 | amplitude=2.0002e-02 | phase=2.4510e-02 | support=3.6562e+00
2026-08-18 05:22:00 | INFO    | TRAIN | epoch=032/100 | batch=00700/01563 ( 44.79%) | lr=6.250e-05 | elapsed=0:05:07 | eta=0:06:18
    losses | total=2.7467e+00 | fourier=2.7467e+00 | amplitude=1.8229e-02 | phase=1.6541e-02 | support=3.6157e+00
2026-08-18 05:22:22 | INFO    | TRAIN | epoch=032/100 | batch=00750/01563 ( 47.98%) | lr=6.250e-05 | elapsed=0:05:29 | eta=0:05:57
    losses | total=2.6913e+00 | fourier=2.6913e+00 | amplitude=1.5567e-02 | phase=1.5774e-02 | support=3.1008e+00
2026-08-18 05:22:44 | INFO    | TRAIN | epoch=032/100 | batch=00800/01563 ( 51.18%) | lr=6.250e-05 | elapsed=0:05:51 | eta=0:05:35
    losses | total=3.0235e+00 | fourier=3.0235e+00 | amplitude=2.1617e-02 | phase=1.8300e-02 | support=3.3080e+00
2026-08-18 05:23:06 | INFO    | TRAIN | epoch=032/100 | batch=00850/01563 ( 54.38%) | lr=6.250e-05 | elapsed=0:06:13 | eta=0:05:13
    losses | total=2.7358e+00 | fourier=2.7358e+00 | amplitude=1.9935e-02 | phase=1.4625e-02 | support=3.3583e+00
2026-08-18 05:23:28 | INFO    | TRAIN | epoch=032/100 | batch=00900/01563 ( 57.58%) | lr=6.250e-05 | elapsed=0:06:35 | eta=0:04:51
    losses | total=2.8914e+00 | fourier=2.8914e+00 | amplitude=1.8185e-02 | phase=1.9442e-02 | support=3.0596e+00
2026-08-18 05:23:50 | INFO    | TRAIN | epoch=032/100 | batch=00950/01563 ( 60.78%) | lr=6.250e-05 | elapsed=0:06:57 | eta=0:04:29
    losses | total=2.7957e+00 | fourier=2.7957e+00 | amplitude=1.9409e-02 | phase=1.7153e-02 | support=3.5857e+00
2026-08-18 05:24:12 | INFO    | TRAIN | epoch=032/100 | batch=01000/01563 ( 63.98%) | lr=6.250e-05 | elapsed=0:07:19 | eta=0:04:07
    losses | total=2.9576e+00 | fourier=2.9576e+00 | amplitude=2.0150e-02 | phase=1.9965e-02 | support=3.2141e+00
2026-08-18 05:24:34 | INFO    | TRAIN | epoch=032/100 | batch=01050/01563 ( 67.18%) | lr=6.250e-05 | elapsed=0:07:40 | eta=0:03:45
    losses | total=2.7287e+00 | fourier=2.7287e+00 | amplitude=1.9889e-02 | phase=1.4878e-02 | support=3.2112e+00
2026-08-18 05:24:56 | INFO    | TRAIN | epoch=032/100 | batch=01100/01563 ( 70.38%) | lr=6.250e-05 | elapsed=0:08:02 | eta=0:03:23
    losses | total=3.0239e+00 | fourier=3.0239e+00 | amplitude=1.8600e-02 | phase=1.8186e-02 | support=3.1249e+00
2026-08-18 05:25:18 | INFO    | TRAIN | epoch=032/100 | batch=01150/01563 ( 73.58%) | lr=6.250e-05 | elapsed=0:08:24 | eta=0:03:01
    losses | total=2.8407e+00 | fourier=2.8407e+00 | amplitude=1.7851e-02 | phase=1.4944e-02 | support=2.8633e+00
2026-08-18 05:25:40 | INFO    | TRAIN | epoch=032/100 | batch=01200/01563 ( 76.78%) | lr=6.250e-05 | elapsed=0:08:46 | eta=0:02:39
    losses | total=2.9442e+00 | fourier=2.9442e+00 | amplitude=1.9300e-02 | phase=2.0390e-02 | support=3.1594e+00
2026-08-18 05:26:02 | INFO    | TRAIN | epoch=032/100 | batch=01250/01563 ( 79.97%) | lr=6.250e-05 | elapsed=0:09:08 | eta=0:02:17
    losses | total=2.8695e+00 | fourier=2.8695e+00 | amplitude=2.1067e-02 | phase=1.4297e-02 | support=3.3314e+00
2026-08-18 05:26:24 | INFO    | TRAIN | epoch=032/100 | batch=01300/01563 ( 83.17%) | lr=6.250e-05 | elapsed=0:09:30 | eta=0:01:55
    losses | total=3.1398e+00 | fourier=3.1398e+00 | amplitude=2.0166e-02 | phase=1.8180e-02 | support=3.4810e+00
2026-08-18 05:26:46 | INFO    | TRAIN | epoch=032/100 | batch=01350/01563 ( 86.37%) | lr=6.250e-05 | elapsed=0:09:52 | eta=0:01:33
    losses | total=2.9042e+00 | fourier=2.9042e+00 | amplitude=1.8070e-02 | phase=1.8681e-02 | support=3.1612e+00
2026-08-18 05:27:08 | INFO    | TRAIN | epoch=032/100 | batch=01400/01563 ( 89.57%) | lr=6.250e-05 | elapsed=0:10:14 | eta=0:01:11
    losses | total=3.0696e+00 | fourier=3.0696e+00 | amplitude=2.2193e-02 | phase=2.4697e-02 | support=3.3886e+00
2026-08-18 05:27:30 | INFO    | TRAIN | epoch=032/100 | batch=01450/01563 ( 92.77%) | lr=6.250e-05 | elapsed=0:10:36 | eta=0:00:49
    losses | total=2.8069e+00 | fourier=2.8069e+00 | amplitude=1.8079e-02 | phase=1.3688e-02 | support=3.9391e+00
2026-08-18 05:27:52 | INFO    | TRAIN | epoch=032/100 | batch=01500/01563 ( 95.97%) | lr=6.250e-05 | elapsed=0:10:58 | eta=0:00:27
    losses | total=2.7434e+00 | fourier=2.7434e+00 | amplitude=1.9548e-02 | phase=1.6739e-02 | support=3.3527e+00
2026-08-18 05:28:14 | INFO    | TRAIN | epoch=032/100 | batch=01550/01563 ( 99.17%) | lr=6.250e-05 | elapsed=0:11:20 | eta=0:00:05
    losses | total=2.8036e+00 | fourier=2.8036e+00 | amplitude=1.9511e-02 | phase=1.5261e-02 | support=3.4323e+00
2026-08-18 05:28:19 | INFO    | TRAIN | epoch=032/100 | batch=01563/01563 (100.00%) | lr=6.250e-05 | elapsed=0:11:25 | eta=0:00:00
    losses | total=2.9544e+00 | fourier=2.9544e+00 | amplitude=2.2148e-02 | phase=1.4953e-02 | support=3.8393e+00
2026-08-18 05:28:19 | INFO    | TRAIN epoch 032 complete | batches=1563 | samples=25000 | time=0:11:26
2026-08-18 05:28:25 | INFO    | VAL | epoch=032/100 | batch=00050/00313 ( 15.97%) | elapsed=0:00:05 | eta=0:00:28
    losses | total=4.2569e+00 | fourier=4.2569e+00 | amplitude=1.9839e-02 | phase=2.0204e-02 | support=3.4475e+00
2026-08-18 05:28:30 | INFO    | VAL | epoch=032/100 | batch=00100/00313 ( 31.95%) | elapsed=0:00:10 | eta=0:00:22
    losses | total=3.3924e+00 | fourier=3.3924e+00 | amplitude=2.0721e-02 | phase=1.5477e-02 | support=3.6166e+00
2026-08-18 05:28:35 | INFO    | VAL | epoch=032/100 | batch=00150/00313 ( 47.92%) | elapsed=0:00:15 | eta=0:00:17
    losses | total=3.7612e+00 | fourier=3.7612e+00 | amplitude=1.8512e-02 | phase=1.6364e-02 | support=3.2897e+00
2026-08-18 05:28:40 | INFO    | VAL | epoch=032/100 | batch=00200/00313 ( 63.90%) | elapsed=0:00:21 | eta=0:00:11
    losses | total=3.8634e+00 | fourier=3.8634e+00 | amplitude=1.9297e-02 | phase=1.5475e-02 | support=3.5410e+00
2026-08-18 05:28:46 | INFO    | VAL | epoch=032/100 | batch=00250/00313 ( 79.87%) | elapsed=0:00:26 | eta=0:00:06
    losses | total=3.7372e+00 | fourier=3.7372e+00 | amplitude=2.0593e-02 | phase=2.0991e-02 | support=3.3391e+00
2026-08-18 05:28:51 | INFO    | VAL | epoch=032/100 | batch=00300/00313 ( 95.85%) | elapsed=0:00:31 | eta=0:00:01
    losses | total=3.6029e+00 | fourier=3.6029e+00 | amplitude=2.0816e-02 | phase=2.0158e-02 | support=3.3206e+00
2026-08-18 05:28:52 | INFO    | VAL | epoch=032/100 | batch=00313/00313 (100.00%) | elapsed=0:00:32 | eta=0:00:00
    losses | total=3.9282e+00 | fourier=3.9282e+00 | amplitude=1.7621e-02 | phase=1.6822e-02 | support=3.1092e+00
2026-08-18 05:28:52 | INFO    | VAL epoch 032 complete | batches=313 | samples=5000 | time=0:00:32
2026-08-18 05:28:52 | INFO    | Cross-skip strengths | 8/phase_to_amp=+3.7492e-03 | 8/amp_to_phase=-3.0935e-02 | 16/phase_to_amp=-1.5519e-02 | 16/amp_to_phase=+8.8629e-02
2026-08-18 05:28:53 | INFO    | 
------------------------------------------------------------------------------------------------
Epoch 032/100 summary
split             total      fourier    amplitude        phase      support        time
train        2.9040e+00   2.9040e+00   1.9469e-02   1.7393e-02   3.4443e+00     0:11:26
validation   3.6963e+00   3.6963e+00   1.9441e-02   1.7412e-02   3.4435e+00     0:00:32
lr=6.250e-05 | best_val=3.6953e+00 | best_updated=no | periodic_checkpoint=no
------------------------------------------------------------------------------------------------
2026-08-18 05:29:15 | INFO    | TRAIN | epoch=033/100 | batch=00050/01563 (  3.20%) | lr=6.250e-05 | elapsed=0:00:22 | eta=0:11:07
    losses | total=2.8060e+00 | fourier=2.8060e+00 | amplitude=1.6050e-02 | phase=1.3781e-02 | support=3.5123e+00
2026-08-18 05:29:37 | INFO    | TRAIN | epoch=033/100 | batch=00100/01563 (  6.40%) | lr=6.250e-05 | elapsed=0:00:44 | eta=0:10:43
    losses | total=2.9511e+00 | fourier=2.9511e+00 | amplitude=1.8446e-02 | phase=1.8989e-02 | support=3.4571e+00
2026-08-18 05:29:59 | INFO    | TRAIN | epoch=033/100 | batch=00150/01563 (  9.60%) | lr=6.250e-05 | elapsed=0:01:05 | eta=0:10:21
    losses | total=2.7946e+00 | fourier=2.7946e+00 | amplitude=1.7375e-02 | phase=1.5980e-02 | support=3.4854e+00
2026-08-18 05:30:20 | INFO    | TRAIN | epoch=033/100 | batch=00200/01563 ( 12.80%) | lr=6.250e-05 | elapsed=0:01:27 | eta=0:09:58
    losses | total=2.9396e+00 | fourier=2.9396e+00 | amplitude=1.8097e-02 | phase=1.7605e-02 | support=3.4952e+00
2026-08-18 05:30:42 | INFO    | TRAIN | epoch=033/100 | batch=00250/01563 ( 15.99%) | lr=6.250e-05 | elapsed=0:01:49 | eta=0:09:36
    losses | total=2.7528e+00 | fourier=2.7528e+00 | amplitude=1.4152e-02 | phase=1.2305e-02 | support=3.6075e+00
2026-08-18 05:31:04 | INFO    | TRAIN | epoch=033/100 | batch=00300/01563 ( 19.19%) | lr=6.250e-05 | elapsed=0:02:11 | eta=0:09:14
    losses | total=2.9524e+00 | fourier=2.9524e+00 | amplitude=1.9680e-02 | phase=1.7994e-02 | support=3.5369e+00
2026-08-18 05:31:26 | INFO    | TRAIN | epoch=033/100 | batch=00350/01563 ( 22.39%) | lr=6.250e-05 | elapsed=0:02:33 | eta=0:08:52
    losses | total=2.9372e+00 | fourier=2.9372e+00 | amplitude=2.0153e-02 | phase=2.1087e-02 | support=3.4516e+00
2026-08-18 05:31:48 | INFO    | TRAIN | epoch=033/100 | batch=00400/01563 ( 25.59%) | lr=6.250e-05 | elapsed=0:02:55 | eta=0:08:30
    losses | total=2.7042e+00 | fourier=2.7042e+00 | amplitude=1.9725e-02 | phase=1.4013e-02 | support=3.3740e+00
2026-08-18 05:32:10 | INFO    | TRAIN | epoch=033/100 | batch=00450/01563 ( 28.79%) | lr=6.250e-05 | elapsed=0:03:17 | eta=0:08:08
    losses | total=2.7553e+00 | fourier=2.7553e+00 | amplitude=1.8456e-02 | phase=1.3105e-02 | support=3.7351e+00
2026-08-18 05:32:32 | INFO    | TRAIN | epoch=033/100 | batch=00500/01563 ( 31.99%) | lr=6.250e-05 | elapsed=0:03:39 | eta=0:07:46
    losses | total=2.9721e+00 | fourier=2.9721e+00 | amplitude=2.1228e-02 | phase=2.0688e-02 | support=3.3356e+00
2026-08-18 05:32:54 | INFO    | TRAIN | epoch=033/100 | batch=00550/01563 ( 35.19%) | lr=6.250e-05 | elapsed=0:04:01 | eta=0:07:24
    losses | total=2.8541e+00 | fourier=2.8541e+00 | amplitude=1.8625e-02 | phase=1.6477e-02 | support=3.4187e+00
2026-08-18 05:33:16 | INFO    | TRAIN | epoch=033/100 | batch=00600/01563 ( 38.39%) | lr=6.250e-05 | elapsed=0:04:23 | eta=0:07:02
    losses | total=2.7969e+00 | fourier=2.7969e+00 | amplitude=1.8797e-02 | phase=1.8392e-02 | support=3.3699e+00
2026-08-18 05:33:38 | INFO    | TRAIN | epoch=033/100 | batch=00650/01563 ( 41.59%) | lr=6.250e-05 | elapsed=0:04:45 | eta=0:06:40
    losses | total=2.9888e+00 | fourier=2.9888e+00 | amplitude=2.1770e-02 | phase=1.7330e-02 | support=3.2997e+00
2026-08-18 05:34:00 | INFO    | TRAIN | epoch=033/100 | batch=00700/01563 ( 44.79%) | lr=6.250e-05 | elapsed=0:05:07 | eta=0:06:18
    losses | total=2.9219e+00 | fourier=2.9219e+00 | amplitude=1.9792e-02 | phase=1.9736e-02 | support=3.3524e+00
2026-08-18 05:34:22 | INFO    | TRAIN | epoch=033/100 | batch=00750/01563 ( 47.98%) | lr=6.250e-05 | elapsed=0:05:29 | eta=0:05:56
    losses | total=2.7323e+00 | fourier=2.7323e+00 | amplitude=1.7004e-02 | phase=1.4852e-02 | support=3.8777e+00
2026-08-18 05:34:44 | INFO    | TRAIN | epoch=033/100 | batch=00800/01563 ( 51.18%) | lr=6.250e-05 | elapsed=0:05:51 | eta=0:05:34
    losses | total=2.7830e+00 | fourier=2.7830e+00 | amplitude=1.8870e-02 | phase=1.4588e-02 | support=3.8091e+00
2026-08-18 05:35:06 | INFO    | TRAIN | epoch=033/100 | batch=00850/01563 ( 54.38%) | lr=6.250e-05 | elapsed=0:06:13 | eta=0:05:13
    losses | total=2.9324e+00 | fourier=2.9324e+00 | amplitude=2.1790e-02 | phase=2.2258e-02 | support=3.5613e+00
2026-08-18 05:35:28 | INFO    | TRAIN | epoch=033/100 | batch=00900/01563 ( 57.58%) | lr=6.250e-05 | elapsed=0:06:35 | eta=0:04:51
    losses | total=2.9374e+00 | fourier=2.9374e+00 | amplitude=1.7093e-02 | phase=1.7943e-02 | support=3.2631e+00
2026-08-18 05:35:50 | INFO    | TRAIN | epoch=033/100 | batch=00950/01563 ( 60.78%) | lr=6.250e-05 | elapsed=0:06:57 | eta=0:04:29
    losses | total=3.0867e+00 | fourier=3.0867e+00 | amplitude=2.2260e-02 | phase=2.4381e-02 | support=3.3483e+00
2026-08-18 05:36:12 | INFO    | TRAIN | epoch=033/100 | batch=01000/01563 ( 63.98%) | lr=6.250e-05 | elapsed=0:07:19 | eta=0:04:07
    losses | total=2.9465e+00 | fourier=2.9465e+00 | amplitude=2.1435e-02 | phase=1.6242e-02 | support=3.8448e+00
2026-08-18 05:36:34 | INFO    | TRAIN | epoch=033/100 | batch=01050/01563 ( 67.18%) | lr=6.250e-05 | elapsed=0:07:40 | eta=0:03:45
    losses | total=2.8811e+00 | fourier=2.8811e+00 | amplitude=1.8263e-02 | phase=1.8064e-02 | support=3.7784e+00
2026-08-18 05:36:55 | INFO    | TRAIN | epoch=033/100 | batch=01100/01563 ( 70.38%) | lr=6.250e-05 | elapsed=0:08:02 | eta=0:03:23
    losses | total=2.8502e+00 | fourier=2.8502e+00 | amplitude=1.9153e-02 | phase=1.8240e-02 | support=3.1236e+00
2026-08-18 05:37:17 | INFO    | TRAIN | epoch=033/100 | batch=01150/01563 ( 73.58%) | lr=6.250e-05 | elapsed=0:08:24 | eta=0:03:01
    losses | total=2.8731e+00 | fourier=2.8731e+00 | amplitude=1.8837e-02 | phase=1.5955e-02 | support=3.4155e+00
2026-08-18 05:37:39 | INFO    | TRAIN | epoch=033/100 | batch=01200/01563 ( 76.78%) | lr=6.250e-05 | elapsed=0:08:46 | eta=0:02:39
    losses | total=2.9913e+00 | fourier=2.9913e+00 | amplitude=2.1208e-02 | phase=1.6511e-02 | support=3.9610e+00
2026-08-18 05:38:01 | INFO    | TRAIN | epoch=033/100 | batch=01250/01563 ( 79.97%) | lr=6.250e-05 | elapsed=0:09:08 | eta=0:02:17
    losses | total=2.9179e+00 | fourier=2.9179e+00 | amplitude=2.0899e-02 | phase=1.7418e-02 | support=3.7029e+00
2026-08-18 05:38:23 | INFO    | TRAIN | epoch=033/100 | batch=01300/01563 ( 83.17%) | lr=6.250e-05 | elapsed=0:09:30 | eta=0:01:55
    losses | total=2.7487e+00 | fourier=2.7487e+00 | amplitude=1.9393e-02 | phase=1.8314e-02 | support=3.6133e+00
2026-08-18 05:38:45 | INFO    | TRAIN | epoch=033/100 | batch=01350/01563 ( 86.37%) | lr=6.250e-05 | elapsed=0:09:52 | eta=0:01:33
    losses | total=2.8061e+00 | fourier=2.8061e+00 | amplitude=1.6247e-02 | phase=1.6127e-02 | support=2.8481e+00
2026-08-18 05:39:07 | INFO    | TRAIN | epoch=033/100 | batch=01400/01563 ( 89.57%) | lr=6.250e-05 | elapsed=0:10:14 | eta=0:01:11
    losses | total=2.9344e+00 | fourier=2.9344e+00 | amplitude=2.1045e-02 | phase=1.3561e-02 | support=3.6023e+00
2026-08-18 05:39:29 | INFO    | TRAIN | epoch=033/100 | batch=01450/01563 ( 92.77%) | lr=6.250e-05 | elapsed=0:10:36 | eta=0:00:49
    losses | total=2.9384e+00 | fourier=2.9384e+00 | amplitude=1.6998e-02 | phase=1.5101e-02 | support=3.1839e+00
2026-08-18 05:39:51 | INFO    | TRAIN | epoch=033/100 | batch=01500/01563 ( 95.97%) | lr=6.250e-05 | elapsed=0:10:58 | eta=0:00:27
    losses | total=3.0976e+00 | fourier=3.0976e+00 | amplitude=2.0982e-02 | phase=2.5227e-02 | support=3.2481e+00
2026-08-18 05:40:13 | INFO    | TRAIN | epoch=033/100 | batch=01550/01563 ( 99.17%) | lr=6.250e-05 | elapsed=0:11:20 | eta=0:00:05
    losses | total=2.9449e+00 | fourier=2.9449e+00 | amplitude=2.0632e-02 | phase=2.4884e-02 | support=2.7692e+00
2026-08-18 05:40:18 | INFO    | TRAIN | epoch=033/100 | batch=01563/01563 (100.00%) | lr=6.250e-05 | elapsed=0:11:25 | eta=0:00:00
    losses | total=2.7486e+00 | fourier=2.7486e+00 | amplitude=1.9875e-02 | phase=1.4817e-02 | support=3.1739e+00
2026-08-18 05:40:19 | INFO    | TRAIN epoch 033 complete | batches=1563 | samples=25000 | time=0:11:26
2026-08-18 05:40:24 | INFO    | VAL | epoch=033/100 | batch=00050/00313 ( 15.97%) | elapsed=0:00:05 | eta=0:00:28
    losses | total=4.2623e+00 | fourier=4.2623e+00 | amplitude=1.9868e-02 | phase=2.0201e-02 | support=3.4540e+00
2026-08-18 05:40:29 | INFO    | VAL | epoch=033/100 | batch=00100/00313 ( 31.95%) | elapsed=0:00:10 | eta=0:00:22
    losses | total=3.3967e+00 | fourier=3.3967e+00 | amplitude=2.0707e-02 | phase=1.5454e-02 | support=3.6191e+00
2026-08-18 05:40:35 | INFO    | VAL | epoch=033/100 | batch=00150/00313 ( 47.92%) | elapsed=0:00:15 | eta=0:00:17
    losses | total=3.7509e+00 | fourier=3.7509e+00 | amplitude=1.8508e-02 | phase=1.6308e-02 | support=3.2905e+00
2026-08-18 05:40:40 | INFO    | VAL | epoch=033/100 | batch=00200/00313 ( 63.90%) | elapsed=0:00:21 | eta=0:00:11
    losses | total=3.8600e+00 | fourier=3.8600e+00 | amplitude=1.9288e-02 | phase=1.5402e-02 | support=3.5499e+00
2026-08-18 05:40:45 | INFO    | VAL | epoch=033/100 | batch=00250/00313 ( 79.87%) | elapsed=0:00:26 | eta=0:00:06
    losses | total=3.7278e+00 | fourier=3.7278e+00 | amplitude=2.0592e-02 | phase=2.0973e-02 | support=3.3454e+00
2026-08-18 05:40:50 | INFO    | VAL | epoch=033/100 | batch=00300/00313 ( 95.85%) | elapsed=0:00:31 | eta=0:00:01
    losses | total=3.5923e+00 | fourier=3.5923e+00 | amplitude=2.0825e-02 | phase=2.0221e-02 | support=3.3203e+00
2026-08-18 05:40:52 | INFO    | VAL | epoch=033/100 | batch=00313/00313 (100.00%) | elapsed=0:00:32 | eta=0:00:00
    losses | total=3.9298e+00 | fourier=3.9298e+00 | amplitude=1.7623e-02 | phase=1.6806e-02 | support=3.1145e+00
2026-08-18 05:40:52 | INFO    | VAL epoch 033 complete | batches=313 | samples=5000 | time=0:00:32
2026-08-18 05:40:52 | INFO    | Cross-skip strengths | 8/phase_to_amp=+3.8238e-03 | 8/amp_to_phase=-3.1237e-02 | 16/phase_to_amp=-1.5271e-02 | 16/amp_to_phase=+8.8661e-02
2026-08-18 05:40:52 | INFO    | 
------------------------------------------------------------------------------------------------
Epoch 033/100 summary
split             total      fourier    amplitude        phase      support        time
train        2.9040e+00   2.9040e+00   1.9470e-02   1.7395e-02   3.4488e+00     0:11:26
validation   3.6961e+00   3.6961e+00   1.9447e-02   1.7406e-02   3.4475e+00     0:00:32
lr=6.250e-05 | best_val=3.6953e+00 | best_updated=no | periodic_checkpoint=no
------------------------------------------------------------------------------------------------
2026-08-18 05:41:14 | INFO    | TRAIN | epoch=034/100 | batch=00050/01563 (  3.20%) | lr=6.250e-05 | elapsed=0:00:22 | eta=0:11:09
    losses | total=2.8604e+00 | fourier=2.8604e+00 | amplitude=1.7306e-02 | phase=1.5782e-02 | support=3.3154e+00
2026-08-18 05:41:36 | INFO    | TRAIN | epoch=034/100 | batch=00100/01563 (  6.40%) | lr=6.250e-05 | elapsed=0:00:44 | eta=0:10:44
    losses | total=2.6996e+00 | fourier=2.6996e+00 | amplitude=2.3146e-02 | phase=1.6331e-02 | support=3.3942e+00
2026-08-18 05:41:58 | INFO    | TRAIN | epoch=034/100 | batch=00150/01563 (  9.60%) | lr=6.250e-05 | elapsed=0:01:06 | eta=0:10:22
    losses | total=2.9982e+00 | fourier=2.9982e+00 | amplitude=1.7826e-02 | phase=1.7648e-02 | support=3.2141e+00
2026-08-18 05:42:20 | INFO    | TRAIN | epoch=034/100 | batch=00200/01563 ( 12.80%) | lr=6.250e-05 | elapsed=0:01:28 | eta=0:09:59
    losses | total=3.1272e+00 | fourier=3.1272e+00 | amplitude=1.9689e-02 | phase=2.0594e-02 | support=3.0214e+00
2026-08-18 05:42:42 | INFO    | TRAIN | epoch=034/100 | batch=00250/01563 ( 15.99%) | lr=6.250e-05 | elapsed=0:01:50 | eta=0:09:37
    losses | total=2.8647e+00 | fourier=2.8647e+00 | amplitude=1.9696e-02 | phase=1.6783e-02 | support=3.7636e+00
2026-08-18 05:43:04 | INFO    | TRAIN | epoch=034/100 | batch=00300/01563 ( 19.19%) | lr=6.250e-05 | elapsed=0:02:11 | eta=0:09:15
    losses | total=2.7979e+00 | fourier=2.7979e+00 | amplitude=1.8608e-02 | phase=1.5264e-02 | support=3.4130e+00
2026-08-18 05:43:26 | INFO    | TRAIN | epoch=034/100 | batch=00350/01563 ( 22.39%) | lr=6.250e-05 | elapsed=0:02:33 | eta=0:08:53
    losses | total=2.8408e+00 | fourier=2.8408e+00 | amplitude=1.6531e-02 | phase=1.3876e-02 | support=3.9385e+00
2026-08-18 05:43:48 | INFO    | TRAIN | epoch=034/100 | batch=00400/01563 ( 25.59%) | lr=6.250e-05 | elapsed=0:02:55 | eta=0:08:31
    losses | total=2.8071e+00 | fourier=2.8071e+00 | amplitude=2.1152e-02 | phase=1.4427e-02 | support=3.7920e+00
2026-08-18 05:44:10 | INFO    | TRAIN | epoch=034/100 | batch=00450/01563 ( 28.79%) | lr=6.250e-05 | elapsed=0:03:17 | eta=0:08:09
    losses | total=2.7882e+00 | fourier=2.7882e+00 | amplitude=2.2004e-02 | phase=1.7859e-02 | support=3.8044e+00
2026-08-18 05:44:32 | INFO    | TRAIN | epoch=034/100 | batch=00500/01563 ( 31.99%) | lr=6.250e-05 | elapsed=0:03:39 | eta=0:07:47
    losses | total=3.0862e+00 | fourier=3.0862e+00 | amplitude=2.0500e-02 | phase=2.3000e-02 | support=3.3942e+00
2026-08-18 05:44:54 | INFO    | TRAIN | epoch=034/100 | batch=00550/01563 ( 35.19%) | lr=6.250e-05 | elapsed=0:04:01 | eta=0:07:25
    losses | total=2.8780e+00 | fourier=2.8780e+00 | amplitude=1.7799e-02 | phase=1.5222e-02 | support=3.2124e+00
2026-08-18 05:45:16 | INFO    | TRAIN | epoch=034/100 | batch=00600/01563 ( 38.39%) | lr=6.250e-05 | elapsed=0:04:23 | eta=0:07:03
    losses | total=3.3271e+00 | fourier=3.3271e+00 | amplitude=2.1209e-02 | phase=1.8925e-02 | support=3.4855e+00
2026-08-18 05:45:38 | INFO    | TRAIN | epoch=034/100 | batch=00650/01563 ( 41.59%) | lr=6.250e-05 | elapsed=0:04:45 | eta=0:06:41
    losses | total=2.9537e+00 | fourier=2.9537e+00 | amplitude=1.9359e-02 | phase=2.0269e-02 | support=2.9921e+00
2026-08-18 05:46:00 | INFO    | TRAIN | epoch=034/100 | batch=00700/01563 ( 44.79%) | lr=6.250e-05 | elapsed=0:05:07 | eta=0:06:19
    losses | total=2.7529e+00 | fourier=2.7529e+00 | amplitude=1.7925e-02 | phase=1.4732e-02 | support=3.6501e+00
2026-08-18 05:46:22 | INFO    | TRAIN | epoch=034/100 | batch=00750/01563 ( 47.98%) | lr=6.250e-05 | elapsed=0:05:29 | eta=0:05:57
    losses | total=2.9329e+00 | fourier=2.9329e+00 | amplitude=2.2880e-02 | phase=1.9893e-02 | support=3.8741e+00
2026-08-18 05:46:44 | INFO    | TRAIN | epoch=034/100 | batch=00800/01563 ( 51.18%) | lr=6.250e-05 | elapsed=0:05:51 | eta=0:05:35
    losses | total=2.9518e+00 | fourier=2.9518e+00 | amplitude=2.2899e-02 | phase=2.2403e-02 | support=3.3023e+00
2026-08-18 05:47:06 | INFO    | TRAIN | epoch=034/100 | batch=00850/01563 ( 54.38%) | lr=6.250e-05 | elapsed=0:06:13 | eta=0:05:13
    losses | total=3.1316e+00 | fourier=3.1316e+00 | amplitude=2.0377e-02 | phase=2.2683e-02 | support=3.0102e+00
2026-08-18 05:47:27 | INFO    | TRAIN | epoch=034/100 | batch=00900/01563 ( 57.58%) | lr=6.250e-05 | elapsed=0:06:35 | eta=0:04:51
    losses | total=2.7248e+00 | fourier=2.7248e+00 | amplitude=1.8491e-02 | phase=1.2701e-02 | support=3.8556e+00
2026-08-18 05:47:49 | INFO    | TRAIN | epoch=034/100 | batch=00950/01563 ( 60.78%) | lr=6.250e-05 | elapsed=0:06:57 | eta=0:04:29
    losses | total=2.8486e+00 | fourier=2.8486e+00 | amplitude=1.9153e-02 | phase=1.5654e-02 | support=3.4390e+00
2026-08-18 05:48:11 | INFO    | TRAIN | epoch=034/100 | batch=01000/01563 ( 63.98%) | lr=6.250e-05 | elapsed=0:07:19 | eta=0:04:07
    losses | total=2.8611e+00 | fourier=2.8611e+00 | amplitude=2.1918e-02 | phase=1.5132e-02 | support=3.8219e+00
2026-08-18 05:48:33 | INFO    | TRAIN | epoch=034/100 | batch=01050/01563 ( 67.18%) | lr=6.250e-05 | elapsed=0:07:41 | eta=0:03:45
    losses | total=2.9238e+00 | fourier=2.9238e+00 | amplitude=2.0076e-02 | phase=1.5746e-02 | support=3.1870e+00
2026-08-18 05:48:55 | INFO    | TRAIN | epoch=034/100 | batch=01100/01563 ( 70.38%) | lr=6.250e-05 | elapsed=0:08:03 | eta=0:03:23
    losses | total=2.9618e+00 | fourier=2.9618e+00 | amplitude=2.2185e-02 | phase=1.8903e-02 | support=3.2482e+00
2026-08-18 05:49:17 | INFO    | TRAIN | epoch=034/100 | batch=01150/01563 ( 73.58%) | lr=6.250e-05 | elapsed=0:08:25 | eta=0:03:01
    losses | total=3.0533e+00 | fourier=3.0533e+00 | amplitude=1.9483e-02 | phase=1.7779e-02 | support=3.3879e+00
2026-08-18 05:49:39 | INFO    | TRAIN | epoch=034/100 | batch=01200/01563 ( 76.78%) | lr=6.250e-05 | elapsed=0:08:47 | eta=0:02:39
    losses | total=2.8343e+00 | fourier=2.8343e+00 | amplitude=1.7912e-02 | phase=1.3975e-02 | support=3.8707e+00
2026-08-18 05:50:01 | INFO    | TRAIN | epoch=034/100 | batch=01250/01563 ( 79.97%) | lr=6.250e-05 | elapsed=0:09:09 | eta=0:02:17
    losses | total=2.8469e+00 | fourier=2.8469e+00 | amplitude=1.6350e-02 | phase=1.4799e-02 | support=3.5659e+00
2026-08-18 05:50:23 | INFO    | TRAIN | epoch=034/100 | batch=01300/01563 ( 83.17%) | lr=6.250e-05 | elapsed=0:09:31 | eta=0:01:55
    losses | total=2.8604e+00 | fourier=2.8604e+00 | amplitude=2.0690e-02 | phase=1.6943e-02 | support=3.6146e+00
2026-08-18 05:50:45 | INFO    | TRAIN | epoch=034/100 | batch=01350/01563 ( 86.37%) | lr=6.250e-05 | elapsed=0:09:53 | eta=0:01:33
    losses | total=3.2707e+00 | fourier=3.2707e+00 | amplitude=2.1234e-02 | phase=2.3689e-02 | support=3.6099e+00
2026-08-18 05:51:07 | INFO    | TRAIN | epoch=034/100 | batch=01400/01563 ( 89.57%) | lr=6.250e-05 | elapsed=0:10:15 | eta=0:01:11
    losses | total=2.7669e+00 | fourier=2.7669e+00 | amplitude=1.8020e-02 | phase=1.6807e-02 | support=3.4308e+00
2026-08-18 05:51:29 | INFO    | TRAIN | epoch=034/100 | batch=01450/01563 ( 92.77%) | lr=6.250e-05 | elapsed=0:10:37 | eta=0:00:49
    losses | total=2.6699e+00 | fourier=2.6699e+00 | amplitude=2.0218e-02 | phase=1.2929e-02 | support=3.3424e+00
2026-08-18 05:51:51 | INFO    | TRAIN | epoch=034/100 | batch=01500/01563 ( 95.97%) | lr=6.250e-05 | elapsed=0:10:59 | eta=0:00:27
    losses | total=2.7532e+00 | fourier=2.7532e+00 | amplitude=1.7372e-02 | phase=1.3074e-02 | support=3.7984e+00
2026-08-18 05:52:13 | INFO    | TRAIN | epoch=034/100 | batch=01550/01563 ( 99.17%) | lr=6.250e-05 | elapsed=0:11:21 | eta=0:00:05
    losses | total=2.7400e+00 | fourier=2.7400e+00 | amplitude=2.2348e-02 | phase=1.6670e-02 | support=3.5309e+00
2026-08-18 05:52:19 | INFO    | TRAIN | epoch=034/100 | batch=01563/01563 (100.00%) | lr=6.250e-05 | elapsed=0:11:26 | eta=0:00:00
    losses | total=2.9445e+00 | fourier=2.9445e+00 | amplitude=2.1420e-02 | phase=1.6096e-02 | support=3.6445e+00
2026-08-18 05:52:19 | INFO    | TRAIN epoch 034 complete | batches=1563 | samples=25000 | time=0:11:26
2026-08-18 05:52:24 | INFO    | VAL | epoch=034/100 | batch=00050/00313 ( 15.97%) | elapsed=0:00:05 | eta=0:00:28
    losses | total=4.2465e+00 | fourier=4.2465e+00 | amplitude=1.9902e-02 | phase=2.0414e-02 | support=3.4507e+00
2026-08-18 05:52:30 | INFO    | VAL | epoch=034/100 | batch=00100/00313 ( 31.95%) | elapsed=0:00:10 | eta=0:00:22
    losses | total=3.3917e+00 | fourier=3.3917e+00 | amplitude=2.0732e-02 | phase=1.5589e-02 | support=3.6197e+00
2026-08-18 05:52:35 | INFO    | VAL | epoch=034/100 | batch=00150/00313 ( 47.92%) | elapsed=0:00:15 | eta=0:00:17
    losses | total=3.7457e+00 | fourier=3.7457e+00 | amplitude=1.8531e-02 | phase=1.6478e-02 | support=3.2907e+00
2026-08-18 05:52:40 | INFO    | VAL | epoch=034/100 | batch=00200/00313 ( 63.90%) | elapsed=0:00:21 | eta=0:00:11
    losses | total=3.8730e+00 | fourier=3.8730e+00 | amplitude=1.9324e-02 | phase=1.5648e-02 | support=3.5445e+00
2026-08-18 05:52:45 | INFO    | VAL | epoch=034/100 | batch=00250/00313 ( 79.87%) | elapsed=0:00:26 | eta=0:00:06
    losses | total=3.7308e+00 | fourier=3.7308e+00 | amplitude=2.0619e-02 | phase=2.1161e-02 | support=3.3415e+00
2026-08-18 05:52:50 | INFO    | VAL | epoch=034/100 | batch=00300/00313 ( 95.85%) | elapsed=0:00:31 | eta=0:00:01
    losses | total=3.6037e+00 | fourier=3.6037e+00 | amplitude=2.0852e-02 | phase=2.0348e-02 | support=3.3153e+00
2026-08-18 05:52:52 | INFO    | VAL | epoch=034/100 | batch=00313/00313 (100.00%) | elapsed=0:00:32 | eta=0:00:00
    losses | total=3.9344e+00 | fourier=3.9344e+00 | amplitude=1.7629e-02 | phase=1.6847e-02 | support=3.1136e+00
2026-08-18 05:52:52 | INFO    | VAL epoch 034 complete | batches=313 | samples=5000 | time=0:00:32
2026-08-18 05:52:52 | INFO    | Cross-skip strengths | 8/phase_to_amp=+3.9450e-03 | 8/amp_to_phase=-3.0959e-02 | 16/phase_to_amp=-1.6166e-02 | 16/amp_to_phase=+8.9523e-02
2026-08-18 05:52:52 | INFO    | 
------------------------------------------------------------------------------------------------
Epoch 034/100 summary
split             total      fourier    amplitude        phase      support        time
train        2.9019e+00   2.9019e+00   1.9468e-02   1.7390e-02   3.4491e+00     0:11:26
validation   3.6956e+00   3.6956e+00   1.9461e-02   1.7548e-02   3.4451e+00     0:00:32
lr=6.250e-05 | best_val=3.6953e+00 | best_updated=no | periodic_checkpoint=no
------------------------------------------------------------------------------------------------
2026-08-18 05:53:14 | INFO    | TRAIN | epoch=035/100 | batch=00050/01563 (  3.20%) | lr=6.250e-05 | elapsed=0:00:22 | eta=0:11:10
    losses | total=2.8631e+00 | fourier=2.8631e+00 | amplitude=1.5306e-02 | phase=1.1150e-02 | support=3.2426e+00
2026-08-18 05:53:36 | INFO    | TRAIN | epoch=035/100 | batch=00100/01563 (  6.40%) | lr=6.250e-05 | elapsed=0:00:44 | eta=0:10:45
    losses | total=2.7678e+00 | fourier=2.7678e+00 | amplitude=2.1063e-02 | phase=1.9087e-02 | support=3.7802e+00
2026-08-18 05:53:58 | INFO    | TRAIN | epoch=035/100 | batch=00150/01563 (  9.60%) | lr=6.250e-05 | elapsed=0:01:06 | eta=0:10:22
    losses | total=2.8119e+00 | fourier=2.8119e+00 | amplitude=1.9395e-02 | phase=1.3130e-02 | support=3.3512e+00
2026-08-18 05:54:20 | INFO    | TRAIN | epoch=035/100 | batch=00200/01563 ( 12.80%) | lr=6.250e-05 | elapsed=0:01:28 | eta=0:10:00
    losses | total=3.1301e+00 | fourier=3.1301e+00 | amplitude=2.0637e-02 | phase=1.9182e-02 | support=3.5163e+00
2026-08-18 05:54:42 | INFO    | TRAIN | epoch=035/100 | batch=00250/01563 ( 15.99%) | lr=6.250e-05 | elapsed=0:01:50 | eta=0:09:37
    losses | total=2.9479e+00 | fourier=2.9479e+00 | amplitude=1.7524e-02 | phase=1.5704e-02 | support=4.0333e+00
2026-08-18 05:55:04 | INFO    | TRAIN | epoch=035/100 | batch=00300/01563 ( 19.19%) | lr=6.250e-05 | elapsed=0:02:12 | eta=0:09:15
    losses | total=2.7752e+00 | fourier=2.7752e+00 | amplitude=1.8172e-02 | phase=1.0561e-02 | support=3.9588e+00
2026-08-18 05:55:26 | INFO    | TRAIN | epoch=035/100 | batch=00350/01563 ( 22.39%) | lr=6.250e-05 | elapsed=0:02:33 | eta=0:08:53
    losses | total=2.8285e+00 | fourier=2.8285e+00 | amplitude=1.7951e-02 | phase=1.6684e-02 | support=3.5732e+00
2026-08-18 05:55:48 | INFO    | TRAIN | epoch=035/100 | batch=00400/01563 ( 25.59%) | lr=6.250e-05 | elapsed=0:02:55 | eta=0:08:31
    losses | total=3.4590e+00 | fourier=3.4590e+00 | amplitude=1.8961e-02 | phase=2.6837e-02 | support=2.8991e+00
2026-08-18 05:56:10 | INFO    | TRAIN | epoch=035/100 | batch=00450/01563 ( 28.79%) | lr=6.250e-05 | elapsed=0:03:17 | eta=0:08:09
    losses | total=2.8269e+00 | fourier=2.8269e+00 | amplitude=1.8513e-02 | phase=1.8656e-02 | support=3.2639e+00
2026-08-18 05:56:32 | INFO    | TRAIN | epoch=035/100 | batch=00500/01563 ( 31.99%) | lr=6.250e-05 | elapsed=0:03:39 | eta=0:07:47
    losses | total=2.7948e+00 | fourier=2.7948e+00 | amplitude=1.5680e-02 | phase=1.4437e-02 | support=3.2913e+00
2026-08-18 05:56:54 | INFO    | TRAIN | epoch=035/100 | batch=00550/01563 ( 35.19%) | lr=6.250e-05 | elapsed=0:04:01 | eta=0:07:25
    losses | total=3.1301e+00 | fourier=3.1301e+00 | amplitude=1.8496e-02 | phase=2.2170e-02 | support=3.1440e+00
2026-08-18 05:57:16 | INFO    | TRAIN | epoch=035/100 | batch=00600/01563 ( 38.39%) | lr=6.250e-05 | elapsed=0:04:23 | eta=0:07:03
    losses | total=2.7537e+00 | fourier=2.7537e+00 | amplitude=1.9243e-02 | phase=1.7869e-02 | support=3.3974e+00
2026-08-18 05:57:38 | INFO    | TRAIN | epoch=035/100 | batch=00650/01563 ( 41.59%) | lr=6.250e-05 | elapsed=0:04:45 | eta=0:06:41
    losses | total=2.8700e+00 | fourier=2.8700e+00 | amplitude=2.0439e-02 | phase=1.8091e-02 | support=3.2677e+00
2026-08-18 05:58:00 | INFO    | TRAIN | epoch=035/100 | batch=00700/01563 ( 44.79%) | lr=6.250e-05 | elapsed=0:05:07 | eta=0:06:19
    losses | total=2.8196e+00 | fourier=2.8196e+00 | amplitude=1.8355e-02 | phase=1.8484e-02 | support=2.9978e+00
2026-08-18 05:58:22 | INFO    | TRAIN | epoch=035/100 | batch=00750/01563 ( 47.98%) | lr=6.250e-05 | elapsed=0:05:29 | eta=0:05:57
    losses | total=2.9340e+00 | fourier=2.9340e+00 | amplitude=2.3549e-02 | phase=2.4588e-02 | support=3.2149e+00
2026-08-18 05:58:44 | INFO    | TRAIN | epoch=035/100 | batch=00800/01563 ( 51.18%) | lr=6.250e-05 | elapsed=0:05:51 | eta=0:05:35
    losses | total=2.8250e+00 | fourier=2.8250e+00 | amplitude=1.8007e-02 | phase=1.5217e-02 | support=3.5909e+00
2026-08-18 05:59:06 | INFO    | TRAIN | epoch=035/100 | batch=00850/01563 ( 54.38%) | lr=6.250e-05 | elapsed=0:06:13 | eta=0:05:13
    losses | total=2.8641e+00 | fourier=2.8641e+00 | amplitude=2.0324e-02 | phase=1.7809e-02 | support=3.4148e+00
2026-08-18 05:59:28 | INFO    | TRAIN | epoch=035/100 | batch=00900/01563 ( 57.58%) | lr=6.250e-05 | elapsed=0:06:35 | eta=0:04:51
    losses | total=2.7893e+00 | fourier=2.7893e+00 | amplitude=1.8179e-02 | phase=1.4473e-02 | support=3.1315e+00
2026-08-18 05:59:50 | INFO    | TRAIN | epoch=035/100 | batch=00950/01563 ( 60.78%) | lr=6.250e-05 | elapsed=0:06:57 | eta=0:04:29
    losses | total=2.7992e+00 | fourier=2.7992e+00 | amplitude=2.3185e-02 | phase=1.6776e-02 | support=3.5514e+00
2026-08-18 06:00:12 | INFO    | TRAIN | epoch=035/100 | batch=01000/01563 ( 63.98%) | lr=6.250e-05 | elapsed=0:07:19 | eta=0:04:07
    losses | total=2.9288e+00 | fourier=2.9288e+00 | amplitude=2.0495e-02 | phase=2.1007e-02 | support=3.1104e+00
2026-08-18 06:00:34 | INFO    | TRAIN | epoch=035/100 | batch=01050/01563 ( 67.18%) | lr=6.250e-05 | elapsed=0:07:41 | eta=0:03:45
    losses | total=3.0281e+00 | fourier=3.0281e+00 | amplitude=2.0534e-02 | phase=1.8278e-02 | support=3.4418e+00
2026-08-18 06:00:56 | INFO    | TRAIN | epoch=035/100 | batch=01100/01563 ( 70.38%) | lr=6.250e-05 | elapsed=0:08:03 | eta=0:03:23
    losses | total=3.1405e+00 | fourier=3.1405e+00 | amplitude=2.0903e-02 | phase=1.9383e-02 | support=3.3554e+00
2026-08-18 06:01:18 | INFO    | TRAIN | epoch=035/100 | batch=01150/01563 ( 73.58%) | lr=6.250e-05 | elapsed=0:08:25 | eta=0:03:01
    losses | total=2.9742e+00 | fourier=2.9742e+00 | amplitude=2.3963e-02 | phase=1.7823e-02 | support=3.9157e+00
2026-08-18 06:01:40 | INFO    | TRAIN | epoch=035/100 | batch=01200/01563 ( 76.78%) | lr=6.250e-05 | elapsed=0:08:47 | eta=0:02:39
    losses | total=2.8495e+00 | fourier=2.8495e+00 | amplitude=1.7349e-02 | phase=1.5063e-02 | support=3.2917e+00
2026-08-18 06:02:02 | INFO    | TRAIN | epoch=035/100 | batch=01250/01563 ( 79.97%) | lr=6.250e-05 | elapsed=0:09:09 | eta=0:02:17
    losses | total=2.9695e+00 | fourier=2.9695e+00 | amplitude=2.1053e-02 | phase=1.6845e-02 | support=3.5407e+00
2026-08-18 06:02:24 | INFO    | TRAIN | epoch=035/100 | batch=01300/01563 ( 83.17%) | lr=6.250e-05 | elapsed=0:09:31 | eta=0:01:55
    losses | total=3.1535e+00 | fourier=3.1535e+00 | amplitude=2.1065e-02 | phase=1.6378e-02 | support=3.3723e+00
2026-08-18 06:02:46 | INFO    | TRAIN | epoch=035/100 | batch=01350/01563 ( 86.37%) | lr=6.250e-05 | elapsed=0:09:53 | eta=0:01:33
    losses | total=3.0292e+00 | fourier=3.0292e+00 | amplitude=1.9767e-02 | phase=2.6294e-02 | support=3.0336e+00
2026-08-18 06:03:08 | INFO    | TRAIN | epoch=035/100 | batch=01400/01563 ( 89.57%) | lr=6.250e-05 | elapsed=0:10:15 | eta=0:01:11
    losses | total=2.8613e+00 | fourier=2.8613e+00 | amplitude=1.8293e-02 | phase=2.0307e-02 | support=2.8856e+00
2026-08-18 06:03:30 | INFO    | TRAIN | epoch=035/100 | batch=01450/01563 ( 92.77%) | lr=6.250e-05 | elapsed=0:10:37 | eta=0:00:49
    losses | total=2.7303e+00 | fourier=2.7303e+00 | amplitude=1.8268e-02 | phase=1.2928e-02 | support=3.5597e+00
2026-08-18 06:03:52 | INFO    | TRAIN | epoch=035/100 | batch=01500/01563 ( 95.97%) | lr=6.250e-05 | elapsed=0:10:59 | eta=0:00:27
    losses | total=2.9460e+00 | fourier=2.9460e+00 | amplitude=2.0029e-02 | phase=1.5614e-02 | support=3.7608e+00
2026-08-18 06:04:14 | INFO    | TRAIN | epoch=035/100 | batch=01550/01563 ( 99.17%) | lr=6.250e-05 | elapsed=0:11:21 | eta=0:00:05
    losses | total=2.8113e+00 | fourier=2.8113e+00 | amplitude=1.9299e-02 | phase=1.3521e-02 | support=3.5557e+00
2026-08-18 06:04:19 | INFO    | TRAIN | epoch=035/100 | batch=01563/01563 (100.00%) | lr=6.250e-05 | elapsed=0:11:26 | eta=0:00:00
    losses | total=3.0103e+00 | fourier=3.0103e+00 | amplitude=1.9088e-02 | phase=2.2503e-02 | support=3.4001e+00
2026-08-18 06:04:19 | INFO    | TRAIN epoch 035 complete | batches=1563 | samples=25000 | time=0:11:27
2026-08-18 06:04:25 | INFO    | VAL | epoch=035/100 | batch=00050/00313 ( 15.97%) | elapsed=0:00:05 | eta=0:00:28
    losses | total=4.2731e+00 | fourier=4.2731e+00 | amplitude=1.9902e-02 | phase=2.0158e-02 | support=3.4574e+00
2026-08-18 06:04:30 | INFO    | VAL | epoch=035/100 | batch=00100/00313 ( 31.95%) | elapsed=0:00:10 | eta=0:00:22
    losses | total=3.3897e+00 | fourier=3.3897e+00 | amplitude=2.0736e-02 | phase=1.5494e-02 | support=3.6254e+00
2026-08-18 06:04:35 | INFO    | VAL | epoch=035/100 | batch=00150/00313 ( 47.92%) | elapsed=0:00:15 | eta=0:00:17
    losses | total=3.7456e+00 | fourier=3.7456e+00 | amplitude=1.8518e-02 | phase=1.6212e-02 | support=3.2957e+00
2026-08-18 06:04:41 | INFO    | VAL | epoch=035/100 | batch=00200/00313 ( 63.90%) | elapsed=0:00:21 | eta=0:00:11
    losses | total=3.8956e+00 | fourier=3.8956e+00 | amplitude=1.9322e-02 | phase=1.5410e-02 | support=3.5519e+00
2026-08-18 06:04:46 | INFO    | VAL | epoch=035/100 | batch=00250/00313 ( 79.87%) | elapsed=0:00:26 | eta=0:00:06
    losses | total=3.7447e+00 | fourier=3.7447e+00 | amplitude=2.0618e-02 | phase=2.0933e-02 | support=3.3431e+00
2026-08-18 06:04:51 | INFO    | VAL | epoch=035/100 | batch=00300/00313 ( 95.85%) | elapsed=0:00:31 | eta=0:00:01
    losses | total=3.5804e+00 | fourier=3.5804e+00 | amplitude=2.0883e-02 | phase=2.0196e-02 | support=3.3272e+00
2026-08-18 06:04:52 | INFO    | VAL | epoch=035/100 | batch=00313/00313 (100.00%) | elapsed=0:00:32 | eta=0:00:00
    losses | total=3.9452e+00 | fourier=3.9452e+00 | amplitude=1.7677e-02 | phase=1.6851e-02 | support=3.1243e+00
2026-08-18 06:04:52 | INFO    | VAL epoch 035 complete | batches=313 | samples=5000 | time=0:00:32
2026-08-18 06:04:52 | INFO    | Cross-skip strengths | 8/phase_to_amp=+4.3781e-03 | 8/amp_to_phase=-3.1503e-02 | 16/phase_to_amp=-1.6626e-02 | 16/amp_to_phase=+8.9770e-02
2026-08-18 06:04:53 | INFO    | 
------------------------------------------------------------------------------------------------
Epoch 035/100 summary
split             total      fourier    amplitude        phase      support        time
train        2.9007e+00   2.9007e+00   1.9469e-02   1.7393e-02   3.4485e+00     0:11:27
validation   3.7009e+00   3.7009e+00   1.9466e-02   1.7401e-02   3.4515e+00     0:00:32
lr=6.250e-05 | best_val=3.6953e+00 | best_updated=no | periodic_checkpoint=no
------------------------------------------------------------------------------------------------
2026-08-18 06:05:15 | INFO    | TRAIN | epoch=036/100 | batch=00050/01563 (  3.20%) | lr=6.250e-05 | elapsed=0:00:22 | eta=0:11:08
    losses | total=2.7831e+00 | fourier=2.7831e+00 | amplitude=1.7453e-02 | phase=1.5718e-02 | support=3.2274e+00
2026-08-18 06:05:37 | INFO    | TRAIN | epoch=036/100 | batch=00100/01563 (  6.40%) | lr=6.250e-05 | elapsed=0:00:44 | eta=0:10:44
    losses | total=2.9799e+00 | fourier=2.9799e+00 | amplitude=1.9227e-02 | phase=1.5929e-02 | support=3.4717e+00
2026-08-18 06:05:59 | INFO    | TRAIN | epoch=036/100 | batch=00150/01563 (  9.60%) | lr=6.250e-05 | elapsed=0:01:05 | eta=0:10:21
    losses | total=2.9363e+00 | fourier=2.9363e+00 | amplitude=1.8774e-02 | phase=2.1943e-02 | support=3.5004e+00
2026-08-18 06:06:21 | INFO    | TRAIN | epoch=036/100 | batch=00200/01563 ( 12.80%) | lr=6.250e-05 | elapsed=0:01:27 | eta=0:09:59
    losses | total=3.0100e+00 | fourier=3.0100e+00 | amplitude=2.2307e-02 | phase=2.0003e-02 | support=3.5808e+00
2026-08-18 06:06:43 | INFO    | TRAIN | epoch=036/100 | batch=00250/01563 ( 15.99%) | lr=6.250e-05 | elapsed=0:01:49 | eta=0:09:37
    losses | total=2.8416e+00 | fourier=2.8416e+00 | amplitude=1.7623e-02 | phase=1.2593e-02 | support=3.4930e+00
2026-08-18 06:07:04 | INFO    | TRAIN | epoch=036/100 | batch=00300/01563 ( 19.19%) | lr=6.250e-05 | elapsed=0:02:11 | eta=0:09:14
    losses | total=2.8597e+00 | fourier=2.8597e+00 | amplitude=1.5818e-02 | phase=1.3149e-02 | support=3.4672e+00
2026-08-18 06:07:26 | INFO    | TRAIN | epoch=036/100 | batch=00350/01563 ( 22.39%) | lr=6.250e-05 | elapsed=0:02:33 | eta=0:08:52
    losses | total=2.7044e+00 | fourier=2.7044e+00 | amplitude=1.9611e-02 | phase=1.3333e-02 | support=4.0539e+00
2026-08-18 06:07:48 | INFO    | TRAIN | epoch=036/100 | batch=00400/01563 ( 25.59%) | lr=6.250e-05 | elapsed=0:02:55 | eta=0:08:30
    losses | total=3.0352e+00 | fourier=3.0352e+00 | amplitude=1.9708e-02 | phase=1.9228e-02 | support=3.0194e+00
2026-08-18 06:08:10 | INFO    | TRAIN | epoch=036/100 | batch=00450/01563 ( 28.79%) | lr=6.250e-05 | elapsed=0:03:17 | eta=0:08:08
    losses | total=3.0017e+00 | fourier=3.0017e+00 | amplitude=2.1408e-02 | phase=2.0775e-02 | support=3.7158e+00
2026-08-18 06:08:32 | INFO    | TRAIN | epoch=036/100 | batch=00500/01563 ( 31.99%) | lr=6.250e-05 | elapsed=0:03:39 | eta=0:07:46
    losses | total=2.9969e+00 | fourier=2.9969e+00 | amplitude=2.1151e-02 | phase=2.0050e-02 | support=3.3666e+00
2026-08-18 06:08:54 | INFO    | TRAIN | epoch=036/100 | batch=00550/01563 ( 35.19%) | lr=6.250e-05 | elapsed=0:04:01 | eta=0:07:24
    losses | total=3.0700e+00 | fourier=3.0700e+00 | amplitude=2.0511e-02 | phase=2.1919e-02 | support=3.0099e+00
2026-08-18 06:09:16 | INFO    | TRAIN | epoch=036/100 | batch=00600/01563 ( 38.39%) | lr=6.250e-05 | elapsed=0:04:23 | eta=0:07:02
    losses | total=2.8623e+00 | fourier=2.8623e+00 | amplitude=1.6343e-02 | phase=1.5801e-02 | support=2.8589e+00
2026-08-18 06:09:38 | INFO    | TRAIN | epoch=036/100 | batch=00650/01563 ( 41.59%) | lr=6.250e-05 | elapsed=0:04:45 | eta=0:06:40
    losses | total=3.0288e+00 | fourier=3.0288e+00 | amplitude=2.4887e-02 | phase=2.1531e-02 | support=3.5483e+00
2026-08-18 06:10:00 | INFO    | TRAIN | epoch=036/100 | batch=00700/01563 ( 44.79%) | lr=6.250e-05 | elapsed=0:05:07 | eta=0:06:18
    losses | total=2.8469e+00 | fourier=2.8469e+00 | amplitude=1.8554e-02 | phase=1.3976e-02 | support=3.1468e+00
2026-08-18 06:10:22 | INFO    | TRAIN | epoch=036/100 | batch=00750/01563 ( 47.98%) | lr=6.250e-05 | elapsed=0:05:29 | eta=0:05:56
    losses | total=2.7910e+00 | fourier=2.7910e+00 | amplitude=1.6819e-02 | phase=1.3627e-02 | support=3.3979e+00
2026-08-18 06:10:44 | INFO    | TRAIN | epoch=036/100 | batch=00800/01563 ( 51.18%) | lr=6.250e-05 | elapsed=0:05:51 | eta=0:05:35
    losses | total=2.7422e+00 | fourier=2.7422e+00 | amplitude=1.8487e-02 | phase=1.4335e-02 | support=3.4774e+00
2026-08-18 06:11:06 | INFO    | TRAIN | epoch=036/100 | batch=00850/01563 ( 54.38%) | lr=6.250e-05 | elapsed=0:06:13 | eta=0:05:13
    losses | total=2.8204e+00 | fourier=2.8204e+00 | amplitude=1.8724e-02 | phase=1.5546e-02 | support=3.6513e+00
2026-08-18 06:11:28 | INFO    | TRAIN | epoch=036/100 | batch=00900/01563 ( 57.58%) | lr=6.250e-05 | elapsed=0:06:35 | eta=0:04:51
    losses | total=2.6882e+00 | fourier=2.6882e+00 | amplitude=1.7318e-02 | phase=1.2834e-02 | support=3.4196e+00
2026-08-18 06:11:50 | INFO    | TRAIN | epoch=036/100 | batch=00950/01563 ( 60.78%) | lr=6.250e-05 | elapsed=0:06:57 | eta=0:04:29
    losses | total=2.8305e+00 | fourier=2.8305e+00 | amplitude=1.9762e-02 | phase=1.5453e-02 | support=3.2868e+00
2026-08-18 06:12:12 | INFO    | TRAIN | epoch=036/100 | batch=01000/01563 ( 63.98%) | lr=6.250e-05 | elapsed=0:07:19 | eta=0:04:07
    losses | total=2.9102e+00 | fourier=2.9102e+00 | amplitude=1.7717e-02 | phase=1.9629e-02 | support=3.2366e+00
2026-08-18 06:12:34 | INFO    | TRAIN | epoch=036/100 | batch=01050/01563 ( 67.18%) | lr=6.250e-05 | elapsed=0:07:40 | eta=0:03:45
    losses | total=2.8782e+00 | fourier=2.8782e+00 | amplitude=2.0193e-02 | phase=2.0922e-02 | support=2.9499e+00
2026-08-18 06:12:56 | INFO    | TRAIN | epoch=036/100 | batch=01100/01563 ( 70.38%) | lr=6.250e-05 | elapsed=0:08:02 | eta=0:03:23
    losses | total=2.9624e+00 | fourier=2.9624e+00 | amplitude=1.9671e-02 | phase=1.8308e-02 | support=3.3937e+00
2026-08-18 06:13:17 | INFO    | TRAIN | epoch=036/100 | batch=01150/01563 ( 73.58%) | lr=6.250e-05 | elapsed=0:08:24 | eta=0:03:01
    losses | total=3.0410e+00 | fourier=3.0410e+00 | amplitude=1.9927e-02 | phase=2.1405e-02 | support=3.5564e+00
2026-08-18 06:13:39 | INFO    | TRAIN | epoch=036/100 | batch=01200/01563 ( 76.78%) | lr=6.250e-05 | elapsed=0:08:46 | eta=0:02:39
    losses | total=2.9228e+00 | fourier=2.9228e+00 | amplitude=1.8480e-02 | phase=1.5190e-02 | support=3.5544e+00
2026-08-18 06:14:01 | INFO    | TRAIN | epoch=036/100 | batch=01250/01563 ( 79.97%) | lr=6.250e-05 | elapsed=0:09:08 | eta=0:02:17
    losses | total=2.8837e+00 | fourier=2.8837e+00 | amplitude=2.1038e-02 | phase=2.1185e-02 | support=3.2056e+00
2026-08-18 06:14:23 | INFO    | TRAIN | epoch=036/100 | batch=01300/01563 ( 83.17%) | lr=6.250e-05 | elapsed=0:09:30 | eta=0:01:55
    losses | total=2.9024e+00 | fourier=2.9024e+00 | amplitude=1.8694e-02 | phase=1.5989e-02 | support=3.4678e+00
2026-08-18 06:14:45 | INFO    | TRAIN | epoch=036/100 | batch=01350/01563 ( 86.37%) | lr=6.250e-05 | elapsed=0:09:52 | eta=0:01:33
    losses | total=2.9790e+00 | fourier=2.9790e+00 | amplitude=1.8074e-02 | phase=1.8730e-02 | support=3.1646e+00
2026-08-18 06:15:07 | INFO    | TRAIN | epoch=036/100 | batch=01400/01563 ( 89.57%) | lr=6.250e-05 | elapsed=0:10:14 | eta=0:01:11
    losses | total=3.1753e+00 | fourier=3.1753e+00 | amplitude=2.3113e-02 | phase=2.0571e-02 | support=3.7750e+00
2026-08-18 06:15:29 | INFO    | TRAIN | epoch=036/100 | batch=01450/01563 ( 92.77%) | lr=6.250e-05 | elapsed=0:10:36 | eta=0:00:49
    losses | total=2.8980e+00 | fourier=2.8980e+00 | amplitude=1.6286e-02 | phase=1.7631e-02 | support=2.9409e+00
2026-08-18 06:15:51 | INFO    | TRAIN | epoch=036/100 | batch=01500/01563 ( 95.97%) | lr=6.250e-05 | elapsed=0:10:58 | eta=0:00:27
    losses | total=2.9791e+00 | fourier=2.9791e+00 | amplitude=1.9652e-02 | phase=2.2521e-02 | support=3.5269e+00
2026-08-18 06:16:13 | INFO    | TRAIN | epoch=036/100 | batch=01550/01563 ( 99.17%) | lr=6.250e-05 | elapsed=0:11:20 | eta=0:00:05
    losses | total=3.1645e+00 | fourier=3.1645e+00 | amplitude=2.1591e-02 | phase=2.4502e-02 | support=3.5822e+00
2026-08-18 06:16:19 | INFO    | TRAIN | epoch=036/100 | batch=01563/01563 (100.00%) | lr=6.250e-05 | elapsed=0:11:25 | eta=0:00:00
    losses | total=2.8331e+00 | fourier=2.8331e+00 | amplitude=1.9380e-02 | phase=1.0655e-02 | support=3.5502e+00
2026-08-18 06:16:19 | INFO    | TRAIN epoch 036 complete | batches=1563 | samples=25000 | time=0:11:26
2026-08-18 06:16:24 | INFO    | VAL | epoch=036/100 | batch=00050/00313 ( 15.97%) | elapsed=0:00:05 | eta=0:00:28
    losses | total=4.2445e+00 | fourier=4.2445e+00 | amplitude=1.9905e-02 | phase=2.0247e-02 | support=3.4483e+00
2026-08-18 06:16:30 | INFO    | VAL | epoch=036/100 | batch=00100/00313 ( 31.95%) | elapsed=0:00:10 | eta=0:00:22
    losses | total=3.3856e+00 | fourier=3.3856e+00 | amplitude=2.0739e-02 | phase=1.5509e-02 | support=3.6174e+00
2026-08-18 06:16:35 | INFO    | VAL | epoch=036/100 | batch=00150/00313 ( 47.92%) | elapsed=0:00:15 | eta=0:00:17
    losses | total=3.7446e+00 | fourier=3.7446e+00 | amplitude=1.8522e-02 | phase=1.6398e-02 | support=3.2860e+00
2026-08-18 06:16:40 | INFO    | VAL | epoch=036/100 | batch=00200/00313 ( 63.90%) | elapsed=0:00:21 | eta=0:00:11
    losses | total=3.8643e+00 | fourier=3.8643e+00 | amplitude=1.9303e-02 | phase=1.5411e-02 | support=3.5451e+00
2026-08-18 06:16:45 | INFO    | VAL | epoch=036/100 | batch=00250/00313 ( 79.87%) | elapsed=0:00:26 | eta=0:00:06
    losses | total=3.7372e+00 | fourier=3.7372e+00 | amplitude=2.0609e-02 | phase=2.1008e-02 | support=3.3366e+00
2026-08-18 06:16:50 | INFO    | VAL | epoch=036/100 | batch=00300/00313 ( 95.85%) | elapsed=0:00:31 | eta=0:00:01
    losses | total=3.5856e+00 | fourier=3.5856e+00 | amplitude=2.0867e-02 | phase=2.0230e-02 | support=3.3202e+00
2026-08-18 06:16:52 | INFO    | VAL | epoch=036/100 | batch=00313/00313 (100.00%) | elapsed=0:00:32 | eta=0:00:00
    losses | total=3.9258e+00 | fourier=3.9258e+00 | amplitude=1.7617e-02 | phase=1.6840e-02 | support=3.1059e+00
2026-08-18 06:16:52 | INFO    | VAL epoch 036 complete | batches=313 | samples=5000 | time=0:00:32
2026-08-18 06:16:52 | INFO    | Cross-skip strengths | 8/phase_to_amp=+4.6109e-03 | 8/amp_to_phase=-3.1033e-02 | 16/phase_to_amp=-1.6138e-02 | 16/amp_to_phase=+8.9797e-02
2026-08-18 06:16:52 | INFO    | 
------------------------------------------------------------------------------------------------
Epoch 036/100 summary
split             total      fourier    amplitude        phase      support        time
train        2.8989e+00   2.8989e+00   1.9468e-02   1.7397e-02   3.4489e+00     0:11:26
validation   3.6959e+00   3.6959e+00   1.9463e-02   1.7438e-02   3.4427e+00     0:00:32
lr=3.125e-05 | best_val=3.6953e+00 | best_updated=no | periodic_checkpoint=no
------------------------------------------------------------------------------------------------
2026-08-18 06:17:14 | INFO    | TRAIN | epoch=037/100 | batch=00050/01563 (  3.20%) | lr=3.125e-05 | elapsed=0:00:22 | eta=0:11:10
    losses | total=3.1090e+00 | fourier=3.1090e+00 | amplitude=2.1315e-02 | phase=2.0132e-02 | support=3.2671e+00
2026-08-18 06:17:36 | INFO    | TRAIN | epoch=037/100 | batch=00100/01563 (  6.40%) | lr=3.125e-05 | elapsed=0:00:44 | eta=0:10:45
    losses | total=2.8845e+00 | fourier=2.8845e+00 | amplitude=1.7400e-02 | phase=2.2230e-02 | support=3.0260e+00
2026-08-18 06:17:58 | INFO    | TRAIN | epoch=037/100 | batch=00150/01563 (  9.60%) | lr=3.125e-05 | elapsed=0:01:06 | eta=0:10:22
    losses | total=2.9284e+00 | fourier=2.9284e+00 | amplitude=1.8637e-02 | phase=1.7754e-02 | support=3.5909e+00
2026-08-18 06:18:20 | INFO    | TRAIN | epoch=037/100 | batch=00200/01563 ( 12.80%) | lr=3.125e-05 | elapsed=0:01:28 | eta=0:10:00
    losses | total=2.9162e+00 | fourier=2.9162e+00 | amplitude=1.9653e-02 | phase=1.7590e-02 | support=3.1765e+00
2026-08-18 06:18:42 | INFO    | TRAIN | epoch=037/100 | batch=00250/01563 ( 15.99%) | lr=3.125e-05 | elapsed=0:01:50 | eta=0:09:37
    losses | total=2.9906e+00 | fourier=2.9906e+00 | amplitude=2.3766e-02 | phase=1.6278e-02 | support=3.9540e+00
2026-08-18 06:19:04 | INFO    | TRAIN | epoch=037/100 | batch=00300/01563 ( 19.19%) | lr=3.125e-05 | elapsed=0:02:12 | eta=0:09:15
    losses | total=2.8068e+00 | fourier=2.8068e+00 | amplitude=2.3987e-02 | phase=1.9948e-02 | support=3.3218e+00
2026-08-18 06:19:26 | INFO    | TRAIN | epoch=037/100 | batch=00350/01563 ( 22.39%) | lr=3.125e-05 | elapsed=0:02:33 | eta=0:08:53
    losses | total=2.7842e+00 | fourier=2.7842e+00 | amplitude=1.8519e-02 | phase=1.6805e-02 | support=3.4301e+00
2026-08-18 06:19:48 | INFO    | TRAIN | epoch=037/100 | batch=00400/01563 ( 25.59%) | lr=3.125e-05 | elapsed=0:02:55 | eta=0:08:31
    losses | total=2.7095e+00 | fourier=2.7095e+00 | amplitude=1.9802e-02 | phase=1.3075e-02 | support=4.0369e+00
2026-08-18 06:20:10 | INFO    | TRAIN | epoch=037/100 | batch=00450/01563 ( 28.79%) | lr=3.125e-05 | elapsed=0:03:17 | eta=0:08:09
    losses | total=2.9215e+00 | fourier=2.9215e+00 | amplitude=1.8031e-02 | phase=2.0620e-02 | support=3.4985e+00
2026-08-18 06:20:32 | INFO    | TRAIN | epoch=037/100 | batch=00500/01563 ( 31.99%) | lr=3.125e-05 | elapsed=0:03:39 | eta=0:07:47
    losses | total=2.7953e+00 | fourier=2.7953e+00 | amplitude=1.6929e-02 | phase=1.6146e-02 | support=3.2947e+00
2026-08-18 06:20:54 | INFO    | TRAIN | epoch=037/100 | batch=00550/01563 ( 35.19%) | lr=3.125e-05 | elapsed=0:04:01 | eta=0:07:25
    losses | total=2.9483e+00 | fourier=2.9483e+00 | amplitude=1.9485e-02 | phase=1.9036e-02 | support=3.4921e+00
2026-08-18 06:21:16 | INFO    | TRAIN | epoch=037/100 | batch=00600/01563 ( 38.39%) | lr=3.125e-05 | elapsed=0:04:23 | eta=0:07:03
    losses | total=3.0109e+00 | fourier=3.0109e+00 | amplitude=1.9976e-02 | phase=1.6358e-02 | support=3.1306e+00
2026-08-18 06:21:38 | INFO    | TRAIN | epoch=037/100 | batch=00650/01563 ( 41.59%) | lr=3.125e-05 | elapsed=0:04:45 | eta=0:06:41
    losses | total=2.6718e+00 | fourier=2.6718e+00 | amplitude=2.3014e-02 | phase=1.8710e-02 | support=3.6231e+00
2026-08-18 06:22:00 | INFO    | TRAIN | epoch=037/100 | batch=00700/01563 ( 44.79%) | lr=3.125e-05 | elapsed=0:05:07 | eta=0:06:19
    losses | total=2.8173e+00 | fourier=2.8173e+00 | amplitude=1.9353e-02 | phase=1.6880e-02 | support=3.4084e+00
2026-08-18 06:22:22 | INFO    | TRAIN | epoch=037/100 | batch=00750/01563 ( 47.98%) | lr=3.125e-05 | elapsed=0:05:29 | eta=0:05:57
    losses | total=2.6763e+00 | fourier=2.6763e+00 | amplitude=1.6001e-02 | phase=1.4430e-02 | support=3.2479e+00
2026-08-18 06:22:44 | INFO    | TRAIN | epoch=037/100 | batch=00800/01563 ( 51.18%) | lr=3.125e-05 | elapsed=0:05:51 | eta=0:05:35
    losses | total=2.8741e+00 | fourier=2.8741e+00 | amplitude=2.0756e-02 | phase=1.7323e-02 | support=3.2624e+00
2026-08-18 06:23:06 | INFO    | TRAIN | epoch=037/100 | batch=00850/01563 ( 54.38%) | lr=3.125e-05 | elapsed=0:06:13 | eta=0:05:13
    losses | total=2.9395e+00 | fourier=2.9395e+00 | amplitude=1.8420e-02 | phase=1.6079e-02 | support=3.6148e+00
2026-08-18 06:23:28 | INFO    | TRAIN | epoch=037/100 | batch=00900/01563 ( 57.58%) | lr=3.125e-05 | elapsed=0:06:35 | eta=0:04:51
    losses | total=2.7597e+00 | fourier=2.7597e+00 | amplitude=1.8062e-02 | phase=1.4431e-02 | support=3.4362e+00
2026-08-18 06:23:50 | INFO    | TRAIN | epoch=037/100 | batch=00950/01563 ( 60.78%) | lr=3.125e-05 | elapsed=0:06:57 | eta=0:04:29
    losses | total=3.0324e+00 | fourier=3.0324e+00 | amplitude=2.0659e-02 | phase=1.9432e-02 | support=3.5812e+00
2026-08-18 06:24:12 | INFO    | TRAIN | epoch=037/100 | batch=01000/01563 ( 63.98%) | lr=3.125e-05 | elapsed=0:07:19 | eta=0:04:07
    losses | total=2.9125e+00 | fourier=2.9125e+00 | amplitude=2.0415e-02 | phase=2.0726e-02 | support=3.3224e+00
2026-08-18 06:24:34 | INFO    | TRAIN | epoch=037/100 | batch=01050/01563 ( 67.18%) | lr=3.125e-05 | elapsed=0:07:41 | eta=0:03:45
    losses | total=3.0055e+00 | fourier=3.0055e+00 | amplitude=2.1077e-02 | phase=2.0269e-02 | support=3.6257e+00
2026-08-18 06:24:56 | INFO    | TRAIN | epoch=037/100 | batch=01100/01563 ( 70.38%) | lr=3.125e-05 | elapsed=0:08:03 | eta=0:03:23
    losses | total=2.6805e+00 | fourier=2.6805e+00 | amplitude=1.8226e-02 | phase=1.6096e-02 | support=3.7171e+00
2026-08-18 06:25:18 | INFO    | TRAIN | epoch=037/100 | batch=01150/01563 ( 73.58%) | lr=3.125e-05 | elapsed=0:08:25 | eta=0:03:01
    losses | total=3.1311e+00 | fourier=3.1311e+00 | amplitude=1.9667e-02 | phase=2.4572e-02 | support=2.9762e+00
2026-08-18 06:25:40 | INFO    | TRAIN | epoch=037/100 | batch=01200/01563 ( 76.78%) | lr=3.125e-05 | elapsed=0:08:47 | eta=0:02:39
    losses | total=2.8042e+00 | fourier=2.8042e+00 | amplitude=1.6500e-02 | phase=1.6009e-02 | support=3.4317e+00
2026-08-18 06:26:02 | INFO    | TRAIN | epoch=037/100 | batch=01250/01563 ( 79.97%) | lr=3.125e-05 | elapsed=0:09:09 | eta=0:02:17
    losses | total=2.8516e+00 | fourier=2.8516e+00 | amplitude=1.9945e-02 | phase=2.0129e-02 | support=3.3613e+00
2026-08-18 06:26:24 | INFO    | TRAIN | epoch=037/100 | batch=01300/01563 ( 83.17%) | lr=3.125e-05 | elapsed=0:09:31 | eta=0:01:55
    losses | total=3.0113e+00 | fourier=3.0113e+00 | amplitude=1.9321e-02 | phase=2.3200e-02 | support=3.3344e+00
2026-08-18 06:26:46 | INFO    | TRAIN | epoch=037/100 | batch=01350/01563 ( 86.37%) | lr=3.125e-05 | elapsed=0:09:53 | eta=0:01:33
    losses | total=2.8490e+00 | fourier=2.8490e+00 | amplitude=2.0768e-02 | phase=1.9917e-02 | support=3.2498e+00
2026-08-18 06:27:08 | INFO    | TRAIN | epoch=037/100 | batch=01400/01563 ( 89.57%) | lr=3.125e-05 | elapsed=0:10:15 | eta=0:01:11
    losses | total=3.0115e+00 | fourier=3.0115e+00 | amplitude=2.1186e-02 | phase=1.7209e-02 | support=3.4813e+00
2026-08-18 06:27:30 | INFO    | TRAIN | epoch=037/100 | batch=01450/01563 ( 92.77%) | lr=3.125e-05 | elapsed=0:10:37 | eta=0:00:49
    losses | total=2.8877e+00 | fourier=2.8877e+00 | amplitude=1.9952e-02 | phase=1.8869e-02 | support=3.1942e+00
2026-08-18 06:27:52 | INFO    | TRAIN | epoch=037/100 | batch=01500/01563 ( 95.97%) | lr=3.125e-05 | elapsed=0:10:59 | eta=0:00:27
    losses | total=2.6794e+00 | fourier=2.6794e+00 | amplitude=1.8208e-02 | phase=1.2026e-02 | support=3.6716e+00
2026-08-18 06:28:14 | INFO    | TRAIN | epoch=037/100 | batch=01550/01563 ( 99.17%) | lr=3.125e-05 | elapsed=0:11:21 | eta=0:00:05
    losses | total=2.7491e+00 | fourier=2.7491e+00 | amplitude=1.7094e-02 | phase=1.5121e-02 | support=3.2200e+00
2026-08-18 06:28:19 | INFO    | TRAIN | epoch=037/100 | batch=01563/01563 (100.00%) | lr=3.125e-05 | elapsed=0:11:27 | eta=0:00:00
    losses | total=2.7544e+00 | fourier=2.7544e+00 | amplitude=1.8861e-02 | phase=1.7169e-02 | support=3.5761e+00
2026-08-18 06:28:19 | INFO    | TRAIN epoch 037 complete | batches=1563 | samples=25000 | time=0:11:27
2026-08-18 06:28:25 | INFO    | VAL | epoch=037/100 | batch=00050/00313 ( 15.97%) | elapsed=0:00:05 | eta=0:00:28
    losses | total=4.2528e+00 | fourier=4.2528e+00 | amplitude=1.9915e-02 | phase=2.0300e-02 | support=3.4470e+00
2026-08-18 06:28:30 | INFO    | VAL | epoch=037/100 | batch=00100/00313 ( 31.95%) | elapsed=0:00:10 | eta=0:00:22
    losses | total=3.3850e+00 | fourier=3.3850e+00 | amplitude=2.0782e-02 | phase=1.5560e-02 | support=3.6156e+00
2026-08-18 06:28:35 | INFO    | VAL | epoch=037/100 | batch=00150/00313 ( 47.92%) | elapsed=0:00:15 | eta=0:00:17
    losses | total=3.7480e+00 | fourier=3.7480e+00 | amplitude=1.8538e-02 | phase=1.6455e-02 | support=3.2846e+00
2026-08-18 06:28:40 | INFO    | VAL | epoch=037/100 | batch=00200/00313 ( 63.90%) | elapsed=0:00:21 | eta=0:00:11
    losses | total=3.8678e+00 | fourier=3.8678e+00 | amplitude=1.9357e-02 | phase=1.5487e-02 | support=3.5428e+00
2026-08-18 06:28:46 | INFO    | VAL | epoch=037/100 | batch=00250/00313 ( 79.87%) | elapsed=0:00:26 | eta=0:00:06
    losses | total=3.7344e+00 | fourier=3.7344e+00 | amplitude=2.0632e-02 | phase=2.1053e-02 | support=3.3341e+00
2026-08-18 06:28:51 | INFO    | VAL | epoch=037/100 | batch=00300/00313 ( 95.85%) | elapsed=0:00:31 | eta=0:00:01
    losses | total=3.5889e+00 | fourier=3.5889e+00 | amplitude=2.0893e-02 | phase=2.0302e-02 | support=3.3125e+00
2026-08-18 06:28:52 | INFO    | VAL | epoch=037/100 | batch=00313/00313 (100.00%) | elapsed=0:00:32 | eta=0:00:00
    losses | total=3.9445e+00 | fourier=3.9445e+00 | amplitude=1.7652e-02 | phase=1.6815e-02 | support=3.1048e+00
2026-08-18 06:28:52 | INFO    | VAL epoch 037 complete | batches=313 | samples=5000 | time=0:00:32
2026-08-18 06:28:52 | INFO    | Cross-skip strengths | 8/phase_to_amp=+4.5516e-03 | 8/amp_to_phase=-3.1394e-02 | 16/phase_to_amp=-1.6515e-02 | 16/amp_to_phase=+9.0234e-02
2026-08-18 06:28:53 | INFO    | 
------------------------------------------------------------------------------------------------
Epoch 037/100 summary
split             total      fourier    amplitude        phase      support        time
train        2.8930e+00   2.8930e+00   1.9469e-02   1.7387e-02   3.4489e+00     0:11:27
validation   3.6929e+00   3.6929e+00   1.9490e-02   1.7492e-02   3.4411e+00     0:00:32
lr=3.125e-05 | best_val=3.6929e+00 | best_updated=yes | periodic_checkpoint=no
------------------------------------------------------------------------------------------------
2026-08-18 06:29:15 | INFO    | TRAIN | epoch=038/100 | batch=00050/01563 (  3.20%) | lr=3.125e-05 | elapsed=0:00:22 | eta=0:11:08
    losses | total=3.0204e+00 | fourier=3.0204e+00 | amplitude=1.8975e-02 | phase=1.6950e-02 | support=3.8348e+00
2026-08-18 06:29:37 | INFO    | TRAIN | epoch=038/100 | batch=00100/01563 (  6.40%) | lr=3.125e-05 | elapsed=0:00:44 | eta=0:10:44
    losses | total=2.9050e+00 | fourier=2.9050e+00 | amplitude=1.9782e-02 | phase=2.0154e-02 | support=3.5098e+00
2026-08-18 06:29:59 | INFO    | TRAIN | epoch=038/100 | batch=00150/01563 (  9.60%) | lr=3.125e-05 | elapsed=0:01:05 | eta=0:10:21
    losses | total=2.7172e+00 | fourier=2.7172e+00 | amplitude=1.8758e-02 | phase=1.6739e-02 | support=3.5683e+00
2026-08-18 06:30:21 | INFO    | TRAIN | epoch=038/100 | batch=00200/01563 ( 12.80%) | lr=3.125e-05 | elapsed=0:01:27 | eta=0:09:59
    losses | total=2.9416e+00 | fourier=2.9416e+00 | amplitude=1.8628e-02 | phase=1.5920e-02 | support=3.6054e+00
2026-08-18 06:30:43 | INFO    | TRAIN | epoch=038/100 | batch=00250/01563 ( 15.99%) | lr=3.125e-05 | elapsed=0:01:49 | eta=0:09:37
    losses | total=3.3101e+00 | fourier=3.3101e+00 | amplitude=1.8425e-02 | phase=2.5552e-02 | support=2.9573e+00
2026-08-18 06:31:05 | INFO    | TRAIN | epoch=038/100 | batch=00300/01563 ( 19.19%) | lr=3.125e-05 | elapsed=0:02:11 | eta=0:09:14
    losses | total=2.8390e+00 | fourier=2.8390e+00 | amplitude=1.7441e-02 | phase=1.5369e-02 | support=3.4740e+00
2026-08-18 06:31:27 | INFO    | TRAIN | epoch=038/100 | batch=00350/01563 ( 22.39%) | lr=3.125e-05 | elapsed=0:02:33 | eta=0:08:52
    losses | total=2.9022e+00 | fourier=2.9022e+00 | amplitude=1.9331e-02 | phase=1.6923e-02 | support=3.6168e+00
2026-08-18 06:31:48 | INFO    | TRAIN | epoch=038/100 | batch=00400/01563 ( 25.59%) | lr=3.125e-05 | elapsed=0:02:55 | eta=0:08:30
    losses | total=2.8472e+00 | fourier=2.8472e+00 | amplitude=1.8502e-02 | phase=1.7369e-02 | support=3.2267e+00
2026-08-18 06:32:10 | INFO    | TRAIN | epoch=038/100 | batch=00450/01563 ( 28.79%) | lr=3.125e-05 | elapsed=0:03:17 | eta=0:08:08
    losses | total=2.9203e+00 | fourier=2.9203e+00 | amplitude=2.0231e-02 | phase=1.8290e-02 | support=3.2989e+00
2026-08-18 06:32:32 | INFO    | TRAIN | epoch=038/100 | batch=00500/01563 ( 31.99%) | lr=3.125e-05 | elapsed=0:03:39 | eta=0:07:46
    losses | total=2.8015e+00 | fourier=2.8015e+00 | amplitude=2.0116e-02 | phase=1.4683e-02 | support=3.5385e+00
2026-08-18 06:32:54 | INFO    | TRAIN | epoch=038/100 | batch=00550/01563 ( 35.19%) | lr=3.125e-05 | elapsed=0:04:01 | eta=0:07:24
    losses | total=3.0897e+00 | fourier=3.0897e+00 | amplitude=2.0020e-02 | phase=2.5383e-02 | support=2.9850e+00
2026-08-18 06:33:16 | INFO    | TRAIN | epoch=038/100 | batch=00600/01563 ( 38.39%) | lr=3.125e-05 | elapsed=0:04:23 | eta=0:07:02
    losses | total=2.8007e+00 | fourier=2.8007e+00 | amplitude=1.9755e-02 | phase=1.5055e-02 | support=3.5110e+00
2026-08-18 06:33:38 | INFO    | TRAIN | epoch=038/100 | batch=00650/01563 ( 41.59%) | lr=3.125e-05 | elapsed=0:04:45 | eta=0:06:40
    losses | total=3.0093e+00 | fourier=3.0093e+00 | amplitude=2.2257e-02 | phase=1.8246e-02 | support=3.1041e+00
2026-08-18 06:34:00 | INFO    | TRAIN | epoch=038/100 | batch=00700/01563 ( 44.79%) | lr=3.125e-05 | elapsed=0:05:07 | eta=0:06:18
    losses | total=3.1921e+00 | fourier=3.1921e+00 | amplitude=2.1686e-02 | phase=2.4172e-02 | support=3.3599e+00
2026-08-18 06:34:22 | INFO    | TRAIN | epoch=038/100 | batch=00750/01563 ( 47.98%) | lr=3.125e-05 | elapsed=0:05:29 | eta=0:05:57
    losses | total=2.8296e+00 | fourier=2.8296e+00 | amplitude=1.9207e-02 | phase=1.4000e-02 | support=3.7005e+00
2026-08-18 06:34:44 | INFO    | TRAIN | epoch=038/100 | batch=00800/01563 ( 51.18%) | lr=3.125e-05 | elapsed=0:05:51 | eta=0:05:35
    losses | total=2.8330e+00 | fourier=2.8330e+00 | amplitude=2.0047e-02 | phase=1.4935e-02 | support=3.4642e+00
2026-08-18 06:35:06 | INFO    | TRAIN | epoch=038/100 | batch=00850/01563 ( 54.38%) | lr=3.125e-05 | elapsed=0:06:13 | eta=0:05:13
    losses | total=2.9659e+00 | fourier=2.9659e+00 | amplitude=2.0782e-02 | phase=2.1703e-02 | support=3.3130e+00
2026-08-18 06:35:28 | INFO    | TRAIN | epoch=038/100 | batch=00900/01563 ( 57.58%) | lr=3.125e-05 | elapsed=0:06:35 | eta=0:04:51
    losses | total=2.8110e+00 | fourier=2.8110e+00 | amplitude=1.6883e-02 | phase=1.5758e-02 | support=3.2723e+00
2026-08-18 06:35:50 | INFO    | TRAIN | epoch=038/100 | batch=00950/01563 ( 60.78%) | lr=3.125e-05 | elapsed=0:06:57 | eta=0:04:29
    losses | total=2.9360e+00 | fourier=2.9360e+00 | amplitude=1.9807e-02 | phase=1.5209e-02 | support=3.5860e+00
2026-08-18 06:36:12 | INFO    | TRAIN | epoch=038/100 | batch=01000/01563 ( 63.98%) | lr=3.125e-05 | elapsed=0:07:19 | eta=0:04:07
    losses | total=2.7450e+00 | fourier=2.7450e+00 | amplitude=2.2885e-02 | phase=1.6066e-02 | support=3.8060e+00
2026-08-18 06:36:34 | INFO    | TRAIN | epoch=038/100 | batch=01050/01563 ( 67.18%) | lr=3.125e-05 | elapsed=0:07:40 | eta=0:03:45
    losses | total=2.7046e+00 | fourier=2.7046e+00 | amplitude=1.8417e-02 | phase=1.5579e-02 | support=3.4448e+00
2026-08-18 06:36:56 | INFO    | TRAIN | epoch=038/100 | batch=01100/01563 ( 70.38%) | lr=3.125e-05 | elapsed=0:08:02 | eta=0:03:23
    losses | total=2.9643e+00 | fourier=2.9643e+00 | amplitude=1.9775e-02 | phase=1.6683e-02 | support=3.3906e+00
2026-08-18 06:37:18 | INFO    | TRAIN | epoch=038/100 | batch=01150/01563 ( 73.58%) | lr=3.125e-05 | elapsed=0:08:24 | eta=0:03:01
    losses | total=2.8767e+00 | fourier=2.8767e+00 | amplitude=1.9891e-02 | phase=1.9271e-02 | support=3.6801e+00
2026-08-18 06:37:40 | INFO    | TRAIN | epoch=038/100 | batch=01200/01563 ( 76.78%) | lr=3.125e-05 | elapsed=0:08:46 | eta=0:02:39
    losses | total=2.8900e+00 | fourier=2.8900e+00 | amplitude=2.0448e-02 | phase=1.5919e-02 | support=3.3571e+00
2026-08-18 06:38:02 | INFO    | TRAIN | epoch=038/100 | batch=01250/01563 ( 79.97%) | lr=3.125e-05 | elapsed=0:09:08 | eta=0:02:17
    losses | total=2.8386e+00 | fourier=2.8386e+00 | amplitude=1.6617e-02 | phase=1.7137e-02 | support=3.0487e+00
2026-08-18 06:38:23 | INFO    | TRAIN | epoch=038/100 | batch=01300/01563 ( 83.17%) | lr=3.125e-05 | elapsed=0:09:30 | eta=0:01:55
    losses | total=2.9846e+00 | fourier=2.9846e+00 | amplitude=1.8845e-02 | phase=2.7734e-02 | support=3.4592e+00
2026-08-18 06:38:45 | INFO    | TRAIN | epoch=038/100 | batch=01350/01563 ( 86.37%) | lr=3.125e-05 | elapsed=0:09:52 | eta=0:01:33
    losses | total=2.7991e+00 | fourier=2.7991e+00 | amplitude=2.0596e-02 | phase=1.4051e-02 | support=3.3893e+00
2026-08-18 06:39:07 | INFO    | TRAIN | epoch=038/100 | batch=01400/01563 ( 89.57%) | lr=3.125e-05 | elapsed=0:10:14 | eta=0:01:11
    losses | total=2.9724e+00 | fourier=2.9724e+00 | amplitude=1.9631e-02 | phase=1.8379e-02 | support=3.5785e+00
2026-08-18 06:39:29 | INFO    | TRAIN | epoch=038/100 | batch=01450/01563 ( 92.77%) | lr=3.125e-05 | elapsed=0:10:36 | eta=0:00:49
    losses | total=2.7887e+00 | fourier=2.7887e+00 | amplitude=1.7952e-02 | phase=1.7081e-02 | support=3.2343e+00
2026-08-18 06:39:51 | INFO    | TRAIN | epoch=038/100 | batch=01500/01563 ( 95.97%) | lr=3.125e-05 | elapsed=0:10:58 | eta=0:00:27
    losses | total=2.9400e+00 | fourier=2.9400e+00 | amplitude=2.0826e-02 | phase=1.5992e-02 | support=3.4385e+00
2026-08-18 06:40:13 | INFO    | TRAIN | epoch=038/100 | batch=01550/01563 ( 99.17%) | lr=3.125e-05 | elapsed=0:11:20 | eta=0:00:05
    losses | total=3.2902e+00 | fourier=3.2902e+00 | amplitude=2.3232e-02 | phase=2.8889e-02 | support=3.1202e+00
2026-08-18 06:40:19 | INFO    | TRAIN | epoch=038/100 | batch=01563/01563 (100.00%) | lr=3.125e-05 | elapsed=0:11:25 | eta=0:00:00
    losses | total=2.8172e+00 | fourier=2.8172e+00 | amplitude=1.3870e-02 | phase=1.1506e-02 | support=3.1086e+00
2026-08-18 06:40:19 | INFO    | TRAIN epoch 038 complete | batches=1563 | samples=25000 | time=0:11:26
2026-08-18 06:40:24 | INFO    | VAL | epoch=038/100 | batch=00050/00313 ( 15.97%) | elapsed=0:00:05 | eta=0:00:28
    losses | total=4.2405e+00 | fourier=4.2405e+00 | amplitude=1.9896e-02 | phase=2.0345e-02 | support=3.4360e+00
2026-08-18 06:40:30 | INFO    | VAL | epoch=038/100 | batch=00100/00313 ( 31.95%) | elapsed=0:00:10 | eta=0:00:22
    losses | total=3.3783e+00 | fourier=3.3783e+00 | amplitude=2.0760e-02 | phase=1.5546e-02 | support=3.6084e+00
2026-08-18 06:40:35 | INFO    | VAL | epoch=038/100 | batch=00150/00313 ( 47.92%) | elapsed=0:00:15 | eta=0:00:17
    losses | total=3.7580e+00 | fourier=3.7580e+00 | amplitude=1.8524e-02 | phase=1.6492e-02 | support=3.2755e+00
2026-08-18 06:40:40 | INFO    | VAL | epoch=038/100 | batch=00200/00313 ( 63.90%) | elapsed=0:00:21 | eta=0:00:11
    losses | total=3.8699e+00 | fourier=3.8699e+00 | amplitude=1.9339e-02 | phase=1.5461e-02 | support=3.5392e+00
2026-08-18 06:40:45 | INFO    | VAL | epoch=038/100 | batch=00250/00313 ( 79.87%) | elapsed=0:00:26 | eta=0:00:06
    losses | total=3.7293e+00 | fourier=3.7293e+00 | amplitude=2.0632e-02 | phase=2.1087e-02 | support=3.3283e+00
2026-08-18 06:40:51 | INFO    | VAL | epoch=038/100 | batch=00300/00313 ( 95.85%) | elapsed=0:00:31 | eta=0:00:01
    losses | total=3.6059e+00 | fourier=3.6059e+00 | amplitude=2.0878e-02 | phase=2.0310e-02 | support=3.3061e+00
2026-08-18 06:40:52 | INFO    | VAL | epoch=038/100 | batch=00313/00313 (100.00%) | elapsed=0:00:32 | eta=0:00:00
    losses | total=3.9416e+00 | fourier=3.9416e+00 | amplitude=1.7674e-02 | phase=1.6868e-02 | support=3.1058e+00
2026-08-18 06:40:52 | INFO    | VAL epoch 038 complete | batches=313 | samples=5000 | time=0:00:32
2026-08-18 06:40:52 | INFO    | Cross-skip strengths | 8/phase_to_amp=+4.8590e-03 | 8/amp_to_phase=-3.1794e-02 | 16/phase_to_amp=-1.6732e-02 | 16/amp_to_phase=+9.0679e-02
2026-08-18 06:40:52 | INFO    | 
------------------------------------------------------------------------------------------------
Epoch 038/100 summary
split             total      fourier    amplitude        phase      support        time
train        2.8924e+00   2.8924e+00   1.9469e-02   1.7391e-02   3.4507e+00     0:11:26
validation   3.6927e+00   3.6927e+00   1.9488e-02   1.7506e-02   3.4354e+00     0:00:32
lr=3.125e-05 | best_val=3.6927e+00 | best_updated=yes | periodic_checkpoint=no
------------------------------------------------------------------------------------------------
2026-08-18 06:41:15 | INFO    | TRAIN | epoch=039/100 | batch=00050/01563 (  3.20%) | lr=3.125e-05 | elapsed=0:00:22 | eta=0:11:09
    losses | total=2.9642e+00 | fourier=2.9642e+00 | amplitude=1.6532e-02 | phase=1.2556e-02 | support=3.9413e+00
2026-08-18 06:41:37 | INFO    | TRAIN | epoch=039/100 | batch=00100/01563 (  6.40%) | lr=3.125e-05 | elapsed=0:00:44 | eta=0:10:45
    losses | total=2.8994e+00 | fourier=2.8994e+00 | amplitude=1.9648e-02 | phase=1.7351e-02 | support=3.5524e+00
2026-08-18 06:41:59 | INFO    | TRAIN | epoch=039/100 | batch=00150/01563 (  9.60%) | lr=3.125e-05 | elapsed=0:01:06 | eta=0:10:22
    losses | total=2.7706e+00 | fourier=2.7706e+00 | amplitude=1.6060e-02 | phase=1.6895e-02 | support=3.5830e+00
2026-08-18 06:42:21 | INFO    | TRAIN | epoch=039/100 | batch=00200/01563 ( 12.80%) | lr=3.125e-05 | elapsed=0:01:28 | eta=0:10:00
    losses | total=3.1260e+00 | fourier=3.1260e+00 | amplitude=2.0618e-02 | phase=1.8158e-02 | support=3.3952e+00
2026-08-18 06:42:43 | INFO    | TRAIN | epoch=039/100 | batch=00250/01563 ( 15.99%) | lr=3.125e-05 | elapsed=0:01:50 | eta=0:09:37
    losses | total=2.8076e+00 | fourier=2.8076e+00 | amplitude=1.9823e-02 | phase=1.5186e-02 | support=3.7708e+00
2026-08-18 06:43:04 | INFO    | TRAIN | epoch=039/100 | batch=00300/01563 ( 19.19%) | lr=3.125e-05 | elapsed=0:02:12 | eta=0:09:15
    losses | total=2.9106e+00 | fourier=2.9106e+00 | amplitude=1.6543e-02 | phase=1.6675e-02 | support=3.0599e+00
2026-08-18 06:43:26 | INFO    | TRAIN | epoch=039/100 | batch=00350/01563 ( 22.39%) | lr=3.125e-05 | elapsed=0:02:33 | eta=0:08:53
    losses | total=2.7447e+00 | fourier=2.7447e+00 | amplitude=1.6270e-02 | phase=1.4005e-02 | support=3.4746e+00
2026-08-18 06:43:48 | INFO    | TRAIN | epoch=039/100 | batch=00400/01563 ( 25.59%) | lr=3.125e-05 | elapsed=0:02:55 | eta=0:08:31
    losses | total=2.9714e+00 | fourier=2.9714e+00 | amplitude=1.9242e-02 | phase=2.0374e-02 | support=3.7196e+00
2026-08-18 06:44:10 | INFO    | TRAIN | epoch=039/100 | batch=00450/01563 ( 28.79%) | lr=3.125e-05 | elapsed=0:03:17 | eta=0:08:09
    losses | total=2.7296e+00 | fourier=2.7296e+00 | amplitude=1.6677e-02 | phase=1.5084e-02 | support=3.3257e+00
2026-08-18 06:44:32 | INFO    | TRAIN | epoch=039/100 | batch=00500/01563 ( 31.99%) | lr=3.125e-05 | elapsed=0:03:39 | eta=0:07:47
    losses | total=2.8363e+00 | fourier=2.8363e+00 | amplitude=1.8087e-02 | phase=2.0643e-02 | support=3.2558e+00
2026-08-18 06:44:54 | INFO    | TRAIN | epoch=039/100 | batch=00550/01563 ( 35.19%) | lr=3.125e-05 | elapsed=0:04:01 | eta=0:07:25
    losses | total=2.8498e+00 | fourier=2.8498e+00 | amplitude=1.9960e-02 | phase=1.9582e-02 | support=3.4500e+00
2026-08-18 06:45:16 | INFO    | TRAIN | epoch=039/100 | batch=00600/01563 ( 38.39%) | lr=3.125e-05 | elapsed=0:04:23 | eta=0:07:03
    losses | total=3.1477e+00 | fourier=3.1477e+00 | amplitude=1.9281e-02 | phase=2.0381e-02 | support=3.4560e+00
2026-08-18 06:45:38 | INFO    | TRAIN | epoch=039/100 | batch=00650/01563 ( 41.59%) | lr=3.125e-05 | elapsed=0:04:45 | eta=0:06:41
    losses | total=2.8233e+00 | fourier=2.8233e+00 | amplitude=1.9546e-02 | phase=1.4378e-02 | support=3.5418e+00
2026-08-18 06:46:00 | INFO    | TRAIN | epoch=039/100 | batch=00700/01563 ( 44.79%) | lr=3.125e-05 | elapsed=0:05:07 | eta=0:06:19
    losses | total=2.8233e+00 | fourier=2.8233e+00 | amplitude=2.0045e-02 | phase=2.1255e-02 | support=3.5909e+00
2026-08-18 06:46:22 | INFO    | TRAIN | epoch=039/100 | batch=00750/01563 ( 47.98%) | lr=3.125e-05 | elapsed=0:05:29 | eta=0:05:57
    losses | total=2.7177e+00 | fourier=2.7177e+00 | amplitude=1.7575e-02 | phase=1.8206e-02 | support=3.0818e+00
2026-08-18 06:46:44 | INFO    | TRAIN | epoch=039/100 | batch=00800/01563 ( 51.18%) | lr=3.125e-05 | elapsed=0:05:51 | eta=0:05:35
    losses | total=2.6754e+00 | fourier=2.6754e+00 | amplitude=2.0796e-02 | phase=1.4618e-02 | support=3.5706e+00
2026-08-18 06:47:06 | INFO    | TRAIN | epoch=039/100 | batch=00850/01563 ( 54.38%) | lr=3.125e-05 | elapsed=0:06:13 | eta=0:05:13
    losses | total=2.8075e+00 | fourier=2.8075e+00 | amplitude=2.0151e-02 | phase=1.6764e-02 | support=3.3524e+00
2026-08-18 06:47:28 | INFO    | TRAIN | epoch=039/100 | batch=00900/01563 ( 57.58%) | lr=3.125e-05 | elapsed=0:06:35 | eta=0:04:51
    losses | total=2.8495e+00 | fourier=2.8495e+00 | amplitude=1.8842e-02 | phase=1.5603e-02 | support=3.6424e+00
2026-08-18 06:47:50 | INFO    | TRAIN | epoch=039/100 | batch=00950/01563 ( 60.78%) | lr=3.125e-05 | elapsed=0:06:57 | eta=0:04:29
    losses | total=2.9055e+00 | fourier=2.9055e+00 | amplitude=2.1244e-02 | phase=1.7059e-02 | support=3.3940e+00
2026-08-18 06:48:12 | INFO    | TRAIN | epoch=039/100 | batch=01000/01563 ( 63.98%) | lr=3.125e-05 | elapsed=0:07:19 | eta=0:04:07
    losses | total=2.8116e+00 | fourier=2.8116e+00 | amplitude=2.3116e-02 | phase=1.7719e-02 | support=3.4313e+00
2026-08-18 06:48:34 | INFO    | TRAIN | epoch=039/100 | batch=01050/01563 ( 67.18%) | lr=3.125e-05 | elapsed=0:07:41 | eta=0:03:45
    losses | total=2.6112e+00 | fourier=2.6112e+00 | amplitude=1.7038e-02 | phase=1.5339e-02 | support=3.8026e+00
2026-08-18 06:48:56 | INFO    | TRAIN | epoch=039/100 | batch=01100/01563 ( 70.38%) | lr=3.125e-05 | elapsed=0:08:03 | eta=0:03:23
    losses | total=2.8466e+00 | fourier=2.8466e+00 | amplitude=1.9440e-02 | phase=1.6235e-02 | support=3.6264e+00
2026-08-18 06:49:18 | INFO    | TRAIN | epoch=039/100 | batch=01150/01563 ( 73.58%) | lr=3.125e-05 | elapsed=0:08:25 | eta=0:03:01
    losses | total=2.9942e+00 | fourier=2.9942e+00 | amplitude=2.1289e-02 | phase=2.5541e-02 | support=3.3286e+00
2026-08-18 06:49:40 | INFO    | TRAIN | epoch=039/100 | batch=01200/01563 ( 76.78%) | lr=3.125e-05 | elapsed=0:08:47 | eta=0:02:39
    losses | total=2.9710e+00 | fourier=2.9710e+00 | amplitude=2.0925e-02 | phase=1.9231e-02 | support=3.4792e+00
2026-08-18 06:50:02 | INFO    | TRAIN | epoch=039/100 | batch=01250/01563 ( 79.97%) | lr=3.125e-05 | elapsed=0:09:09 | eta=0:02:17
    losses | total=2.9829e+00 | fourier=2.9829e+00 | amplitude=2.1442e-02 | phase=1.7404e-02 | support=3.7265e+00
2026-08-18 06:50:24 | INFO    | TRAIN | epoch=039/100 | batch=01300/01563 ( 83.17%) | lr=3.125e-05 | elapsed=0:09:31 | eta=0:01:55
    losses | total=2.9054e+00 | fourier=2.9054e+00 | amplitude=1.9040e-02 | phase=1.6868e-02 | support=3.2550e+00
2026-08-18 06:50:46 | INFO    | TRAIN | epoch=039/100 | batch=01350/01563 ( 86.37%) | lr=3.125e-05 | elapsed=0:09:53 | eta=0:01:33
    losses | total=2.8250e+00 | fourier=2.8250e+00 | amplitude=1.6533e-02 | phase=1.4894e-02 | support=3.1191e+00
2026-08-18 06:51:08 | INFO    | TRAIN | epoch=039/100 | batch=01400/01563 ( 89.57%) | lr=3.125e-05 | elapsed=0:10:15 | eta=0:01:11
    losses | total=2.7485e+00 | fourier=2.7485e+00 | amplitude=1.6398e-02 | phase=1.4678e-02 | support=3.0785e+00
2026-08-18 06:51:30 | INFO    | TRAIN | epoch=039/100 | batch=01450/01563 ( 92.77%) | lr=3.125e-05 | elapsed=0:10:37 | eta=0:00:49
    losses | total=3.1121e+00 | fourier=3.1121e+00 | amplitude=2.0652e-02 | phase=2.0677e-02 | support=3.1660e+00
2026-08-18 06:51:52 | INFO    | TRAIN | epoch=039/100 | batch=01500/01563 ( 95.97%) | lr=3.125e-05 | elapsed=0:10:59 | eta=0:00:27
    losses | total=2.6865e+00 | fourier=2.6865e+00 | amplitude=1.6605e-02 | phase=1.6062e-02 | support=2.8540e+00
2026-08-18 06:52:14 | INFO    | TRAIN | epoch=039/100 | batch=01550/01563 ( 99.17%) | lr=3.125e-05 | elapsed=0:11:21 | eta=0:00:05
    losses | total=2.8485e+00 | fourier=2.8485e+00 | amplitude=1.8705e-02 | phase=1.4552e-02 | support=3.2903e+00
2026-08-18 06:52:19 | INFO    | TRAIN | epoch=039/100 | batch=01563/01563 (100.00%) | lr=3.125e-05 | elapsed=0:11:26 | eta=0:00:00
    losses | total=2.7789e+00 | fourier=2.7789e+00 | amplitude=2.1169e-02 | phase=1.1873e-02 | support=3.6621e+00
2026-08-18 06:52:20 | INFO    | TRAIN epoch 039 complete | batches=1563 | samples=25000 | time=0:11:27
2026-08-18 06:52:25 | INFO    | VAL | epoch=039/100 | batch=00050/00313 ( 15.97%) | elapsed=0:00:05 | eta=0:00:28
    losses | total=4.2495e+00 | fourier=4.2495e+00 | amplitude=1.9920e-02 | phase=2.0366e-02 | support=3.4382e+00
2026-08-18 06:52:31 | INFO    | VAL | epoch=039/100 | batch=00100/00313 ( 31.95%) | elapsed=0:00:10 | eta=0:00:22
    losses | total=3.3836e+00 | fourier=3.3836e+00 | amplitude=2.0761e-02 | phase=1.5582e-02 | support=3.6091e+00
2026-08-18 06:52:36 | INFO    | VAL | epoch=039/100 | batch=00150/00313 ( 47.92%) | elapsed=0:00:15 | eta=0:00:17
    losses | total=3.7523e+00 | fourier=3.7523e+00 | amplitude=1.8522e-02 | phase=1.6446e-02 | support=3.2796e+00
2026-08-18 06:52:41 | INFO    | VAL | epoch=039/100 | batch=00200/00313 ( 63.90%) | elapsed=0:00:21 | eta=0:00:11
    losses | total=3.8766e+00 | fourier=3.8766e+00 | amplitude=1.9343e-02 | phase=1.5532e-02 | support=3.5328e+00
2026-08-18 06:52:46 | INFO    | VAL | epoch=039/100 | batch=00250/00313 ( 79.87%) | elapsed=0:00:26 | eta=0:00:06
    losses | total=3.7344e+00 | fourier=3.7344e+00 | amplitude=2.0626e-02 | phase=2.1096e-02 | support=3.3286e+00
2026-08-18 06:52:51 | INFO    | VAL | epoch=039/100 | batch=00300/00313 ( 95.85%) | elapsed=0:00:31 | eta=0:00:01
    losses | total=3.5877e+00 | fourier=3.5877e+00 | amplitude=2.0873e-02 | phase=2.0355e-02 | support=3.3057e+00
2026-08-18 06:52:53 | INFO    | VAL | epoch=039/100 | batch=00313/00313 (100.00%) | elapsed=0:00:32 | eta=0:00:00
    losses | total=3.9421e+00 | fourier=3.9421e+00 | amplitude=1.7688e-02 | phase=1.6932e-02 | support=3.1035e+00
2026-08-18 06:52:53 | INFO    | VAL epoch 039 complete | batches=313 | samples=5000 | time=0:00:32
2026-08-18 06:52:53 | INFO    | Cross-skip strengths | 8/phase_to_amp=+4.7201e-03 | 8/amp_to_phase=-3.1783e-02 | 16/phase_to_amp=-1.6564e-02 | 16/amp_to_phase=+9.0858e-02
2026-08-18 06:52:53 | INFO    | 
------------------------------------------------------------------------------------------------
Epoch 039/100 summary
split             total      fourier    amplitude        phase      support        time
train        2.8910e+00   2.8910e+00   1.9469e-02   1.7396e-02   3.4504e+00     0:11:27
validation   3.6939e+00   3.6939e+00   1.9484e-02   1.7515e-02   3.4351e+00     0:00:32
lr=3.125e-05 | best_val=3.6927e+00 | best_updated=no | periodic_checkpoint=no
------------------------------------------------------------------------------------------------
2026-08-18 06:53:15 | INFO    | TRAIN | epoch=040/100 | batch=00050/01563 (  3.20%) | lr=3.125e-05 | elapsed=0:00:22 | eta=0:11:10
    losses | total=2.9122e+00 | fourier=2.9122e+00 | amplitude=2.0972e-02 | phase=1.5961e-02 | support=3.4688e+00
2026-08-18 06:53:37 | INFO    | TRAIN | epoch=040/100 | batch=00100/01563 (  6.40%) | lr=3.125e-05 | elapsed=0:00:44 | eta=0:10:45
    losses | total=2.9654e+00 | fourier=2.9654e+00 | amplitude=2.0421e-02 | phase=1.7209e-02 | support=3.4757e+00
2026-08-18 06:53:59 | INFO    | TRAIN | epoch=040/100 | batch=00150/01563 (  9.60%) | lr=3.125e-05 | elapsed=0:01:06 | eta=0:10:22
    losses | total=2.8271e+00 | fourier=2.8271e+00 | amplitude=1.6393e-02 | phase=1.8497e-02 | support=3.0627e+00
2026-08-18 06:54:21 | INFO    | TRAIN | epoch=040/100 | batch=00200/01563 ( 12.80%) | lr=3.125e-05 | elapsed=0:01:28 | eta=0:10:00
    losses | total=2.7168e+00 | fourier=2.7168e+00 | amplitude=1.7556e-02 | phase=1.5671e-02 | support=3.5638e+00
2026-08-18 06:54:44 | INFO    | TRAIN | epoch=040/100 | batch=00250/01563 ( 15.99%) | lr=3.125e-05 | elapsed=0:01:51 | eta=0:09:43
    losses | total=3.0158e+00 | fourier=3.0158e+00 | amplitude=2.1084e-02 | phase=1.8775e-02 | support=3.3268e+00
2026-08-18 06:55:06 | INFO    | TRAIN | epoch=040/100 | batch=00300/01563 ( 19.19%) | lr=3.125e-05 | elapsed=0:02:12 | eta=0:09:19
    losses | total=2.8513e+00 | fourier=2.8513e+00 | amplitude=2.2489e-02 | phase=1.8724e-02 | support=3.4506e+00
2026-08-18 06:55:28 | INFO    | TRAIN | epoch=040/100 | batch=00350/01563 ( 22.39%) | lr=3.125e-05 | elapsed=0:02:34 | eta=0:08:56
    losses | total=2.7290e+00 | fourier=2.7290e+00 | amplitude=2.0089e-02 | phase=1.6000e-02 | support=3.6049e+00
2026-08-18 06:55:50 | INFO    | TRAIN | epoch=040/100 | batch=00400/01563 ( 25.59%) | lr=3.125e-05 | elapsed=0:02:56 | eta=0:08:34
    losses | total=2.7308e+00 | fourier=2.7308e+00 | amplitude=2.1979e-02 | phase=1.6490e-02 | support=3.8663e+00
2026-08-18 06:56:12 | INFO    | TRAIN | epoch=040/100 | batch=00450/01563 ( 28.79%) | lr=3.125e-05 | elapsed=0:03:18 | eta=0:08:11
    losses | total=2.7187e+00 | fourier=2.7187e+00 | amplitude=1.9435e-02 | phase=1.3782e-02 | support=3.6564e+00
2026-08-18 06:56:34 | INFO    | TRAIN | epoch=040/100 | batch=00500/01563 ( 31.99%) | lr=3.125e-05 | elapsed=0:03:40 | eta=0:07:49
    losses | total=2.8814e+00 | fourier=2.8814e+00 | amplitude=1.8416e-02 | phase=1.7668e-02 | support=3.4557e+00
2026-08-18 06:56:56 | INFO    | TRAIN | epoch=040/100 | batch=00550/01563 ( 35.19%) | lr=3.125e-05 | elapsed=0:04:02 | eta=0:07:26
    losses | total=2.8739e+00 | fourier=2.8739e+00 | amplitude=1.7397e-02 | phase=1.3026e-02 | support=3.2019e+00
2026-08-18 06:57:18 | INFO    | TRAIN | epoch=040/100 | batch=00600/01563 ( 38.39%) | lr=3.125e-05 | elapsed=0:04:24 | eta=0:07:04
    losses | total=2.8491e+00 | fourier=2.8491e+00 | amplitude=2.0444e-02 | phase=1.7309e-02 | support=3.5655e+00
2026-08-18 06:57:40 | INFO    | TRAIN | epoch=040/100 | batch=00650/01563 ( 41.59%) | lr=3.125e-05 | elapsed=0:04:46 | eta=0:06:42
    losses | total=2.7959e+00 | fourier=2.7959e+00 | amplitude=1.7471e-02 | phase=1.7129e-02 | support=3.4788e+00
2026-08-18 06:58:02 | INFO    | TRAIN | epoch=040/100 | batch=00700/01563 ( 44.79%) | lr=3.125e-05 | elapsed=0:05:08 | eta=0:06:20
    losses | total=2.8925e+00 | fourier=2.8925e+00 | amplitude=2.1051e-02 | phase=1.9988e-02 | support=3.7364e+00
2026-08-18 06:58:23 | INFO    | TRAIN | epoch=040/100 | batch=00750/01563 ( 47.98%) | lr=3.125e-05 | elapsed=0:05:30 | eta=0:05:58
    losses | total=2.9114e+00 | fourier=2.9114e+00 | amplitude=2.0120e-02 | phase=1.7446e-02 | support=3.3238e+00
2026-08-18 06:58:45 | INFO    | TRAIN | epoch=040/100 | batch=00800/01563 ( 51.18%) | lr=3.125e-05 | elapsed=0:05:52 | eta=0:05:36
    losses | total=3.0156e+00 | fourier=3.0156e+00 | amplitude=1.8245e-02 | phase=1.9387e-02 | support=3.6541e+00
2026-08-18 06:59:07 | INFO    | TRAIN | epoch=040/100 | batch=00850/01563 ( 54.38%) | lr=3.125e-05 | elapsed=0:06:14 | eta=0:05:14
    losses | total=2.8302e+00 | fourier=2.8302e+00 | amplitude=1.9959e-02 | phase=1.8987e-02 | support=3.4319e+00
2026-08-18 06:59:29 | INFO    | TRAIN | epoch=040/100 | batch=00900/01563 ( 57.58%) | lr=3.125e-05 | elapsed=0:06:36 | eta=0:04:51
    losses | total=2.9633e+00 | fourier=2.9633e+00 | amplitude=2.1157e-02 | phase=1.6966e-02 | support=3.5850e+00
2026-08-18 06:59:51 | INFO    | TRAIN | epoch=040/100 | batch=00950/01563 ( 60.78%) | lr=3.125e-05 | elapsed=0:06:58 | eta=0:04:29
    losses | total=2.8853e+00 | fourier=2.8853e+00 | amplitude=1.9991e-02 | phase=1.9843e-02 | support=3.1663e+00
2026-08-18 07:00:13 | INFO    | TRAIN | epoch=040/100 | batch=01000/01563 ( 63.98%) | lr=3.125e-05 | elapsed=0:07:20 | eta=0:04:07
    losses | total=3.0349e+00 | fourier=3.0349e+00 | amplitude=1.7500e-02 | phase=1.9725e-02 | support=3.3336e+00
2026-08-18 07:00:35 | INFO    | TRAIN | epoch=040/100 | batch=01050/01563 ( 67.18%) | lr=3.125e-05 | elapsed=0:07:42 | eta=0:03:45
    losses | total=2.9823e+00 | fourier=2.9823e+00 | amplitude=1.8721e-02 | phase=1.9589e-02 | support=3.2176e+00
2026-08-18 07:00:57 | INFO    | TRAIN | epoch=040/100 | batch=01100/01563 ( 70.38%) | lr=3.125e-05 | elapsed=0:08:04 | eta=0:03:23
    losses | total=2.9117e+00 | fourier=2.9117e+00 | amplitude=2.1042e-02 | phase=2.0965e-02 | support=3.4834e+00
2026-08-18 07:01:19 | INFO    | TRAIN | epoch=040/100 | batch=01150/01563 ( 73.58%) | lr=3.125e-05 | elapsed=0:08:26 | eta=0:03:01
    losses | total=3.0490e+00 | fourier=3.0490e+00 | amplitude=1.9224e-02 | phase=2.3460e-02 | support=3.2912e+00
2026-08-18 07:01:41 | INFO    | TRAIN | epoch=040/100 | batch=01200/01563 ( 76.78%) | lr=3.125e-05 | elapsed=0:08:47 | eta=0:02:39
    losses | total=2.9397e+00 | fourier=2.9397e+00 | amplitude=1.6885e-02 | phase=1.5933e-02 | support=3.5620e+00
2026-08-18 07:02:03 | INFO    | TRAIN | epoch=040/100 | batch=01250/01563 ( 79.97%) | lr=3.125e-05 | elapsed=0:09:09 | eta=0:02:17
    losses | total=2.9015e+00 | fourier=2.9015e+00 | amplitude=1.8045e-02 | phase=2.2487e-02 | support=3.3735e+00
2026-08-18 07:02:25 | INFO    | TRAIN | epoch=040/100 | batch=01300/01563 ( 83.17%) | lr=3.125e-05 | elapsed=0:09:31 | eta=0:01:55
    losses | total=2.6978e+00 | fourier=2.6978e+00 | amplitude=1.5951e-02 | phase=1.0138e-02 | support=3.6427e+00
2026-08-18 07:02:47 | INFO    | TRAIN | epoch=040/100 | batch=01350/01563 ( 86.37%) | lr=3.125e-05 | elapsed=0:09:53 | eta=0:01:33
    losses | total=2.8940e+00 | fourier=2.8940e+00 | amplitude=2.1086e-02 | phase=2.0537e-02 | support=3.3570e+00
2026-08-18 07:03:09 | INFO    | TRAIN | epoch=040/100 | batch=01400/01563 ( 89.57%) | lr=3.125e-05 | elapsed=0:10:15 | eta=0:01:11
    losses | total=3.1257e+00 | fourier=3.1257e+00 | amplitude=2.0311e-02 | phase=2.4629e-02 | support=3.4087e+00
2026-08-18 07:03:31 | INFO    | TRAIN | epoch=040/100 | batch=01450/01563 ( 92.77%) | lr=3.125e-05 | elapsed=0:10:37 | eta=0:00:49
    losses | total=2.8469e+00 | fourier=2.8469e+00 | amplitude=2.3324e-02 | phase=1.7556e-02 | support=3.6814e+00
2026-08-18 07:03:53 | INFO    | TRAIN | epoch=040/100 | batch=01500/01563 ( 95.97%) | lr=3.125e-05 | elapsed=0:10:59 | eta=0:00:27
    losses | total=2.6877e+00 | fourier=2.6877e+00 | amplitude=2.0110e-02 | phase=1.3059e-02 | support=4.0366e+00
2026-08-18 07:04:15 | INFO    | TRAIN | epoch=040/100 | batch=01550/01563 ( 99.17%) | lr=3.125e-05 | elapsed=0:11:21 | eta=0:00:05
    losses | total=2.8672e+00 | fourier=2.8672e+00 | amplitude=2.0199e-02 | phase=2.4442e-02 | support=3.2576e+00
2026-08-18 07:04:20 | INFO    | TRAIN | epoch=040/100 | batch=01563/01563 (100.00%) | lr=3.125e-05 | elapsed=0:11:27 | eta=0:00:00
    losses | total=3.2873e+00 | fourier=3.2873e+00 | amplitude=2.1773e-02 | phase=1.7771e-02 | support=3.4090e+00
2026-08-18 07:04:20 | INFO    | TRAIN epoch 040 complete | batches=1563 | samples=25000 | time=0:11:27
2026-08-18 07:04:26 | INFO    | VAL | epoch=040/100 | batch=00050/00313 ( 15.97%) | elapsed=0:00:05 | eta=0:00:29
    losses | total=4.2532e+00 | fourier=4.2532e+00 | amplitude=1.9894e-02 | phase=2.0294e-02 | support=3.4507e+00
2026-08-18 07:04:31 | INFO    | VAL | epoch=040/100 | batch=00100/00313 ( 31.95%) | elapsed=0:00:10 | eta=0:00:22
    losses | total=3.3834e+00 | fourier=3.3834e+00 | amplitude=2.0730e-02 | phase=1.5481e-02 | support=3.6231e+00
2026-08-18 07:04:36 | INFO    | VAL | epoch=040/100 | batch=00150/00313 ( 47.92%) | elapsed=0:00:15 | eta=0:00:17
    losses | total=3.7460e+00 | fourier=3.7460e+00 | amplitude=1.8511e-02 | phase=1.6321e-02 | support=3.2929e+00
2026-08-18 07:04:42 | INFO    | VAL | epoch=040/100 | batch=00200/00313 ( 63.90%) | elapsed=0:00:21 | eta=0:00:11
    losses | total=3.8906e+00 | fourier=3.8906e+00 | amplitude=1.9313e-02 | phase=1.5413e-02 | support=3.5496e+00
2026-08-18 07:04:47 | INFO    | VAL | epoch=040/100 | batch=00250/00313 ( 79.87%) | elapsed=0:00:26 | eta=0:00:06
    losses | total=3.7359e+00 | fourier=3.7359e+00 | amplitude=2.0617e-02 | phase=2.0980e-02 | support=3.3454e+00
2026-08-18 07:04:52 | INFO    | VAL | epoch=040/100 | batch=00300/00313 ( 95.85%) | elapsed=0:00:31 | eta=0:00:01
    losses | total=3.5822e+00 | fourier=3.5822e+00 | amplitude=2.0870e-02 | phase=2.0253e-02 | support=3.3213e+00
2026-08-18 07:04:53 | INFO    | VAL | epoch=040/100 | batch=00313/00313 (100.00%) | elapsed=0:00:33 | eta=0:00:00
    losses | total=3.9378e+00 | fourier=3.9378e+00 | amplitude=1.7634e-02 | phase=1.6764e-02 | support=3.1165e+00
2026-08-18 07:04:54 | INFO    | VAL epoch 040 complete | batches=313 | samples=5000 | time=0:00:33
2026-08-18 07:04:54 | INFO    | Cross-skip strengths | 8/phase_to_amp=+5.1226e-03 | 8/amp_to_phase=-3.1439e-02 | 16/phase_to_amp=-1.6522e-02 | 16/amp_to_phase=+9.1137e-02
2026-08-18 07:04:54 | INFO    | 
------------------------------------------------------------------------------------------------
Epoch 040/100 summary
split             total      fourier    amplitude        phase      support        time
train        2.8908e+00   2.8908e+00   1.9469e-02   1.7391e-02   3.4506e+00     0:11:27
validation   3.6960e+00   3.6960e+00   1.9457e-02   1.7425e-02   3.4489e+00     0:00:33
lr=3.125e-05 | best_val=3.6927e+00 | best_updated=no | periodic_checkpoint=yes
------------------------------------------------------------------------------------------------
2026-08-18 07:05:16 | INFO    | TRAIN | epoch=041/100 | batch=00050/01563 (  3.20%) | lr=3.125e-05 | elapsed=0:00:22 | eta=0:11:10
    losses | total=2.8608e+00 | fourier=2.8608e+00 | amplitude=1.9362e-02 | phase=1.7861e-02 | support=3.5203e+00
2026-08-18 07:05:38 | INFO    | TRAIN | epoch=041/100 | batch=00100/01563 (  6.40%) | lr=3.125e-05 | elapsed=0:00:44 | eta=0:10:45
    losses | total=2.8283e+00 | fourier=2.8283e+00 | amplitude=1.9540e-02 | phase=2.0607e-02 | support=3.6370e+00
2026-08-18 07:06:00 | INFO    | TRAIN | epoch=041/100 | batch=00150/01563 (  9.60%) | lr=3.125e-05 | elapsed=0:01:06 | eta=0:10:22
    losses | total=2.8966e+00 | fourier=2.8966e+00 | amplitude=1.7294e-02 | phase=1.8294e-02 | support=2.9936e+00
2026-08-18 07:06:22 | INFO    | TRAIN | epoch=041/100 | batch=00200/01563 ( 12.80%) | lr=3.125e-05 | elapsed=0:01:28 | eta=0:10:00
    losses | total=2.8258e+00 | fourier=2.8258e+00 | amplitude=2.0865e-02 | phase=1.2376e-02 | support=4.1012e+00
2026-08-18 07:06:44 | INFO    | TRAIN | epoch=041/100 | batch=00250/01563 ( 15.99%) | lr=3.125e-05 | elapsed=0:01:49 | eta=0:09:37
    losses | total=2.6571e+00 | fourier=2.6571e+00 | amplitude=1.9864e-02 | phase=1.5945e-02 | support=3.3732e+00
2026-08-18 07:07:06 | INFO    | TRAIN | epoch=041/100 | batch=00300/01563 ( 19.19%) | lr=3.125e-05 | elapsed=0:02:11 | eta=0:09:15
    losses | total=2.7704e+00 | fourier=2.7704e+00 | amplitude=1.7704e-02 | phase=1.5189e-02 | support=3.3156e+00
2026-08-18 07:07:28 | INFO    | TRAIN | epoch=041/100 | batch=00350/01563 ( 22.39%) | lr=3.125e-05 | elapsed=0:02:33 | eta=0:08:53
    losses | total=2.8842e+00 | fourier=2.8842e+00 | amplitude=1.9126e-02 | phase=1.5146e-02 | support=3.4132e+00
2026-08-18 07:07:50 | INFO    | TRAIN | epoch=041/100 | batch=00400/01563 ( 25.59%) | lr=3.125e-05 | elapsed=0:02:55 | eta=0:08:31
    losses | total=2.8788e+00 | fourier=2.8788e+00 | amplitude=2.0596e-02 | phase=1.8166e-02 | support=3.1312e+00
2026-08-18 07:08:12 | INFO    | TRAIN | epoch=041/100 | batch=00450/01563 ( 28.79%) | lr=3.125e-05 | elapsed=0:03:17 | eta=0:08:09
    losses | total=2.9195e+00 | fourier=2.9195e+00 | amplitude=1.8082e-02 | phase=1.6416e-02 | support=3.8193e+00
2026-08-18 07:08:34 | INFO    | TRAIN | epoch=041/100 | batch=00500/01563 ( 31.99%) | lr=3.125e-05 | elapsed=0:03:39 | eta=0:07:47
    losses | total=3.2740e+00 | fourier=3.2740e+00 | amplitude=1.9278e-02 | phase=2.2185e-02 | support=3.6968e+00
2026-08-18 07:08:56 | INFO    | TRAIN | epoch=041/100 | batch=00550/01563 ( 35.19%) | lr=3.125e-05 | elapsed=0:04:01 | eta=0:07:24
    losses | total=2.8028e+00 | fourier=2.8028e+00 | amplitude=1.7862e-02 | phase=1.6378e-02 | support=3.3366e+00
2026-08-18 07:09:18 | INFO    | TRAIN | epoch=041/100 | batch=00600/01563 ( 38.39%) | lr=3.125e-05 | elapsed=0:04:23 | eta=0:07:02
    losses | total=3.0187e+00 | fourier=3.0187e+00 | amplitude=1.9230e-02 | phase=1.3849e-02 | support=3.3413e+00
2026-08-18 07:09:40 | INFO    | TRAIN | epoch=041/100 | batch=00650/01563 ( 41.59%) | lr=3.125e-05 | elapsed=0:04:45 | eta=0:06:40
    losses | total=2.7313e+00 | fourier=2.7313e+00 | amplitude=1.9056e-02 | phase=1.4010e-02 | support=3.9606e+00
2026-08-18 07:10:02 | INFO    | TRAIN | epoch=041/100 | batch=00700/01563 ( 44.79%) | lr=3.125e-05 | elapsed=0:05:07 | eta=0:06:18
    losses | total=3.1088e+00 | fourier=3.1088e+00 | amplitude=2.1391e-02 | phase=2.0895e-02 | support=3.0607e+00
2026-08-18 07:10:24 | INFO    | TRAIN | epoch=041/100 | batch=00750/01563 ( 47.98%) | lr=3.125e-05 | elapsed=0:05:29 | eta=0:05:57
    losses | total=2.9320e+00 | fourier=2.9320e+00 | amplitude=1.9891e-02 | phase=1.9505e-02 | support=3.5384e+00
2026-08-18 07:10:46 | INFO    | TRAIN | epoch=041/100 | batch=00800/01563 ( 51.18%) | lr=3.125e-05 | elapsed=0:05:51 | eta=0:05:35
    losses | total=2.7142e+00 | fourier=2.7142e+00 | amplitude=1.7709e-02 | phase=1.3534e-02 | support=3.6053e+00
2026-08-18 07:11:07 | INFO    | TRAIN | epoch=041/100 | batch=00850/01563 ( 54.38%) | lr=3.125e-05 | elapsed=0:06:13 | eta=0:05:13
    losses | total=2.9223e+00 | fourier=2.9223e+00 | amplitude=2.1515e-02 | phase=1.9225e-02 | support=3.7728e+00
2026-08-18 07:11:29 | INFO    | TRAIN | epoch=041/100 | batch=00900/01563 ( 57.58%) | lr=3.125e-05 | elapsed=0:06:35 | eta=0:04:51
    losses | total=3.0275e+00 | fourier=3.0275e+00 | amplitude=2.1186e-02 | phase=2.0073e-02 | support=3.6541e+00
2026-08-18 07:11:51 | INFO    | TRAIN | epoch=041/100 | batch=00950/01563 ( 60.78%) | lr=3.125e-05 | elapsed=0:06:57 | eta=0:04:29
    losses | total=2.7334e+00 | fourier=2.7334e+00 | amplitude=2.2658e-02 | phase=1.7882e-02 | support=3.7011e+00
2026-08-18 07:12:13 | INFO    | TRAIN | epoch=041/100 | batch=01000/01563 ( 63.98%) | lr=3.125e-05 | elapsed=0:07:19 | eta=0:04:07
    losses | total=2.8138e+00 | fourier=2.8138e+00 | amplitude=2.0204e-02 | phase=1.6754e-02 | support=3.1000e+00
2026-08-18 07:12:35 | INFO    | TRAIN | epoch=041/100 | batch=01050/01563 ( 67.18%) | lr=3.125e-05 | elapsed=0:07:41 | eta=0:03:45
    losses | total=2.7248e+00 | fourier=2.7248e+00 | amplitude=2.1805e-02 | phase=1.6326e-02 | support=4.0472e+00
2026-08-18 07:12:57 | INFO    | TRAIN | epoch=041/100 | batch=01100/01563 ( 70.38%) | lr=3.125e-05 | elapsed=0:08:02 | eta=0:03:23
    losses | total=2.6869e+00 | fourier=2.6869e+00 | amplitude=1.6711e-02 | phase=1.3163e-02 | support=3.4241e+00
2026-08-18 07:13:19 | INFO    | TRAIN | epoch=041/100 | batch=01150/01563 ( 73.58%) | lr=3.125e-05 | elapsed=0:08:24 | eta=0:03:01
    losses | total=2.8750e+00 | fourier=2.8750e+00 | amplitude=1.8903e-02 | phase=1.5201e-02 | support=3.8414e+00
2026-08-18 07:13:41 | INFO    | TRAIN | epoch=041/100 | batch=01200/01563 ( 76.78%) | lr=3.125e-05 | elapsed=0:08:46 | eta=0:02:39
    losses | total=2.9564e+00 | fourier=2.9564e+00 | amplitude=1.8343e-02 | phase=1.8519e-02 | support=3.5519e+00
2026-08-18 07:14:03 | INFO    | TRAIN | epoch=041/100 | batch=01250/01563 ( 79.97%) | lr=3.125e-05 | elapsed=0:09:08 | eta=0:02:17
    losses | total=2.7506e+00 | fourier=2.7506e+00 | amplitude=1.7334e-02 | phase=1.5843e-02 | support=3.6018e+00
2026-08-18 07:14:25 | INFO    | TRAIN | epoch=041/100 | batch=01300/01563 ( 83.17%) | lr=3.125e-05 | elapsed=0:09:30 | eta=0:01:55
    losses | total=2.9780e+00 | fourier=2.9780e+00 | amplitude=1.7754e-02 | phase=1.9560e-02 | support=3.1480e+00
2026-08-18 07:14:47 | INFO    | TRAIN | epoch=041/100 | batch=01350/01563 ( 86.37%) | lr=3.125e-05 | elapsed=0:09:52 | eta=0:01:33
    losses | total=2.6982e+00 | fourier=2.6982e+00 | amplitude=2.0062e-02 | phase=1.3969e-02 | support=3.8821e+00
2026-08-18 07:15:09 | INFO    | TRAIN | epoch=041/100 | batch=01400/01563 ( 89.57%) | lr=3.125e-05 | elapsed=0:10:14 | eta=0:01:11
    losses | total=2.7295e+00 | fourier=2.7295e+00 | amplitude=1.7354e-02 | phase=1.5800e-02 | support=3.2807e+00
2026-08-18 07:15:31 | INFO    | TRAIN | epoch=041/100 | batch=01450/01563 ( 92.77%) | lr=3.125e-05 | elapsed=0:10:36 | eta=0:00:49
    losses | total=2.6377e+00 | fourier=2.6377e+00 | amplitude=1.9725e-02 | phase=1.4149e-02 | support=3.5055e+00
2026-08-18 07:15:53 | INFO    | TRAIN | epoch=041/100 | batch=01500/01563 ( 95.97%) | lr=3.125e-05 | elapsed=0:10:58 | eta=0:00:27
    losses | total=2.6992e+00 | fourier=2.6992e+00 | amplitude=1.4721e-02 | phase=1.3014e-02 | support=3.6248e+00
2026-08-18 07:16:15 | INFO    | TRAIN | epoch=041/100 | batch=01550/01563 ( 99.17%) | lr=3.125e-05 | elapsed=0:11:20 | eta=0:00:05
    losses | total=2.8379e+00 | fourier=2.8379e+00 | amplitude=2.0114e-02 | phase=1.6172e-02 | support=3.2668e+00
2026-08-18 07:16:20 | INFO    | TRAIN | epoch=041/100 | batch=01563/01563 (100.00%) | lr=3.125e-05 | elapsed=0:11:25 | eta=0:00:00
    losses | total=2.9830e+00 | fourier=2.9830e+00 | amplitude=2.1950e-02 | phase=1.9787e-02 | support=2.8844e+00
2026-08-18 07:16:20 | INFO    | TRAIN epoch 041 complete | batches=1563 | samples=25000 | time=0:11:26
2026-08-18 07:16:26 | INFO    | VAL | epoch=041/100 | batch=00050/00313 ( 15.97%) | elapsed=0:00:05 | eta=0:00:28
    losses | total=4.2500e+00 | fourier=4.2500e+00 | amplitude=1.9882e-02 | phase=2.0311e-02 | support=3.4479e+00
2026-08-18 07:16:31 | INFO    | VAL | epoch=041/100 | batch=00100/00313 ( 31.95%) | elapsed=0:00:10 | eta=0:00:22
    losses | total=3.3812e+00 | fourier=3.3812e+00 | amplitude=2.0733e-02 | phase=1.5501e-02 | support=3.6221e+00
2026-08-18 07:16:36 | INFO    | VAL | epoch=041/100 | batch=00150/00313 ( 47.92%) | elapsed=0:00:15 | eta=0:00:17
    losses | total=3.7534e+00 | fourier=3.7534e+00 | amplitude=1.8511e-02 | phase=1.6360e-02 | support=3.2929e+00
2026-08-18 07:16:42 | INFO    | VAL | epoch=041/100 | batch=00200/00313 ( 63.90%) | elapsed=0:00:21 | eta=0:00:11
    losses | total=3.8898e+00 | fourier=3.8898e+00 | amplitude=1.9329e-02 | phase=1.5442e-02 | support=3.5499e+00
2026-08-18 07:16:47 | INFO    | VAL | epoch=041/100 | batch=00250/00313 ( 79.87%) | elapsed=0:00:26 | eta=0:00:06
    losses | total=3.7318e+00 | fourier=3.7318e+00 | amplitude=2.0622e-02 | phase=2.1036e-02 | support=3.3441e+00
2026-08-18 07:16:52 | INFO    | VAL | epoch=041/100 | batch=00300/00313 ( 95.85%) | elapsed=0:00:31 | eta=0:00:01
    losses | total=3.5817e+00 | fourier=3.5817e+00 | amplitude=2.0864e-02 | phase=2.0278e-02 | support=3.3173e+00
2026-08-18 07:16:53 | INFO    | VAL | epoch=041/100 | batch=00313/00313 (100.00%) | elapsed=0:00:32 | eta=0:00:00
    losses | total=3.9300e+00 | fourier=3.9300e+00 | amplitude=1.7631e-02 | phase=1.6814e-02 | support=3.1113e+00
2026-08-18 07:16:53 | INFO    | VAL epoch 041 complete | batches=313 | samples=5000 | time=0:00:33
2026-08-18 07:16:53 | INFO    | Cross-skip strengths | 8/phase_to_amp=+5.2232e-03 | 8/amp_to_phase=-3.1871e-02 | 16/phase_to_amp=-1.6656e-02 | 16/amp_to_phase=+9.1402e-02
2026-08-18 07:16:54 | INFO    | 
------------------------------------------------------------------------------------------------
Epoch 041/100 summary
split             total      fourier    amplitude        phase      support        time
train        2.8907e+00   2.8907e+00   1.9470e-02   1.7389e-02   3.4519e+00     0:11:26
validation   3.6941e+00   3.6941e+00   1.9461e-02   1.7448e-02   3.4479e+00     0:00:33
lr=3.125e-05 | best_val=3.6927e+00 | best_updated=no | periodic_checkpoint=no
------------------------------------------------------------------------------------------------
2026-08-18 07:17:16 | INFO    | TRAIN | epoch=042/100 | batch=00050/01563 (  3.20%) | lr=3.125e-05 | elapsed=0:00:22 | eta=0:11:13
    losses | total=3.0806e+00 | fourier=3.0806e+00 | amplitude=2.0326e-02 | phase=2.1299e-02 | support=3.3611e+00
2026-08-18 07:17:38 | INFO    | TRAIN | epoch=042/100 | batch=00100/01563 (  6.40%) | lr=3.125e-05 | elapsed=0:00:44 | eta=0:10:47
    losses | total=2.8597e+00 | fourier=2.8597e+00 | amplitude=1.7737e-02 | phase=1.5740e-02 | support=3.6859e+00
2026-08-18 07:18:00 | INFO    | TRAIN | epoch=042/100 | batch=00150/01563 (  9.60%) | lr=3.125e-05 | elapsed=0:01:06 | eta=0:10:23
    losses | total=3.1071e+00 | fourier=3.1071e+00 | amplitude=1.6415e-02 | phase=2.0811e-02 | support=3.2271e+00
2026-08-18 07:18:22 | INFO    | TRAIN | epoch=042/100 | batch=00200/01563 ( 12.80%) | lr=3.125e-05 | elapsed=0:01:28 | eta=0:10:01
    losses | total=2.8486e+00 | fourier=2.8486e+00 | amplitude=2.0802e-02 | phase=1.4000e-02 | support=3.4697e+00
2026-08-18 07:18:44 | INFO    | TRAIN | epoch=042/100 | batch=00250/01563 ( 15.99%) | lr=3.125e-05 | elapsed=0:01:50 | eta=0:09:38
    losses | total=2.9934e+00 | fourier=2.9934e+00 | amplitude=2.0288e-02 | phase=1.9883e-02 | support=3.3629e+00
2026-08-18 07:19:06 | INFO    | TRAIN | epoch=042/100 | batch=00300/01563 ( 19.19%) | lr=3.125e-05 | elapsed=0:02:12 | eta=0:09:16
    losses | total=2.9877e+00 | fourier=2.9877e+00 | amplitude=1.9548e-02 | phase=1.7409e-02 | support=3.5440e+00
2026-08-18 07:19:28 | INFO    | TRAIN | epoch=042/100 | batch=00350/01563 ( 22.39%) | lr=3.125e-05 | elapsed=0:02:34 | eta=0:08:54
    losses | total=3.3180e+00 | fourier=3.3180e+00 | amplitude=2.1015e-02 | phase=1.5938e-02 | support=3.4374e+00
2026-08-18 07:19:50 | INFO    | TRAIN | epoch=042/100 | batch=00400/01563 ( 25.59%) | lr=3.125e-05 | elapsed=0:02:56 | eta=0:08:32
    losses | total=2.7498e+00 | fourier=2.7498e+00 | amplitude=2.0754e-02 | phase=1.4311e-02 | support=3.3985e+00
2026-08-18 07:20:12 | INFO    | TRAIN | epoch=042/100 | batch=00450/01563 ( 28.79%) | lr=3.125e-05 | elapsed=0:03:18 | eta=0:08:09
    losses | total=2.7581e+00 | fourier=2.7581e+00 | amplitude=1.8664e-02 | phase=1.5990e-02 | support=3.6599e+00
2026-08-18 07:20:34 | INFO    | TRAIN | epoch=042/100 | batch=00500/01563 ( 31.99%) | lr=3.125e-05 | elapsed=0:03:40 | eta=0:07:47
    losses | total=2.7430e+00 | fourier=2.7430e+00 | amplitude=1.7351e-02 | phase=1.5171e-02 | support=3.2434e+00
2026-08-18 07:20:56 | INFO    | TRAIN | epoch=042/100 | batch=00550/01563 ( 35.19%) | lr=3.125e-05 | elapsed=0:04:02 | eta=0:07:25
    losses | total=2.8866e+00 | fourier=2.8866e+00 | amplitude=2.4274e-02 | phase=1.6638e-02 | support=4.0698e+00
2026-08-18 07:21:18 | INFO    | TRAIN | epoch=042/100 | batch=00600/01563 ( 38.39%) | lr=3.125e-05 | elapsed=0:04:23 | eta=0:07:03
    losses | total=2.8911e+00 | fourier=2.8911e+00 | amplitude=1.9980e-02 | phase=1.8299e-02 | support=3.7436e+00
2026-08-18 07:21:40 | INFO    | TRAIN | epoch=042/100 | batch=00650/01563 ( 41.59%) | lr=3.125e-05 | elapsed=0:04:45 | eta=0:06:41
    losses | total=2.7184e+00 | fourier=2.7184e+00 | amplitude=1.7868e-02 | phase=1.6783e-02 | support=3.5418e+00
2026-08-18 07:22:02 | INFO    | TRAIN | epoch=042/100 | batch=00700/01563 ( 44.79%) | lr=3.125e-05 | elapsed=0:05:07 | eta=0:06:19
    losses | total=2.7124e+00 | fourier=2.7124e+00 | amplitude=2.0545e-02 | phase=1.7168e-02 | support=3.1318e+00
2026-08-18 07:22:24 | INFO    | TRAIN | epoch=042/100 | batch=00750/01563 ( 47.98%) | lr=3.125e-05 | elapsed=0:05:29 | eta=0:05:57
    losses | total=2.9139e+00 | fourier=2.9139e+00 | amplitude=1.9409e-02 | phase=1.7849e-02 | support=3.2899e+00
2026-08-18 07:22:46 | INFO    | TRAIN | epoch=042/100 | batch=00800/01563 ( 51.18%) | lr=3.125e-05 | elapsed=0:05:51 | eta=0:05:35
    losses | total=3.1200e+00 | fourier=3.1200e+00 | amplitude=2.1462e-02 | phase=2.3043e-02 | support=3.2702e+00
2026-08-18 07:23:08 | INFO    | TRAIN | epoch=042/100 | batch=00850/01563 ( 54.38%) | lr=3.125e-05 | elapsed=0:06:13 | eta=0:05:13
    losses | total=3.0679e+00 | fourier=3.0679e+00 | amplitude=2.0821e-02 | phase=1.7057e-02 | support=3.6033e+00
2026-08-18 07:23:30 | INFO    | TRAIN | epoch=042/100 | batch=00900/01563 ( 57.58%) | lr=3.125e-05 | elapsed=0:06:35 | eta=0:04:51
    losses | total=2.9371e+00 | fourier=2.9371e+00 | amplitude=2.1534e-02 | phase=2.2931e-02 | support=3.5162e+00
2026-08-18 07:23:52 | INFO    | TRAIN | epoch=042/100 | batch=00950/01563 ( 60.78%) | lr=3.125e-05 | elapsed=0:06:57 | eta=0:04:29
    losses | total=2.9925e+00 | fourier=2.9925e+00 | amplitude=1.9679e-02 | phase=2.0173e-02 | support=3.2110e+00
2026-08-18 07:24:14 | INFO    | TRAIN | epoch=042/100 | batch=01000/01563 ( 63.98%) | lr=3.125e-05 | elapsed=0:07:19 | eta=0:04:07
    losses | total=2.9161e+00 | fourier=2.9161e+00 | amplitude=1.7556e-02 | phase=1.7502e-02 | support=3.2727e+00
2026-08-18 07:24:35 | INFO    | TRAIN | epoch=042/100 | batch=01050/01563 ( 67.18%) | lr=3.125e-05 | elapsed=0:07:41 | eta=0:03:45
    losses | total=2.8271e+00 | fourier=2.8271e+00 | amplitude=2.0303e-02 | phase=1.6447e-02 | support=3.9080e+00
2026-08-18 07:24:57 | INFO    | TRAIN | epoch=042/100 | batch=01100/01563 ( 70.38%) | lr=3.125e-05 | elapsed=0:08:03 | eta=0:03:23
    losses | total=2.9047e+00 | fourier=2.9047e+00 | amplitude=2.0444e-02 | phase=1.7319e-02 | support=3.3592e+00
2026-08-18 07:25:19 | INFO    | TRAIN | epoch=042/100 | batch=01150/01563 ( 73.58%) | lr=3.125e-05 | elapsed=0:08:25 | eta=0:03:01
    losses | total=2.6619e+00 | fourier=2.6619e+00 | amplitude=2.0154e-02 | phase=1.3737e-02 | support=3.4075e+00
2026-08-18 07:25:41 | INFO    | TRAIN | epoch=042/100 | batch=01200/01563 ( 76.78%) | lr=3.125e-05 | elapsed=0:08:47 | eta=0:02:39
    losses | total=2.9244e+00 | fourier=2.9244e+00 | amplitude=1.9768e-02 | phase=1.8921e-02 | support=3.1907e+00
2026-08-18 07:26:03 | INFO    | TRAIN | epoch=042/100 | batch=01250/01563 ( 79.97%) | lr=3.125e-05 | elapsed=0:09:09 | eta=0:02:17
    losses | total=3.1350e+00 | fourier=3.1350e+00 | amplitude=2.1648e-02 | phase=2.1283e-02 | support=3.4690e+00
2026-08-18 07:26:25 | INFO    | TRAIN | epoch=042/100 | batch=01300/01563 ( 83.17%) | lr=3.125e-05 | elapsed=0:09:31 | eta=0:01:55
    losses | total=2.9377e+00 | fourier=2.9377e+00 | amplitude=1.7496e-02 | phase=2.0107e-02 | support=3.4083e+00
2026-08-18 07:26:47 | INFO    | TRAIN | epoch=042/100 | batch=01350/01563 ( 86.37%) | lr=3.125e-05 | elapsed=0:09:53 | eta=0:01:33
    losses | total=3.0219e+00 | fourier=3.0219e+00 | amplitude=1.8721e-02 | phase=1.6671e-02 | support=3.2511e+00
2026-08-18 07:27:09 | INFO    | TRAIN | epoch=042/100 | batch=01400/01563 ( 89.57%) | lr=3.125e-05 | elapsed=0:10:15 | eta=0:01:11
    losses | total=2.8977e+00 | fourier=2.8977e+00 | amplitude=1.8043e-02 | phase=1.7761e-02 | support=3.0337e+00
2026-08-18 07:27:31 | INFO    | TRAIN | epoch=042/100 | batch=01450/01563 ( 92.77%) | lr=3.125e-05 | elapsed=0:10:37 | eta=0:00:49
    losses | total=2.8341e+00 | fourier=2.8341e+00 | amplitude=2.0024e-02 | phase=1.9061e-02 | support=3.2748e+00
2026-08-18 07:27:53 | INFO    | TRAIN | epoch=042/100 | batch=01500/01563 ( 95.97%) | lr=3.125e-05 | elapsed=0:10:59 | eta=0:00:27
    losses | total=2.8585e+00 | fourier=2.8585e+00 | amplitude=1.6694e-02 | phase=1.3900e-02 | support=3.6422e+00
2026-08-18 07:28:15 | INFO    | TRAIN | epoch=042/100 | batch=01550/01563 ( 99.17%) | lr=3.125e-05 | elapsed=0:11:21 | eta=0:00:05
    losses | total=2.8317e+00 | fourier=2.8317e+00 | amplitude=2.0536e-02 | phase=1.5189e-02 | support=3.7628e+00
2026-08-18 07:28:21 | INFO    | TRAIN | epoch=042/100 | batch=01563/01563 (100.00%) | lr=3.125e-05 | elapsed=0:11:26 | eta=0:00:00
    losses | total=2.7509e+00 | fourier=2.7509e+00 | amplitude=1.9532e-02 | phase=1.8060e-02 | support=3.4942e+00
2026-08-18 07:28:21 | INFO    | TRAIN epoch 042 complete | batches=1563 | samples=25000 | time=0:11:27
2026-08-18 07:28:26 | INFO    | VAL | epoch=042/100 | batch=00050/00313 ( 15.97%) | elapsed=0:00:05 | eta=0:00:28
    losses | total=4.2556e+00 | fourier=4.2556e+00 | amplitude=1.9924e-02 | phase=2.0349e-02 | support=3.4570e+00
2026-08-18 07:28:32 | INFO    | VAL | epoch=042/100 | batch=00100/00313 ( 31.95%) | elapsed=0:00:10 | eta=0:00:22
    losses | total=3.3864e+00 | fourier=3.3864e+00 | amplitude=2.0760e-02 | phase=1.5556e-02 | support=3.6284e+00
2026-08-18 07:28:37 | INFO    | VAL | epoch=042/100 | batch=00150/00313 ( 47.92%) | elapsed=0:00:15 | eta=0:00:17
    losses | total=3.7530e+00 | fourier=3.7530e+00 | amplitude=1.8536e-02 | phase=1.6362e-02 | support=3.2964e+00
2026-08-18 07:28:42 | INFO    | VAL | epoch=042/100 | batch=00200/00313 ( 63.90%) | elapsed=0:00:21 | eta=0:00:11
    losses | total=3.8877e+00 | fourier=3.8877e+00 | amplitude=1.9353e-02 | phase=1.5533e-02 | support=3.5556e+00
2026-08-18 07:28:47 | INFO    | VAL | epoch=042/100 | batch=00250/00313 ( 79.87%) | elapsed=0:00:26 | eta=0:00:06
    losses | total=3.7337e+00 | fourier=3.7337e+00 | amplitude=2.0639e-02 | phase=2.1096e-02 | support=3.3480e+00
2026-08-18 07:28:52 | INFO    | VAL | epoch=042/100 | batch=00300/00313 ( 95.85%) | elapsed=0:00:31 | eta=0:00:01
    losses | total=3.5833e+00 | fourier=3.5833e+00 | amplitude=2.0922e-02 | phase=2.0355e-02 | support=3.3257e+00
2026-08-18 07:28:54 | INFO    | VAL | epoch=042/100 | batch=00313/00313 (100.00%) | elapsed=0:00:32 | eta=0:00:00
    losses | total=3.9446e+00 | fourier=3.9446e+00 | amplitude=1.7653e-02 | phase=1.6866e-02 | support=3.1192e+00
2026-08-18 07:28:54 | INFO    | VAL epoch 042 complete | batches=313 | samples=5000 | time=0:00:33
2026-08-18 07:28:54 | INFO    | Cross-skip strengths | 8/phase_to_amp=+5.2567e-03 | 8/amp_to_phase=-3.1864e-02 | 16/phase_to_amp=-1.7045e-02 | 16/amp_to_phase=+9.1513e-02
2026-08-18 07:28:54 | INFO    | 
------------------------------------------------------------------------------------------------
Epoch 042/100 summary
split             total      fourier    amplitude        phase      support        time
train        2.8896e+00   2.8896e+00   1.9470e-02   1.7390e-02   3.4520e+00     0:11:27
validation   3.6966e+00   3.6966e+00   1.9489e-02   1.7500e-02   3.4533e+00     0:00:33
lr=3.125e-05 | best_val=3.6927e+00 | best_updated=no | periodic_checkpoint=no
------------------------------------------------------------------------------------------------
2026-08-18 07:29:16 | INFO    | TRAIN | epoch=043/100 | batch=00050/01563 (  3.20%) | lr=3.125e-05 | elapsed=0:00:22 | eta=0:11:09
    losses | total=2.7575e+00 | fourier=2.7575e+00 | amplitude=1.8679e-02 | phase=1.5747e-02 | support=3.3060e+00
2026-08-18 07:29:38 | INFO    | TRAIN | epoch=043/100 | batch=00100/01563 (  6.40%) | lr=3.125e-05 | elapsed=0:00:44 | eta=0:10:45
    losses | total=2.8149e+00 | fourier=2.8149e+00 | amplitude=2.0083e-02 | phase=2.3068e-02 | support=3.3875e+00
2026-08-18 07:30:00 | INFO    | TRAIN | epoch=043/100 | batch=00150/01563 (  9.60%) | lr=3.125e-05 | elapsed=0:01:06 | eta=0:10:22
    losses | total=2.9015e+00 | fourier=2.9015e+00 | amplitude=2.2106e-02 | phase=2.0764e-02 | support=3.5144e+00
2026-08-18 07:30:22 | INFO    | TRAIN | epoch=043/100 | batch=00200/01563 ( 12.80%) | lr=3.125e-05 | elapsed=0:01:28 | eta=0:10:00
    losses | total=2.8043e+00 | fourier=2.8043e+00 | amplitude=1.9494e-02 | phase=1.8119e-02 | support=3.4255e+00
2026-08-18 07:30:44 | INFO    | TRAIN | epoch=043/100 | batch=00250/01563 ( 15.99%) | lr=3.125e-05 | elapsed=0:01:50 | eta=0:09:37
    losses | total=2.8721e+00 | fourier=2.8721e+00 | amplitude=2.0946e-02 | phase=1.7487e-02 | support=3.6439e+00
2026-08-18 07:31:06 | INFO    | TRAIN | epoch=043/100 | batch=00300/01563 ( 19.19%) | lr=3.125e-05 | elapsed=0:02:12 | eta=0:09:15
    losses | total=2.7613e+00 | fourier=2.7613e+00 | amplitude=1.6064e-02 | phase=1.4367e-02 | support=3.5586e+00
2026-08-18 07:31:28 | INFO    | TRAIN | epoch=043/100 | batch=00350/01563 ( 22.39%) | lr=3.125e-05 | elapsed=0:02:33 | eta=0:08:53
    losses | total=2.8306e+00 | fourier=2.8306e+00 | amplitude=1.9477e-02 | phase=1.4126e-02 | support=3.4062e+00
2026-08-18 07:31:50 | INFO    | TRAIN | epoch=043/100 | batch=00400/01563 ( 25.59%) | lr=3.125e-05 | elapsed=0:02:55 | eta=0:08:31
    losses | total=3.0412e+00 | fourier=3.0412e+00 | amplitude=1.7810e-02 | phase=2.0358e-02 | support=3.4416e+00
2026-08-18 07:32:12 | INFO    | TRAIN | epoch=043/100 | batch=00450/01563 ( 28.79%) | lr=3.125e-05 | elapsed=0:03:17 | eta=0:08:09
    losses | total=3.0335e+00 | fourier=3.0335e+00 | amplitude=1.9336e-02 | phase=2.2476e-02 | support=3.0489e+00
2026-08-18 07:32:34 | INFO    | TRAIN | epoch=043/100 | batch=00500/01563 ( 31.99%) | lr=3.125e-05 | elapsed=0:03:39 | eta=0:07:47
    losses | total=3.0553e+00 | fourier=3.0553e+00 | amplitude=2.1741e-02 | phase=2.0369e-02 | support=3.3994e+00
2026-08-18 07:32:56 | INFO    | TRAIN | epoch=043/100 | batch=00550/01563 ( 35.19%) | lr=3.125e-05 | elapsed=0:04:01 | eta=0:07:25
    losses | total=3.0872e+00 | fourier=3.0872e+00 | amplitude=1.7227e-02 | phase=1.6854e-02 | support=3.3202e+00
2026-08-18 07:33:18 | INFO    | TRAIN | epoch=043/100 | batch=00600/01563 ( 38.39%) | lr=3.125e-05 | elapsed=0:04:23 | eta=0:07:03
    losses | total=2.7525e+00 | fourier=2.7525e+00 | amplitude=1.9280e-02 | phase=1.5150e-02 | support=3.3192e+00
2026-08-18 07:33:40 | INFO    | TRAIN | epoch=043/100 | batch=00650/01563 ( 41.59%) | lr=3.125e-05 | elapsed=0:04:45 | eta=0:06:41
    losses | total=2.8455e+00 | fourier=2.8455e+00 | amplitude=1.9851e-02 | phase=1.8194e-02 | support=3.4107e+00
2026-08-18 07:34:02 | INFO    | TRAIN | epoch=043/100 | batch=00700/01563 ( 44.79%) | lr=3.125e-05 | elapsed=0:05:07 | eta=0:06:19
    losses | total=2.7919e+00 | fourier=2.7919e+00 | amplitude=1.6991e-02 | phase=1.4672e-02 | support=3.2580e+00
2026-08-18 07:34:24 | INFO    | TRAIN | epoch=043/100 | batch=00750/01563 ( 47.98%) | lr=3.125e-05 | elapsed=0:05:29 | eta=0:05:57
    losses | total=2.7681e+00 | fourier=2.7681e+00 | amplitude=1.7411e-02 | phase=1.5207e-02 | support=4.1671e+00
2026-08-18 07:34:46 | INFO    | TRAIN | epoch=043/100 | batch=00800/01563 ( 51.18%) | lr=3.125e-05 | elapsed=0:05:51 | eta=0:05:35
    losses | total=2.8460e+00 | fourier=2.8460e+00 | amplitude=2.1492e-02 | phase=1.6984e-02 | support=3.4154e+00
2026-08-18 07:35:08 | INFO    | TRAIN | epoch=043/100 | batch=00850/01563 ( 54.38%) | lr=3.125e-05 | elapsed=0:06:13 | eta=0:05:13
    losses | total=2.9219e+00 | fourier=2.9219e+00 | amplitude=2.1966e-02 | phase=1.6957e-02 | support=3.4872e+00
2026-08-18 07:35:30 | INFO    | TRAIN | epoch=043/100 | batch=00900/01563 ( 57.58%) | lr=3.125e-05 | elapsed=0:06:35 | eta=0:04:51
    losses | total=2.9471e+00 | fourier=2.9471e+00 | amplitude=1.6679e-02 | phase=1.9547e-02 | support=2.8921e+00
2026-08-18 07:35:52 | INFO    | TRAIN | epoch=043/100 | batch=00950/01563 ( 60.78%) | lr=3.125e-05 | elapsed=0:06:57 | eta=0:04:29
    losses | total=2.8264e+00 | fourier=2.8264e+00 | amplitude=2.1795e-02 | phase=1.5583e-02 | support=3.4482e+00
2026-08-18 07:36:14 | INFO    | TRAIN | epoch=043/100 | batch=01000/01563 ( 63.98%) | lr=3.125e-05 | elapsed=0:07:19 | eta=0:04:07
    losses | total=3.2656e+00 | fourier=3.2656e+00 | amplitude=1.8601e-02 | phase=1.9519e-02 | support=3.2399e+00
2026-08-18 07:36:36 | INFO    | TRAIN | epoch=043/100 | batch=01050/01563 ( 67.18%) | lr=3.125e-05 | elapsed=0:07:41 | eta=0:03:45
    losses | total=2.7462e+00 | fourier=2.7462e+00 | amplitude=1.9366e-02 | phase=1.5754e-02 | support=3.7740e+00
2026-08-18 07:36:58 | INFO    | TRAIN | epoch=043/100 | batch=01100/01563 ( 70.38%) | lr=3.125e-05 | elapsed=0:08:03 | eta=0:03:23
    losses | total=2.9571e+00 | fourier=2.9571e+00 | amplitude=1.9049e-02 | phase=1.5948e-02 | support=3.7339e+00
2026-08-18 07:37:20 | INFO    | TRAIN | epoch=043/100 | batch=01150/01563 ( 73.58%) | lr=3.125e-05 | elapsed=0:08:25 | eta=0:03:01
    losses | total=2.7225e+00 | fourier=2.7225e+00 | amplitude=2.0029e-02 | phase=1.3108e-02 | support=3.3605e+00
2026-08-18 07:37:42 | INFO    | TRAIN | epoch=043/100 | batch=01200/01563 ( 76.78%) | lr=3.125e-05 | elapsed=0:08:47 | eta=0:02:39
    losses | total=2.6685e+00 | fourier=2.6685e+00 | amplitude=1.7167e-02 | phase=1.3735e-02 | support=3.0396e+00
2026-08-18 07:38:04 | INFO    | TRAIN | epoch=043/100 | batch=01250/01563 ( 79.97%) | lr=3.125e-05 | elapsed=0:09:09 | eta=0:02:17
    losses | total=2.9829e+00 | fourier=2.9829e+00 | amplitude=1.8342e-02 | phase=1.8511e-02 | support=3.1212e+00
2026-08-18 07:38:26 | INFO    | TRAIN | epoch=043/100 | batch=01300/01563 ( 83.17%) | lr=3.125e-05 | elapsed=0:09:31 | eta=0:01:55
    losses | total=2.9619e+00 | fourier=2.9619e+00 | amplitude=1.9270e-02 | phase=1.9735e-02 | support=3.5042e+00
2026-08-18 07:38:48 | INFO    | TRAIN | epoch=043/100 | batch=01350/01563 ( 86.37%) | lr=3.125e-05 | elapsed=0:09:53 | eta=0:01:33
    losses | total=2.8360e+00 | fourier=2.8360e+00 | amplitude=2.0930e-02 | phase=2.0255e-02 | support=3.6194e+00
2026-08-18 07:39:10 | INFO    | TRAIN | epoch=043/100 | batch=01400/01563 ( 89.57%) | lr=3.125e-05 | elapsed=0:10:15 | eta=0:01:11
    losses | total=2.7811e+00 | fourier=2.7811e+00 | amplitude=1.8563e-02 | phase=1.4976e-02 | support=3.5367e+00
2026-08-18 07:39:32 | INFO    | TRAIN | epoch=043/100 | batch=01450/01563 ( 92.77%) | lr=3.125e-05 | elapsed=0:10:37 | eta=0:00:49
    losses | total=2.9978e+00 | fourier=2.9978e+00 | amplitude=1.7142e-02 | phase=2.0909e-02 | support=3.2088e+00
2026-08-18 07:39:54 | INFO    | TRAIN | epoch=043/100 | batch=01500/01563 ( 95.97%) | lr=3.125e-05 | elapsed=0:10:59 | eta=0:00:27
    losses | total=2.8827e+00 | fourier=2.8827e+00 | amplitude=2.0565e-02 | phase=1.5355e-02 | support=3.7795e+00
2026-08-18 07:40:16 | INFO    | TRAIN | epoch=043/100 | batch=01550/01563 ( 99.17%) | lr=3.125e-05 | elapsed=0:11:21 | eta=0:00:05
    losses | total=2.9383e+00 | fourier=2.9383e+00 | amplitude=2.3492e-02 | phase=1.7134e-02 | support=3.5044e+00
2026-08-18 07:40:21 | INFO    | TRAIN | epoch=043/100 | batch=01563/01563 (100.00%) | lr=3.125e-05 | elapsed=0:11:26 | eta=0:00:00
    losses | total=2.9468e+00 | fourier=2.9468e+00 | amplitude=1.8326e-02 | phase=1.9576e-02 | support=3.1910e+00
2026-08-18 07:40:21 | INFO    | TRAIN epoch 043 complete | batches=1563 | samples=25000 | time=0:11:27
2026-08-18 07:40:27 | INFO    | VAL | epoch=043/100 | batch=00050/00313 ( 15.97%) | elapsed=0:00:05 | eta=0:00:28
    losses | total=4.2508e+00 | fourier=4.2508e+00 | amplitude=1.9845e-02 | phase=2.0256e-02 | support=3.4513e+00
2026-08-18 07:40:32 | INFO    | VAL | epoch=043/100 | batch=00100/00313 ( 31.95%) | elapsed=0:00:10 | eta=0:00:22
    losses | total=3.3790e+00 | fourier=3.3790e+00 | amplitude=2.0703e-02 | phase=1.5490e-02 | support=3.6208e+00
2026-08-18 07:40:37 | INFO    | VAL | epoch=043/100 | batch=00150/00313 ( 47.92%) | elapsed=0:00:15 | eta=0:00:17
    losses | total=3.7531e+00 | fourier=3.7531e+00 | amplitude=1.8485e-02 | phase=1.6416e-02 | support=3.2905e+00
2026-08-18 07:40:42 | INFO    | VAL | epoch=043/100 | batch=00200/00313 ( 63.90%) | elapsed=0:00:21 | eta=0:00:11
    losses | total=3.8685e+00 | fourier=3.8685e+00 | amplitude=1.9287e-02 | phase=1.5457e-02 | support=3.5481e+00
2026-08-18 07:40:48 | INFO    | VAL | epoch=043/100 | batch=00250/00313 ( 79.87%) | elapsed=0:00:26 | eta=0:00:06
    losses | total=3.7287e+00 | fourier=3.7287e+00 | amplitude=2.0582e-02 | phase=2.1035e-02 | support=3.3432e+00
2026-08-18 07:40:53 | INFO    | VAL | epoch=043/100 | batch=00300/00313 ( 95.85%) | elapsed=0:00:31 | eta=0:00:01
    losses | total=3.5934e+00 | fourier=3.5934e+00 | amplitude=2.0823e-02 | phase=2.0244e-02 | support=3.3159e+00
2026-08-18 07:40:54 | INFO    | VAL | epoch=043/100 | batch=00313/00313 (100.00%) | elapsed=0:00:32 | eta=0:00:00
    losses | total=3.9402e+00 | fourier=3.9402e+00 | amplitude=1.7618e-02 | phase=1.6758e-02 | support=3.1152e+00
2026-08-18 07:40:54 | INFO    | VAL epoch 043 complete | batches=313 | samples=5000 | time=0:00:32
2026-08-18 07:40:54 | INFO    | Cross-skip strengths | 8/phase_to_amp=+5.2355e-03 | 8/amp_to_phase=-3.1964e-02 | 16/phase_to_amp=-1.6598e-02 | 16/amp_to_phase=+9.1733e-02
2026-08-18 07:40:54 | INFO    | 
------------------------------------------------------------------------------------------------
Epoch 043/100 summary
split             total      fourier    amplitude        phase      support        time
train        2.8888e+00   2.8888e+00   1.9469e-02   1.7388e-02   3.4535e+00     0:11:27
validation   3.6930e+00   3.6930e+00   1.9432e-02   1.7433e-02   3.4471e+00     0:00:32
lr=1.563e-05 | best_val=3.6927e+00 | best_updated=no | periodic_checkpoint=no
------------------------------------------------------------------------------------------------
2026-08-18 07:41:17 | INFO    | TRAIN | epoch=044/100 | batch=00050/01563 (  3.20%) | lr=1.563e-05 | elapsed=0:00:22 | eta=0:11:09
    losses | total=2.8851e+00 | fourier=2.8851e+00 | amplitude=1.7537e-02 | phase=1.5893e-02 | support=3.2626e+00
2026-08-18 07:41:39 | INFO    | TRAIN | epoch=044/100 | batch=00100/01563 (  6.40%) | lr=1.563e-05 | elapsed=0:00:44 | eta=0:10:45
    losses | total=2.9017e+00 | fourier=2.9017e+00 | amplitude=1.7808e-02 | phase=1.5253e-02 | support=3.5012e+00
2026-08-18 07:42:01 | INFO    | TRAIN | epoch=044/100 | batch=00150/01563 (  9.60%) | lr=1.563e-05 | elapsed=0:01:06 | eta=0:10:22
    losses | total=2.7866e+00 | fourier=2.7866e+00 | amplitude=1.6158e-02 | phase=1.1704e-02 | support=3.3976e+00
2026-08-18 07:42:22 | INFO    | TRAIN | epoch=044/100 | batch=00200/01563 ( 12.80%) | lr=1.563e-05 | elapsed=0:01:28 | eta=0:10:00
    losses | total=2.9672e+00 | fourier=2.9672e+00 | amplitude=2.2113e-02 | phase=1.6961e-02 | support=3.9191e+00
2026-08-18 07:42:44 | INFO    | TRAIN | epoch=044/100 | batch=00250/01563 ( 15.99%) | lr=1.563e-05 | elapsed=0:01:50 | eta=0:09:37
    losses | total=2.9489e+00 | fourier=2.9489e+00 | amplitude=1.8428e-02 | phase=1.6144e-02 | support=3.6018e+00
2026-08-18 07:43:06 | INFO    | TRAIN | epoch=044/100 | batch=00300/01563 ( 19.19%) | lr=1.563e-05 | elapsed=0:02:12 | eta=0:09:15
    losses | total=2.7477e+00 | fourier=2.7477e+00 | amplitude=1.5864e-02 | phase=1.2816e-02 | support=3.1501e+00
2026-08-18 07:43:28 | INFO    | TRAIN | epoch=044/100 | batch=00350/01563 ( 22.39%) | lr=1.563e-05 | elapsed=0:02:34 | eta=0:08:53
    losses | total=3.0180e+00 | fourier=3.0180e+00 | amplitude=2.0171e-02 | phase=2.0118e-02 | support=3.7533e+00
2026-08-18 07:43:50 | INFO    | TRAIN | epoch=044/100 | batch=00400/01563 ( 25.59%) | lr=1.563e-05 | elapsed=0:02:55 | eta=0:08:31
    losses | total=2.9010e+00 | fourier=2.9010e+00 | amplitude=1.8316e-02 | phase=1.9336e-02 | support=3.2707e+00
2026-08-18 07:44:12 | INFO    | TRAIN | epoch=044/100 | batch=00450/01563 ( 28.79%) | lr=1.563e-05 | elapsed=0:03:17 | eta=0:08:09
    losses | total=2.8766e+00 | fourier=2.8766e+00 | amplitude=2.0227e-02 | phase=1.7340e-02 | support=3.1379e+00
2026-08-18 07:44:34 | INFO    | TRAIN | epoch=044/100 | batch=00500/01563 ( 31.99%) | lr=1.563e-05 | elapsed=0:03:39 | eta=0:07:47
    losses | total=2.8544e+00 | fourier=2.8544e+00 | amplitude=2.1967e-02 | phase=1.8029e-02 | support=3.6785e+00
2026-08-18 07:44:56 | INFO    | TRAIN | epoch=044/100 | batch=00550/01563 ( 35.19%) | lr=1.563e-05 | elapsed=0:04:01 | eta=0:07:25
    losses | total=2.8349e+00 | fourier=2.8349e+00 | amplitude=1.7870e-02 | phase=1.7676e-02 | support=3.2680e+00
2026-08-18 07:45:18 | INFO    | TRAIN | epoch=044/100 | batch=00600/01563 ( 38.39%) | lr=1.563e-05 | elapsed=0:04:23 | eta=0:07:03
    losses | total=2.7775e+00 | fourier=2.7775e+00 | amplitude=1.8655e-02 | phase=1.3235e-02 | support=3.3779e+00
2026-08-18 07:45:40 | INFO    | TRAIN | epoch=044/100 | batch=00650/01563 ( 41.59%) | lr=1.563e-05 | elapsed=0:04:45 | eta=0:06:41
    losses | total=2.9692e+00 | fourier=2.9692e+00 | amplitude=1.8329e-02 | phase=1.3972e-02 | support=3.3523e+00
2026-08-18 07:46:02 | INFO    | TRAIN | epoch=044/100 | batch=00700/01563 ( 44.79%) | lr=1.563e-05 | elapsed=0:05:07 | eta=0:06:19
    losses | total=3.1624e+00 | fourier=3.1624e+00 | amplitude=2.0218e-02 | phase=2.9120e-02 | support=2.8348e+00
2026-08-18 07:46:24 | INFO    | TRAIN | epoch=044/100 | batch=00750/01563 ( 47.98%) | lr=1.563e-05 | elapsed=0:05:29 | eta=0:05:57
    losses | total=2.7913e+00 | fourier=2.7913e+00 | amplitude=1.8348e-02 | phase=1.3927e-02 | support=3.1522e+00
2026-08-18 07:46:46 | INFO    | TRAIN | epoch=044/100 | batch=00800/01563 ( 51.18%) | lr=1.563e-05 | elapsed=0:05:51 | eta=0:05:35
    losses | total=2.6760e+00 | fourier=2.6760e+00 | amplitude=1.9894e-02 | phase=1.5800e-02 | support=3.4992e+00
2026-08-18 07:47:08 | INFO    | TRAIN | epoch=044/100 | batch=00850/01563 ( 54.38%) | lr=1.563e-05 | elapsed=0:06:13 | eta=0:05:13
    losses | total=3.0210e+00 | fourier=3.0210e+00 | amplitude=1.8968e-02 | phase=1.6694e-02 | support=3.0222e+00
2026-08-18 07:47:30 | INFO    | TRAIN | epoch=044/100 | batch=00900/01563 ( 57.58%) | lr=1.563e-05 | elapsed=0:06:35 | eta=0:04:51
    losses | total=2.9453e+00 | fourier=2.9453e+00 | amplitude=2.1173e-02 | phase=1.6749e-02 | support=3.7451e+00
2026-08-18 07:47:52 | INFO    | TRAIN | epoch=044/100 | batch=00950/01563 ( 60.78%) | lr=1.563e-05 | elapsed=0:06:57 | eta=0:04:29
    losses | total=2.8842e+00 | fourier=2.8842e+00 | amplitude=1.8897e-02 | phase=1.9249e-02 | support=3.0159e+00
2026-08-18 07:48:14 | INFO    | TRAIN | epoch=044/100 | batch=01000/01563 ( 63.98%) | lr=1.563e-05 | elapsed=0:07:19 | eta=0:04:07
    losses | total=3.0692e+00 | fourier=3.0692e+00 | amplitude=2.1313e-02 | phase=2.3331e-02 | support=3.3680e+00
2026-08-18 07:48:36 | INFO    | TRAIN | epoch=044/100 | batch=01050/01563 ( 67.18%) | lr=1.563e-05 | elapsed=0:07:41 | eta=0:03:45
    losses | total=2.6997e+00 | fourier=2.6997e+00 | amplitude=1.9509e-02 | phase=1.4774e-02 | support=3.8904e+00
2026-08-18 07:48:58 | INFO    | TRAIN | epoch=044/100 | batch=01100/01563 ( 70.38%) | lr=1.563e-05 | elapsed=0:08:03 | eta=0:03:23
    losses | total=2.8784e+00 | fourier=2.8784e+00 | amplitude=1.7958e-02 | phase=1.4524e-02 | support=3.7063e+00
2026-08-18 07:49:20 | INFO    | TRAIN | epoch=044/100 | batch=01150/01563 ( 73.58%) | lr=1.563e-05 | elapsed=0:08:25 | eta=0:03:01
    losses | total=2.6681e+00 | fourier=2.6681e+00 | amplitude=2.0518e-02 | phase=1.6280e-02 | support=3.3895e+00
2026-08-18 07:49:42 | INFO    | TRAIN | epoch=044/100 | batch=01200/01563 ( 76.78%) | lr=1.563e-05 | elapsed=0:08:47 | eta=0:02:39
    losses | total=2.8311e+00 | fourier=2.8311e+00 | amplitude=2.1342e-02 | phase=1.7033e-02 | support=3.5646e+00
2026-08-18 07:50:04 | INFO    | TRAIN | epoch=044/100 | batch=01250/01563 ( 79.97%) | lr=1.563e-05 | elapsed=0:09:09 | eta=0:02:17
    losses | total=2.9334e+00 | fourier=2.9334e+00 | amplitude=1.8436e-02 | phase=1.8117e-02 | support=3.4219e+00
2026-08-18 07:50:26 | INFO    | TRAIN | epoch=044/100 | batch=01300/01563 ( 83.17%) | lr=1.563e-05 | elapsed=0:09:31 | eta=0:01:55
    losses | total=2.8731e+00 | fourier=2.8731e+00 | amplitude=1.8775e-02 | phase=1.5595e-02 | support=3.6739e+00
2026-08-18 07:50:48 | INFO    | TRAIN | epoch=044/100 | batch=01350/01563 ( 86.37%) | lr=1.563e-05 | elapsed=0:09:53 | eta=0:01:33
    losses | total=2.7109e+00 | fourier=2.7109e+00 | amplitude=1.5500e-02 | phase=1.2460e-02 | support=3.3106e+00
2026-08-18 07:51:10 | INFO    | TRAIN | epoch=044/100 | batch=01400/01563 ( 89.57%) | lr=1.563e-05 | elapsed=0:10:15 | eta=0:01:11
    losses | total=2.7281e+00 | fourier=2.7281e+00 | amplitude=2.1581e-02 | phase=1.3270e-02 | support=4.0395e+00
2026-08-18 07:51:32 | INFO    | TRAIN | epoch=044/100 | batch=01450/01563 ( 92.77%) | lr=1.563e-05 | elapsed=0:10:37 | eta=0:00:49
    losses | total=2.9115e+00 | fourier=2.9115e+00 | amplitude=2.0121e-02 | phase=1.4980e-02 | support=3.4997e+00
2026-08-18 07:51:54 | INFO    | TRAIN | epoch=044/100 | batch=01500/01563 ( 95.97%) | lr=1.563e-05 | elapsed=0:10:59 | eta=0:00:27
    losses | total=2.9113e+00 | fourier=2.9113e+00 | amplitude=1.9753e-02 | phase=1.4869e-02 | support=3.0072e+00
2026-08-18 07:52:16 | INFO    | TRAIN | epoch=044/100 | batch=01550/01563 ( 99.17%) | lr=1.563e-05 | elapsed=0:11:21 | eta=0:00:05
    losses | total=3.2979e+00 | fourier=3.2979e+00 | amplitude=2.2110e-02 | phase=2.2422e-02 | support=3.0294e+00
2026-08-18 07:52:21 | INFO    | TRAIN | epoch=044/100 | batch=01563/01563 (100.00%) | lr=1.563e-05 | elapsed=0:11:26 | eta=0:00:00
    losses | total=3.2889e+00 | fourier=3.2889e+00 | amplitude=2.1425e-02 | phase=1.7185e-02 | support=3.4119e+00
2026-08-18 07:52:21 | INFO    | TRAIN epoch 044 complete | batches=1563 | samples=25000 | time=0:11:27
2026-08-18 07:52:27 | INFO    | VAL | epoch=044/100 | batch=00050/00313 ( 15.97%) | elapsed=0:00:05 | eta=0:00:28
    losses | total=4.2498e+00 | fourier=4.2498e+00 | amplitude=1.9907e-02 | phase=2.0330e-02 | support=3.4527e+00
2026-08-18 07:52:32 | INFO    | VAL | epoch=044/100 | batch=00100/00313 ( 31.95%) | elapsed=0:00:10 | eta=0:00:22
    losses | total=3.3779e+00 | fourier=3.3779e+00 | amplitude=2.0760e-02 | phase=1.5560e-02 | support=3.6216e+00
2026-08-18 07:52:37 | INFO    | VAL | epoch=044/100 | batch=00150/00313 ( 47.92%) | elapsed=0:00:15 | eta=0:00:17
    losses | total=3.7533e+00 | fourier=3.7533e+00 | amplitude=1.8527e-02 | phase=1.6444e-02 | support=3.2904e+00
2026-08-18 07:52:43 | INFO    | VAL | epoch=044/100 | batch=00200/00313 ( 63.90%) | elapsed=0:00:21 | eta=0:00:11
    losses | total=3.8672e+00 | fourier=3.8672e+00 | amplitude=1.9340e-02 | phase=1.5503e-02 | support=3.5509e+00
2026-08-18 07:52:48 | INFO    | VAL | epoch=044/100 | batch=00250/00313 ( 79.87%) | elapsed=0:00:26 | eta=0:00:06
    losses | total=3.7301e+00 | fourier=3.7301e+00 | amplitude=2.0640e-02 | phase=2.1095e-02 | support=3.3438e+00
2026-08-18 07:52:53 | INFO    | VAL | epoch=044/100 | batch=00300/00313 ( 95.85%) | elapsed=0:00:31 | eta=0:00:01
    losses | total=3.5845e+00 | fourier=3.5845e+00 | amplitude=2.0886e-02 | phase=2.0329e-02 | support=3.3169e+00
2026-08-18 07:52:54 | INFO    | VAL | epoch=044/100 | batch=00313/00313 (100.00%) | elapsed=0:00:32 | eta=0:00:00
    losses | total=3.9444e+00 | fourier=3.9444e+00 | amplitude=1.7662e-02 | phase=1.6826e-02 | support=3.1137e+00
2026-08-18 07:52:54 | INFO    | VAL epoch 044 complete | batches=313 | samples=5000 | time=0:00:32
2026-08-18 07:52:54 | INFO    | Cross-skip strengths | 8/phase_to_amp=+5.4632e-03 | 8/amp_to_phase=-3.2146e-02 | 16/phase_to_amp=-1.6523e-02 | 16/amp_to_phase=+9.2115e-02
2026-08-18 07:52:55 | INFO    | 
------------------------------------------------------------------------------------------------
Epoch 044/100 summary
split             total      fourier    amplitude        phase      support        time
train        2.8869e+00   2.8869e+00   1.9470e-02   1.7390e-02   3.4535e+00     0:11:27
validation   3.6932e+00   3.6932e+00   1.9482e-02   1.7496e-02   3.4474e+00     0:00:32
lr=1.563e-05 | best_val=3.6927e+00 | best_updated=no | periodic_checkpoint=no
------------------------------------------------------------------------------------------------
2026-08-18 07:53:17 | INFO    | TRAIN | epoch=045/100 | batch=00050/01563 (  3.20%) | lr=1.563e-05 | elapsed=0:00:22 | eta=0:11:10
    losses | total=2.8473e+00 | fourier=2.8473e+00 | amplitude=1.8598e-02 | phase=1.7957e-02 | support=3.3675e+00
2026-08-18 07:53:39 | INFO    | TRAIN | epoch=045/100 | batch=00100/01563 (  6.40%) | lr=1.563e-05 | elapsed=0:00:44 | eta=0:10:45
    losses | total=2.6078e+00 | fourier=2.6078e+00 | amplitude=1.7887e-02 | phase=1.2821e-02 | support=3.3101e+00
2026-08-18 07:54:01 | INFO    | TRAIN | epoch=045/100 | batch=00150/01563 (  9.60%) | lr=1.563e-05 | elapsed=0:01:06 | eta=0:10:22
    losses | total=2.7999e+00 | fourier=2.7999e+00 | amplitude=2.3118e-02 | phase=1.5925e-02 | support=3.3077e+00
2026-08-18 07:54:23 | INFO    | TRAIN | epoch=045/100 | batch=00200/01563 ( 12.80%) | lr=1.563e-05 | elapsed=0:01:28 | eta=0:10:00
    losses | total=2.9404e+00 | fourier=2.9404e+00 | amplitude=1.9519e-02 | phase=1.7069e-02 | support=3.1832e+00
2026-08-18 07:54:45 | INFO    | TRAIN | epoch=045/100 | batch=00250/01563 ( 15.99%) | lr=1.563e-05 | elapsed=0:01:50 | eta=0:09:38
    losses | total=3.3078e+00 | fourier=3.3078e+00 | amplitude=1.8712e-02 | phase=2.1313e-02 | support=3.1355e+00
2026-08-18 07:55:07 | INFO    | TRAIN | epoch=045/100 | batch=00300/01563 ( 19.19%) | lr=1.563e-05 | elapsed=0:02:12 | eta=0:09:16
    losses | total=2.9273e+00 | fourier=2.9273e+00 | amplitude=2.1811e-02 | phase=1.9684e-02 | support=3.3926e+00
2026-08-18 07:55:29 | INFO    | TRAIN | epoch=045/100 | batch=00350/01563 ( 22.39%) | lr=1.563e-05 | elapsed=0:02:34 | eta=0:08:53
    losses | total=2.8336e+00 | fourier=2.8336e+00 | amplitude=1.7529e-02 | phase=1.6022e-02 | support=3.3181e+00
2026-08-18 07:55:51 | INFO    | TRAIN | epoch=045/100 | batch=00400/01563 ( 25.59%) | lr=1.563e-05 | elapsed=0:02:56 | eta=0:08:31
    losses | total=2.9525e+00 | fourier=2.9525e+00 | amplitude=2.1745e-02 | phase=2.0800e-02 | support=3.8123e+00
2026-08-18 07:56:13 | INFO    | TRAIN | epoch=045/100 | batch=00450/01563 ( 28.79%) | lr=1.563e-05 | elapsed=0:03:18 | eta=0:08:09
    losses | total=2.8342e+00 | fourier=2.8342e+00 | amplitude=2.3488e-02 | phase=1.7447e-02 | support=3.3213e+00
2026-08-18 07:56:35 | INFO    | TRAIN | epoch=045/100 | batch=00500/01563 ( 31.99%) | lr=1.563e-05 | elapsed=0:03:39 | eta=0:07:47
    losses | total=2.6143e+00 | fourier=2.6143e+00 | amplitude=1.8650e-02 | phase=1.0598e-02 | support=3.5923e+00
2026-08-18 07:56:57 | INFO    | TRAIN | epoch=045/100 | batch=00550/01563 ( 35.19%) | lr=1.563e-05 | elapsed=0:04:01 | eta=0:07:25
    losses | total=2.7943e+00 | fourier=2.7943e+00 | amplitude=1.8965e-02 | phase=1.5077e-02 | support=3.5676e+00
2026-08-18 07:57:18 | INFO    | TRAIN | epoch=045/100 | batch=00600/01563 ( 38.39%) | lr=1.563e-05 | elapsed=0:04:23 | eta=0:07:03
    losses | total=2.7604e+00 | fourier=2.7604e+00 | amplitude=2.0156e-02 | phase=1.5558e-02 | support=3.9968e+00
2026-08-18 07:57:40 | INFO    | TRAIN | epoch=045/100 | batch=00650/01563 ( 41.59%) | lr=1.563e-05 | elapsed=0:04:45 | eta=0:06:41
    losses | total=2.9004e+00 | fourier=2.9004e+00 | amplitude=1.6117e-02 | phase=1.9959e-02 | support=3.3149e+00
2026-08-18 07:58:02 | INFO    | TRAIN | epoch=045/100 | batch=00700/01563 ( 44.79%) | lr=1.563e-05 | elapsed=0:05:07 | eta=0:06:19
    losses | total=2.8112e+00 | fourier=2.8112e+00 | amplitude=2.0266e-02 | phase=2.1273e-02 | support=3.5615e+00
2026-08-18 07:58:24 | INFO    | TRAIN | epoch=045/100 | batch=00750/01563 ( 47.98%) | lr=1.563e-05 | elapsed=0:05:29 | eta=0:05:57
    losses | total=2.8365e+00 | fourier=2.8365e+00 | amplitude=1.5251e-02 | phase=1.7449e-02 | support=3.4768e+00
2026-08-18 07:58:46 | INFO    | TRAIN | epoch=045/100 | batch=00800/01563 ( 51.18%) | lr=1.563e-05 | elapsed=0:05:51 | eta=0:05:35
    losses | total=2.8426e+00 | fourier=2.8426e+00 | amplitude=1.8924e-02 | phase=1.9479e-02 | support=3.6856e+00
2026-08-18 07:59:08 | INFO    | TRAIN | epoch=045/100 | batch=00850/01563 ( 54.38%) | lr=1.563e-05 | elapsed=0:06:13 | eta=0:05:13
    losses | total=2.7625e+00 | fourier=2.7625e+00 | amplitude=1.7399e-02 | phase=1.8968e-02 | support=2.9070e+00
2026-08-18 07:59:30 | INFO    | TRAIN | epoch=045/100 | batch=00900/01563 ( 57.58%) | lr=1.563e-05 | elapsed=0:06:35 | eta=0:04:51
    losses | total=2.6846e+00 | fourier=2.6846e+00 | amplitude=1.7692e-02 | phase=1.2219e-02 | support=3.2771e+00
2026-08-18 07:59:52 | INFO    | TRAIN | epoch=045/100 | batch=00950/01563 ( 60.78%) | lr=1.563e-05 | elapsed=0:06:57 | eta=0:04:29
    losses | total=2.8686e+00 | fourier=2.8686e+00 | amplitude=1.6264e-02 | phase=1.7443e-02 | support=3.4390e+00
2026-08-18 08:00:14 | INFO    | TRAIN | epoch=045/100 | batch=01000/01563 ( 63.98%) | lr=1.563e-05 | elapsed=0:07:19 | eta=0:04:07
    losses | total=2.9477e+00 | fourier=2.9477e+00 | amplitude=1.7416e-02 | phase=2.4562e-02 | support=3.5215e+00
2026-08-18 08:00:36 | INFO    | TRAIN | epoch=045/100 | batch=01050/01563 ( 67.18%) | lr=1.563e-05 | elapsed=0:07:41 | eta=0:03:45
    losses | total=3.1514e+00 | fourier=3.1514e+00 | amplitude=1.8560e-02 | phase=1.6705e-02 | support=3.4035e+00
2026-08-18 08:00:58 | INFO    | TRAIN | epoch=045/100 | batch=01100/01563 ( 70.38%) | lr=1.563e-05 | elapsed=0:08:03 | eta=0:03:23
    losses | total=2.8682e+00 | fourier=2.8682e+00 | amplitude=2.1894e-02 | phase=2.1047e-02 | support=3.9046e+00
2026-08-18 08:01:20 | INFO    | TRAIN | epoch=045/100 | batch=01150/01563 ( 73.58%) | lr=1.563e-05 | elapsed=0:08:25 | eta=0:03:01
    losses | total=2.8163e+00 | fourier=2.8163e+00 | amplitude=2.0343e-02 | phase=1.5362e-02 | support=3.6141e+00
2026-08-18 08:01:42 | INFO    | TRAIN | epoch=045/100 | batch=01200/01563 ( 76.78%) | lr=1.563e-05 | elapsed=0:08:47 | eta=0:02:39
    losses | total=2.7953e+00 | fourier=2.7953e+00 | amplitude=1.7442e-02 | phase=2.0389e-02 | support=3.4090e+00
2026-08-18 08:02:04 | INFO    | TRAIN | epoch=045/100 | batch=01250/01563 ( 79.97%) | lr=1.563e-05 | elapsed=0:09:09 | eta=0:02:17
    losses | total=2.8784e+00 | fourier=2.8784e+00 | amplitude=2.0503e-02 | phase=1.9811e-02 | support=3.4907e+00
2026-08-18 08:02:26 | INFO    | TRAIN | epoch=045/100 | batch=01300/01563 ( 83.17%) | lr=1.563e-05 | elapsed=0:09:31 | eta=0:01:55
    losses | total=2.8656e+00 | fourier=2.8656e+00 | amplitude=2.0312e-02 | phase=2.1028e-02 | support=3.5926e+00
2026-08-18 08:02:48 | INFO    | TRAIN | epoch=045/100 | batch=01350/01563 ( 86.37%) | lr=1.563e-05 | elapsed=0:09:53 | eta=0:01:33
    losses | total=2.9647e+00 | fourier=2.9647e+00 | amplitude=2.0280e-02 | phase=1.8453e-02 | support=3.5817e+00
2026-08-18 08:03:10 | INFO    | TRAIN | epoch=045/100 | batch=01400/01563 ( 89.57%) | lr=1.563e-05 | elapsed=0:10:15 | eta=0:01:11
    losses | total=2.8068e+00 | fourier=2.8068e+00 | amplitude=1.7427e-02 | phase=1.3561e-02 | support=3.3178e+00
2026-08-18 08:03:32 | INFO    | TRAIN | epoch=045/100 | batch=01450/01563 ( 92.77%) | lr=1.563e-05 | elapsed=0:10:37 | eta=0:00:49
    losses | total=2.9030e+00 | fourier=2.9030e+00 | amplitude=1.8671e-02 | phase=1.6880e-02 | support=3.2227e+00
2026-08-18 08:03:54 | INFO    | TRAIN | epoch=045/100 | batch=01500/01563 ( 95.97%) | lr=1.563e-05 | elapsed=0:10:59 | eta=0:00:27
    losses | total=2.7094e+00 | fourier=2.7094e+00 | amplitude=1.8560e-02 | phase=1.3008e-02 | support=3.6644e+00
2026-08-18 08:04:16 | INFO    | TRAIN | epoch=045/100 | batch=01550/01563 ( 99.17%) | lr=1.563e-05 | elapsed=0:11:21 | eta=0:00:05
    losses | total=2.8387e+00 | fourier=2.8387e+00 | amplitude=1.9616e-02 | phase=1.4689e-02 | support=3.4369e+00
2026-08-18 08:04:21 | INFO    | TRAIN | epoch=045/100 | batch=01563/01563 (100.00%) | lr=1.563e-05 | elapsed=0:11:26 | eta=0:00:00
    losses | total=2.8724e+00 | fourier=2.8724e+00 | amplitude=1.7948e-02 | phase=2.1008e-02 | support=2.8474e+00
2026-08-18 08:04:22 | INFO    | TRAIN epoch 045 complete | batches=1563 | samples=25000 | time=0:11:27
2026-08-18 08:04:27 | INFO    | VAL | epoch=045/100 | batch=00050/00313 ( 15.97%) | elapsed=0:00:05 | eta=0:00:28
    losses | total=4.2503e+00 | fourier=4.2503e+00 | amplitude=1.9916e-02 | phase=2.0315e-02 | support=3.4545e+00
2026-08-18 08:04:32 | INFO    | VAL | epoch=045/100 | batch=00100/00313 ( 31.95%) | elapsed=0:00:10 | eta=0:00:22
    losses | total=3.3781e+00 | fourier=3.3781e+00 | amplitude=2.0763e-02 | phase=1.5510e-02 | support=3.6251e+00
2026-08-18 08:04:37 | INFO    | VAL | epoch=045/100 | batch=00150/00313 ( 47.92%) | elapsed=0:00:15 | eta=0:00:17
    losses | total=3.7506e+00 | fourier=3.7506e+00 | amplitude=1.8527e-02 | phase=1.6418e-02 | support=3.2933e+00
2026-08-18 08:04:43 | INFO    | VAL | epoch=045/100 | batch=00200/00313 ( 63.90%) | elapsed=0:00:21 | eta=0:00:11
    losses | total=3.8687e+00 | fourier=3.8687e+00 | amplitude=1.9349e-02 | phase=1.5493e-02 | support=3.5538e+00
2026-08-18 08:04:48 | INFO    | VAL | epoch=045/100 | batch=00250/00313 ( 79.87%) | elapsed=0:00:26 | eta=0:00:06
    losses | total=3.7326e+00 | fourier=3.7326e+00 | amplitude=2.0633e-02 | phase=2.1082e-02 | support=3.3444e+00
2026-08-18 08:04:53 | INFO    | VAL | epoch=045/100 | batch=00300/00313 ( 95.85%) | elapsed=0:00:31 | eta=0:00:01
    losses | total=3.5868e+00 | fourier=3.5868e+00 | amplitude=2.0890e-02 | phase=2.0288e-02 | support=3.3192e+00
2026-08-18 08:04:54 | INFO    | VAL | epoch=045/100 | batch=00313/00313 (100.00%) | elapsed=0:00:32 | eta=0:00:00
    losses | total=3.9426e+00 | fourier=3.9426e+00 | amplitude=1.7655e-02 | phase=1.6821e-02 | support=3.1154e+00
2026-08-18 08:04:54 | INFO    | VAL epoch 045 complete | batches=313 | samples=5000 | time=0:00:32
2026-08-18 08:04:54 | INFO    | Cross-skip strengths | 8/phase_to_amp=+5.5225e-03 | 8/amp_to_phase=-3.2049e-02 | 16/phase_to_amp=-1.6498e-02 | 16/amp_to_phase=+9.1987e-02
2026-08-18 08:04:55 | INFO    | 
------------------------------------------------------------------------------------------------
Epoch 045/100 summary
split             total      fourier    amplitude        phase      support        time
train        2.8856e+00   2.8856e+00   1.9468e-02   1.7389e-02   3.4546e+00     0:11:27
validation   3.6931e+00   3.6931e+00   1.9482e-02   1.7467e-02   3.4498e+00     0:00:32
lr=1.563e-05 | best_val=3.6927e+00 | best_updated=no | periodic_checkpoint=no
------------------------------------------------------------------------------------------------
2026-08-18 08:05:17 | INFO    | TRAIN | epoch=046/100 | batch=00050/01563 (  3.20%) | lr=1.563e-05 | elapsed=0:00:22 | eta=0:11:09
    losses | total=2.7491e+00 | fourier=2.7491e+00 | amplitude=1.7796e-02 | phase=1.6754e-02 | support=3.4952e+00
2026-08-18 08:05:39 | INFO    | TRAIN | epoch=046/100 | batch=00100/01563 (  6.40%) | lr=1.563e-05 | elapsed=0:00:44 | eta=0:10:44
    losses | total=2.7757e+00 | fourier=2.7757e+00 | amplitude=1.7600e-02 | phase=1.6632e-02 | support=3.7998e+00
2026-08-18 08:06:01 | INFO    | TRAIN | epoch=046/100 | batch=00150/01563 (  9.60%) | lr=1.563e-05 | elapsed=0:01:06 | eta=0:10:21
    losses | total=2.9997e+00 | fourier=2.9997e+00 | amplitude=1.9901e-02 | phase=1.6287e-02 | support=2.9754e+00
2026-08-18 08:06:23 | INFO    | TRAIN | epoch=046/100 | batch=00200/01563 ( 12.80%) | lr=1.563e-05 | elapsed=0:01:27 | eta=0:09:59
    losses | total=3.0102e+00 | fourier=3.0102e+00 | amplitude=2.0864e-02 | phase=1.6387e-02 | support=3.3412e+00
2026-08-18 08:06:45 | INFO    | TRAIN | epoch=046/100 | batch=00250/01563 ( 15.99%) | lr=1.563e-05 | elapsed=0:01:49 | eta=0:09:37
    losses | total=2.9114e+00 | fourier=2.9114e+00 | amplitude=2.0094e-02 | phase=2.3152e-02 | support=3.1809e+00
2026-08-18 08:07:07 | INFO    | TRAIN | epoch=046/100 | batch=00300/01563 ( 19.19%) | lr=1.563e-05 | elapsed=0:02:11 | eta=0:09:15
    losses | total=2.8931e+00 | fourier=2.8931e+00 | amplitude=1.7094e-02 | phase=1.8304e-02 | support=3.6540e+00
2026-08-18 08:07:29 | INFO    | TRAIN | epoch=046/100 | batch=00350/01563 ( 22.39%) | lr=1.563e-05 | elapsed=0:02:33 | eta=0:08:53
    losses | total=2.9884e+00 | fourier=2.9884e+00 | amplitude=2.1775e-02 | phase=2.1605e-02 | support=3.4648e+00
2026-08-18 08:07:50 | INFO    | TRAIN | epoch=046/100 | batch=00400/01563 ( 25.59%) | lr=1.563e-05 | elapsed=0:02:55 | eta=0:08:30
    losses | total=2.9950e+00 | fourier=2.9950e+00 | amplitude=2.0570e-02 | phase=1.6169e-02 | support=3.4171e+00
2026-08-18 08:08:12 | INFO    | TRAIN | epoch=046/100 | batch=00450/01563 ( 28.79%) | lr=1.563e-05 | elapsed=0:03:17 | eta=0:08:08
    losses | total=3.0281e+00 | fourier=3.0281e+00 | amplitude=1.7713e-02 | phase=1.6161e-02 | support=3.2572e+00
2026-08-18 08:08:34 | INFO    | TRAIN | epoch=046/100 | batch=00500/01563 ( 31.99%) | lr=1.563e-05 | elapsed=0:03:39 | eta=0:07:46
    losses | total=2.8262e+00 | fourier=2.8262e+00 | amplitude=1.7996e-02 | phase=1.5102e-02 | support=3.2133e+00
2026-08-18 08:08:56 | INFO    | TRAIN | epoch=046/100 | batch=00550/01563 ( 35.19%) | lr=1.563e-05 | elapsed=0:04:01 | eta=0:07:24
    losses | total=2.7697e+00 | fourier=2.7697e+00 | amplitude=2.3259e-02 | phase=1.5592e-02 | support=3.4770e+00
2026-08-18 08:09:18 | INFO    | TRAIN | epoch=046/100 | batch=00600/01563 ( 38.39%) | lr=1.563e-05 | elapsed=0:04:23 | eta=0:07:02
    losses | total=2.8437e+00 | fourier=2.8437e+00 | amplitude=1.7583e-02 | phase=1.3413e-02 | support=3.1594e+00
2026-08-18 08:09:40 | INFO    | TRAIN | epoch=046/100 | batch=00650/01563 ( 41.59%) | lr=1.563e-05 | elapsed=0:04:45 | eta=0:06:40
    losses | total=2.9321e+00 | fourier=2.9321e+00 | amplitude=1.7456e-02 | phase=1.5578e-02 | support=3.4003e+00
2026-08-18 08:10:02 | INFO    | TRAIN | epoch=046/100 | batch=00700/01563 ( 44.79%) | lr=1.563e-05 | elapsed=0:05:07 | eta=0:06:19
    losses | total=3.1489e+00 | fourier=3.1489e+00 | amplitude=2.1819e-02 | phase=1.5364e-02 | support=3.4512e+00
2026-08-18 08:10:24 | INFO    | TRAIN | epoch=046/100 | batch=00750/01563 ( 47.98%) | lr=1.563e-05 | elapsed=0:05:29 | eta=0:05:57
    losses | total=2.9109e+00 | fourier=2.9109e+00 | amplitude=1.9473e-02 | phase=2.0576e-02 | support=3.6061e+00
2026-08-18 08:10:46 | INFO    | TRAIN | epoch=046/100 | batch=00800/01563 ( 51.18%) | lr=1.563e-05 | elapsed=0:05:51 | eta=0:05:35
    losses | total=2.9048e+00 | fourier=2.9048e+00 | amplitude=1.7457e-02 | phase=1.8027e-02 | support=3.3372e+00
2026-08-18 08:11:08 | INFO    | TRAIN | epoch=046/100 | batch=00850/01563 ( 54.38%) | lr=1.563e-05 | elapsed=0:06:13 | eta=0:05:13
    losses | total=2.7254e+00 | fourier=2.7254e+00 | amplitude=1.8589e-02 | phase=1.3985e-02 | support=4.0943e+00
2026-08-18 08:11:30 | INFO    | TRAIN | epoch=046/100 | batch=00900/01563 ( 57.58%) | lr=1.563e-05 | elapsed=0:06:35 | eta=0:04:51
    losses | total=2.8197e+00 | fourier=2.8197e+00 | amplitude=1.9611e-02 | phase=1.3452e-02 | support=3.7678e+00
2026-08-18 08:11:52 | INFO    | TRAIN | epoch=046/100 | batch=00950/01563 ( 60.78%) | lr=1.563e-05 | elapsed=0:06:57 | eta=0:04:29
    losses | total=2.8134e+00 | fourier=2.8134e+00 | amplitude=2.0359e-02 | phase=1.2175e-02 | support=3.7208e+00
2026-08-18 08:12:14 | INFO    | TRAIN | epoch=046/100 | batch=01000/01563 ( 63.98%) | lr=1.563e-05 | elapsed=0:07:19 | eta=0:04:07
    losses | total=3.0931e+00 | fourier=3.0931e+00 | amplitude=1.7333e-02 | phase=1.9582e-02 | support=3.6370e+00
2026-08-18 08:12:36 | INFO    | TRAIN | epoch=046/100 | batch=01050/01563 ( 67.18%) | lr=1.563e-05 | elapsed=0:07:41 | eta=0:03:45
    losses | total=2.9930e+00 | fourier=2.9930e+00 | amplitude=2.0345e-02 | phase=1.7005e-02 | support=3.0513e+00
2026-08-18 08:12:58 | INFO    | TRAIN | epoch=046/100 | batch=01100/01563 ( 70.38%) | lr=1.563e-05 | elapsed=0:08:02 | eta=0:03:23
    losses | total=2.6582e+00 | fourier=2.6582e+00 | amplitude=1.6336e-02 | phase=1.5827e-02 | support=3.3307e+00
2026-08-18 08:13:20 | INFO    | TRAIN | epoch=046/100 | batch=01150/01563 ( 73.58%) | lr=1.563e-05 | elapsed=0:08:24 | eta=0:03:01
    losses | total=2.6677e+00 | fourier=2.6677e+00 | amplitude=1.6534e-02 | phase=1.1060e-02 | support=3.3346e+00
2026-08-18 08:13:42 | INFO    | TRAIN | epoch=046/100 | batch=01200/01563 ( 76.78%) | lr=1.563e-05 | elapsed=0:08:46 | eta=0:02:39
    losses | total=3.0696e+00 | fourier=3.0696e+00 | amplitude=2.1213e-02 | phase=1.9644e-02 | support=3.5998e+00
2026-08-18 08:14:04 | INFO    | TRAIN | epoch=046/100 | batch=01250/01563 ( 79.97%) | lr=1.563e-05 | elapsed=0:09:08 | eta=0:02:17
    losses | total=2.7661e+00 | fourier=2.7661e+00 | amplitude=1.8877e-02 | phase=1.5028e-02 | support=3.6497e+00
2026-08-18 08:14:25 | INFO    | TRAIN | epoch=046/100 | batch=01300/01563 ( 83.17%) | lr=1.563e-05 | elapsed=0:09:30 | eta=0:01:55
    losses | total=2.6749e+00 | fourier=2.6749e+00 | amplitude=1.9156e-02 | phase=1.3689e-02 | support=3.4049e+00
2026-08-18 08:14:47 | INFO    | TRAIN | epoch=046/100 | batch=01350/01563 ( 86.37%) | lr=1.563e-05 | elapsed=0:09:52 | eta=0:01:33
    losses | total=2.9236e+00 | fourier=2.9236e+00 | amplitude=2.0010e-02 | phase=1.6972e-02 | support=3.5207e+00
2026-08-18 08:15:09 | INFO    | TRAIN | epoch=046/100 | batch=01400/01563 ( 89.57%) | lr=1.563e-05 | elapsed=0:10:14 | eta=0:01:11
    losses | total=2.8081e+00 | fourier=2.8081e+00 | amplitude=2.0024e-02 | phase=2.0683e-02 | support=3.0498e+00
2026-08-18 08:15:31 | INFO    | TRAIN | epoch=046/100 | batch=01450/01563 ( 92.77%) | lr=1.563e-05 | elapsed=0:10:36 | eta=0:00:49
    losses | total=2.7393e+00 | fourier=2.7393e+00 | amplitude=1.7493e-02 | phase=1.3104e-02 | support=3.7000e+00
2026-08-18 08:15:53 | INFO    | TRAIN | epoch=046/100 | batch=01500/01563 ( 95.97%) | lr=1.563e-05 | elapsed=0:10:58 | eta=0:00:27
    losses | total=2.9002e+00 | fourier=2.9002e+00 | amplitude=2.2186e-02 | phase=1.9576e-02 | support=3.1134e+00
2026-08-18 08:16:15 | INFO    | TRAIN | epoch=046/100 | batch=01550/01563 ( 99.17%) | lr=1.563e-05 | elapsed=0:11:20 | eta=0:00:05
    losses | total=2.7086e+00 | fourier=2.7086e+00 | amplitude=1.6372e-02 | phase=1.2199e-02 | support=3.8194e+00
2026-08-18 08:16:21 | INFO    | TRAIN | epoch=046/100 | batch=01563/01563 (100.00%) | lr=1.563e-05 | elapsed=0:11:25 | eta=0:00:00
    losses | total=2.9118e+00 | fourier=2.9118e+00 | amplitude=1.8366e-02 | phase=1.8771e-02 | support=4.0438e+00
2026-08-18 08:16:21 | INFO    | TRAIN epoch 046 complete | batches=1563 | samples=25000 | time=0:11:26
2026-08-18 08:16:26 | INFO    | VAL | epoch=046/100 | batch=00050/00313 ( 15.97%) | elapsed=0:00:05 | eta=0:00:28
    losses | total=4.2450e+00 | fourier=4.2450e+00 | amplitude=1.9869e-02 | phase=2.0382e-02 | support=3.4395e+00
2026-08-18 08:16:32 | INFO    | VAL | epoch=046/100 | batch=00100/00313 ( 31.95%) | elapsed=0:00:10 | eta=0:00:22
    losses | total=3.3756e+00 | fourier=3.3756e+00 | amplitude=2.0747e-02 | phase=1.5582e-02 | support=3.6116e+00
2026-08-18 08:16:37 | INFO    | VAL | epoch=046/100 | batch=00150/00313 ( 47.92%) | elapsed=0:00:15 | eta=0:00:17
    losses | total=3.7484e+00 | fourier=3.7484e+00 | amplitude=1.8509e-02 | phase=1.6445e-02 | support=3.2804e+00
2026-08-18 08:16:42 | INFO    | VAL | epoch=046/100 | batch=00200/00313 ( 63.90%) | elapsed=0:00:21 | eta=0:00:11
    losses | total=3.8796e+00 | fourier=3.8796e+00 | amplitude=1.9318e-02 | phase=1.5511e-02 | support=3.5366e+00
2026-08-18 08:16:47 | INFO    | VAL | epoch=046/100 | batch=00250/00313 ( 79.87%) | elapsed=0:00:26 | eta=0:00:06
    losses | total=3.7312e+00 | fourier=3.7312e+00 | amplitude=2.0611e-02 | phase=2.1137e-02 | support=3.3331e+00
2026-08-18 08:16:52 | INFO    | VAL | epoch=046/100 | batch=00300/00313 ( 95.85%) | elapsed=0:00:31 | eta=0:00:01
    losses | total=3.5996e+00 | fourier=3.5996e+00 | amplitude=2.0858e-02 | phase=2.0364e-02 | support=3.3060e+00
2026-08-18 08:16:54 | INFO    | VAL | epoch=046/100 | batch=00313/00313 (100.00%) | elapsed=0:00:32 | eta=0:00:00
    losses | total=3.9415e+00 | fourier=3.9415e+00 | amplitude=1.7652e-02 | phase=1.6925e-02 | support=3.1042e+00
2026-08-18 08:16:54 | INFO    | VAL epoch 046 complete | batches=313 | samples=5000 | time=0:00:32
2026-08-18 08:16:54 | INFO    | Cross-skip strengths | 8/phase_to_amp=+5.7571e-03 | 8/amp_to_phase=-3.2222e-02 | 16/phase_to_amp=-1.6563e-02 | 16/amp_to_phase=+9.2092e-02
2026-08-18 08:16:54 | INFO    | 
------------------------------------------------------------------------------------------------
Epoch 046/100 summary
split             total      fourier    amplitude        phase      support        time
train        2.8846e+00   2.8846e+00   1.9468e-02   1.7390e-02   3.4534e+00     0:11:26
validation   3.6920e+00   3.6920e+00   1.9466e-02   1.7539e-02   3.4373e+00     0:00:32
lr=1.563e-05 | best_val=3.6920e+00 | best_updated=yes | periodic_checkpoint=no
------------------------------------------------------------------------------------------------
2026-08-18 08:17:16 | INFO    | TRAIN | epoch=047/100 | batch=00050/01563 (  3.20%) | lr=1.563e-05 | elapsed=0:00:22 | eta=0:11:10
    losses | total=3.3457e+00 | fourier=3.3457e+00 | amplitude=2.2696e-02 | phase=2.0452e-02 | support=3.7406e+00
2026-08-18 08:17:38 | INFO    | TRAIN | epoch=047/100 | batch=00100/01563 (  6.40%) | lr=1.563e-05 | elapsed=0:00:44 | eta=0:10:45
    losses | total=2.6455e+00 | fourier=2.6455e+00 | amplitude=1.6798e-02 | phase=1.5080e-02 | support=3.5504e+00
2026-08-18 08:18:00 | INFO    | TRAIN | epoch=047/100 | batch=00150/01563 (  9.60%) | lr=1.563e-05 | elapsed=0:01:06 | eta=0:10:22
    losses | total=2.8041e+00 | fourier=2.8041e+00 | amplitude=2.0770e-02 | phase=1.4503e-02 | support=3.5101e+00
2026-08-18 08:18:22 | INFO    | TRAIN | epoch=047/100 | batch=00200/01563 ( 12.80%) | lr=1.563e-05 | elapsed=0:01:27 | eta=0:09:59
    losses | total=2.9816e+00 | fourier=2.9816e+00 | amplitude=1.9750e-02 | phase=2.3494e-02 | support=3.2796e+00
2026-08-18 08:18:44 | INFO    | TRAIN | epoch=047/100 | batch=00250/01563 ( 15.99%) | lr=1.563e-05 | elapsed=0:01:49 | eta=0:09:37
    losses | total=2.9120e+00 | fourier=2.9120e+00 | amplitude=1.8477e-02 | phase=2.1466e-02 | support=3.0931e+00
2026-08-18 08:19:06 | INFO    | TRAIN | epoch=047/100 | batch=00300/01563 ( 19.19%) | lr=1.563e-05 | elapsed=0:02:11 | eta=0:09:15
    losses | total=2.7821e+00 | fourier=2.7821e+00 | amplitude=2.1260e-02 | phase=1.4148e-02 | support=3.6711e+00
2026-08-18 08:19:28 | INFO    | TRAIN | epoch=047/100 | batch=00350/01563 ( 22.39%) | lr=1.563e-05 | elapsed=0:02:33 | eta=0:08:53
    losses | total=2.9643e+00 | fourier=2.9643e+00 | amplitude=1.8112e-02 | phase=1.6911e-02 | support=3.4668e+00
2026-08-18 08:19:50 | INFO    | TRAIN | epoch=047/100 | batch=00400/01563 ( 25.59%) | lr=1.563e-05 | elapsed=0:02:55 | eta=0:08:31
    losses | total=3.0565e+00 | fourier=3.0565e+00 | amplitude=1.6232e-02 | phase=1.8027e-02 | support=3.2941e+00
2026-08-18 08:20:12 | INFO    | TRAIN | epoch=047/100 | batch=00450/01563 ( 28.79%) | lr=1.563e-05 | elapsed=0:03:17 | eta=0:08:09
    losses | total=2.8329e+00 | fourier=2.8329e+00 | amplitude=1.8209e-02 | phase=1.6599e-02 | support=3.6627e+00
2026-08-18 08:20:34 | INFO    | TRAIN | epoch=047/100 | batch=00500/01563 ( 31.99%) | lr=1.563e-05 | elapsed=0:03:39 | eta=0:07:47
    losses | total=2.8948e+00 | fourier=2.8948e+00 | amplitude=1.9381e-02 | phase=1.7022e-02 | support=3.9495e+00
2026-08-18 08:20:56 | INFO    | TRAIN | epoch=047/100 | batch=00550/01563 ( 35.19%) | lr=1.563e-05 | elapsed=0:04:01 | eta=0:07:25
    losses | total=2.5795e+00 | fourier=2.5795e+00 | amplitude=1.7707e-02 | phase=1.5016e-02 | support=3.7572e+00
2026-08-18 08:21:18 | INFO    | TRAIN | epoch=047/100 | batch=00600/01563 ( 38.39%) | lr=1.563e-05 | elapsed=0:04:23 | eta=0:07:03
    losses | total=2.8732e+00 | fourier=2.8732e+00 | amplitude=1.7459e-02 | phase=1.6840e-02 | support=3.4784e+00
2026-08-18 08:21:40 | INFO    | TRAIN | epoch=047/100 | batch=00650/01563 ( 41.59%) | lr=1.563e-05 | elapsed=0:04:45 | eta=0:06:41
    losses | total=2.7826e+00 | fourier=2.7826e+00 | amplitude=1.7522e-02 | phase=1.4361e-02 | support=3.7921e+00
2026-08-18 08:22:02 | INFO    | TRAIN | epoch=047/100 | batch=00700/01563 ( 44.79%) | lr=1.563e-05 | elapsed=0:05:07 | eta=0:06:19
    losses | total=2.7185e+00 | fourier=2.7185e+00 | amplitude=1.4515e-02 | phase=1.2067e-02 | support=3.4654e+00
2026-08-18 08:22:24 | INFO    | TRAIN | epoch=047/100 | batch=00750/01563 ( 47.98%) | lr=1.563e-05 | elapsed=0:05:29 | eta=0:05:57
    losses | total=2.6628e+00 | fourier=2.6628e+00 | amplitude=2.1418e-02 | phase=1.4811e-02 | support=3.5315e+00
2026-08-18 08:22:46 | INFO    | TRAIN | epoch=047/100 | batch=00800/01563 ( 51.18%) | lr=1.563e-05 | elapsed=0:05:51 | eta=0:05:35
    losses | total=2.9060e+00 | fourier=2.9060e+00 | amplitude=1.8173e-02 | phase=2.2525e-02 | support=3.5312e+00
2026-08-18 08:23:08 | INFO    | TRAIN | epoch=047/100 | batch=00850/01563 ( 54.38%) | lr=1.563e-05 | elapsed=0:06:13 | eta=0:05:13
    losses | total=2.7920e+00 | fourier=2.7920e+00 | amplitude=1.7821e-02 | phase=1.5432e-02 | support=3.2187e+00
2026-08-18 08:23:30 | INFO    | TRAIN | epoch=047/100 | batch=00900/01563 ( 57.58%) | lr=1.563e-05 | elapsed=0:06:35 | eta=0:04:51
    losses | total=2.7062e+00 | fourier=2.7062e+00 | amplitude=1.9633e-02 | phase=1.2484e-02 | support=3.8034e+00
2026-08-18 08:23:51 | INFO    | TRAIN | epoch=047/100 | batch=00950/01563 ( 60.78%) | lr=1.563e-05 | elapsed=0:06:57 | eta=0:04:29
    losses | total=3.0251e+00 | fourier=3.0251e+00 | amplitude=1.8536e-02 | phase=1.8210e-02 | support=3.1816e+00
2026-08-18 08:24:13 | INFO    | TRAIN | epoch=047/100 | batch=01000/01563 ( 63.98%) | lr=1.563e-05 | elapsed=0:07:19 | eta=0:04:07
    losses | total=2.8763e+00 | fourier=2.8763e+00 | amplitude=1.9763e-02 | phase=1.4295e-02 | support=3.2845e+00
2026-08-18 08:24:35 | INFO    | TRAIN | epoch=047/100 | batch=01050/01563 ( 67.18%) | lr=1.563e-05 | elapsed=0:07:41 | eta=0:03:45
    losses | total=3.2013e+00 | fourier=3.2013e+00 | amplitude=2.1310e-02 | phase=2.3694e-02 | support=3.3333e+00
2026-08-18 08:24:57 | INFO    | TRAIN | epoch=047/100 | batch=01100/01563 ( 70.38%) | lr=1.563e-05 | elapsed=0:08:02 | eta=0:03:23
    losses | total=3.0028e+00 | fourier=3.0028e+00 | amplitude=2.0504e-02 | phase=2.0319e-02 | support=3.5033e+00
2026-08-18 08:25:19 | INFO    | TRAIN | epoch=047/100 | batch=01150/01563 ( 73.58%) | lr=1.563e-05 | elapsed=0:08:24 | eta=0:03:01
    losses | total=2.9943e+00 | fourier=2.9943e+00 | amplitude=1.9004e-02 | phase=1.8833e-02 | support=3.4178e+00
2026-08-18 08:25:41 | INFO    | TRAIN | epoch=047/100 | batch=01200/01563 ( 76.78%) | lr=1.563e-05 | elapsed=0:08:46 | eta=0:02:39
    losses | total=2.9000e+00 | fourier=2.9000e+00 | amplitude=1.9101e-02 | phase=1.5080e-02 | support=3.6255e+00
2026-08-18 08:26:03 | INFO    | TRAIN | epoch=047/100 | batch=01250/01563 ( 79.97%) | lr=1.563e-05 | elapsed=0:09:08 | eta=0:02:17
    losses | total=2.8693e+00 | fourier=2.8693e+00 | amplitude=1.8866e-02 | phase=1.4418e-02 | support=3.3480e+00
2026-08-18 08:26:25 | INFO    | TRAIN | epoch=047/100 | batch=01300/01563 ( 83.17%) | lr=1.563e-05 | elapsed=0:09:30 | eta=0:01:55
    losses | total=2.7612e+00 | fourier=2.7612e+00 | amplitude=1.9389e-02 | phase=1.1372e-02 | support=3.5818e+00
2026-08-18 08:26:47 | INFO    | TRAIN | epoch=047/100 | batch=01350/01563 ( 86.37%) | lr=1.563e-05 | elapsed=0:09:52 | eta=0:01:33
    losses | total=2.8805e+00 | fourier=2.8805e+00 | amplitude=2.1109e-02 | phase=2.3085e-02 | support=3.3344e+00
2026-08-18 08:27:09 | INFO    | TRAIN | epoch=047/100 | batch=01400/01563 ( 89.57%) | lr=1.563e-05 | elapsed=0:10:14 | eta=0:01:11
    losses | total=3.0032e+00 | fourier=3.0032e+00 | amplitude=2.0059e-02 | phase=1.6838e-02 | support=3.6483e+00
2026-08-18 08:27:31 | INFO    | TRAIN | epoch=047/100 | batch=01450/01563 ( 92.77%) | lr=1.563e-05 | elapsed=0:10:36 | eta=0:00:49
    losses | total=2.9244e+00 | fourier=2.9244e+00 | amplitude=1.5555e-02 | phase=1.2697e-02 | support=3.5678e+00
2026-08-18 08:27:53 | INFO    | TRAIN | epoch=047/100 | batch=01500/01563 ( 95.97%) | lr=1.563e-05 | elapsed=0:10:58 | eta=0:00:27
    losses | total=2.7065e+00 | fourier=2.7065e+00 | amplitude=1.9848e-02 | phase=1.3171e-02 | support=3.8289e+00
2026-08-18 08:28:15 | INFO    | TRAIN | epoch=047/100 | batch=01550/01563 ( 99.17%) | lr=1.563e-05 | elapsed=0:11:20 | eta=0:00:05
    losses | total=3.0769e+00 | fourier=3.0769e+00 | amplitude=2.0211e-02 | phase=1.6532e-02 | support=3.6220e+00
2026-08-18 08:28:20 | INFO    | TRAIN | epoch=047/100 | batch=01563/01563 (100.00%) | lr=1.563e-05 | elapsed=0:11:25 | eta=0:00:00
    losses | total=2.7679e+00 | fourier=2.7679e+00 | amplitude=1.7131e-02 | phase=1.2700e-02 | support=3.5799e+00
2026-08-18 08:28:21 | INFO    | TRAIN epoch 047 complete | batches=1563 | samples=25000 | time=0:11:26
2026-08-18 08:28:26 | INFO    | VAL | epoch=047/100 | batch=00050/00313 ( 15.97%) | elapsed=0:00:05 | eta=0:00:28
    losses | total=4.2495e+00 | fourier=4.2495e+00 | amplitude=1.9908e-02 | phase=2.0320e-02 | support=3.4537e+00
2026-08-18 08:28:31 | INFO    | VAL | epoch=047/100 | batch=00100/00313 ( 31.95%) | elapsed=0:00:10 | eta=0:00:22
    losses | total=3.3766e+00 | fourier=3.3766e+00 | amplitude=2.0767e-02 | phase=1.5543e-02 | support=3.6243e+00
2026-08-18 08:28:36 | INFO    | VAL | epoch=047/100 | batch=00150/00313 ( 47.92%) | elapsed=0:00:15 | eta=0:00:17
    losses | total=3.7484e+00 | fourier=3.7484e+00 | amplitude=1.8534e-02 | phase=1.6373e-02 | support=3.2941e+00
2026-08-18 08:28:42 | INFO    | VAL | epoch=047/100 | batch=00200/00313 ( 63.90%) | elapsed=0:00:21 | eta=0:00:11
    losses | total=3.8805e+00 | fourier=3.8805e+00 | amplitude=1.9334e-02 | phase=1.5458e-02 | support=3.5493e+00
2026-08-18 08:28:47 | INFO    | VAL | epoch=047/100 | batch=00250/00313 ( 79.87%) | elapsed=0:00:26 | eta=0:00:06
    losses | total=3.7368e+00 | fourier=3.7368e+00 | amplitude=2.0635e-02 | phase=2.1093e-02 | support=3.3437e+00
2026-08-18 08:28:52 | INFO    | VAL | epoch=047/100 | batch=00300/00313 ( 95.85%) | elapsed=0:00:31 | eta=0:00:01
    losses | total=3.5963e+00 | fourier=3.5963e+00 | amplitude=2.0899e-02 | phase=2.0309e-02 | support=3.3208e+00
2026-08-18 08:28:53 | INFO    | VAL | epoch=047/100 | batch=00313/00313 (100.00%) | elapsed=0:00:32 | eta=0:00:00
    losses | total=3.9411e+00 | fourier=3.9411e+00 | amplitude=1.7656e-02 | phase=1.6865e-02 | support=3.1136e+00
2026-08-18 08:28:53 | INFO    | VAL epoch 047 complete | batches=313 | samples=5000 | time=0:00:32
2026-08-18 08:28:53 | INFO    | Cross-skip strengths | 8/phase_to_amp=+5.4593e-03 | 8/amp_to_phase=-3.2371e-02 | 16/phase_to_amp=-1.6723e-02 | 16/amp_to_phase=+9.2221e-02
2026-08-18 08:28:54 | INFO    | 
------------------------------------------------------------------------------------------------
Epoch 047/100 summary
split             total      fourier    amplitude        phase      support        time
train        2.8847e+00   2.8847e+00   1.9468e-02   1.7383e-02   3.4542e+00     0:11:26
validation   3.6933e+00   3.6933e+00   1.9487e-02   1.7486e-02   3.4491e+00     0:00:32
lr=1.563e-05 | best_val=3.6920e+00 | best_updated=no | periodic_checkpoint=no
------------------------------------------------------------------------------------------------
2026-08-18 08:29:16 | INFO    | TRAIN | epoch=048/100 | batch=00050/01563 (  3.20%) | lr=1.563e-05 | elapsed=0:00:22 | eta=0:11:09
    losses | total=2.8643e+00 | fourier=2.8643e+00 | amplitude=2.0710e-02 | phase=1.8745e-02 | support=3.7554e+00
2026-08-18 08:29:38 | INFO    | TRAIN | epoch=048/100 | batch=00100/01563 (  6.40%) | lr=1.563e-05 | elapsed=0:00:44 | eta=0:10:45
    losses | total=2.6874e+00 | fourier=2.6874e+00 | amplitude=1.6189e-02 | phase=1.3749e-02 | support=3.4121e+00
2026-08-18 08:30:00 | INFO    | TRAIN | epoch=048/100 | batch=00150/01563 (  9.60%) | lr=1.563e-05 | elapsed=0:01:06 | eta=0:10:22
    losses | total=3.0471e+00 | fourier=3.0471e+00 | amplitude=2.2406e-02 | phase=2.0831e-02 | support=3.1641e+00
2026-08-18 08:30:22 | INFO    | TRAIN | epoch=048/100 | batch=00200/01563 ( 12.80%) | lr=1.563e-05 | elapsed=0:01:28 | eta=0:10:00
    losses | total=2.9915e+00 | fourier=2.9915e+00 | amplitude=1.8861e-02 | phase=2.2756e-02 | support=3.2135e+00
2026-08-18 08:30:44 | INFO    | TRAIN | epoch=048/100 | batch=00250/01563 ( 15.99%) | lr=1.563e-05 | elapsed=0:01:50 | eta=0:09:37
    losses | total=2.9004e+00 | fourier=2.9004e+00 | amplitude=2.0245e-02 | phase=1.9791e-02 | support=3.5460e+00
2026-08-18 08:31:06 | INFO    | TRAIN | epoch=048/100 | batch=00300/01563 ( 19.19%) | lr=1.563e-05 | elapsed=0:02:12 | eta=0:09:15
    losses | total=2.8159e+00 | fourier=2.8159e+00 | amplitude=2.0330e-02 | phase=1.9591e-02 | support=3.1755e+00
2026-08-18 08:31:28 | INFO    | TRAIN | epoch=048/100 | batch=00350/01563 ( 22.39%) | lr=1.563e-05 | elapsed=0:02:33 | eta=0:08:53
    losses | total=2.6955e+00 | fourier=2.6955e+00 | amplitude=1.7487e-02 | phase=1.6781e-02 | support=3.4215e+00
2026-08-18 08:31:50 | INFO    | TRAIN | epoch=048/100 | batch=00400/01563 ( 25.59%) | lr=1.563e-05 | elapsed=0:02:55 | eta=0:08:31
    losses | total=2.8050e+00 | fourier=2.8050e+00 | amplitude=1.8464e-02 | phase=1.9628e-02 | support=3.4346e+00
2026-08-18 08:32:12 | INFO    | TRAIN | epoch=048/100 | batch=00450/01563 ( 28.79%) | lr=1.563e-05 | elapsed=0:03:17 | eta=0:08:09
    losses | total=3.2147e+00 | fourier=3.2147e+00 | amplitude=1.9507e-02 | phase=2.3702e-02 | support=3.1703e+00
2026-08-18 08:32:34 | INFO    | TRAIN | epoch=048/100 | batch=00500/01563 ( 31.99%) | lr=1.563e-05 | elapsed=0:03:39 | eta=0:07:47
    losses | total=2.9491e+00 | fourier=2.9491e+00 | amplitude=1.8045e-02 | phase=1.6149e-02 | support=3.2729e+00
2026-08-18 08:32:56 | INFO    | TRAIN | epoch=048/100 | batch=00550/01563 ( 35.19%) | lr=1.563e-05 | elapsed=0:04:01 | eta=0:07:25
    losses | total=2.9901e+00 | fourier=2.9901e+00 | amplitude=2.0708e-02 | phase=1.8958e-02 | support=3.4494e+00
2026-08-18 08:33:18 | INFO    | TRAIN | epoch=048/100 | batch=00600/01563 ( 38.39%) | lr=1.563e-05 | elapsed=0:04:23 | eta=0:07:03
    losses | total=2.7041e+00 | fourier=2.7041e+00 | amplitude=1.6113e-02 | phase=1.4209e-02 | support=3.6614e+00
2026-08-18 08:33:40 | INFO    | TRAIN | epoch=048/100 | batch=00650/01563 ( 41.59%) | lr=1.563e-05 | elapsed=0:04:45 | eta=0:06:41
    losses | total=2.8208e+00 | fourier=2.8208e+00 | amplitude=1.9478e-02 | phase=1.5319e-02 | support=3.0602e+00
2026-08-18 08:34:02 | INFO    | TRAIN | epoch=048/100 | batch=00700/01563 ( 44.79%) | lr=1.563e-05 | elapsed=0:05:07 | eta=0:06:19
    losses | total=2.7730e+00 | fourier=2.7730e+00 | amplitude=1.9097e-02 | phase=1.4768e-02 | support=3.4258e+00
2026-08-18 08:34:24 | INFO    | TRAIN | epoch=048/100 | batch=00750/01563 ( 47.98%) | lr=1.563e-05 | elapsed=0:05:29 | eta=0:05:57
    losses | total=2.6119e+00 | fourier=2.6119e+00 | amplitude=1.8508e-02 | phase=1.2025e-02 | support=4.2471e+00
2026-08-18 08:34:45 | INFO    | TRAIN | epoch=048/100 | batch=00800/01563 ( 51.18%) | lr=1.563e-05 | elapsed=0:05:51 | eta=0:05:35
    losses | total=2.8086e+00 | fourier=2.8086e+00 | amplitude=2.0005e-02 | phase=1.8911e-02 | support=3.4189e+00
2026-08-18 08:35:07 | INFO    | TRAIN | epoch=048/100 | batch=00850/01563 ( 54.38%) | lr=1.563e-05 | elapsed=0:06:13 | eta=0:05:13
    losses | total=2.8625e+00 | fourier=2.8625e+00 | amplitude=1.7451e-02 | phase=1.7831e-02 | support=3.5106e+00
2026-08-18 08:35:29 | INFO    | TRAIN | epoch=048/100 | batch=00900/01563 ( 57.58%) | lr=1.563e-05 | elapsed=0:06:35 | eta=0:04:51
    losses | total=2.7301e+00 | fourier=2.7301e+00 | amplitude=2.0787e-02 | phase=1.6093e-02 | support=3.7300e+00
2026-08-18 08:35:51 | INFO    | TRAIN | epoch=048/100 | batch=00950/01563 ( 60.78%) | lr=1.563e-05 | elapsed=0:06:57 | eta=0:04:29
    losses | total=3.1377e+00 | fourier=3.1377e+00 | amplitude=2.2656e-02 | phase=2.7918e-02 | support=3.2019e+00
2026-08-18 08:36:13 | INFO    | TRAIN | epoch=048/100 | batch=01000/01563 ( 63.98%) | lr=1.563e-05 | elapsed=0:07:19 | eta=0:04:07
    losses | total=2.8453e+00 | fourier=2.8453e+00 | amplitude=1.8614e-02 | phase=1.5810e-02 | support=3.1932e+00
2026-08-18 08:36:35 | INFO    | TRAIN | epoch=048/100 | batch=01050/01563 ( 67.18%) | lr=1.563e-05 | elapsed=0:07:41 | eta=0:03:45
    losses | total=2.7378e+00 | fourier=2.7378e+00 | amplitude=1.9947e-02 | phase=1.3342e-02 | support=3.4758e+00
2026-08-18 08:36:57 | INFO    | TRAIN | epoch=048/100 | batch=01100/01563 ( 70.38%) | lr=1.563e-05 | elapsed=0:08:03 | eta=0:03:23
    losses | total=2.7147e+00 | fourier=2.7147e+00 | amplitude=2.0145e-02 | phase=1.6071e-02 | support=3.8345e+00
2026-08-18 08:37:19 | INFO    | TRAIN | epoch=048/100 | batch=01150/01563 ( 73.58%) | lr=1.563e-05 | elapsed=0:08:25 | eta=0:03:01
    losses | total=2.9043e+00 | fourier=2.9043e+00 | amplitude=2.0394e-02 | phase=1.9306e-02 | support=3.0047e+00
2026-08-18 08:37:41 | INFO    | TRAIN | epoch=048/100 | batch=01200/01563 ( 76.78%) | lr=1.563e-05 | elapsed=0:08:47 | eta=0:02:39
    losses | total=3.0437e+00 | fourier=3.0437e+00 | amplitude=1.9820e-02 | phase=2.2882e-02 | support=3.1194e+00
2026-08-18 08:38:03 | INFO    | TRAIN | epoch=048/100 | batch=01250/01563 ( 79.97%) | lr=1.563e-05 | elapsed=0:09:09 | eta=0:02:17
    losses | total=2.6415e+00 | fourier=2.6415e+00 | amplitude=2.2019e-02 | phase=1.5622e-02 | support=3.3629e+00
2026-08-18 08:38:25 | INFO    | TRAIN | epoch=048/100 | batch=01300/01563 ( 83.17%) | lr=1.563e-05 | elapsed=0:09:31 | eta=0:01:55
    losses | total=2.8633e+00 | fourier=2.8633e+00 | amplitude=1.7623e-02 | phase=1.6638e-02 | support=3.6201e+00
2026-08-18 08:38:47 | INFO    | TRAIN | epoch=048/100 | batch=01350/01563 ( 86.37%) | lr=1.563e-05 | elapsed=0:09:53 | eta=0:01:33
    losses | total=2.7862e+00 | fourier=2.7862e+00 | amplitude=2.1730e-02 | phase=1.8815e-02 | support=3.4032e+00
2026-08-18 08:39:09 | INFO    | TRAIN | epoch=048/100 | batch=01400/01563 ( 89.57%) | lr=1.563e-05 | elapsed=0:10:15 | eta=0:01:11
    losses | total=2.8598e+00 | fourier=2.8598e+00 | amplitude=1.6405e-02 | phase=1.3801e-02 | support=3.0996e+00
2026-08-18 08:39:31 | INFO    | TRAIN | epoch=048/100 | batch=01450/01563 ( 92.77%) | lr=1.563e-05 | elapsed=0:10:37 | eta=0:00:49
    losses | total=2.9548e+00 | fourier=2.9548e+00 | amplitude=1.9007e-02 | phase=1.6185e-02 | support=3.9011e+00
2026-08-18 08:39:53 | INFO    | TRAIN | epoch=048/100 | batch=01500/01563 ( 95.97%) | lr=1.563e-05 | elapsed=0:10:59 | eta=0:00:27
    losses | total=2.7683e+00 | fourier=2.7683e+00 | amplitude=2.0115e-02 | phase=1.8917e-02 | support=3.1735e+00
2026-08-18 08:40:15 | INFO    | TRAIN | epoch=048/100 | batch=01550/01563 ( 99.17%) | lr=1.563e-05 | elapsed=0:11:21 | eta=0:00:05
    losses | total=2.6785e+00 | fourier=2.6785e+00 | amplitude=1.8114e-02 | phase=1.3131e-02 | support=3.5763e+00
2026-08-18 08:40:21 | INFO    | TRAIN | epoch=048/100 | batch=01563/01563 (100.00%) | lr=1.563e-05 | elapsed=0:11:26 | eta=0:00:00
    losses | total=3.1575e+00 | fourier=3.1575e+00 | amplitude=1.7293e-02 | phase=2.2545e-02 | support=3.2388e+00
2026-08-18 08:40:21 | INFO    | TRAIN epoch 048 complete | batches=1563 | samples=25000 | time=0:11:27
2026-08-18 08:40:26 | INFO    | VAL | epoch=048/100 | batch=00050/00313 ( 15.97%) | elapsed=0:00:05 | eta=0:00:28
    losses | total=4.2461e+00 | fourier=4.2461e+00 | amplitude=1.9896e-02 | phase=2.0365e-02 | support=3.4449e+00
2026-08-18 08:40:32 | INFO    | VAL | epoch=048/100 | batch=00100/00313 ( 31.95%) | elapsed=0:00:10 | eta=0:00:22
    losses | total=3.3755e+00 | fourier=3.3755e+00 | amplitude=2.0769e-02 | phase=1.5565e-02 | support=3.6182e+00
2026-08-18 08:40:37 | INFO    | VAL | epoch=048/100 | batch=00150/00313 ( 47.92%) | elapsed=0:00:15 | eta=0:00:17
    losses | total=3.7439e+00 | fourier=3.7439e+00 | amplitude=1.8534e-02 | phase=1.6463e-02 | support=3.2869e+00
2026-08-18 08:40:42 | INFO    | VAL | epoch=048/100 | batch=00200/00313 ( 63.90%) | elapsed=0:00:21 | eta=0:00:11
    losses | total=3.8715e+00 | fourier=3.8715e+00 | amplitude=1.9327e-02 | phase=1.5505e-02 | support=3.5431e+00
2026-08-18 08:40:47 | INFO    | VAL | epoch=048/100 | batch=00250/00313 ( 79.87%) | elapsed=0:00:26 | eta=0:00:06
    losses | total=3.7383e+00 | fourier=3.7383e+00 | amplitude=2.0628e-02 | phase=2.1122e-02 | support=3.3372e+00
2026-08-18 08:40:52 | INFO    | VAL | epoch=048/100 | batch=00300/00313 ( 95.85%) | elapsed=0:00:31 | eta=0:00:01
    losses | total=3.5929e+00 | fourier=3.5929e+00 | amplitude=2.0871e-02 | phase=2.0334e-02 | support=3.3112e+00
2026-08-18 08:40:54 | INFO    | VAL | epoch=048/100 | batch=00313/00313 (100.00%) | elapsed=0:00:32 | eta=0:00:00
    losses | total=3.9416e+00 | fourier=3.9416e+00 | amplitude=1.7669e-02 | phase=1.6913e-02 | support=3.1094e+00
2026-08-18 08:40:54 | INFO    | VAL epoch 048 complete | batches=313 | samples=5000 | time=0:00:32
2026-08-18 08:40:54 | INFO    | Cross-skip strengths | 8/phase_to_amp=+5.8872e-03 | 8/amp_to_phase=-3.2221e-02 | 16/phase_to_amp=-1.6751e-02 | 16/amp_to_phase=+9.2292e-02
2026-08-18 08:40:54 | INFO    | 
------------------------------------------------------------------------------------------------
Epoch 048/100 summary
split             total      fourier    amplitude        phase      support        time
train        2.8852e+00   2.8852e+00   1.9468e-02   1.7388e-02   3.4551e+00     0:11:27
validation   3.6923e+00   3.6923e+00   1.9478e-02   1.7518e-02   3.4422e+00     0:00:32
lr=1.563e-05 | best_val=3.6920e+00 | best_updated=no | periodic_checkpoint=no
------------------------------------------------------------------------------------------------
2026-08-18 08:41:16 | INFO    | TRAIN | epoch=049/100 | batch=00050/01563 (  3.20%) | lr=1.563e-05 | elapsed=0:00:22 | eta=0:11:10
    losses | total=2.7310e+00 | fourier=2.7310e+00 | amplitude=1.8381e-02 | phase=1.1724e-02 | support=3.5112e+00
2026-08-18 08:41:38 | INFO    | TRAIN | epoch=049/100 | batch=00100/01563 (  6.40%) | lr=1.563e-05 | elapsed=0:00:44 | eta=0:10:45
    losses | total=2.8811e+00 | fourier=2.8811e+00 | amplitude=1.5534e-02 | phase=1.4149e-02 | support=3.1770e+00
2026-08-18 08:42:00 | INFO    | TRAIN | epoch=049/100 | batch=00150/01563 (  9.60%) | lr=1.563e-05 | elapsed=0:01:06 | eta=0:10:22
    losses | total=2.9839e+00 | fourier=2.9839e+00 | amplitude=1.8933e-02 | phase=1.3324e-02 | support=3.5447e+00
2026-08-18 08:42:22 | INFO    | TRAIN | epoch=049/100 | batch=00200/01563 ( 12.80%) | lr=1.563e-05 | elapsed=0:01:28 | eta=0:10:00
    losses | total=2.9847e+00 | fourier=2.9847e+00 | amplitude=1.6888e-02 | phase=1.6205e-02 | support=3.4584e+00
2026-08-18 08:42:44 | INFO    | TRAIN | epoch=049/100 | batch=00250/01563 ( 15.99%) | lr=1.563e-05 | elapsed=0:01:50 | eta=0:09:37
    losses | total=2.7756e+00 | fourier=2.7756e+00 | amplitude=2.0372e-02 | phase=1.6525e-02 | support=4.0840e+00
2026-08-18 08:43:06 | INFO    | TRAIN | epoch=049/100 | batch=00300/01563 ( 19.19%) | lr=1.563e-05 | elapsed=0:02:12 | eta=0:09:15
    losses | total=2.8288e+00 | fourier=2.8288e+00 | amplitude=1.9390e-02 | phase=1.5664e-02 | support=3.8900e+00
2026-08-18 08:43:28 | INFO    | TRAIN | epoch=049/100 | batch=00350/01563 ( 22.39%) | lr=1.563e-05 | elapsed=0:02:33 | eta=0:08:53
    losses | total=2.8522e+00 | fourier=2.8522e+00 | amplitude=1.8605e-02 | phase=1.3864e-02 | support=3.6131e+00
2026-08-18 08:43:50 | INFO    | TRAIN | epoch=049/100 | batch=00400/01563 ( 25.59%) | lr=1.563e-05 | elapsed=0:02:55 | eta=0:08:31
    losses | total=2.6230e+00 | fourier=2.6230e+00 | amplitude=1.8340e-02 | phase=1.6072e-02 | support=3.4558e+00
2026-08-18 08:44:12 | INFO    | TRAIN | epoch=049/100 | batch=00450/01563 ( 28.79%) | lr=1.563e-05 | elapsed=0:03:17 | eta=0:08:09
    losses | total=2.9177e+00 | fourier=2.9177e+00 | amplitude=1.9741e-02 | phase=2.0738e-02 | support=3.2828e+00
2026-08-18 08:44:34 | INFO    | TRAIN | epoch=049/100 | batch=00500/01563 ( 31.99%) | lr=1.563e-05 | elapsed=0:03:39 | eta=0:07:47
    losses | total=2.7730e+00 | fourier=2.7730e+00 | amplitude=1.9765e-02 | phase=1.6975e-02 | support=3.5860e+00
2026-08-18 08:44:56 | INFO    | TRAIN | epoch=049/100 | batch=00550/01563 ( 35.19%) | lr=1.563e-05 | elapsed=0:04:01 | eta=0:07:25
    losses | total=2.9224e+00 | fourier=2.9224e+00 | amplitude=2.1646e-02 | phase=1.7195e-02 | support=3.5017e+00
2026-08-18 08:45:18 | INFO    | TRAIN | epoch=049/100 | batch=00600/01563 ( 38.39%) | lr=1.563e-05 | elapsed=0:04:23 | eta=0:07:03
    losses | total=2.6883e+00 | fourier=2.6883e+00 | amplitude=1.8572e-02 | phase=1.3169e-02 | support=3.6832e+00
2026-08-18 08:45:40 | INFO    | TRAIN | epoch=049/100 | batch=00650/01563 ( 41.59%) | lr=1.563e-05 | elapsed=0:04:45 | eta=0:06:41
    losses | total=2.6712e+00 | fourier=2.6712e+00 | amplitude=1.9900e-02 | phase=1.8518e-02 | support=3.7035e+00
2026-08-18 08:46:02 | INFO    | TRAIN | epoch=049/100 | batch=00700/01563 ( 44.79%) | lr=1.563e-05 | elapsed=0:05:07 | eta=0:06:19
    losses | total=2.8807e+00 | fourier=2.8807e+00 | amplitude=1.8409e-02 | phase=1.7026e-02 | support=3.0330e+00
2026-08-18 08:46:24 | INFO    | TRAIN | epoch=049/100 | batch=00750/01563 ( 47.98%) | lr=1.563e-05 | elapsed=0:05:29 | eta=0:05:57
    losses | total=2.7380e+00 | fourier=2.7380e+00 | amplitude=2.0997e-02 | phase=2.4471e-02 | support=2.9620e+00
2026-08-18 08:46:46 | INFO    | TRAIN | epoch=049/100 | batch=00800/01563 ( 51.18%) | lr=1.563e-05 | elapsed=0:05:51 | eta=0:05:35
    losses | total=2.8615e+00 | fourier=2.8615e+00 | amplitude=1.9717e-02 | phase=1.7367e-02 | support=2.9572e+00
2026-08-18 08:47:08 | INFO    | TRAIN | epoch=049/100 | batch=00850/01563 ( 54.38%) | lr=1.563e-05 | elapsed=0:06:13 | eta=0:05:13
    losses | total=2.9251e+00 | fourier=2.9251e+00 | amplitude=2.1101e-02 | phase=1.8046e-02 | support=3.9419e+00
2026-08-18 08:47:30 | INFO    | TRAIN | epoch=049/100 | batch=00900/01563 ( 57.58%) | lr=1.563e-05 | elapsed=0:06:35 | eta=0:04:51
    losses | total=2.8079e+00 | fourier=2.8079e+00 | amplitude=2.0281e-02 | phase=1.6329e-02 | support=3.5958e+00
2026-08-18 08:47:52 | INFO    | TRAIN | epoch=049/100 | batch=00950/01563 ( 60.78%) | lr=1.563e-05 | elapsed=0:06:57 | eta=0:04:29
    losses | total=2.8664e+00 | fourier=2.8664e+00 | amplitude=1.7734e-02 | phase=2.3000e-02 | support=3.2812e+00
2026-08-18 08:48:14 | INFO    | TRAIN | epoch=049/100 | batch=01000/01563 ( 63.98%) | lr=1.563e-05 | elapsed=0:07:19 | eta=0:04:07
    losses | total=2.6814e+00 | fourier=2.6814e+00 | amplitude=1.7404e-02 | phase=1.0822e-02 | support=3.8050e+00
2026-08-18 08:48:36 | INFO    | TRAIN | epoch=049/100 | batch=01050/01563 ( 67.18%) | lr=1.563e-05 | elapsed=0:07:41 | eta=0:03:45
    losses | total=2.8304e+00 | fourier=2.8304e+00 | amplitude=1.9491e-02 | phase=1.3858e-02 | support=3.3694e+00
2026-08-18 08:48:58 | INFO    | TRAIN | epoch=049/100 | batch=01100/01563 ( 70.38%) | lr=1.563e-05 | elapsed=0:08:03 | eta=0:03:23
    losses | total=2.7399e+00 | fourier=2.7399e+00 | amplitude=1.6566e-02 | phase=1.6020e-02 | support=3.0353e+00
2026-08-18 08:49:20 | INFO    | TRAIN | epoch=049/100 | batch=01150/01563 ( 73.58%) | lr=1.563e-05 | elapsed=0:08:25 | eta=0:03:01
    losses | total=2.9592e+00 | fourier=2.9592e+00 | amplitude=2.0455e-02 | phase=1.7971e-02 | support=3.2513e+00
2026-08-18 08:49:42 | INFO    | TRAIN | epoch=049/100 | batch=01200/01563 ( 76.78%) | lr=1.563e-05 | elapsed=0:08:47 | eta=0:02:39
    losses | total=2.7888e+00 | fourier=2.7888e+00 | amplitude=2.1734e-02 | phase=1.5451e-02 | support=3.5469e+00
2026-08-18 08:50:04 | INFO    | TRAIN | epoch=049/100 | batch=01250/01563 ( 79.97%) | lr=1.563e-05 | elapsed=0:09:09 | eta=0:02:17
    losses | total=2.8345e+00 | fourier=2.8345e+00 | amplitude=2.3288e-02 | phase=1.8065e-02 | support=3.6411e+00
2026-08-18 08:50:26 | INFO    | TRAIN | epoch=049/100 | batch=01300/01563 ( 83.17%) | lr=1.563e-05 | elapsed=0:09:31 | eta=0:01:55
    losses | total=2.8825e+00 | fourier=2.8825e+00 | amplitude=2.0172e-02 | phase=1.7011e-02 | support=3.6243e+00
2026-08-18 08:50:48 | INFO    | TRAIN | epoch=049/100 | batch=01350/01563 ( 86.37%) | lr=1.563e-05 | elapsed=0:09:53 | eta=0:01:33
    losses | total=2.9468e+00 | fourier=2.9468e+00 | amplitude=2.3157e-02 | phase=1.7294e-02 | support=3.4783e+00
2026-08-18 08:51:10 | INFO    | TRAIN | epoch=049/100 | batch=01400/01563 ( 89.57%) | lr=1.563e-05 | elapsed=0:10:15 | eta=0:01:11
    losses | total=2.8766e+00 | fourier=2.8766e+00 | amplitude=2.2044e-02 | phase=2.2134e-02 | support=3.3284e+00
2026-08-18 08:51:32 | INFO    | TRAIN | epoch=049/100 | batch=01450/01563 ( 92.77%) | lr=1.563e-05 | elapsed=0:10:37 | eta=0:00:49
    losses | total=2.7151e+00 | fourier=2.7151e+00 | amplitude=1.8505e-02 | phase=1.4849e-02 | support=3.6505e+00
2026-08-18 08:51:54 | INFO    | TRAIN | epoch=049/100 | batch=01500/01563 ( 95.97%) | lr=1.563e-05 | elapsed=0:10:59 | eta=0:00:27
    losses | total=3.0323e+00 | fourier=3.0323e+00 | amplitude=1.8538e-02 | phase=2.2268e-02 | support=3.0861e+00
2026-08-18 08:52:16 | INFO    | TRAIN | epoch=049/100 | batch=01550/01563 ( 99.17%) | lr=1.563e-05 | elapsed=0:11:21 | eta=0:00:05
    losses | total=2.9399e+00 | fourier=2.9399e+00 | amplitude=2.0606e-02 | phase=2.1376e-02 | support=3.5564e+00
2026-08-18 08:52:21 | INFO    | TRAIN | epoch=049/100 | batch=01563/01563 (100.00%) | lr=1.563e-05 | elapsed=0:11:26 | eta=0:00:00
    losses | total=3.4774e+00 | fourier=3.4774e+00 | amplitude=2.2329e-02 | phase=2.1059e-02 | support=3.3118e+00
2026-08-18 08:52:21 | INFO    | TRAIN epoch 049 complete | batches=1563 | samples=25000 | time=0:11:27
2026-08-18 08:52:27 | INFO    | VAL | epoch=049/100 | batch=00050/00313 ( 15.97%) | elapsed=0:00:05 | eta=0:00:27
    losses | total=4.2494e+00 | fourier=4.2494e+00 | amplitude=1.9922e-02 | phase=2.0284e-02 | support=3.4534e+00
2026-08-18 08:52:32 | INFO    | VAL | epoch=049/100 | batch=00100/00313 ( 31.95%) | elapsed=0:00:10 | eta=0:00:22
    losses | total=3.3780e+00 | fourier=3.3780e+00 | amplitude=2.0785e-02 | phase=1.5527e-02 | support=3.6254e+00
2026-08-18 08:52:37 | INFO    | VAL | epoch=049/100 | batch=00150/00313 ( 47.92%) | elapsed=0:00:15 | eta=0:00:17
    losses | total=3.7482e+00 | fourier=3.7482e+00 | amplitude=1.8541e-02 | phase=1.6380e-02 | support=3.2898e+00
2026-08-18 08:52:42 | INFO    | VAL | epoch=049/100 | batch=00200/00313 ( 63.90%) | elapsed=0:00:20 | eta=0:00:11
    losses | total=3.8713e+00 | fourier=3.8713e+00 | amplitude=1.9363e-02 | phase=1.5470e-02 | support=3.5519e+00
2026-08-18 08:52:47 | INFO    | VAL | epoch=049/100 | batch=00250/00313 ( 79.87%) | elapsed=0:00:26 | eta=0:00:06
    losses | total=3.7359e+00 | fourier=3.7359e+00 | amplitude=2.0645e-02 | phase=2.1058e-02 | support=3.3434e+00
2026-08-18 08:52:53 | INFO    | VAL | epoch=049/100 | batch=00300/00313 ( 95.85%) | elapsed=0:00:31 | eta=0:00:01
    losses | total=3.5900e+00 | fourier=3.5900e+00 | amplitude=2.0907e-02 | phase=2.0325e-02 | support=3.3181e+00
2026-08-18 08:52:54 | INFO    | VAL | epoch=049/100 | batch=00313/00313 (100.00%) | elapsed=0:00:32 | eta=0:00:00
    losses | total=3.9434e+00 | fourier=3.9434e+00 | amplitude=1.7669e-02 | phase=1.6906e-02 | support=3.1109e+00
2026-08-18 08:52:54 | INFO    | VAL epoch 049 complete | batches=313 | samples=5000 | time=0:00:32
2026-08-18 08:52:54 | INFO    | Cross-skip strengths | 8/phase_to_amp=+5.6613e-03 | 8/amp_to_phase=-3.2149e-02 | 16/phase_to_amp=-1.6865e-02 | 16/amp_to_phase=+9.2452e-02
2026-08-18 08:52:54 | INFO    | 
------------------------------------------------------------------------------------------------
Epoch 049/100 summary
split             total      fourier    amplitude        phase      support        time
train        2.8843e+00   2.8843e+00   1.9468e-02   1.7386e-02   3.4555e+00     0:11:27
validation   3.6934e+00   3.6934e+00   1.9499e-02   1.7481e-02   3.4482e+00     0:00:32
lr=1.563e-05 | best_val=3.6920e+00 | best_updated=no | periodic_checkpoint=no
------------------------------------------------------------------------------------------------
2026-08-18 08:53:16 | INFO    | TRAIN | epoch=050/100 | batch=00050/01563 (  3.20%) | lr=1.563e-05 | elapsed=0:00:22 | eta=0:11:09
    losses | total=2.7588e+00 | fourier=2.7588e+00 | amplitude=2.0183e-02 | phase=1.9141e-02 | support=3.3900e+00
2026-08-18 08:53:38 | INFO    | TRAIN | epoch=050/100 | batch=00100/01563 (  6.40%) | lr=1.563e-05 | elapsed=0:00:44 | eta=0:10:44
    losses | total=2.8485e+00 | fourier=2.8485e+00 | amplitude=2.0549e-02 | phase=1.6973e-02 | support=3.6652e+00
2026-08-18 08:54:00 | INFO    | TRAIN | epoch=050/100 | batch=00150/01563 (  9.60%) | lr=1.563e-05 | elapsed=0:01:06 | eta=0:10:22
    losses | total=2.8784e+00 | fourier=2.8784e+00 | amplitude=2.3251e-02 | phase=1.8665e-02 | support=3.8461e+00
2026-08-18 08:54:22 | INFO    | TRAIN | epoch=050/100 | batch=00200/01563 ( 12.80%) | lr=1.563e-05 | elapsed=0:01:28 | eta=0:09:59
    losses | total=3.0757e+00 | fourier=3.0757e+00 | amplitude=1.9578e-02 | phase=1.8029e-02 | support=3.5358e+00
2026-08-18 08:54:44 | INFO    | TRAIN | epoch=050/100 | batch=00250/01563 ( 15.99%) | lr=1.563e-05 | elapsed=0:01:50 | eta=0:09:37
    losses | total=2.8497e+00 | fourier=2.8497e+00 | amplitude=1.7755e-02 | phase=1.7354e-02 | support=3.6970e+00
2026-08-18 08:55:06 | INFO    | TRAIN | epoch=050/100 | batch=00300/01563 ( 19.19%) | lr=1.563e-05 | elapsed=0:02:11 | eta=0:09:15
    losses | total=3.0962e+00 | fourier=3.0962e+00 | amplitude=2.2739e-02 | phase=1.8409e-02 | support=4.1868e+00
2026-08-18 08:55:28 | INFO    | TRAIN | epoch=050/100 | batch=00350/01563 ( 22.39%) | lr=1.563e-05 | elapsed=0:02:33 | eta=0:08:53
    losses | total=2.9230e+00 | fourier=2.9230e+00 | amplitude=2.0929e-02 | phase=1.9262e-02 | support=3.6616e+00
2026-08-18 08:55:50 | INFO    | TRAIN | epoch=050/100 | batch=00400/01563 ( 25.59%) | lr=1.563e-05 | elapsed=0:02:55 | eta=0:08:31
    losses | total=2.7804e+00 | fourier=2.7804e+00 | amplitude=1.8859e-02 | phase=1.4116e-02 | support=3.8090e+00
2026-08-18 08:56:12 | INFO    | TRAIN | epoch=050/100 | batch=00450/01563 ( 28.79%) | lr=1.563e-05 | elapsed=0:03:17 | eta=0:08:09
    losses | total=2.6950e+00 | fourier=2.6950e+00 | amplitude=1.8355e-02 | phase=1.3167e-02 | support=3.7002e+00
2026-08-18 08:56:34 | INFO    | TRAIN | epoch=050/100 | batch=00500/01563 ( 31.99%) | lr=1.563e-05 | elapsed=0:03:39 | eta=0:07:47
    losses | total=2.6522e+00 | fourier=2.6522e+00 | amplitude=2.0602e-02 | phase=1.3961e-02 | support=3.7778e+00
2026-08-18 08:56:56 | INFO    | TRAIN | epoch=050/100 | batch=00550/01563 ( 35.19%) | lr=1.563e-05 | elapsed=0:04:01 | eta=0:07:25
    losses | total=2.7791e+00 | fourier=2.7791e+00 | amplitude=1.9918e-02 | phase=1.3468e-02 | support=3.6559e+00
2026-08-18 08:57:18 | INFO    | TRAIN | epoch=050/100 | batch=00600/01563 ( 38.39%) | lr=1.563e-05 | elapsed=0:04:23 | eta=0:07:03
    losses | total=3.0204e+00 | fourier=3.0204e+00 | amplitude=1.7614e-02 | phase=1.7929e-02 | support=3.8754e+00
2026-08-18 08:57:40 | INFO    | TRAIN | epoch=050/100 | batch=00650/01563 ( 41.59%) | lr=1.563e-05 | elapsed=0:04:45 | eta=0:06:41
    losses | total=2.8356e+00 | fourier=2.8356e+00 | amplitude=1.7507e-02 | phase=1.6914e-02 | support=3.3648e+00
2026-08-18 08:58:02 | INFO    | TRAIN | epoch=050/100 | batch=00700/01563 ( 44.79%) | lr=1.563e-05 | elapsed=0:05:07 | eta=0:06:19
    losses | total=2.8871e+00 | fourier=2.8871e+00 | amplitude=1.7012e-02 | phase=1.6446e-02 | support=3.0741e+00
2026-08-18 08:58:24 | INFO    | TRAIN | epoch=050/100 | batch=00750/01563 ( 47.98%) | lr=1.563e-05 | elapsed=0:05:29 | eta=0:05:57
    losses | total=2.6552e+00 | fourier=2.6552e+00 | amplitude=1.8030e-02 | phase=1.4978e-02 | support=3.0584e+00
2026-08-18 08:58:46 | INFO    | TRAIN | epoch=050/100 | batch=00800/01563 ( 51.18%) | lr=1.563e-05 | elapsed=0:05:51 | eta=0:05:35
    losses | total=2.7765e+00 | fourier=2.7765e+00 | amplitude=2.0513e-02 | phase=1.5557e-02 | support=3.0458e+00
2026-08-18 08:59:08 | INFO    | TRAIN | epoch=050/100 | batch=00850/01563 ( 54.38%) | lr=1.563e-05 | elapsed=0:06:13 | eta=0:05:13
    losses | total=2.9170e+00 | fourier=2.9170e+00 | amplitude=2.1831e-02 | phase=2.0067e-02 | support=3.4785e+00
2026-08-18 08:59:30 | INFO    | TRAIN | epoch=050/100 | batch=00900/01563 ( 57.58%) | lr=1.563e-05 | elapsed=0:06:35 | eta=0:04:51
    losses | total=3.1594e+00 | fourier=3.1594e+00 | amplitude=2.2947e-02 | phase=2.2197e-02 | support=3.3738e+00
2026-08-18 08:59:52 | INFO    | TRAIN | epoch=050/100 | batch=00950/01563 ( 60.78%) | lr=1.563e-05 | elapsed=0:06:57 | eta=0:04:29
    losses | total=3.1376e+00 | fourier=3.1376e+00 | amplitude=1.7115e-02 | phase=1.5258e-02 | support=2.7997e+00
2026-08-18 09:00:14 | INFO    | TRAIN | epoch=050/100 | batch=01000/01563 ( 63.98%) | lr=1.563e-05 | elapsed=0:07:19 | eta=0:04:07
    losses | total=3.0095e+00 | fourier=3.0095e+00 | amplitude=1.8218e-02 | phase=1.5295e-02 | support=3.1864e+00
2026-08-18 09:00:36 | INFO    | TRAIN | epoch=050/100 | batch=01050/01563 ( 67.18%) | lr=1.563e-05 | elapsed=0:07:41 | eta=0:03:45
    losses | total=2.7751e+00 | fourier=2.7751e+00 | amplitude=1.8200e-02 | phase=1.2784e-02 | support=3.7010e+00
2026-08-18 09:00:58 | INFO    | TRAIN | epoch=050/100 | batch=01100/01563 ( 70.38%) | lr=1.563e-05 | elapsed=0:08:03 | eta=0:03:23
    losses | total=2.8259e+00 | fourier=2.8259e+00 | amplitude=1.9874e-02 | phase=1.7817e-02 | support=3.4890e+00
2026-08-18 09:01:20 | INFO    | TRAIN | epoch=050/100 | batch=01150/01563 ( 73.58%) | lr=1.563e-05 | elapsed=0:08:25 | eta=0:03:01
    losses | total=2.9130e+00 | fourier=2.9130e+00 | amplitude=1.8660e-02 | phase=2.0927e-02 | support=3.0965e+00
2026-08-18 09:01:42 | INFO    | TRAIN | epoch=050/100 | batch=01200/01563 ( 76.78%) | lr=1.563e-05 | elapsed=0:08:47 | eta=0:02:39
    losses | total=2.9461e+00 | fourier=2.9461e+00 | amplitude=1.8681e-02 | phase=1.5201e-02 | support=3.1223e+00
2026-08-18 09:02:04 | INFO    | TRAIN | epoch=050/100 | batch=01250/01563 ( 79.97%) | lr=1.563e-05 | elapsed=0:09:09 | eta=0:02:17
    losses | total=2.9801e+00 | fourier=2.9801e+00 | amplitude=1.9838e-02 | phase=2.6727e-02 | support=3.3691e+00
2026-08-18 09:02:26 | INFO    | TRAIN | epoch=050/100 | batch=01300/01563 ( 83.17%) | lr=1.563e-05 | elapsed=0:09:31 | eta=0:01:55
    losses | total=3.0277e+00 | fourier=3.0277e+00 | amplitude=1.7555e-02 | phase=2.1257e-02 | support=3.4182e+00
2026-08-18 09:02:48 | INFO    | TRAIN | epoch=050/100 | batch=01350/01563 ( 86.37%) | lr=1.563e-05 | elapsed=0:09:53 | eta=0:01:33
    losses | total=2.9757e+00 | fourier=2.9757e+00 | amplitude=1.9624e-02 | phase=2.1550e-02 | support=3.3437e+00
2026-08-18 09:03:10 | INFO    | TRAIN | epoch=050/100 | batch=01400/01563 ( 89.57%) | lr=1.563e-05 | elapsed=0:10:15 | eta=0:01:11
    losses | total=2.6939e+00 | fourier=2.6939e+00 | amplitude=2.0244e-02 | phase=1.3651e-02 | support=3.6112e+00
2026-08-18 09:03:32 | INFO    | TRAIN | epoch=050/100 | batch=01450/01563 ( 92.77%) | lr=1.563e-05 | elapsed=0:10:37 | eta=0:00:49
    losses | total=3.1803e+00 | fourier=3.1803e+00 | amplitude=2.0719e-02 | phase=2.3502e-02 | support=3.2031e+00
2026-08-18 09:03:54 | INFO    | TRAIN | epoch=050/100 | batch=01500/01563 ( 95.97%) | lr=1.563e-05 | elapsed=0:10:59 | eta=0:00:27
    losses | total=2.8495e+00 | fourier=2.8495e+00 | amplitude=1.7749e-02 | phase=1.6310e-02 | support=3.6607e+00
2026-08-18 09:04:16 | INFO    | TRAIN | epoch=050/100 | batch=01550/01563 ( 99.17%) | lr=1.563e-05 | elapsed=0:11:21 | eta=0:00:05
    losses | total=2.8433e+00 | fourier=2.8433e+00 | amplitude=1.8946e-02 | phase=1.8498e-02 | support=3.4035e+00
2026-08-18 09:04:21 | INFO    | TRAIN | epoch=050/100 | batch=01563/01563 (100.00%) | lr=1.563e-05 | elapsed=0:11:26 | eta=0:00:00
    losses | total=2.8602e+00 | fourier=2.8602e+00 | amplitude=2.2710e-02 | phase=2.2435e-02 | support=3.6400e+00
2026-08-18 09:04:22 | INFO    | TRAIN epoch 050 complete | batches=1563 | samples=25000 | time=0:11:27
2026-08-18 09:04:27 | INFO    | VAL | epoch=050/100 | batch=00050/00313 ( 15.97%) | elapsed=0:00:05 | eta=0:00:28
    losses | total=4.2498e+00 | fourier=4.2498e+00 | amplitude=1.9916e-02 | phase=2.0357e-02 | support=3.4520e+00
2026-08-18 09:04:32 | INFO    | VAL | epoch=050/100 | batch=00100/00313 ( 31.95%) | elapsed=0:00:10 | eta=0:00:22
    losses | total=3.3791e+00 | fourier=3.3791e+00 | amplitude=2.0771e-02 | phase=1.5574e-02 | support=3.6246e+00
2026-08-18 09:04:37 | INFO    | VAL | epoch=050/100 | batch=00150/00313 ( 47.92%) | elapsed=0:00:15 | eta=0:00:17
    losses | total=3.7514e+00 | fourier=3.7514e+00 | amplitude=1.8531e-02 | phase=1.6412e-02 | support=3.2916e+00
2026-08-18 09:04:43 | INFO    | VAL | epoch=050/100 | batch=00200/00313 ( 63.90%) | elapsed=0:00:21 | eta=0:00:11
    losses | total=3.8781e+00 | fourier=3.8781e+00 | amplitude=1.9350e-02 | phase=1.5509e-02 | support=3.5510e+00
2026-08-18 09:04:48 | INFO    | VAL | epoch=050/100 | batch=00250/00313 ( 79.87%) | elapsed=0:00:26 | eta=0:00:06
    losses | total=3.7370e+00 | fourier=3.7370e+00 | amplitude=2.0638e-02 | phase=2.1094e-02 | support=3.3434e+00
2026-08-18 09:04:53 | INFO    | VAL | epoch=050/100 | batch=00300/00313 ( 95.85%) | elapsed=0:00:31 | eta=0:00:01
    losses | total=3.5914e+00 | fourier=3.5914e+00 | amplitude=2.0893e-02 | phase=2.0374e-02 | support=3.3193e+00
2026-08-18 09:04:54 | INFO    | VAL | epoch=050/100 | batch=00313/00313 (100.00%) | elapsed=0:00:32 | eta=0:00:00
    losses | total=3.9437e+00 | fourier=3.9437e+00 | amplitude=1.7672e-02 | phase=1.6902e-02 | support=3.1157e+00
2026-08-18 09:04:54 | INFO    | VAL epoch 050 complete | batches=313 | samples=5000 | time=0:00:32
2026-08-18 09:04:54 | INFO    | Cross-skip strengths | 8/phase_to_amp=+5.6206e-03 | 8/amp_to_phase=-3.2347e-02 | 16/phase_to_amp=-1.6816e-02 | 16/amp_to_phase=+9.2566e-02
2026-08-18 09:04:55 | INFO    | 
------------------------------------------------------------------------------------------------
Epoch 050/100 summary
split             total      fourier    amplitude        phase      support        time
train        2.8838e+00   2.8838e+00   1.9469e-02   1.7387e-02   3.4555e+00     0:11:27
validation   3.6941e+00   3.6941e+00   1.9488e-02   1.7523e-02   3.4483e+00     0:00:32
lr=1.563e-05 | best_val=3.6920e+00 | best_updated=no | periodic_checkpoint=yes
------------------------------------------------------------------------------------------------
2026-08-18 09:05:17 | INFO    | TRAIN | epoch=051/100 | batch=00050/01563 (  3.20%) | lr=1.563e-05 | elapsed=0:00:22 | eta=0:11:07
    losses | total=2.7658e+00 | fourier=2.7658e+00 | amplitude=1.6323e-02 | phase=1.4860e-02 | support=3.1411e+00
2026-08-18 09:05:39 | INFO    | TRAIN | epoch=051/100 | batch=00100/01563 (  6.40%) | lr=1.563e-05 | elapsed=0:00:44 | eta=0:10:43
    losses | total=2.8278e+00 | fourier=2.8278e+00 | amplitude=1.8589e-02 | phase=1.7521e-02 | support=3.7653e+00
2026-08-18 09:06:01 | INFO    | TRAIN | epoch=051/100 | batch=00150/01563 (  9.60%) | lr=1.563e-05 | elapsed=0:01:05 | eta=0:10:21
    losses | total=2.8846e+00 | fourier=2.8846e+00 | amplitude=1.9671e-02 | phase=1.5212e-02 | support=3.1814e+00
2026-08-18 09:06:23 | INFO    | TRAIN | epoch=051/100 | batch=00200/01563 ( 12.80%) | lr=1.563e-05 | elapsed=0:01:27 | eta=0:09:59
    losses | total=2.9654e+00 | fourier=2.9654e+00 | amplitude=2.0807e-02 | phase=1.7740e-02 | support=3.0948e+00
2026-08-18 09:06:45 | INFO    | TRAIN | epoch=051/100 | batch=00250/01563 ( 15.99%) | lr=1.563e-05 | elapsed=0:01:49 | eta=0:09:36
    losses | total=2.9508e+00 | fourier=2.9508e+00 | amplitude=2.0261e-02 | phase=1.5681e-02 | support=3.9733e+00
2026-08-18 09:07:07 | INFO    | TRAIN | epoch=051/100 | batch=00300/01563 ( 19.19%) | lr=1.563e-05 | elapsed=0:02:11 | eta=0:09:14
    losses | total=2.9300e+00 | fourier=2.9300e+00 | amplitude=1.9710e-02 | phase=2.2942e-02 | support=3.1166e+00
2026-08-18 09:07:29 | INFO    | TRAIN | epoch=051/100 | batch=00350/01563 ( 22.39%) | lr=1.563e-05 | elapsed=0:02:33 | eta=0:08:52
    losses | total=2.8642e+00 | fourier=2.8642e+00 | amplitude=2.3790e-02 | phase=1.8999e-02 | support=3.5339e+00
2026-08-18 09:07:51 | INFO    | TRAIN | epoch=051/100 | batch=00400/01563 ( 25.59%) | lr=1.563e-05 | elapsed=0:02:55 | eta=0:08:30
    losses | total=2.8960e+00 | fourier=2.8960e+00 | amplitude=1.8573e-02 | phase=2.0687e-02 | support=3.3093e+00
2026-08-18 09:08:13 | INFO    | TRAIN | epoch=051/100 | batch=00450/01563 ( 28.79%) | lr=1.563e-05 | elapsed=0:03:17 | eta=0:08:08
    losses | total=2.7644e+00 | fourier=2.7644e+00 | amplitude=2.0604e-02 | phase=1.6996e-02 | support=3.3791e+00
2026-08-18 09:08:34 | INFO    | TRAIN | epoch=051/100 | batch=00500/01563 ( 31.99%) | lr=1.563e-05 | elapsed=0:03:39 | eta=0:07:46
    losses | total=2.8822e+00 | fourier=2.8822e+00 | amplitude=2.0780e-02 | phase=1.5730e-02 | support=4.1956e+00
2026-08-18 09:08:56 | INFO    | TRAIN | epoch=051/100 | batch=00550/01563 ( 35.19%) | lr=1.563e-05 | elapsed=0:04:01 | eta=0:07:24
    losses | total=3.0900e+00 | fourier=3.0900e+00 | amplitude=1.7924e-02 | phase=1.7199e-02 | support=3.1470e+00
2026-08-18 09:09:18 | INFO    | TRAIN | epoch=051/100 | batch=00600/01563 ( 38.39%) | lr=1.563e-05 | elapsed=0:04:23 | eta=0:07:02
    losses | total=2.7775e+00 | fourier=2.7775e+00 | amplitude=1.6999e-02 | phase=1.6588e-02 | support=3.2890e+00
2026-08-18 09:09:40 | INFO    | TRAIN | epoch=051/100 | batch=00650/01563 ( 41.59%) | lr=1.563e-05 | elapsed=0:04:45 | eta=0:06:40
    losses | total=3.0212e+00 | fourier=3.0212e+00 | amplitude=1.9573e-02 | phase=1.9217e-02 | support=3.1758e+00
2026-08-18 09:10:02 | INFO    | TRAIN | epoch=051/100 | batch=00700/01563 ( 44.79%) | lr=1.563e-05 | elapsed=0:05:07 | eta=0:06:18
    losses | total=2.9241e+00 | fourier=2.9241e+00 | amplitude=1.8044e-02 | phase=1.8397e-02 | support=3.2209e+00
2026-08-18 09:10:24 | INFO    | TRAIN | epoch=051/100 | batch=00750/01563 ( 47.98%) | lr=1.563e-05 | elapsed=0:05:29 | eta=0:05:56
    losses | total=2.7030e+00 | fourier=2.7030e+00 | amplitude=1.6498e-02 | phase=1.4188e-02 | support=3.7196e+00
2026-08-18 09:10:46 | INFO    | TRAIN | epoch=051/100 | batch=00800/01563 ( 51.18%) | lr=1.563e-05 | elapsed=0:05:51 | eta=0:05:35
    losses | total=2.8637e+00 | fourier=2.8637e+00 | amplitude=1.7342e-02 | phase=1.1626e-02 | support=3.7682e+00
2026-08-18 09:11:08 | INFO    | TRAIN | epoch=051/100 | batch=00850/01563 ( 54.38%) | lr=1.563e-05 | elapsed=0:06:13 | eta=0:05:13
    losses | total=2.9573e+00 | fourier=2.9573e+00 | amplitude=1.8343e-02 | phase=1.2661e-02 | support=3.8184e+00
2026-08-18 09:11:30 | INFO    | TRAIN | epoch=051/100 | batch=00900/01563 ( 57.58%) | lr=1.563e-05 | elapsed=0:06:35 | eta=0:04:51
    losses | total=2.7072e+00 | fourier=2.7072e+00 | amplitude=1.9036e-02 | phase=1.7534e-02 | support=4.0089e+00
2026-08-18 09:11:52 | INFO    | TRAIN | epoch=051/100 | batch=00950/01563 ( 60.78%) | lr=1.563e-05 | elapsed=0:06:57 | eta=0:04:29
    losses | total=2.8756e+00 | fourier=2.8756e+00 | amplitude=2.2372e-02 | phase=1.5136e-02 | support=3.5383e+00
2026-08-18 09:12:14 | INFO    | TRAIN | epoch=051/100 | batch=01000/01563 ( 63.98%) | lr=1.563e-05 | elapsed=0:07:19 | eta=0:04:07
    losses | total=2.8606e+00 | fourier=2.8606e+00 | amplitude=1.9626e-02 | phase=1.7977e-02 | support=3.5386e+00
2026-08-18 09:12:36 | INFO    | TRAIN | epoch=051/100 | batch=01050/01563 ( 67.18%) | lr=1.563e-05 | elapsed=0:07:40 | eta=0:03:45
    losses | total=2.7825e+00 | fourier=2.7825e+00 | amplitude=1.9585e-02 | phase=1.6362e-02 | support=3.3432e+00
2026-08-18 09:12:58 | INFO    | TRAIN | epoch=051/100 | batch=01100/01563 ( 70.38%) | lr=1.563e-05 | elapsed=0:08:02 | eta=0:03:23
    losses | total=2.9157e+00 | fourier=2.9157e+00 | amplitude=2.1085e-02 | phase=1.7505e-02 | support=3.7959e+00
2026-08-18 09:13:20 | INFO    | TRAIN | epoch=051/100 | batch=01150/01563 ( 73.58%) | lr=1.563e-05 | elapsed=0:08:24 | eta=0:03:01
    losses | total=2.8644e+00 | fourier=2.8644e+00 | amplitude=1.9183e-02 | phase=1.6604e-02 | support=3.3658e+00
2026-08-18 09:13:42 | INFO    | TRAIN | epoch=051/100 | batch=01200/01563 ( 76.78%) | lr=1.563e-05 | elapsed=0:08:46 | eta=0:02:39
    losses | total=2.7385e+00 | fourier=2.7385e+00 | amplitude=1.9814e-02 | phase=1.5877e-02 | support=3.7907e+00
2026-08-18 09:14:04 | INFO    | TRAIN | epoch=051/100 | batch=01250/01563 ( 79.97%) | lr=1.563e-05 | elapsed=0:09:08 | eta=0:02:17
    losses | total=2.8221e+00 | fourier=2.8221e+00 | amplitude=1.9766e-02 | phase=1.9925e-02 | support=3.4633e+00
2026-08-18 09:14:26 | INFO    | TRAIN | epoch=051/100 | batch=01300/01563 ( 83.17%) | lr=1.563e-05 | elapsed=0:09:30 | eta=0:01:55
    losses | total=2.8741e+00 | fourier=2.8741e+00 | amplitude=1.8197e-02 | phase=1.4890e-02 | support=3.4567e+00
2026-08-18 09:14:47 | INFO    | TRAIN | epoch=051/100 | batch=01350/01563 ( 86.37%) | lr=1.563e-05 | elapsed=0:09:52 | eta=0:01:33
    losses | total=2.9088e+00 | fourier=2.9088e+00 | amplitude=2.0141e-02 | phase=1.6893e-02 | support=3.5550e+00
2026-08-18 09:15:09 | INFO    | TRAIN | epoch=051/100 | batch=01400/01563 ( 89.57%) | lr=1.563e-05 | elapsed=0:10:14 | eta=0:01:11
    losses | total=2.9436e+00 | fourier=2.9436e+00 | amplitude=1.7496e-02 | phase=1.5263e-02 | support=3.3302e+00
2026-08-18 09:15:31 | INFO    | TRAIN | epoch=051/100 | batch=01450/01563 ( 92.77%) | lr=1.563e-05 | elapsed=0:10:36 | eta=0:00:49
    losses | total=2.8599e+00 | fourier=2.8599e+00 | amplitude=1.9985e-02 | phase=1.7912e-02 | support=3.6421e+00
2026-08-18 09:15:53 | INFO    | TRAIN | epoch=051/100 | batch=01500/01563 ( 95.97%) | lr=1.563e-05 | elapsed=0:10:58 | eta=0:00:27
    losses | total=2.7839e+00 | fourier=2.7839e+00 | amplitude=1.5539e-02 | phase=1.4098e-02 | support=3.3248e+00
2026-08-18 09:16:15 | INFO    | TRAIN | epoch=051/100 | batch=01550/01563 ( 99.17%) | lr=1.563e-05 | elapsed=0:11:20 | eta=0:00:05
    losses | total=3.0007e+00 | fourier=3.0007e+00 | amplitude=1.8507e-02 | phase=1.8285e-02 | support=3.1934e+00
2026-08-18 09:16:21 | INFO    | TRAIN | epoch=051/100 | batch=01563/01563 (100.00%) | lr=1.563e-05 | elapsed=0:11:25 | eta=0:00:00
    losses | total=2.7279e+00 | fourier=2.7279e+00 | amplitude=1.6550e-02 | phase=7.8415e-03 | support=3.7361e+00
2026-08-18 09:16:21 | INFO    | TRAIN epoch 051 complete | batches=1563 | samples=25000 | time=0:11:26
2026-08-18 09:16:27 | INFO    | VAL | epoch=051/100 | batch=00050/00313 ( 15.97%) | elapsed=0:00:05 | eta=0:00:28
    losses | total=4.2462e+00 | fourier=4.2462e+00 | amplitude=1.9879e-02 | phase=2.0321e-02 | support=3.4494e+00
2026-08-18 09:16:32 | INFO    | VAL | epoch=051/100 | batch=00100/00313 ( 31.95%) | elapsed=0:00:10 | eta=0:00:22
    losses | total=3.3760e+00 | fourier=3.3760e+00 | amplitude=2.0754e-02 | phase=1.5557e-02 | support=3.6223e+00
2026-08-18 09:16:37 | INFO    | VAL | epoch=051/100 | batch=00150/00313 ( 47.92%) | elapsed=0:00:15 | eta=0:00:17
    losses | total=3.7474e+00 | fourier=3.7474e+00 | amplitude=1.8522e-02 | phase=1.6416e-02 | support=3.2887e+00
2026-08-18 09:16:42 | INFO    | VAL | epoch=051/100 | batch=00200/00313 ( 63.90%) | elapsed=0:00:21 | eta=0:00:11
    losses | total=3.8731e+00 | fourier=3.8731e+00 | amplitude=1.9330e-02 | phase=1.5493e-02 | support=3.5496e+00
2026-08-18 09:16:48 | INFO    | VAL | epoch=051/100 | batch=00250/00313 ( 79.87%) | elapsed=0:00:26 | eta=0:00:06
    losses | total=3.7349e+00 | fourier=3.7349e+00 | amplitude=2.0620e-02 | phase=2.1083e-02 | support=3.3416e+00
2026-08-18 09:16:53 | INFO    | VAL | epoch=051/100 | batch=00300/00313 ( 95.85%) | elapsed=0:00:31 | eta=0:00:01
    losses | total=3.5905e+00 | fourier=3.5905e+00 | amplitude=2.0868e-02 | phase=2.0331e-02 | support=3.3169e+00
2026-08-18 09:16:54 | INFO    | VAL | epoch=051/100 | batch=00313/00313 (100.00%) | elapsed=0:00:32 | eta=0:00:00
    losses | total=3.9378e+00 | fourier=3.9378e+00 | amplitude=1.7651e-02 | phase=1.6896e-02 | support=3.1126e+00
2026-08-18 09:16:54 | INFO    | VAL epoch 051 complete | batches=313 | samples=5000 | time=0:00:32
2026-08-18 09:16:54 | INFO    | Cross-skip strengths | 8/phase_to_amp=+5.9173e-03 | 8/amp_to_phase=-3.2589e-02 | 16/phase_to_amp=-1.6599e-02 | 16/amp_to_phase=+9.2733e-02
2026-08-18 09:16:54 | INFO    | 
------------------------------------------------------------------------------------------------
Epoch 051/100 summary
split             total      fourier    amplitude        phase      support        time
train        2.8839e+00   2.8839e+00   1.9469e-02   1.7381e-02   3.4558e+00     0:11:26
validation   3.6931e+00   3.6931e+00   1.9470e-02   1.7501e-02   3.4462e+00     0:00:32
lr=1.563e-05 | best_val=3.6920e+00 | best_updated=no | periodic_checkpoint=no
------------------------------------------------------------------------------------------------
2026-08-18 09:17:16 | INFO    | TRAIN | epoch=052/100 | batch=00050/01563 (  3.20%) | lr=1.563e-05 | elapsed=0:00:22 | eta=0:11:08
    losses | total=3.0582e+00 | fourier=3.0582e+00 | amplitude=2.2269e-02 | phase=2.1188e-02 | support=3.8516e+00
2026-08-18 09:17:38 | INFO    | TRAIN | epoch=052/100 | batch=00100/01563 (  6.40%) | lr=1.563e-05 | elapsed=0:00:44 | eta=0:10:45
    losses | total=2.7879e+00 | fourier=2.7879e+00 | amplitude=2.1240e-02 | phase=1.7440e-02 | support=3.3524e+00
2026-08-18 09:18:00 | INFO    | TRAIN | epoch=052/100 | batch=00150/01563 (  9.60%) | lr=1.563e-05 | elapsed=0:01:06 | eta=0:10:22
    losses | total=2.7116e+00 | fourier=2.7116e+00 | amplitude=1.9908e-02 | phase=1.3086e-02 | support=3.8536e+00
2026-08-18 09:18:22 | INFO    | TRAIN | epoch=052/100 | batch=00200/01563 ( 12.80%) | lr=1.563e-05 | elapsed=0:01:28 | eta=0:09:59
    losses | total=2.9457e+00 | fourier=2.9457e+00 | amplitude=1.9083e-02 | phase=1.6143e-02 | support=3.6072e+00
2026-08-18 09:18:44 | INFO    | TRAIN | epoch=052/100 | batch=00250/01563 ( 15.99%) | lr=1.563e-05 | elapsed=0:01:50 | eta=0:09:37
    losses | total=2.8591e+00 | fourier=2.8591e+00 | amplitude=2.1552e-02 | phase=1.9252e-02 | support=3.2529e+00
2026-08-18 09:19:06 | INFO    | TRAIN | epoch=052/100 | batch=00300/01563 ( 19.19%) | lr=1.563e-05 | elapsed=0:02:11 | eta=0:09:15
    losses | total=2.6854e+00 | fourier=2.6854e+00 | amplitude=1.5622e-02 | phase=1.3976e-02 | support=3.2668e+00
2026-08-18 09:19:28 | INFO    | TRAIN | epoch=052/100 | batch=00350/01563 ( 22.39%) | lr=1.563e-05 | elapsed=0:02:33 | eta=0:08:53
    losses | total=2.9274e+00 | fourier=2.9274e+00 | amplitude=1.9073e-02 | phase=1.6511e-02 | support=3.3854e+00
2026-08-18 09:19:50 | INFO    | TRAIN | epoch=052/100 | batch=00400/01563 ( 25.59%) | lr=1.563e-05 | elapsed=0:02:55 | eta=0:08:31
    losses | total=3.0406e+00 | fourier=3.0406e+00 | amplitude=1.9435e-02 | phase=2.0923e-02 | support=3.3066e+00
2026-08-18 09:20:12 | INFO    | TRAIN | epoch=052/100 | batch=00450/01563 ( 28.79%) | lr=1.563e-05 | elapsed=0:03:17 | eta=0:08:09
    losses | total=2.9654e+00 | fourier=2.9654e+00 | amplitude=2.0832e-02 | phase=1.3797e-02 | support=4.2642e+00
2026-08-18 09:20:34 | INFO    | TRAIN | epoch=052/100 | batch=00500/01563 ( 31.99%) | lr=1.563e-05 | elapsed=0:03:39 | eta=0:07:47
    losses | total=2.7059e+00 | fourier=2.7059e+00 | amplitude=2.0334e-02 | phase=1.4740e-02 | support=3.7174e+00
2026-08-18 09:20:56 | INFO    | TRAIN | epoch=052/100 | batch=00550/01563 ( 35.19%) | lr=1.563e-05 | elapsed=0:04:01 | eta=0:07:25
    losses | total=3.1400e+00 | fourier=3.1400e+00 | amplitude=1.8668e-02 | phase=2.5555e-02 | support=3.1738e+00
2026-08-18 09:21:18 | INFO    | TRAIN | epoch=052/100 | batch=00600/01563 ( 38.39%) | lr=1.563e-05 | elapsed=0:04:23 | eta=0:07:03
    losses | total=3.1733e+00 | fourier=3.1733e+00 | amplitude=1.8449e-02 | phase=2.2631e-02 | support=3.1482e+00
2026-08-18 09:21:40 | INFO    | TRAIN | epoch=052/100 | batch=00650/01563 ( 41.59%) | lr=1.563e-05 | elapsed=0:04:45 | eta=0:06:41
    losses | total=2.7294e+00 | fourier=2.7294e+00 | amplitude=1.8782e-02 | phase=1.3748e-02 | support=3.6144e+00
2026-08-18 09:22:02 | INFO    | TRAIN | epoch=052/100 | batch=00700/01563 ( 44.79%) | lr=1.563e-05 | elapsed=0:05:07 | eta=0:06:19
    losses | total=3.1348e+00 | fourier=3.1348e+00 | amplitude=1.7437e-02 | phase=1.9104e-02 | support=3.5979e+00
2026-08-18 09:22:24 | INFO    | TRAIN | epoch=052/100 | batch=00750/01563 ( 47.98%) | lr=1.563e-05 | elapsed=0:05:29 | eta=0:05:57
    losses | total=3.1214e+00 | fourier=3.1214e+00 | amplitude=1.9486e-02 | phase=1.9929e-02 | support=3.3042e+00
2026-08-18 09:22:46 | INFO    | TRAIN | epoch=052/100 | batch=00800/01563 ( 51.18%) | lr=1.563e-05 | elapsed=0:05:51 | eta=0:05:35
    losses | total=3.0453e+00 | fourier=3.0453e+00 | amplitude=2.1003e-02 | phase=2.6526e-02 | support=3.0720e+00
2026-08-18 09:23:08 | INFO    | TRAIN | epoch=052/100 | batch=00850/01563 ( 54.38%) | lr=1.563e-05 | elapsed=0:06:13 | eta=0:05:13
    losses | total=2.9187e+00 | fourier=2.9187e+00 | amplitude=2.1229e-02 | phase=1.7959e-02 | support=3.7510e+00
2026-08-18 09:23:30 | INFO    | TRAIN | epoch=052/100 | batch=00900/01563 ( 57.58%) | lr=1.563e-05 | elapsed=0:06:35 | eta=0:04:51
    losses | total=2.8065e+00 | fourier=2.8065e+00 | amplitude=1.6856e-02 | phase=1.2095e-02 | support=3.2995e+00
2026-08-18 09:23:52 | INFO    | TRAIN | epoch=052/100 | batch=00950/01563 ( 60.78%) | lr=1.563e-05 | elapsed=0:06:57 | eta=0:04:29
    losses | total=3.1155e+00 | fourier=3.1155e+00 | amplitude=2.0506e-02 | phase=2.3529e-02 | support=2.9638e+00
2026-08-18 09:24:14 | INFO    | TRAIN | epoch=052/100 | batch=01000/01563 ( 63.98%) | lr=1.563e-05 | elapsed=0:07:19 | eta=0:04:07
    losses | total=2.8811e+00 | fourier=2.8811e+00 | amplitude=2.0099e-02 | phase=1.9664e-02 | support=2.8104e+00
2026-08-18 09:24:36 | INFO    | TRAIN | epoch=052/100 | batch=01050/01563 ( 67.18%) | lr=1.563e-05 | elapsed=0:07:41 | eta=0:03:45
    losses | total=2.8068e+00 | fourier=2.8068e+00 | amplitude=2.0086e-02 | phase=1.5430e-02 | support=4.1699e+00
2026-08-18 09:24:58 | INFO    | TRAIN | epoch=052/100 | batch=01100/01563 ( 70.38%) | lr=1.563e-05 | elapsed=0:08:03 | eta=0:03:23
    losses | total=2.9140e+00 | fourier=2.9140e+00 | amplitude=2.0359e-02 | phase=1.9322e-02 | support=4.1163e+00
2026-08-18 09:25:20 | INFO    | TRAIN | epoch=052/100 | batch=01150/01563 ( 73.58%) | lr=1.563e-05 | elapsed=0:08:25 | eta=0:03:01
    losses | total=2.6247e+00 | fourier=2.6247e+00 | amplitude=1.7612e-02 | phase=1.2935e-02 | support=3.6769e+00
2026-08-18 09:25:42 | INFO    | TRAIN | epoch=052/100 | batch=01200/01563 ( 76.78%) | lr=1.563e-05 | elapsed=0:08:47 | eta=0:02:39
    losses | total=2.7597e+00 | fourier=2.7597e+00 | amplitude=1.9291e-02 | phase=1.4427e-02 | support=3.7338e+00
2026-08-18 09:26:04 | INFO    | TRAIN | epoch=052/100 | batch=01250/01563 ( 79.97%) | lr=1.563e-05 | elapsed=0:09:09 | eta=0:02:17
    losses | total=3.0875e+00 | fourier=3.0875e+00 | amplitude=1.9296e-02 | phase=1.8770e-02 | support=3.4846e+00
2026-08-18 09:26:26 | INFO    | TRAIN | epoch=052/100 | batch=01300/01563 ( 83.17%) | lr=1.563e-05 | elapsed=0:09:31 | eta=0:01:55
    losses | total=3.0110e+00 | fourier=3.0110e+00 | amplitude=2.1795e-02 | phase=1.8854e-02 | support=3.1882e+00
2026-08-18 09:26:48 | INFO    | TRAIN | epoch=052/100 | batch=01350/01563 ( 86.37%) | lr=1.563e-05 | elapsed=0:09:53 | eta=0:01:33
    losses | total=2.8446e+00 | fourier=2.8446e+00 | amplitude=2.0330e-02 | phase=1.8756e-02 | support=3.5706e+00
2026-08-18 09:27:10 | INFO    | TRAIN | epoch=052/100 | batch=01400/01563 ( 89.57%) | lr=1.563e-05 | elapsed=0:10:15 | eta=0:01:11
    losses | total=2.7630e+00 | fourier=2.7630e+00 | amplitude=1.7136e-02 | phase=2.0813e-02 | support=3.1540e+00
2026-08-18 09:27:32 | INFO    | TRAIN | epoch=052/100 | batch=01450/01563 ( 92.77%) | lr=1.563e-05 | elapsed=0:10:37 | eta=0:00:49
    losses | total=2.6840e+00 | fourier=2.6840e+00 | amplitude=1.8441e-02 | phase=1.2747e-02 | support=3.6662e+00
2026-08-18 09:27:54 | INFO    | TRAIN | epoch=052/100 | batch=01500/01563 ( 95.97%) | lr=1.563e-05 | elapsed=0:10:59 | eta=0:00:27
    losses | total=2.9167e+00 | fourier=2.9167e+00 | amplitude=1.9701e-02 | phase=1.5624e-02 | support=3.1536e+00
2026-08-18 09:28:16 | INFO    | TRAIN | epoch=052/100 | batch=01550/01563 ( 99.17%) | lr=1.563e-05 | elapsed=0:11:21 | eta=0:00:05
    losses | total=3.1639e+00 | fourier=3.1639e+00 | amplitude=1.7911e-02 | phase=1.9306e-02 | support=3.5787e+00
2026-08-18 09:28:21 | INFO    | TRAIN | epoch=052/100 | batch=01563/01563 (100.00%) | lr=1.563e-05 | elapsed=0:11:26 | eta=0:00:00
    losses | total=2.9064e+00 | fourier=2.9064e+00 | amplitude=1.6872e-02 | phase=1.7390e-02 | support=3.4234e+00
2026-08-18 09:28:22 | INFO    | TRAIN epoch 052 complete | batches=1563 | samples=25000 | time=0:11:27
2026-08-18 09:28:27 | INFO    | VAL | epoch=052/100 | batch=00050/00313 ( 15.97%) | elapsed=0:00:05 | eta=0:00:28
    losses | total=4.2438e+00 | fourier=4.2438e+00 | amplitude=1.9893e-02 | phase=2.0340e-02 | support=3.4506e+00
2026-08-18 09:28:32 | INFO    | VAL | epoch=052/100 | batch=00100/00313 ( 31.95%) | elapsed=0:00:10 | eta=0:00:22
    losses | total=3.3789e+00 | fourier=3.3789e+00 | amplitude=2.0759e-02 | phase=1.5531e-02 | support=3.6229e+00
2026-08-18 09:28:37 | INFO    | VAL | epoch=052/100 | batch=00150/00313 ( 47.92%) | elapsed=0:00:15 | eta=0:00:17
    losses | total=3.7492e+00 | fourier=3.7492e+00 | amplitude=1.8514e-02 | phase=1.6437e-02 | support=3.2896e+00
2026-08-18 09:28:43 | INFO    | VAL | epoch=052/100 | batch=00200/00313 ( 63.90%) | elapsed=0:00:21 | eta=0:00:11
    losses | total=3.8726e+00 | fourier=3.8726e+00 | amplitude=1.9325e-02 | phase=1.5464e-02 | support=3.5491e+00
2026-08-18 09:28:48 | INFO    | VAL | epoch=052/100 | batch=00250/00313 ( 79.87%) | elapsed=0:00:26 | eta=0:00:06
    losses | total=3.7392e+00 | fourier=3.7392e+00 | amplitude=2.0615e-02 | phase=2.1074e-02 | support=3.3414e+00
2026-08-18 09:28:53 | INFO    | VAL | epoch=052/100 | batch=00300/00313 ( 95.85%) | elapsed=0:00:31 | eta=0:00:01
    losses | total=3.5713e+00 | fourier=3.5713e+00 | amplitude=2.0873e-02 | phase=2.0322e-02 | support=3.3164e+00
2026-08-18 09:28:55 | INFO    | VAL | epoch=052/100 | batch=00313/00313 (100.00%) | elapsed=0:00:32 | eta=0:00:00
    losses | total=3.9344e+00 | fourier=3.9344e+00 | amplitude=1.7658e-02 | phase=1.6860e-02 | support=3.1114e+00
2026-08-18 09:28:55 | INFO    | VAL epoch 052 complete | batches=313 | samples=5000 | time=0:00:32
2026-08-18 09:28:55 | INFO    | Cross-skip strengths | 8/phase_to_amp=+5.9255e-03 | 8/amp_to_phase=-3.2371e-02 | 16/phase_to_amp=-1.6684e-02 | 16/amp_to_phase=+9.2821e-02
2026-08-18 09:28:55 | INFO    | 
------------------------------------------------------------------------------------------------
Epoch 052/100 summary
split             total      fourier    amplitude        phase      support        time
train        2.8839e+00   2.8839e+00   1.9470e-02   1.7387e-02   3.4563e+00     0:11:27
validation   3.6921e+00   3.6921e+00   1.9471e-02   1.7486e-02   3.4467e+00     0:00:32
lr=7.813e-06 | best_val=3.6920e+00 | best_updated=no | periodic_checkpoint=no
------------------------------------------------------------------------------------------------
2026-08-18 09:29:17 | INFO    | TRAIN | epoch=053/100 | batch=00050/01563 (  3.20%) | lr=7.813e-06 | elapsed=0:00:22 | eta=0:11:09
    losses | total=2.6969e+00 | fourier=2.6969e+00 | amplitude=1.9050e-02 | phase=1.2963e-02 | support=3.1861e+00
2026-08-18 09:29:39 | INFO    | TRAIN | epoch=053/100 | batch=00100/01563 (  6.40%) | lr=7.813e-06 | elapsed=0:00:44 | eta=0:10:44
    losses | total=3.2087e+00 | fourier=3.2087e+00 | amplitude=1.8306e-02 | phase=2.2825e-02 | support=3.2473e+00
2026-08-18 09:30:01 | INFO    | TRAIN | epoch=053/100 | batch=00150/01563 (  9.60%) | lr=7.813e-06 | elapsed=0:01:06 | eta=0:10:21
    losses | total=2.6231e+00 | fourier=2.6231e+00 | amplitude=1.8381e-02 | phase=1.1914e-02 | support=3.2385e+00
2026-08-18 09:30:23 | INFO    | TRAIN | epoch=053/100 | batch=00200/01563 ( 12.80%) | lr=7.813e-06 | elapsed=0:01:27 | eta=0:09:59
    losses | total=2.8291e+00 | fourier=2.8291e+00 | amplitude=1.9500e-02 | phase=1.7632e-02 | support=3.5868e+00
2026-08-18 09:30:45 | INFO    | TRAIN | epoch=053/100 | batch=00250/01563 ( 15.99%) | lr=7.813e-06 | elapsed=0:01:49 | eta=0:09:37
    losses | total=2.8012e+00 | fourier=2.8012e+00 | amplitude=1.9202e-02 | phase=2.0143e-02 | support=3.2536e+00
2026-08-18 09:31:07 | INFO    | TRAIN | epoch=053/100 | batch=00300/01563 ( 19.19%) | lr=7.813e-06 | elapsed=0:02:11 | eta=0:09:15
    losses | total=2.9387e+00 | fourier=2.9387e+00 | amplitude=1.8066e-02 | phase=1.7182e-02 | support=3.3527e+00
2026-08-18 09:31:29 | INFO    | TRAIN | epoch=053/100 | batch=00350/01563 ( 22.39%) | lr=7.813e-06 | elapsed=0:02:33 | eta=0:08:53
    losses | total=3.0796e+00 | fourier=3.0796e+00 | amplitude=2.0571e-02 | phase=1.9820e-02 | support=3.4471e+00
2026-08-18 09:31:51 | INFO    | TRAIN | epoch=053/100 | batch=00400/01563 ( 25.59%) | lr=7.813e-06 | elapsed=0:02:55 | eta=0:08:31
    losses | total=2.7882e+00 | fourier=2.7882e+00 | amplitude=2.1846e-02 | phase=1.4483e-02 | support=3.6985e+00
2026-08-18 09:32:13 | INFO    | TRAIN | epoch=053/100 | batch=00450/01563 ( 28.79%) | lr=7.813e-06 | elapsed=0:03:17 | eta=0:08:09
    losses | total=2.9841e+00 | fourier=2.9841e+00 | amplitude=1.8024e-02 | phase=1.8111e-02 | support=3.4105e+00
2026-08-18 09:32:35 | INFO    | TRAIN | epoch=053/100 | batch=00500/01563 ( 31.99%) | lr=7.813e-06 | elapsed=0:03:39 | eta=0:07:47
    losses | total=2.7534e+00 | fourier=2.7534e+00 | amplitude=2.0650e-02 | phase=1.5538e-02 | support=3.3277e+00
2026-08-18 09:32:56 | INFO    | TRAIN | epoch=053/100 | batch=00550/01563 ( 35.19%) | lr=7.813e-06 | elapsed=0:04:01 | eta=0:07:25
    losses | total=2.7725e+00 | fourier=2.7725e+00 | amplitude=1.7405e-02 | phase=1.2934e-02 | support=4.1210e+00
2026-08-18 09:33:18 | INFO    | TRAIN | epoch=053/100 | batch=00600/01563 ( 38.39%) | lr=7.813e-06 | elapsed=0:04:23 | eta=0:07:03
    losses | total=3.1087e+00 | fourier=3.1087e+00 | amplitude=1.9054e-02 | phase=2.1531e-02 | support=3.4257e+00
2026-08-18 09:33:40 | INFO    | TRAIN | epoch=053/100 | batch=00650/01563 ( 41.59%) | lr=7.813e-06 | elapsed=0:04:45 | eta=0:06:41
    losses | total=3.1553e+00 | fourier=3.1553e+00 | amplitude=1.9166e-02 | phase=2.3337e-02 | support=3.0652e+00
2026-08-18 09:34:02 | INFO    | TRAIN | epoch=053/100 | batch=00700/01563 ( 44.79%) | lr=7.813e-06 | elapsed=0:05:07 | eta=0:06:19
    losses | total=2.9815e+00 | fourier=2.9815e+00 | amplitude=2.1148e-02 | phase=2.0721e-02 | support=3.8429e+00
2026-08-18 09:34:24 | INFO    | TRAIN | epoch=053/100 | batch=00750/01563 ( 47.98%) | lr=7.813e-06 | elapsed=0:05:29 | eta=0:05:57
    losses | total=2.8678e+00 | fourier=2.8678e+00 | amplitude=1.5982e-02 | phase=1.4756e-02 | support=2.9968e+00
2026-08-18 09:34:46 | INFO    | TRAIN | epoch=053/100 | batch=00800/01563 ( 51.18%) | lr=7.813e-06 | elapsed=0:05:51 | eta=0:05:35
    losses | total=2.8713e+00 | fourier=2.8713e+00 | amplitude=1.9069e-02 | phase=1.6956e-02 | support=3.5235e+00
2026-08-18 09:35:08 | INFO    | TRAIN | epoch=053/100 | batch=00850/01563 ( 54.38%) | lr=7.813e-06 | elapsed=0:06:13 | eta=0:05:13
    losses | total=2.6684e+00 | fourier=2.6684e+00 | amplitude=1.8865e-02 | phase=1.5564e-02 | support=3.3867e+00
2026-08-18 09:35:30 | INFO    | TRAIN | epoch=053/100 | batch=00900/01563 ( 57.58%) | lr=7.813e-06 | elapsed=0:06:35 | eta=0:04:51
    losses | total=2.8795e+00 | fourier=2.8795e+00 | amplitude=2.2207e-02 | phase=1.9842e-02 | support=3.5091e+00
2026-08-18 09:35:52 | INFO    | TRAIN | epoch=053/100 | batch=00950/01563 ( 60.78%) | lr=7.813e-06 | elapsed=0:06:57 | eta=0:04:29
    losses | total=2.9830e+00 | fourier=2.9830e+00 | amplitude=1.8650e-02 | phase=1.9196e-02 | support=3.5162e+00
2026-08-18 09:36:14 | INFO    | TRAIN | epoch=053/100 | batch=01000/01563 ( 63.98%) | lr=7.813e-06 | elapsed=0:07:19 | eta=0:04:07
    losses | total=2.8003e+00 | fourier=2.8003e+00 | amplitude=1.6933e-02 | phase=1.3963e-02 | support=3.5181e+00
2026-08-18 09:36:36 | INFO    | TRAIN | epoch=053/100 | batch=01050/01563 ( 67.18%) | lr=7.813e-06 | elapsed=0:07:41 | eta=0:03:45
    losses | total=2.8495e+00 | fourier=2.8495e+00 | amplitude=2.0409e-02 | phase=1.9890e-02 | support=3.4804e+00
2026-08-18 09:36:58 | INFO    | TRAIN | epoch=053/100 | batch=01100/01563 ( 70.38%) | lr=7.813e-06 | elapsed=0:08:03 | eta=0:03:23
    losses | total=2.9786e+00 | fourier=2.9786e+00 | amplitude=1.9854e-02 | phase=2.6249e-02 | support=3.1070e+00
2026-08-18 09:37:20 | INFO    | TRAIN | epoch=053/100 | batch=01150/01563 ( 73.58%) | lr=7.813e-06 | elapsed=0:08:25 | eta=0:03:01
    losses | total=2.9379e+00 | fourier=2.9379e+00 | amplitude=2.0042e-02 | phase=2.3831e-02 | support=3.6134e+00
2026-08-18 09:37:42 | INFO    | TRAIN | epoch=053/100 | batch=01200/01563 ( 76.78%) | lr=7.813e-06 | elapsed=0:08:47 | eta=0:02:39
    losses | total=2.9268e+00 | fourier=2.9268e+00 | amplitude=2.1247e-02 | phase=1.4814e-02 | support=3.6907e+00
2026-08-18 09:38:04 | INFO    | TRAIN | epoch=053/100 | batch=01250/01563 ( 79.97%) | lr=7.813e-06 | elapsed=0:09:08 | eta=0:02:17
    losses | total=2.7515e+00 | fourier=2.7515e+00 | amplitude=1.8755e-02 | phase=1.3063e-02 | support=3.4619e+00
2026-08-18 09:38:26 | INFO    | TRAIN | epoch=053/100 | batch=01300/01563 ( 83.17%) | lr=7.813e-06 | elapsed=0:09:30 | eta=0:01:55
    losses | total=2.8102e+00 | fourier=2.8102e+00 | amplitude=1.7490e-02 | phase=1.4239e-02 | support=3.8728e+00
2026-08-18 09:38:48 | INFO    | TRAIN | epoch=053/100 | batch=01350/01563 ( 86.37%) | lr=7.813e-06 | elapsed=0:09:52 | eta=0:01:33
    losses | total=2.7298e+00 | fourier=2.7298e+00 | amplitude=1.6240e-02 | phase=1.5791e-02 | support=3.4568e+00
2026-08-18 09:39:10 | INFO    | TRAIN | epoch=053/100 | batch=01400/01563 ( 89.57%) | lr=7.813e-06 | elapsed=0:10:14 | eta=0:01:11
    losses | total=2.7977e+00 | fourier=2.7977e+00 | amplitude=2.0633e-02 | phase=1.9033e-02 | support=3.5737e+00
2026-08-18 09:39:32 | INFO    | TRAIN | epoch=053/100 | batch=01450/01563 ( 92.77%) | lr=7.813e-06 | elapsed=0:10:36 | eta=0:00:49
    losses | total=3.0035e+00 | fourier=3.0035e+00 | amplitude=2.0493e-02 | phase=1.9509e-02 | support=3.0742e+00
2026-08-18 09:39:54 | INFO    | TRAIN | epoch=053/100 | batch=01500/01563 ( 95.97%) | lr=7.813e-06 | elapsed=0:10:58 | eta=0:00:27
    losses | total=2.8718e+00 | fourier=2.8718e+00 | amplitude=1.7143e-02 | phase=1.5328e-02 | support=3.2300e+00
2026-08-18 09:40:16 | INFO    | TRAIN | epoch=053/100 | batch=01550/01563 ( 99.17%) | lr=7.813e-06 | elapsed=0:11:20 | eta=0:00:05
    losses | total=3.0732e+00 | fourier=3.0732e+00 | amplitude=1.7045e-02 | phase=1.9414e-02 | support=3.3376e+00
2026-08-18 09:40:21 | INFO    | TRAIN | epoch=053/100 | batch=01563/01563 (100.00%) | lr=7.813e-06 | elapsed=0:11:26 | eta=0:00:00
    losses | total=2.9198e+00 | fourier=2.9198e+00 | amplitude=1.5561e-02 | phase=1.7229e-02 | support=3.7564e+00
2026-08-18 09:40:21 | INFO    | TRAIN epoch 053 complete | batches=1563 | samples=25000 | time=0:11:26
2026-08-18 09:40:27 | INFO    | VAL | epoch=053/100 | batch=00050/00313 ( 15.97%) | elapsed=0:00:05 | eta=0:00:28
    losses | total=4.2493e+00 | fourier=4.2493e+00 | amplitude=1.9868e-02 | phase=2.0265e-02 | support=3.4553e+00
2026-08-18 09:40:32 | INFO    | VAL | epoch=053/100 | batch=00100/00313 ( 31.95%) | elapsed=0:00:10 | eta=0:00:22
    losses | total=3.3807e+00 | fourier=3.3807e+00 | amplitude=2.0733e-02 | phase=1.5492e-02 | support=3.6274e+00
2026-08-18 09:40:37 | INFO    | VAL | epoch=053/100 | batch=00150/00313 ( 47.92%) | elapsed=0:00:15 | eta=0:00:17
    losses | total=3.7493e+00 | fourier=3.7493e+00 | amplitude=1.8506e-02 | phase=1.6370e-02 | support=3.2940e+00
2026-08-18 09:40:42 | INFO    | VAL | epoch=053/100 | batch=00200/00313 ( 63.90%) | elapsed=0:00:21 | eta=0:00:11
    losses | total=3.8819e+00 | fourier=3.8819e+00 | amplitude=1.9315e-02 | phase=1.5454e-02 | support=3.5531e+00
2026-08-18 09:40:48 | INFO    | VAL | epoch=053/100 | batch=00250/00313 ( 79.87%) | elapsed=0:00:26 | eta=0:00:06
    losses | total=3.7396e+00 | fourier=3.7396e+00 | amplitude=2.0598e-02 | phase=2.1026e-02 | support=3.3443e+00
2026-08-18 09:40:53 | INFO    | VAL | epoch=053/100 | batch=00300/00313 ( 95.85%) | elapsed=0:00:31 | eta=0:00:01
    losses | total=3.5779e+00 | fourier=3.5779e+00 | amplitude=2.0856e-02 | phase=2.0261e-02 | support=3.3212e+00
2026-08-18 09:40:54 | INFO    | VAL | epoch=053/100 | batch=00313/00313 (100.00%) | elapsed=0:00:32 | eta=0:00:00
    losses | total=3.9389e+00 | fourier=3.9389e+00 | amplitude=1.7623e-02 | phase=1.6802e-02 | support=3.1170e+00
2026-08-18 09:40:54 | INFO    | VAL epoch 053 complete | batches=313 | samples=5000 | time=0:00:32
2026-08-18 09:40:54 | INFO    | Cross-skip strengths | 8/phase_to_amp=+5.8250e-03 | 8/amp_to_phase=-3.2539e-02 | 16/phase_to_amp=-1.6848e-02 | 16/amp_to_phase=+9.2896e-02
2026-08-18 09:40:55 | INFO    | 
------------------------------------------------------------------------------------------------
Epoch 053/100 summary
split             total      fourier    amplitude        phase      support        time
train        2.8823e+00   2.8823e+00   1.9469e-02   1.7384e-02   3.4568e+00     0:11:26
validation   3.6939e+00   3.6939e+00   1.9452e-02   1.7440e-02   3.4505e+00     0:00:32
lr=7.813e-06 | best_val=3.6920e+00 | best_updated=no | periodic_checkpoint=no
------------------------------------------------------------------------------------------------
2026-08-18 09:41:17 | INFO    | TRAIN | epoch=054/100 | batch=00050/01563 (  3.20%) | lr=7.813e-06 | elapsed=0:00:22 | eta=0:11:10
    losses | total=3.0031e+00 | fourier=3.0031e+00 | amplitude=1.7409e-02 | phase=1.6967e-02 | support=3.0733e+00
2026-08-18 09:41:39 | INFO    | TRAIN | epoch=054/100 | batch=00100/01563 (  6.40%) | lr=7.813e-06 | elapsed=0:00:44 | eta=0:10:45
    losses | total=2.6929e+00 | fourier=2.6929e+00 | amplitude=2.2276e-02 | phase=1.7109e-02 | support=3.5334e+00
2026-08-18 09:42:01 | INFO    | TRAIN | epoch=054/100 | batch=00150/01563 (  9.60%) | lr=7.813e-06 | elapsed=0:01:06 | eta=0:10:22
    losses | total=3.2576e+00 | fourier=3.2576e+00 | amplitude=2.1823e-02 | phase=2.0445e-02 | support=3.3289e+00
2026-08-18 09:42:23 | INFO    | TRAIN | epoch=054/100 | batch=00200/01563 ( 12.80%) | lr=7.813e-06 | elapsed=0:01:28 | eta=0:09:59
    losses | total=2.6646e+00 | fourier=2.6646e+00 | amplitude=2.1343e-02 | phase=1.3717e-02 | support=3.5399e+00
2026-08-18 09:42:45 | INFO    | TRAIN | epoch=054/100 | batch=00250/01563 ( 15.99%) | lr=7.813e-06 | elapsed=0:01:49 | eta=0:09:37
    losses | total=2.8921e+00 | fourier=2.8921e+00 | amplitude=1.8782e-02 | phase=1.6707e-02 | support=3.4241e+00
2026-08-18 09:43:07 | INFO    | TRAIN | epoch=054/100 | batch=00300/01563 ( 19.19%) | lr=7.813e-06 | elapsed=0:02:11 | eta=0:09:15
    losses | total=3.1608e+00 | fourier=3.1608e+00 | amplitude=2.1364e-02 | phase=2.2118e-02 | support=3.2970e+00
2026-08-18 09:43:28 | INFO    | TRAIN | epoch=054/100 | batch=00350/01563 ( 22.39%) | lr=7.813e-06 | elapsed=0:02:33 | eta=0:08:53
    losses | total=2.8449e+00 | fourier=2.8449e+00 | amplitude=2.2155e-02 | phase=1.4325e-02 | support=3.7431e+00
2026-08-18 09:43:50 | INFO    | TRAIN | epoch=054/100 | batch=00400/01563 ( 25.59%) | lr=7.813e-06 | elapsed=0:02:55 | eta=0:08:31
    losses | total=2.9087e+00 | fourier=2.9087e+00 | amplitude=2.0098e-02 | phase=1.6387e-02 | support=3.4126e+00
2026-08-18 09:44:12 | INFO    | TRAIN | epoch=054/100 | batch=00450/01563 ( 28.79%) | lr=7.813e-06 | elapsed=0:03:17 | eta=0:08:09
    losses | total=2.9293e+00 | fourier=2.9293e+00 | amplitude=1.9270e-02 | phase=1.7561e-02 | support=3.1429e+00
2026-08-18 09:44:34 | INFO    | TRAIN | epoch=054/100 | batch=00500/01563 ( 31.99%) | lr=7.813e-06 | elapsed=0:03:39 | eta=0:07:47
    losses | total=2.6767e+00 | fourier=2.6767e+00 | amplitude=1.7325e-02 | phase=1.4476e-02 | support=3.8632e+00
2026-08-18 09:44:56 | INFO    | TRAIN | epoch=054/100 | batch=00550/01563 ( 35.19%) | lr=7.813e-06 | elapsed=0:04:01 | eta=0:07:25
    losses | total=3.2058e+00 | fourier=3.2058e+00 | amplitude=2.4420e-02 | phase=1.8134e-02 | support=3.7577e+00
2026-08-18 09:45:18 | INFO    | TRAIN | epoch=054/100 | batch=00600/01563 ( 38.39%) | lr=7.813e-06 | elapsed=0:04:23 | eta=0:07:03
    losses | total=2.7677e+00 | fourier=2.7677e+00 | amplitude=1.7915e-02 | phase=1.4152e-02 | support=3.4773e+00
2026-08-18 09:45:40 | INFO    | TRAIN | epoch=054/100 | batch=00650/01563 ( 41.59%) | lr=7.813e-06 | elapsed=0:04:45 | eta=0:06:41
    losses | total=2.7754e+00 | fourier=2.7754e+00 | amplitude=1.6404e-02 | phase=1.3873e-02 | support=3.4230e+00
2026-08-18 09:46:02 | INFO    | TRAIN | epoch=054/100 | batch=00700/01563 ( 44.79%) | lr=7.813e-06 | elapsed=0:05:07 | eta=0:06:19
    losses | total=2.7187e+00 | fourier=2.7187e+00 | amplitude=1.7458e-02 | phase=1.2740e-02 | support=3.5684e+00
2026-08-18 09:46:24 | INFO    | TRAIN | epoch=054/100 | batch=00750/01563 ( 47.98%) | lr=7.813e-06 | elapsed=0:05:29 | eta=0:05:57
    losses | total=2.8116e+00 | fourier=2.8116e+00 | amplitude=2.0139e-02 | phase=1.7669e-02 | support=3.6872e+00
2026-08-18 09:46:46 | INFO    | TRAIN | epoch=054/100 | batch=00800/01563 ( 51.18%) | lr=7.813e-06 | elapsed=0:05:51 | eta=0:05:35
    losses | total=3.0362e+00 | fourier=3.0362e+00 | amplitude=2.4220e-02 | phase=1.7988e-02 | support=3.4245e+00
2026-08-18 09:47:08 | INFO    | TRAIN | epoch=054/100 | batch=00850/01563 ( 54.38%) | lr=7.813e-06 | elapsed=0:06:13 | eta=0:05:13
    losses | total=3.0378e+00 | fourier=3.0378e+00 | amplitude=2.0340e-02 | phase=2.2383e-02 | support=3.4780e+00
2026-08-18 09:47:30 | INFO    | TRAIN | epoch=054/100 | batch=00900/01563 ( 57.58%) | lr=7.813e-06 | elapsed=0:06:35 | eta=0:04:51
    losses | total=3.0247e+00 | fourier=3.0247e+00 | amplitude=2.2286e-02 | phase=1.3700e-02 | support=3.9342e+00
2026-08-18 09:47:52 | INFO    | TRAIN | epoch=054/100 | batch=00950/01563 ( 60.78%) | lr=7.813e-06 | elapsed=0:06:57 | eta=0:04:29
    losses | total=2.8245e+00 | fourier=2.8245e+00 | amplitude=1.9352e-02 | phase=1.1569e-02 | support=3.5219e+00
2026-08-18 09:48:14 | INFO    | TRAIN | epoch=054/100 | batch=01000/01563 ( 63.98%) | lr=7.813e-06 | elapsed=0:07:19 | eta=0:04:07
    losses | total=2.9315e+00 | fourier=2.9315e+00 | amplitude=2.2061e-02 | phase=1.6535e-02 | support=3.5238e+00
2026-08-18 09:48:36 | INFO    | TRAIN | epoch=054/100 | batch=01050/01563 ( 67.18%) | lr=7.813e-06 | elapsed=0:07:41 | eta=0:03:45
    losses | total=2.8135e+00 | fourier=2.8135e+00 | amplitude=2.2718e-02 | phase=1.9948e-02 | support=3.2859e+00
2026-08-18 09:48:58 | INFO    | TRAIN | epoch=054/100 | batch=01100/01563 ( 70.38%) | lr=7.813e-06 | elapsed=0:08:03 | eta=0:03:23
    losses | total=2.9418e+00 | fourier=2.9418e+00 | amplitude=1.9631e-02 | phase=1.5946e-02 | support=3.2944e+00
2026-08-18 09:49:20 | INFO    | TRAIN | epoch=054/100 | batch=01150/01563 ( 73.58%) | lr=7.813e-06 | elapsed=0:08:25 | eta=0:03:01
    losses | total=2.8376e+00 | fourier=2.8376e+00 | amplitude=2.3282e-02 | phase=2.0197e-02 | support=3.1697e+00
2026-08-18 09:49:42 | INFO    | TRAIN | epoch=054/100 | batch=01200/01563 ( 76.78%) | lr=7.813e-06 | elapsed=0:08:47 | eta=0:02:39
    losses | total=2.8527e+00 | fourier=2.8527e+00 | amplitude=1.8133e-02 | phase=1.7216e-02 | support=3.1974e+00
2026-08-18 09:50:04 | INFO    | TRAIN | epoch=054/100 | batch=01250/01563 ( 79.97%) | lr=7.813e-06 | elapsed=0:09:09 | eta=0:02:17
    losses | total=3.0700e+00 | fourier=3.0700e+00 | amplitude=1.9808e-02 | phase=2.1682e-02 | support=2.8479e+00
2026-08-18 09:50:26 | INFO    | TRAIN | epoch=054/100 | batch=01300/01563 ( 83.17%) | lr=7.813e-06 | elapsed=0:09:31 | eta=0:01:55
    losses | total=2.7314e+00 | fourier=2.7314e+00 | amplitude=1.8391e-02 | phase=1.3989e-02 | support=3.6443e+00
2026-08-18 09:50:48 | INFO    | TRAIN | epoch=054/100 | batch=01350/01563 ( 86.37%) | lr=7.813e-06 | elapsed=0:09:52 | eta=0:01:33
    losses | total=3.1676e+00 | fourier=3.1676e+00 | amplitude=2.2207e-02 | phase=2.0811e-02 | support=3.2990e+00
2026-08-18 09:51:10 | INFO    | TRAIN | epoch=054/100 | batch=01400/01563 ( 89.57%) | lr=7.813e-06 | elapsed=0:10:14 | eta=0:01:11
    losses | total=3.0981e+00 | fourier=3.0981e+00 | amplitude=2.1962e-02 | phase=2.3746e-02 | support=3.2318e+00
2026-08-18 09:51:31 | INFO    | TRAIN | epoch=054/100 | batch=01450/01563 ( 92.77%) | lr=7.813e-06 | elapsed=0:10:36 | eta=0:00:49
    losses | total=2.9829e+00 | fourier=2.9829e+00 | amplitude=2.0650e-02 | phase=2.2776e-02 | support=3.2269e+00
2026-08-18 09:51:53 | INFO    | TRAIN | epoch=054/100 | batch=01500/01563 ( 95.97%) | lr=7.813e-06 | elapsed=0:10:58 | eta=0:00:27
    losses | total=2.8409e+00 | fourier=2.8409e+00 | amplitude=1.7451e-02 | phase=1.5065e-02 | support=4.0261e+00
2026-08-18 09:52:15 | INFO    | TRAIN | epoch=054/100 | batch=01550/01563 ( 99.17%) | lr=7.813e-06 | elapsed=0:11:20 | eta=0:00:05
    losses | total=2.8305e+00 | fourier=2.8305e+00 | amplitude=2.1877e-02 | phase=1.6134e-02 | support=3.5884e+00
2026-08-18 09:52:21 | INFO    | TRAIN | epoch=054/100 | batch=01563/01563 (100.00%) | lr=7.813e-06 | elapsed=0:11:26 | eta=0:00:00
    losses | total=3.2127e+00 | fourier=3.2127e+00 | amplitude=1.7886e-02 | phase=1.8118e-02 | support=2.8059e+00
2026-08-18 09:52:21 | INFO    | TRAIN epoch 054 complete | batches=1563 | samples=25000 | time=0:11:26
2026-08-18 09:52:27 | INFO    | VAL | epoch=054/100 | batch=00050/00313 ( 15.97%) | elapsed=0:00:05 | eta=0:00:28
    losses | total=4.2523e+00 | fourier=4.2523e+00 | amplitude=1.9891e-02 | phase=2.0299e-02 | support=3.4533e+00
2026-08-18 09:52:32 | INFO    | VAL | epoch=054/100 | batch=00100/00313 ( 31.95%) | elapsed=0:00:10 | eta=0:00:22
    losses | total=3.3793e+00 | fourier=3.3793e+00 | amplitude=2.0742e-02 | phase=1.5505e-02 | support=3.6255e+00
2026-08-18 09:52:37 | INFO    | VAL | epoch=054/100 | batch=00150/00313 ( 47.92%) | elapsed=0:00:15 | eta=0:00:17
    losses | total=3.7451e+00 | fourier=3.7451e+00 | amplitude=1.8517e-02 | phase=1.6395e-02 | support=3.2940e+00
2026-08-18 09:52:42 | INFO    | VAL | epoch=054/100 | batch=00200/00313 ( 63.90%) | elapsed=0:00:21 | eta=0:00:11
    losses | total=3.8832e+00 | fourier=3.8832e+00 | amplitude=1.9326e-02 | phase=1.5467e-02 | support=3.5515e+00
2026-08-18 09:52:48 | INFO    | VAL | epoch=054/100 | batch=00250/00313 ( 79.87%) | elapsed=0:00:26 | eta=0:00:06
    losses | total=3.7350e+00 | fourier=3.7350e+00 | amplitude=2.0620e-02 | phase=2.1049e-02 | support=3.3457e+00
2026-08-18 09:52:53 | INFO    | VAL | epoch=054/100 | batch=00300/00313 ( 95.85%) | elapsed=0:00:31 | eta=0:00:01
    losses | total=3.5836e+00 | fourier=3.5836e+00 | amplitude=2.0868e-02 | phase=2.0288e-02 | support=3.3206e+00
2026-08-18 09:52:54 | INFO    | VAL | epoch=054/100 | batch=00313/00313 (100.00%) | elapsed=0:00:32 | eta=0:00:00
    losses | total=3.9407e+00 | fourier=3.9407e+00 | amplitude=1.7648e-02 | phase=1.6839e-02 | support=3.1154e+00
2026-08-18 09:52:54 | INFO    | VAL epoch 054 complete | batches=313 | samples=5000 | time=0:00:32
2026-08-18 09:52:54 | INFO    | Cross-skip strengths | 8/phase_to_amp=+6.1286e-03 | 8/amp_to_phase=-3.2611e-02 | 16/phase_to_amp=-1.6819e-02 | 16/amp_to_phase=+9.3038e-02
2026-08-18 09:52:54 | INFO    | 
------------------------------------------------------------------------------------------------
Epoch 054/100 summary
split             total      fourier    amplitude        phase      support        time
train        2.8823e+00   2.8823e+00   1.9469e-02   1.7386e-02   3.4572e+00     0:11:26
validation   3.6939e+00   3.6939e+00   1.9468e-02   1.7466e-02   3.4500e+00     0:00:32
lr=7.813e-06 | best_val=3.6920e+00 | best_updated=no | periodic_checkpoint=no
------------------------------------------------------------------------------------------------
2026-08-18 09:53:17 | INFO    | TRAIN | epoch=055/100 | batch=00050/01563 (  3.20%) | lr=7.813e-06 | elapsed=0:00:22 | eta=0:11:11
    losses | total=2.9988e+00 | fourier=2.9988e+00 | amplitude=2.2543e-02 | phase=2.5014e-02 | support=3.7575e+00
2026-08-18 09:53:39 | INFO    | TRAIN | epoch=055/100 | batch=00100/01563 (  6.40%) | lr=7.813e-06 | elapsed=0:00:44 | eta=0:10:46
    losses | total=2.9235e+00 | fourier=2.9235e+00 | amplitude=1.8688e-02 | phase=1.6079e-02 | support=3.4740e+00
2026-08-18 09:54:01 | INFO    | TRAIN | epoch=055/100 | batch=00150/01563 (  9.60%) | lr=7.813e-06 | elapsed=0:01:06 | eta=0:10:23
    losses | total=2.7274e+00 | fourier=2.7274e+00 | amplitude=1.9322e-02 | phase=1.5104e-02 | support=3.4696e+00
2026-08-18 09:54:23 | INFO    | TRAIN | epoch=055/100 | batch=00200/01563 ( 12.80%) | lr=7.813e-06 | elapsed=0:01:28 | eta=0:10:00
    losses | total=2.6671e+00 | fourier=2.6671e+00 | amplitude=1.9624e-02 | phase=1.3609e-02 | support=3.6763e+00
2026-08-18 09:54:44 | INFO    | TRAIN | epoch=055/100 | batch=00250/01563 ( 15.99%) | lr=7.813e-06 | elapsed=0:01:50 | eta=0:09:37
    losses | total=2.7481e+00 | fourier=2.7481e+00 | amplitude=2.0725e-02 | phase=1.6604e-02 | support=3.4953e+00
2026-08-18 09:55:06 | INFO    | TRAIN | epoch=055/100 | batch=00300/01563 ( 19.19%) | lr=7.813e-06 | elapsed=0:02:11 | eta=0:09:15
    losses | total=2.9742e+00 | fourier=2.9742e+00 | amplitude=2.0210e-02 | phase=1.5053e-02 | support=3.3683e+00
2026-08-18 09:55:28 | INFO    | TRAIN | epoch=055/100 | batch=00350/01563 ( 22.39%) | lr=7.813e-06 | elapsed=0:02:33 | eta=0:08:53
    losses | total=2.8597e+00 | fourier=2.8597e+00 | amplitude=1.7926e-02 | phase=1.2061e-02 | support=3.7935e+00
2026-08-18 09:55:50 | INFO    | TRAIN | epoch=055/100 | batch=00400/01563 ( 25.59%) | lr=7.813e-06 | elapsed=0:02:55 | eta=0:08:31
    losses | total=3.1529e+00 | fourier=3.1529e+00 | amplitude=1.9722e-02 | phase=1.2914e-02 | support=3.2704e+00
2026-08-18 09:56:12 | INFO    | TRAIN | epoch=055/100 | batch=00450/01563 ( 28.79%) | lr=7.813e-06 | elapsed=0:03:17 | eta=0:08:09
    losses | total=2.8250e+00 | fourier=2.8250e+00 | amplitude=1.8157e-02 | phase=1.3264e-02 | support=2.9113e+00
2026-08-18 09:56:34 | INFO    | TRAIN | epoch=055/100 | batch=00500/01563 ( 31.99%) | lr=7.813e-06 | elapsed=0:03:39 | eta=0:07:47
    losses | total=2.8162e+00 | fourier=2.8162e+00 | amplitude=1.7496e-02 | phase=1.4038e-02 | support=3.3917e+00
2026-08-18 09:56:56 | INFO    | TRAIN | epoch=055/100 | batch=00550/01563 ( 35.19%) | lr=7.813e-06 | elapsed=0:04:01 | eta=0:07:25
    losses | total=2.8665e+00 | fourier=2.8665e+00 | amplitude=2.1303e-02 | phase=1.4719e-02 | support=3.9076e+00
2026-08-18 09:57:18 | INFO    | TRAIN | epoch=055/100 | batch=00600/01563 ( 38.39%) | lr=7.813e-06 | elapsed=0:04:23 | eta=0:07:03
    losses | total=3.0096e+00 | fourier=3.0096e+00 | amplitude=2.2455e-02 | phase=1.9034e-02 | support=3.7937e+00
2026-08-18 09:57:40 | INFO    | TRAIN | epoch=055/100 | batch=00650/01563 ( 41.59%) | lr=7.813e-06 | elapsed=0:04:45 | eta=0:06:41
    losses | total=3.0193e+00 | fourier=3.0193e+00 | amplitude=2.4118e-02 | phase=1.9814e-02 | support=3.3679e+00
2026-08-18 09:58:02 | INFO    | TRAIN | epoch=055/100 | batch=00700/01563 ( 44.79%) | lr=7.813e-06 | elapsed=0:05:07 | eta=0:06:19
    losses | total=3.0704e+00 | fourier=3.0704e+00 | amplitude=2.0921e-02 | phase=1.9516e-02 | support=3.4624e+00
2026-08-18 09:58:24 | INFO    | TRAIN | epoch=055/100 | batch=00750/01563 ( 47.98%) | lr=7.813e-06 | elapsed=0:05:29 | eta=0:05:57
    losses | total=2.6474e+00 | fourier=2.6474e+00 | amplitude=1.9814e-02 | phase=1.6691e-02 | support=3.0357e+00
2026-08-18 09:58:46 | INFO    | TRAIN | epoch=055/100 | batch=00800/01563 ( 51.18%) | lr=7.813e-06 | elapsed=0:05:51 | eta=0:05:35
    losses | total=3.0741e+00 | fourier=3.0741e+00 | amplitude=1.9102e-02 | phase=2.2770e-02 | support=3.3613e+00
2026-08-18 09:59:08 | INFO    | TRAIN | epoch=055/100 | batch=00850/01563 ( 54.38%) | lr=7.813e-06 | elapsed=0:06:13 | eta=0:05:13
    losses | total=2.8648e+00 | fourier=2.8648e+00 | amplitude=1.9390e-02 | phase=1.8298e-02 | support=3.8489e+00
2026-08-18 09:59:30 | INFO    | TRAIN | epoch=055/100 | batch=00900/01563 ( 57.58%) | lr=7.813e-06 | elapsed=0:06:35 | eta=0:04:51
    losses | total=2.6767e+00 | fourier=2.6767e+00 | amplitude=1.6111e-02 | phase=1.1574e-02 | support=3.1615e+00
2026-08-18 09:59:52 | INFO    | TRAIN | epoch=055/100 | batch=00950/01563 ( 60.78%) | lr=7.813e-06 | elapsed=0:06:57 | eta=0:04:29
    losses | total=2.8672e+00 | fourier=2.8672e+00 | amplitude=1.9563e-02 | phase=1.2447e-02 | support=3.5888e+00
2026-08-18 10:00:14 | INFO    | TRAIN | epoch=055/100 | batch=01000/01563 ( 63.98%) | lr=7.813e-06 | elapsed=0:07:19 | eta=0:04:07
    losses | total=2.7755e+00 | fourier=2.7755e+00 | amplitude=2.0502e-02 | phase=1.4400e-02 | support=3.2511e+00
2026-08-18 10:00:36 | INFO    | TRAIN | epoch=055/100 | batch=01050/01563 ( 67.18%) | lr=7.813e-06 | elapsed=0:07:41 | eta=0:03:45
    losses | total=2.6617e+00 | fourier=2.6617e+00 | amplitude=1.9496e-02 | phase=1.6776e-02 | support=3.3494e+00
2026-08-18 10:00:58 | INFO    | TRAIN | epoch=055/100 | batch=01100/01563 ( 70.38%) | lr=7.813e-06 | elapsed=0:08:03 | eta=0:03:23
    losses | total=2.7515e+00 | fourier=2.7515e+00 | amplitude=1.9838e-02 | phase=1.7739e-02 | support=3.5858e+00
2026-08-18 10:01:20 | INFO    | TRAIN | epoch=055/100 | batch=01150/01563 ( 73.58%) | lr=7.813e-06 | elapsed=0:08:25 | eta=0:03:01
    losses | total=2.8858e+00 | fourier=2.8858e+00 | amplitude=1.6245e-02 | phase=1.4371e-02 | support=3.2495e+00
2026-08-18 10:01:42 | INFO    | TRAIN | epoch=055/100 | batch=01200/01563 ( 76.78%) | lr=7.813e-06 | elapsed=0:08:47 | eta=0:02:39
    losses | total=2.7854e+00 | fourier=2.7854e+00 | amplitude=1.7712e-02 | phase=1.2756e-02 | support=3.2328e+00
2026-08-18 10:02:04 | INFO    | TRAIN | epoch=055/100 | batch=01250/01563 ( 79.97%) | lr=7.813e-06 | elapsed=0:09:09 | eta=0:02:17
    losses | total=2.9877e+00 | fourier=2.9877e+00 | amplitude=1.9425e-02 | phase=2.3439e-02 | support=3.4320e+00
2026-08-18 10:02:26 | INFO    | TRAIN | epoch=055/100 | batch=01300/01563 ( 83.17%) | lr=7.813e-06 | elapsed=0:09:31 | eta=0:01:55
    losses | total=3.0031e+00 | fourier=3.0031e+00 | amplitude=1.9954e-02 | phase=1.4563e-02 | support=3.7789e+00
2026-08-18 10:02:48 | INFO    | TRAIN | epoch=055/100 | batch=01350/01563 ( 86.37%) | lr=7.813e-06 | elapsed=0:09:53 | eta=0:01:33
    losses | total=2.8334e+00 | fourier=2.8334e+00 | amplitude=1.6573e-02 | phase=1.3804e-02 | support=3.0617e+00
2026-08-18 10:03:10 | INFO    | TRAIN | epoch=055/100 | batch=01400/01563 ( 89.57%) | lr=7.813e-06 | elapsed=0:10:15 | eta=0:01:11
    losses | total=2.7191e+00 | fourier=2.7191e+00 | amplitude=1.7863e-02 | phase=1.5907e-02 | support=3.7120e+00
2026-08-18 10:03:32 | INFO    | TRAIN | epoch=055/100 | batch=01450/01563 ( 92.77%) | lr=7.813e-06 | elapsed=0:10:37 | eta=0:00:49
    losses | total=3.0839e+00 | fourier=3.0839e+00 | amplitude=2.2329e-02 | phase=1.5615e-02 | support=3.3058e+00
2026-08-18 10:03:54 | INFO    | TRAIN | epoch=055/100 | batch=01500/01563 ( 95.97%) | lr=7.813e-06 | elapsed=0:10:59 | eta=0:00:27
    losses | total=2.6529e+00 | fourier=2.6529e+00 | amplitude=2.2335e-02 | phase=1.7142e-02 | support=3.5297e+00
2026-08-18 10:04:16 | INFO    | TRAIN | epoch=055/100 | batch=01550/01563 ( 99.17%) | lr=7.813e-06 | elapsed=0:11:21 | eta=0:00:05
    losses | total=2.8967e+00 | fourier=2.8967e+00 | amplitude=1.9556e-02 | phase=2.0288e-02 | support=3.4333e+00
2026-08-18 10:04:21 | INFO    | TRAIN | epoch=055/100 | batch=01563/01563 (100.00%) | lr=7.813e-06 | elapsed=0:11:26 | eta=0:00:00
    losses | total=2.7116e+00 | fourier=2.7116e+00 | amplitude=1.6359e-02 | phase=1.2852e-02 | support=3.6588e+00
2026-08-18 10:04:22 | INFO    | TRAIN epoch 055 complete | batches=1563 | samples=25000 | time=0:11:27
2026-08-18 10:04:27 | INFO    | VAL | epoch=055/100 | batch=00050/00313 ( 15.97%) | elapsed=0:00:05 | eta=0:00:28
    losses | total=4.2479e+00 | fourier=4.2479e+00 | amplitude=1.9883e-02 | phase=2.0344e-02 | support=3.4475e+00
2026-08-18 10:04:32 | INFO    | VAL | epoch=055/100 | batch=00100/00313 ( 31.95%) | elapsed=0:00:10 | eta=0:00:22
    losses | total=3.3771e+00 | fourier=3.3771e+00 | amplitude=2.0751e-02 | phase=1.5561e-02 | support=3.6222e+00
2026-08-18 10:04:37 | INFO    | VAL | epoch=055/100 | batch=00150/00313 ( 47.92%) | elapsed=0:00:15 | eta=0:00:17
    losses | total=3.7468e+00 | fourier=3.7468e+00 | amplitude=1.8512e-02 | phase=1.6403e-02 | support=3.2893e+00
2026-08-18 10:04:43 | INFO    | VAL | epoch=055/100 | batch=00200/00313 ( 63.90%) | elapsed=0:00:21 | eta=0:00:11
    losses | total=3.8852e+00 | fourier=3.8852e+00 | amplitude=1.9326e-02 | phase=1.5504e-02 | support=3.5471e+00
2026-08-18 10:04:48 | INFO    | VAL | epoch=055/100 | batch=00250/00313 ( 79.87%) | elapsed=0:00:26 | eta=0:00:06
    losses | total=3.7345e+00 | fourier=3.7345e+00 | amplitude=2.0612e-02 | phase=2.1084e-02 | support=3.3403e+00
2026-08-18 10:04:53 | INFO    | VAL | epoch=055/100 | batch=00300/00313 ( 95.85%) | elapsed=0:00:31 | eta=0:00:01
    losses | total=3.5828e+00 | fourier=3.5828e+00 | amplitude=2.0867e-02 | phase=2.0335e-02 | support=3.3153e+00
2026-08-18 10:04:54 | INFO    | VAL | epoch=055/100 | batch=00313/00313 (100.00%) | elapsed=0:00:32 | eta=0:00:00
    losses | total=3.9427e+00 | fourier=3.9427e+00 | amplitude=1.7649e-02 | phase=1.6886e-02 | support=3.1124e+00
2026-08-18 10:04:55 | INFO    | VAL epoch 055 complete | batches=313 | samples=5000 | time=0:00:32
2026-08-18 10:04:55 | INFO    | Cross-skip strengths | 8/phase_to_amp=+5.9965e-03 | 8/amp_to_phase=-3.2507e-02 | 16/phase_to_amp=-1.6913e-02 | 16/amp_to_phase=+9.3128e-02
2026-08-18 10:04:55 | INFO    | 
------------------------------------------------------------------------------------------------
Epoch 055/100 summary
split             total      fourier    amplitude        phase      support        time
train        2.8819e+00   2.8819e+00   1.9469e-02   1.7387e-02   3.4555e+00     0:11:27
validation   3.6933e+00   3.6933e+00   1.9466e-02   1.7508e-02   3.4457e+00     0:00:32
lr=7.813e-06 | best_val=3.6920e+00 | best_updated=no | periodic_checkpoint=no
------------------------------------------------------------------------------------------------
2026-08-18 10:05:17 | INFO    | TRAIN | epoch=056/100 | batch=00050/01563 (  3.20%) | lr=7.813e-06 | elapsed=0:00:22 | eta=0:11:09
    losses | total=3.0421e+00 | fourier=3.0421e+00 | amplitude=1.7483e-02 | phase=2.0750e-02 | support=3.3352e+00
2026-08-18 10:05:39 | INFO    | TRAIN | epoch=056/100 | batch=00100/01563 (  6.40%) | lr=7.813e-06 | elapsed=0:00:44 | eta=0:10:45
    losses | total=2.8383e+00 | fourier=2.8383e+00 | amplitude=1.8627e-02 | phase=1.7049e-02 | support=3.2167e+00
2026-08-18 10:06:01 | INFO    | TRAIN | epoch=056/100 | batch=00150/01563 (  9.60%) | lr=7.813e-06 | elapsed=0:01:06 | eta=0:10:22
    losses | total=2.7736e+00 | fourier=2.7736e+00 | amplitude=1.8409e-02 | phase=1.6608e-02 | support=3.2751e+00
2026-08-18 10:06:23 | INFO    | TRAIN | epoch=056/100 | batch=00200/01563 ( 12.80%) | lr=7.813e-06 | elapsed=0:01:28 | eta=0:10:00
    losses | total=2.9234e+00 | fourier=2.9234e+00 | amplitude=1.9461e-02 | phase=1.4063e-02 | support=3.0765e+00
2026-08-18 10:06:45 | INFO    | TRAIN | epoch=056/100 | batch=00250/01563 ( 15.99%) | lr=7.813e-06 | elapsed=0:01:50 | eta=0:09:37
    losses | total=2.6769e+00 | fourier=2.6769e+00 | amplitude=1.8655e-02 | phase=1.5169e-02 | support=4.0025e+00
2026-08-18 10:07:07 | INFO    | TRAIN | epoch=056/100 | batch=00300/01563 ( 19.19%) | lr=7.813e-06 | elapsed=0:02:12 | eta=0:09:15
    losses | total=2.6864e+00 | fourier=2.6864e+00 | amplitude=1.7216e-02 | phase=2.0005e-02 | support=3.1746e+00
2026-08-18 10:07:29 | INFO    | TRAIN | epoch=056/100 | batch=00350/01563 ( 22.39%) | lr=7.813e-06 | elapsed=0:02:33 | eta=0:08:53
    losses | total=2.7615e+00 | fourier=2.7615e+00 | amplitude=1.8425e-02 | phase=1.4425e-02 | support=3.7836e+00
2026-08-18 10:07:51 | INFO    | TRAIN | epoch=056/100 | batch=00400/01563 ( 25.59%) | lr=7.813e-06 | elapsed=0:02:55 | eta=0:08:31
    losses | total=2.8604e+00 | fourier=2.8604e+00 | amplitude=2.1069e-02 | phase=1.9562e-02 | support=3.5917e+00
2026-08-18 10:08:13 | INFO    | TRAIN | epoch=056/100 | batch=00450/01563 ( 28.79%) | lr=7.813e-06 | elapsed=0:03:17 | eta=0:08:09
    losses | total=2.8202e+00 | fourier=2.8202e+00 | amplitude=2.0596e-02 | phase=1.6311e-02 | support=3.3472e+00
2026-08-18 10:08:35 | INFO    | TRAIN | epoch=056/100 | batch=00500/01563 ( 31.99%) | lr=7.813e-06 | elapsed=0:03:39 | eta=0:07:47
    losses | total=2.9311e+00 | fourier=2.9311e+00 | amplitude=1.8827e-02 | phase=1.6937e-02 | support=3.3827e+00
2026-08-18 10:08:57 | INFO    | TRAIN | epoch=056/100 | batch=00550/01563 ( 35.19%) | lr=7.813e-06 | elapsed=0:04:01 | eta=0:07:25
    losses | total=2.7787e+00 | fourier=2.7787e+00 | amplitude=2.1048e-02 | phase=1.8514e-02 | support=3.8373e+00
2026-08-18 10:09:19 | INFO    | TRAIN | epoch=056/100 | batch=00600/01563 ( 38.39%) | lr=7.813e-06 | elapsed=0:04:23 | eta=0:07:03
    losses | total=2.7203e+00 | fourier=2.7203e+00 | amplitude=1.9026e-02 | phase=1.4330e-02 | support=3.5666e+00
2026-08-18 10:09:41 | INFO    | TRAIN | epoch=056/100 | batch=00650/01563 ( 41.59%) | lr=7.813e-06 | elapsed=0:04:45 | eta=0:06:41
    losses | total=3.0074e+00 | fourier=3.0074e+00 | amplitude=1.8022e-02 | phase=1.7215e-02 | support=3.5415e+00
2026-08-18 10:10:03 | INFO    | TRAIN | epoch=056/100 | batch=00700/01563 ( 44.79%) | lr=7.813e-06 | elapsed=0:05:07 | eta=0:06:19
    losses | total=2.6966e+00 | fourier=2.6966e+00 | amplitude=2.1368e-02 | phase=1.4613e-02 | support=3.5703e+00
2026-08-18 10:10:25 | INFO    | TRAIN | epoch=056/100 | batch=00750/01563 ( 47.98%) | lr=7.813e-06 | elapsed=0:05:29 | eta=0:05:57
    losses | total=2.9386e+00 | fourier=2.9386e+00 | amplitude=1.7967e-02 | phase=1.0429e-02 | support=3.5902e+00
2026-08-18 10:10:47 | INFO    | TRAIN | epoch=056/100 | batch=00800/01563 ( 51.18%) | lr=7.813e-06 | elapsed=0:05:51 | eta=0:05:35
    losses | total=2.8965e+00 | fourier=2.8965e+00 | amplitude=2.0653e-02 | phase=1.7278e-02 | support=3.7032e+00
2026-08-18 10:11:09 | INFO    | TRAIN | epoch=056/100 | batch=00850/01563 ( 54.38%) | lr=7.813e-06 | elapsed=0:06:13 | eta=0:05:13
    losses | total=2.8160e+00 | fourier=2.8160e+00 | amplitude=1.8385e-02 | phase=1.5214e-02 | support=3.6746e+00
2026-08-18 10:11:31 | INFO    | TRAIN | epoch=056/100 | batch=00900/01563 ( 57.58%) | lr=7.813e-06 | elapsed=0:06:35 | eta=0:04:51
    losses | total=2.9277e+00 | fourier=2.9277e+00 | amplitude=1.5980e-02 | phase=1.5497e-02 | support=3.1182e+00
2026-08-18 10:11:53 | INFO    | TRAIN | epoch=056/100 | batch=00950/01563 ( 60.78%) | lr=7.813e-06 | elapsed=0:06:57 | eta=0:04:29
    losses | total=2.8188e+00 | fourier=2.8188e+00 | amplitude=1.9134e-02 | phase=2.2927e-02 | support=3.5476e+00
2026-08-18 10:12:14 | INFO    | TRAIN | epoch=056/100 | batch=01000/01563 ( 63.98%) | lr=7.813e-06 | elapsed=0:07:19 | eta=0:04:07
    losses | total=2.6598e+00 | fourier=2.6598e+00 | amplitude=1.8803e-02 | phase=1.2663e-02 | support=3.6864e+00
2026-08-18 10:12:36 | INFO    | TRAIN | epoch=056/100 | batch=01050/01563 ( 67.18%) | lr=7.813e-06 | elapsed=0:07:41 | eta=0:03:45
    losses | total=2.9626e+00 | fourier=2.9626e+00 | amplitude=2.1248e-02 | phase=2.1586e-02 | support=3.5499e+00
2026-08-18 10:12:58 | INFO    | TRAIN | epoch=056/100 | batch=01100/01563 ( 70.38%) | lr=7.813e-06 | elapsed=0:08:03 | eta=0:03:23
    losses | total=2.9016e+00 | fourier=2.9016e+00 | amplitude=1.8853e-02 | phase=1.8937e-02 | support=3.4810e+00
2026-08-18 10:13:20 | INFO    | TRAIN | epoch=056/100 | batch=01150/01563 ( 73.58%) | lr=7.813e-06 | elapsed=0:08:25 | eta=0:03:01
    losses | total=2.7611e+00 | fourier=2.7611e+00 | amplitude=2.0326e-02 | phase=1.7337e-02 | support=3.4182e+00
2026-08-18 10:13:42 | INFO    | TRAIN | epoch=056/100 | batch=01200/01563 ( 76.78%) | lr=7.813e-06 | elapsed=0:08:47 | eta=0:02:39
    losses | total=2.8880e+00 | fourier=2.8880e+00 | amplitude=1.9629e-02 | phase=1.4453e-02 | support=3.8447e+00
2026-08-18 10:14:04 | INFO    | TRAIN | epoch=056/100 | batch=01250/01563 ( 79.97%) | lr=7.813e-06 | elapsed=0:09:09 | eta=0:02:17
    losses | total=2.8724e+00 | fourier=2.8724e+00 | amplitude=2.0663e-02 | phase=2.1756e-02 | support=3.5342e+00
2026-08-18 10:14:26 | INFO    | TRAIN | epoch=056/100 | batch=01300/01563 ( 83.17%) | lr=7.813e-06 | elapsed=0:09:31 | eta=0:01:55
    losses | total=3.2302e+00 | fourier=3.2302e+00 | amplitude=2.1570e-02 | phase=2.0642e-02 | support=3.6366e+00
2026-08-18 10:14:48 | INFO    | TRAIN | epoch=056/100 | batch=01350/01563 ( 86.37%) | lr=7.813e-06 | elapsed=0:09:53 | eta=0:01:33
    losses | total=3.0581e+00 | fourier=3.0581e+00 | amplitude=1.7730e-02 | phase=2.6258e-02 | support=2.9295e+00
2026-08-18 10:15:10 | INFO    | TRAIN | epoch=056/100 | batch=01400/01563 ( 89.57%) | lr=7.813e-06 | elapsed=0:10:15 | eta=0:01:11
    losses | total=2.7526e+00 | fourier=2.7526e+00 | amplitude=1.9629e-02 | phase=1.5882e-02 | support=3.6375e+00
2026-08-18 10:15:32 | INFO    | TRAIN | epoch=056/100 | batch=01450/01563 ( 92.77%) | lr=7.813e-06 | elapsed=0:10:37 | eta=0:00:49
    losses | total=2.9244e+00 | fourier=2.9244e+00 | amplitude=2.0049e-02 | phase=1.7729e-02 | support=3.3528e+00
2026-08-18 10:15:54 | INFO    | TRAIN | epoch=056/100 | batch=01500/01563 ( 95.97%) | lr=7.813e-06 | elapsed=0:10:59 | eta=0:00:27
    losses | total=2.6999e+00 | fourier=2.6999e+00 | amplitude=1.9695e-02 | phase=2.0465e-02 | support=3.5550e+00
2026-08-18 10:16:16 | INFO    | TRAIN | epoch=056/100 | batch=01550/01563 ( 99.17%) | lr=7.813e-06 | elapsed=0:11:21 | eta=0:00:05
    losses | total=2.7316e+00 | fourier=2.7316e+00 | amplitude=1.7351e-02 | phase=1.5184e-02 | support=3.3619e+00
2026-08-18 10:16:22 | INFO    | TRAIN | epoch=056/100 | batch=01563/01563 (100.00%) | lr=7.813e-06 | elapsed=0:11:26 | eta=0:00:00
    losses | total=2.8651e+00 | fourier=2.8651e+00 | amplitude=2.1782e-02 | phase=1.4910e-02 | support=3.7947e+00
2026-08-18 10:16:22 | INFO    | TRAIN epoch 056 complete | batches=1563 | samples=25000 | time=0:11:27
2026-08-18 10:16:27 | INFO    | VAL | epoch=056/100 | batch=00050/00313 ( 15.97%) | elapsed=0:00:05 | eta=0:00:28
    losses | total=4.2525e+00 | fourier=4.2525e+00 | amplitude=1.9908e-02 | phase=2.0346e-02 | support=3.4533e+00
2026-08-18 10:16:33 | INFO    | VAL | epoch=056/100 | batch=00100/00313 ( 31.95%) | elapsed=0:00:10 | eta=0:00:22
    losses | total=3.3765e+00 | fourier=3.3765e+00 | amplitude=2.0765e-02 | phase=1.5543e-02 | support=3.6238e+00
2026-08-18 10:16:38 | INFO    | VAL | epoch=056/100 | batch=00150/00313 ( 47.92%) | elapsed=0:00:15 | eta=0:00:17
    losses | total=3.7523e+00 | fourier=3.7523e+00 | amplitude=1.8527e-02 | phase=1.6415e-02 | support=3.2929e+00
2026-08-18 10:16:43 | INFO    | VAL | epoch=056/100 | batch=00200/00313 ( 63.90%) | elapsed=0:00:21 | eta=0:00:11
    losses | total=3.8816e+00 | fourier=3.8816e+00 | amplitude=1.9343e-02 | phase=1.5512e-02 | support=3.5506e+00
2026-08-18 10:16:48 | INFO    | VAL | epoch=056/100 | batch=00250/00313 ( 79.87%) | elapsed=0:00:26 | eta=0:00:06
    losses | total=3.7346e+00 | fourier=3.7346e+00 | amplitude=2.0631e-02 | phase=2.1088e-02 | support=3.3434e+00
2026-08-18 10:16:54 | INFO    | VAL | epoch=056/100 | batch=00300/00313 ( 95.85%) | elapsed=0:00:31 | eta=0:00:01
    losses | total=3.5906e+00 | fourier=3.5906e+00 | amplitude=2.0874e-02 | phase=2.0335e-02 | support=3.3170e+00
2026-08-18 10:16:55 | INFO    | VAL | epoch=056/100 | batch=00313/00313 (100.00%) | elapsed=0:00:32 | eta=0:00:00
    losses | total=3.9433e+00 | fourier=3.9433e+00 | amplitude=1.7664e-02 | phase=1.6902e-02 | support=3.1143e+00
2026-08-18 10:16:55 | INFO    | VAL epoch 056 complete | batches=313 | samples=5000 | time=0:00:32
2026-08-18 10:16:55 | INFO    | Cross-skip strengths | 8/phase_to_amp=+5.8339e-03 | 8/amp_to_phase=-3.2544e-02 | 16/phase_to_amp=-1.6864e-02 | 16/amp_to_phase=+9.3136e-02
2026-08-18 10:16:55 | INFO    | 
------------------------------------------------------------------------------------------------
Epoch 056/100 summary
split             total      fourier    amplitude        phase      support        time
train        2.8811e+00   2.8811e+00   1.9469e-02   1.7385e-02   3.4566e+00     0:11:27
validation   3.6937e+00   3.6937e+00   1.9481e-02   1.7504e-02   3.4485e+00     0:00:32
lr=7.813e-06 | best_val=3.6920e+00 | best_updated=no | periodic_checkpoint=no
------------------------------------------------------------------------------------------------
2026-08-18 10:17:17 | INFO    | TRAIN | epoch=057/100 | batch=00050/01563 (  3.20%) | lr=7.813e-06 | elapsed=0:00:22 | eta=0:11:11
    losses | total=2.7708e+00 | fourier=2.7708e+00 | amplitude=2.2538e-02 | phase=2.1141e-02 | support=3.6533e+00
2026-08-18 10:17:39 | INFO    | TRAIN | epoch=057/100 | batch=00100/01563 (  6.40%) | lr=7.813e-06 | elapsed=0:00:44 | eta=0:10:46
    losses | total=2.8349e+00 | fourier=2.8349e+00 | amplitude=1.6917e-02 | phase=1.5620e-02 | support=3.9213e+00
2026-08-18 10:18:01 | INFO    | TRAIN | epoch=057/100 | batch=00150/01563 (  9.60%) | lr=7.813e-06 | elapsed=0:01:06 | eta=0:10:23
    losses | total=2.9871e+00 | fourier=2.9871e+00 | amplitude=2.2896e-02 | phase=2.6204e-02 | support=3.4646e+00
2026-08-18 10:18:23 | INFO    | TRAIN | epoch=057/100 | batch=00200/01563 ( 12.80%) | lr=7.813e-06 | elapsed=0:01:28 | eta=0:10:00
    losses | total=2.8874e+00 | fourier=2.8874e+00 | amplitude=1.9577e-02 | phase=1.6447e-02 | support=3.6980e+00
2026-08-18 10:18:45 | INFO    | TRAIN | epoch=057/100 | batch=00250/01563 ( 15.99%) | lr=7.813e-06 | elapsed=0:01:50 | eta=0:09:38
    losses | total=2.8626e+00 | fourier=2.8626e+00 | amplitude=2.0576e-02 | phase=1.7213e-02 | support=3.5541e+00
2026-08-18 10:19:07 | INFO    | TRAIN | epoch=057/100 | batch=00300/01563 ( 19.19%) | lr=7.813e-06 | elapsed=0:02:12 | eta=0:09:15
    losses | total=2.8736e+00 | fourier=2.8736e+00 | amplitude=2.1314e-02 | phase=2.2427e-02 | support=3.3531e+00
2026-08-18 10:19:29 | INFO    | TRAIN | epoch=057/100 | batch=00350/01563 ( 22.39%) | lr=7.813e-06 | elapsed=0:02:33 | eta=0:08:53
    losses | total=3.2102e+00 | fourier=3.2102e+00 | amplitude=1.7786e-02 | phase=2.3353e-02 | support=2.9074e+00
2026-08-18 10:19:51 | INFO    | TRAIN | epoch=057/100 | batch=00400/01563 ( 25.59%) | lr=7.813e-06 | elapsed=0:02:55 | eta=0:08:31
    losses | total=2.8539e+00 | fourier=2.8539e+00 | amplitude=2.1532e-02 | phase=1.6924e-02 | support=3.6269e+00
2026-08-18 10:20:13 | INFO    | TRAIN | epoch=057/100 | batch=00450/01563 ( 28.79%) | lr=7.813e-06 | elapsed=0:03:17 | eta=0:08:09
    losses | total=3.0035e+00 | fourier=3.0035e+00 | amplitude=2.0725e-02 | phase=2.2429e-02 | support=3.3133e+00
2026-08-18 10:20:35 | INFO    | TRAIN | epoch=057/100 | batch=00500/01563 ( 31.99%) | lr=7.813e-06 | elapsed=0:03:39 | eta=0:07:47
    losses | total=2.7886e+00 | fourier=2.7886e+00 | amplitude=1.8200e-02 | phase=1.4608e-02 | support=3.9526e+00
2026-08-18 10:20:57 | INFO    | TRAIN | epoch=057/100 | batch=00550/01563 ( 35.19%) | lr=7.813e-06 | elapsed=0:04:01 | eta=0:07:25
    losses | total=2.8027e+00 | fourier=2.8027e+00 | amplitude=1.9378e-02 | phase=1.7816e-02 | support=3.3200e+00
2026-08-18 10:21:19 | INFO    | TRAIN | epoch=057/100 | batch=00600/01563 ( 38.39%) | lr=7.813e-06 | elapsed=0:04:23 | eta=0:07:03
    losses | total=2.7714e+00 | fourier=2.7714e+00 | amplitude=2.0458e-02 | phase=1.5720e-02 | support=3.7440e+00
2026-08-18 10:21:41 | INFO    | TRAIN | epoch=057/100 | batch=00650/01563 ( 41.59%) | lr=7.813e-06 | elapsed=0:04:45 | eta=0:06:41
    losses | total=2.7025e+00 | fourier=2.7025e+00 | amplitude=2.0187e-02 | phase=1.4631e-02 | support=3.6868e+00
2026-08-18 10:22:03 | INFO    | TRAIN | epoch=057/100 | batch=00700/01563 ( 44.79%) | lr=7.813e-06 | elapsed=0:05:07 | eta=0:06:19
    losses | total=3.0554e+00 | fourier=3.0554e+00 | amplitude=1.8405e-02 | phase=2.0903e-02 | support=3.0425e+00
2026-08-18 10:22:25 | INFO    | TRAIN | epoch=057/100 | batch=00750/01563 ( 47.98%) | lr=7.813e-06 | elapsed=0:05:29 | eta=0:05:57
    losses | total=2.9705e+00 | fourier=2.9705e+00 | amplitude=1.9317e-02 | phase=2.1997e-02 | support=3.1775e+00
2026-08-18 10:22:47 | INFO    | TRAIN | epoch=057/100 | batch=00800/01563 ( 51.18%) | lr=7.813e-06 | elapsed=0:05:51 | eta=0:05:35
    losses | total=2.6346e+00 | fourier=2.6346e+00 | amplitude=1.8154e-02 | phase=1.5333e-02 | support=3.9273e+00
2026-08-18 10:23:09 | INFO    | TRAIN | epoch=057/100 | batch=00850/01563 ( 54.38%) | lr=7.813e-06 | elapsed=0:06:13 | eta=0:05:13
    losses | total=2.7317e+00 | fourier=2.7317e+00 | amplitude=1.7075e-02 | phase=1.6616e-02 | support=3.5983e+00
2026-08-18 10:23:31 | INFO    | TRAIN | epoch=057/100 | batch=00900/01563 ( 57.58%) | lr=7.813e-06 | elapsed=0:06:35 | eta=0:04:51
    losses | total=3.1561e+00 | fourier=3.1561e+00 | amplitude=1.7823e-02 | phase=1.6994e-02 | support=3.8545e+00
2026-08-18 10:23:53 | INFO    | TRAIN | epoch=057/100 | batch=00950/01563 ( 60.78%) | lr=7.813e-06 | elapsed=0:06:57 | eta=0:04:29
    losses | total=3.1256e+00 | fourier=3.1256e+00 | amplitude=2.4276e-02 | phase=1.6810e-02 | support=3.5282e+00
2026-08-18 10:24:15 | INFO    | TRAIN | epoch=057/100 | batch=01000/01563 ( 63.98%) | lr=7.813e-06 | elapsed=0:07:19 | eta=0:04:07
    losses | total=2.9992e+00 | fourier=2.9992e+00 | amplitude=2.1587e-02 | phase=1.7291e-02 | support=3.7429e+00
2026-08-18 10:24:37 | INFO    | TRAIN | epoch=057/100 | batch=01050/01563 ( 67.18%) | lr=7.813e-06 | elapsed=0:07:41 | eta=0:03:45
    losses | total=2.8284e+00 | fourier=2.8284e+00 | amplitude=2.0804e-02 | phase=1.7247e-02 | support=3.1924e+00
2026-08-18 10:24:59 | INFO    | TRAIN | epoch=057/100 | batch=01100/01563 ( 70.38%) | lr=7.813e-06 | elapsed=0:08:03 | eta=0:03:23
    losses | total=2.9322e+00 | fourier=2.9322e+00 | amplitude=1.7784e-02 | phase=1.5076e-02 | support=3.2067e+00
2026-08-18 10:25:21 | INFO    | TRAIN | epoch=057/100 | batch=01150/01563 ( 73.58%) | lr=7.813e-06 | elapsed=0:08:25 | eta=0:03:01
    losses | total=2.8841e+00 | fourier=2.8841e+00 | amplitude=2.0349e-02 | phase=1.8705e-02 | support=3.6618e+00
2026-08-18 10:25:43 | INFO    | TRAIN | epoch=057/100 | batch=01200/01563 ( 76.78%) | lr=7.813e-06 | elapsed=0:08:47 | eta=0:02:39
    losses | total=2.7652e+00 | fourier=2.7652e+00 | amplitude=1.9196e-02 | phase=1.5913e-02 | support=3.4305e+00
2026-08-18 10:26:05 | INFO    | TRAIN | epoch=057/100 | batch=01250/01563 ( 79.97%) | lr=7.813e-06 | elapsed=0:09:09 | eta=0:02:17
    losses | total=2.9665e+00 | fourier=2.9665e+00 | amplitude=2.1627e-02 | phase=2.1223e-02 | support=3.6317e+00
2026-08-18 10:26:27 | INFO    | TRAIN | epoch=057/100 | batch=01300/01563 ( 83.17%) | lr=7.813e-06 | elapsed=0:09:31 | eta=0:01:55
    losses | total=2.7711e+00 | fourier=2.7711e+00 | amplitude=1.7604e-02 | phase=1.4626e-02 | support=3.4663e+00
2026-08-18 10:26:48 | INFO    | TRAIN | epoch=057/100 | batch=01350/01563 ( 86.37%) | lr=7.813e-06 | elapsed=0:09:53 | eta=0:01:33
    losses | total=3.1108e+00 | fourier=3.1108e+00 | amplitude=1.8056e-02 | phase=1.6603e-02 | support=3.0833e+00
2026-08-18 10:27:10 | INFO    | TRAIN | epoch=057/100 | batch=01400/01563 ( 89.57%) | lr=7.813e-06 | elapsed=0:10:15 | eta=0:01:11
    losses | total=2.9058e+00 | fourier=2.9058e+00 | amplitude=1.8485e-02 | phase=2.2633e-02 | support=3.2961e+00
2026-08-18 10:27:32 | INFO    | TRAIN | epoch=057/100 | batch=01450/01563 ( 92.77%) | lr=7.813e-06 | elapsed=0:10:37 | eta=0:00:49
    losses | total=2.9561e+00 | fourier=2.9561e+00 | amplitude=2.1831e-02 | phase=1.8504e-02 | support=3.8218e+00
2026-08-18 10:27:54 | INFO    | TRAIN | epoch=057/100 | batch=01500/01563 ( 95.97%) | lr=7.813e-06 | elapsed=0:10:59 | eta=0:00:27
    losses | total=3.1827e+00 | fourier=3.1827e+00 | amplitude=1.9799e-02 | phase=2.4391e-02 | support=3.8110e+00
2026-08-18 10:28:16 | INFO    | TRAIN | epoch=057/100 | batch=01550/01563 ( 99.17%) | lr=7.813e-06 | elapsed=0:11:21 | eta=0:00:05
    losses | total=2.9328e+00 | fourier=2.9328e+00 | amplitude=2.0598e-02 | phase=1.7403e-02 | support=3.3996e+00
2026-08-18 10:28:22 | INFO    | TRAIN | epoch=057/100 | batch=01563/01563 (100.00%) | lr=7.813e-06 | elapsed=0:11:26 | eta=0:00:00
    losses | total=2.8099e+00 | fourier=2.8099e+00 | amplitude=1.7346e-02 | phase=1.4808e-02 | support=4.2851e+00
2026-08-18 10:28:22 | INFO    | TRAIN epoch 057 complete | batches=1563 | samples=25000 | time=0:11:26
2026-08-18 10:28:28 | INFO    | VAL | epoch=057/100 | batch=00050/00313 ( 15.97%) | elapsed=0:00:05 | eta=0:00:28
    losses | total=4.2563e+00 | fourier=4.2563e+00 | amplitude=1.9905e-02 | phase=2.0286e-02 | support=3.4594e+00
2026-08-18 10:28:33 | INFO    | VAL | epoch=057/100 | batch=00100/00313 ( 31.95%) | elapsed=0:00:10 | eta=0:00:22
    losses | total=3.3773e+00 | fourier=3.3773e+00 | amplitude=2.0763e-02 | phase=1.5513e-02 | support=3.6306e+00
2026-08-18 10:28:38 | INFO    | VAL | epoch=057/100 | batch=00150/00313 ( 47.92%) | elapsed=0:00:15 | eta=0:00:17
    losses | total=3.7473e+00 | fourier=3.7473e+00 | amplitude=1.8521e-02 | phase=1.6355e-02 | support=3.2971e+00
2026-08-18 10:28:43 | INFO    | VAL | epoch=057/100 | batch=00200/00313 ( 63.90%) | elapsed=0:00:21 | eta=0:00:11
    losses | total=3.8871e+00 | fourier=3.8871e+00 | amplitude=1.9353e-02 | phase=1.5482e-02 | support=3.5557e+00
2026-08-18 10:28:48 | INFO    | VAL | epoch=057/100 | batch=00250/00313 ( 79.87%) | elapsed=0:00:26 | eta=0:00:06
    losses | total=3.7362e+00 | fourier=3.7362e+00 | amplitude=2.0629e-02 | phase=2.1042e-02 | support=3.3492e+00
2026-08-18 10:28:54 | INFO    | VAL | epoch=057/100 | batch=00300/00313 ( 95.85%) | elapsed=0:00:31 | eta=0:00:01
    losses | total=3.5834e+00 | fourier=3.5834e+00 | amplitude=2.0888e-02 | phase=2.0304e-02 | support=3.3243e+00
2026-08-18 10:28:55 | INFO    | VAL | epoch=057/100 | batch=00313/00313 (100.00%) | elapsed=0:00:32 | eta=0:00:00
    losses | total=3.9370e+00 | fourier=3.9370e+00 | amplitude=1.7652e-02 | phase=1.6872e-02 | support=3.1183e+00
2026-08-18 10:28:55 | INFO    | VAL epoch 057 complete | batches=313 | samples=5000 | time=0:00:32
2026-08-18 10:28:55 | INFO    | Cross-skip strengths | 8/phase_to_amp=+6.0687e-03 | 8/amp_to_phase=-3.2544e-02 | 16/phase_to_amp=-1.6966e-02 | 16/amp_to_phase=+9.3196e-02
2026-08-18 10:28:55 | INFO    | 
------------------------------------------------------------------------------------------------
Epoch 057/100 summary
split             total      fourier    amplitude        phase      support        time
train        2.8807e+00   2.8807e+00   1.9468e-02   1.7389e-02   3.4569e+00     0:11:26
validation   3.6940e+00   3.6940e+00   1.9478e-02   1.7465e-02   3.4537e+00     0:00:32
lr=7.813e-06 | best_val=3.6920e+00 | best_updated=no | periodic_checkpoint=no
------------------------------------------------------------------------------------------------
2026-08-18 10:29:18 | INFO    | TRAIN | epoch=058/100 | batch=00050/01563 (  3.20%) | lr=7.813e-06 | elapsed=0:00:22 | eta=0:11:10
    losses | total=2.8375e+00 | fourier=2.8375e+00 | amplitude=2.0069e-02 | phase=1.5521e-02 | support=3.5156e+00
2026-08-18 10:29:39 | INFO    | TRAIN | epoch=058/100 | batch=00100/01563 (  6.40%) | lr=7.813e-06 | elapsed=0:00:44 | eta=0:10:45
    losses | total=3.0907e+00 | fourier=3.0907e+00 | amplitude=2.0320e-02 | phase=2.2888e-02 | support=3.1692e+00
2026-08-18 10:30:01 | INFO    | TRAIN | epoch=058/100 | batch=00150/01563 (  9.60%) | lr=7.813e-06 | elapsed=0:01:06 | eta=0:10:22
    losses | total=2.7964e+00 | fourier=2.7964e+00 | amplitude=2.0372e-02 | phase=1.5943e-02 | support=3.4025e+00
2026-08-18 10:30:23 | INFO    | TRAIN | epoch=058/100 | batch=00200/01563 ( 12.80%) | lr=7.813e-06 | elapsed=0:01:28 | eta=0:10:00
    losses | total=2.8876e+00 | fourier=2.8876e+00 | amplitude=2.1512e-02 | phase=1.7173e-02 | support=3.3421e+00
2026-08-18 10:30:45 | INFO    | TRAIN | epoch=058/100 | batch=00250/01563 ( 15.99%) | lr=7.813e-06 | elapsed=0:01:50 | eta=0:09:38
    losses | total=2.7376e+00 | fourier=2.7376e+00 | amplitude=2.0702e-02 | phase=1.2470e-02 | support=3.3989e+00
2026-08-18 10:31:07 | INFO    | TRAIN | epoch=058/100 | batch=00300/01563 ( 19.19%) | lr=7.813e-06 | elapsed=0:02:12 | eta=0:09:15
    losses | total=2.7089e+00 | fourier=2.7089e+00 | amplitude=1.9598e-02 | phase=1.5877e-02 | support=3.4127e+00
2026-08-18 10:31:29 | INFO    | TRAIN | epoch=058/100 | batch=00350/01563 ( 22.39%) | lr=7.813e-06 | elapsed=0:02:34 | eta=0:08:53
    losses | total=3.0324e+00 | fourier=3.0324e+00 | amplitude=1.6272e-02 | phase=1.4537e-02 | support=3.6137e+00
2026-08-18 10:31:51 | INFO    | TRAIN | epoch=058/100 | batch=00400/01563 ( 25.59%) | lr=7.813e-06 | elapsed=0:02:55 | eta=0:08:31
    losses | total=3.1470e+00 | fourier=3.1470e+00 | amplitude=2.0870e-02 | phase=2.6462e-02 | support=3.0115e+00
2026-08-18 10:32:13 | INFO    | TRAIN | epoch=058/100 | batch=00450/01563 ( 28.79%) | lr=7.813e-06 | elapsed=0:03:17 | eta=0:08:09
    losses | total=2.9444e+00 | fourier=2.9444e+00 | amplitude=1.9905e-02 | phase=1.3929e-02 | support=4.1217e+00
2026-08-18 10:32:35 | INFO    | TRAIN | epoch=058/100 | batch=00500/01563 ( 31.99%) | lr=7.813e-06 | elapsed=0:03:39 | eta=0:07:47
    losses | total=3.0770e+00 | fourier=3.0770e+00 | amplitude=1.8967e-02 | phase=2.4077e-02 | support=3.0558e+00
2026-08-18 10:32:57 | INFO    | TRAIN | epoch=058/100 | batch=00550/01563 ( 35.19%) | lr=7.813e-06 | elapsed=0:04:01 | eta=0:07:25
    losses | total=2.8618e+00 | fourier=2.8618e+00 | amplitude=2.0199e-02 | phase=1.7867e-02 | support=3.4863e+00
2026-08-18 10:33:19 | INFO    | TRAIN | epoch=058/100 | batch=00600/01563 ( 38.39%) | lr=7.813e-06 | elapsed=0:04:23 | eta=0:07:03
    losses | total=2.7648e+00 | fourier=2.7648e+00 | amplitude=2.0767e-02 | phase=1.9345e-02 | support=3.5629e+00
2026-08-18 10:33:41 | INFO    | TRAIN | epoch=058/100 | batch=00650/01563 ( 41.59%) | lr=7.813e-06 | elapsed=0:04:45 | eta=0:06:41
    losses | total=2.7299e+00 | fourier=2.7299e+00 | amplitude=1.7951e-02 | phase=1.7202e-02 | support=3.4483e+00
2026-08-18 10:34:03 | INFO    | TRAIN | epoch=058/100 | batch=00700/01563 ( 44.79%) | lr=7.813e-06 | elapsed=0:05:07 | eta=0:06:19
    losses | total=2.7258e+00 | fourier=2.7258e+00 | amplitude=2.0275e-02 | phase=1.9635e-02 | support=3.6267e+00
2026-08-18 10:34:25 | INFO    | TRAIN | epoch=058/100 | batch=00750/01563 ( 47.98%) | lr=7.813e-06 | elapsed=0:05:29 | eta=0:05:57
    losses | total=2.9722e+00 | fourier=2.9722e+00 | amplitude=1.7823e-02 | phase=2.1627e-02 | support=3.0863e+00
2026-08-18 10:34:47 | INFO    | TRAIN | epoch=058/100 | batch=00800/01563 ( 51.18%) | lr=7.813e-06 | elapsed=0:05:51 | eta=0:05:35
    losses | total=2.6249e+00 | fourier=2.6249e+00 | amplitude=1.7690e-02 | phase=1.3745e-02 | support=3.6428e+00
2026-08-18 10:35:09 | INFO    | TRAIN | epoch=058/100 | batch=00850/01563 ( 54.38%) | lr=7.813e-06 | elapsed=0:06:13 | eta=0:05:13
    losses | total=2.9141e+00 | fourier=2.9141e+00 | amplitude=2.2406e-02 | phase=1.8853e-02 | support=3.6661e+00
2026-08-18 10:35:31 | INFO    | TRAIN | epoch=058/100 | batch=00900/01563 ( 57.58%) | lr=7.813e-06 | elapsed=0:06:35 | eta=0:04:51
    losses | total=2.8226e+00 | fourier=2.8226e+00 | amplitude=1.7198e-02 | phase=1.4904e-02 | support=3.7137e+00
2026-08-18 10:35:53 | INFO    | TRAIN | epoch=058/100 | batch=00950/01563 ( 60.78%) | lr=7.813e-06 | elapsed=0:06:57 | eta=0:04:29
    losses | total=2.6873e+00 | fourier=2.6873e+00 | amplitude=1.5058e-02 | phase=1.2382e-02 | support=2.9674e+00
2026-08-18 10:36:15 | INFO    | TRAIN | epoch=058/100 | batch=01000/01563 ( 63.98%) | lr=7.813e-06 | elapsed=0:07:19 | eta=0:04:07
    losses | total=2.8387e+00 | fourier=2.8387e+00 | amplitude=1.9736e-02 | phase=2.0423e-02 | support=2.9972e+00
2026-08-18 10:36:37 | INFO    | TRAIN | epoch=058/100 | batch=01050/01563 ( 67.18%) | lr=7.813e-06 | elapsed=0:07:41 | eta=0:03:45
    losses | total=2.8118e+00 | fourier=2.8118e+00 | amplitude=1.9480e-02 | phase=1.4786e-02 | support=3.6814e+00
2026-08-18 10:36:59 | INFO    | TRAIN | epoch=058/100 | batch=01100/01563 ( 70.38%) | lr=7.813e-06 | elapsed=0:08:03 | eta=0:03:23
    losses | total=2.6712e+00 | fourier=2.6712e+00 | amplitude=1.9496e-02 | phase=1.4128e-02 | support=3.4715e+00
2026-08-18 10:37:21 | INFO    | TRAIN | epoch=058/100 | batch=01150/01563 ( 73.58%) | lr=7.813e-06 | elapsed=0:08:25 | eta=0:03:01
    losses | total=2.8725e+00 | fourier=2.8725e+00 | amplitude=1.9477e-02 | phase=1.4948e-02 | support=3.3243e+00
2026-08-18 10:37:43 | INFO    | TRAIN | epoch=058/100 | batch=01200/01563 ( 76.78%) | lr=7.813e-06 | elapsed=0:08:47 | eta=0:02:39
    losses | total=2.8992e+00 | fourier=2.8992e+00 | amplitude=1.9817e-02 | phase=1.3890e-02 | support=3.4277e+00
2026-08-18 10:38:05 | INFO    | TRAIN | epoch=058/100 | batch=01250/01563 ( 79.97%) | lr=7.813e-06 | elapsed=0:09:09 | eta=0:02:17
    losses | total=2.9983e+00 | fourier=2.9983e+00 | amplitude=1.9099e-02 | phase=2.2911e-02 | support=2.7759e+00
2026-08-18 10:38:27 | INFO    | TRAIN | epoch=058/100 | batch=01300/01563 ( 83.17%) | lr=7.813e-06 | elapsed=0:09:31 | eta=0:01:55
    losses | total=2.7989e+00 | fourier=2.7989e+00 | amplitude=1.8310e-02 | phase=1.6449e-02 | support=3.2820e+00
2026-08-18 10:38:49 | INFO    | TRAIN | epoch=058/100 | batch=01350/01563 ( 86.37%) | lr=7.813e-06 | elapsed=0:09:53 | eta=0:01:33
    losses | total=2.9543e+00 | fourier=2.9543e+00 | amplitude=2.1703e-02 | phase=2.0077e-02 | support=2.9005e+00
2026-08-18 10:39:11 | INFO    | TRAIN | epoch=058/100 | batch=01400/01563 ( 89.57%) | lr=7.813e-06 | elapsed=0:10:15 | eta=0:01:11
    losses | total=2.6623e+00 | fourier=2.6623e+00 | amplitude=1.5923e-02 | phase=1.4064e-02 | support=3.2621e+00
2026-08-18 10:39:33 | INFO    | TRAIN | epoch=058/100 | batch=01450/01563 ( 92.77%) | lr=7.813e-06 | elapsed=0:10:37 | eta=0:00:49
    losses | total=2.9302e+00 | fourier=2.9302e+00 | amplitude=2.1541e-02 | phase=1.6090e-02 | support=3.8860e+00
2026-08-18 10:39:55 | INFO    | TRAIN | epoch=058/100 | batch=01500/01563 ( 95.97%) | lr=7.813e-06 | elapsed=0:10:59 | eta=0:00:27
    losses | total=2.6957e+00 | fourier=2.6957e+00 | amplitude=1.9463e-02 | phase=1.2094e-02 | support=3.3949e+00
2026-08-18 10:40:17 | INFO    | TRAIN | epoch=058/100 | batch=01550/01563 ( 99.17%) | lr=7.813e-06 | elapsed=0:11:21 | eta=0:00:05
    losses | total=2.8207e+00 | fourier=2.8207e+00 | amplitude=1.8731e-02 | phase=1.1459e-02 | support=3.3192e+00
2026-08-18 10:40:22 | INFO    | TRAIN | epoch=058/100 | batch=01563/01563 (100.00%) | lr=7.813e-06 | elapsed=0:11:26 | eta=0:00:00
    losses | total=3.1369e+00 | fourier=3.1369e+00 | amplitude=2.1350e-02 | phase=2.0178e-02 | support=3.3333e+00
2026-08-18 10:40:22 | INFO    | TRAIN epoch 058 complete | batches=1563 | samples=25000 | time=0:11:27
2026-08-18 10:40:28 | INFO    | VAL | epoch=058/100 | batch=00050/00313 ( 15.97%) | elapsed=0:00:05 | eta=0:00:28
    losses | total=4.2528e+00 | fourier=4.2528e+00 | amplitude=1.9897e-02 | phase=2.0282e-02 | support=3.4542e+00
2026-08-18 10:40:33 | INFO    | VAL | epoch=058/100 | batch=00100/00313 ( 31.95%) | elapsed=0:00:10 | eta=0:00:22
    losses | total=3.3780e+00 | fourier=3.3780e+00 | amplitude=2.0755e-02 | phase=1.5518e-02 | support=3.6245e+00
2026-08-18 10:40:38 | INFO    | VAL | epoch=058/100 | batch=00150/00313 ( 47.92%) | elapsed=0:00:15 | eta=0:00:17
    losses | total=3.7456e+00 | fourier=3.7456e+00 | amplitude=1.8521e-02 | phase=1.6371e-02 | support=3.2918e+00
2026-08-18 10:40:44 | INFO    | VAL | epoch=058/100 | batch=00200/00313 ( 63.90%) | elapsed=0:00:21 | eta=0:00:11
    losses | total=3.8931e+00 | fourier=3.8931e+00 | amplitude=1.9340e-02 | phase=1.5469e-02 | support=3.5499e+00
2026-08-18 10:40:49 | INFO    | VAL | epoch=058/100 | batch=00250/00313 ( 79.87%) | elapsed=0:00:26 | eta=0:00:06
    losses | total=3.7327e+00 | fourier=3.7327e+00 | amplitude=2.0621e-02 | phase=2.1045e-02 | support=3.3451e+00
2026-08-18 10:40:54 | INFO    | VAL | epoch=058/100 | batch=00300/00313 ( 95.85%) | elapsed=0:00:31 | eta=0:00:01
    losses | total=3.5882e+00 | fourier=3.5882e+00 | amplitude=2.0877e-02 | phase=2.0301e-02 | support=3.3165e+00
2026-08-18 10:40:55 | INFO    | VAL | epoch=058/100 | batch=00313/00313 (100.00%) | elapsed=0:00:32 | eta=0:00:00
    losses | total=3.9473e+00 | fourier=3.9473e+00 | amplitude=1.7652e-02 | phase=1.6841e-02 | support=3.1161e+00
2026-08-18 10:40:55 | INFO    | VAL epoch 058 complete | batches=313 | samples=5000 | time=0:00:32
2026-08-18 10:40:55 | INFO    | Cross-skip strengths | 8/phase_to_amp=+6.0084e-03 | 8/amp_to_phase=-3.2474e-02 | 16/phase_to_amp=-1.6954e-02 | 16/amp_to_phase=+9.3230e-02
2026-08-18 10:40:56 | INFO    | 
------------------------------------------------------------------------------------------------
Epoch 058/100 summary
split             total      fourier    amplitude        phase      support        time
train        2.8814e+00   2.8814e+00   1.9470e-02   1.7385e-02   3.4586e+00     0:11:27
validation   3.6937e+00   3.6937e+00   1.9477e-02   1.7469e-02   3.4490e+00     0:00:32
lr=3.906e-06 | best_val=3.6920e+00 | best_updated=no | periodic_checkpoint=no
------------------------------------------------------------------------------------------------
2026-08-18 10:41:18 | INFO    | TRAIN | epoch=059/100 | batch=00050/01563 (  3.20%) | lr=3.906e-06 | elapsed=0:00:22 | eta=0:11:09
    losses | total=2.8415e+00 | fourier=2.8415e+00 | amplitude=1.5665e-02 | phase=1.0961e-02 | support=3.9153e+00
2026-08-18 10:41:40 | INFO    | TRAIN | epoch=059/100 | batch=00100/01563 (  6.40%) | lr=3.906e-06 | elapsed=0:00:44 | eta=0:10:45
    losses | total=2.8191e+00 | fourier=2.8191e+00 | amplitude=2.1697e-02 | phase=1.8890e-02 | support=4.0281e+00
2026-08-18 10:42:02 | INFO    | TRAIN | epoch=059/100 | batch=00150/01563 (  9.60%) | lr=3.906e-06 | elapsed=0:01:06 | eta=0:10:22
    losses | total=2.9361e+00 | fourier=2.9361e+00 | amplitude=2.3116e-02 | phase=2.0959e-02 | support=4.0289e+00
2026-08-18 10:42:24 | INFO    | TRAIN | epoch=059/100 | batch=00200/01563 ( 12.80%) | lr=3.906e-06 | elapsed=0:01:28 | eta=0:10:00
    losses | total=2.9032e+00 | fourier=2.9032e+00 | amplitude=2.1252e-02 | phase=2.1492e-02 | support=3.3501e+00
2026-08-18 10:42:46 | INFO    | TRAIN | epoch=059/100 | batch=00250/01563 ( 15.99%) | lr=3.906e-06 | elapsed=0:01:50 | eta=0:09:38
    losses | total=2.9610e+00 | fourier=2.9610e+00 | amplitude=2.3000e-02 | phase=1.6389e-02 | support=3.2946e+00
2026-08-18 10:43:08 | INFO    | TRAIN | epoch=059/100 | batch=00300/01563 ( 19.19%) | lr=3.906e-06 | elapsed=0:02:12 | eta=0:09:15
    losses | total=2.7473e+00 | fourier=2.7473e+00 | amplitude=1.9076e-02 | phase=1.5183e-02 | support=3.1793e+00
2026-08-18 10:43:30 | INFO    | TRAIN | epoch=059/100 | batch=00350/01563 ( 22.39%) | lr=3.906e-06 | elapsed=0:02:33 | eta=0:08:53
    losses | total=2.7932e+00 | fourier=2.7932e+00 | amplitude=1.7356e-02 | phase=1.9091e-02 | support=3.5024e+00
2026-08-18 10:43:52 | INFO    | TRAIN | epoch=059/100 | batch=00400/01563 ( 25.59%) | lr=3.906e-06 | elapsed=0:02:55 | eta=0:08:31
    losses | total=2.5953e+00 | fourier=2.5953e+00 | amplitude=2.0215e-02 | phase=1.1821e-02 | support=4.0457e+00
2026-08-18 10:44:14 | INFO    | TRAIN | epoch=059/100 | batch=00450/01563 ( 28.79%) | lr=3.906e-06 | elapsed=0:03:17 | eta=0:08:09
    losses | total=2.7663e+00 | fourier=2.7663e+00 | amplitude=1.7037e-02 | phase=1.0907e-02 | support=3.7082e+00
2026-08-18 10:44:35 | INFO    | TRAIN | epoch=059/100 | batch=00500/01563 ( 31.99%) | lr=3.906e-06 | elapsed=0:03:39 | eta=0:07:47
    losses | total=2.9046e+00 | fourier=2.9046e+00 | amplitude=2.1326e-02 | phase=1.5133e-02 | support=3.3777e+00
2026-08-18 10:44:57 | INFO    | TRAIN | epoch=059/100 | batch=00550/01563 ( 35.19%) | lr=3.906e-06 | elapsed=0:04:01 | eta=0:07:25
    losses | total=2.5392e+00 | fourier=2.5392e+00 | amplitude=1.5436e-02 | phase=1.1619e-02 | support=3.0818e+00
2026-08-18 10:45:19 | INFO    | TRAIN | epoch=059/100 | batch=00600/01563 ( 38.39%) | lr=3.906e-06 | elapsed=0:04:23 | eta=0:07:03
    losses | total=2.7644e+00 | fourier=2.7644e+00 | amplitude=2.1679e-02 | phase=1.5568e-02 | support=3.5838e+00
2026-08-18 10:45:41 | INFO    | TRAIN | epoch=059/100 | batch=00650/01563 ( 41.59%) | lr=3.906e-06 | elapsed=0:04:45 | eta=0:06:41
    losses | total=2.7388e+00 | fourier=2.7388e+00 | amplitude=1.6685e-02 | phase=1.6823e-02 | support=3.0681e+00
2026-08-18 10:46:03 | INFO    | TRAIN | epoch=059/100 | batch=00700/01563 ( 44.79%) | lr=3.906e-06 | elapsed=0:05:07 | eta=0:06:19
    losses | total=2.6286e+00 | fourier=2.6286e+00 | amplitude=1.7328e-02 | phase=1.3268e-02 | support=3.4621e+00
2026-08-18 10:46:25 | INFO    | TRAIN | epoch=059/100 | batch=00750/01563 ( 47.98%) | lr=3.906e-06 | elapsed=0:05:29 | eta=0:05:57
    losses | total=3.0122e+00 | fourier=3.0122e+00 | amplitude=2.2679e-02 | phase=1.8663e-02 | support=3.2976e+00
2026-08-18 10:46:47 | INFO    | TRAIN | epoch=059/100 | batch=00800/01563 ( 51.18%) | lr=3.906e-06 | elapsed=0:05:51 | eta=0:05:35
    losses | total=2.8955e+00 | fourier=2.8955e+00 | amplitude=1.6749e-02 | phase=1.5320e-02 | support=3.3424e+00
2026-08-18 10:47:09 | INFO    | TRAIN | epoch=059/100 | batch=00850/01563 ( 54.38%) | lr=3.906e-06 | elapsed=0:06:13 | eta=0:05:13
    losses | total=2.9281e+00 | fourier=2.9281e+00 | amplitude=2.0526e-02 | phase=1.5349e-02 | support=3.5907e+00
2026-08-18 10:47:31 | INFO    | TRAIN | epoch=059/100 | batch=00900/01563 ( 57.58%) | lr=3.906e-06 | elapsed=0:06:35 | eta=0:04:51
    losses | total=2.6705e+00 | fourier=2.6705e+00 | amplitude=1.7614e-02 | phase=1.5330e-02 | support=3.4731e+00
2026-08-18 10:47:53 | INFO    | TRAIN | epoch=059/100 | batch=00950/01563 ( 60.78%) | lr=3.906e-06 | elapsed=0:06:57 | eta=0:04:29
    losses | total=2.7383e+00 | fourier=2.7383e+00 | amplitude=1.7393e-02 | phase=1.8570e-02 | support=3.6263e+00
2026-08-18 10:48:15 | INFO    | TRAIN | epoch=059/100 | batch=01000/01563 ( 63.98%) | lr=3.906e-06 | elapsed=0:07:19 | eta=0:04:07
    losses | total=2.7087e+00 | fourier=2.7087e+00 | amplitude=1.7828e-02 | phase=1.6353e-02 | support=3.0952e+00
2026-08-18 10:48:37 | INFO    | TRAIN | epoch=059/100 | batch=01050/01563 ( 67.18%) | lr=3.906e-06 | elapsed=0:07:41 | eta=0:03:45
    losses | total=2.8688e+00 | fourier=2.8688e+00 | amplitude=2.0119e-02 | phase=1.5491e-02 | support=3.5667e+00
2026-08-18 10:48:59 | INFO    | TRAIN | epoch=059/100 | batch=01100/01563 ( 70.38%) | lr=3.906e-06 | elapsed=0:08:03 | eta=0:03:23
    losses | total=3.0601e+00 | fourier=3.0601e+00 | amplitude=1.7601e-02 | phase=1.9464e-02 | support=3.5173e+00
2026-08-18 10:49:21 | INFO    | TRAIN | epoch=059/100 | batch=01150/01563 ( 73.58%) | lr=3.906e-06 | elapsed=0:08:25 | eta=0:03:01
    losses | total=2.8850e+00 | fourier=2.8850e+00 | amplitude=2.0405e-02 | phase=1.5838e-02 | support=3.6327e+00
2026-08-18 10:49:43 | INFO    | TRAIN | epoch=059/100 | batch=01200/01563 ( 76.78%) | lr=3.906e-06 | elapsed=0:08:47 | eta=0:02:39
    losses | total=2.7784e+00 | fourier=2.7784e+00 | amplitude=1.9719e-02 | phase=1.3415e-02 | support=3.2304e+00
2026-08-18 10:50:05 | INFO    | TRAIN | epoch=059/100 | batch=01250/01563 ( 79.97%) | lr=3.906e-06 | elapsed=0:09:09 | eta=0:02:17
    losses | total=2.7431e+00 | fourier=2.7431e+00 | amplitude=2.0470e-02 | phase=1.3807e-02 | support=3.9590e+00
2026-08-18 10:50:27 | INFO    | TRAIN | epoch=059/100 | batch=01300/01563 ( 83.17%) | lr=3.906e-06 | elapsed=0:09:31 | eta=0:01:55
    losses | total=3.1354e+00 | fourier=3.1354e+00 | amplitude=1.8694e-02 | phase=1.8763e-02 | support=3.4812e+00
2026-08-18 10:50:49 | INFO    | TRAIN | epoch=059/100 | batch=01350/01563 ( 86.37%) | lr=3.906e-06 | elapsed=0:09:53 | eta=0:01:33
    losses | total=2.9458e+00 | fourier=2.9458e+00 | amplitude=1.9964e-02 | phase=1.7916e-02 | support=3.5456e+00
2026-08-18 10:51:11 | INFO    | TRAIN | epoch=059/100 | batch=01400/01563 ( 89.57%) | lr=3.906e-06 | elapsed=0:10:15 | eta=0:01:11
    losses | total=2.9623e+00 | fourier=2.9623e+00 | amplitude=2.2414e-02 | phase=2.4356e-02 | support=3.3354e+00
2026-08-18 10:51:33 | INFO    | TRAIN | epoch=059/100 | batch=01450/01563 ( 92.77%) | lr=3.906e-06 | elapsed=0:10:37 | eta=0:00:49
    losses | total=2.8976e+00 | fourier=2.8976e+00 | amplitude=1.6497e-02 | phase=1.8802e-02 | support=3.3217e+00
2026-08-18 10:51:55 | INFO    | TRAIN | epoch=059/100 | batch=01500/01563 ( 95.97%) | lr=3.906e-06 | elapsed=0:10:59 | eta=0:00:27
    losses | total=3.0109e+00 | fourier=3.0109e+00 | amplitude=2.0786e-02 | phase=2.3848e-02 | support=3.4520e+00
2026-08-18 10:52:17 | INFO    | TRAIN | epoch=059/100 | batch=01550/01563 ( 99.17%) | lr=3.906e-06 | elapsed=0:11:21 | eta=0:00:05
    losses | total=2.9471e+00 | fourier=2.9471e+00 | amplitude=2.3834e-02 | phase=2.2746e-02 | support=3.2870e+00
2026-08-18 10:52:22 | INFO    | TRAIN | epoch=059/100 | batch=01563/01563 (100.00%) | lr=3.906e-06 | elapsed=0:11:26 | eta=0:00:00
    losses | total=2.9232e+00 | fourier=2.9232e+00 | amplitude=2.1299e-02 | phase=1.8591e-02 | support=2.8290e+00
2026-08-18 10:52:23 | INFO    | TRAIN epoch 059 complete | batches=1563 | samples=25000 | time=0:11:26
2026-08-18 10:52:28 | INFO    | VAL | epoch=059/100 | batch=00050/00313 ( 15.97%) | elapsed=0:00:05 | eta=0:00:28
    losses | total=4.2514e+00 | fourier=4.2514e+00 | amplitude=1.9888e-02 | phase=2.0326e-02 | support=3.4523e+00
2026-08-18 10:52:33 | INFO    | VAL | epoch=059/100 | batch=00100/00313 ( 31.95%) | elapsed=0:00:10 | eta=0:00:22
    losses | total=3.3767e+00 | fourier=3.3767e+00 | amplitude=2.0753e-02 | phase=1.5536e-02 | support=3.6242e+00
2026-08-18 10:52:38 | INFO    | VAL | epoch=059/100 | batch=00150/00313 ( 47.92%) | elapsed=0:00:15 | eta=0:00:17
    losses | total=3.7529e+00 | fourier=3.7529e+00 | amplitude=1.8516e-02 | phase=1.6415e-02 | support=3.2923e+00
2026-08-18 10:52:44 | INFO    | VAL | epoch=059/100 | batch=00200/00313 ( 63.90%) | elapsed=0:00:21 | eta=0:00:11
    losses | total=3.8883e+00 | fourier=3.8883e+00 | amplitude=1.9338e-02 | phase=1.5494e-02 | support=3.5499e+00
2026-08-18 10:52:49 | INFO    | VAL | epoch=059/100 | batch=00250/00313 ( 79.87%) | elapsed=0:00:26 | eta=0:00:06
    losses | total=3.7344e+00 | fourier=3.7344e+00 | amplitude=2.0615e-02 | phase=2.1067e-02 | support=3.3446e+00
2026-08-18 10:52:54 | INFO    | VAL | epoch=059/100 | batch=00300/00313 ( 95.85%) | elapsed=0:00:31 | eta=0:00:01
    losses | total=3.5897e+00 | fourier=3.5897e+00 | amplitude=2.0858e-02 | phase=2.0303e-02 | support=3.3183e+00
2026-08-18 10:52:55 | INFO    | VAL | epoch=059/100 | batch=00313/00313 (100.00%) | elapsed=0:00:32 | eta=0:00:00
    losses | total=3.9409e+00 | fourier=3.9409e+00 | amplitude=1.7647e-02 | phase=1.6864e-02 | support=3.1150e+00
2026-08-18 10:52:55 | INFO    | VAL epoch 059 complete | batches=313 | samples=5000 | time=0:00:32
2026-08-18 10:52:55 | INFO    | Cross-skip strengths | 8/phase_to_amp=+6.0360e-03 | 8/amp_to_phase=-3.2547e-02 | 16/phase_to_amp=-1.6891e-02 | 16/amp_to_phase=+9.3324e-02
2026-08-18 10:52:56 | INFO    | 
------------------------------------------------------------------------------------------------
Epoch 059/100 summary
split             total      fourier    amplitude        phase      support        time
train        2.8808e+00   2.8808e+00   1.9468e-02   1.7387e-02   3.4564e+00     0:11:26
validation   3.6936e+00   3.6936e+00   1.9470e-02   1.7490e-02   3.4490e+00     0:00:32
lr=3.906e-06 | best_val=3.6920e+00 | best_updated=no | periodic_checkpoint=no
------------------------------------------------------------------------------------------------
2026-08-18 10:53:18 | INFO    | TRAIN | epoch=060/100 | batch=00050/01563 (  3.20%) | lr=3.906e-06 | elapsed=0:00:22 | eta=0:11:10
    losses | total=2.8271e+00 | fourier=2.8271e+00 | amplitude=1.9286e-02 | phase=2.0683e-02 | support=3.1334e+00
2026-08-18 10:53:40 | INFO    | TRAIN | epoch=060/100 | batch=00100/01563 (  6.40%) | lr=3.906e-06 | elapsed=0:00:44 | eta=0:10:45
    losses | total=2.9574e+00 | fourier=2.9574e+00 | amplitude=2.0592e-02 | phase=1.7682e-02 | support=2.8199e+00
2026-08-18 10:54:02 | INFO    | TRAIN | epoch=060/100 | batch=00150/01563 (  9.60%) | lr=3.906e-06 | elapsed=0:01:06 | eta=0:10:22
    losses | total=2.8930e+00 | fourier=2.8930e+00 | amplitude=1.8969e-02 | phase=1.4682e-02 | support=3.4768e+00
2026-08-18 10:54:24 | INFO    | TRAIN | epoch=060/100 | batch=00200/01563 ( 12.80%) | lr=3.906e-06 | elapsed=0:01:28 | eta=0:10:00
    losses | total=2.8539e+00 | fourier=2.8539e+00 | amplitude=2.0225e-02 | phase=2.0843e-02 | support=3.3716e+00
2026-08-18 10:54:46 | INFO    | TRAIN | epoch=060/100 | batch=00250/01563 ( 15.99%) | lr=3.906e-06 | elapsed=0:01:50 | eta=0:09:38
    losses | total=3.0245e+00 | fourier=3.0245e+00 | amplitude=2.0249e-02 | phase=2.4249e-02 | support=3.1580e+00
2026-08-18 10:55:08 | INFO    | TRAIN | epoch=060/100 | batch=00300/01563 ( 19.19%) | lr=3.906e-06 | elapsed=0:02:12 | eta=0:09:15
    losses | total=2.9416e+00 | fourier=2.9416e+00 | amplitude=1.9522e-02 | phase=1.8821e-02 | support=3.5850e+00
2026-08-18 10:55:30 | INFO    | TRAIN | epoch=060/100 | batch=00350/01563 ( 22.39%) | lr=3.906e-06 | elapsed=0:02:34 | eta=0:08:53
    losses | total=2.9324e+00 | fourier=2.9324e+00 | amplitude=1.8957e-02 | phase=2.0769e-02 | support=3.4012e+00
2026-08-18 10:55:52 | INFO    | TRAIN | epoch=060/100 | batch=00400/01563 ( 25.59%) | lr=3.906e-06 | elapsed=0:02:56 | eta=0:08:31
    losses | total=2.8928e+00 | fourier=2.8928e+00 | amplitude=1.7601e-02 | phase=1.8117e-02 | support=3.4626e+00
2026-08-18 10:56:14 | INFO    | TRAIN | epoch=060/100 | batch=00450/01563 ( 28.79%) | lr=3.906e-06 | elapsed=0:03:18 | eta=0:08:09
    losses | total=2.9205e+00 | fourier=2.9205e+00 | amplitude=1.9467e-02 | phase=2.0084e-02 | support=3.1840e+00
2026-08-18 10:56:36 | INFO    | TRAIN | epoch=060/100 | batch=00500/01563 ( 31.99%) | lr=3.906e-06 | elapsed=0:03:39 | eta=0:07:47
    losses | total=3.0409e+00 | fourier=3.0409e+00 | amplitude=2.0957e-02 | phase=1.7732e-02 | support=3.4970e+00
2026-08-18 10:56:58 | INFO    | TRAIN | epoch=060/100 | batch=00550/01563 ( 35.19%) | lr=3.906e-06 | elapsed=0:04:01 | eta=0:07:25
    losses | total=2.8088e+00 | fourier=2.8088e+00 | amplitude=2.0935e-02 | phase=1.9746e-02 | support=2.8916e+00
2026-08-18 10:57:20 | INFO    | TRAIN | epoch=060/100 | batch=00600/01563 ( 38.39%) | lr=3.906e-06 | elapsed=0:04:23 | eta=0:07:03
    losses | total=2.8620e+00 | fourier=2.8620e+00 | amplitude=1.8530e-02 | phase=2.1998e-02 | support=2.9718e+00
2026-08-18 10:57:42 | INFO    | TRAIN | epoch=060/100 | batch=00650/01563 ( 41.59%) | lr=3.906e-06 | elapsed=0:04:45 | eta=0:06:41
    losses | total=2.8020e+00 | fourier=2.8020e+00 | amplitude=1.9999e-02 | phase=1.8388e-02 | support=3.2847e+00
2026-08-18 10:58:04 | INFO    | TRAIN | epoch=060/100 | batch=00700/01563 ( 44.79%) | lr=3.906e-06 | elapsed=0:05:07 | eta=0:06:19
    losses | total=2.7680e+00 | fourier=2.7680e+00 | amplitude=1.9382e-02 | phase=1.5661e-02 | support=3.7395e+00
2026-08-18 10:58:26 | INFO    | TRAIN | epoch=060/100 | batch=00750/01563 ( 47.98%) | lr=3.906e-06 | elapsed=0:05:29 | eta=0:05:57
    losses | total=2.7810e+00 | fourier=2.7810e+00 | amplitude=1.8693e-02 | phase=1.6357e-02 | support=3.3503e+00
2026-08-18 10:58:48 | INFO    | TRAIN | epoch=060/100 | batch=00800/01563 ( 51.18%) | lr=3.906e-06 | elapsed=0:05:51 | eta=0:05:35
    losses | total=2.8832e+00 | fourier=2.8832e+00 | amplitude=1.9795e-02 | phase=1.6231e-02 | support=3.4455e+00
2026-08-18 10:59:10 | INFO    | TRAIN | epoch=060/100 | batch=00850/01563 ( 54.38%) | lr=3.906e-06 | elapsed=0:06:13 | eta=0:05:13
    losses | total=2.8332e+00 | fourier=2.8332e+00 | amplitude=1.8230e-02 | phase=1.4683e-02 | support=3.9816e+00
2026-08-18 10:59:32 | INFO    | TRAIN | epoch=060/100 | batch=00900/01563 ( 57.58%) | lr=3.906e-06 | elapsed=0:06:35 | eta=0:04:51
    losses | total=2.9248e+00 | fourier=2.9248e+00 | amplitude=2.2449e-02 | phase=1.6023e-02 | support=3.8897e+00
2026-08-18 10:59:54 | INFO    | TRAIN | epoch=060/100 | batch=00950/01563 ( 60.78%) | lr=3.906e-06 | elapsed=0:06:57 | eta=0:04:29
    losses | total=2.6391e+00 | fourier=2.6391e+00 | amplitude=1.8820e-02 | phase=1.5401e-02 | support=3.2842e+00
2026-08-18 11:00:16 | INFO    | TRAIN | epoch=060/100 | batch=01000/01563 ( 63.98%) | lr=3.906e-06 | elapsed=0:07:19 | eta=0:04:07
    losses | total=2.8460e+00 | fourier=2.8460e+00 | amplitude=2.2897e-02 | phase=1.9388e-02 | support=3.6971e+00
2026-08-18 11:00:38 | INFO    | TRAIN | epoch=060/100 | batch=01050/01563 ( 67.18%) | lr=3.906e-06 | elapsed=0:07:41 | eta=0:03:45
    losses | total=2.9209e+00 | fourier=2.9209e+00 | amplitude=2.0508e-02 | phase=1.4274e-02 | support=3.4519e+00
2026-08-18 11:01:00 | INFO    | TRAIN | epoch=060/100 | batch=01100/01563 ( 70.38%) | lr=3.906e-06 | elapsed=0:08:03 | eta=0:03:23
    losses | total=2.7389e+00 | fourier=2.7389e+00 | amplitude=2.1016e-02 | phase=1.3377e-02 | support=3.5630e+00
2026-08-18 11:01:22 | INFO    | TRAIN | epoch=060/100 | batch=01150/01563 ( 73.58%) | lr=3.906e-06 | elapsed=0:08:25 | eta=0:03:01
    losses | total=2.8516e+00 | fourier=2.8516e+00 | amplitude=1.8777e-02 | phase=2.1605e-02 | support=3.1724e+00
2026-08-18 11:01:43 | INFO    | TRAIN | epoch=060/100 | batch=01200/01563 ( 76.78%) | lr=3.906e-06 | elapsed=0:08:47 | eta=0:02:39
    losses | total=2.9561e+00 | fourier=2.9561e+00 | amplitude=2.3820e-02 | phase=2.1801e-02 | support=3.4066e+00
2026-08-18 11:02:05 | INFO    | TRAIN | epoch=060/100 | batch=01250/01563 ( 79.97%) | lr=3.906e-06 | elapsed=0:09:09 | eta=0:02:17
    losses | total=2.7745e+00 | fourier=2.7745e+00 | amplitude=2.2176e-02 | phase=1.5763e-02 | support=3.8880e+00
2026-08-18 11:02:27 | INFO    | TRAIN | epoch=060/100 | batch=01300/01563 ( 83.17%) | lr=3.906e-06 | elapsed=0:09:31 | eta=0:01:55
    losses | total=2.9633e+00 | fourier=2.9633e+00 | amplitude=1.9615e-02 | phase=2.3266e-02 | support=3.3111e+00
2026-08-18 11:02:49 | INFO    | TRAIN | epoch=060/100 | batch=01350/01563 ( 86.37%) | lr=3.906e-06 | elapsed=0:09:53 | eta=0:01:33
    losses | total=2.7424e+00 | fourier=2.7424e+00 | amplitude=1.8086e-02 | phase=1.2998e-02 | support=3.3063e+00
2026-08-18 11:03:11 | INFO    | TRAIN | epoch=060/100 | batch=01400/01563 ( 89.57%) | lr=3.906e-06 | elapsed=0:10:15 | eta=0:01:11
    losses | total=2.8879e+00 | fourier=2.8879e+00 | amplitude=1.9903e-02 | phase=1.8949e-02 | support=3.6870e+00
2026-08-18 11:03:33 | INFO    | TRAIN | epoch=060/100 | batch=01450/01563 ( 92.77%) | lr=3.906e-06 | elapsed=0:10:37 | eta=0:00:49
    losses | total=3.0016e+00 | fourier=3.0016e+00 | amplitude=1.8504e-02 | phase=1.7786e-02 | support=3.5627e+00
2026-08-18 11:03:55 | INFO    | TRAIN | epoch=060/100 | batch=01500/01563 ( 95.97%) | lr=3.906e-06 | elapsed=0:10:59 | eta=0:00:27
    losses | total=2.7631e+00 | fourier=2.7631e+00 | amplitude=1.7870e-02 | phase=1.8505e-02 | support=3.3534e+00
2026-08-18 11:04:17 | INFO    | TRAIN | epoch=060/100 | batch=01550/01563 ( 99.17%) | lr=3.906e-06 | elapsed=0:11:21 | eta=0:00:05
    losses | total=3.1793e+00 | fourier=3.1793e+00 | amplitude=2.1646e-02 | phase=2.2689e-02 | support=3.6313e+00
2026-08-18 11:04:23 | INFO    | TRAIN | epoch=060/100 | batch=01563/01563 (100.00%) | lr=3.906e-06 | elapsed=0:11:27 | eta=0:00:00
    losses | total=3.7491e+00 | fourier=3.7491e+00 | amplitude=2.5176e-02 | phase=2.6855e-02 | support=3.2980e+00
2026-08-18 11:04:23 | INFO    | TRAIN epoch 060 complete | batches=1563 | samples=25000 | time=0:11:27
2026-08-18 11:04:29 | INFO    | VAL | epoch=060/100 | batch=00050/00313 ( 15.97%) | elapsed=0:00:05 | eta=0:00:28
    losses | total=4.2512e+00 | fourier=4.2512e+00 | amplitude=1.9894e-02 | phase=2.0341e-02 | support=3.4521e+00
2026-08-18 11:04:34 | INFO    | VAL | epoch=060/100 | batch=00100/00313 ( 31.95%) | elapsed=0:00:10 | eta=0:00:22
    losses | total=3.3772e+00 | fourier=3.3772e+00 | amplitude=2.0754e-02 | phase=1.5545e-02 | support=3.6234e+00
2026-08-18 11:04:39 | INFO    | VAL | epoch=060/100 | batch=00150/00313 ( 47.92%) | elapsed=0:00:15 | eta=0:00:17
    losses | total=3.7482e+00 | fourier=3.7482e+00 | amplitude=1.8516e-02 | phase=1.6412e-02 | support=3.2907e+00
2026-08-18 11:04:44 | INFO    | VAL | epoch=060/100 | batch=00200/00313 ( 63.90%) | elapsed=0:00:21 | eta=0:00:11
    losses | total=3.8827e+00 | fourier=3.8827e+00 | amplitude=1.9342e-02 | phase=1.5514e-02 | support=3.5494e+00
2026-08-18 11:04:49 | INFO    | VAL | epoch=060/100 | batch=00250/00313 ( 79.87%) | elapsed=0:00:26 | eta=0:00:06
    losses | total=3.7337e+00 | fourier=3.7337e+00 | amplitude=2.0616e-02 | phase=2.1085e-02 | support=3.3433e+00
2026-08-18 11:04:55 | INFO    | VAL | epoch=060/100 | batch=00300/00313 ( 95.85%) | elapsed=0:00:31 | eta=0:00:01
    losses | total=3.5868e+00 | fourier=3.5868e+00 | amplitude=2.0871e-02 | phase=2.0330e-02 | support=3.3178e+00
2026-08-18 11:04:56 | INFO    | VAL | epoch=060/100 | batch=00313/00313 (100.00%) | elapsed=0:00:32 | eta=0:00:00
    losses | total=3.9437e+00 | fourier=3.9437e+00 | amplitude=1.7651e-02 | phase=1.6878e-02 | support=3.1140e+00
2026-08-18 11:04:56 | INFO    | VAL epoch 060 complete | batches=313 | samples=5000 | time=0:00:32
2026-08-18 11:04:56 | INFO    | Cross-skip strengths | 8/phase_to_amp=+5.9946e-03 | 8/amp_to_phase=-3.2588e-02 | 16/phase_to_amp=-1.7052e-02 | 16/amp_to_phase=+9.3364e-02
2026-08-18 11:04:57 | INFO    | 
------------------------------------------------------------------------------------------------
Epoch 060/100 summary
split             total      fourier    amplitude        phase      support        time
train        2.8807e+00   2.8807e+00   1.9469e-02   1.7383e-02   3.4578e+00     0:11:27
validation   3.6935e+00   3.6935e+00   1.9472e-02   1.7501e-02   3.4480e+00     0:00:32
lr=3.906e-06 | best_val=3.6920e+00 | best_updated=no | periodic_checkpoint=yes
------------------------------------------------------------------------------------------------
2026-08-18 11:05:19 | INFO    | TRAIN | epoch=061/100 | batch=00050/01563 (  3.20%) | lr=3.906e-06 | elapsed=0:00:22 | eta=0:11:09
    losses | total=2.9608e+00 | fourier=2.9608e+00 | amplitude=2.0275e-02 | phase=2.1350e-02 | support=3.4321e+00
2026-08-18 11:05:41 | INFO    | TRAIN | epoch=061/100 | batch=00100/01563 (  6.40%) | lr=3.906e-06 | elapsed=0:00:44 | eta=0:10:45
    losses | total=2.9854e+00 | fourier=2.9854e+00 | amplitude=1.9553e-02 | phase=1.7213e-02 | support=3.4659e+00
2026-08-18 11:06:03 | INFO    | TRAIN | epoch=061/100 | batch=00150/01563 (  9.60%) | lr=3.906e-06 | elapsed=0:01:06 | eta=0:10:22
    losses | total=2.6773e+00 | fourier=2.6773e+00 | amplitude=1.7914e-02 | phase=1.3901e-02 | support=4.0888e+00
2026-08-18 11:06:25 | INFO    | TRAIN | epoch=061/100 | batch=00200/01563 ( 12.80%) | lr=3.906e-06 | elapsed=0:01:28 | eta=0:10:00
    losses | total=2.9791e+00 | fourier=2.9791e+00 | amplitude=1.8662e-02 | phase=1.8718e-02 | support=3.2826e+00
2026-08-18 11:06:47 | INFO    | TRAIN | epoch=061/100 | batch=00250/01563 ( 15.99%) | lr=3.906e-06 | elapsed=0:01:50 | eta=0:09:38
    losses | total=2.8172e+00 | fourier=2.8172e+00 | amplitude=1.9206e-02 | phase=1.6748e-02 | support=3.2056e+00
2026-08-18 11:07:09 | INFO    | TRAIN | epoch=061/100 | batch=00300/01563 ( 19.19%) | lr=3.906e-06 | elapsed=0:02:12 | eta=0:09:15
    losses | total=3.3011e+00 | fourier=3.3011e+00 | amplitude=2.0787e-02 | phase=2.0696e-02 | support=3.5403e+00
2026-08-18 11:07:31 | INFO    | TRAIN | epoch=061/100 | batch=00350/01563 ( 22.39%) | lr=3.906e-06 | elapsed=0:02:34 | eta=0:08:53
    losses | total=2.8623e+00 | fourier=2.8623e+00 | amplitude=1.8745e-02 | phase=1.8146e-02 | support=3.2249e+00
2026-08-18 11:07:53 | INFO    | TRAIN | epoch=061/100 | batch=00400/01563 ( 25.59%) | lr=3.906e-06 | elapsed=0:02:56 | eta=0:08:31
    losses | total=2.8797e+00 | fourier=2.8797e+00 | amplitude=2.0491e-02 | phase=1.6390e-02 | support=3.7633e+00
2026-08-18 11:08:15 | INFO    | TRAIN | epoch=061/100 | batch=00450/01563 ( 28.79%) | lr=3.906e-06 | elapsed=0:03:18 | eta=0:08:09
    losses | total=2.9975e+00 | fourier=2.9975e+00 | amplitude=2.0476e-02 | phase=2.3236e-02 | support=3.0560e+00
2026-08-18 11:08:37 | INFO    | TRAIN | epoch=061/100 | batch=00500/01563 ( 31.99%) | lr=3.906e-06 | elapsed=0:03:39 | eta=0:07:47
    losses | total=2.7846e+00 | fourier=2.7846e+00 | amplitude=2.0312e-02 | phase=1.8696e-02 | support=3.4313e+00
2026-08-18 11:08:59 | INFO    | TRAIN | epoch=061/100 | batch=00550/01563 ( 35.19%) | lr=3.906e-06 | elapsed=0:04:01 | eta=0:07:25
    losses | total=2.7009e+00 | fourier=2.7009e+00 | amplitude=1.6324e-02 | phase=1.6969e-02 | support=3.4334e+00
2026-08-18 11:09:21 | INFO    | TRAIN | epoch=061/100 | batch=00600/01563 ( 38.39%) | lr=3.906e-06 | elapsed=0:04:23 | eta=0:07:03
    losses | total=2.7985e+00 | fourier=2.7985e+00 | amplitude=1.6980e-02 | phase=1.6833e-02 | support=3.6775e+00
2026-08-18 11:09:43 | INFO    | TRAIN | epoch=061/100 | batch=00650/01563 ( 41.59%) | lr=3.906e-06 | elapsed=0:04:45 | eta=0:06:41
    losses | total=3.0243e+00 | fourier=3.0243e+00 | amplitude=1.9087e-02 | phase=2.1059e-02 | support=3.6910e+00
2026-08-18 11:10:04 | INFO    | TRAIN | epoch=061/100 | batch=00700/01563 ( 44.79%) | lr=3.906e-06 | elapsed=0:05:07 | eta=0:06:19
    losses | total=2.7946e+00 | fourier=2.7946e+00 | amplitude=1.9361e-02 | phase=1.8747e-02 | support=3.5544e+00
2026-08-18 11:10:26 | INFO    | TRAIN | epoch=061/100 | batch=00750/01563 ( 47.98%) | lr=3.906e-06 | elapsed=0:05:29 | eta=0:05:57
    losses | total=2.9137e+00 | fourier=2.9137e+00 | amplitude=1.9885e-02 | phase=1.9566e-02 | support=3.1967e+00
2026-08-18 11:10:48 | INFO    | TRAIN | epoch=061/100 | batch=00800/01563 ( 51.18%) | lr=3.906e-06 | elapsed=0:05:51 | eta=0:05:35
    losses | total=2.8294e+00 | fourier=2.8294e+00 | amplitude=1.8166e-02 | phase=1.4387e-02 | support=3.6097e+00
2026-08-18 11:11:10 | INFO    | TRAIN | epoch=061/100 | batch=00850/01563 ( 54.38%) | lr=3.906e-06 | elapsed=0:06:13 | eta=0:05:13
    losses | total=2.9515e+00 | fourier=2.9515e+00 | amplitude=1.9444e-02 | phase=1.8250e-02 | support=3.4184e+00
2026-08-18 11:11:32 | INFO    | TRAIN | epoch=061/100 | batch=00900/01563 ( 57.58%) | lr=3.906e-06 | elapsed=0:06:35 | eta=0:04:51
    losses | total=2.7217e+00 | fourier=2.7217e+00 | amplitude=1.8452e-02 | phase=1.4628e-02 | support=3.7633e+00
2026-08-18 11:11:54 | INFO    | TRAIN | epoch=061/100 | batch=00950/01563 ( 60.78%) | lr=3.906e-06 | elapsed=0:06:57 | eta=0:04:29
    losses | total=2.7093e+00 | fourier=2.7093e+00 | amplitude=1.9274e-02 | phase=1.4110e-02 | support=3.4311e+00
2026-08-18 11:12:16 | INFO    | TRAIN | epoch=061/100 | batch=01000/01563 ( 63.98%) | lr=3.906e-06 | elapsed=0:07:19 | eta=0:04:07
    losses | total=2.8449e+00 | fourier=2.8449e+00 | amplitude=2.1799e-02 | phase=1.7398e-02 | support=3.9241e+00
2026-08-18 11:12:38 | INFO    | TRAIN | epoch=061/100 | batch=01050/01563 ( 67.18%) | lr=3.906e-06 | elapsed=0:07:41 | eta=0:03:45
    losses | total=2.9683e+00 | fourier=2.9683e+00 | amplitude=1.9118e-02 | phase=1.5688e-02 | support=3.5293e+00
2026-08-18 11:13:00 | INFO    | TRAIN | epoch=061/100 | batch=01100/01563 ( 70.38%) | lr=3.906e-06 | elapsed=0:08:03 | eta=0:03:23
    losses | total=2.9035e+00 | fourier=2.9035e+00 | amplitude=2.0071e-02 | phase=1.3938e-02 | support=3.5656e+00
2026-08-18 11:13:22 | INFO    | TRAIN | epoch=061/100 | batch=01150/01563 ( 73.58%) | lr=3.906e-06 | elapsed=0:08:25 | eta=0:03:01
    losses | total=2.9254e+00 | fourier=2.9254e+00 | amplitude=1.8752e-02 | phase=1.5627e-02 | support=3.5690e+00
2026-08-18 11:13:44 | INFO    | TRAIN | epoch=061/100 | batch=01200/01563 ( 76.78%) | lr=3.906e-06 | elapsed=0:08:47 | eta=0:02:39
    losses | total=2.9055e+00 | fourier=2.9055e+00 | amplitude=2.0252e-02 | phase=1.8247e-02 | support=3.2926e+00
2026-08-18 11:14:06 | INFO    | TRAIN | epoch=061/100 | batch=01250/01563 ( 79.97%) | lr=3.906e-06 | elapsed=0:09:09 | eta=0:02:17
    losses | total=3.1292e+00 | fourier=3.1292e+00 | amplitude=2.3048e-02 | phase=1.4172e-02 | support=3.7815e+00
2026-08-18 11:14:28 | INFO    | TRAIN | epoch=061/100 | batch=01300/01563 ( 83.17%) | lr=3.906e-06 | elapsed=0:09:31 | eta=0:01:55
    losses | total=2.8799e+00 | fourier=2.8799e+00 | amplitude=1.5705e-02 | phase=1.7944e-02 | support=3.3133e+00
2026-08-18 11:14:50 | INFO    | TRAIN | epoch=061/100 | batch=01350/01563 ( 86.37%) | lr=3.906e-06 | elapsed=0:09:53 | eta=0:01:33
    losses | total=2.8119e+00 | fourier=2.8119e+00 | amplitude=2.1091e-02 | phase=2.0854e-02 | support=3.1706e+00
2026-08-18 11:15:12 | INFO    | TRAIN | epoch=061/100 | batch=01400/01563 ( 89.57%) | lr=3.906e-06 | elapsed=0:10:15 | eta=0:01:11
    losses | total=2.9222e+00 | fourier=2.9222e+00 | amplitude=1.9403e-02 | phase=2.0264e-02 | support=3.5751e+00
2026-08-18 11:15:34 | INFO    | TRAIN | epoch=061/100 | batch=01450/01563 ( 92.77%) | lr=3.906e-06 | elapsed=0:10:37 | eta=0:00:49
    losses | total=2.7324e+00 | fourier=2.7324e+00 | amplitude=2.0497e-02 | phase=1.9197e-02 | support=3.3302e+00
2026-08-18 11:15:56 | INFO    | TRAIN | epoch=061/100 | batch=01500/01563 ( 95.97%) | lr=3.906e-06 | elapsed=0:10:59 | eta=0:00:27
    losses | total=2.9201e+00 | fourier=2.9201e+00 | amplitude=1.8077e-02 | phase=1.8409e-02 | support=3.0721e+00
2026-08-18 11:16:18 | INFO    | TRAIN | epoch=061/100 | batch=01550/01563 ( 99.17%) | lr=3.906e-06 | elapsed=0:11:21 | eta=0:00:05
    losses | total=3.0363e+00 | fourier=3.0363e+00 | amplitude=1.9203e-02 | phase=2.5895e-02 | support=2.8353e+00
2026-08-18 11:16:24 | INFO    | TRAIN | epoch=061/100 | batch=01563/01563 (100.00%) | lr=3.906e-06 | elapsed=0:11:26 | eta=0:00:00
    losses | total=2.6129e+00 | fourier=2.6129e+00 | amplitude=1.6356e-02 | phase=1.1016e-02 | support=3.2660e+00
2026-08-18 11:16:24 | INFO    | TRAIN epoch 061 complete | batches=1563 | samples=25000 | time=0:11:27
2026-08-18 11:16:29 | INFO    | VAL | epoch=061/100 | batch=00050/00313 ( 15.97%) | elapsed=0:00:05 | eta=0:00:28
    losses | total=4.2483e+00 | fourier=4.2483e+00 | amplitude=1.9899e-02 | phase=2.0319e-02 | support=3.4525e+00
2026-08-18 11:16:34 | INFO    | VAL | epoch=061/100 | batch=00100/00313 ( 31.95%) | elapsed=0:00:10 | eta=0:00:22
    losses | total=3.3760e+00 | fourier=3.3760e+00 | amplitude=2.0765e-02 | phase=1.5540e-02 | support=3.6238e+00
2026-08-18 11:16:40 | INFO    | VAL | epoch=061/100 | batch=00150/00313 ( 47.92%) | elapsed=0:00:15 | eta=0:00:17
    losses | total=3.7468e+00 | fourier=3.7468e+00 | amplitude=1.8524e-02 | phase=1.6390e-02 | support=3.2915e+00
2026-08-18 11:16:45 | INFO    | VAL | epoch=061/100 | batch=00200/00313 ( 63.90%) | elapsed=0:00:21 | eta=0:00:11
    losses | total=3.8826e+00 | fourier=3.8826e+00 | amplitude=1.9343e-02 | phase=1.5472e-02 | support=3.5497e+00
2026-08-18 11:16:50 | INFO    | VAL | epoch=061/100 | batch=00250/00313 ( 79.87%) | elapsed=0:00:26 | eta=0:00:06
    losses | total=3.7347e+00 | fourier=3.7347e+00 | amplitude=2.0628e-02 | phase=2.1072e-02 | support=3.3433e+00
2026-08-18 11:16:55 | INFO    | VAL | epoch=061/100 | batch=00300/00313 ( 95.85%) | elapsed=0:00:31 | eta=0:00:01
    losses | total=3.5844e+00 | fourier=3.5844e+00 | amplitude=2.0886e-02 | phase=2.0337e-02 | support=3.3173e+00
2026-08-18 11:16:57 | INFO    | VAL | epoch=061/100 | batch=00313/00313 (100.00%) | elapsed=0:00:32 | eta=0:00:00
    losses | total=3.9414e+00 | fourier=3.9414e+00 | amplitude=1.7657e-02 | phase=1.6880e-02 | support=3.1136e+00
2026-08-18 11:16:57 | INFO    | VAL epoch 061 complete | batches=313 | samples=5000 | time=0:00:32
2026-08-18 11:16:57 | INFO    | Cross-skip strengths | 8/phase_to_amp=+6.0839e-03 | 8/amp_to_phase=-3.2610e-02 | 16/phase_to_amp=-1.6994e-02 | 16/amp_to_phase=+9.3384e-02
2026-08-18 11:16:57 | INFO    | 
------------------------------------------------------------------------------------------------
Epoch 061/100 summary
split             total      fourier    amplitude        phase      support        time
train        2.8794e+00   2.8794e+00   1.9469e-02   1.7389e-02   3.4567e+00     0:11:27
validation   3.6928e+00   3.6928e+00   1.9481e-02   1.7487e-02   3.4483e+00     0:00:32
lr=3.906e-06 | best_val=3.6920e+00 | best_updated=no | periodic_checkpoint=no
------------------------------------------------------------------------------------------------
2026-08-18 11:17:19 | INFO    | TRAIN | epoch=062/100 | batch=00050/01563 (  3.20%) | lr=3.906e-06 | elapsed=0:00:22 | eta=0:11:09
    losses | total=2.8079e+00 | fourier=2.8079e+00 | amplitude=2.0456e-02 | phase=1.7728e-02 | support=3.4080e+00
2026-08-18 11:17:41 | INFO    | TRAIN | epoch=062/100 | batch=00100/01563 (  6.40%) | lr=3.906e-06 | elapsed=0:00:44 | eta=0:10:45
    losses | total=2.7733e+00 | fourier=2.7733e+00 | amplitude=1.9258e-02 | phase=1.4184e-02 | support=3.1697e+00
2026-08-18 11:18:03 | INFO    | TRAIN | epoch=062/100 | batch=00150/01563 (  9.60%) | lr=3.906e-06 | elapsed=0:01:06 | eta=0:10:22
    losses | total=2.5921e+00 | fourier=2.5921e+00 | amplitude=1.8592e-02 | phase=1.1673e-02 | support=3.7973e+00
2026-08-18 11:18:25 | INFO    | TRAIN | epoch=062/100 | batch=00200/01563 ( 12.80%) | lr=3.906e-06 | elapsed=0:01:28 | eta=0:10:00
    losses | total=2.9254e+00 | fourier=2.9254e+00 | amplitude=1.9661e-02 | phase=1.7746e-02 | support=3.5810e+00
2026-08-18 11:18:47 | INFO    | TRAIN | epoch=062/100 | batch=00250/01563 ( 15.99%) | lr=3.906e-06 | elapsed=0:01:50 | eta=0:09:38
    losses | total=2.6804e+00 | fourier=2.6804e+00 | amplitude=1.8029e-02 | phase=1.2567e-02 | support=3.5822e+00
2026-08-18 11:19:09 | INFO    | TRAIN | epoch=062/100 | batch=00300/01563 ( 19.19%) | lr=3.906e-06 | elapsed=0:02:12 | eta=0:09:15
    losses | total=2.7679e+00 | fourier=2.7679e+00 | amplitude=1.9696e-02 | phase=1.2641e-02 | support=3.7649e+00
2026-08-18 11:19:31 | INFO    | TRAIN | epoch=062/100 | batch=00350/01563 ( 22.39%) | lr=3.906e-06 | elapsed=0:02:34 | eta=0:08:53
    losses | total=2.9586e+00 | fourier=2.9586e+00 | amplitude=2.0636e-02 | phase=2.3418e-02 | support=3.0773e+00
2026-08-18 11:19:53 | INFO    | TRAIN | epoch=062/100 | batch=00400/01563 ( 25.59%) | lr=3.906e-06 | elapsed=0:02:55 | eta=0:08:31
    losses | total=3.0113e+00 | fourier=3.0113e+00 | amplitude=1.7156e-02 | phase=1.6458e-02 | support=3.3547e+00
2026-08-18 11:20:15 | INFO    | TRAIN | epoch=062/100 | batch=00450/01563 ( 28.79%) | lr=3.906e-06 | elapsed=0:03:17 | eta=0:08:09
    losses | total=2.6846e+00 | fourier=2.6846e+00 | amplitude=1.8094e-02 | phase=1.3738e-02 | support=3.3743e+00
2026-08-18 11:20:37 | INFO    | TRAIN | epoch=062/100 | batch=00500/01563 ( 31.99%) | lr=3.906e-06 | elapsed=0:03:39 | eta=0:07:47
    losses | total=2.9377e+00 | fourier=2.9377e+00 | amplitude=2.3422e-02 | phase=2.1928e-02 | support=3.6973e+00
2026-08-18 11:20:59 | INFO    | TRAIN | epoch=062/100 | batch=00550/01563 ( 35.19%) | lr=3.906e-06 | elapsed=0:04:01 | eta=0:07:25
    losses | total=3.0408e+00 | fourier=3.0408e+00 | amplitude=1.8831e-02 | phase=1.5283e-02 | support=3.4722e+00
2026-08-18 11:21:21 | INFO    | TRAIN | epoch=062/100 | batch=00600/01563 ( 38.39%) | lr=3.906e-06 | elapsed=0:04:23 | eta=0:07:03
    losses | total=2.8171e+00 | fourier=2.8171e+00 | amplitude=2.1444e-02 | phase=1.8909e-02 | support=3.4170e+00
2026-08-18 11:21:43 | INFO    | TRAIN | epoch=062/100 | batch=00650/01563 ( 41.59%) | lr=3.906e-06 | elapsed=0:04:45 | eta=0:06:41
    losses | total=2.7296e+00 | fourier=2.7296e+00 | amplitude=1.9746e-02 | phase=1.5905e-02 | support=4.3114e+00
2026-08-18 11:22:05 | INFO    | TRAIN | epoch=062/100 | batch=00700/01563 ( 44.79%) | lr=3.906e-06 | elapsed=0:05:07 | eta=0:06:19
    losses | total=2.9816e+00 | fourier=2.9816e+00 | amplitude=1.7936e-02 | phase=1.8192e-02 | support=2.9807e+00
2026-08-18 11:22:27 | INFO    | TRAIN | epoch=062/100 | batch=00750/01563 ( 47.98%) | lr=3.906e-06 | elapsed=0:05:29 | eta=0:05:57
    losses | total=2.9083e+00 | fourier=2.9083e+00 | amplitude=1.5762e-02 | phase=1.6307e-02 | support=3.6552e+00
2026-08-18 11:22:49 | INFO    | TRAIN | epoch=062/100 | batch=00800/01563 ( 51.18%) | lr=3.906e-06 | elapsed=0:05:51 | eta=0:05:35
    losses | total=2.9480e+00 | fourier=2.9480e+00 | amplitude=1.8379e-02 | phase=1.2800e-02 | support=3.2218e+00
2026-08-18 11:23:11 | INFO    | TRAIN | epoch=062/100 | batch=00850/01563 ( 54.38%) | lr=3.906e-06 | elapsed=0:06:13 | eta=0:05:13
    losses | total=2.9109e+00 | fourier=2.9109e+00 | amplitude=1.8037e-02 | phase=1.6705e-02 | support=3.2557e+00
2026-08-18 11:23:33 | INFO    | TRAIN | epoch=062/100 | batch=00900/01563 ( 57.58%) | lr=3.906e-06 | elapsed=0:06:35 | eta=0:04:51
    losses | total=3.1699e+00 | fourier=3.1699e+00 | amplitude=2.0337e-02 | phase=1.7297e-02 | support=3.4765e+00
2026-08-18 11:23:55 | INFO    | TRAIN | epoch=062/100 | batch=00950/01563 ( 60.78%) | lr=3.906e-06 | elapsed=0:06:57 | eta=0:04:29
    losses | total=2.7912e+00 | fourier=2.7912e+00 | amplitude=1.8625e-02 | phase=2.2146e-02 | support=3.0397e+00
2026-08-18 11:24:17 | INFO    | TRAIN | epoch=062/100 | batch=01000/01563 ( 63.98%) | lr=3.906e-06 | elapsed=0:07:19 | eta=0:04:07
    losses | total=2.6845e+00 | fourier=2.6845e+00 | amplitude=2.0083e-02 | phase=1.3978e-02 | support=3.3698e+00
2026-08-18 11:24:39 | INFO    | TRAIN | epoch=062/100 | batch=01050/01563 ( 67.18%) | lr=3.906e-06 | elapsed=0:07:41 | eta=0:03:45
    losses | total=2.9936e+00 | fourier=2.9936e+00 | amplitude=2.1879e-02 | phase=1.7669e-02 | support=2.8488e+00
2026-08-18 11:25:01 | INFO    | TRAIN | epoch=062/100 | batch=01100/01563 ( 70.38%) | lr=3.906e-06 | elapsed=0:08:03 | eta=0:03:23
    losses | total=2.8312e+00 | fourier=2.8312e+00 | amplitude=2.1895e-02 | phase=1.7102e-02 | support=3.2649e+00
2026-08-18 11:25:23 | INFO    | TRAIN | epoch=062/100 | batch=01150/01563 ( 73.58%) | lr=3.906e-06 | elapsed=0:08:25 | eta=0:03:01
    losses | total=2.9211e+00 | fourier=2.9211e+00 | amplitude=1.7574e-02 | phase=1.5023e-02 | support=3.4770e+00
2026-08-18 11:25:45 | INFO    | TRAIN | epoch=062/100 | batch=01200/01563 ( 76.78%) | lr=3.906e-06 | elapsed=0:08:47 | eta=0:02:39
    losses | total=2.8529e+00 | fourier=2.8529e+00 | amplitude=2.1353e-02 | phase=1.6414e-02 | support=3.4467e+00
2026-08-18 11:26:07 | INFO    | TRAIN | epoch=062/100 | batch=01250/01563 ( 79.97%) | lr=3.906e-06 | elapsed=0:09:09 | eta=0:02:17
    losses | total=2.7191e+00 | fourier=2.7191e+00 | amplitude=1.6919e-02 | phase=1.9061e-02 | support=3.4131e+00
2026-08-18 11:26:29 | INFO    | TRAIN | epoch=062/100 | batch=01300/01563 ( 83.17%) | lr=3.906e-06 | elapsed=0:09:31 | eta=0:01:55
    losses | total=3.0492e+00 | fourier=3.0492e+00 | amplitude=2.0044e-02 | phase=1.8143e-02 | support=3.7599e+00
2026-08-18 11:26:51 | INFO    | TRAIN | epoch=062/100 | batch=01350/01563 ( 86.37%) | lr=3.906e-06 | elapsed=0:09:53 | eta=0:01:33
    losses | total=3.0136e+00 | fourier=3.0136e+00 | amplitude=1.9733e-02 | phase=1.8502e-02 | support=3.3825e+00
2026-08-18 11:27:13 | INFO    | TRAIN | epoch=062/100 | batch=01400/01563 ( 89.57%) | lr=3.906e-06 | elapsed=0:10:15 | eta=0:01:11
    losses | total=2.6873e+00 | fourier=2.6873e+00 | amplitude=2.2382e-02 | phase=1.6454e-02 | support=3.4756e+00
2026-08-18 11:27:35 | INFO    | TRAIN | epoch=062/100 | batch=01450/01563 ( 92.77%) | lr=3.906e-06 | elapsed=0:10:37 | eta=0:00:49
    losses | total=2.9472e+00 | fourier=2.9472e+00 | amplitude=1.7690e-02 | phase=1.5114e-02 | support=3.2722e+00
2026-08-18 11:27:57 | INFO    | TRAIN | epoch=062/100 | batch=01500/01563 ( 95.97%) | lr=3.906e-06 | elapsed=0:10:59 | eta=0:00:27
    losses | total=2.8183e+00 | fourier=2.8183e+00 | amplitude=2.0099e-02 | phase=1.8059e-02 | support=3.5637e+00
2026-08-18 11:28:19 | INFO    | TRAIN | epoch=062/100 | batch=01550/01563 ( 99.17%) | lr=3.906e-06 | elapsed=0:11:21 | eta=0:00:05
    losses | total=2.8127e+00 | fourier=2.8127e+00 | amplitude=2.1541e-02 | phase=1.6722e-02 | support=3.3343e+00
2026-08-18 11:28:24 | INFO    | TRAIN | epoch=062/100 | batch=01563/01563 (100.00%) | lr=3.906e-06 | elapsed=0:11:26 | eta=0:00:00
    losses | total=3.2750e+00 | fourier=3.2750e+00 | amplitude=1.6025e-02 | phase=1.3212e-02 | support=3.1592e+00
2026-08-18 11:28:24 | INFO    | TRAIN epoch 062 complete | batches=1563 | samples=25000 | time=0:11:27
2026-08-18 11:28:30 | INFO    | VAL | epoch=062/100 | batch=00050/00313 ( 15.97%) | elapsed=0:00:05 | eta=0:00:28
    losses | total=4.2528e+00 | fourier=4.2528e+00 | amplitude=1.9893e-02 | phase=2.0328e-02 | support=3.4531e+00
2026-08-18 11:28:35 | INFO    | VAL | epoch=062/100 | batch=00100/00313 ( 31.95%) | elapsed=0:00:10 | eta=0:00:22
    losses | total=3.3732e+00 | fourier=3.3732e+00 | amplitude=2.0759e-02 | phase=1.5541e-02 | support=3.6252e+00
2026-08-18 11:28:40 | INFO    | VAL | epoch=062/100 | batch=00150/00313 ( 47.92%) | elapsed=0:00:15 | eta=0:00:17
    losses | total=3.7496e+00 | fourier=3.7496e+00 | amplitude=1.8518e-02 | phase=1.6405e-02 | support=3.2918e+00
2026-08-18 11:28:46 | INFO    | VAL | epoch=062/100 | batch=00200/00313 ( 63.90%) | elapsed=0:00:21 | eta=0:00:11
    losses | total=3.8870e+00 | fourier=3.8870e+00 | amplitude=1.9338e-02 | phase=1.5465e-02 | support=3.5523e+00
2026-08-18 11:28:51 | INFO    | VAL | epoch=062/100 | batch=00250/00313 ( 79.87%) | elapsed=0:00:26 | eta=0:00:06
    losses | total=3.7362e+00 | fourier=3.7362e+00 | amplitude=2.0620e-02 | phase=2.1074e-02 | support=3.3437e+00
2026-08-18 11:28:56 | INFO    | VAL | epoch=062/100 | batch=00300/00313 ( 95.85%) | elapsed=0:00:31 | eta=0:00:01
    losses | total=3.5866e+00 | fourier=3.5866e+00 | amplitude=2.0875e-02 | phase=2.0332e-02 | support=3.3188e+00
2026-08-18 11:28:57 | INFO    | VAL | epoch=062/100 | batch=00313/00313 (100.00%) | elapsed=0:00:32 | eta=0:00:00
    losses | total=3.9414e+00 | fourier=3.9414e+00 | amplitude=1.7649e-02 | phase=1.6862e-02 | support=3.1150e+00
2026-08-18 11:28:57 | INFO    | VAL epoch 062 complete | batches=313 | samples=5000 | time=0:00:32
2026-08-18 11:28:57 | INFO    | Cross-skip strengths | 8/phase_to_amp=+6.0382e-03 | 8/amp_to_phase=-3.2642e-02 | 16/phase_to_amp=-1.7031e-02 | 16/amp_to_phase=+9.3429e-02
2026-08-18 11:28:58 | INFO    | 
------------------------------------------------------------------------------------------------
Epoch 062/100 summary
split             total      fourier    amplitude        phase      support        time
train        2.8797e+00   2.8797e+00   1.9470e-02   1.7385e-02   3.4564e+00     0:11:27
validation   3.6933e+00   3.6933e+00   1.9473e-02   1.7486e-02   3.4491e+00     0:00:32
lr=3.906e-06 | best_val=3.6920e+00 | best_updated=no | periodic_checkpoint=no
------------------------------------------------------------------------------------------------
2026-08-18 11:29:20 | INFO    | TRAIN | epoch=063/100 | batch=00050/01563 (  3.20%) | lr=3.906e-06 | elapsed=0:00:22 | eta=0:11:10
    losses | total=2.8325e+00 | fourier=2.8325e+00 | amplitude=2.1271e-02 | phase=1.7333e-02 | support=3.6097e+00
2026-08-18 11:29:42 | INFO    | TRAIN | epoch=063/100 | batch=00100/01563 (  6.40%) | lr=3.906e-06 | elapsed=0:00:44 | eta=0:10:45
    losses | total=2.8652e+00 | fourier=2.8652e+00 | amplitude=1.8458e-02 | phase=2.1626e-02 | support=3.0960e+00
2026-08-18 11:30:04 | INFO    | TRAIN | epoch=063/100 | batch=00150/01563 (  9.60%) | lr=3.906e-06 | elapsed=0:01:06 | eta=0:10:22
    losses | total=2.7311e+00 | fourier=2.7311e+00 | amplitude=1.7403e-02 | phase=1.4060e-02 | support=4.1941e+00
2026-08-18 11:30:26 | INFO    | TRAIN | epoch=063/100 | batch=00200/01563 ( 12.80%) | lr=3.906e-06 | elapsed=0:01:28 | eta=0:10:00
    losses | total=2.7391e+00 | fourier=2.7391e+00 | amplitude=1.6511e-02 | phase=1.2641e-02 | support=3.5546e+00
2026-08-18 11:30:48 | INFO    | TRAIN | epoch=063/100 | batch=00250/01563 ( 15.99%) | lr=3.906e-06 | elapsed=0:01:50 | eta=0:09:38
    losses | total=3.0444e+00 | fourier=3.0444e+00 | amplitude=1.9766e-02 | phase=1.8661e-02 | support=3.4268e+00
2026-08-18 11:31:10 | INFO    | TRAIN | epoch=063/100 | batch=00300/01563 ( 19.19%) | lr=3.906e-06 | elapsed=0:02:12 | eta=0:09:15
    losses | total=2.9362e+00 | fourier=2.9362e+00 | amplitude=1.8228e-02 | phase=1.8727e-02 | support=3.2864e+00
2026-08-18 11:31:32 | INFO    | TRAIN | epoch=063/100 | batch=00350/01563 ( 22.39%) | lr=3.906e-06 | elapsed=0:02:34 | eta=0:08:53
    losses | total=2.8763e+00 | fourier=2.8763e+00 | amplitude=2.1157e-02 | phase=1.7848e-02 | support=3.8100e+00
2026-08-18 11:31:54 | INFO    | TRAIN | epoch=063/100 | batch=00400/01563 ( 25.59%) | lr=3.906e-06 | elapsed=0:02:55 | eta=0:08:31
    losses | total=2.8245e+00 | fourier=2.8245e+00 | amplitude=1.8845e-02 | phase=1.7556e-02 | support=3.1942e+00
2026-08-18 11:32:16 | INFO    | TRAIN | epoch=063/100 | batch=00450/01563 ( 28.79%) | lr=3.906e-06 | elapsed=0:03:17 | eta=0:08:09
    losses | total=2.9773e+00 | fourier=2.9773e+00 | amplitude=2.1732e-02 | phase=2.1019e-02 | support=3.5862e+00
2026-08-18 11:32:38 | INFO    | TRAIN | epoch=063/100 | batch=00500/01563 ( 31.99%) | lr=3.906e-06 | elapsed=0:03:39 | eta=0:07:47
    losses | total=2.9725e+00 | fourier=2.9725e+00 | amplitude=1.8856e-02 | phase=1.8475e-02 | support=3.4400e+00
2026-08-18 11:33:00 | INFO    | TRAIN | epoch=063/100 | batch=00550/01563 ( 35.19%) | lr=3.906e-06 | elapsed=0:04:01 | eta=0:07:25
    losses | total=2.8354e+00 | fourier=2.8354e+00 | amplitude=1.8053e-02 | phase=1.8075e-02 | support=3.2872e+00
2026-08-18 11:33:22 | INFO    | TRAIN | epoch=063/100 | batch=00600/01563 ( 38.39%) | lr=3.906e-06 | elapsed=0:04:23 | eta=0:07:03
    losses | total=2.8904e+00 | fourier=2.8904e+00 | amplitude=1.7665e-02 | phase=1.5675e-02 | support=3.5275e+00
2026-08-18 11:33:43 | INFO    | TRAIN | epoch=063/100 | batch=00650/01563 ( 41.59%) | lr=3.906e-06 | elapsed=0:04:45 | eta=0:06:41
    losses | total=3.2067e+00 | fourier=3.2067e+00 | amplitude=2.0884e-02 | phase=2.1896e-02 | support=3.1229e+00
2026-08-18 11:34:05 | INFO    | TRAIN | epoch=063/100 | batch=00700/01563 ( 44.79%) | lr=3.906e-06 | elapsed=0:05:07 | eta=0:06:19
    losses | total=2.7878e+00 | fourier=2.7878e+00 | amplitude=1.8405e-02 | phase=1.2823e-02 | support=3.3088e+00
2026-08-18 11:34:27 | INFO    | TRAIN | epoch=063/100 | batch=00750/01563 ( 47.98%) | lr=3.906e-06 | elapsed=0:05:29 | eta=0:05:57
    losses | total=2.7592e+00 | fourier=2.7592e+00 | amplitude=1.8452e-02 | phase=1.7229e-02 | support=3.1861e+00
2026-08-18 11:34:49 | INFO    | TRAIN | epoch=063/100 | batch=00800/01563 ( 51.18%) | lr=3.906e-06 | elapsed=0:05:51 | eta=0:05:35
    losses | total=2.8655e+00 | fourier=2.8655e+00 | amplitude=1.7621e-02 | phase=1.9830e-02 | support=3.0010e+00
2026-08-18 11:35:11 | INFO    | TRAIN | epoch=063/100 | batch=00850/01563 ( 54.38%) | lr=3.906e-06 | elapsed=0:06:13 | eta=0:05:13
    losses | total=2.9695e+00 | fourier=2.9695e+00 | amplitude=1.7166e-02 | phase=2.2266e-02 | support=3.3574e+00
2026-08-18 11:35:33 | INFO    | TRAIN | epoch=063/100 | batch=00900/01563 ( 57.58%) | lr=3.906e-06 | elapsed=0:06:35 | eta=0:04:51
    losses | total=2.7458e+00 | fourier=2.7458e+00 | amplitude=1.9572e-02 | phase=1.7625e-02 | support=3.3778e+00
2026-08-18 11:35:55 | INFO    | TRAIN | epoch=063/100 | batch=00950/01563 ( 60.78%) | lr=3.906e-06 | elapsed=0:06:57 | eta=0:04:29
    losses | total=3.1663e+00 | fourier=3.1663e+00 | amplitude=1.7706e-02 | phase=1.4536e-02 | support=3.4739e+00
2026-08-18 11:36:17 | INFO    | TRAIN | epoch=063/100 | batch=01000/01563 ( 63.98%) | lr=3.906e-06 | elapsed=0:07:19 | eta=0:04:07
    losses | total=2.9200e+00 | fourier=2.9200e+00 | amplitude=1.9750e-02 | phase=1.6003e-02 | support=3.4204e+00
2026-08-18 11:36:39 | INFO    | TRAIN | epoch=063/100 | batch=01050/01563 ( 67.18%) | lr=3.906e-06 | elapsed=0:07:41 | eta=0:03:45
    losses | total=2.8201e+00 | fourier=2.8201e+00 | amplitude=1.8136e-02 | phase=1.7435e-02 | support=3.4007e+00
2026-08-18 11:37:01 | INFO    | TRAIN | epoch=063/100 | batch=01100/01563 ( 70.38%) | lr=3.906e-06 | elapsed=0:08:03 | eta=0:03:23
    losses | total=2.8454e+00 | fourier=2.8454e+00 | amplitude=1.7408e-02 | phase=1.4585e-02 | support=3.9447e+00
2026-08-18 11:37:23 | INFO    | TRAIN | epoch=063/100 | batch=01150/01563 ( 73.58%) | lr=3.906e-06 | elapsed=0:08:25 | eta=0:03:01
    losses | total=2.8149e+00 | fourier=2.8149e+00 | amplitude=1.8038e-02 | phase=1.2769e-02 | support=3.4958e+00
2026-08-18 11:37:45 | INFO    | TRAIN | epoch=063/100 | batch=01200/01563 ( 76.78%) | lr=3.906e-06 | elapsed=0:08:47 | eta=0:02:39
    losses | total=2.7726e+00 | fourier=2.7726e+00 | amplitude=1.7064e-02 | phase=1.4382e-02 | support=3.5486e+00
2026-08-18 11:38:07 | INFO    | TRAIN | epoch=063/100 | batch=01250/01563 ( 79.97%) | lr=3.906e-06 | elapsed=0:09:09 | eta=0:02:17
    losses | total=2.8154e+00 | fourier=2.8154e+00 | amplitude=2.0540e-02 | phase=2.1273e-02 | support=3.2367e+00
2026-08-18 11:38:29 | INFO    | TRAIN | epoch=063/100 | batch=01300/01563 ( 83.17%) | lr=3.906e-06 | elapsed=0:09:31 | eta=0:01:55
    losses | total=2.7083e+00 | fourier=2.7083e+00 | amplitude=1.8192e-02 | phase=1.4200e-02 | support=3.2634e+00
2026-08-18 11:38:51 | INFO    | TRAIN | epoch=063/100 | batch=01350/01563 ( 86.37%) | lr=3.906e-06 | elapsed=0:09:53 | eta=0:01:33
    losses | total=2.7529e+00 | fourier=2.7529e+00 | amplitude=2.1958e-02 | phase=1.9045e-02 | support=3.1396e+00
2026-08-18 11:39:13 | INFO    | TRAIN | epoch=063/100 | batch=01400/01563 ( 89.57%) | lr=3.906e-06 | elapsed=0:10:15 | eta=0:01:11
    losses | total=2.7938e+00 | fourier=2.7938e+00 | amplitude=2.0685e-02 | phase=1.4799e-02 | support=4.1329e+00
2026-08-18 11:39:35 | INFO    | TRAIN | epoch=063/100 | batch=01450/01563 ( 92.77%) | lr=3.906e-06 | elapsed=0:10:37 | eta=0:00:49
    losses | total=2.8752e+00 | fourier=2.8752e+00 | amplitude=1.8518e-02 | phase=1.6986e-02 | support=3.2916e+00
2026-08-18 11:39:57 | INFO    | TRAIN | epoch=063/100 | batch=01500/01563 ( 95.97%) | lr=3.906e-06 | elapsed=0:10:59 | eta=0:00:27
    losses | total=2.7363e+00 | fourier=2.7363e+00 | amplitude=2.0105e-02 | phase=1.4736e-02 | support=3.6404e+00
2026-08-18 11:40:19 | INFO    | TRAIN | epoch=063/100 | batch=01550/01563 ( 99.17%) | lr=3.906e-06 | elapsed=0:11:21 | eta=0:00:05
    losses | total=2.7180e+00 | fourier=2.7180e+00 | amplitude=1.8826e-02 | phase=9.5953e-03 | support=4.1278e+00
2026-08-18 11:40:25 | INFO    | TRAIN | epoch=063/100 | batch=01563/01563 (100.00%) | lr=3.906e-06 | elapsed=0:11:27 | eta=0:00:00
    losses | total=3.1119e+00 | fourier=3.1119e+00 | amplitude=2.5308e-02 | phase=1.7349e-02 | support=3.4414e+00
2026-08-18 11:40:25 | INFO    | TRAIN epoch 063 complete | batches=1563 | samples=25000 | time=0:11:27
2026-08-18 11:40:30 | INFO    | VAL | epoch=063/100 | batch=00050/00313 ( 15.97%) | elapsed=0:00:05 | eta=0:00:28
    losses | total=4.2484e+00 | fourier=4.2484e+00 | amplitude=1.9890e-02 | phase=2.0333e-02 | support=3.4510e+00
2026-08-18 11:40:36 | INFO    | VAL | epoch=063/100 | batch=00100/00313 ( 31.95%) | elapsed=0:00:10 | eta=0:00:22
    losses | total=3.3739e+00 | fourier=3.3739e+00 | amplitude=2.0754e-02 | phase=1.5542e-02 | support=3.6237e+00
2026-08-18 11:40:41 | INFO    | VAL | epoch=063/100 | batch=00150/00313 ( 47.92%) | elapsed=0:00:15 | eta=0:00:17
    losses | total=3.7465e+00 | fourier=3.7465e+00 | amplitude=1.8514e-02 | phase=1.6393e-02 | support=3.2909e+00
2026-08-18 11:40:46 | INFO    | VAL | epoch=063/100 | batch=00200/00313 ( 63.90%) | elapsed=0:00:21 | eta=0:00:11
    losses | total=3.8883e+00 | fourier=3.8883e+00 | amplitude=1.9342e-02 | phase=1.5489e-02 | support=3.5492e+00
2026-08-18 11:40:51 | INFO    | VAL | epoch=063/100 | batch=00250/00313 ( 79.87%) | elapsed=0:00:26 | eta=0:00:06
    losses | total=3.7350e+00 | fourier=3.7350e+00 | amplitude=2.0623e-02 | phase=2.1073e-02 | support=3.3429e+00
2026-08-18 11:40:56 | INFO    | VAL | epoch=063/100 | batch=00300/00313 ( 95.85%) | elapsed=0:00:31 | eta=0:00:01
    losses | total=3.5906e+00 | fourier=3.5906e+00 | amplitude=2.0867e-02 | phase=2.0317e-02 | support=3.3169e+00
2026-08-18 11:40:58 | INFO    | VAL | epoch=063/100 | batch=00313/00313 (100.00%) | elapsed=0:00:32 | eta=0:00:00
    losses | total=3.9410e+00 | fourier=3.9410e+00 | amplitude=1.7642e-02 | phase=1.6848e-02 | support=3.1135e+00
2026-08-18 11:40:58 | INFO    | VAL epoch 063 complete | batches=313 | samples=5000 | time=0:00:32
2026-08-18 11:40:58 | INFO    | Cross-skip strengths | 8/phase_to_amp=+6.0268e-03 | 8/amp_to_phase=-3.2633e-02 | 16/phase_to_amp=-1.7093e-02 | 16/amp_to_phase=+9.3474e-02
2026-08-18 11:40:58 | INFO    | 
------------------------------------------------------------------------------------------------
Epoch 063/100 summary
split             total      fourier    amplitude        phase      support        time
train        2.8796e+00   2.8796e+00   1.9469e-02   1.7384e-02   3.4564e+00     0:11:27
validation   3.6929e+00   3.6929e+00   1.9472e-02   1.7496e-02   3.4477e+00     0:00:32
lr=3.906e-06 | best_val=3.6920e+00 | best_updated=no | periodic_checkpoint=no
------------------------------------------------------------------------------------------------
2026-08-18 11:41:20 | INFO    | TRAIN | epoch=064/100 | batch=00050/01563 (  3.20%) | lr=3.906e-06 | elapsed=0:00:22 | eta=0:11:09
    losses | total=2.9138e+00 | fourier=2.9138e+00 | amplitude=1.7748e-02 | phase=2.0396e-02 | support=3.4082e+00
2026-08-18 11:41:42 | INFO    | TRAIN | epoch=064/100 | batch=00100/01563 (  6.40%) | lr=3.906e-06 | elapsed=0:00:44 | eta=0:10:44
    losses | total=2.7857e+00 | fourier=2.7857e+00 | amplitude=1.8083e-02 | phase=1.9523e-02 | support=3.0114e+00
2026-08-18 11:42:04 | INFO    | TRAIN | epoch=064/100 | batch=00150/01563 (  9.60%) | lr=3.906e-06 | elapsed=0:01:06 | eta=0:10:22
    losses | total=2.8053e+00 | fourier=2.8053e+00 | amplitude=2.4061e-02 | phase=2.0657e-02 | support=3.8032e+00
2026-08-18 11:42:26 | INFO    | TRAIN | epoch=064/100 | batch=00200/01563 ( 12.80%) | lr=3.906e-06 | elapsed=0:01:28 | eta=0:09:59
    losses | total=2.6953e+00 | fourier=2.6953e+00 | amplitude=1.4869e-02 | phase=1.4566e-02 | support=2.8748e+00
2026-08-18 11:42:48 | INFO    | TRAIN | epoch=064/100 | batch=00250/01563 ( 15.99%) | lr=3.906e-06 | elapsed=0:01:50 | eta=0:09:37
    losses | total=2.8696e+00 | fourier=2.8696e+00 | amplitude=2.0073e-02 | phase=1.8340e-02 | support=3.4345e+00
2026-08-18 11:43:18 | INFO    | TRAIN | epoch=064/100 | batch=00300/01563 ( 19.19%) | lr=3.906e-06 | elapsed=0:02:19 | eta=0:09:47
    losses | total=3.1751e+00 | fourier=3.1751e+00 | amplitude=1.7297e-02 | phase=1.7062e-02 | support=3.3817e+00
2026-08-18 11:44:04 | INFO    | TRAIN | epoch=064/100 | batch=00350/01563 ( 22.39%) | lr=3.906e-06 | elapsed=0:03:06 | eta=0:10:44
    losses | total=2.9788e+00 | fourier=2.9788e+00 | amplitude=1.9959e-02 | phase=2.2516e-02 | support=3.2840e+00
2026-08-18 11:44:50 | INFO    | TRAIN | epoch=064/100 | batch=00400/01563 ( 25.59%) | lr=3.906e-06 | elapsed=0:03:51 | eta=0:11:14
    losses | total=2.9433e+00 | fourier=2.9433e+00 | amplitude=2.0040e-02 | phase=1.4854e-02 | support=3.7845e+00
2026-08-18 11:45:37 | INFO    | TRAIN | epoch=064/100 | batch=00450/01563 ( 28.79%) | lr=3.906e-06 | elapsed=0:04:38 | eta=0:11:28
    losses | total=2.6858e+00 | fourier=2.6858e+00 | amplitude=1.9256e-02 | phase=1.6508e-02 | support=3.5635e+00
2026-08-18 11:46:22 | INFO    | TRAIN | epoch=064/100 | batch=00500/01563 ( 31.99%) | lr=3.906e-06 | elapsed=0:05:24 | eta=0:11:29
    losses | total=3.0844e+00 | fourier=3.0844e+00 | amplitude=2.5803e-02 | phase=2.0163e-02 | support=3.6736e+00
2026-08-18 11:47:09 | INFO    | TRAIN | epoch=064/100 | batch=00550/01563 ( 35.19%) | lr=3.906e-06 | elapsed=0:06:10 | eta=0:11:23
    losses | total=2.8453e+00 | fourier=2.8453e+00 | amplitude=1.7797e-02 | phase=1.6568e-02 | support=2.9585e+00
2026-08-18 11:47:55 | INFO    | TRAIN | epoch=064/100 | batch=00600/01563 ( 38.39%) | lr=3.906e-06 | elapsed=0:06:56 | eta=0:11:08
    losses | total=2.8163e+00 | fourier=2.8163e+00 | amplitude=1.8826e-02 | phase=1.3808e-02 | support=3.5718e+00
2026-08-18 11:48:41 | INFO    | TRAIN | epoch=064/100 | batch=00650/01563 ( 41.59%) | lr=3.906e-06 | elapsed=0:07:43 | eta=0:10:50
    losses | total=2.7966e+00 | fourier=2.7966e+00 | amplitude=2.6668e-02 | phase=1.9279e-02 | support=3.3614e+00
2026-08-18 11:49:28 | INFO    | TRAIN | epoch=064/100 | batch=00700/01563 ( 44.79%) | lr=3.906e-06 | elapsed=0:08:29 | eta=0:10:28
    losses | total=2.8197e+00 | fourier=2.8197e+00 | amplitude=2.0302e-02 | phase=1.9593e-02 | support=3.3002e+00
2026-08-18 11:50:14 | INFO    | TRAIN | epoch=064/100 | batch=00750/01563 ( 47.98%) | lr=3.906e-06 | elapsed=0:09:15 | eta=0:10:02
    losses | total=2.7270e+00 | fourier=2.7270e+00 | amplitude=1.9417e-02 | phase=1.7033e-02 | support=3.3585e+00
2026-08-18 11:51:00 | INFO    | TRAIN | epoch=064/100 | batch=00800/01563 ( 51.18%) | lr=3.906e-06 | elapsed=0:10:02 | eta=0:09:34
    losses | total=3.0367e+00 | fourier=3.0367e+00 | amplitude=2.0733e-02 | phase=1.8681e-02 | support=3.2503e+00
2026-08-18 11:51:46 | INFO    | TRAIN | epoch=064/100 | batch=00850/01563 ( 54.38%) | lr=3.906e-06 | elapsed=0:10:48 | eta=0:09:03
    losses | total=2.8453e+00 | fourier=2.8453e+00 | amplitude=1.7497e-02 | phase=1.7213e-02 | support=3.6717e+00
2026-08-18 11:52:33 | INFO    | TRAIN | epoch=064/100 | batch=00900/01563 ( 57.58%) | lr=3.906e-06 | elapsed=0:11:35 | eta=0:08:32
    losses | total=2.8470e+00 | fourier=2.8470e+00 | amplitude=1.7984e-02 | phase=1.5378e-02 | support=3.7818e+00
2026-08-18 11:53:19 | INFO    | TRAIN | epoch=064/100 | batch=00950/01563 ( 60.78%) | lr=3.906e-06 | elapsed=0:12:21 | eta=0:07:58
    losses | total=3.0790e+00 | fourier=3.0790e+00 | amplitude=2.2836e-02 | phase=2.8076e-02 | support=3.1837e+00
2026-08-18 11:54:06 | INFO    | TRAIN | epoch=064/100 | batch=01000/01563 ( 63.98%) | lr=3.906e-06 | elapsed=0:13:07 | eta=0:07:23
    losses | total=2.8520e+00 | fourier=2.8520e+00 | amplitude=1.8281e-02 | phase=1.6696e-02 | support=3.3406e+00
2026-08-18 11:54:52 | INFO    | TRAIN | epoch=064/100 | batch=01050/01563 ( 67.18%) | lr=3.906e-06 | elapsed=0:13:54 | eta=0:06:47
    losses | total=2.9630e+00 | fourier=2.9630e+00 | amplitude=2.1102e-02 | phase=2.0693e-02 | support=3.1063e+00
2026-08-18 11:55:39 | INFO    | TRAIN | epoch=064/100 | batch=01100/01563 ( 70.38%) | lr=3.906e-06 | elapsed=0:14:40 | eta=0:06:10
    losses | total=2.7718e+00 | fourier=2.7718e+00 | amplitude=1.7708e-02 | phase=1.6884e-02 | support=3.5448e+00
2026-08-18 11:56:25 | INFO    | TRAIN | epoch=064/100 | batch=01150/01563 ( 73.58%) | lr=3.906e-06 | elapsed=0:15:26 | eta=0:05:32
    losses | total=3.0608e+00 | fourier=3.0608e+00 | amplitude=2.2521e-02 | phase=1.6565e-02 | support=3.0519e+00
2026-08-18 11:57:11 | INFO    | TRAIN | epoch=064/100 | batch=01200/01563 ( 76.78%) | lr=3.906e-06 | elapsed=0:16:13 | eta=0:04:54
    losses | total=2.9576e+00 | fourier=2.9576e+00 | amplitude=1.8656e-02 | phase=1.9547e-02 | support=2.9803e+00
2026-08-18 11:57:58 | INFO    | TRAIN | epoch=064/100 | batch=01250/01563 ( 79.97%) | lr=3.906e-06 | elapsed=0:16:59 | eta=0:04:15
    losses | total=2.9688e+00 | fourier=2.9688e+00 | amplitude=1.8968e-02 | phase=2.1923e-02 | support=3.3792e+00
2026-08-18 11:58:44 | INFO    | TRAIN | epoch=064/100 | batch=01300/01563 ( 83.17%) | lr=3.906e-06 | elapsed=0:17:46 | eta=0:03:35
    losses | total=2.9806e+00 | fourier=2.9806e+00 | amplitude=1.9959e-02 | phase=1.9197e-02 | support=4.0290e+00
2026-08-18 11:59:30 | INFO    | TRAIN | epoch=064/100 | batch=01350/01563 ( 86.37%) | lr=3.906e-06 | elapsed=0:18:32 | eta=0:02:55
    losses | total=2.6686e+00 | fourier=2.6686e+00 | amplitude=1.6582e-02 | phase=1.2216e-02 | support=3.1101e+00
2026-08-18 12:00:17 | INFO    | TRAIN | epoch=064/100 | batch=01400/01563 ( 89.57%) | lr=3.906e-06 | elapsed=0:19:19 | eta=0:02:14
    losses | total=2.8750e+00 | fourier=2.8750e+00 | amplitude=1.6995e-02 | phase=1.6689e-02 | support=3.0508e+00
2026-08-18 12:01:03 | INFO    | TRAIN | epoch=064/100 | batch=01450/01563 ( 92.77%) | lr=3.906e-06 | elapsed=0:20:05 | eta=0:01:33
    losses | total=2.6692e+00 | fourier=2.6692e+00 | amplitude=2.1317e-02 | phase=1.3697e-02 | support=4.1167e+00
2026-08-18 12:01:50 | INFO    | TRAIN | epoch=064/100 | batch=01500/01563 ( 95.97%) | lr=3.906e-06 | elapsed=0:20:51 | eta=0:00:52
    losses | total=2.7640e+00 | fourier=2.7640e+00 | amplitude=1.6945e-02 | phase=1.2477e-02 | support=4.0176e+00
2026-08-18 12:02:36 | INFO    | TRAIN | epoch=064/100 | batch=01550/01563 ( 99.17%) | lr=3.906e-06 | elapsed=0:21:37 | eta=0:00:10
    losses | total=3.0817e+00 | fourier=3.0817e+00 | amplitude=2.1175e-02 | phase=2.6560e-02 | support=3.2971e+00
2026-08-18 12:02:48 | INFO    | TRAIN | epoch=064/100 | batch=01563/01563 (100.00%) | lr=3.906e-06 | elapsed=0:21:49 | eta=0:00:00
    losses | total=2.7163e+00 | fourier=2.7163e+00 | amplitude=1.8499e-02 | phase=1.0390e-02 | support=4.2285e+00
2026-08-18 12:02:48 | INFO    | TRAIN epoch 064 complete | batches=1563 | samples=25000 | time=0:21:49
2026-08-18 12:02:59 | INFO    | VAL | epoch=064/100 | batch=00050/00313 ( 15.97%) | elapsed=0:00:11 | eta=0:00:59
    losses | total=4.2482e+00 | fourier=4.2482e+00 | amplitude=1.9898e-02 | phase=2.0358e-02 | support=3.4516e+00
2026-08-18 12:03:10 | INFO    | VAL | epoch=064/100 | batch=00100/00313 ( 31.95%) | elapsed=0:00:22 | eta=0:00:47
    losses | total=3.3714e+00 | fourier=3.3714e+00 | amplitude=2.0763e-02 | phase=1.5549e-02 | support=3.6250e+00
2026-08-18 12:03:21 | INFO    | VAL | epoch=064/100 | batch=00150/00313 ( 47.92%) | elapsed=0:00:33 | eta=0:00:36
    losses | total=3.7500e+00 | fourier=3.7500e+00 | amplitude=1.8519e-02 | phase=1.6402e-02 | support=3.2915e+00
2026-08-18 12:03:32 | INFO    | VAL | epoch=064/100 | batch=00200/00313 ( 63.90%) | elapsed=0:00:44 | eta=0:00:25
    losses | total=3.8868e+00 | fourier=3.8868e+00 | amplitude=1.9345e-02 | phase=1.5490e-02 | support=3.5503e+00
2026-08-18 12:03:44 | INFO    | VAL | epoch=064/100 | batch=00250/00313 ( 79.87%) | elapsed=0:00:55 | eta=0:00:13
    losses | total=3.7351e+00 | fourier=3.7351e+00 | amplitude=2.0626e-02 | phase=2.1072e-02 | support=3.3438e+00
2026-08-18 12:03:54 | INFO    | VAL | epoch=064/100 | batch=00300/00313 ( 95.85%) | elapsed=0:01:05 | eta=0:00:02
    losses | total=3.5845e+00 | fourier=3.5845e+00 | amplitude=2.0875e-02 | phase=2.0341e-02 | support=3.3187e+00
2026-08-18 12:03:57 | INFO    | VAL | epoch=064/100 | batch=00313/00313 (100.00%) | elapsed=0:01:08 | eta=0:00:00
    losses | total=3.9397e+00 | fourier=3.9397e+00 | amplitude=1.7646e-02 | phase=1.6855e-02 | support=3.1133e+00
2026-08-18 12:03:57 | INFO    | VAL epoch 064 complete | batches=313 | samples=5000 | time=0:01:08
2026-08-18 12:03:57 | INFO    | Cross-skip strengths | 8/phase_to_amp=+6.0940e-03 | 8/amp_to_phase=-3.2684e-02 | 16/phase_to_amp=-1.7081e-02 | 16/amp_to_phase=+9.3508e-02
2026-08-18 12:03:57 | INFO    | 
------------------------------------------------------------------------------------------------
Epoch 064/100 summary
split             total      fourier    amplitude        phase      support        time
train        2.8803e+00   2.8803e+00   1.9469e-02   1.7387e-02   3.4587e+00     0:21:49
validation   3.6930e+00   3.6930e+00   1.9477e-02   1.7498e-02   3.4487e+00     0:01:08
lr=1.953e-06 | best_val=3.6920e+00 | best_updated=no | periodic_checkpoint=no
------------------------------------------------------------------------------------------------
2026-08-18 12:04:44 | INFO    | TRAIN | epoch=065/100 | batch=00050/01563 (  3.20%) | lr=1.953e-06 | elapsed=0:00:46 | eta=0:23:38
    losses | total=2.9074e+00 | fourier=2.9074e+00 | amplitude=2.5447e-02 | phase=2.1512e-02 | support=3.8036e+00
2026-08-18 12:05:30 | INFO    | TRAIN | epoch=065/100 | batch=00100/01563 (  6.40%) | lr=1.953e-06 | elapsed=0:01:33 | eta=0:22:41
    losses | total=2.8399e+00 | fourier=2.8399e+00 | amplitude=1.9642e-02 | phase=1.7974e-02 | support=3.6448e+00
2026-08-18 12:06:17 | INFO    | TRAIN | epoch=065/100 | batch=00150/01563 (  9.60%) | lr=1.953e-06 | elapsed=0:02:19 | eta=0:21:56
    losses | total=2.7354e+00 | fourier=2.7354e+00 | amplitude=1.8629e-02 | phase=1.5117e-02 | support=3.3533e+00
2026-08-18 12:07:03 | INFO    | TRAIN | epoch=065/100 | batch=00200/01563 ( 12.80%) | lr=1.953e-06 | elapsed=0:03:05 | eta=0:21:06
    losses | total=2.6793e+00 | fourier=2.6793e+00 | amplitude=1.7446e-02 | phase=1.6241e-02 | support=3.0841e+00
2026-08-18 12:07:49 | INFO    | TRAIN | epoch=065/100 | batch=00250/01563 ( 15.99%) | lr=1.953e-06 | elapsed=0:03:52 | eta=0:20:18
    losses | total=2.9742e+00 | fourier=2.9742e+00 | amplitude=1.5411e-02 | phase=1.9517e-02 | support=3.7250e+00
2026-08-18 12:08:35 | INFO    | TRAIN | epoch=065/100 | batch=00300/01563 ( 19.19%) | lr=1.953e-06 | elapsed=0:04:37 | eta=0:19:28
    losses | total=2.9460e+00 | fourier=2.9460e+00 | amplitude=1.9664e-02 | phase=1.9348e-02 | support=3.8380e+00
2026-08-18 12:09:20 | INFO    | TRAIN | epoch=065/100 | batch=00350/01563 ( 22.39%) | lr=1.953e-06 | elapsed=0:05:23 | eta=0:18:40
    losses | total=2.8595e+00 | fourier=2.8595e+00 | amplitude=1.9159e-02 | phase=1.7725e-02 | support=3.6596e+00
2026-08-18 12:10:06 | INFO    | TRAIN | epoch=065/100 | batch=00400/01563 ( 25.59%) | lr=1.953e-06 | elapsed=0:06:08 | eta=0:17:52
    losses | total=3.1252e+00 | fourier=3.1252e+00 | amplitude=1.7750e-02 | phase=2.4277e-02 | support=3.7045e+00
2026-08-18 12:10:52 | INFO    | TRAIN | epoch=065/100 | batch=00450/01563 ( 28.79%) | lr=1.953e-06 | elapsed=0:06:54 | eta=0:17:05
    losses | total=2.8578e+00 | fourier=2.8578e+00 | amplitude=1.7255e-02 | phase=1.1226e-02 | support=3.5013e+00
2026-08-18 12:11:37 | INFO    | TRAIN | epoch=065/100 | batch=00500/01563 ( 31.99%) | lr=1.953e-06 | elapsed=0:07:40 | eta=0:16:18
    losses | total=2.7866e+00 | fourier=2.7866e+00 | amplitude=1.9587e-02 | phase=1.6776e-02 | support=3.1951e+00
2026-08-18 12:12:23 | INFO    | TRAIN | epoch=065/100 | batch=00550/01563 ( 35.19%) | lr=1.953e-06 | elapsed=0:08:26 | eta=0:15:31
    losses | total=2.7905e+00 | fourier=2.7905e+00 | amplitude=1.9990e-02 | phase=1.8517e-02 | support=3.5181e+00
2026-08-18 12:13:09 | INFO    | TRAIN | epoch=065/100 | batch=00600/01563 ( 38.39%) | lr=1.953e-06 | elapsed=0:09:12 | eta=0:14:45
    losses | total=2.7854e+00 | fourier=2.7854e+00 | amplitude=1.8548e-02 | phase=1.6243e-02 | support=3.3604e+00
2026-08-18 12:13:55 | INFO    | TRAIN | epoch=065/100 | batch=00650/01563 ( 41.59%) | lr=1.953e-06 | elapsed=0:09:57 | eta=0:13:59
    losses | total=3.2747e+00 | fourier=3.2747e+00 | amplitude=2.0629e-02 | phase=2.3125e-02 | support=3.4379e+00
2026-08-18 12:14:41 | INFO    | TRAIN | epoch=065/100 | batch=00700/01563 ( 44.79%) | lr=1.953e-06 | elapsed=0:10:43 | eta=0:13:13
    losses | total=2.8487e+00 | fourier=2.8487e+00 | amplitude=1.8992e-02 | phase=1.9585e-02 | support=3.5567e+00
2026-08-18 12:15:26 | INFO    | TRAIN | epoch=065/100 | batch=00750/01563 ( 47.98%) | lr=1.953e-06 | elapsed=0:11:29 | eta=0:12:27
    losses | total=2.9899e+00 | fourier=2.9899e+00 | amplitude=2.1279e-02 | phase=1.7049e-02 | support=3.4333e+00
2026-08-18 12:16:12 | INFO    | TRAIN | epoch=065/100 | batch=00800/01563 ( 51.18%) | lr=1.953e-06 | elapsed=0:12:14 | eta=0:11:40
    losses | total=2.6990e+00 | fourier=2.6990e+00 | amplitude=1.8458e-02 | phase=1.3525e-02 | support=3.7546e+00
2026-08-18 12:16:58 | INFO    | TRAIN | epoch=065/100 | batch=00850/01563 ( 54.38%) | lr=1.953e-06 | elapsed=0:13:00 | eta=0:10:54
    losses | total=2.9667e+00 | fourier=2.9667e+00 | amplitude=1.9275e-02 | phase=1.9278e-02 | support=3.0321e+00
2026-08-18 12:17:44 | INFO    | TRAIN | epoch=065/100 | batch=00900/01563 ( 57.58%) | lr=1.953e-06 | elapsed=0:13:46 | eta=0:10:08
    losses | total=2.8561e+00 | fourier=2.8561e+00 | amplitude=1.9582e-02 | phase=1.8022e-02 | support=3.0676e+00
2026-08-18 12:18:29 | INFO    | TRAIN | epoch=065/100 | batch=00950/01563 ( 60.78%) | lr=1.953e-06 | elapsed=0:14:32 | eta=0:09:22
    losses | total=2.8178e+00 | fourier=2.8178e+00 | amplitude=2.0261e-02 | phase=1.8959e-02 | support=3.2455e+00
2026-08-18 12:19:15 | INFO    | TRAIN | epoch=065/100 | batch=01000/01563 ( 63.98%) | lr=1.953e-06 | elapsed=0:15:18 | eta=0:08:36
    losses | total=3.0227e+00 | fourier=3.0227e+00 | amplitude=2.2350e-02 | phase=2.1950e-02 | support=3.4536e+00
2026-08-18 12:20:01 | INFO    | TRAIN | epoch=065/100 | batch=01050/01563 ( 67.18%) | lr=1.953e-06 | elapsed=0:16:03 | eta=0:07:50
    losses | total=2.6466e+00 | fourier=2.6466e+00 | amplitude=1.5869e-02 | phase=1.1100e-02 | support=3.5269e+00
2026-08-18 12:20:47 | INFO    | TRAIN | epoch=065/100 | batch=01100/01563 ( 70.38%) | lr=1.953e-06 | elapsed=0:16:50 | eta=0:07:05
    losses | total=2.9080e+00 | fourier=2.9080e+00 | amplitude=1.8347e-02 | phase=1.6675e-02 | support=2.7706e+00
2026-08-18 12:21:34 | INFO    | TRAIN | epoch=065/100 | batch=01150/01563 ( 73.58%) | lr=1.953e-06 | elapsed=0:17:36 | eta=0:06:19
    losses | total=3.2163e+00 | fourier=3.2163e+00 | amplitude=1.7849e-02 | phase=1.7029e-02 | support=3.0619e+00
2026-08-18 12:22:20 | INFO    | TRAIN | epoch=065/100 | batch=01200/01563 ( 76.78%) | lr=1.953e-06 | elapsed=0:18:22 | eta=0:05:33
    losses | total=3.0609e+00 | fourier=3.0609e+00 | amplitude=1.8774e-02 | phase=1.9263e-02 | support=3.5402e+00
2026-08-18 12:23:06 | INFO    | TRAIN | epoch=065/100 | batch=01250/01563 ( 79.97%) | lr=1.953e-06 | elapsed=0:19:09 | eta=0:04:47
    losses | total=2.8783e+00 | fourier=2.8783e+00 | amplitude=1.6433e-02 | phase=1.6452e-02 | support=3.2895e+00
2026-08-18 12:23:53 | INFO    | TRAIN | epoch=065/100 | batch=01300/01563 ( 83.17%) | lr=1.953e-06 | elapsed=0:19:55 | eta=0:04:01
    losses | total=3.0262e+00 | fourier=3.0262e+00 | amplitude=1.8764e-02 | phase=1.6111e-02 | support=3.5057e+00
2026-08-18 12:24:39 | INFO    | TRAIN | epoch=065/100 | batch=01350/01563 ( 86.37%) | lr=1.953e-06 | elapsed=0:20:42 | eta=0:03:15
    losses | total=2.7894e+00 | fourier=2.7894e+00 | amplitude=1.8499e-02 | phase=1.2559e-02 | support=3.5778e+00
2026-08-18 12:25:25 | INFO    | TRAIN | epoch=065/100 | batch=01400/01563 ( 89.57%) | lr=1.953e-06 | elapsed=0:21:28 | eta=0:02:29
    losses | total=3.2088e+00 | fourier=3.2088e+00 | amplitude=2.4229e-02 | phase=2.4005e-02 | support=3.8204e+00
2026-08-18 12:26:12 | INFO    | TRAIN | epoch=065/100 | batch=01450/01563 ( 92.77%) | lr=1.953e-06 | elapsed=0:22:14 | eta=0:01:44
    losses | total=2.7618e+00 | fourier=2.7618e+00 | amplitude=1.5191e-02 | phase=1.5768e-02 | support=3.3667e+00
2026-08-18 12:26:58 | INFO    | TRAIN | epoch=065/100 | batch=01500/01563 ( 95.97%) | lr=1.953e-06 | elapsed=0:23:00 | eta=0:00:57
    losses | total=3.1133e+00 | fourier=3.1133e+00 | amplitude=1.9656e-02 | phase=2.0724e-02 | support=3.3793e+00
2026-08-18 12:27:45 | INFO    | TRAIN | epoch=065/100 | batch=01550/01563 ( 99.17%) | lr=1.953e-06 | elapsed=0:23:47 | eta=0:00:11
    losses | total=2.6864e+00 | fourier=2.6864e+00 | amplitude=1.9430e-02 | phase=1.6692e-02 | support=4.0807e+00
2026-08-18 12:27:56 | INFO    | TRAIN | epoch=065/100 | batch=01563/01563 (100.00%) | lr=1.953e-06 | elapsed=0:23:59 | eta=0:00:00
    losses | total=2.9099e+00 | fourier=2.9099e+00 | amplitude=1.5590e-02 | phase=1.8679e-02 | support=3.3863e+00
2026-08-18 12:27:57 | INFO    | TRAIN epoch 065 complete | batches=1563 | samples=25000 | time=0:23:59
2026-08-18 12:28:08 | INFO    | VAL | epoch=065/100 | batch=00050/00313 ( 15.97%) | elapsed=0:00:10 | eta=0:00:57
    losses | total=4.2528e+00 | fourier=4.2528e+00 | amplitude=1.9893e-02 | phase=2.0320e-02 | support=3.4540e+00
2026-08-18 12:28:18 | INFO    | VAL | epoch=065/100 | batch=00100/00313 ( 31.95%) | elapsed=0:00:21 | eta=0:00:46
    losses | total=3.3734e+00 | fourier=3.3734e+00 | amplitude=2.0758e-02 | phase=1.5529e-02 | support=3.6257e+00
2026-08-18 12:28:29 | INFO    | VAL | epoch=065/100 | batch=00150/00313 ( 47.92%) | elapsed=0:00:32 | eta=0:00:35
    losses | total=3.7499e+00 | fourier=3.7499e+00 | amplitude=1.8517e-02 | phase=1.6378e-02 | support=3.2922e+00
2026-08-18 12:28:41 | INFO    | VAL | epoch=065/100 | batch=00200/00313 ( 63.90%) | elapsed=0:00:43 | eta=0:00:24
    losses | total=3.8872e+00 | fourier=3.8872e+00 | amplitude=1.9343e-02 | phase=1.5476e-02 | support=3.5522e+00
2026-08-18 12:28:52 | INFO    | VAL | epoch=065/100 | batch=00250/00313 ( 79.87%) | elapsed=0:00:54 | eta=0:00:13
    losses | total=3.7345e+00 | fourier=3.7345e+00 | amplitude=2.0624e-02 | phase=2.1058e-02 | support=3.3445e+00
2026-08-18 12:29:03 | INFO    | VAL | epoch=065/100 | batch=00300/00313 ( 95.85%) | elapsed=0:01:05 | eta=0:00:02
    losses | total=3.5878e+00 | fourier=3.5878e+00 | amplitude=2.0876e-02 | phase=2.0317e-02 | support=3.3191e+00
2026-08-18 12:29:05 | INFO    | VAL | epoch=065/100 | batch=00313/00313 (100.00%) | elapsed=0:01:08 | eta=0:00:00
    losses | total=3.9392e+00 | fourier=3.9392e+00 | amplitude=1.7643e-02 | phase=1.6841e-02 | support=3.1152e+00
2026-08-18 12:29:06 | INFO    | VAL epoch 065 complete | batches=313 | samples=5000 | time=0:01:08
2026-08-18 12:29:06 | INFO    | Cross-skip strengths | 8/phase_to_amp=+6.0995e-03 | 8/amp_to_phase=-3.2667e-02 | 16/phase_to_amp=-1.7012e-02 | 16/amp_to_phase=+9.3509e-02
2026-08-18 12:29:06 | INFO    | 
------------------------------------------------------------------------------------------------
Epoch 065/100 summary
split             total      fourier    amplitude        phase      support        time
train        2.8799e+00   2.8799e+00   1.9469e-02   1.7392e-02   3.4569e+00     0:23:59
validation   3.6933e+00   3.6933e+00   1.9474e-02   1.7477e-02   3.4498e+00     0:01:08
lr=1.953e-06 | best_val=3.6920e+00 | best_updated=no | periodic_checkpoint=no
------------------------------------------------------------------------------------------------
2026-08-18 12:29:52 | INFO    | TRAIN | epoch=066/100 | batch=00050/01563 (  3.20%) | lr=1.953e-06 | elapsed=0:00:46 | eta=0:23:21
    losses | total=3.0313e+00 | fourier=3.0313e+00 | amplitude=1.9664e-02 | phase=2.1370e-02 | support=3.7569e+00
2026-08-18 12:30:39 | INFO    | TRAIN | epoch=066/100 | batch=00100/01563 (  6.40%) | lr=1.953e-06 | elapsed=0:01:33 | eta=0:22:40
    losses | total=2.7351e+00 | fourier=2.7351e+00 | amplitude=1.9309e-02 | phase=1.4180e-02 | support=3.5905e+00
2026-08-18 12:31:25 | INFO    | TRAIN | epoch=066/100 | batch=00150/01563 (  9.60%) | lr=1.953e-06 | elapsed=0:02:19 | eta=0:21:50
    losses | total=3.0558e+00 | fourier=3.0558e+00 | amplitude=1.8903e-02 | phase=2.3054e-02 | support=3.0494e+00
2026-08-18 12:32:12 | INFO    | TRAIN | epoch=066/100 | batch=00200/01563 ( 12.80%) | lr=1.953e-06 | elapsed=0:03:05 | eta=0:21:06
    losses | total=2.7263e+00 | fourier=2.7263e+00 | amplitude=2.0913e-02 | phase=1.8940e-02 | support=3.5082e+00
2026-08-18 12:32:58 | INFO    | TRAIN | epoch=066/100 | batch=00250/01563 ( 15.99%) | lr=1.953e-06 | elapsed=0:03:51 | eta=0:20:18
    losses | total=2.7972e+00 | fourier=2.7972e+00 | amplitude=2.1261e-02 | phase=1.6904e-02 | support=3.6454e+00
2026-08-18 12:33:44 | INFO    | TRAIN | epoch=066/100 | batch=00300/01563 ( 19.19%) | lr=1.953e-06 | elapsed=0:04:38 | eta=0:19:32
    losses | total=2.8539e+00 | fourier=2.8539e+00 | amplitude=1.8039e-02 | phase=2.0092e-02 | support=3.1627e+00
2026-08-18 12:34:31 | INFO    | TRAIN | epoch=066/100 | batch=00350/01563 ( 22.39%) | lr=1.953e-06 | elapsed=0:05:24 | eta=0:18:45
    losses | total=2.9433e+00 | fourier=2.9433e+00 | amplitude=1.9920e-02 | phase=1.7132e-02 | support=3.5253e+00
2026-08-18 12:35:17 | INFO    | TRAIN | epoch=066/100 | batch=00400/01563 ( 25.59%) | lr=1.953e-06 | elapsed=0:06:11 | eta=0:17:58
    losses | total=2.8835e+00 | fourier=2.8835e+00 | amplitude=1.9952e-02 | phase=2.0319e-02 | support=3.2870e+00
2026-08-18 12:36:04 | INFO    | TRAIN | epoch=066/100 | batch=00450/01563 ( 28.79%) | lr=1.953e-06 | elapsed=0:06:57 | eta=0:17:13
    losses | total=2.8030e+00 | fourier=2.8030e+00 | amplitude=1.8622e-02 | phase=1.4959e-02 | support=3.8415e+00
2026-08-18 12:36:49 | INFO    | TRAIN | epoch=066/100 | batch=00500/01563 ( 31.99%) | lr=1.953e-06 | elapsed=0:07:43 | eta=0:16:25
    losses | total=3.0939e+00 | fourier=3.0939e+00 | amplitude=1.8806e-02 | phase=1.6960e-02 | support=3.4492e+00
2026-08-18 12:37:36 | INFO    | TRAIN | epoch=066/100 | batch=00550/01563 ( 35.19%) | lr=1.953e-06 | elapsed=0:08:30 | eta=0:15:39
    losses | total=2.8039e+00 | fourier=2.8039e+00 | amplitude=2.0946e-02 | phase=1.5690e-02 | support=3.4412e+00
2026-08-18 12:38:22 | INFO    | TRAIN | epoch=066/100 | batch=00600/01563 ( 38.39%) | lr=1.953e-06 | elapsed=0:09:16 | eta=0:14:52
    losses | total=2.7318e+00 | fourier=2.7318e+00 | amplitude=2.1866e-02 | phase=1.4777e-02 | support=3.4970e+00
2026-08-18 12:39:09 | INFO    | TRAIN | epoch=066/100 | batch=00650/01563 ( 41.59%) | lr=1.953e-06 | elapsed=0:10:02 | eta=0:14:06
    losses | total=2.7813e+00 | fourier=2.7813e+00 | amplitude=1.8198e-02 | phase=1.2138e-02 | support=4.0323e+00
2026-08-18 12:39:55 | INFO    | TRAIN | epoch=066/100 | batch=00700/01563 ( 44.79%) | lr=1.953e-06 | elapsed=0:10:48 | eta=0:13:19
    losses | total=2.8533e+00 | fourier=2.8533e+00 | amplitude=1.9310e-02 | phase=2.0517e-02 | support=3.2260e+00
2026-08-18 12:40:41 | INFO    | TRAIN | epoch=066/100 | batch=00750/01563 ( 47.98%) | lr=1.953e-06 | elapsed=0:11:35 | eta=0:12:33
    losses | total=2.8971e+00 | fourier=2.8971e+00 | amplitude=1.8798e-02 | phase=1.6310e-02 | support=3.4593e+00
2026-08-18 12:41:27 | INFO    | TRAIN | epoch=066/100 | batch=00800/01563 ( 51.18%) | lr=1.953e-06 | elapsed=0:12:21 | eta=0:11:46
    losses | total=2.8605e+00 | fourier=2.8605e+00 | amplitude=1.6934e-02 | phase=1.7258e-02 | support=3.8490e+00
2026-08-18 12:42:14 | INFO    | TRAIN | epoch=066/100 | batch=00850/01563 ( 54.38%) | lr=1.953e-06 | elapsed=0:13:07 | eta=0:11:00
    losses | total=2.9765e+00 | fourier=2.9765e+00 | amplitude=2.0987e-02 | phase=1.6100e-02 | support=3.7208e+00
2026-08-18 12:43:00 | INFO    | TRAIN | epoch=066/100 | batch=00900/01563 ( 57.58%) | lr=1.953e-06 | elapsed=0:13:54 | eta=0:10:14
    losses | total=3.1455e+00 | fourier=3.1455e+00 | amplitude=2.1256e-02 | phase=2.1931e-02 | support=3.5296e+00
2026-08-18 12:43:46 | INFO    | TRAIN | epoch=066/100 | batch=00950/01563 ( 60.78%) | lr=1.953e-06 | elapsed=0:14:40 | eta=0:09:28
    losses | total=2.8575e+00 | fourier=2.8575e+00 | amplitude=1.9432e-02 | phase=1.4147e-02 | support=3.6068e+00
2026-08-18 12:44:33 | INFO    | TRAIN | epoch=066/100 | batch=01000/01563 ( 63.98%) | lr=1.953e-06 | elapsed=0:15:27 | eta=0:08:41
    losses | total=2.8663e+00 | fourier=2.8663e+00 | amplitude=1.9444e-02 | phase=1.9368e-02 | support=3.0968e+00
2026-08-18 12:45:19 | INFO    | TRAIN | epoch=066/100 | batch=01050/01563 ( 67.18%) | lr=1.953e-06 | elapsed=0:16:13 | eta=0:07:55
    losses | total=2.6652e+00 | fourier=2.6652e+00 | amplitude=1.8401e-02 | phase=1.4549e-02 | support=3.4657e+00
2026-08-18 12:46:05 | INFO    | TRAIN | epoch=066/100 | batch=01100/01563 ( 70.38%) | lr=1.953e-06 | elapsed=0:16:59 | eta=0:07:09
    losses | total=3.1735e+00 | fourier=3.1735e+00 | amplitude=2.1467e-02 | phase=1.7710e-02 | support=3.3814e+00
2026-08-18 12:46:52 | INFO    | TRAIN | epoch=066/100 | batch=01150/01563 ( 73.58%) | lr=1.953e-06 | elapsed=0:17:45 | eta=0:06:22
    losses | total=2.8615e+00 | fourier=2.8615e+00 | amplitude=1.7973e-02 | phase=1.8460e-02 | support=3.2648e+00
2026-08-18 12:47:38 | INFO    | TRAIN | epoch=066/100 | batch=01200/01563 ( 76.78%) | lr=1.953e-06 | elapsed=0:18:32 | eta=0:05:36
    losses | total=2.9628e+00 | fourier=2.9628e+00 | amplitude=2.2581e-02 | phase=2.1774e-02 | support=3.7112e+00
2026-08-18 12:48:25 | INFO    | TRAIN | epoch=066/100 | batch=01250/01563 ( 79.97%) | lr=1.953e-06 | elapsed=0:19:18 | eta=0:04:50
    losses | total=2.9309e+00 | fourier=2.9309e+00 | amplitude=2.1741e-02 | phase=2.2314e-02 | support=3.1888e+00
2026-08-18 12:49:11 | INFO    | TRAIN | epoch=066/100 | batch=01300/01563 ( 83.17%) | lr=1.953e-06 | elapsed=0:20:04 | eta=0:04:03
    losses | total=2.8540e+00 | fourier=2.8540e+00 | amplitude=1.7441e-02 | phase=1.5342e-02 | support=3.3251e+00
2026-08-18 12:49:57 | INFO    | TRAIN | epoch=066/100 | batch=01350/01563 ( 86.37%) | lr=1.953e-06 | elapsed=0:20:51 | eta=0:03:17
    losses | total=3.0889e+00 | fourier=3.0889e+00 | amplitude=2.0021e-02 | phase=1.7252e-02 | support=3.6340e+00
2026-08-18 12:50:43 | INFO    | TRAIN | epoch=066/100 | batch=01400/01563 ( 89.57%) | lr=1.953e-06 | elapsed=0:21:37 | eta=0:02:31
    losses | total=2.9956e+00 | fourier=2.9956e+00 | amplitude=2.0199e-02 | phase=1.6568e-02 | support=3.2861e+00
2026-08-18 12:51:30 | INFO    | TRAIN | epoch=066/100 | batch=01450/01563 ( 92.77%) | lr=1.953e-06 | elapsed=0:22:24 | eta=0:01:44
    losses | total=2.8383e+00 | fourier=2.8383e+00 | amplitude=2.0832e-02 | phase=1.8534e-02 | support=3.3349e+00
2026-08-18 12:52:16 | INFO    | TRAIN | epoch=066/100 | batch=01500/01563 ( 95.97%) | lr=1.953e-06 | elapsed=0:23:10 | eta=0:00:58
    losses | total=2.8753e+00 | fourier=2.8753e+00 | amplitude=1.7757e-02 | phase=1.9726e-02 | support=3.4678e+00
2026-08-18 12:53:02 | INFO    | TRAIN | epoch=066/100 | batch=01550/01563 ( 99.17%) | lr=1.953e-06 | elapsed=0:23:56 | eta=0:00:12
    losses | total=2.8370e+00 | fourier=2.8370e+00 | amplitude=1.5664e-02 | phase=1.6087e-02 | support=3.2045e+00
2026-08-18 12:53:14 | INFO    | TRAIN | epoch=066/100 | batch=01563/01563 (100.00%) | lr=1.953e-06 | elapsed=0:24:08 | eta=0:00:00
    losses | total=3.2710e+00 | fourier=3.2710e+00 | amplitude=1.9876e-02 | phase=2.2712e-02 | support=2.8404e+00
2026-08-18 12:53:15 | INFO    | TRAIN epoch 066 complete | batches=1563 | samples=25000 | time=0:24:08
2026-08-18 12:53:26 | INFO    | VAL | epoch=066/100 | batch=00050/00313 ( 15.97%) | elapsed=0:00:11 | eta=0:00:58
    losses | total=4.2506e+00 | fourier=4.2506e+00 | amplitude=1.9884e-02 | phase=2.0312e-02 | support=3.4542e+00
2026-08-18 12:53:37 | INFO    | VAL | epoch=066/100 | batch=00100/00313 ( 31.95%) | elapsed=0:00:22 | eta=0:00:47
    losses | total=3.3754e+00 | fourier=3.3754e+00 | amplitude=2.0747e-02 | phase=1.5518e-02 | support=3.6254e+00
2026-08-18 12:53:48 | INFO    | VAL | epoch=066/100 | batch=00150/00313 ( 47.92%) | elapsed=0:00:32 | eta=0:00:35
    losses | total=3.7512e+00 | fourier=3.7512e+00 | amplitude=1.8510e-02 | phase=1.6389e-02 | support=3.2931e+00
2026-08-18 12:53:53 | INFO    | VAL | epoch=066/100 | batch=00200/00313 ( 63.90%) | elapsed=0:00:38 | eta=0:00:21
    losses | total=3.8884e+00 | fourier=3.8884e+00 | amplitude=1.9333e-02 | phase=1.5471e-02 | support=3.5521e+00
2026-08-18 12:53:58 | INFO    | VAL | epoch=066/100 | batch=00250/00313 ( 79.87%) | elapsed=0:00:43 | eta=0:00:10
    losses | total=3.7346e+00 | fourier=3.7346e+00 | amplitude=2.0612e-02 | phase=2.1048e-02 | support=3.3457e+00
2026-08-18 12:54:03 | INFO    | VAL | epoch=066/100 | batch=00300/00313 ( 95.85%) | elapsed=0:00:48 | eta=0:00:02
    losses | total=3.5909e+00 | fourier=3.5909e+00 | amplitude=2.0860e-02 | phase=2.0294e-02 | support=3.3190e+00
2026-08-18 12:54:05 | INFO    | VAL | epoch=066/100 | batch=00313/00313 (100.00%) | elapsed=0:00:49 | eta=0:00:00
    losses | total=3.9416e+00 | fourier=3.9416e+00 | amplitude=1.7637e-02 | phase=1.6829e-02 | support=3.1163e+00
2026-08-18 12:54:05 | INFO    | VAL epoch 066 complete | batches=313 | samples=5000 | time=0:00:50
2026-08-18 12:54:05 | INFO    | Cross-skip strengths | 8/phase_to_amp=+6.1719e-03 | 8/amp_to_phase=-3.2646e-02 | 16/phase_to_amp=-1.7082e-02 | 16/amp_to_phase=+9.3512e-02
2026-08-18 12:54:06 | INFO    | 
------------------------------------------------------------------------------------------------
Epoch 066/100 summary
split             total      fourier    amplitude        phase      support        time
train        2.8795e+00   2.8795e+00   1.9469e-02   1.7388e-02   3.4570e+00     0:24:08
validation   3.6940e+00   3.6940e+00   1.9465e-02   1.7472e-02   3.4505e+00     0:00:50
lr=1.953e-06 | best_val=3.6920e+00 | best_updated=no | periodic_checkpoint=no
------------------------------------------------------------------------------------------------
2026-08-18 12:54:28 | INFO    | TRAIN | epoch=067/100 | batch=00050/01563 (  3.20%) | lr=1.953e-06 | elapsed=0:00:22 | eta=0:11:10
    losses | total=2.8045e+00 | fourier=2.8045e+00 | amplitude=2.0751e-02 | phase=1.7400e-02 | support=3.3355e+00
2026-08-18 12:54:50 | INFO    | TRAIN | epoch=067/100 | batch=00100/01563 (  6.40%) | lr=1.953e-06 | elapsed=0:00:44 | eta=0:10:45
    losses | total=2.7098e+00 | fourier=2.7098e+00 | amplitude=2.0989e-02 | phase=2.0460e-02 | support=3.2887e+00
2026-08-18 12:55:12 | INFO    | TRAIN | epoch=067/100 | batch=00150/01563 (  9.60%) | lr=1.953e-06 | elapsed=0:01:06 | eta=0:10:22
    losses | total=2.8110e+00 | fourier=2.8110e+00 | amplitude=2.1517e-02 | phase=1.3342e-02 | support=3.6040e+00
2026-08-18 12:55:34 | INFO    | TRAIN | epoch=067/100 | batch=00200/01563 ( 12.80%) | lr=1.953e-06 | elapsed=0:01:28 | eta=0:10:00
    losses | total=2.8460e+00 | fourier=2.8460e+00 | amplitude=1.6403e-02 | phase=1.4483e-02 | support=3.2473e+00
2026-08-18 12:55:56 | INFO    | TRAIN | epoch=067/100 | batch=00250/01563 ( 15.99%) | lr=1.953e-06 | elapsed=0:01:50 | eta=0:09:38
    losses | total=2.7608e+00 | fourier=2.7608e+00 | amplitude=1.9350e-02 | phase=1.9678e-02 | support=2.9638e+00
2026-08-18 12:56:18 | INFO    | TRAIN | epoch=067/100 | batch=00300/01563 ( 19.19%) | lr=1.953e-06 | elapsed=0:02:12 | eta=0:09:15
    losses | total=2.6633e+00 | fourier=2.6633e+00 | amplitude=1.8511e-02 | phase=1.3977e-02 | support=3.6053e+00
2026-08-18 12:56:40 | INFO    | TRAIN | epoch=067/100 | batch=00350/01563 ( 22.39%) | lr=1.953e-06 | elapsed=0:02:34 | eta=0:08:53
    losses | total=3.0378e+00 | fourier=3.0378e+00 | amplitude=2.1218e-02 | phase=2.1508e-02 | support=3.5477e+00
2026-08-18 12:57:02 | INFO    | TRAIN | epoch=067/100 | batch=00400/01563 ( 25.59%) | lr=1.953e-06 | elapsed=0:02:55 | eta=0:08:31
    losses | total=2.6483e+00 | fourier=2.6483e+00 | amplitude=1.8664e-02 | phase=1.4438e-02 | support=3.5130e+00
2026-08-18 12:57:24 | INFO    | TRAIN | epoch=067/100 | batch=00450/01563 ( 28.79%) | lr=1.953e-06 | elapsed=0:03:17 | eta=0:08:09
    losses | total=2.8556e+00 | fourier=2.8556e+00 | amplitude=1.7302e-02 | phase=1.7694e-02 | support=3.2168e+00
2026-08-18 12:57:45 | INFO    | TRAIN | epoch=067/100 | batch=00500/01563 ( 31.99%) | lr=1.953e-06 | elapsed=0:03:39 | eta=0:07:47
    losses | total=2.7890e+00 | fourier=2.7890e+00 | amplitude=1.8984e-02 | phase=1.8259e-02 | support=3.4062e+00
2026-08-18 12:58:07 | INFO    | TRAIN | epoch=067/100 | batch=00550/01563 ( 35.19%) | lr=1.953e-06 | elapsed=0:04:01 | eta=0:07:25
    losses | total=3.0072e+00 | fourier=3.0072e+00 | amplitude=1.9949e-02 | phase=1.9074e-02 | support=3.6760e+00
2026-08-18 12:58:29 | INFO    | TRAIN | epoch=067/100 | batch=00600/01563 ( 38.39%) | lr=1.953e-06 | elapsed=0:04:23 | eta=0:07:03
    losses | total=2.8646e+00 | fourier=2.8646e+00 | amplitude=1.9937e-02 | phase=1.8642e-02 | support=3.3904e+00
2026-08-18 12:58:51 | INFO    | TRAIN | epoch=067/100 | batch=00650/01563 ( 41.59%) | lr=1.953e-06 | elapsed=0:04:45 | eta=0:06:41
    losses | total=2.6740e+00 | fourier=2.6740e+00 | amplitude=1.6999e-02 | phase=1.3249e-02 | support=3.0641e+00
2026-08-18 12:59:13 | INFO    | TRAIN | epoch=067/100 | batch=00700/01563 ( 44.79%) | lr=1.953e-06 | elapsed=0:05:07 | eta=0:06:19
    losses | total=2.7839e+00 | fourier=2.7839e+00 | amplitude=2.0143e-02 | phase=1.2759e-02 | support=4.0146e+00
2026-08-18 12:59:35 | INFO    | TRAIN | epoch=067/100 | batch=00750/01563 ( 47.98%) | lr=1.953e-06 | elapsed=0:05:29 | eta=0:05:57
    losses | total=2.9491e+00 | fourier=2.9491e+00 | amplitude=1.9685e-02 | phase=1.2750e-02 | support=3.3963e+00
2026-08-18 12:59:57 | INFO    | TRAIN | epoch=067/100 | batch=00800/01563 ( 51.18%) | lr=1.953e-06 | elapsed=0:05:51 | eta=0:05:35
    losses | total=2.7676e+00 | fourier=2.7676e+00 | amplitude=1.5998e-02 | phase=1.5756e-02 | support=3.2738e+00
2026-08-18 13:00:19 | INFO    | TRAIN | epoch=067/100 | batch=00850/01563 ( 54.38%) | lr=1.953e-06 | elapsed=0:06:13 | eta=0:05:13
    losses | total=3.0291e+00 | fourier=3.0291e+00 | amplitude=1.7995e-02 | phase=1.3736e-02 | support=3.6929e+00
2026-08-18 13:00:41 | INFO    | TRAIN | epoch=067/100 | batch=00900/01563 ( 57.58%) | lr=1.953e-06 | elapsed=0:06:35 | eta=0:04:51
    losses | total=2.8179e+00 | fourier=2.8179e+00 | amplitude=1.7959e-02 | phase=1.8760e-02 | support=3.0403e+00
2026-08-18 13:01:03 | INFO    | TRAIN | epoch=067/100 | batch=00950/01563 ( 60.78%) | lr=1.953e-06 | elapsed=0:06:57 | eta=0:04:29
    losses | total=2.8071e+00 | fourier=2.8071e+00 | amplitude=1.9852e-02 | phase=1.7978e-02 | support=3.4463e+00
2026-08-18 13:01:25 | INFO    | TRAIN | epoch=067/100 | batch=01000/01563 ( 63.98%) | lr=1.953e-06 | elapsed=0:07:19 | eta=0:04:07
    losses | total=3.1494e+00 | fourier=3.1494e+00 | amplitude=1.7235e-02 | phase=2.1395e-02 | support=3.2578e+00
2026-08-18 13:01:47 | INFO    | TRAIN | epoch=067/100 | batch=01050/01563 ( 67.18%) | lr=1.953e-06 | elapsed=0:07:41 | eta=0:03:45
    losses | total=2.8885e+00 | fourier=2.8885e+00 | amplitude=1.7346e-02 | phase=1.4628e-02 | support=3.8166e+00
2026-08-18 13:02:09 | INFO    | TRAIN | epoch=067/100 | batch=01100/01563 ( 70.38%) | lr=1.953e-06 | elapsed=0:08:03 | eta=0:03:23
    losses | total=3.0031e+00 | fourier=3.0031e+00 | amplitude=1.9303e-02 | phase=1.8518e-02 | support=3.2746e+00
2026-08-18 13:02:31 | INFO    | TRAIN | epoch=067/100 | batch=01150/01563 ( 73.58%) | lr=1.953e-06 | elapsed=0:08:25 | eta=0:03:01
    losses | total=2.8811e+00 | fourier=2.8811e+00 | amplitude=2.0656e-02 | phase=2.2802e-02 | support=3.2936e+00
2026-08-18 13:02:53 | INFO    | TRAIN | epoch=067/100 | batch=01200/01563 ( 76.78%) | lr=1.953e-06 | elapsed=0:08:47 | eta=0:02:39
    losses | total=2.9704e+00 | fourier=2.9704e+00 | amplitude=2.0462e-02 | phase=1.4668e-02 | support=3.5641e+00
2026-08-18 13:03:15 | INFO    | TRAIN | epoch=067/100 | batch=01250/01563 ( 79.97%) | lr=1.953e-06 | elapsed=0:09:09 | eta=0:02:17
    losses | total=3.0384e+00 | fourier=3.0384e+00 | amplitude=1.8168e-02 | phase=2.0590e-02 | support=3.5975e+00
2026-08-18 13:03:37 | INFO    | TRAIN | epoch=067/100 | batch=01300/01563 ( 83.17%) | lr=1.953e-06 | elapsed=0:09:31 | eta=0:01:55
    losses | total=2.8473e+00 | fourier=2.8473e+00 | amplitude=2.1495e-02 | phase=1.7184e-02 | support=3.5538e+00
2026-08-18 13:03:59 | INFO    | TRAIN | epoch=067/100 | batch=01350/01563 ( 86.37%) | lr=1.953e-06 | elapsed=0:09:53 | eta=0:01:33
    losses | total=2.5947e+00 | fourier=2.5947e+00 | amplitude=1.9749e-02 | phase=1.1559e-02 | support=3.3835e+00
2026-08-18 13:04:21 | INFO    | TRAIN | epoch=067/100 | batch=01400/01563 ( 89.57%) | lr=1.953e-06 | elapsed=0:10:15 | eta=0:01:11
    losses | total=2.7582e+00 | fourier=2.7582e+00 | amplitude=1.7675e-02 | phase=1.6944e-02 | support=3.3091e+00
2026-08-18 13:04:43 | INFO    | TRAIN | epoch=067/100 | batch=01450/01563 ( 92.77%) | lr=1.953e-06 | elapsed=0:10:37 | eta=0:00:49
    losses | total=3.0678e+00 | fourier=3.0678e+00 | amplitude=2.0502e-02 | phase=1.8944e-02 | support=3.4477e+00
2026-08-18 13:05:05 | INFO    | TRAIN | epoch=067/100 | batch=01500/01563 ( 95.97%) | lr=1.953e-06 | elapsed=0:10:59 | eta=0:00:27
    losses | total=2.6907e+00 | fourier=2.6907e+00 | amplitude=1.5675e-02 | phase=1.2858e-02 | support=3.4381e+00
2026-08-18 13:05:27 | INFO    | TRAIN | epoch=067/100 | batch=01550/01563 ( 99.17%) | lr=1.953e-06 | elapsed=0:11:21 | eta=0:00:05
    losses | total=2.6005e+00 | fourier=2.6005e+00 | amplitude=1.9081e-02 | phase=1.3521e-02 | support=3.3405e+00
2026-08-18 13:05:33 | INFO    | TRAIN | epoch=067/100 | batch=01563/01563 (100.00%) | lr=1.953e-06 | elapsed=0:11:26 | eta=0:00:00
    losses | total=2.9955e+00 | fourier=2.9955e+00 | amplitude=2.3173e-02 | phase=1.5604e-02 | support=3.7687e+00
2026-08-18 13:05:33 | INFO    | TRAIN epoch 067 complete | batches=1563 | samples=25000 | time=0:11:27
2026-08-18 13:05:38 | INFO    | VAL | epoch=067/100 | batch=00050/00313 ( 15.97%) | elapsed=0:00:05 | eta=0:00:28
    losses | total=4.2482e+00 | fourier=4.2482e+00 | amplitude=1.9878e-02 | phase=2.0316e-02 | support=3.4520e+00
2026-08-18 13:05:43 | INFO    | VAL | epoch=067/100 | batch=00100/00313 ( 31.95%) | elapsed=0:00:10 | eta=0:00:22
    losses | total=3.3744e+00 | fourier=3.3744e+00 | amplitude=2.0750e-02 | phase=1.5529e-02 | support=3.6249e+00
2026-08-18 13:05:49 | INFO    | VAL | epoch=067/100 | batch=00150/00313 ( 47.92%) | elapsed=0:00:15 | eta=0:00:17
    losses | total=3.7506e+00 | fourier=3.7506e+00 | amplitude=1.8515e-02 | phase=1.6387e-02 | support=3.2923e+00
2026-08-18 13:05:54 | INFO    | VAL | epoch=067/100 | batch=00200/00313 ( 63.90%) | elapsed=0:00:21 | eta=0:00:11
    losses | total=3.8875e+00 | fourier=3.8875e+00 | amplitude=1.9327e-02 | phase=1.5459e-02 | support=3.5515e+00
2026-08-18 13:05:59 | INFO    | VAL | epoch=067/100 | batch=00250/00313 ( 79.87%) | elapsed=0:00:26 | eta=0:00:06
    losses | total=3.7362e+00 | fourier=3.7362e+00 | amplitude=2.0614e-02 | phase=2.1059e-02 | support=3.3444e+00
2026-08-18 13:06:04 | INFO    | VAL | epoch=067/100 | batch=00300/00313 ( 95.85%) | elapsed=0:00:31 | eta=0:00:01
    losses | total=3.5851e+00 | fourier=3.5851e+00 | amplitude=2.0859e-02 | phase=2.0304e-02 | support=3.3195e+00
2026-08-18 13:06:06 | INFO    | VAL | epoch=067/100 | batch=00313/00313 (100.00%) | elapsed=0:00:32 | eta=0:00:00
    losses | total=3.9398e+00 | fourier=3.9398e+00 | amplitude=1.7635e-02 | phase=1.6839e-02 | support=3.1141e+00
2026-08-18 13:06:06 | INFO    | VAL epoch 067 complete | batches=313 | samples=5000 | time=0:00:32
2026-08-18 13:06:06 | INFO    | Cross-skip strengths | 8/phase_to_amp=+6.1436e-03 | 8/amp_to_phase=-3.2664e-02 | 16/phase_to_amp=-1.7089e-02 | 16/amp_to_phase=+9.3550e-02
2026-08-18 13:06:06 | INFO    | 
------------------------------------------------------------------------------------------------
Epoch 067/100 summary
split             total      fourier    amplitude        phase      support        time
train        2.8796e+00   2.8796e+00   1.9469e-02   1.7383e-02   3.4586e+00     0:11:27
validation   3.6933e+00   3.6933e+00   1.9466e-02   1.7479e-02   3.4488e+00     0:00:32
lr=1.953e-06 | best_val=3.6920e+00 | best_updated=no | periodic_checkpoint=no
------------------------------------------------------------------------------------------------
2026-08-18 13:06:28 | INFO    | TRAIN | epoch=068/100 | batch=00050/01563 (  3.20%) | lr=1.953e-06 | elapsed=0:00:22 | eta=0:11:09
    losses | total=2.6857e+00 | fourier=2.6857e+00 | amplitude=1.8465e-02 | phase=1.5531e-02 | support=3.5248e+00
2026-08-18 13:06:50 | INFO    | TRAIN | epoch=068/100 | batch=00100/01563 (  6.40%) | lr=1.953e-06 | elapsed=0:00:44 | eta=0:10:45
    losses | total=2.8289e+00 | fourier=2.8289e+00 | amplitude=2.1465e-02 | phase=1.7368e-02 | support=3.7341e+00
2026-08-18 13:07:12 | INFO    | TRAIN | epoch=068/100 | batch=00150/01563 (  9.60%) | lr=1.953e-06 | elapsed=0:01:06 | eta=0:10:22
    losses | total=2.8553e+00 | fourier=2.8553e+00 | amplitude=2.0499e-02 | phase=2.2159e-02 | support=3.1674e+00
2026-08-18 13:07:34 | INFO    | TRAIN | epoch=068/100 | batch=00200/01563 ( 12.80%) | lr=1.953e-06 | elapsed=0:01:28 | eta=0:10:00
    losses | total=2.8971e+00 | fourier=2.8971e+00 | amplitude=2.2525e-02 | phase=1.4437e-02 | support=3.4793e+00
2026-08-18 13:07:56 | INFO    | TRAIN | epoch=068/100 | batch=00250/01563 ( 15.99%) | lr=1.953e-06 | elapsed=0:01:50 | eta=0:09:37
    losses | total=2.8405e+00 | fourier=2.8405e+00 | amplitude=2.0844e-02 | phase=2.1070e-02 | support=3.6335e+00
2026-08-18 13:08:18 | INFO    | TRAIN | epoch=068/100 | batch=00300/01563 ( 19.19%) | lr=1.953e-06 | elapsed=0:02:11 | eta=0:09:15
    losses | total=2.9856e+00 | fourier=2.9856e+00 | amplitude=1.7780e-02 | phase=1.6503e-02 | support=3.7495e+00
2026-08-18 13:08:40 | INFO    | TRAIN | epoch=068/100 | batch=00350/01563 ( 22.39%) | lr=1.953e-06 | elapsed=0:02:33 | eta=0:08:53
    losses | total=3.1081e+00 | fourier=3.1081e+00 | amplitude=1.7683e-02 | phase=2.1999e-02 | support=3.2026e+00
2026-08-18 13:09:02 | INFO    | TRAIN | epoch=068/100 | batch=00400/01563 ( 25.59%) | lr=1.953e-06 | elapsed=0:02:55 | eta=0:08:31
    losses | total=2.9663e+00 | fourier=2.9663e+00 | amplitude=2.1131e-02 | phase=1.7730e-02 | support=3.4768e+00
2026-08-18 13:09:24 | INFO    | TRAIN | epoch=068/100 | batch=00450/01563 ( 28.79%) | lr=1.953e-06 | elapsed=0:03:17 | eta=0:08:09
    losses | total=2.9044e+00 | fourier=2.9044e+00 | amplitude=1.6147e-02 | phase=1.4531e-02 | support=3.3910e+00
2026-08-18 13:09:46 | INFO    | TRAIN | epoch=068/100 | batch=00500/01563 ( 31.99%) | lr=1.953e-06 | elapsed=0:03:39 | eta=0:07:47
    losses | total=2.7372e+00 | fourier=2.7372e+00 | amplitude=2.1297e-02 | phase=1.6041e-02 | support=3.1678e+00
2026-08-18 13:10:08 | INFO    | TRAIN | epoch=068/100 | batch=00550/01563 ( 35.19%) | lr=1.953e-06 | elapsed=0:04:01 | eta=0:07:25
    losses | total=2.6956e+00 | fourier=2.6956e+00 | amplitude=1.8879e-02 | phase=1.3205e-02 | support=3.5597e+00
2026-08-18 13:10:30 | INFO    | TRAIN | epoch=068/100 | batch=00600/01563 ( 38.39%) | lr=1.953e-06 | elapsed=0:04:23 | eta=0:07:03
    losses | total=2.8356e+00 | fourier=2.8356e+00 | amplitude=2.1260e-02 | phase=1.8879e-02 | support=3.6045e+00
2026-08-18 13:10:52 | INFO    | TRAIN | epoch=068/100 | batch=00650/01563 ( 41.59%) | lr=1.953e-06 | elapsed=0:04:45 | eta=0:06:41
    losses | total=2.9063e+00 | fourier=2.9063e+00 | amplitude=2.0325e-02 | phase=1.7736e-02 | support=3.6324e+00
2026-08-18 13:11:14 | INFO    | TRAIN | epoch=068/100 | batch=00700/01563 ( 44.79%) | lr=1.953e-06 | elapsed=0:05:07 | eta=0:06:19
    losses | total=2.7301e+00 | fourier=2.7301e+00 | amplitude=1.9665e-02 | phase=1.4624e-02 | support=3.5498e+00
2026-08-18 13:11:36 | INFO    | TRAIN | epoch=068/100 | batch=00750/01563 ( 47.98%) | lr=1.953e-06 | elapsed=0:05:29 | eta=0:05:57
    losses | total=2.9268e+00 | fourier=2.9268e+00 | amplitude=2.0132e-02 | phase=2.1483e-02 | support=3.4231e+00
2026-08-18 13:11:58 | INFO    | TRAIN | epoch=068/100 | batch=00800/01563 ( 51.18%) | lr=1.953e-06 | elapsed=0:05:51 | eta=0:05:35
    losses | total=2.9866e+00 | fourier=2.9866e+00 | amplitude=2.2333e-02 | phase=2.1320e-02 | support=3.6054e+00
2026-08-18 13:12:20 | INFO    | TRAIN | epoch=068/100 | batch=00850/01563 ( 54.38%) | lr=1.953e-06 | elapsed=0:06:13 | eta=0:05:13
    losses | total=2.7735e+00 | fourier=2.7735e+00 | amplitude=2.0174e-02 | phase=1.7246e-02 | support=3.5264e+00
2026-08-18 13:12:42 | INFO    | TRAIN | epoch=068/100 | batch=00900/01563 ( 57.58%) | lr=1.953e-06 | elapsed=0:06:35 | eta=0:04:51
    losses | total=2.7484e+00 | fourier=2.7484e+00 | amplitude=1.8433e-02 | phase=1.5650e-02 | support=3.4576e+00
2026-08-18 13:13:04 | INFO    | TRAIN | epoch=068/100 | batch=00950/01563 ( 60.78%) | lr=1.953e-06 | elapsed=0:06:57 | eta=0:04:29
    losses | total=2.8349e+00 | fourier=2.8349e+00 | amplitude=2.0796e-02 | phase=1.7824e-02 | support=3.4713e+00
2026-08-18 13:13:26 | INFO    | TRAIN | epoch=068/100 | batch=01000/01563 ( 63.98%) | lr=1.953e-06 | elapsed=0:07:19 | eta=0:04:07
    losses | total=2.6986e+00 | fourier=2.6986e+00 | amplitude=1.8885e-02 | phase=1.7583e-02 | support=3.5538e+00
2026-08-18 13:13:48 | INFO    | TRAIN | epoch=068/100 | batch=01050/01563 ( 67.18%) | lr=1.953e-06 | elapsed=0:07:41 | eta=0:03:45
    losses | total=3.0089e+00 | fourier=3.0089e+00 | amplitude=2.0537e-02 | phase=2.0544e-02 | support=2.9925e+00
2026-08-18 13:14:10 | INFO    | TRAIN | epoch=068/100 | batch=01100/01563 ( 70.38%) | lr=1.953e-06 | elapsed=0:08:03 | eta=0:03:23
    losses | total=2.7919e+00 | fourier=2.7919e+00 | amplitude=1.7718e-02 | phase=1.5667e-02 | support=3.0598e+00
2026-08-18 13:14:32 | INFO    | TRAIN | epoch=068/100 | batch=01150/01563 ( 73.58%) | lr=1.953e-06 | elapsed=0:08:25 | eta=0:03:01
    losses | total=2.8879e+00 | fourier=2.8879e+00 | amplitude=1.9552e-02 | phase=2.0373e-02 | support=3.6790e+00
2026-08-18 13:14:54 | INFO    | TRAIN | epoch=068/100 | batch=01200/01563 ( 76.78%) | lr=1.953e-06 | elapsed=0:08:47 | eta=0:02:39
    losses | total=2.6661e+00 | fourier=2.6661e+00 | amplitude=1.8992e-02 | phase=1.4837e-02 | support=3.3198e+00
2026-08-18 13:15:16 | INFO    | TRAIN | epoch=068/100 | batch=01250/01563 ( 79.97%) | lr=1.953e-06 | elapsed=0:09:09 | eta=0:02:17
    losses | total=2.9217e+00 | fourier=2.9217e+00 | amplitude=1.8236e-02 | phase=2.1010e-02 | support=3.2299e+00
2026-08-18 13:15:38 | INFO    | TRAIN | epoch=068/100 | batch=01300/01563 ( 83.17%) | lr=1.953e-06 | elapsed=0:09:31 | eta=0:01:55
    losses | total=2.7736e+00 | fourier=2.7736e+00 | amplitude=2.0341e-02 | phase=1.7817e-02 | support=3.5427e+00
2026-08-18 13:16:00 | INFO    | TRAIN | epoch=068/100 | batch=01350/01563 ( 86.37%) | lr=1.953e-06 | elapsed=0:09:53 | eta=0:01:33
    losses | total=2.7844e+00 | fourier=2.7844e+00 | amplitude=1.8268e-02 | phase=1.6303e-02 | support=3.6748e+00
2026-08-18 13:16:22 | INFO    | TRAIN | epoch=068/100 | batch=01400/01563 ( 89.57%) | lr=1.953e-06 | elapsed=0:10:15 | eta=0:01:11
    losses | total=2.9005e+00 | fourier=2.9005e+00 | amplitude=1.8840e-02 | phase=1.4039e-02 | support=3.6058e+00
2026-08-18 13:16:44 | INFO    | TRAIN | epoch=068/100 | batch=01450/01563 ( 92.77%) | lr=1.953e-06 | elapsed=0:10:37 | eta=0:00:49
    losses | total=2.8698e+00 | fourier=2.8698e+00 | amplitude=2.0236e-02 | phase=1.9027e-02 | support=3.2962e+00
2026-08-18 13:17:05 | INFO    | TRAIN | epoch=068/100 | batch=01500/01563 ( 95.97%) | lr=1.953e-06 | elapsed=0:10:59 | eta=0:00:27
    losses | total=3.0515e+00 | fourier=3.0515e+00 | amplitude=1.8713e-02 | phase=2.0663e-02 | support=3.0554e+00
2026-08-18 13:17:27 | INFO    | TRAIN | epoch=068/100 | batch=01550/01563 ( 99.17%) | lr=1.953e-06 | elapsed=0:11:21 | eta=0:00:05
    losses | total=3.0667e+00 | fourier=3.0667e+00 | amplitude=1.9241e-02 | phase=2.0494e-02 | support=3.6392e+00
2026-08-18 13:17:33 | INFO    | TRAIN | epoch=068/100 | batch=01563/01563 (100.00%) | lr=1.953e-06 | elapsed=0:11:26 | eta=0:00:00
    losses | total=3.1503e+00 | fourier=3.1503e+00 | amplitude=1.6447e-02 | phase=2.0327e-02 | support=3.0312e+00
2026-08-18 13:17:33 | INFO    | TRAIN epoch 068 complete | batches=1563 | samples=25000 | time=0:11:27
2026-08-18 13:17:39 | INFO    | VAL | epoch=068/100 | batch=00050/00313 ( 15.97%) | elapsed=0:00:05 | eta=0:00:28
    losses | total=4.2541e+00 | fourier=4.2541e+00 | amplitude=1.9899e-02 | phase=2.0323e-02 | support=3.4536e+00
2026-08-18 13:17:44 | INFO    | VAL | epoch=068/100 | batch=00100/00313 ( 31.95%) | elapsed=0:00:10 | eta=0:00:22
    losses | total=3.3754e+00 | fourier=3.3754e+00 | amplitude=2.0760e-02 | phase=1.5520e-02 | support=3.6243e+00
2026-08-18 13:17:49 | INFO    | VAL | epoch=068/100 | batch=00150/00313 ( 47.92%) | elapsed=0:00:15 | eta=0:00:17
    losses | total=3.7517e+00 | fourier=3.7517e+00 | amplitude=1.8519e-02 | phase=1.6414e-02 | support=3.2922e+00
2026-08-18 13:17:54 | INFO    | VAL | epoch=068/100 | batch=00200/00313 ( 63.90%) | elapsed=0:00:21 | eta=0:00:11
    losses | total=3.8838e+00 | fourier=3.8838e+00 | amplitude=1.9343e-02 | phase=1.5476e-02 | support=3.5514e+00
2026-08-18 13:18:00 | INFO    | VAL | epoch=068/100 | batch=00250/00313 ( 79.87%) | elapsed=0:00:26 | eta=0:00:06
    losses | total=3.7359e+00 | fourier=3.7359e+00 | amplitude=2.0626e-02 | phase=2.1063e-02 | support=3.3445e+00
2026-08-18 13:18:05 | INFO    | VAL | epoch=068/100 | batch=00300/00313 ( 95.85%) | elapsed=0:00:31 | eta=0:00:01
    losses | total=3.5887e+00 | fourier=3.5887e+00 | amplitude=2.0880e-02 | phase=2.0296e-02 | support=3.3189e+00
2026-08-18 13:18:06 | INFO    | VAL | epoch=068/100 | batch=00313/00313 (100.00%) | elapsed=0:00:32 | eta=0:00:00
    losses | total=3.9423e+00 | fourier=3.9423e+00 | amplitude=1.7642e-02 | phase=1.6810e-02 | support=3.1146e+00
2026-08-18 13:18:06 | INFO    | VAL epoch 068 complete | batches=313 | samples=5000 | time=0:00:32
2026-08-18 13:18:06 | INFO    | Cross-skip strengths | 8/phase_to_amp=+6.1989e-03 | 8/amp_to_phase=-3.2672e-02 | 16/phase_to_amp=-1.7097e-02 | 16/amp_to_phase=+9.3591e-02
2026-08-18 13:18:07 | INFO    | 
------------------------------------------------------------------------------------------------
Epoch 068/100 summary
split             total      fourier    amplitude        phase      support        time
train        2.8797e+00   2.8797e+00   1.9470e-02   1.7385e-02   3.4582e+00     0:11:27
validation   3.6934e+00   3.6934e+00   1.9478e-02   1.7474e-02   3.4492e+00     0:00:32
lr=1.953e-06 | best_val=3.6920e+00 | best_updated=no | periodic_checkpoint=no
------------------------------------------------------------------------------------------------
2026-08-18 13:18:29 | INFO    | TRAIN | epoch=069/100 | batch=00050/01563 (  3.20%) | lr=1.953e-06 | elapsed=0:00:22 | eta=0:11:09
    losses | total=3.1116e+00 | fourier=3.1116e+00 | amplitude=2.1459e-02 | phase=2.3183e-02 | support=3.3318e+00
2026-08-18 13:18:51 | INFO    | TRAIN | epoch=069/100 | batch=00100/01563 (  6.40%) | lr=1.953e-06 | elapsed=0:00:44 | eta=0:10:45
    losses | total=2.8347e+00 | fourier=2.8347e+00 | amplitude=2.3174e-02 | phase=1.7154e-02 | support=3.7391e+00
2026-08-18 13:19:13 | INFO    | TRAIN | epoch=069/100 | batch=00150/01563 (  9.60%) | lr=1.953e-06 | elapsed=0:01:06 | eta=0:10:22
    losses | total=2.9250e+00 | fourier=2.9250e+00 | amplitude=2.3165e-02 | phase=2.1896e-02 | support=3.3278e+00
2026-08-18 13:19:35 | INFO    | TRAIN | epoch=069/100 | batch=00200/01563 ( 12.80%) | lr=1.953e-06 | elapsed=0:01:27 | eta=0:09:59
    losses | total=2.7825e+00 | fourier=2.7825e+00 | amplitude=1.8612e-02 | phase=1.9154e-02 | support=3.3905e+00
2026-08-18 13:19:57 | INFO    | TRAIN | epoch=069/100 | batch=00250/01563 ( 15.99%) | lr=1.953e-06 | elapsed=0:01:49 | eta=0:09:37
    losses | total=2.9259e+00 | fourier=2.9259e+00 | amplitude=1.9214e-02 | phase=1.7523e-02 | support=3.3002e+00
2026-08-18 13:20:18 | INFO    | TRAIN | epoch=069/100 | batch=00300/01563 ( 19.19%) | lr=1.953e-06 | elapsed=0:02:11 | eta=0:09:15
    losses | total=3.0827e+00 | fourier=3.0827e+00 | amplitude=2.0098e-02 | phase=1.6638e-02 | support=3.4986e+00
2026-08-18 13:20:40 | INFO    | TRAIN | epoch=069/100 | batch=00350/01563 ( 22.39%) | lr=1.953e-06 | elapsed=0:02:33 | eta=0:08:53
    losses | total=2.8643e+00 | fourier=2.8643e+00 | amplitude=1.8501e-02 | phase=2.0194e-02 | support=3.0741e+00
2026-08-18 13:21:02 | INFO    | TRAIN | epoch=069/100 | batch=00400/01563 ( 25.59%) | lr=1.953e-06 | elapsed=0:02:55 | eta=0:08:30
    losses | total=2.8850e+00 | fourier=2.8850e+00 | amplitude=1.6525e-02 | phase=1.4231e-02 | support=3.1816e+00
2026-08-18 13:21:24 | INFO    | TRAIN | epoch=069/100 | batch=00450/01563 ( 28.79%) | lr=1.953e-06 | elapsed=0:03:17 | eta=0:08:08
    losses | total=2.9311e+00 | fourier=2.9311e+00 | amplitude=2.0669e-02 | phase=1.7379e-02 | support=3.9494e+00
2026-08-18 13:21:46 | INFO    | TRAIN | epoch=069/100 | batch=00500/01563 ( 31.99%) | lr=1.953e-06 | elapsed=0:03:39 | eta=0:07:46
    losses | total=3.1256e+00 | fourier=3.1256e+00 | amplitude=1.9223e-02 | phase=1.4919e-02 | support=2.9022e+00
2026-08-18 13:22:08 | INFO    | TRAIN | epoch=069/100 | batch=00550/01563 ( 35.19%) | lr=1.953e-06 | elapsed=0:04:01 | eta=0:07:25
    losses | total=2.6869e+00 | fourier=2.6869e+00 | amplitude=1.6401e-02 | phase=1.3348e-02 | support=3.3382e+00
2026-08-18 13:22:30 | INFO    | TRAIN | epoch=069/100 | batch=00600/01563 ( 38.39%) | lr=1.953e-06 | elapsed=0:04:23 | eta=0:07:03
    losses | total=3.0302e+00 | fourier=3.0302e+00 | amplitude=1.8158e-02 | phase=2.0897e-02 | support=3.0233e+00
2026-08-18 13:22:52 | INFO    | TRAIN | epoch=069/100 | batch=00650/01563 ( 41.59%) | lr=1.953e-06 | elapsed=0:04:45 | eta=0:06:41
    losses | total=3.0096e+00 | fourier=3.0096e+00 | amplitude=2.0063e-02 | phase=2.0013e-02 | support=3.4664e+00
2026-08-18 13:23:14 | INFO    | TRAIN | epoch=069/100 | batch=00700/01563 ( 44.79%) | lr=1.953e-06 | elapsed=0:05:07 | eta=0:06:19
    losses | total=2.7486e+00 | fourier=2.7486e+00 | amplitude=1.9425e-02 | phase=1.8717e-02 | support=3.6195e+00
2026-08-18 13:23:36 | INFO    | TRAIN | epoch=069/100 | batch=00750/01563 ( 47.98%) | lr=1.953e-06 | elapsed=0:05:29 | eta=0:05:57
    losses | total=2.7478e+00 | fourier=2.7478e+00 | amplitude=2.2952e-02 | phase=1.6937e-02 | support=3.8518e+00
2026-08-18 13:23:58 | INFO    | TRAIN | epoch=069/100 | batch=00800/01563 ( 51.18%) | lr=1.953e-06 | elapsed=0:05:51 | eta=0:05:35
    losses | total=2.7216e+00 | fourier=2.7216e+00 | amplitude=1.8081e-02 | phase=1.7738e-02 | support=3.2773e+00
2026-08-18 13:24:20 | INFO    | TRAIN | epoch=069/100 | batch=00850/01563 ( 54.38%) | lr=1.953e-06 | elapsed=0:06:13 | eta=0:05:13
    losses | total=3.0233e+00 | fourier=3.0233e+00 | amplitude=2.0241e-02 | phase=2.3770e-02 | support=3.1838e+00
2026-08-18 13:24:42 | INFO    | TRAIN | epoch=069/100 | batch=00900/01563 ( 57.58%) | lr=1.953e-06 | elapsed=0:06:35 | eta=0:04:51
    losses | total=2.7853e+00 | fourier=2.7853e+00 | amplitude=1.8973e-02 | phase=1.6452e-02 | support=3.3763e+00
2026-08-18 13:25:04 | INFO    | TRAIN | epoch=069/100 | batch=00950/01563 ( 60.78%) | lr=1.953e-06 | elapsed=0:06:57 | eta=0:04:29
    losses | total=3.2974e+00 | fourier=3.2974e+00 | amplitude=2.0559e-02 | phase=1.6425e-02 | support=3.6363e+00
2026-08-18 13:25:26 | INFO    | TRAIN | epoch=069/100 | batch=01000/01563 ( 63.98%) | lr=1.953e-06 | elapsed=0:07:19 | eta=0:04:07
    losses | total=2.7219e+00 | fourier=2.7219e+00 | amplitude=1.7294e-02 | phase=1.5908e-02 | support=3.3668e+00
2026-08-18 13:25:48 | INFO    | TRAIN | epoch=069/100 | batch=01050/01563 ( 67.18%) | lr=1.953e-06 | elapsed=0:07:41 | eta=0:03:45
    losses | total=2.8771e+00 | fourier=2.8771e+00 | amplitude=2.0401e-02 | phase=1.6523e-02 | support=3.5078e+00
2026-08-18 13:26:10 | INFO    | TRAIN | epoch=069/100 | batch=01100/01563 ( 70.38%) | lr=1.953e-06 | elapsed=0:08:03 | eta=0:03:23
    losses | total=2.9760e+00 | fourier=2.9760e+00 | amplitude=2.0194e-02 | phase=2.2444e-02 | support=3.5987e+00
2026-08-18 13:26:32 | INFO    | TRAIN | epoch=069/100 | batch=01150/01563 ( 73.58%) | lr=1.953e-06 | elapsed=0:08:25 | eta=0:03:01
    losses | total=2.8874e+00 | fourier=2.8874e+00 | amplitude=1.9575e-02 | phase=1.5405e-02 | support=3.4301e+00
2026-08-18 13:26:54 | INFO    | TRAIN | epoch=069/100 | batch=01200/01563 ( 76.78%) | lr=1.953e-06 | elapsed=0:08:47 | eta=0:02:39
    losses | total=2.9390e+00 | fourier=2.9390e+00 | amplitude=1.8769e-02 | phase=1.4468e-02 | support=3.4886e+00
2026-08-18 13:27:16 | INFO    | TRAIN | epoch=069/100 | batch=01250/01563 ( 79.97%) | lr=1.953e-06 | elapsed=0:09:09 | eta=0:02:17
    losses | total=3.0372e+00 | fourier=3.0372e+00 | amplitude=1.8302e-02 | phase=2.0292e-02 | support=3.4950e+00
2026-08-18 13:27:38 | INFO    | TRAIN | epoch=069/100 | batch=01300/01563 ( 83.17%) | lr=1.953e-06 | elapsed=0:09:31 | eta=0:01:55
    losses | total=2.9870e+00 | fourier=2.9870e+00 | amplitude=2.1550e-02 | phase=2.4136e-02 | support=3.3876e+00
2026-08-18 13:28:00 | INFO    | TRAIN | epoch=069/100 | batch=01350/01563 ( 86.37%) | lr=1.953e-06 | elapsed=0:09:53 | eta=0:01:33
    losses | total=2.6635e+00 | fourier=2.6635e+00 | amplitude=1.7403e-02 | phase=1.5645e-02 | support=3.4493e+00
2026-08-18 13:28:22 | INFO    | TRAIN | epoch=069/100 | batch=01400/01563 ( 89.57%) | lr=1.953e-06 | elapsed=0:10:14 | eta=0:01:11
    losses | total=2.7161e+00 | fourier=2.7161e+00 | amplitude=2.0279e-02 | phase=1.4086e-02 | support=3.5206e+00
2026-08-18 13:28:44 | INFO    | TRAIN | epoch=069/100 | batch=01450/01563 ( 92.77%) | lr=1.953e-06 | elapsed=0:10:36 | eta=0:00:49
    losses | total=2.8592e+00 | fourier=2.8592e+00 | amplitude=1.8595e-02 | phase=2.0102e-02 | support=3.2134e+00
2026-08-18 13:29:06 | INFO    | TRAIN | epoch=069/100 | batch=01500/01563 ( 95.97%) | lr=1.953e-06 | elapsed=0:10:58 | eta=0:00:27
    losses | total=2.6497e+00 | fourier=2.6497e+00 | amplitude=1.8019e-02 | phase=1.4571e-02 | support=3.2397e+00
2026-08-18 13:29:28 | INFO    | TRAIN | epoch=069/100 | batch=01550/01563 ( 99.17%) | lr=1.953e-06 | elapsed=0:11:20 | eta=0:00:05
    losses | total=2.7303e+00 | fourier=2.7303e+00 | amplitude=2.4421e-02 | phase=1.4352e-02 | support=4.1852e+00
2026-08-18 13:29:33 | INFO    | TRAIN | epoch=069/100 | batch=01563/01563 (100.00%) | lr=1.953e-06 | elapsed=0:11:26 | eta=0:00:00
    losses | total=2.7386e+00 | fourier=2.7386e+00 | amplitude=2.1184e-02 | phase=2.1414e-02 | support=3.8867e+00
2026-08-18 13:29:33 | INFO    | TRAIN epoch 069 complete | batches=1563 | samples=25000 | time=0:11:26
2026-08-18 13:29:39 | INFO    | VAL | epoch=069/100 | batch=00050/00313 ( 15.97%) | elapsed=0:00:05 | eta=0:00:28
    losses | total=4.2495e+00 | fourier=4.2495e+00 | amplitude=1.9895e-02 | phase=2.0348e-02 | support=3.4502e+00
2026-08-18 13:29:44 | INFO    | VAL | epoch=069/100 | batch=00100/00313 ( 31.95%) | elapsed=0:00:10 | eta=0:00:22
    losses | total=3.3732e+00 | fourier=3.3732e+00 | amplitude=2.0762e-02 | phase=1.5548e-02 | support=3.6225e+00
2026-08-18 13:29:49 | INFO    | VAL | epoch=069/100 | batch=00150/00313 ( 47.92%) | elapsed=0:00:15 | eta=0:00:17
    losses | total=3.7512e+00 | fourier=3.7512e+00 | amplitude=1.8520e-02 | phase=1.6423e-02 | support=3.2901e+00
2026-08-18 13:29:55 | INFO    | VAL | epoch=069/100 | batch=00200/00313 ( 63.90%) | elapsed=0:00:21 | eta=0:00:11
    losses | total=3.8804e+00 | fourier=3.8804e+00 | amplitude=1.9345e-02 | phase=1.5498e-02 | support=3.5494e+00
2026-08-18 13:30:00 | INFO    | VAL | epoch=069/100 | batch=00250/00313 ( 79.87%) | elapsed=0:00:26 | eta=0:00:06
    losses | total=3.7361e+00 | fourier=3.7361e+00 | amplitude=2.0623e-02 | phase=2.1098e-02 | support=3.3415e+00
2026-08-18 13:30:05 | INFO    | VAL | epoch=069/100 | batch=00300/00313 ( 95.85%) | elapsed=0:00:31 | eta=0:00:01
    losses | total=3.5864e+00 | fourier=3.5864e+00 | amplitude=2.0877e-02 | phase=2.0343e-02 | support=3.3166e+00
2026-08-18 13:30:06 | INFO    | VAL | epoch=069/100 | batch=00313/00313 (100.00%) | elapsed=0:00:32 | eta=0:00:00
    losses | total=3.9398e+00 | fourier=3.9398e+00 | amplitude=1.7648e-02 | phase=1.6852e-02 | support=3.1119e+00
2026-08-18 13:30:06 | INFO    | VAL epoch 069 complete | batches=313 | samples=5000 | time=0:00:33
2026-08-18 13:30:06 | INFO    | Cross-skip strengths | 8/phase_to_amp=+6.2103e-03 | 8/amp_to_phase=-3.2684e-02 | 16/phase_to_amp=-1.7087e-02 | 16/amp_to_phase=+9.3621e-02
2026-08-18 13:30:07 | INFO    | 
------------------------------------------------------------------------------------------------
Epoch 069/100 summary
split             total      fourier    amplitude        phase      support        time
train        2.8798e+00   2.8798e+00   1.9469e-02   1.7387e-02   3.4568e+00     0:11:26
validation   3.6926e+00   3.6926e+00   1.9477e-02   1.7502e-02   3.4468e+00     0:00:33
lr=1.953e-06 | best_val=3.6920e+00 | best_updated=no | periodic_checkpoint=no
------------------------------------------------------------------------------------------------
2026-08-18 13:30:29 | INFO    | TRAIN | epoch=070/100 | batch=00050/01563 (  3.20%) | lr=1.953e-06 | elapsed=0:00:22 | eta=0:11:09
    losses | total=2.8412e+00 | fourier=2.8412e+00 | amplitude=2.2461e-02 | phase=1.9493e-02 | support=3.2415e+00
2026-08-18 13:30:51 | INFO    | TRAIN | epoch=070/100 | batch=00100/01563 (  6.40%) | lr=1.953e-06 | elapsed=0:00:44 | eta=0:10:45
    losses | total=2.9747e+00 | fourier=2.9747e+00 | amplitude=2.0265e-02 | phase=1.7899e-02 | support=3.0091e+00
2026-08-18 13:31:13 | INFO    | TRAIN | epoch=070/100 | batch=00150/01563 (  9.60%) | lr=1.953e-06 | elapsed=0:01:06 | eta=0:10:22
    losses | total=2.7034e+00 | fourier=2.7034e+00 | amplitude=1.9727e-02 | phase=1.4242e-02 | support=3.5957e+00
2026-08-18 13:31:35 | INFO    | TRAIN | epoch=070/100 | batch=00200/01563 ( 12.80%) | lr=1.953e-06 | elapsed=0:01:27 | eta=0:09:59
    losses | total=2.6990e+00 | fourier=2.6990e+00 | amplitude=2.0923e-02 | phase=1.9712e-02 | support=3.4634e+00
2026-08-18 13:31:57 | INFO    | TRAIN | epoch=070/100 | batch=00250/01563 ( 15.99%) | lr=1.953e-06 | elapsed=0:01:49 | eta=0:09:37
    losses | total=2.9221e+00 | fourier=2.9221e+00 | amplitude=1.7378e-02 | phase=1.8658e-02 | support=3.2789e+00
2026-08-18 13:32:19 | INFO    | TRAIN | epoch=070/100 | batch=00300/01563 ( 19.19%) | lr=1.953e-06 | elapsed=0:02:11 | eta=0:09:15
    losses | total=2.9274e+00 | fourier=2.9274e+00 | amplitude=2.1256e-02 | phase=2.3715e-02 | support=3.0413e+00
2026-08-18 13:32:40 | INFO    | TRAIN | epoch=070/100 | batch=00350/01563 ( 22.39%) | lr=1.953e-06 | elapsed=0:02:33 | eta=0:08:52
    losses | total=3.0288e+00 | fourier=3.0288e+00 | amplitude=1.7216e-02 | phase=1.6319e-02 | support=3.5622e+00
2026-08-18 13:33:02 | INFO    | TRAIN | epoch=070/100 | batch=00400/01563 ( 25.59%) | lr=1.953e-06 | elapsed=0:02:55 | eta=0:08:30
    losses | total=2.9441e+00 | fourier=2.9441e+00 | amplitude=2.1933e-02 | phase=1.8483e-02 | support=3.3350e+00
2026-08-18 13:33:24 | INFO    | TRAIN | epoch=070/100 | batch=00450/01563 ( 28.79%) | lr=1.953e-06 | elapsed=0:03:17 | eta=0:08:08
    losses | total=2.6410e+00 | fourier=2.6410e+00 | amplitude=1.8237e-02 | phase=1.2218e-02 | support=3.5231e+00
2026-08-18 13:33:46 | INFO    | TRAIN | epoch=070/100 | batch=00500/01563 ( 31.99%) | lr=1.953e-06 | elapsed=0:03:39 | eta=0:07:46
    losses | total=2.8092e+00 | fourier=2.8092e+00 | amplitude=1.9682e-02 | phase=2.3313e-02 | support=3.0026e+00
2026-08-18 13:34:08 | INFO    | TRAIN | epoch=070/100 | batch=00550/01563 ( 35.19%) | lr=1.953e-06 | elapsed=0:04:01 | eta=0:07:24
    losses | total=2.9991e+00 | fourier=2.9991e+00 | amplitude=2.0321e-02 | phase=1.7117e-02 | support=3.8967e+00
2026-08-18 13:34:30 | INFO    | TRAIN | epoch=070/100 | batch=00600/01563 ( 38.39%) | lr=1.953e-06 | elapsed=0:04:23 | eta=0:07:02
    losses | total=3.0701e+00 | fourier=3.0701e+00 | amplitude=1.8600e-02 | phase=1.9238e-02 | support=3.2162e+00
2026-08-18 13:34:52 | INFO    | TRAIN | epoch=070/100 | batch=00650/01563 ( 41.59%) | lr=1.953e-06 | elapsed=0:04:45 | eta=0:06:41
    losses | total=2.7283e+00 | fourier=2.7283e+00 | amplitude=1.7803e-02 | phase=1.6488e-02 | support=3.1830e+00
2026-08-18 13:35:14 | INFO    | TRAIN | epoch=070/100 | batch=00700/01563 ( 44.79%) | lr=1.953e-06 | elapsed=0:05:07 | eta=0:06:19
    losses | total=2.7677e+00 | fourier=2.7677e+00 | amplitude=1.9644e-02 | phase=1.5842e-02 | support=3.5525e+00
2026-08-18 13:35:36 | INFO    | TRAIN | epoch=070/100 | batch=00750/01563 ( 47.98%) | lr=1.953e-06 | elapsed=0:05:29 | eta=0:05:57
    losses | total=2.9705e+00 | fourier=2.9705e+00 | amplitude=2.1434e-02 | phase=1.8513e-02 | support=3.3262e+00
2026-08-18 13:35:58 | INFO    | TRAIN | epoch=070/100 | batch=00800/01563 ( 51.18%) | lr=1.953e-06 | elapsed=0:05:51 | eta=0:05:35
    losses | total=2.7208e+00 | fourier=2.7208e+00 | amplitude=1.7288e-02 | phase=1.4851e-02 | support=3.2158e+00
2026-08-18 13:36:20 | INFO    | TRAIN | epoch=070/100 | batch=00850/01563 ( 54.38%) | lr=1.953e-06 | elapsed=0:06:13 | eta=0:05:13
    losses | total=2.6436e+00 | fourier=2.6436e+00 | amplitude=1.7534e-02 | phase=1.5433e-02 | support=3.6085e+00
2026-08-18 13:36:42 | INFO    | TRAIN | epoch=070/100 | batch=00900/01563 ( 57.58%) | lr=1.953e-06 | elapsed=0:06:35 | eta=0:04:51
    losses | total=2.9479e+00 | fourier=2.9479e+00 | amplitude=1.8903e-02 | phase=1.8085e-02 | support=3.6688e+00
2026-08-18 13:37:04 | INFO    | TRAIN | epoch=070/100 | batch=00950/01563 ( 60.78%) | lr=1.953e-06 | elapsed=0:06:57 | eta=0:04:29
    losses | total=2.6435e+00 | fourier=2.6435e+00 | amplitude=2.2169e-02 | phase=1.5863e-02 | support=4.0353e+00
2026-08-18 13:37:26 | INFO    | TRAIN | epoch=070/100 | batch=01000/01563 ( 63.98%) | lr=1.953e-06 | elapsed=0:07:19 | eta=0:04:07
    losses | total=2.9778e+00 | fourier=2.9778e+00 | amplitude=2.1267e-02 | phase=1.9574e-02 | support=3.1581e+00
2026-08-18 13:37:48 | INFO    | TRAIN | epoch=070/100 | batch=01050/01563 ( 67.18%) | lr=1.953e-06 | elapsed=0:07:41 | eta=0:03:45
    losses | total=2.6616e+00 | fourier=2.6616e+00 | amplitude=1.7761e-02 | phase=1.3574e-02 | support=3.4560e+00
2026-08-18 13:38:10 | INFO    | TRAIN | epoch=070/100 | batch=01100/01563 ( 70.38%) | lr=1.953e-06 | elapsed=0:08:03 | eta=0:03:23
    losses | total=2.8549e+00 | fourier=2.8549e+00 | amplitude=1.9362e-02 | phase=1.9740e-02 | support=3.3486e+00
2026-08-18 13:38:32 | INFO    | TRAIN | epoch=070/100 | batch=01150/01563 ( 73.58%) | lr=1.953e-06 | elapsed=0:08:24 | eta=0:03:01
    losses | total=2.7389e+00 | fourier=2.7389e+00 | amplitude=1.8689e-02 | phase=1.3319e-02 | support=3.8576e+00
2026-08-18 13:38:54 | INFO    | TRAIN | epoch=070/100 | batch=01200/01563 ( 76.78%) | lr=1.953e-06 | elapsed=0:08:46 | eta=0:02:39
    losses | total=2.8652e+00 | fourier=2.8652e+00 | amplitude=1.6525e-02 | phase=1.5649e-02 | support=3.4963e+00
2026-08-18 13:39:16 | INFO    | TRAIN | epoch=070/100 | batch=01250/01563 ( 79.97%) | lr=1.953e-06 | elapsed=0:09:08 | eta=0:02:17
    losses | total=2.9832e+00 | fourier=2.9832e+00 | amplitude=2.1256e-02 | phase=1.6103e-02 | support=3.4786e+00
2026-08-18 13:39:38 | INFO    | TRAIN | epoch=070/100 | batch=01300/01563 ( 83.17%) | lr=1.953e-06 | elapsed=0:09:30 | eta=0:01:55
    losses | total=2.8014e+00 | fourier=2.8014e+00 | amplitude=2.2228e-02 | phase=2.2188e-02 | support=3.7388e+00
2026-08-18 13:39:59 | INFO    | TRAIN | epoch=070/100 | batch=01350/01563 ( 86.37%) | lr=1.953e-06 | elapsed=0:09:52 | eta=0:01:33
    losses | total=2.8209e+00 | fourier=2.8209e+00 | amplitude=2.0566e-02 | phase=1.6514e-02 | support=3.4501e+00
2026-08-18 13:40:21 | INFO    | TRAIN | epoch=070/100 | batch=01400/01563 ( 89.57%) | lr=1.953e-06 | elapsed=0:10:14 | eta=0:01:11
    losses | total=2.8539e+00 | fourier=2.8539e+00 | amplitude=2.1456e-02 | phase=2.3423e-02 | support=3.7939e+00
2026-08-18 13:40:43 | INFO    | TRAIN | epoch=070/100 | batch=01450/01563 ( 92.77%) | lr=1.953e-06 | elapsed=0:10:36 | eta=0:00:49
    losses | total=2.7559e+00 | fourier=2.7559e+00 | amplitude=1.9738e-02 | phase=1.4879e-02 | support=3.1781e+00
2026-08-18 13:41:05 | INFO    | TRAIN | epoch=070/100 | batch=01500/01563 ( 95.97%) | lr=1.953e-06 | elapsed=0:10:58 | eta=0:00:27
    losses | total=2.7581e+00 | fourier=2.7581e+00 | amplitude=1.7059e-02 | phase=1.7054e-02 | support=3.5697e+00
2026-08-18 13:41:27 | INFO    | TRAIN | epoch=070/100 | batch=01550/01563 ( 99.17%) | lr=1.953e-06 | elapsed=0:11:20 | eta=0:00:05
    losses | total=3.0663e+00 | fourier=3.0663e+00 | amplitude=2.2421e-02 | phase=2.1365e-02 | support=3.1888e+00
2026-08-18 13:41:33 | INFO    | TRAIN | epoch=070/100 | batch=01563/01563 (100.00%) | lr=1.953e-06 | elapsed=0:11:26 | eta=0:00:00
    losses | total=2.7675e+00 | fourier=2.7675e+00 | amplitude=1.9645e-02 | phase=1.2827e-02 | support=3.3950e+00
2026-08-18 13:41:33 | INFO    | TRAIN epoch 070 complete | batches=1563 | samples=25000 | time=0:11:26
2026-08-18 13:41:39 | INFO    | VAL | epoch=070/100 | batch=00050/00313 ( 15.97%) | elapsed=0:00:05 | eta=0:00:28
    losses | total=4.2506e+00 | fourier=4.2506e+00 | amplitude=1.9890e-02 | phase=2.0317e-02 | support=3.4539e+00
2026-08-18 13:41:44 | INFO    | VAL | epoch=070/100 | batch=00100/00313 ( 31.95%) | elapsed=0:00:10 | eta=0:00:22
    losses | total=3.3748e+00 | fourier=3.3748e+00 | amplitude=2.0753e-02 | phase=1.5521e-02 | support=3.6252e+00
2026-08-18 13:41:49 | INFO    | VAL | epoch=070/100 | batch=00150/00313 ( 47.92%) | elapsed=0:00:15 | eta=0:00:17
    losses | total=3.7503e+00 | fourier=3.7503e+00 | amplitude=1.8512e-02 | phase=1.6394e-02 | support=3.2920e+00
2026-08-18 13:41:54 | INFO    | VAL | epoch=070/100 | batch=00200/00313 ( 63.90%) | elapsed=0:00:21 | eta=0:00:11
    losses | total=3.8843e+00 | fourier=3.8843e+00 | amplitude=1.9342e-02 | phase=1.5477e-02 | support=3.5529e+00
2026-08-18 13:42:00 | INFO    | VAL | epoch=070/100 | batch=00250/00313 ( 79.87%) | elapsed=0:00:26 | eta=0:00:06
    losses | total=3.7352e+00 | fourier=3.7352e+00 | amplitude=2.0614e-02 | phase=2.1055e-02 | support=3.3451e+00
2026-08-18 13:42:05 | INFO    | VAL | epoch=070/100 | batch=00300/00313 ( 95.85%) | elapsed=0:00:31 | eta=0:00:01
    losses | total=3.5898e+00 | fourier=3.5898e+00 | amplitude=2.0866e-02 | phase=2.0315e-02 | support=3.3179e+00
2026-08-18 13:42:06 | INFO    | VAL | epoch=070/100 | batch=00313/00313 (100.00%) | elapsed=0:00:32 | eta=0:00:00
    losses | total=3.9400e+00 | fourier=3.9400e+00 | amplitude=1.7640e-02 | phase=1.6837e-02 | support=3.1144e+00
2026-08-18 13:42:06 | INFO    | VAL epoch 070 complete | batches=313 | samples=5000 | time=0:00:32
2026-08-18 13:42:06 | INFO    | Cross-skip strengths | 8/phase_to_amp=+6.1626e-03 | 8/amp_to_phase=-3.2681e-02 | 16/phase_to_amp=-1.7051e-02 | 16/amp_to_phase=+9.3625e-02
2026-08-18 13:42:07 | INFO    | 
------------------------------------------------------------------------------------------------
Epoch 070/100 summary
split             total      fourier    amplitude        phase      support        time
train        2.8794e+00   2.8794e+00   1.9469e-02   1.7386e-02   3.4573e+00     0:11:26
validation   3.6936e+00   3.6936e+00   1.9471e-02   1.7475e-02   3.4498e+00     0:00:32
lr=1.000e-06 | best_val=3.6920e+00 | best_updated=no | periodic_checkpoint=yes
------------------------------------------------------------------------------------------------
2026-08-18 13:42:29 | INFO    | TRAIN | epoch=071/100 | batch=00050/01563 (  3.20%) | lr=1.000e-06 | elapsed=0:00:22 | eta=0:11:10
    losses | total=3.1074e+00 | fourier=3.1074e+00 | amplitude=2.0335e-02 | phase=2.1636e-02 | support=3.1519e+00
2026-08-18 13:42:51 | INFO    | TRAIN | epoch=071/100 | batch=00100/01563 (  6.40%) | lr=1.000e-06 | elapsed=0:00:44 | eta=0:10:45
    losses | total=2.9046e+00 | fourier=2.9046e+00 | amplitude=2.2051e-02 | phase=1.7919e-02 | support=3.8150e+00
2026-08-18 13:43:21 | INFO    | TRAIN | epoch=071/100 | batch=00150/01563 (  9.60%) | lr=1.000e-06 | elapsed=0:01:14 | eta=0:11:41
    losses | total=2.9306e+00 | fourier=2.9306e+00 | amplitude=1.9758e-02 | phase=1.7439e-02 | support=3.4190e+00
2026-08-18 13:43:59 | INFO    | TRAIN | epoch=071/100 | batch=00200/01563 ( 12.80%) | lr=1.000e-06 | elapsed=0:01:52 | eta=0:12:46
    losses | total=2.7919e+00 | fourier=2.7919e+00 | amplitude=2.0041e-02 | phase=1.7715e-02 | support=3.4318e+00
2026-08-18 13:44:46 | INFO    | TRAIN | epoch=071/100 | batch=00250/01563 ( 15.99%) | lr=1.000e-06 | elapsed=0:02:39 | eta=0:13:55
    losses | total=3.0966e+00 | fourier=3.0966e+00 | amplitude=1.8335e-02 | phase=2.3030e-02 | support=3.2998e+00
2026-08-18 13:45:27 | INFO    | TRAIN | epoch=071/100 | batch=00300/01563 ( 19.19%) | lr=1.000e-06 | elapsed=0:03:20 | eta=0:14:02
    losses | total=2.8688e+00 | fourier=2.8688e+00 | amplitude=1.8766e-02 | phase=1.4595e-02 | support=3.3306e+00
2026-08-18 13:46:13 | INFO    | TRAIN | epoch=071/100 | batch=00350/01563 ( 22.39%) | lr=1.000e-06 | elapsed=0:04:06 | eta=0:14:15
    losses | total=2.8603e+00 | fourier=2.8603e+00 | amplitude=1.9354e-02 | phase=1.6822e-02 | support=3.4267e+00
2026-08-18 13:46:59 | INFO    | TRAIN | epoch=071/100 | batch=00400/01563 ( 25.59%) | lr=1.000e-06 | elapsed=0:04:52 | eta=0:14:10
    losses | total=2.8654e+00 | fourier=2.8654e+00 | amplitude=2.1257e-02 | phase=1.5270e-02 | support=3.6223e+00
2026-08-18 13:47:45 | INFO    | TRAIN | epoch=071/100 | batch=00450/01563 ( 28.79%) | lr=1.000e-06 | elapsed=0:05:38 | eta=0:13:56
    losses | total=2.7288e+00 | fourier=2.7288e+00 | amplitude=1.9161e-02 | phase=1.3911e-02 | support=3.4163e+00
2026-08-18 13:48:31 | INFO    | TRAIN | epoch=071/100 | batch=00500/01563 ( 31.99%) | lr=1.000e-06 | elapsed=0:06:24 | eta=0:13:37
    losses | total=2.7940e+00 | fourier=2.7940e+00 | amplitude=1.8169e-02 | phase=1.4909e-02 | support=3.1886e+00
2026-08-18 13:49:17 | INFO    | TRAIN | epoch=071/100 | batch=00550/01563 ( 35.19%) | lr=1.000e-06 | elapsed=0:07:10 | eta=0:13:13
    losses | total=2.7104e+00 | fourier=2.7104e+00 | amplitude=1.7913e-02 | phase=1.5491e-02 | support=3.6439e+00
2026-08-18 13:50:04 | INFO    | TRAIN | epoch=071/100 | batch=00600/01563 ( 38.39%) | lr=1.000e-06 | elapsed=0:07:57 | eta=0:12:45
    losses | total=2.8220e+00 | fourier=2.8220e+00 | amplitude=1.8995e-02 | phase=1.7699e-02 | support=3.4170e+00
2026-08-18 13:50:50 | INFO    | TRAIN | epoch=071/100 | batch=00650/01563 ( 41.59%) | lr=1.000e-06 | elapsed=0:08:43 | eta=0:12:15
    losses | total=3.0455e+00 | fourier=3.0455e+00 | amplitude=1.8553e-02 | phase=1.5785e-02 | support=3.5210e+00
2026-08-18 13:51:21 | INFO    | TRAIN | epoch=071/100 | batch=00700/01563 ( 44.79%) | lr=1.000e-06 | elapsed=0:09:14 | eta=0:11:23
    losses | total=2.7207e+00 | fourier=2.7207e+00 | amplitude=1.8620e-02 | phase=1.1208e-02 | support=3.8686e+00
2026-08-18 13:51:43 | INFO    | TRAIN | epoch=071/100 | batch=00750/01563 ( 47.98%) | lr=1.000e-06 | elapsed=0:09:35 | eta=0:10:24
    losses | total=2.6864e+00 | fourier=2.6864e+00 | amplitude=2.0647e-02 | phase=1.4849e-02 | support=3.6886e+00
2026-08-18 13:52:05 | INFO    | TRAIN | epoch=071/100 | batch=00800/01563 ( 51.18%) | lr=1.000e-06 | elapsed=0:09:57 | eta=0:09:30
    losses | total=2.7935e+00 | fourier=2.7935e+00 | amplitude=2.1841e-02 | phase=1.5362e-02 | support=3.4830e+00
2026-08-18 13:52:27 | INFO    | TRAIN | epoch=071/100 | batch=00850/01563 ( 54.38%) | lr=1.000e-06 | elapsed=0:10:19 | eta=0:08:40
    losses | total=2.8276e+00 | fourier=2.8276e+00 | amplitude=2.0908e-02 | phase=1.6565e-02 | support=3.3571e+00
2026-08-18 13:52:49 | INFO    | TRAIN | epoch=071/100 | batch=00900/01563 ( 57.58%) | lr=1.000e-06 | elapsed=0:10:41 | eta=0:07:52
    losses | total=2.7871e+00 | fourier=2.7871e+00 | amplitude=1.9706e-02 | phase=1.3565e-02 | support=3.5420e+00
2026-08-18 13:53:11 | INFO    | TRAIN | epoch=071/100 | batch=00950/01563 ( 60.78%) | lr=1.000e-06 | elapsed=0:11:03 | eta=0:07:08
    losses | total=2.7654e+00 | fourier=2.7654e+00 | amplitude=2.0772e-02 | phase=1.2391e-02 | support=3.3438e+00
2026-08-18 13:53:32 | INFO    | TRAIN | epoch=071/100 | batch=01000/01563 ( 63.98%) | lr=1.000e-06 | elapsed=0:11:25 | eta=0:06:26
    losses | total=3.0104e+00 | fourier=3.0104e+00 | amplitude=1.9218e-02 | phase=2.0642e-02 | support=3.4184e+00
2026-08-18 13:53:54 | INFO    | TRAIN | epoch=071/100 | batch=01050/01563 ( 67.18%) | lr=1.000e-06 | elapsed=0:11:47 | eta=0:05:45
    losses | total=2.8077e+00 | fourier=2.8077e+00 | amplitude=1.9510e-02 | phase=1.5245e-02 | support=3.4111e+00
2026-08-18 13:54:16 | INFO    | TRAIN | epoch=071/100 | batch=01100/01563 ( 70.38%) | lr=1.000e-06 | elapsed=0:12:09 | eta=0:05:07
    losses | total=2.8355e+00 | fourier=2.8355e+00 | amplitude=2.1001e-02 | phase=1.8636e-02 | support=3.4952e+00
2026-08-18 13:54:38 | INFO    | TRAIN | epoch=071/100 | batch=01150/01563 ( 73.58%) | lr=1.000e-06 | elapsed=0:12:31 | eta=0:04:30
    losses | total=3.0700e+00 | fourier=3.0700e+00 | amplitude=1.8689e-02 | phase=1.5303e-02 | support=3.2368e+00
2026-08-18 13:55:00 | INFO    | TRAIN | epoch=071/100 | batch=01200/01563 ( 76.78%) | lr=1.000e-06 | elapsed=0:12:53 | eta=0:03:54
    losses | total=2.9073e+00 | fourier=2.9073e+00 | amplitude=1.8361e-02 | phase=1.7892e-02 | support=3.3610e+00
2026-08-18 13:55:22 | INFO    | TRAIN | epoch=071/100 | batch=01250/01563 ( 79.97%) | lr=1.000e-06 | elapsed=0:13:15 | eta=0:03:19
    losses | total=2.8615e+00 | fourier=2.8615e+00 | amplitude=2.3202e-02 | phase=1.9533e-02 | support=3.6474e+00
2026-08-18 13:55:44 | INFO    | TRAIN | epoch=071/100 | batch=01300/01563 ( 83.17%) | lr=1.000e-06 | elapsed=0:13:37 | eta=0:02:45
    losses | total=2.8073e+00 | fourier=2.8073e+00 | amplitude=1.8586e-02 | phase=1.5075e-02 | support=3.7105e+00
2026-08-18 13:56:06 | INFO    | TRAIN | epoch=071/100 | batch=01350/01563 ( 86.37%) | lr=1.000e-06 | elapsed=0:13:59 | eta=0:02:12
    losses | total=2.8655e+00 | fourier=2.8655e+00 | amplitude=1.9806e-02 | phase=2.0529e-02 | support=3.3938e+00
2026-08-18 13:56:28 | INFO    | TRAIN | epoch=071/100 | batch=01400/01563 ( 89.57%) | lr=1.000e-06 | elapsed=0:14:21 | eta=0:01:40
    losses | total=2.7501e+00 | fourier=2.7501e+00 | amplitude=1.8886e-02 | phase=1.7931e-02 | support=3.5184e+00
2026-08-18 13:56:50 | INFO    | TRAIN | epoch=071/100 | batch=01450/01563 ( 92.77%) | lr=1.000e-06 | elapsed=0:14:43 | eta=0:01:08
    losses | total=2.8407e+00 | fourier=2.8407e+00 | amplitude=2.1607e-02 | phase=1.5926e-02 | support=3.6713e+00
2026-08-18 13:57:12 | INFO    | TRAIN | epoch=071/100 | batch=01500/01563 ( 95.97%) | lr=1.000e-06 | elapsed=0:15:05 | eta=0:00:38
    losses | total=3.3808e+00 | fourier=3.3808e+00 | amplitude=2.0095e-02 | phase=2.5827e-02 | support=3.3128e+00
2026-08-18 13:57:34 | INFO    | TRAIN | epoch=071/100 | batch=01550/01563 ( 99.17%) | lr=1.000e-06 | elapsed=0:15:27 | eta=0:00:07
    losses | total=3.0351e+00 | fourier=3.0351e+00 | amplitude=1.9627e-02 | phase=2.0299e-02 | support=3.4931e+00
2026-08-18 13:57:40 | INFO    | TRAIN | epoch=071/100 | batch=01563/01563 (100.00%) | lr=1.000e-06 | elapsed=0:15:33 | eta=0:00:00
    losses | total=2.8599e+00 | fourier=2.8599e+00 | amplitude=2.4505e-02 | phase=1.3322e-02 | support=3.9927e+00
2026-08-18 13:57:40 | INFO    | TRAIN epoch 071 complete | batches=1563 | samples=25000 | time=0:15:33
2026-08-18 13:57:45 | INFO    | VAL | epoch=071/100 | batch=00050/00313 ( 15.97%) | elapsed=0:00:05 | eta=0:00:28
    losses | total=4.2515e+00 | fourier=4.2515e+00 | amplitude=1.9900e-02 | phase=2.0326e-02 | support=3.4537e+00
2026-08-18 13:57:51 | INFO    | VAL | epoch=071/100 | batch=00100/00313 ( 31.95%) | elapsed=0:00:10 | eta=0:00:22
    losses | total=3.3762e+00 | fourier=3.3762e+00 | amplitude=2.0758e-02 | phase=1.5535e-02 | support=3.6248e+00
2026-08-18 13:57:56 | INFO    | VAL | epoch=071/100 | batch=00150/00313 ( 47.92%) | elapsed=0:00:15 | eta=0:00:17
    losses | total=3.7487e+00 | fourier=3.7487e+00 | amplitude=1.8520e-02 | phase=1.6402e-02 | support=3.2919e+00
2026-08-18 13:58:01 | INFO    | VAL | epoch=071/100 | batch=00200/00313 ( 63.90%) | elapsed=0:00:21 | eta=0:00:11
    losses | total=3.8813e+00 | fourier=3.8813e+00 | amplitude=1.9344e-02 | phase=1.5482e-02 | support=3.5519e+00
2026-08-18 13:58:06 | INFO    | VAL | epoch=071/100 | batch=00250/00313 ( 79.87%) | elapsed=0:00:26 | eta=0:00:06
    losses | total=3.7351e+00 | fourier=3.7351e+00 | amplitude=2.0626e-02 | phase=2.1077e-02 | support=3.3445e+00
2026-08-18 13:58:12 | INFO    | VAL | epoch=071/100 | batch=00300/00313 ( 95.85%) | elapsed=0:00:31 | eta=0:00:01
    losses | total=3.5919e+00 | fourier=3.5919e+00 | amplitude=2.0870e-02 | phase=2.0301e-02 | support=3.3174e+00
2026-08-18 13:58:13 | INFO    | VAL | epoch=071/100 | batch=00313/00313 (100.00%) | elapsed=0:00:32 | eta=0:00:00
    losses | total=3.9467e+00 | fourier=3.9467e+00 | amplitude=1.7641e-02 | phase=1.6835e-02 | support=3.1149e+00
2026-08-18 13:58:13 | INFO    | VAL epoch 071 complete | batches=313 | samples=5000 | time=0:00:32
2026-08-18 13:58:13 | INFO    | Cross-skip strengths | 8/phase_to_amp=+6.1418e-03 | 8/amp_to_phase=-3.2682e-02 | 16/phase_to_amp=-1.7022e-02 | 16/amp_to_phase=+9.3629e-02
2026-08-18 13:58:13 | INFO    | 
------------------------------------------------------------------------------------------------
Epoch 071/100 summary
split             total      fourier    amplitude        phase      support        time
train        2.8793e+00   2.8793e+00   1.9470e-02   1.7386e-02   3.4570e+00     0:15:33
validation   3.6935e+00   3.6935e+00   1.9475e-02   1.7483e-02   3.4490e+00     0:00:32
lr=1.000e-06 | best_val=3.6920e+00 | best_updated=no | periodic_checkpoint=no
------------------------------------------------------------------------------------------------
2026-08-18 13:58:35 | INFO    | TRAIN | epoch=072/100 | batch=00050/01563 (  3.20%) | lr=1.000e-06 | elapsed=0:00:22 | eta=0:11:11
    losses | total=3.2058e+00 | fourier=3.2058e+00 | amplitude=2.2099e-02 | phase=2.4057e-02 | support=3.2239e+00
2026-08-18 13:58:57 | INFO    | TRAIN | epoch=072/100 | batch=00100/01563 (  6.40%) | lr=1.000e-06 | elapsed=0:00:44 | eta=0:10:45
    losses | total=2.9146e+00 | fourier=2.9146e+00 | amplitude=2.0413e-02 | phase=1.8176e-02 | support=3.1984e+00
2026-08-18 13:59:19 | INFO    | TRAIN | epoch=072/100 | batch=00150/01563 (  9.60%) | lr=1.000e-06 | elapsed=0:01:06 | eta=0:10:23
    losses | total=2.8364e+00 | fourier=2.8364e+00 | amplitude=1.7753e-02 | phase=1.5527e-02 | support=3.7637e+00
2026-08-18 13:59:41 | INFO    | TRAIN | epoch=072/100 | batch=00200/01563 ( 12.80%) | lr=1.000e-06 | elapsed=0:01:28 | eta=0:10:00
    losses | total=2.6778e+00 | fourier=2.6778e+00 | amplitude=1.5776e-02 | phase=1.3229e-02 | support=3.5849e+00
2026-08-18 14:00:03 | INFO    | TRAIN | epoch=072/100 | batch=00250/01563 ( 15.99%) | lr=1.000e-06 | elapsed=0:01:50 | eta=0:09:38
    losses | total=2.8712e+00 | fourier=2.8712e+00 | amplitude=1.8781e-02 | phase=1.7288e-02 | support=3.9911e+00
2026-08-18 14:00:25 | INFO    | TRAIN | epoch=072/100 | batch=00300/01563 ( 19.19%) | lr=1.000e-06 | elapsed=0:02:12 | eta=0:09:16
    losses | total=3.0156e+00 | fourier=3.0156e+00 | amplitude=2.2719e-02 | phase=1.7752e-02 | support=3.3874e+00
2026-08-18 14:00:47 | INFO    | TRAIN | epoch=072/100 | batch=00350/01563 ( 22.39%) | lr=1.000e-06 | elapsed=0:02:34 | eta=0:08:54
    losses | total=2.7568e+00 | fourier=2.7568e+00 | amplitude=1.9971e-02 | phase=1.9293e-02 | support=3.5139e+00
2026-08-18 14:01:09 | INFO    | TRAIN | epoch=072/100 | batch=00400/01563 ( 25.59%) | lr=1.000e-06 | elapsed=0:02:56 | eta=0:08:32
    losses | total=2.9060e+00 | fourier=2.9060e+00 | amplitude=1.9017e-02 | phase=1.6794e-02 | support=3.6123e+00
2026-08-18 14:01:31 | INFO    | TRAIN | epoch=072/100 | batch=00450/01563 ( 28.79%) | lr=1.000e-06 | elapsed=0:03:18 | eta=0:08:10
    losses | total=2.8644e+00 | fourier=2.8644e+00 | amplitude=1.6993e-02 | phase=1.3321e-02 | support=3.1953e+00
2026-08-18 14:01:53 | INFO    | TRAIN | epoch=072/100 | batch=00500/01563 ( 31.99%) | lr=1.000e-06 | elapsed=0:03:40 | eta=0:07:47
    losses | total=3.0140e+00 | fourier=3.0140e+00 | amplitude=2.2390e-02 | phase=1.9118e-02 | support=3.4172e+00
2026-08-18 14:02:15 | INFO    | TRAIN | epoch=072/100 | batch=00550/01563 ( 35.19%) | lr=1.000e-06 | elapsed=0:04:02 | eta=0:07:25
    losses | total=3.2525e+00 | fourier=3.2525e+00 | amplitude=1.8204e-02 | phase=2.2313e-02 | support=3.1190e+00
2026-08-18 14:02:37 | INFO    | TRAIN | epoch=072/100 | batch=00600/01563 ( 38.39%) | lr=1.000e-06 | elapsed=0:04:24 | eta=0:07:03
    losses | total=3.0561e+00 | fourier=3.0561e+00 | amplitude=1.9314e-02 | phase=2.2418e-02 | support=3.1097e+00
2026-08-18 14:02:59 | INFO    | TRAIN | epoch=072/100 | batch=00650/01563 ( 41.59%) | lr=1.000e-06 | elapsed=0:04:46 | eta=0:06:41
    losses | total=3.2785e+00 | fourier=3.2785e+00 | amplitude=2.0331e-02 | phase=1.9891e-02 | support=2.9294e+00
2026-08-18 14:03:21 | INFO    | TRAIN | epoch=072/100 | batch=00700/01563 ( 44.79%) | lr=1.000e-06 | elapsed=0:05:08 | eta=0:06:19
    losses | total=3.0082e+00 | fourier=3.0082e+00 | amplitude=1.9985e-02 | phase=1.6633e-02 | support=3.3413e+00
2026-08-18 14:03:43 | INFO    | TRAIN | epoch=072/100 | batch=00750/01563 ( 47.98%) | lr=1.000e-06 | elapsed=0:05:29 | eta=0:05:57
    losses | total=3.0015e+00 | fourier=3.0015e+00 | amplitude=2.1899e-02 | phase=2.0623e-02 | support=3.9185e+00
2026-08-18 14:04:05 | INFO    | TRAIN | epoch=072/100 | batch=00800/01563 ( 51.18%) | lr=1.000e-06 | elapsed=0:05:51 | eta=0:05:35
    losses | total=2.9475e+00 | fourier=2.9475e+00 | amplitude=1.7883e-02 | phase=1.7264e-02 | support=3.1712e+00
2026-08-18 14:04:27 | INFO    | TRAIN | epoch=072/100 | batch=00850/01563 ( 54.38%) | lr=1.000e-06 | elapsed=0:06:13 | eta=0:05:13
    losses | total=3.0943e+00 | fourier=3.0943e+00 | amplitude=1.7964e-02 | phase=1.7821e-02 | support=3.3804e+00
2026-08-18 14:04:49 | INFO    | TRAIN | epoch=072/100 | batch=00900/01563 ( 57.58%) | lr=1.000e-06 | elapsed=0:06:35 | eta=0:04:51
    losses | total=2.9328e+00 | fourier=2.9328e+00 | amplitude=2.0528e-02 | phase=1.7463e-02 | support=3.4069e+00
2026-08-18 14:05:11 | INFO    | TRAIN | epoch=072/100 | batch=00950/01563 ( 60.78%) | lr=1.000e-06 | elapsed=0:06:57 | eta=0:04:29
    losses | total=2.7866e+00 | fourier=2.7866e+00 | amplitude=1.7328e-02 | phase=1.2940e-02 | support=3.7519e+00
2026-08-18 14:05:33 | INFO    | TRAIN | epoch=072/100 | batch=01000/01563 ( 63.98%) | lr=1.000e-06 | elapsed=0:07:19 | eta=0:04:07
    losses | total=2.8268e+00 | fourier=2.8268e+00 | amplitude=1.7238e-02 | phase=1.3712e-02 | support=2.9337e+00
2026-08-18 14:05:55 | INFO    | TRAIN | epoch=072/100 | batch=01050/01563 ( 67.18%) | lr=1.000e-06 | elapsed=0:07:41 | eta=0:03:45
    losses | total=2.9361e+00 | fourier=2.9361e+00 | amplitude=1.9371e-02 | phase=2.2552e-02 | support=3.3257e+00
2026-08-18 14:06:17 | INFO    | TRAIN | epoch=072/100 | batch=01100/01563 ( 70.38%) | lr=1.000e-06 | elapsed=0:08:03 | eta=0:03:23
    losses | total=2.7019e+00 | fourier=2.7019e+00 | amplitude=1.9226e-02 | phase=1.5473e-02 | support=3.3048e+00
2026-08-18 14:06:39 | INFO    | TRAIN | epoch=072/100 | batch=01150/01563 ( 73.58%) | lr=1.000e-06 | elapsed=0:08:25 | eta=0:03:01
    losses | total=2.7317e+00 | fourier=2.7317e+00 | amplitude=1.8681e-02 | phase=1.2737e-02 | support=3.6704e+00
2026-08-18 14:07:01 | INFO    | TRAIN | epoch=072/100 | batch=01200/01563 ( 76.78%) | lr=1.000e-06 | elapsed=0:08:47 | eta=0:02:39
    losses | total=2.6981e+00 | fourier=2.6981e+00 | amplitude=1.9226e-02 | phase=1.3079e-02 | support=3.4771e+00
2026-08-18 14:07:23 | INFO    | TRAIN | epoch=072/100 | batch=01250/01563 ( 79.97%) | lr=1.000e-06 | elapsed=0:09:09 | eta=0:02:17
    losses | total=2.8725e+00 | fourier=2.8725e+00 | amplitude=2.2628e-02 | phase=1.9306e-02 | support=3.3980e+00
2026-08-18 14:07:45 | INFO    | TRAIN | epoch=072/100 | batch=01300/01563 ( 83.17%) | lr=1.000e-06 | elapsed=0:09:31 | eta=0:01:55
    losses | total=2.8132e+00 | fourier=2.8132e+00 | amplitude=1.9759e-02 | phase=1.6680e-02 | support=3.6738e+00
2026-08-18 14:08:07 | INFO    | TRAIN | epoch=072/100 | batch=01350/01563 ( 86.37%) | lr=1.000e-06 | elapsed=0:09:53 | eta=0:01:33
    losses | total=2.8139e+00 | fourier=2.8139e+00 | amplitude=1.8001e-02 | phase=1.5415e-02 | support=3.7003e+00
2026-08-18 14:08:29 | INFO    | TRAIN | epoch=072/100 | batch=01400/01563 ( 89.57%) | lr=1.000e-06 | elapsed=0:10:15 | eta=0:01:11
    losses | total=3.1373e+00 | fourier=3.1373e+00 | amplitude=2.0344e-02 | phase=2.6959e-02 | support=3.1660e+00
2026-08-18 14:08:51 | INFO    | TRAIN | epoch=072/100 | batch=01450/01563 ( 92.77%) | lr=1.000e-06 | elapsed=0:10:37 | eta=0:00:49
    losses | total=2.7111e+00 | fourier=2.7111e+00 | amplitude=1.6053e-02 | phase=1.5444e-02 | support=3.4114e+00
2026-08-18 14:09:13 | INFO    | TRAIN | epoch=072/100 | batch=01500/01563 ( 95.97%) | lr=1.000e-06 | elapsed=0:10:59 | eta=0:00:27
    losses | total=2.7811e+00 | fourier=2.7811e+00 | amplitude=2.0729e-02 | phase=1.7456e-02 | support=3.6529e+00
2026-08-18 14:09:35 | INFO    | TRAIN | epoch=072/100 | batch=01550/01563 ( 99.17%) | lr=1.000e-06 | elapsed=0:11:21 | eta=0:00:05
    losses | total=2.8559e+00 | fourier=2.8559e+00 | amplitude=1.9445e-02 | phase=1.6636e-02 | support=3.6397e+00
2026-08-18 14:09:40 | INFO    | TRAIN | epoch=072/100 | batch=01563/01563 (100.00%) | lr=1.000e-06 | elapsed=0:11:27 | eta=0:00:00
    losses | total=2.8475e+00 | fourier=2.8475e+00 | amplitude=1.7096e-02 | phase=1.5593e-02 | support=3.6013e+00
2026-08-18 14:09:41 | INFO    | TRAIN epoch 072 complete | batches=1563 | samples=25000 | time=0:11:27
2026-08-18 14:09:46 | INFO    | VAL | epoch=072/100 | batch=00050/00313 ( 15.97%) | elapsed=0:00:05 | eta=0:00:28
    losses | total=4.2491e+00 | fourier=4.2491e+00 | amplitude=1.9896e-02 | phase=2.0345e-02 | support=3.4527e+00
2026-08-18 14:09:51 | INFO    | VAL | epoch=072/100 | batch=00100/00313 ( 31.95%) | elapsed=0:00:10 | eta=0:00:22
    losses | total=3.3750e+00 | fourier=3.3750e+00 | amplitude=2.0760e-02 | phase=1.5539e-02 | support=3.6233e+00
2026-08-18 14:09:57 | INFO    | VAL | epoch=072/100 | batch=00150/00313 ( 47.92%) | elapsed=0:00:15 | eta=0:00:17
    losses | total=3.7528e+00 | fourier=3.7528e+00 | amplitude=1.8517e-02 | phase=1.6413e-02 | support=3.2913e+00
2026-08-18 14:10:02 | INFO    | VAL | epoch=072/100 | batch=00200/00313 ( 63.90%) | elapsed=0:00:21 | eta=0:00:11
    losses | total=3.8823e+00 | fourier=3.8823e+00 | amplitude=1.9340e-02 | phase=1.5482e-02 | support=3.5510e+00
2026-08-18 14:10:07 | INFO    | VAL | epoch=072/100 | batch=00250/00313 ( 79.87%) | elapsed=0:00:26 | eta=0:00:06
    losses | total=3.7359e+00 | fourier=3.7359e+00 | amplitude=2.0624e-02 | phase=2.1079e-02 | support=3.3430e+00
2026-08-18 14:10:12 | INFO    | VAL | epoch=072/100 | batch=00300/00313 ( 95.85%) | elapsed=0:00:31 | eta=0:00:01
    losses | total=3.5878e+00 | fourier=3.5878e+00 | amplitude=2.0872e-02 | phase=2.0316e-02 | support=3.3179e+00
2026-08-18 14:10:14 | INFO    | VAL | epoch=072/100 | batch=00313/00313 (100.00%) | elapsed=0:00:32 | eta=0:00:00
    losses | total=3.9388e+00 | fourier=3.9388e+00 | amplitude=1.7648e-02 | phase=1.6848e-02 | support=3.1135e+00
2026-08-18 14:10:14 | INFO    | VAL epoch 072 complete | batches=313 | samples=5000 | time=0:00:32
2026-08-18 14:10:14 | INFO    | Cross-skip strengths | 8/phase_to_amp=+6.1415e-03 | 8/amp_to_phase=-3.2699e-02 | 16/phase_to_amp=-1.7034e-02 | 16/amp_to_phase=+9.3634e-02
2026-08-18 14:10:14 | INFO    | 
------------------------------------------------------------------------------------------------
Epoch 072/100 summary
split             total      fourier    amplitude        phase      support        time
train        2.8791e+00   2.8791e+00   1.9469e-02   1.7386e-02   3.4565e+00     0:11:27
validation   3.6932e+00   3.6932e+00   1.9475e-02   1.7488e-02   3.4483e+00     0:00:32
lr=1.000e-06 | best_val=3.6920e+00 | best_updated=no | periodic_checkpoint=no
------------------------------------------------------------------------------------------------
2026-08-18 14:10:36 | INFO    | TRAIN | epoch=073/100 | batch=00050/01563 (  3.20%) | lr=1.000e-06 | elapsed=0:00:22 | eta=0:11:09
    losses | total=2.7676e+00 | fourier=2.7676e+00 | amplitude=1.9134e-02 | phase=1.3646e-02 | support=3.4898e+00
2026-08-18 14:10:58 | INFO    | TRAIN | epoch=073/100 | batch=00100/01563 (  6.40%) | lr=1.000e-06 | elapsed=0:00:44 | eta=0:10:44
    losses | total=2.6489e+00 | fourier=2.6489e+00 | amplitude=1.7920e-02 | phase=1.4463e-02 | support=3.8707e+00
2026-08-18 14:11:20 | INFO    | TRAIN | epoch=073/100 | batch=00150/01563 (  9.60%) | lr=1.000e-06 | elapsed=0:01:06 | eta=0:10:22
    losses | total=2.8848e+00 | fourier=2.8848e+00 | amplitude=1.9482e-02 | phase=1.7191e-02 | support=3.2059e+00
2026-08-18 14:11:42 | INFO    | TRAIN | epoch=073/100 | batch=00200/01563 ( 12.80%) | lr=1.000e-06 | elapsed=0:01:28 | eta=0:09:59
    losses | total=2.7383e+00 | fourier=2.7383e+00 | amplitude=1.7678e-02 | phase=1.4189e-02 | support=3.9930e+00
2026-08-18 14:12:04 | INFO    | TRAIN | epoch=073/100 | batch=00250/01563 ( 15.99%) | lr=1.000e-06 | elapsed=0:01:49 | eta=0:09:37
    losses | total=2.8783e+00 | fourier=2.8783e+00 | amplitude=1.8248e-02 | phase=1.7003e-02 | support=3.3652e+00
2026-08-18 14:12:26 | INFO    | TRAIN | epoch=073/100 | batch=00300/01563 ( 19.19%) | lr=1.000e-06 | elapsed=0:02:11 | eta=0:09:15
    losses | total=2.8084e+00 | fourier=2.8084e+00 | amplitude=1.9298e-02 | phase=1.3284e-02 | support=4.1704e+00
2026-08-18 14:12:48 | INFO    | TRAIN | epoch=073/100 | batch=00350/01563 ( 22.39%) | lr=1.000e-06 | elapsed=0:02:33 | eta=0:08:53
    losses | total=2.8827e+00 | fourier=2.8827e+00 | amplitude=1.8249e-02 | phase=1.5279e-02 | support=3.7163e+00
2026-08-18 14:13:10 | INFO    | TRAIN | epoch=073/100 | batch=00400/01563 ( 25.59%) | lr=1.000e-06 | elapsed=0:02:55 | eta=0:08:31
    losses | total=2.8436e+00 | fourier=2.8436e+00 | amplitude=2.1371e-02 | phase=1.8616e-02 | support=4.1340e+00
2026-08-18 14:13:32 | INFO    | TRAIN | epoch=073/100 | batch=00450/01563 ( 28.79%) | lr=1.000e-06 | elapsed=0:03:17 | eta=0:08:09
    losses | total=2.7160e+00 | fourier=2.7160e+00 | amplitude=2.0039e-02 | phase=1.3896e-02 | support=3.0264e+00
2026-08-18 14:13:54 | INFO    | TRAIN | epoch=073/100 | batch=00500/01563 ( 31.99%) | lr=1.000e-06 | elapsed=0:03:39 | eta=0:07:47
    losses | total=3.0343e+00 | fourier=3.0343e+00 | amplitude=1.8124e-02 | phase=2.3289e-02 | support=3.1773e+00
2026-08-18 14:14:16 | INFO    | TRAIN | epoch=073/100 | batch=00550/01563 ( 35.19%) | lr=1.000e-06 | elapsed=0:04:01 | eta=0:07:25
    losses | total=2.9485e+00 | fourier=2.9485e+00 | amplitude=1.9852e-02 | phase=1.5472e-02 | support=3.4237e+00
2026-08-18 14:14:38 | INFO    | TRAIN | epoch=073/100 | batch=00600/01563 ( 38.39%) | lr=1.000e-06 | elapsed=0:04:23 | eta=0:07:03
    losses | total=2.8110e+00 | fourier=2.8110e+00 | amplitude=2.1934e-02 | phase=1.6626e-02 | support=3.9037e+00
2026-08-18 14:15:00 | INFO    | TRAIN | epoch=073/100 | batch=00650/01563 ( 41.59%) | lr=1.000e-06 | elapsed=0:04:45 | eta=0:06:41
    losses | total=2.8669e+00 | fourier=2.8669e+00 | amplitude=2.0726e-02 | phase=1.6778e-02 | support=3.6884e+00
2026-08-18 14:15:22 | INFO    | TRAIN | epoch=073/100 | batch=00700/01563 ( 44.79%) | lr=1.000e-06 | elapsed=0:05:07 | eta=0:06:19
    losses | total=2.7873e+00 | fourier=2.7873e+00 | amplitude=1.7345e-02 | phase=1.6824e-02 | support=3.0704e+00
2026-08-18 14:15:43 | INFO    | TRAIN | epoch=073/100 | batch=00750/01563 ( 47.98%) | lr=1.000e-06 | elapsed=0:05:29 | eta=0:05:57
    losses | total=2.9184e+00 | fourier=2.9184e+00 | amplitude=2.1577e-02 | phase=2.0584e-02 | support=3.5921e+00
2026-08-18 14:16:05 | INFO    | TRAIN | epoch=073/100 | batch=00800/01563 ( 51.18%) | lr=1.000e-06 | elapsed=0:05:51 | eta=0:05:35
    losses | total=3.0197e+00 | fourier=3.0197e+00 | amplitude=1.8477e-02 | phase=1.4540e-02 | support=3.9785e+00
2026-08-18 14:16:27 | INFO    | TRAIN | epoch=073/100 | batch=00850/01563 ( 54.38%) | lr=1.000e-06 | elapsed=0:06:13 | eta=0:05:13
    losses | total=2.6844e+00 | fourier=2.6844e+00 | amplitude=1.9368e-02 | phase=1.3793e-02 | support=4.0259e+00
2026-08-18 14:16:49 | INFO    | TRAIN | epoch=073/100 | batch=00900/01563 ( 57.58%) | lr=1.000e-06 | elapsed=0:06:35 | eta=0:04:51
    losses | total=2.9093e+00 | fourier=2.9093e+00 | amplitude=1.8336e-02 | phase=1.7728e-02 | support=3.1379e+00
2026-08-18 14:17:11 | INFO    | TRAIN | epoch=073/100 | batch=00950/01563 ( 60.78%) | lr=1.000e-06 | elapsed=0:06:57 | eta=0:04:29
    losses | total=2.7991e+00 | fourier=2.7991e+00 | amplitude=2.1376e-02 | phase=1.5305e-02 | support=3.5402e+00
2026-08-18 14:17:33 | INFO    | TRAIN | epoch=073/100 | batch=01000/01563 ( 63.98%) | lr=1.000e-06 | elapsed=0:07:19 | eta=0:04:07
    losses | total=3.1513e+00 | fourier=3.1513e+00 | amplitude=2.4742e-02 | phase=2.4548e-02 | support=3.2719e+00
2026-08-18 14:17:55 | INFO    | TRAIN | epoch=073/100 | batch=01050/01563 ( 67.18%) | lr=1.000e-06 | elapsed=0:07:41 | eta=0:03:45
    losses | total=2.8468e+00 | fourier=2.8468e+00 | amplitude=1.8702e-02 | phase=2.3005e-02 | support=3.3680e+00
2026-08-18 14:18:17 | INFO    | TRAIN | epoch=073/100 | batch=01100/01563 ( 70.38%) | lr=1.000e-06 | elapsed=0:08:03 | eta=0:03:23
    losses | total=2.7779e+00 | fourier=2.7779e+00 | amplitude=1.8475e-02 | phase=1.4519e-02 | support=3.7659e+00
2026-08-18 14:18:39 | INFO    | TRAIN | epoch=073/100 | batch=01150/01563 ( 73.58%) | lr=1.000e-06 | elapsed=0:08:25 | eta=0:03:01
    losses | total=2.7829e+00 | fourier=2.7829e+00 | amplitude=1.7240e-02 | phase=1.4327e-02 | support=3.7902e+00
2026-08-18 14:19:01 | INFO    | TRAIN | epoch=073/100 | batch=01200/01563 ( 76.78%) | lr=1.000e-06 | elapsed=0:08:47 | eta=0:02:39
    losses | total=2.6339e+00 | fourier=2.6339e+00 | amplitude=2.0729e-02 | phase=1.4055e-02 | support=3.7147e+00
2026-08-18 14:19:23 | INFO    | TRAIN | epoch=073/100 | batch=01250/01563 ( 79.97%) | lr=1.000e-06 | elapsed=0:09:09 | eta=0:02:17
    losses | total=2.9828e+00 | fourier=2.9828e+00 | amplitude=1.7160e-02 | phase=1.9399e-02 | support=2.8995e+00
2026-08-18 14:19:45 | INFO    | TRAIN | epoch=073/100 | batch=01300/01563 ( 83.17%) | lr=1.000e-06 | elapsed=0:09:30 | eta=0:01:55
    losses | total=2.8213e+00 | fourier=2.8213e+00 | amplitude=2.3000e-02 | phase=1.8283e-02 | support=3.1713e+00
2026-08-18 14:20:07 | INFO    | TRAIN | epoch=073/100 | batch=01350/01563 ( 86.37%) | lr=1.000e-06 | elapsed=0:09:52 | eta=0:01:33
    losses | total=2.9958e+00 | fourier=2.9958e+00 | amplitude=1.7936e-02 | phase=1.8102e-02 | support=3.8145e+00
2026-08-18 14:20:29 | INFO    | TRAIN | epoch=073/100 | batch=01400/01563 ( 89.57%) | lr=1.000e-06 | elapsed=0:10:14 | eta=0:01:11
    losses | total=2.7285e+00 | fourier=2.7285e+00 | amplitude=1.7099e-02 | phase=1.3497e-02 | support=3.8061e+00
2026-08-18 14:20:51 | INFO    | TRAIN | epoch=073/100 | batch=01450/01563 ( 92.77%) | lr=1.000e-06 | elapsed=0:10:36 | eta=0:00:49
    losses | total=2.7904e+00 | fourier=2.7904e+00 | amplitude=2.0501e-02 | phase=1.5294e-02 | support=3.9331e+00
2026-08-18 14:21:13 | INFO    | TRAIN | epoch=073/100 | batch=01500/01563 ( 95.97%) | lr=1.000e-06 | elapsed=0:10:58 | eta=0:00:27
    losses | total=3.0882e+00 | fourier=3.0882e+00 | amplitude=1.9173e-02 | phase=2.0815e-02 | support=3.3022e+00
2026-08-18 14:21:35 | INFO    | TRAIN | epoch=073/100 | batch=01550/01563 ( 99.17%) | lr=1.000e-06 | elapsed=0:11:20 | eta=0:00:05
    losses | total=2.7328e+00 | fourier=2.7328e+00 | amplitude=1.9860e-02 | phase=1.8353e-02 | support=3.3304e+00
2026-08-18 14:21:40 | INFO    | TRAIN | epoch=073/100 | batch=01563/01563 (100.00%) | lr=1.000e-06 | elapsed=0:11:26 | eta=0:00:00
    losses | total=3.0362e+00 | fourier=3.0362e+00 | amplitude=2.0020e-02 | phase=1.5244e-02 | support=3.7636e+00
2026-08-18 14:21:41 | INFO    | TRAIN epoch 073 complete | batches=1563 | samples=25000 | time=0:11:26
2026-08-18 14:21:46 | INFO    | VAL | epoch=073/100 | batch=00050/00313 ( 15.97%) | elapsed=0:00:05 | eta=0:00:28
    losses | total=4.2486e+00 | fourier=4.2486e+00 | amplitude=1.9894e-02 | phase=2.0334e-02 | support=3.4517e+00
2026-08-18 14:21:51 | INFO    | VAL | epoch=073/100 | batch=00100/00313 ( 31.95%) | elapsed=0:00:10 | eta=0:00:22
    losses | total=3.3728e+00 | fourier=3.3728e+00 | amplitude=2.0765e-02 | phase=1.5537e-02 | support=3.6253e+00
2026-08-18 14:21:56 | INFO    | VAL | epoch=073/100 | batch=00150/00313 ( 47.92%) | elapsed=0:00:15 | eta=0:00:17
    losses | total=3.7479e+00 | fourier=3.7479e+00 | amplitude=1.8523e-02 | phase=1.6407e-02 | support=3.2918e+00
2026-08-18 14:22:02 | INFO    | VAL | epoch=073/100 | batch=00200/00313 ( 63.90%) | elapsed=0:00:21 | eta=0:00:11
    losses | total=3.8791e+00 | fourier=3.8791e+00 | amplitude=1.9343e-02 | phase=1.5488e-02 | support=3.5510e+00
2026-08-18 14:22:07 | INFO    | VAL | epoch=073/100 | batch=00250/00313 ( 79.87%) | elapsed=0:00:26 | eta=0:00:06
    losses | total=3.7344e+00 | fourier=3.7344e+00 | amplitude=2.0626e-02 | phase=2.1073e-02 | support=3.3438e+00
2026-08-18 14:22:12 | INFO    | VAL | epoch=073/100 | batch=00300/00313 ( 95.85%) | elapsed=0:00:31 | eta=0:00:01
    losses | total=3.5859e+00 | fourier=3.5859e+00 | amplitude=2.0873e-02 | phase=2.0317e-02 | support=3.3178e+00
2026-08-18 14:22:13 | INFO    | VAL | epoch=073/100 | batch=00313/00313 (100.00%) | elapsed=0:00:32 | eta=0:00:00
    losses | total=3.9363e+00 | fourier=3.9363e+00 | amplitude=1.7653e-02 | phase=1.6860e-02 | support=3.1138e+00
2026-08-18 14:22:14 | INFO    | VAL epoch 073 complete | batches=313 | samples=5000 | time=0:00:32
2026-08-18 14:22:14 | INFO    | Cross-skip strengths | 8/phase_to_amp=+6.1040e-03 | 8/amp_to_phase=-3.2697e-02 | 16/phase_to_amp=-1.7026e-02 | 16/amp_to_phase=+9.3653e-02
2026-08-18 14:22:14 | INFO    | 
------------------------------------------------------------------------------------------------
Epoch 073/100 summary
split             total      fourier    amplitude        phase      support        time
train        2.8785e+00   2.8785e+00   1.9469e-02   1.7386e-02   3.4575e+00     0:11:26
validation   3.6925e+00   3.6925e+00   1.9478e-02   1.7490e-02   3.4488e+00     0:00:32
lr=1.000e-06 | best_val=3.6920e+00 | best_updated=no | periodic_checkpoint=no
------------------------------------------------------------------------------------------------
2026-08-18 14:22:36 | INFO    | TRAIN | epoch=074/100 | batch=00050/01563 (  3.20%) | lr=1.000e-06 | elapsed=0:00:22 | eta=0:11:10
    losses | total=2.7717e+00 | fourier=2.7717e+00 | amplitude=1.7079e-02 | phase=1.6636e-02 | support=3.1434e+00
2026-08-18 14:22:58 | INFO    | TRAIN | epoch=074/100 | batch=00100/01563 (  6.40%) | lr=1.000e-06 | elapsed=0:00:44 | eta=0:10:45
    losses | total=2.8333e+00 | fourier=2.8333e+00 | amplitude=1.8262e-02 | phase=1.4913e-02 | support=3.5004e+00
2026-08-18 14:23:20 | INFO    | TRAIN | epoch=074/100 | batch=00150/01563 (  9.60%) | lr=1.000e-06 | elapsed=0:01:06 | eta=0:10:22
    losses | total=2.8676e+00 | fourier=2.8676e+00 | amplitude=1.9836e-02 | phase=2.1822e-02 | support=3.1649e+00
2026-08-18 14:23:42 | INFO    | TRAIN | epoch=074/100 | batch=00200/01563 ( 12.80%) | lr=1.000e-06 | elapsed=0:01:28 | eta=0:10:00
    losses | total=2.8550e+00 | fourier=2.8550e+00 | amplitude=2.1211e-02 | phase=1.7268e-02 | support=4.0779e+00
2026-08-18 14:24:04 | INFO    | TRAIN | epoch=074/100 | batch=00250/01563 ( 15.99%) | lr=1.000e-06 | elapsed=0:01:50 | eta=0:09:38
    losses | total=2.5936e+00 | fourier=2.5936e+00 | amplitude=1.7470e-02 | phase=1.3011e-02 | support=3.5098e+00
2026-08-18 14:24:26 | INFO    | TRAIN | epoch=074/100 | batch=00300/01563 ( 19.19%) | lr=1.000e-06 | elapsed=0:02:12 | eta=0:09:15
    losses | total=2.6793e+00 | fourier=2.6793e+00 | amplitude=2.0723e-02 | phase=1.0524e-02 | support=4.0435e+00
2026-08-18 14:24:48 | INFO    | TRAIN | epoch=074/100 | batch=00350/01563 ( 22.39%) | lr=1.000e-06 | elapsed=0:02:34 | eta=0:08:53
    losses | total=3.1020e+00 | fourier=3.1020e+00 | amplitude=2.0801e-02 | phase=2.0820e-02 | support=3.6749e+00
2026-08-18 14:25:10 | INFO    | TRAIN | epoch=074/100 | batch=00400/01563 ( 25.59%) | lr=1.000e-06 | elapsed=0:02:56 | eta=0:08:31
    losses | total=3.3108e+00 | fourier=3.3108e+00 | amplitude=2.0860e-02 | phase=2.4783e-02 | support=3.1662e+00
2026-08-18 14:25:32 | INFO    | TRAIN | epoch=074/100 | batch=00450/01563 ( 28.79%) | lr=1.000e-06 | elapsed=0:03:18 | eta=0:08:09
    losses | total=2.6998e+00 | fourier=2.6998e+00 | amplitude=1.8582e-02 | phase=1.6738e-02 | support=3.6586e+00
2026-08-18 14:25:54 | INFO    | TRAIN | epoch=074/100 | batch=00500/01563 ( 31.99%) | lr=1.000e-06 | elapsed=0:03:39 | eta=0:07:47
    losses | total=3.0714e+00 | fourier=3.0714e+00 | amplitude=2.0398e-02 | phase=2.1754e-02 | support=3.0524e+00
2026-08-18 14:26:16 | INFO    | TRAIN | epoch=074/100 | batch=00550/01563 ( 35.19%) | lr=1.000e-06 | elapsed=0:04:01 | eta=0:07:25
    losses | total=3.0483e+00 | fourier=3.0483e+00 | amplitude=2.0274e-02 | phase=1.5692e-02 | support=3.4975e+00
2026-08-18 14:26:38 | INFO    | TRAIN | epoch=074/100 | batch=00600/01563 ( 38.39%) | lr=1.000e-06 | elapsed=0:04:23 | eta=0:07:03
    losses | total=3.0273e+00 | fourier=3.0273e+00 | amplitude=1.8844e-02 | phase=2.2040e-02 | support=3.4319e+00
2026-08-18 14:27:00 | INFO    | TRAIN | epoch=074/100 | batch=00650/01563 ( 41.59%) | lr=1.000e-06 | elapsed=0:04:45 | eta=0:06:41
    losses | total=2.8985e+00 | fourier=2.8985e+00 | amplitude=2.0153e-02 | phase=1.8969e-02 | support=3.1148e+00
2026-08-18 14:27:22 | INFO    | TRAIN | epoch=074/100 | batch=00700/01563 ( 44.79%) | lr=1.000e-06 | elapsed=0:05:07 | eta=0:06:19
    losses | total=2.8921e+00 | fourier=2.8921e+00 | amplitude=1.8087e-02 | phase=1.6823e-02 | support=3.5761e+00
2026-08-18 14:27:44 | INFO    | TRAIN | epoch=074/100 | batch=00750/01563 ( 47.98%) | lr=1.000e-06 | elapsed=0:05:29 | eta=0:05:57
    losses | total=3.2375e+00 | fourier=3.2375e+00 | amplitude=1.9401e-02 | phase=1.8580e-02 | support=3.2112e+00
2026-08-18 14:28:06 | INFO    | TRAIN | epoch=074/100 | batch=00800/01563 ( 51.18%) | lr=1.000e-06 | elapsed=0:05:51 | eta=0:05:35
    losses | total=3.0206e+00 | fourier=3.0206e+00 | amplitude=1.5487e-02 | phase=1.8115e-02 | support=3.0481e+00
2026-08-18 14:28:28 | INFO    | TRAIN | epoch=074/100 | batch=00850/01563 ( 54.38%) | lr=1.000e-06 | elapsed=0:06:13 | eta=0:05:13
    losses | total=2.7983e+00 | fourier=2.7983e+00 | amplitude=1.8129e-02 | phase=1.2241e-02 | support=3.6805e+00
2026-08-18 14:28:50 | INFO    | TRAIN | epoch=074/100 | batch=00900/01563 ( 57.58%) | lr=1.000e-06 | elapsed=0:06:35 | eta=0:04:51
    losses | total=2.7576e+00 | fourier=2.7576e+00 | amplitude=1.9930e-02 | phase=1.7784e-02 | support=3.2860e+00
2026-08-18 14:29:12 | INFO    | TRAIN | epoch=074/100 | batch=00950/01563 ( 60.78%) | lr=1.000e-06 | elapsed=0:06:57 | eta=0:04:29
    losses | total=2.9478e+00 | fourier=2.9478e+00 | amplitude=1.9207e-02 | phase=2.0042e-02 | support=3.3057e+00
2026-08-18 14:29:34 | INFO    | TRAIN | epoch=074/100 | batch=01000/01563 ( 63.98%) | lr=1.000e-06 | elapsed=0:07:19 | eta=0:04:07
    losses | total=2.8750e+00 | fourier=2.8750e+00 | amplitude=1.9349e-02 | phase=1.7825e-02 | support=3.3171e+00
2026-08-18 14:29:56 | INFO    | TRAIN | epoch=074/100 | batch=01050/01563 ( 67.18%) | lr=1.000e-06 | elapsed=0:07:41 | eta=0:03:45
    losses | total=2.9609e+00 | fourier=2.9609e+00 | amplitude=1.9516e-02 | phase=2.3977e-02 | support=3.0056e+00
2026-08-18 14:30:17 | INFO    | TRAIN | epoch=074/100 | batch=01100/01563 ( 70.38%) | lr=1.000e-06 | elapsed=0:08:03 | eta=0:03:23
    losses | total=2.6329e+00 | fourier=2.6329e+00 | amplitude=1.6224e-02 | phase=1.3159e-02 | support=3.6024e+00
2026-08-18 14:30:39 | INFO    | TRAIN | epoch=074/100 | batch=01150/01563 ( 73.58%) | lr=1.000e-06 | elapsed=0:08:25 | eta=0:03:01
    losses | total=2.7404e+00 | fourier=2.7404e+00 | amplitude=1.9357e-02 | phase=1.6271e-02 | support=3.4091e+00
2026-08-18 14:31:01 | INFO    | TRAIN | epoch=074/100 | batch=01200/01563 ( 76.78%) | lr=1.000e-06 | elapsed=0:08:47 | eta=0:02:39
    losses | total=2.8403e+00 | fourier=2.8403e+00 | amplitude=1.9559e-02 | phase=1.5183e-02 | support=3.3403e+00
2026-08-18 14:31:23 | INFO    | TRAIN | epoch=074/100 | batch=01250/01563 ( 79.97%) | lr=1.000e-06 | elapsed=0:09:09 | eta=0:02:17
    losses | total=2.8084e+00 | fourier=2.8084e+00 | amplitude=1.8340e-02 | phase=1.6763e-02 | support=3.2810e+00
2026-08-18 14:31:45 | INFO    | TRAIN | epoch=074/100 | batch=01300/01563 ( 83.17%) | lr=1.000e-06 | elapsed=0:09:31 | eta=0:01:55
    losses | total=2.6537e+00 | fourier=2.6537e+00 | amplitude=1.7123e-02 | phase=1.4397e-02 | support=3.3690e+00
2026-08-18 14:32:07 | INFO    | TRAIN | epoch=074/100 | batch=01350/01563 ( 86.37%) | lr=1.000e-06 | elapsed=0:09:53 | eta=0:01:33
    losses | total=3.0936e+00 | fourier=3.0936e+00 | amplitude=1.8319e-02 | phase=2.3661e-02 | support=3.3593e+00
2026-08-18 14:32:29 | INFO    | TRAIN | epoch=074/100 | batch=01400/01563 ( 89.57%) | lr=1.000e-06 | elapsed=0:10:15 | eta=0:01:11
    losses | total=2.7288e+00 | fourier=2.7288e+00 | amplitude=2.1060e-02 | phase=1.8058e-02 | support=3.6673e+00
2026-08-18 14:32:51 | INFO    | TRAIN | epoch=074/100 | batch=01450/01563 ( 92.77%) | lr=1.000e-06 | elapsed=0:10:37 | eta=0:00:49
    losses | total=2.8091e+00 | fourier=2.8091e+00 | amplitude=2.0717e-02 | phase=2.1797e-02 | support=3.5845e+00
2026-08-18 14:33:13 | INFO    | TRAIN | epoch=074/100 | batch=01500/01563 ( 95.97%) | lr=1.000e-06 | elapsed=0:10:59 | eta=0:00:27
    losses | total=2.8293e+00 | fourier=2.8293e+00 | amplitude=1.7454e-02 | phase=1.9104e-02 | support=3.4455e+00
2026-08-18 14:33:37 | INFO    | TRAIN | epoch=074/100 | batch=01550/01563 ( 99.17%) | lr=1.000e-06 | elapsed=0:11:23 | eta=0:00:05
    losses | total=3.0692e+00 | fourier=3.0692e+00 | amplitude=2.0812e-02 | phase=1.9360e-02 | support=3.8768e+00
2026-08-18 14:33:43 | INFO    | TRAIN | epoch=074/100 | batch=01563/01563 (100.00%) | lr=1.000e-06 | elapsed=0:11:29 | eta=0:00:00
    losses | total=2.9521e+00 | fourier=2.9521e+00 | amplitude=1.9737e-02 | phase=2.1585e-02 | support=3.3650e+00
2026-08-18 14:33:43 | INFO    | TRAIN epoch 074 complete | batches=1563 | samples=25000 | time=0:11:29
2026-08-18 14:33:49 | INFO    | VAL | epoch=074/100 | batch=00050/00313 ( 15.97%) | elapsed=0:00:05 | eta=0:00:28
    losses | total=4.2499e+00 | fourier=4.2499e+00 | amplitude=1.9895e-02 | phase=2.0330e-02 | support=3.4519e+00
2026-08-18 14:33:54 | INFO    | VAL | epoch=074/100 | batch=00100/00313 ( 31.95%) | elapsed=0:00:10 | eta=0:00:22
    losses | total=3.3746e+00 | fourier=3.3746e+00 | amplitude=2.0764e-02 | phase=1.5529e-02 | support=3.6236e+00
2026-08-18 14:33:59 | INFO    | VAL | epoch=074/100 | batch=00150/00313 ( 47.92%) | elapsed=0:00:15 | eta=0:00:17
    losses | total=3.7485e+00 | fourier=3.7485e+00 | amplitude=1.8526e-02 | phase=1.6405e-02 | support=3.2915e+00
2026-08-18 14:34:04 | INFO    | VAL | epoch=074/100 | batch=00200/00313 ( 63.90%) | elapsed=0:00:21 | eta=0:00:11
    losses | total=3.8835e+00 | fourier=3.8835e+00 | amplitude=1.9346e-02 | phase=1.5479e-02 | support=3.5494e+00
2026-08-18 14:34:10 | INFO    | VAL | epoch=074/100 | batch=00250/00313 ( 79.87%) | elapsed=0:00:26 | eta=0:00:06
    losses | total=3.7387e+00 | fourier=3.7387e+00 | amplitude=2.0630e-02 | phase=2.1072e-02 | support=3.3426e+00
2026-08-18 14:34:15 | INFO    | VAL | epoch=074/100 | batch=00300/00313 ( 95.85%) | elapsed=0:00:31 | eta=0:00:01
    losses | total=3.5874e+00 | fourier=3.5874e+00 | amplitude=2.0881e-02 | phase=2.0309e-02 | support=3.3182e+00
2026-08-18 14:34:16 | INFO    | VAL | epoch=074/100 | batch=00313/00313 (100.00%) | elapsed=0:00:32 | eta=0:00:00
    losses | total=3.9399e+00 | fourier=3.9399e+00 | amplitude=1.7649e-02 | phase=1.6838e-02 | support=3.1134e+00
2026-08-18 14:34:16 | INFO    | VAL epoch 074 complete | batches=313 | samples=5000 | time=0:00:32
2026-08-18 14:34:16 | INFO    | Cross-skip strengths | 8/phase_to_amp=+6.1419e-03 | 8/amp_to_phase=-3.2710e-02 | 16/phase_to_amp=-1.6990e-02 | 16/amp_to_phase=+9.3676e-02
2026-08-18 14:34:16 | INFO    | 
------------------------------------------------------------------------------------------------
Epoch 074/100 summary
split             total      fourier    amplitude        phase      support        time
train        2.8788e+00   2.8788e+00   1.9469e-02   1.7390e-02   3.4568e+00     0:11:29
validation   3.6928e+00   3.6928e+00   1.9479e-02   1.7485e-02   3.4478e+00     0:00:32
lr=1.000e-06 | best_val=3.6920e+00 | best_updated=no | periodic_checkpoint=no
------------------------------------------------------------------------------------------------
2026-08-18 14:34:39 | INFO    | TRAIN | epoch=075/100 | batch=00050/01563 (  3.20%) | lr=1.000e-06 | elapsed=0:00:22 | eta=0:11:09
    losses | total=3.0508e+00 | fourier=3.0508e+00 | amplitude=2.0959e-02 | phase=2.0030e-02 | support=3.3092e+00
2026-08-18 14:35:01 | INFO    | TRAIN | epoch=075/100 | batch=00100/01563 (  6.40%) | lr=1.000e-06 | elapsed=0:00:44 | eta=0:10:44
    losses | total=3.1191e+00 | fourier=3.1191e+00 | amplitude=2.3027e-02 | phase=2.7191e-02 | support=3.1568e+00
2026-08-18 14:35:22 | INFO    | TRAIN | epoch=075/100 | batch=00150/01563 (  9.60%) | lr=1.000e-06 | elapsed=0:01:06 | eta=0:10:21
    losses | total=2.7397e+00 | fourier=2.7397e+00 | amplitude=2.1521e-02 | phase=1.4724e-02 | support=3.3549e+00
2026-08-18 14:35:44 | INFO    | TRAIN | epoch=075/100 | batch=00200/01563 ( 12.80%) | lr=1.000e-06 | elapsed=0:01:27 | eta=0:09:59
    losses | total=2.9197e+00 | fourier=2.9197e+00 | amplitude=1.7405e-02 | phase=1.7379e-02 | support=3.4693e+00
2026-08-18 14:36:06 | INFO    | TRAIN | epoch=075/100 | batch=00250/01563 ( 15.99%) | lr=1.000e-06 | elapsed=0:01:49 | eta=0:09:37
    losses | total=2.7838e+00 | fourier=2.7838e+00 | amplitude=1.9189e-02 | phase=1.0521e-02 | support=3.7780e+00
2026-08-18 14:36:28 | INFO    | TRAIN | epoch=075/100 | batch=00300/01563 ( 19.19%) | lr=1.000e-06 | elapsed=0:02:11 | eta=0:09:15
    losses | total=2.9120e+00 | fourier=2.9120e+00 | amplitude=2.1241e-02 | phase=2.0913e-02 | support=3.5060e+00
2026-08-18 14:36:50 | INFO    | TRAIN | epoch=075/100 | batch=00350/01563 ( 22.39%) | lr=1.000e-06 | elapsed=0:02:33 | eta=0:08:53
    losses | total=2.7989e+00 | fourier=2.7989e+00 | amplitude=1.8064e-02 | phase=1.4206e-02 | support=3.4163e+00
2026-08-18 14:37:12 | INFO    | TRAIN | epoch=075/100 | batch=00400/01563 ( 25.59%) | lr=1.000e-06 | elapsed=0:02:55 | eta=0:08:30
    losses | total=2.6680e+00 | fourier=2.6680e+00 | amplitude=1.9310e-02 | phase=1.6160e-02 | support=3.5954e+00
2026-08-18 14:37:34 | INFO    | TRAIN | epoch=075/100 | batch=00450/01563 ( 28.79%) | lr=1.000e-06 | elapsed=0:03:17 | eta=0:08:08
    losses | total=3.0018e+00 | fourier=3.0018e+00 | amplitude=1.7813e-02 | phase=1.9988e-02 | support=3.3931e+00
2026-08-18 14:37:56 | INFO    | TRAIN | epoch=075/100 | batch=00500/01563 ( 31.99%) | lr=1.000e-06 | elapsed=0:03:39 | eta=0:07:46
    losses | total=2.7141e+00 | fourier=2.7141e+00 | amplitude=1.6967e-02 | phase=1.1638e-02 | support=3.8578e+00
2026-08-18 14:38:18 | INFO    | TRAIN | epoch=075/100 | batch=00550/01563 ( 35.19%) | lr=1.000e-06 | elapsed=0:04:01 | eta=0:07:24
    losses | total=2.7298e+00 | fourier=2.7298e+00 | amplitude=1.6860e-02 | phase=1.3691e-02 | support=3.4940e+00
2026-08-18 14:38:40 | INFO    | TRAIN | epoch=075/100 | batch=00600/01563 ( 38.39%) | lr=1.000e-06 | elapsed=0:04:23 | eta=0:07:02
    losses | total=2.8334e+00 | fourier=2.8334e+00 | amplitude=1.8723e-02 | phase=2.0693e-02 | support=3.1980e+00
2026-08-18 14:39:02 | INFO    | TRAIN | epoch=075/100 | batch=00650/01563 ( 41.59%) | lr=1.000e-06 | elapsed=0:04:45 | eta=0:06:40
    losses | total=2.7867e+00 | fourier=2.7867e+00 | amplitude=1.6336e-02 | phase=1.3892e-02 | support=3.7362e+00
2026-08-18 14:39:24 | INFO    | TRAIN | epoch=075/100 | batch=00700/01563 ( 44.79%) | lr=1.000e-06 | elapsed=0:05:07 | eta=0:06:19
    losses | total=2.9393e+00 | fourier=2.9393e+00 | amplitude=1.8331e-02 | phase=1.6669e-02 | support=3.3616e+00
2026-08-18 14:39:46 | INFO    | TRAIN | epoch=075/100 | batch=00750/01563 ( 47.98%) | lr=1.000e-06 | elapsed=0:05:29 | eta=0:05:57
    losses | total=2.9045e+00 | fourier=2.9045e+00 | amplitude=1.8395e-02 | phase=1.7123e-02 | support=3.3696e+00
2026-08-18 14:40:08 | INFO    | TRAIN | epoch=075/100 | batch=00800/01563 ( 51.18%) | lr=1.000e-06 | elapsed=0:05:51 | eta=0:05:35
    losses | total=3.4366e+00 | fourier=3.4366e+00 | amplitude=2.0557e-02 | phase=2.4769e-02 | support=2.9259e+00
2026-08-18 14:40:30 | INFO    | TRAIN | epoch=075/100 | batch=00850/01563 ( 54.38%) | lr=1.000e-06 | elapsed=0:06:13 | eta=0:05:13
    losses | total=3.1044e+00 | fourier=3.1044e+00 | amplitude=2.2642e-02 | phase=1.6483e-02 | support=3.8285e+00
2026-08-18 14:40:52 | INFO    | TRAIN | epoch=075/100 | batch=00900/01563 ( 57.58%) | lr=1.000e-06 | elapsed=0:06:35 | eta=0:04:51
    losses | total=3.0350e+00 | fourier=3.0350e+00 | amplitude=1.8870e-02 | phase=2.0386e-02 | support=3.3046e+00
2026-08-18 14:41:14 | INFO    | TRAIN | epoch=075/100 | batch=00950/01563 ( 60.78%) | lr=1.000e-06 | elapsed=0:06:57 | eta=0:04:29
    losses | total=2.7333e+00 | fourier=2.7333e+00 | amplitude=1.9985e-02 | phase=1.6387e-02 | support=3.5207e+00
2026-08-18 14:41:36 | INFO    | TRAIN | epoch=075/100 | batch=01000/01563 ( 63.98%) | lr=1.000e-06 | elapsed=0:07:19 | eta=0:04:07
    losses | total=2.8640e+00 | fourier=2.8640e+00 | amplitude=1.9623e-02 | phase=1.3955e-02 | support=3.5907e+00
2026-08-18 14:41:57 | INFO    | TRAIN | epoch=075/100 | batch=01050/01563 ( 67.18%) | lr=1.000e-06 | elapsed=0:07:41 | eta=0:03:45
    losses | total=2.7531e+00 | fourier=2.7531e+00 | amplitude=1.5832e-02 | phase=1.6249e-02 | support=3.0146e+00
2026-08-18 14:42:19 | INFO    | TRAIN | epoch=075/100 | batch=01100/01563 ( 70.38%) | lr=1.000e-06 | elapsed=0:08:02 | eta=0:03:23
    losses | total=2.7138e+00 | fourier=2.7138e+00 | amplitude=1.8659e-02 | phase=1.7674e-02 | support=3.6504e+00
2026-08-18 14:42:41 | INFO    | TRAIN | epoch=075/100 | batch=01150/01563 ( 73.58%) | lr=1.000e-06 | elapsed=0:08:24 | eta=0:03:01
    losses | total=2.8427e+00 | fourier=2.8427e+00 | amplitude=1.6823e-02 | phase=1.4062e-02 | support=3.3743e+00
2026-08-18 14:43:03 | INFO    | TRAIN | epoch=075/100 | batch=01200/01563 ( 76.78%) | lr=1.000e-06 | elapsed=0:08:46 | eta=0:02:39
    losses | total=2.7946e+00 | fourier=2.7946e+00 | amplitude=2.0457e-02 | phase=1.8203e-02 | support=3.6228e+00
2026-08-18 14:43:25 | INFO    | TRAIN | epoch=075/100 | batch=01250/01563 ( 79.97%) | lr=1.000e-06 | elapsed=0:09:08 | eta=0:02:17
    losses | total=2.9317e+00 | fourier=2.9317e+00 | amplitude=1.6152e-02 | phase=1.4661e-02 | support=3.4236e+00
2026-08-18 14:43:47 | INFO    | TRAIN | epoch=075/100 | batch=01300/01563 ( 83.17%) | lr=1.000e-06 | elapsed=0:09:30 | eta=0:01:55
    losses | total=2.7915e+00 | fourier=2.7915e+00 | amplitude=1.6862e-02 | phase=1.4730e-02 | support=3.3533e+00
2026-08-18 14:44:09 | INFO    | TRAIN | epoch=075/100 | batch=01350/01563 ( 86.37%) | lr=1.000e-06 | elapsed=0:09:52 | eta=0:01:33
    losses | total=3.0635e+00 | fourier=3.0635e+00 | amplitude=1.8048e-02 | phase=1.9193e-02 | support=3.5426e+00
2026-08-18 14:44:31 | INFO    | TRAIN | epoch=075/100 | batch=01400/01563 ( 89.57%) | lr=1.000e-06 | elapsed=0:10:14 | eta=0:01:11
    losses | total=2.8009e+00 | fourier=2.8009e+00 | amplitude=1.9403e-02 | phase=1.6562e-02 | support=3.5821e+00
2026-08-18 14:44:53 | INFO    | TRAIN | epoch=075/100 | batch=01450/01563 ( 92.77%) | lr=1.000e-06 | elapsed=0:10:36 | eta=0:00:49
    losses | total=2.7380e+00 | fourier=2.7380e+00 | amplitude=1.4534e-02 | phase=1.4764e-02 | support=3.2679e+00
2026-08-18 14:45:15 | INFO    | TRAIN | epoch=075/100 | batch=01500/01563 ( 95.97%) | lr=1.000e-06 | elapsed=0:10:58 | eta=0:00:27
    losses | total=2.7955e+00 | fourier=2.7955e+00 | amplitude=1.8782e-02 | phase=1.9202e-02 | support=3.1688e+00
2026-08-18 14:45:37 | INFO    | TRAIN | epoch=075/100 | batch=01550/01563 ( 99.17%) | lr=1.000e-06 | elapsed=0:11:20 | eta=0:00:05
    losses | total=3.4047e+00 | fourier=3.4047e+00 | amplitude=1.9838e-02 | phase=2.1635e-02 | support=3.4861e+00
2026-08-18 14:45:43 | INFO    | TRAIN | epoch=075/100 | batch=01563/01563 (100.00%) | lr=1.000e-06 | elapsed=0:11:26 | eta=0:00:00
    losses | total=3.1500e+00 | fourier=3.1500e+00 | amplitude=1.8102e-02 | phase=2.0266e-02 | support=3.0613e+00
2026-08-18 14:45:43 | INFO    | TRAIN epoch 075 complete | batches=1563 | samples=25000 | time=0:11:26
2026-08-18 14:45:48 | INFO    | VAL | epoch=075/100 | batch=00050/00313 ( 15.97%) | elapsed=0:00:05 | eta=0:00:28
    losses | total=4.2518e+00 | fourier=4.2518e+00 | amplitude=1.9894e-02 | phase=2.0317e-02 | support=3.4523e+00
2026-08-18 14:45:54 | INFO    | VAL | epoch=075/100 | batch=00100/00313 ( 31.95%) | elapsed=0:00:10 | eta=0:00:22
    losses | total=3.3744e+00 | fourier=3.3744e+00 | amplitude=2.0757e-02 | phase=1.5531e-02 | support=3.6235e+00
2026-08-18 14:45:59 | INFO    | VAL | epoch=075/100 | batch=00150/00313 ( 47.92%) | elapsed=0:00:15 | eta=0:00:17
    losses | total=3.7472e+00 | fourier=3.7472e+00 | amplitude=1.8518e-02 | phase=1.6400e-02 | support=3.2917e+00
2026-08-18 14:46:04 | INFO    | VAL | epoch=075/100 | batch=00200/00313 ( 63.90%) | elapsed=0:00:21 | eta=0:00:11
    losses | total=3.8867e+00 | fourier=3.8867e+00 | amplitude=1.9337e-02 | phase=1.5471e-02 | support=3.5500e+00
2026-08-18 14:46:09 | INFO    | VAL | epoch=075/100 | batch=00250/00313 ( 79.87%) | elapsed=0:00:26 | eta=0:00:06
    losses | total=3.7369e+00 | fourier=3.7369e+00 | amplitude=2.0622e-02 | phase=2.1057e-02 | support=3.3432e+00
2026-08-18 14:46:15 | INFO    | VAL | epoch=075/100 | batch=00300/00313 ( 95.85%) | elapsed=0:00:31 | eta=0:00:01
    losses | total=3.5926e+00 | fourier=3.5926e+00 | amplitude=2.0871e-02 | phase=2.0311e-02 | support=3.3166e+00
2026-08-18 14:46:16 | INFO    | VAL | epoch=075/100 | batch=00313/00313 (100.00%) | elapsed=0:00:32 | eta=0:00:00
    losses | total=3.9410e+00 | fourier=3.9410e+00 | amplitude=1.7651e-02 | phase=1.6854e-02 | support=3.1135e+00
2026-08-18 14:46:16 | INFO    | VAL epoch 075 complete | batches=313 | samples=5000 | time=0:00:33
2026-08-18 14:46:16 | INFO    | Cross-skip strengths | 8/phase_to_amp=+6.1215e-03 | 8/amp_to_phase=-3.2700e-02 | 16/phase_to_amp=-1.7016e-02 | 16/amp_to_phase=+9.3670e-02
2026-08-18 14:46:16 | INFO    | 
------------------------------------------------------------------------------------------------
Epoch 075/100 summary
split             total      fourier    amplitude        phase      support        time
train        2.8796e+00   2.8796e+00   1.9468e-02   1.7384e-02   3.4572e+00     0:11:26
validation   3.6932e+00   3.6932e+00   1.9474e-02   1.7479e-02   3.4481e+00     0:00:33
lr=1.000e-06 | best_val=3.6920e+00 | best_updated=no | periodic_checkpoint=no
------------------------------------------------------------------------------------------------
2026-08-18 14:46:38 | INFO    | TRAIN | epoch=076/100 | batch=00050/01563 (  3.20%) | lr=1.000e-06 | elapsed=0:00:22 | eta=0:11:10
    losses | total=2.7359e+00 | fourier=2.7359e+00 | amplitude=2.0859e-02 | phase=1.4770e-02 | support=3.2907e+00
2026-08-18 14:47:00 | INFO    | TRAIN | epoch=076/100 | batch=00100/01563 (  6.40%) | lr=1.000e-06 | elapsed=0:00:44 | eta=0:10:45
    losses | total=2.7711e+00 | fourier=2.7711e+00 | amplitude=1.7961e-02 | phase=1.4636e-02 | support=3.7629e+00
2026-08-18 14:47:22 | INFO    | TRAIN | epoch=076/100 | batch=00150/01563 (  9.60%) | lr=1.000e-06 | elapsed=0:01:06 | eta=0:10:22
    losses | total=2.7852e+00 | fourier=2.7852e+00 | amplitude=1.9262e-02 | phase=1.8677e-02 | support=3.4403e+00
2026-08-18 14:47:44 | INFO    | TRAIN | epoch=076/100 | batch=00200/01563 ( 12.80%) | lr=1.000e-06 | elapsed=0:01:28 | eta=0:10:00
    losses | total=2.8387e+00 | fourier=2.8387e+00 | amplitude=1.7845e-02 | phase=1.2607e-02 | support=4.0085e+00
2026-08-18 14:48:06 | INFO    | TRAIN | epoch=076/100 | batch=00250/01563 ( 15.99%) | lr=1.000e-06 | elapsed=0:01:50 | eta=0:09:38
    losses | total=2.7930e+00 | fourier=2.7930e+00 | amplitude=1.9657e-02 | phase=1.6030e-02 | support=3.7782e+00
2026-08-18 14:48:28 | INFO    | TRAIN | epoch=076/100 | batch=00300/01563 ( 19.19%) | lr=1.000e-06 | elapsed=0:02:12 | eta=0:09:16
    losses | total=2.7442e+00 | fourier=2.7442e+00 | amplitude=2.0667e-02 | phase=2.0364e-02 | support=3.4359e+00
2026-08-18 14:48:50 | INFO    | TRAIN | epoch=076/100 | batch=00350/01563 ( 22.39%) | lr=1.000e-06 | elapsed=0:02:34 | eta=0:08:53
    losses | total=2.7878e+00 | fourier=2.7878e+00 | amplitude=1.7937e-02 | phase=1.8281e-02 | support=3.0243e+00
2026-08-18 14:49:12 | INFO    | TRAIN | epoch=076/100 | batch=00400/01563 ( 25.59%) | lr=1.000e-06 | elapsed=0:02:56 | eta=0:08:31
    losses | total=2.8942e+00 | fourier=2.8942e+00 | amplitude=1.9857e-02 | phase=1.6046e-02 | support=3.5006e+00
2026-08-18 14:49:34 | INFO    | TRAIN | epoch=076/100 | batch=00450/01563 ( 28.79%) | lr=1.000e-06 | elapsed=0:03:18 | eta=0:08:09
    losses | total=2.9911e+00 | fourier=2.9911e+00 | amplitude=2.0962e-02 | phase=1.7708e-02 | support=3.5672e+00
2026-08-18 14:49:56 | INFO    | TRAIN | epoch=076/100 | batch=00500/01563 ( 31.99%) | lr=1.000e-06 | elapsed=0:03:39 | eta=0:07:47
    losses | total=2.7121e+00 | fourier=2.7121e+00 | amplitude=1.6294e-02 | phase=1.3361e-02 | support=3.5804e+00
2026-08-18 14:50:18 | INFO    | TRAIN | epoch=076/100 | batch=00550/01563 ( 35.19%) | lr=1.000e-06 | elapsed=0:04:01 | eta=0:07:25
    losses | total=2.8559e+00 | fourier=2.8559e+00 | amplitude=1.9061e-02 | phase=1.5766e-02 | support=3.4462e+00
2026-08-18 14:50:40 | INFO    | TRAIN | epoch=076/100 | batch=00600/01563 ( 38.39%) | lr=1.000e-06 | elapsed=0:04:23 | eta=0:07:03
    losses | total=2.7470e+00 | fourier=2.7470e+00 | amplitude=1.6513e-02 | phase=1.2031e-02 | support=3.2592e+00
2026-08-18 14:51:02 | INFO    | TRAIN | epoch=076/100 | batch=00650/01563 ( 41.59%) | lr=1.000e-06 | elapsed=0:04:45 | eta=0:06:41
    losses | total=2.9573e+00 | fourier=2.9573e+00 | amplitude=2.0402e-02 | phase=1.8663e-02 | support=3.2936e+00
2026-08-18 14:51:24 | INFO    | TRAIN | epoch=076/100 | batch=00700/01563 ( 44.79%) | lr=1.000e-06 | elapsed=0:05:07 | eta=0:06:19
    losses | total=2.9884e+00 | fourier=2.9884e+00 | amplitude=2.1336e-02 | phase=1.9741e-02 | support=3.3271e+00
2026-08-18 14:51:46 | INFO    | TRAIN | epoch=076/100 | batch=00750/01563 ( 47.98%) | lr=1.000e-06 | elapsed=0:05:29 | eta=0:05:57
    losses | total=2.9086e+00 | fourier=2.9086e+00 | amplitude=2.1533e-02 | phase=2.1206e-02 | support=3.5028e+00
2026-08-18 14:52:08 | INFO    | TRAIN | epoch=076/100 | batch=00800/01563 ( 51.18%) | lr=1.000e-06 | elapsed=0:05:51 | eta=0:05:35
    losses | total=2.9269e+00 | fourier=2.9269e+00 | amplitude=2.0591e-02 | phase=2.0857e-02 | support=3.5293e+00
2026-08-18 14:52:30 | INFO    | TRAIN | epoch=076/100 | batch=00850/01563 ( 54.38%) | lr=1.000e-06 | elapsed=0:06:13 | eta=0:05:13
    losses | total=3.0217e+00 | fourier=3.0217e+00 | amplitude=2.0077e-02 | phase=1.1001e-02 | support=3.6988e+00
2026-08-18 14:52:52 | INFO    | TRAIN | epoch=076/100 | batch=00900/01563 ( 57.58%) | lr=1.000e-06 | elapsed=0:06:35 | eta=0:04:51
    losses | total=2.7965e+00 | fourier=2.7965e+00 | amplitude=2.1915e-02 | phase=1.9576e-02 | support=3.6093e+00
2026-08-18 14:53:14 | INFO    | TRAIN | epoch=076/100 | batch=00950/01563 ( 60.78%) | lr=1.000e-06 | elapsed=0:06:57 | eta=0:04:29
    losses | total=2.7319e+00 | fourier=2.7319e+00 | amplitude=2.0264e-02 | phase=1.3144e-02 | support=3.8724e+00
2026-08-18 14:53:36 | INFO    | TRAIN | epoch=076/100 | batch=01000/01563 ( 63.98%) | lr=1.000e-06 | elapsed=0:07:19 | eta=0:04:07
    losses | total=2.8401e+00 | fourier=2.8401e+00 | amplitude=1.7557e-02 | phase=2.1269e-02 | support=3.2662e+00
2026-08-18 14:53:58 | INFO    | TRAIN | epoch=076/100 | batch=01050/01563 ( 67.18%) | lr=1.000e-06 | elapsed=0:07:41 | eta=0:03:45
    losses | total=2.8574e+00 | fourier=2.8574e+00 | amplitude=1.7439e-02 | phase=1.5135e-02 | support=3.6033e+00
2026-08-18 14:54:20 | INFO    | TRAIN | epoch=076/100 | batch=01100/01563 ( 70.38%) | lr=1.000e-06 | elapsed=0:08:03 | eta=0:03:23
    losses | total=2.8926e+00 | fourier=2.8926e+00 | amplitude=2.2592e-02 | phase=1.2686e-02 | support=3.1009e+00
2026-08-18 14:54:42 | INFO    | TRAIN | epoch=076/100 | batch=01150/01563 ( 73.58%) | lr=1.000e-06 | elapsed=0:08:25 | eta=0:03:01
    losses | total=3.2048e+00 | fourier=3.2048e+00 | amplitude=2.1161e-02 | phase=2.6574e-02 | support=3.4234e+00
2026-08-18 14:55:04 | INFO    | TRAIN | epoch=076/100 | batch=01200/01563 ( 76.78%) | lr=1.000e-06 | elapsed=0:08:47 | eta=0:02:39
    losses | total=2.8568e+00 | fourier=2.8568e+00 | amplitude=1.6889e-02 | phase=1.5964e-02 | support=3.3950e+00
2026-08-18 14:55:26 | INFO    | TRAIN | epoch=076/100 | batch=01250/01563 ( 79.97%) | lr=1.000e-06 | elapsed=0:09:09 | eta=0:02:17
    losses | total=2.9128e+00 | fourier=2.9128e+00 | amplitude=2.1132e-02 | phase=1.9703e-02 | support=3.5080e+00
2026-08-18 14:55:48 | INFO    | TRAIN | epoch=076/100 | batch=01300/01563 ( 83.17%) | lr=1.000e-06 | elapsed=0:09:31 | eta=0:01:55
    losses | total=2.7719e+00 | fourier=2.7719e+00 | amplitude=1.9176e-02 | phase=1.3573e-02 | support=3.1272e+00
2026-08-18 14:56:10 | INFO    | TRAIN | epoch=076/100 | batch=01350/01563 ( 86.37%) | lr=1.000e-06 | elapsed=0:09:53 | eta=0:01:33
    losses | total=2.8500e+00 | fourier=2.8500e+00 | amplitude=1.9290e-02 | phase=2.1216e-02 | support=3.3395e+00
2026-08-18 14:56:32 | INFO    | TRAIN | epoch=076/100 | batch=01400/01563 ( 89.57%) | lr=1.000e-06 | elapsed=0:10:15 | eta=0:01:11
    losses | total=2.8214e+00 | fourier=2.8214e+00 | amplitude=1.7418e-02 | phase=1.8138e-02 | support=2.8552e+00
2026-08-18 14:56:54 | INFO    | TRAIN | epoch=076/100 | batch=01450/01563 ( 92.77%) | lr=1.000e-06 | elapsed=0:10:37 | eta=0:00:49
    losses | total=3.0069e+00 | fourier=3.0069e+00 | amplitude=1.9738e-02 | phase=1.8228e-02 | support=3.3676e+00
2026-08-18 14:57:16 | INFO    | TRAIN | epoch=076/100 | batch=01500/01563 ( 95.97%) | lr=1.000e-06 | elapsed=0:10:59 | eta=0:00:27
    losses | total=2.9622e+00 | fourier=2.9622e+00 | amplitude=2.0182e-02 | phase=1.9347e-02 | support=3.0711e+00
2026-08-18 14:57:38 | INFO    | TRAIN | epoch=076/100 | batch=01550/01563 ( 99.17%) | lr=1.000e-06 | elapsed=0:11:21 | eta=0:00:05
    losses | total=2.9894e+00 | fourier=2.9894e+00 | amplitude=2.2280e-02 | phase=1.5293e-02 | support=3.5288e+00
2026-08-18 14:57:43 | INFO    | TRAIN | epoch=076/100 | batch=01563/01563 (100.00%) | lr=1.000e-06 | elapsed=0:11:27 | eta=0:00:00
    losses | total=2.7023e+00 | fourier=2.7023e+00 | amplitude=2.0454e-02 | phase=1.7640e-02 | support=3.3731e+00
2026-08-18 14:57:44 | INFO    | TRAIN epoch 076 complete | batches=1563 | samples=25000 | time=0:11:27
2026-08-18 14:57:49 | INFO    | VAL | epoch=076/100 | batch=00050/00313 ( 15.97%) | elapsed=0:00:05 | eta=0:00:28
    losses | total=4.2517e+00 | fourier=4.2517e+00 | amplitude=1.9894e-02 | phase=2.0329e-02 | support=3.4534e+00
2026-08-18 14:57:54 | INFO    | VAL | epoch=076/100 | batch=00100/00313 ( 31.95%) | elapsed=0:00:10 | eta=0:00:22
    losses | total=3.3737e+00 | fourier=3.3737e+00 | amplitude=2.0754e-02 | phase=1.5537e-02 | support=3.6239e+00
2026-08-18 14:57:59 | INFO    | VAL | epoch=076/100 | batch=00150/00313 ( 47.92%) | elapsed=0:00:15 | eta=0:00:17
    losses | total=3.7492e+00 | fourier=3.7492e+00 | amplitude=1.8516e-02 | phase=1.6394e-02 | support=3.2923e+00
2026-08-18 14:58:05 | INFO    | VAL | epoch=076/100 | batch=00200/00313 ( 63.90%) | elapsed=0:00:21 | eta=0:00:11
    losses | total=3.8854e+00 | fourier=3.8854e+00 | amplitude=1.9340e-02 | phase=1.5481e-02 | support=3.5514e+00
2026-08-18 14:58:10 | INFO    | VAL | epoch=076/100 | batch=00250/00313 ( 79.87%) | elapsed=0:00:26 | eta=0:00:06
    losses | total=3.7362e+00 | fourier=3.7362e+00 | amplitude=2.0617e-02 | phase=2.1064e-02 | support=3.3439e+00
2026-08-18 14:58:15 | INFO    | VAL | epoch=076/100 | batch=00300/00313 ( 95.85%) | elapsed=0:00:31 | eta=0:00:01
    losses | total=3.5904e+00 | fourier=3.5904e+00 | amplitude=2.0870e-02 | phase=2.0316e-02 | support=3.3187e+00
2026-08-18 14:58:16 | INFO    | VAL | epoch=076/100 | batch=00313/00313 (100.00%) | elapsed=0:00:32 | eta=0:00:00
    losses | total=3.9404e+00 | fourier=3.9404e+00 | amplitude=1.7642e-02 | phase=1.6849e-02 | support=3.1146e+00
2026-08-18 14:58:17 | INFO    | VAL epoch 076 complete | batches=313 | samples=5000 | time=0:00:32
2026-08-18 14:58:17 | INFO    | Cross-skip strengths | 8/phase_to_amp=+6.1723e-03 | 8/amp_to_phase=-3.2729e-02 | 16/phase_to_amp=-1.7035e-02 | 16/amp_to_phase=+9.3681e-02
2026-08-18 14:58:17 | INFO    | 
------------------------------------------------------------------------------------------------
Epoch 076/100 summary
split             total      fourier    amplitude        phase      support        time
train        2.8791e+00   2.8791e+00   1.9469e-02   1.7385e-02   3.4581e+00     0:11:27
validation   3.6932e+00   3.6932e+00   1.9472e-02   1.7484e-02   3.4492e+00     0:00:32
lr=1.000e-06 | best_val=3.6920e+00 | best_updated=no | periodic_checkpoint=no
------------------------------------------------------------------------------------------------
2026-08-18 14:58:39 | INFO    | TRAIN | epoch=077/100 | batch=00050/01563 (  3.20%) | lr=1.000e-06 | elapsed=0:00:22 | eta=0:11:11
    losses | total=2.7126e+00 | fourier=2.7126e+00 | amplitude=1.7565e-02 | phase=1.5116e-02 | support=3.6917e+00
2026-08-18 14:59:01 | INFO    | TRAIN | epoch=077/100 | batch=00100/01563 (  6.40%) | lr=1.000e-06 | elapsed=0:00:44 | eta=0:10:46
    losses | total=2.8562e+00 | fourier=2.8562e+00 | amplitude=2.0660e-02 | phase=2.0093e-02 | support=3.6223e+00
2026-08-18 14:59:23 | INFO    | TRAIN | epoch=077/100 | batch=00150/01563 (  9.60%) | lr=1.000e-06 | elapsed=0:01:06 | eta=0:10:23
    losses | total=3.0277e+00 | fourier=3.0277e+00 | amplitude=1.9825e-02 | phase=2.1261e-02 | support=3.3627e+00
2026-08-18 14:59:45 | INFO    | TRAIN | epoch=077/100 | batch=00200/01563 ( 12.80%) | lr=1.000e-06 | elapsed=0:01:28 | eta=0:10:00
    losses | total=2.8217e+00 | fourier=2.8217e+00 | amplitude=1.8229e-02 | phase=1.8884e-02 | support=3.4201e+00
2026-08-18 15:00:07 | INFO    | TRAIN | epoch=077/100 | batch=00250/01563 ( 15.99%) | lr=1.000e-06 | elapsed=0:01:50 | eta=0:09:38
    losses | total=2.7559e+00 | fourier=2.7559e+00 | amplitude=1.9985e-02 | phase=1.9797e-02 | support=3.7038e+00
2026-08-18 15:00:29 | INFO    | TRAIN | epoch=077/100 | batch=00300/01563 ( 19.19%) | lr=1.000e-06 | elapsed=0:02:12 | eta=0:09:16
    losses | total=2.7540e+00 | fourier=2.7540e+00 | amplitude=2.1710e-02 | phase=1.8527e-02 | support=3.6353e+00
2026-08-18 15:00:51 | INFO    | TRAIN | epoch=077/100 | batch=00350/01563 ( 22.39%) | lr=1.000e-06 | elapsed=0:02:34 | eta=0:08:54
    losses | total=2.8501e+00 | fourier=2.8501e+00 | amplitude=2.2078e-02 | phase=2.0656e-02 | support=3.5397e+00
2026-08-18 15:01:13 | INFO    | TRAIN | epoch=077/100 | batch=00400/01563 ( 25.59%) | lr=1.000e-06 | elapsed=0:02:56 | eta=0:08:31
    losses | total=2.9292e+00 | fourier=2.9292e+00 | amplitude=1.7378e-02 | phase=1.9929e-02 | support=2.9211e+00
2026-08-18 15:01:35 | INFO    | TRAIN | epoch=077/100 | batch=00450/01563 ( 28.79%) | lr=1.000e-06 | elapsed=0:03:18 | eta=0:08:09
    losses | total=2.7584e+00 | fourier=2.7584e+00 | amplitude=1.6209e-02 | phase=1.4196e-02 | support=3.1527e+00
2026-08-18 15:01:57 | INFO    | TRAIN | epoch=077/100 | batch=00500/01563 ( 31.99%) | lr=1.000e-06 | elapsed=0:03:40 | eta=0:07:47
    losses | total=2.8531e+00 | fourier=2.8531e+00 | amplitude=1.9245e-02 | phase=2.0193e-02 | support=3.4426e+00
2026-08-18 15:02:19 | INFO    | TRAIN | epoch=077/100 | batch=00550/01563 ( 35.19%) | lr=1.000e-06 | elapsed=0:04:01 | eta=0:07:25
    losses | total=2.9687e+00 | fourier=2.9687e+00 | amplitude=1.7360e-02 | phase=1.6853e-02 | support=3.3323e+00
2026-08-18 15:02:41 | INFO    | TRAIN | epoch=077/100 | batch=00600/01563 ( 38.39%) | lr=1.000e-06 | elapsed=0:04:23 | eta=0:07:03
    losses | total=2.8828e+00 | fourier=2.8828e+00 | amplitude=2.1279e-02 | phase=2.0223e-02 | support=3.4543e+00
2026-08-18 15:03:03 | INFO    | TRAIN | epoch=077/100 | batch=00650/01563 ( 41.59%) | lr=1.000e-06 | elapsed=0:04:45 | eta=0:06:41
    losses | total=3.0655e+00 | fourier=3.0655e+00 | amplitude=1.9670e-02 | phase=1.5543e-02 | support=3.3886e+00
2026-08-18 15:03:25 | INFO    | TRAIN | epoch=077/100 | batch=00700/01563 ( 44.79%) | lr=1.000e-06 | elapsed=0:05:07 | eta=0:06:19
    losses | total=2.8442e+00 | fourier=2.8442e+00 | amplitude=1.8262e-02 | phase=1.4794e-02 | support=3.3310e+00
2026-08-18 15:03:47 | INFO    | TRAIN | epoch=077/100 | batch=00750/01563 ( 47.98%) | lr=1.000e-06 | elapsed=0:05:29 | eta=0:05:57
    losses | total=2.7167e+00 | fourier=2.7167e+00 | amplitude=2.0411e-02 | phase=1.5298e-02 | support=3.9361e+00
2026-08-18 15:04:09 | INFO    | TRAIN | epoch=077/100 | batch=00800/01563 ( 51.18%) | lr=1.000e-06 | elapsed=0:05:51 | eta=0:05:35
    losses | total=2.6970e+00 | fourier=2.6970e+00 | amplitude=1.7575e-02 | phase=9.3028e-03 | support=3.6116e+00
2026-08-18 15:04:31 | INFO    | TRAIN | epoch=077/100 | batch=00850/01563 ( 54.38%) | lr=1.000e-06 | elapsed=0:06:13 | eta=0:05:13
    losses | total=2.7779e+00 | fourier=2.7779e+00 | amplitude=1.7639e-02 | phase=1.0367e-02 | support=3.4773e+00
2026-08-18 15:04:53 | INFO    | TRAIN | epoch=077/100 | batch=00900/01563 ( 57.58%) | lr=1.000e-06 | elapsed=0:06:35 | eta=0:04:51
    losses | total=2.6862e+00 | fourier=2.6862e+00 | amplitude=1.9772e-02 | phase=1.7347e-02 | support=3.6586e+00
2026-08-18 15:05:15 | INFO    | TRAIN | epoch=077/100 | batch=00950/01563 ( 60.78%) | lr=1.000e-06 | elapsed=0:06:57 | eta=0:04:29
    losses | total=2.8777e+00 | fourier=2.8777e+00 | amplitude=2.0525e-02 | phase=1.7077e-02 | support=3.5198e+00
2026-08-18 15:05:37 | INFO    | TRAIN | epoch=077/100 | batch=01000/01563 ( 63.98%) | lr=1.000e-06 | elapsed=0:07:19 | eta=0:04:07
    losses | total=2.8138e+00 | fourier=2.8138e+00 | amplitude=1.9498e-02 | phase=1.5719e-02 | support=3.3250e+00
2026-08-18 15:05:59 | INFO    | TRAIN | epoch=077/100 | batch=01050/01563 ( 67.18%) | lr=1.000e-06 | elapsed=0:07:41 | eta=0:03:45
    losses | total=2.6858e+00 | fourier=2.6858e+00 | amplitude=1.8713e-02 | phase=1.4927e-02 | support=3.3656e+00
2026-08-18 15:06:21 | INFO    | TRAIN | epoch=077/100 | batch=01100/01563 ( 70.38%) | lr=1.000e-06 | elapsed=0:08:03 | eta=0:03:23
    losses | total=3.0037e+00 | fourier=3.0037e+00 | amplitude=1.9854e-02 | phase=1.9135e-02 | support=3.4091e+00
2026-08-18 15:06:43 | INFO    | TRAIN | epoch=077/100 | batch=01150/01563 ( 73.58%) | lr=1.000e-06 | elapsed=0:08:25 | eta=0:03:01
    losses | total=2.7868e+00 | fourier=2.7868e+00 | amplitude=1.7471e-02 | phase=1.7096e-02 | support=3.2356e+00
2026-08-18 15:07:05 | INFO    | TRAIN | epoch=077/100 | batch=01200/01563 ( 76.78%) | lr=1.000e-06 | elapsed=0:08:47 | eta=0:02:39
    losses | total=2.7298e+00 | fourier=2.7298e+00 | amplitude=2.1586e-02 | phase=1.6794e-02 | support=3.6350e+00
2026-08-18 15:07:27 | INFO    | TRAIN | epoch=077/100 | batch=01250/01563 ( 79.97%) | lr=1.000e-06 | elapsed=0:09:09 | eta=0:02:17
    losses | total=2.8263e+00 | fourier=2.8263e+00 | amplitude=1.6915e-02 | phase=1.5043e-02 | support=3.3092e+00
2026-08-18 15:07:48 | INFO    | TRAIN | epoch=077/100 | batch=01300/01563 ( 83.17%) | lr=1.000e-06 | elapsed=0:09:31 | eta=0:01:55
    losses | total=2.7756e+00 | fourier=2.7756e+00 | amplitude=2.2689e-02 | phase=2.1944e-02 | support=3.5496e+00
2026-08-18 15:08:11 | INFO    | TRAIN | epoch=077/100 | batch=01350/01563 ( 86.37%) | lr=1.000e-06 | elapsed=0:09:53 | eta=0:01:33
    losses | total=2.9267e+00 | fourier=2.9267e+00 | amplitude=1.9600e-02 | phase=1.8990e-02 | support=3.7544e+00
2026-08-18 15:08:32 | INFO    | TRAIN | epoch=077/100 | batch=01400/01563 ( 89.57%) | lr=1.000e-06 | elapsed=0:10:15 | eta=0:01:11
    losses | total=2.7843e+00 | fourier=2.7843e+00 | amplitude=1.9626e-02 | phase=1.5145e-02 | support=3.6551e+00
2026-08-18 15:08:54 | INFO    | TRAIN | epoch=077/100 | batch=01450/01563 ( 92.77%) | lr=1.000e-06 | elapsed=0:10:37 | eta=0:00:49
    losses | total=3.0695e+00 | fourier=3.0695e+00 | amplitude=1.9564e-02 | phase=1.9011e-02 | support=3.0049e+00
2026-08-18 15:09:16 | INFO    | TRAIN | epoch=077/100 | batch=01500/01563 ( 95.97%) | lr=1.000e-06 | elapsed=0:10:59 | eta=0:00:27
    losses | total=2.7734e+00 | fourier=2.7734e+00 | amplitude=1.9853e-02 | phase=1.7134e-02 | support=3.5267e+00
2026-08-18 15:09:38 | INFO    | TRAIN | epoch=077/100 | batch=01550/01563 ( 99.17%) | lr=1.000e-06 | elapsed=0:11:21 | eta=0:00:05
    losses | total=2.8342e+00 | fourier=2.8342e+00 | amplitude=2.0296e-02 | phase=1.6631e-02 | support=3.5037e+00
2026-08-18 15:09:44 | INFO    | TRAIN | epoch=077/100 | batch=01563/01563 (100.00%) | lr=1.000e-06 | elapsed=0:11:27 | eta=0:00:00
    losses | total=2.9435e+00 | fourier=2.9435e+00 | amplitude=2.2405e-02 | phase=2.0585e-02 | support=3.0640e+00
2026-08-18 15:09:44 | INFO    | TRAIN epoch 077 complete | batches=1563 | samples=25000 | time=0:11:27
2026-08-18 15:09:50 | INFO    | VAL | epoch=077/100 | batch=00050/00313 ( 15.97%) | elapsed=0:00:05 | eta=0:00:28
    losses | total=4.2442e+00 | fourier=4.2442e+00 | amplitude=1.9897e-02 | phase=2.0330e-02 | support=3.4508e+00
2026-08-18 15:09:55 | INFO    | VAL | epoch=077/100 | batch=00100/00313 ( 31.95%) | elapsed=0:00:10 | eta=0:00:22
    losses | total=3.3739e+00 | fourier=3.3739e+00 | amplitude=2.0764e-02 | phase=1.5533e-02 | support=3.6230e+00
2026-08-18 15:10:00 | INFO    | VAL | epoch=077/100 | batch=00150/00313 ( 47.92%) | elapsed=0:00:15 | eta=0:00:17
    losses | total=3.7487e+00 | fourier=3.7487e+00 | amplitude=1.8523e-02 | phase=1.6419e-02 | support=3.2901e+00
2026-08-18 15:10:05 | INFO    | VAL | epoch=077/100 | batch=00200/00313 ( 63.90%) | elapsed=0:00:21 | eta=0:00:11
    losses | total=3.8803e+00 | fourier=3.8803e+00 | amplitude=1.9345e-02 | phase=1.5484e-02 | support=3.5487e+00
2026-08-18 15:10:11 | INFO    | VAL | epoch=077/100 | batch=00250/00313 ( 79.87%) | elapsed=0:00:26 | eta=0:00:06
    losses | total=3.7370e+00 | fourier=3.7370e+00 | amplitude=2.0627e-02 | phase=2.1078e-02 | support=3.3423e+00
