nohup: 忽略输入
2026-08-07 23:17:17 | INFO    | 
================================================================================================
AutoPhaseNN training
================================================================================================
[Run]
  name              : residual_fp32_scratch_paper-mae_bs2_lr1e-3_20260807_231716
  model             : residual
  initialization    : from scratch
  device / fp16     : cuda / no
  parameters        : 27,479,426
[Data]
  directory         : /data_ssd/oyys/autophasenn/
  train / validation: 25,000 / 5,000
  volume shape      : 64 x 64 x 64
  batch / workers   : 16 / 4
  cache in memory   : no
[Optimization]
  loss / scope      : l1 / diff
  optimizer / lr    : adam / 1.000e-03
  scheduler         : plateau
  support weight    : 0
  threshold         : 0.1
  epochs            : 100
[Artifacts]
  run               : /home/oyys/code/UMamba-AutoPhaseNN/autophasenn_training_pipeline/runs/residual_fp32_scratch_paper-mae_bs2_lr1e-3_20260807_231716
  output            : /home/oyys/code/UMamba-AutoPhaseNN/autophasenn_training_pipeline/runs/residual_fp32_scratch_paper-mae_bs2_lr1e-3_20260807_231716
  checkpoints       : /data_ssd/oyys/autophasenn/autophasenn_pipeline_output/residual_fp32_scratch_paper-mae_bs2_lr1e-3_20260807_231716
  tensorboard       : /home/oyys/code/UMamba-AutoPhaseNN/autophasenn_training_pipeline/runs/residual_fp32_scratch_paper-mae_bs2_lr1e-3_20260807_231716/tensorboard
================================================================================================
2026-08-07 23:17:18 | INFO    | Starting at epoch 1 with randomly initialized optimizer state; lr=[0.001]
2026-08-07 23:17:43 | INFO    | TRAIN | epoch=001/100 | batch=00050/01563 (  3.20%) | lr=1.000e-03 | elapsed=0:00:25 | eta=0:12:36
    losses | total=7.8106e+00 | fourier=7.8106e+00 | amplitude=4.1279e-01 | phase=1.5191e-01 | support=1.6804e+00
2026-08-07 23:18:07 | INFO    | TRAIN | epoch=001/100 | batch=00100/01563 (  6.40%) | lr=1.000e-03 | elapsed=0:00:49 | eta=0:12:06
    losses | total=7.4166e+00 | fourier=7.4166e+00 | amplitude=3.9850e-01 | phase=6.4009e-02 | support=2.5580e+00
2026-08-07 23:18:32 | INFO    | TRAIN | epoch=001/100 | batch=00150/01563 (  9.60%) | lr=1.000e-03 | elapsed=0:01:14 | eta=0:11:40
    losses | total=7.0349e+00 | fourier=7.0349e+00 | amplitude=3.2114e-01 | phase=8.0601e-02 | support=3.3789e+00
2026-08-07 23:18:57 | INFO    | TRAIN | epoch=001/100 | batch=00200/01563 ( 12.80%) | lr=1.000e-03 | elapsed=0:01:39 | eta=0:11:15
    losses | total=6.6579e+00 | fourier=6.6579e+00 | amplitude=2.1533e-01 | phase=1.9731e-01 | support=4.3509e+00
2026-08-07 23:19:21 | INFO    | TRAIN | epoch=001/100 | batch=00250/01563 ( 15.99%) | lr=1.000e-03 | elapsed=0:02:03 | eta=0:10:50
    losses | total=6.7813e+00 | fourier=6.7813e+00 | amplitude=1.6773e-01 | phase=3.3266e-01 | support=4.7258e+00
2026-08-07 23:19:46 | INFO    | TRAIN | epoch=001/100 | batch=00300/01563 ( 19.19%) | lr=1.000e-03 | elapsed=0:02:28 | eta=0:10:25
    losses | total=7.2129e+00 | fourier=7.2129e+00 | amplitude=2.8110e-02 | phase=3.4006e-02 | support=4.6354e+00
2026-08-07 23:20:11 | INFO    | TRAIN | epoch=001/100 | batch=00350/01563 ( 22.39%) | lr=1.000e-03 | elapsed=0:02:53 | eta=0:10:00
    losses | total=6.9616e+00 | fourier=6.9616e+00 | amplitude=2.8724e-02 | phase=3.9616e-02 | support=3.0796e+00
2026-08-07 23:20:36 | INFO    | TRAIN | epoch=001/100 | batch=00400/01563 ( 25.59%) | lr=1.000e-03 | elapsed=0:03:18 | eta=0:09:35
    losses | total=6.6036e+00 | fourier=6.6036e+00 | amplitude=2.7149e-02 | phase=3.5664e-02 | support=3.4439e+00
2026-08-07 23:21:00 | INFO    | TRAIN | epoch=001/100 | batch=00450/01563 ( 28.79%) | lr=1.000e-03 | elapsed=0:03:42 | eta=0:09:11
    losses | total=6.6124e+00 | fourier=6.6124e+00 | amplitude=2.5650e-02 | phase=4.1488e-02 | support=3.4985e+00
2026-08-07 23:21:25 | INFO    | TRAIN | epoch=001/100 | batch=00500/01563 ( 31.99%) | lr=1.000e-03 | elapsed=0:04:07 | eta=0:08:46
    losses | total=6.5120e+00 | fourier=6.5120e+00 | amplitude=2.2823e-02 | phase=2.0198e-02 | support=3.8369e+00
2026-08-07 23:21:50 | INFO    | TRAIN | epoch=001/100 | batch=00550/01563 ( 35.19%) | lr=1.000e-03 | elapsed=0:04:32 | eta=0:08:21
    losses | total=6.5029e+00 | fourier=6.5029e+00 | amplitude=2.3507e-02 | phase=2.2953e-02 | support=3.4880e+00
2026-08-07 23:22:15 | INFO    | TRAIN | epoch=001/100 | batch=00600/01563 ( 38.39%) | lr=1.000e-03 | elapsed=0:04:57 | eta=0:07:56
    losses | total=7.0242e+00 | fourier=7.0242e+00 | amplitude=2.1343e-02 | phase=1.9182e-02 | support=3.0575e+00
2026-08-07 23:22:39 | INFO    | TRAIN | epoch=001/100 | batch=00650/01563 ( 41.59%) | lr=1.000e-03 | elapsed=0:05:21 | eta=0:07:32
    losses | total=6.8758e+00 | fourier=6.8758e+00 | amplitude=2.4501e-02 | phase=2.0637e-02 | support=3.8977e+00
2026-08-07 23:23:04 | INFO    | TRAIN | epoch=001/100 | batch=00700/01563 ( 44.79%) | lr=1.000e-03 | elapsed=0:05:46 | eta=0:07:07
    losses | total=7.3392e+00 | fourier=7.3392e+00 | amplitude=1.7634e-02 | phase=3.1963e-02 | support=2.4875e+00
2026-08-07 23:23:29 | INFO    | TRAIN | epoch=001/100 | batch=00750/01563 ( 47.98%) | lr=1.000e-03 | elapsed=0:06:11 | eta=0:06:42
    losses | total=6.5658e+00 | fourier=6.5658e+00 | amplitude=1.9730e-02 | phase=1.5708e-02 | support=3.9567e+00
2026-08-07 23:23:54 | INFO    | TRAIN | epoch=001/100 | batch=00800/01563 ( 51.18%) | lr=1.000e-03 | elapsed=0:06:36 | eta=0:06:17
    losses | total=6.3466e+00 | fourier=6.3466e+00 | amplitude=2.0682e-02 | phase=1.2993e-02 | support=4.2122e+00
2026-08-07 23:24:18 | INFO    | TRAIN | epoch=001/100 | batch=00850/01563 ( 54.38%) | lr=1.000e-03 | elapsed=0:07:00 | eta=0:05:53
    losses | total=6.4268e+00 | fourier=6.4268e+00 | amplitude=2.1180e-02 | phase=1.2704e-02 | support=4.4556e+00
2026-08-07 23:24:43 | INFO    | TRAIN | epoch=001/100 | batch=00900/01563 ( 57.58%) | lr=1.000e-03 | elapsed=0:07:25 | eta=0:05:28
    losses | total=6.5699e+00 | fourier=6.5699e+00 | amplitude=2.3339e-02 | phase=1.2091e-02 | support=4.6641e+00
2026-08-07 23:25:08 | INFO    | TRAIN | epoch=001/100 | batch=00950/01563 ( 60.78%) | lr=1.000e-03 | elapsed=0:07:50 | eta=0:05:03
    losses | total=6.1841e+00 | fourier=6.1841e+00 | amplitude=2.0449e-02 | phase=1.4157e-02 | support=4.2484e+00
2026-08-07 23:25:33 | INFO    | TRAIN | epoch=001/100 | batch=01000/01563 ( 63.98%) | lr=1.000e-03 | elapsed=0:08:15 | eta=0:04:38
    losses | total=6.4620e+00 | fourier=6.4620e+00 | amplitude=1.9557e-02 | phase=1.0279e-02 | support=3.6165e+00
2026-08-07 23:25:57 | INFO    | TRAIN | epoch=001/100 | batch=01050/01563 ( 67.18%) | lr=1.000e-03 | elapsed=0:08:39 | eta=0:04:14
    losses | total=6.6053e+00 | fourier=6.6053e+00 | amplitude=2.1031e-02 | phase=1.3364e-02 | support=3.6817e+00
2026-08-07 23:26:22 | INFO    | TRAIN | epoch=001/100 | batch=01100/01563 ( 70.38%) | lr=1.000e-03 | elapsed=0:09:04 | eta=0:03:49
    losses | total=6.5897e+00 | fourier=6.5897e+00 | amplitude=1.7636e-02 | phase=1.1239e-02 | support=3.0652e+00
2026-08-07 23:26:47 | INFO    | TRAIN | epoch=001/100 | batch=01150/01563 ( 73.58%) | lr=1.000e-03 | elapsed=0:09:29 | eta=0:03:24
    losses | total=6.1784e+00 | fourier=6.1784e+00 | amplitude=1.5253e-02 | phase=8.8786e-03 | support=3.3870e+00
2026-08-07 23:27:12 | INFO    | TRAIN | epoch=001/100 | batch=01200/01563 ( 76.78%) | lr=1.000e-03 | elapsed=0:09:54 | eta=0:02:59
    losses | total=6.1984e+00 | fourier=6.1984e+00 | amplitude=1.7295e-02 | phase=9.4540e-03 | support=3.1538e+00
2026-08-07 23:27:37 | INFO    | TRAIN | epoch=001/100 | batch=01250/01563 ( 79.97%) | lr=1.000e-03 | elapsed=0:10:18 | eta=0:02:34
    losses | total=6.2304e+00 | fourier=6.2304e+00 | amplitude=1.8128e-02 | phase=1.0434e-02 | support=3.6914e+00
2026-08-07 23:28:01 | INFO    | TRAIN | epoch=001/100 | batch=01300/01563 ( 83.17%) | lr=1.000e-03 | elapsed=0:10:43 | eta=0:02:10
    losses | total=6.5259e+00 | fourier=6.5259e+00 | amplitude=1.9378e-02 | phase=1.2864e-02 | support=3.4523e+00
2026-08-07 23:28:26 | INFO    | TRAIN | epoch=001/100 | batch=01350/01563 ( 86.37%) | lr=1.000e-03 | elapsed=0:11:08 | eta=0:01:45
    losses | total=6.0605e+00 | fourier=6.0605e+00 | amplitude=1.6067e-02 | phase=9.5452e-03 | support=2.8924e+00
2026-08-07 23:28:51 | INFO    | TRAIN | epoch=001/100 | batch=01400/01563 ( 89.57%) | lr=1.000e-03 | elapsed=0:11:33 | eta=0:01:20
    losses | total=6.0975e+00 | fourier=6.0975e+00 | amplitude=1.7444e-02 | phase=1.0903e-02 | support=3.3723e+00
2026-08-07 23:29:16 | INFO    | TRAIN | epoch=001/100 | batch=01450/01563 ( 92.77%) | lr=1.000e-03 | elapsed=0:11:58 | eta=0:00:55
    losses | total=6.1566e+00 | fourier=6.1566e+00 | amplitude=1.6961e-02 | phase=8.5615e-03 | support=2.8605e+00
2026-08-07 23:29:40 | INFO    | TRAIN | epoch=001/100 | batch=01500/01563 ( 95.97%) | lr=1.000e-03 | elapsed=0:12:22 | eta=0:00:31
    losses | total=6.3400e+00 | fourier=6.3400e+00 | amplitude=1.7206e-02 | phase=8.1575e-03 | support=2.9202e+00
2026-08-07 23:30:05 | INFO    | TRAIN | epoch=001/100 | batch=01550/01563 ( 99.17%) | lr=1.000e-03 | elapsed=0:12:47 | eta=0:00:06
    losses | total=6.3704e+00 | fourier=6.3704e+00 | amplitude=1.7722e-02 | phase=9.5582e-03 | support=2.8105e+00
2026-08-07 23:30:11 | INFO    | TRAIN | epoch=001/100 | batch=01563/01563 (100.00%) | lr=1.000e-03 | elapsed=0:12:53 | eta=0:00:00
    losses | total=5.9978e+00 | fourier=5.9978e+00 | amplitude=1.4101e-02 | phase=8.4761e-03 | support=3.0014e+00
2026-08-07 23:30:11 | INFO    | TRAIN epoch 001 complete | batches=1563 | samples=25000 | time=0:12:53
2026-08-07 23:30:18 | INFO    | VAL | epoch=001/100 | batch=00050/00313 ( 15.97%) | elapsed=0:00:06 | eta=0:00:34
    losses | total=6.5824e+00 | fourier=6.5824e+00 | amplitude=1.5701e-02 | phase=7.6805e-03 | support=2.8549e+00
2026-08-07 23:30:24 | INFO    | VAL | epoch=001/100 | batch=00100/00313 ( 31.95%) | elapsed=0:00:12 | eta=0:00:27
    losses | total=6.3010e+00 | fourier=6.3010e+00 | amplitude=1.6292e-02 | phase=7.0234e-03 | support=3.1075e+00
2026-08-07 23:30:30 | INFO    | VAL | epoch=001/100 | batch=00150/00313 ( 47.92%) | elapsed=0:00:19 | eta=0:00:20
    losses | total=6.4112e+00 | fourier=6.4112e+00 | amplitude=1.6376e-02 | phase=6.9435e-03 | support=3.0391e+00
2026-08-07 23:30:37 | INFO    | VAL | epoch=001/100 | batch=00200/00313 ( 63.90%) | elapsed=0:00:25 | eta=0:00:14
    losses | total=6.3348e+00 | fourier=6.3348e+00 | amplitude=1.5326e-02 | phase=6.3382e-03 | support=2.9931e+00
2026-08-07 23:30:43 | INFO    | VAL | epoch=001/100 | batch=00250/00313 ( 79.87%) | elapsed=0:00:31 | eta=0:00:07
    losses | total=6.5301e+00 | fourier=6.5301e+00 | amplitude=1.8141e-02 | phase=7.7577e-03 | support=3.1648e+00
2026-08-07 23:30:49 | INFO    | VAL | epoch=001/100 | batch=00300/00313 ( 95.85%) | elapsed=0:00:37 | eta=0:00:01
    losses | total=6.3787e+00 | fourier=6.3787e+00 | amplitude=1.8063e-02 | phase=6.2459e-03 | support=3.0154e+00
2026-08-07 23:30:51 | INFO    | VAL | epoch=001/100 | batch=00313/00313 (100.00%) | elapsed=0:00:39 | eta=0:00:00
    losses | total=6.3643e+00 | fourier=6.3643e+00 | amplitude=1.4750e-02 | phase=5.9493e-03 | support=2.6112e+00
2026-08-07 23:30:51 | INFO    | VAL epoch 001 complete | batches=313 | samples=5000 | time=0:00:39
2026-08-07 23:30:51 | INFO    | 
------------------------------------------------------------------------------------------------
Epoch 001/100 summary
split             total      fourier    amplitude        phase      support        time
train        6.7545e+00   6.7545e+00   7.2160e-02   4.2716e-02   3.5676e+00     0:12:53
validation   6.3774e+00   6.3774e+00   1.6018e-02   6.5317e-03   2.9737e+00     0:00:39
lr=1.000e-03 | best_val=6.3774e+00 | best_updated=yes | periodic_checkpoint=no
------------------------------------------------------------------------------------------------
2026-08-07 23:31:16 | INFO    | TRAIN | epoch=002/100 | batch=00050/01563 (  3.20%) | lr=1.000e-03 | elapsed=0:00:24 | eta=0:12:34
    losses | total=6.5178e+00 | fourier=6.5178e+00 | amplitude=1.8518e-02 | phase=6.6965e-03 | support=2.8578e+00
2026-08-07 23:31:41 | INFO    | TRAIN | epoch=002/100 | batch=00100/01563 (  6.40%) | lr=1.000e-03 | elapsed=0:00:49 | eta=0:12:07
    losses | total=6.0821e+00 | fourier=6.0821e+00 | amplitude=1.4698e-02 | phase=8.4287e-03 | support=2.6606e+00
2026-08-07 23:32:06 | INFO    | TRAIN | epoch=002/100 | batch=00150/01563 (  9.60%) | lr=1.000e-03 | elapsed=0:01:14 | eta=0:11:41
    losses | total=5.8315e+00 | fourier=5.8315e+00 | amplitude=1.4454e-02 | phase=9.3770e-03 | support=2.5434e+00
2026-08-07 23:32:30 | INFO    | TRAIN | epoch=002/100 | batch=00200/01563 ( 12.80%) | lr=1.000e-03 | elapsed=0:01:39 | eta=0:11:15
    losses | total=6.0632e+00 | fourier=6.0632e+00 | amplitude=1.5626e-02 | phase=8.3236e-03 | support=2.4850e+00
2026-08-07 23:32:55 | INFO    | TRAIN | epoch=002/100 | batch=00250/01563 ( 15.99%) | lr=1.000e-03 | elapsed=0:02:03 | eta=0:10:50
    losses | total=5.8740e+00 | fourier=5.8740e+00 | amplitude=1.4317e-02 | phase=8.1777e-03 | support=2.4707e+00
2026-08-07 23:33:20 | INFO    | TRAIN | epoch=002/100 | batch=00300/01563 ( 19.19%) | lr=1.000e-03 | elapsed=0:02:28 | eta=0:10:25
    losses | total=5.8818e+00 | fourier=5.8818e+00 | amplitude=1.4097e-02 | phase=1.0477e-02 | support=2.3575e+00
2026-08-07 23:33:45 | INFO    | TRAIN | epoch=002/100 | batch=00350/01563 ( 22.39%) | lr=1.000e-03 | elapsed=0:02:53 | eta=0:10:00
    losses | total=6.1306e+00 | fourier=6.1306e+00 | amplitude=1.6598e-02 | phase=1.1137e-02 | support=2.3419e+00
2026-08-07 23:34:09 | INFO    | TRAIN | epoch=002/100 | batch=00400/01563 ( 25.59%) | lr=1.000e-03 | elapsed=0:03:18 | eta=0:09:36
    losses | total=6.1938e+00 | fourier=6.1938e+00 | amplitude=1.5081e-02 | phase=7.5574e-03 | support=2.5099e+00
2026-08-07 23:34:34 | INFO    | TRAIN | epoch=002/100 | batch=00450/01563 ( 28.79%) | lr=1.000e-03 | elapsed=0:03:42 | eta=0:09:11
    losses | total=5.7774e+00 | fourier=5.7774e+00 | amplitude=1.3591e-02 | phase=8.5068e-03 | support=2.4996e+00
2026-08-07 23:34:59 | INFO    | TRAIN | epoch=002/100 | batch=00500/01563 ( 31.99%) | lr=1.000e-03 | elapsed=0:04:07 | eta=0:08:46
    losses | total=5.7848e+00 | fourier=5.7848e+00 | amplitude=1.4743e-02 | phase=9.5119e-03 | support=2.3685e+00
2026-08-07 23:35:24 | INFO    | TRAIN | epoch=002/100 | batch=00550/01563 ( 35.19%) | lr=1.000e-03 | elapsed=0:04:32 | eta=0:08:21
    losses | total=6.4341e+00 | fourier=6.4341e+00 | amplitude=1.8749e-02 | phase=9.2545e-03 | support=2.2762e+00
2026-08-07 23:35:48 | INFO    | TRAIN | epoch=002/100 | batch=00600/01563 ( 38.39%) | lr=1.000e-03 | elapsed=0:04:57 | eta=0:07:56
    losses | total=5.7892e+00 | fourier=5.7892e+00 | amplitude=1.5508e-02 | phase=9.1404e-03 | support=2.3423e+00
2026-08-07 23:36:13 | INFO    | TRAIN | epoch=002/100 | batch=00650/01563 ( 41.59%) | lr=1.000e-03 | elapsed=0:05:21 | eta=0:07:31
    losses | total=6.0539e+00 | fourier=6.0539e+00 | amplitude=1.4494e-02 | phase=6.9094e-03 | support=2.0820e+00
2026-08-07 23:36:38 | INFO    | TRAIN | epoch=002/100 | batch=00700/01563 ( 44.79%) | lr=1.000e-03 | elapsed=0:05:46 | eta=0:07:07
    losses | total=6.1781e+00 | fourier=6.1781e+00 | amplitude=1.7659e-02 | phase=7.2499e-03 | support=2.4177e+00
2026-08-07 23:37:03 | INFO    | TRAIN | epoch=002/100 | batch=00750/01563 ( 47.98%) | lr=1.000e-03 | elapsed=0:06:11 | eta=0:06:42
    losses | total=5.6380e+00 | fourier=5.6380e+00 | amplitude=1.3321e-02 | phase=1.0608e-02 | support=2.0650e+00
2026-08-07 23:37:27 | INFO    | TRAIN | epoch=002/100 | batch=00800/01563 ( 51.18%) | lr=1.000e-03 | elapsed=0:06:35 | eta=0:06:17
    losses | total=6.1120e+00 | fourier=6.1120e+00 | amplitude=1.7374e-02 | phase=8.4970e-03 | support=2.3549e+00
2026-08-07 23:37:52 | INFO    | TRAIN | epoch=002/100 | batch=00850/01563 ( 54.38%) | lr=1.000e-03 | elapsed=0:07:00 | eta=0:05:52
    losses | total=5.8900e+00 | fourier=5.8900e+00 | amplitude=1.4675e-02 | phase=1.1320e-02 | support=2.3187e+00
2026-08-07 23:38:17 | INFO    | TRAIN | epoch=002/100 | batch=00900/01563 ( 57.58%) | lr=1.000e-03 | elapsed=0:07:25 | eta=0:05:28
    losses | total=6.0715e+00 | fourier=6.0715e+00 | amplitude=1.8185e-02 | phase=9.7385e-03 | support=2.2515e+00
2026-08-07 23:38:41 | INFO    | TRAIN | epoch=002/100 | batch=00950/01563 ( 60.78%) | lr=1.000e-03 | elapsed=0:07:50 | eta=0:05:03
    losses | total=5.4130e+00 | fourier=5.4130e+00 | amplitude=1.2634e-02 | phase=9.8722e-03 | support=1.6070e+00
2026-08-07 23:39:06 | INFO    | TRAIN | epoch=002/100 | batch=01000/01563 ( 63.98%) | lr=1.000e-03 | elapsed=0:08:14 | eta=0:04:38
    losses | total=5.6101e+00 | fourier=5.6101e+00 | amplitude=1.3228e-02 | phase=8.1005e-03 | support=2.0740e+00
2026-08-07 23:39:31 | INFO    | TRAIN | epoch=002/100 | batch=01050/01563 ( 67.18%) | lr=1.000e-03 | elapsed=0:08:39 | eta=0:04:13
    losses | total=5.9607e+00 | fourier=5.9607e+00 | amplitude=1.6696e-02 | phase=1.1036e-02 | support=2.2167e+00
2026-08-07 23:39:56 | INFO    | TRAIN | epoch=002/100 | batch=01100/01563 ( 70.38%) | lr=1.000e-03 | elapsed=0:09:04 | eta=0:03:49
    losses | total=5.7979e+00 | fourier=5.7979e+00 | amplitude=1.6724e-02 | phase=9.2124e-03 | support=2.1311e+00
2026-08-07 23:40:20 | INFO    | TRAIN | epoch=002/100 | batch=01150/01563 ( 73.58%) | lr=1.000e-03 | elapsed=0:09:29 | eta=0:03:24
    losses | total=6.0005e+00 | fourier=6.0005e+00 | amplitude=1.5345e-02 | phase=9.1806e-03 | support=2.1798e+00
2026-08-07 23:40:45 | INFO    | TRAIN | epoch=002/100 | batch=01200/01563 ( 76.78%) | lr=1.000e-03 | elapsed=0:09:53 | eta=0:02:59
    losses | total=5.7735e+00 | fourier=5.7735e+00 | amplitude=1.5213e-02 | phase=9.3225e-03 | support=2.1609e+00
2026-08-07 23:41:10 | INFO    | TRAIN | epoch=002/100 | batch=01250/01563 ( 79.97%) | lr=1.000e-03 | elapsed=0:10:18 | eta=0:02:34
    losses | total=5.7514e+00 | fourier=5.7514e+00 | amplitude=1.5343e-02 | phase=9.2738e-03 | support=2.2629e+00
2026-08-07 23:41:35 | INFO    | TRAIN | epoch=002/100 | batch=01300/01563 ( 83.17%) | lr=1.000e-03 | elapsed=0:10:43 | eta=0:02:10
    losses | total=5.8365e+00 | fourier=5.8365e+00 | amplitude=1.5069e-02 | phase=8.8391e-03 | support=2.1983e+00
2026-08-07 23:41:59 | INFO    | TRAIN | epoch=002/100 | batch=01350/01563 ( 86.37%) | lr=1.000e-03 | elapsed=0:11:08 | eta=0:01:45
    losses | total=5.4545e+00 | fourier=5.4545e+00 | amplitude=1.2828e-02 | phase=1.0661e-02 | support=1.9118e+00
2026-08-07 23:42:24 | INFO    | TRAIN | epoch=002/100 | batch=01400/01563 ( 89.57%) | lr=1.000e-03 | elapsed=0:11:32 | eta=0:01:20
    losses | total=5.9092e+00 | fourier=5.9092e+00 | amplitude=1.5305e-02 | phase=1.1109e-02 | support=1.7773e+00
2026-08-07 23:42:49 | INFO    | TRAIN | epoch=002/100 | batch=01450/01563 ( 92.77%) | lr=1.000e-03 | elapsed=0:11:57 | eta=0:00:55
    losses | total=6.0443e+00 | fourier=6.0443e+00 | amplitude=1.6675e-02 | phase=9.4885e-03 | support=1.9096e+00
2026-08-07 23:43:14 | INFO    | TRAIN | epoch=002/100 | batch=01500/01563 ( 95.97%) | lr=1.000e-03 | elapsed=0:12:22 | eta=0:00:31
    losses | total=5.5163e+00 | fourier=5.5163e+00 | amplitude=1.3303e-02 | phase=1.0595e-02 | support=1.5714e+00
2026-08-07 23:43:38 | INFO    | TRAIN | epoch=002/100 | batch=01550/01563 ( 99.17%) | lr=1.000e-03 | elapsed=0:12:47 | eta=0:00:06
    losses | total=5.7715e+00 | fourier=5.7715e+00 | amplitude=1.4329e-02 | phase=8.7710e-03 | support=1.9886e+00
2026-08-07 23:43:45 | INFO    | TRAIN | epoch=002/100 | batch=01563/01563 (100.00%) | lr=1.000e-03 | elapsed=0:12:53 | eta=0:00:00
    losses | total=5.8878e+00 | fourier=5.8878e+00 | amplitude=1.4232e-02 | phase=8.3555e-03 | support=2.1624e+00
2026-08-07 23:43:45 | INFO    | TRAIN epoch 002 complete | batches=1563 | samples=25000 | time=0:12:53
2026-08-07 23:43:51 | INFO    | VAL | epoch=002/100 | batch=00050/00313 ( 15.97%) | elapsed=0:00:06 | eta=0:00:33
    losses | total=6.1810e+00 | fourier=6.1810e+00 | amplitude=1.5477e-02 | phase=7.4704e-03 | support=2.2049e+00
2026-08-07 23:43:58 | INFO    | VAL | epoch=002/100 | batch=00100/00313 ( 31.95%) | elapsed=0:00:12 | eta=0:00:27
    losses | total=5.9372e+00 | fourier=5.9372e+00 | amplitude=1.5635e-02 | phase=8.8759e-03 | support=2.3052e+00
2026-08-07 23:44:04 | INFO    | VAL | epoch=002/100 | batch=00150/00313 ( 47.92%) | elapsed=0:00:18 | eta=0:00:20
    losses | total=6.0172e+00 | fourier=6.0172e+00 | amplitude=1.5495e-02 | phase=8.2939e-03 | support=2.1885e+00
2026-08-07 23:44:10 | INFO    | VAL | epoch=002/100 | batch=00200/00313 ( 63.90%) | elapsed=0:00:25 | eta=0:00:14
    losses | total=5.9833e+00 | fourier=5.9833e+00 | amplitude=1.4729e-02 | phase=6.7593e-03 | support=2.1071e+00
2026-08-07 23:44:16 | INFO    | VAL | epoch=002/100 | batch=00250/00313 ( 79.87%) | elapsed=0:00:31 | eta=0:00:07
    losses | total=6.1830e+00 | fourier=6.1830e+00 | amplitude=1.6358e-02 | phase=8.1859e-03 | support=2.2961e+00
2026-08-07 23:44:23 | INFO    | VAL | epoch=002/100 | batch=00300/00313 ( 95.85%) | elapsed=0:00:37 | eta=0:00:01
    losses | total=5.9730e+00 | fourier=5.9730e+00 | amplitude=1.8156e-02 | phase=8.5366e-03 | support=2.3351e+00
2026-08-07 23:44:24 | INFO    | VAL | epoch=002/100 | batch=00313/00313 (100.00%) | elapsed=0:00:39 | eta=0:00:00
    losses | total=6.0134e+00 | fourier=6.0134e+00 | amplitude=1.5882e-02 | phase=9.0728e-03 | support=1.9314e+00
2026-08-07 23:44:24 | INFO    | VAL epoch 002 complete | batches=313 | samples=5000 | time=0:00:39
2026-08-07 23:44:25 | INFO    | 
------------------------------------------------------------------------------------------------
Epoch 002/100 summary
split             total      fourier    amplitude        phase      support        time
train        6.0064e+00   6.0064e+00   1.5917e-02   9.4403e-03   2.2652e+00     0:12:53
validation   6.0021e+00   6.0021e+00   1.5605e-02   7.8212e-03   2.2235e+00     0:00:39
lr=1.000e-03 | best_val=6.0021e+00 | best_updated=yes | periodic_checkpoint=no
------------------------------------------------------------------------------------------------
2026-08-07 23:44:50 | INFO    | TRAIN | epoch=003/100 | batch=00050/01563 (  3.20%) | lr=1.000e-03 | elapsed=0:00:24 | eta=0:12:34
    losses | total=5.5191e+00 | fourier=5.5191e+00 | amplitude=1.3563e-02 | phase=9.1024e-03 | support=1.8338e+00
2026-08-07 23:45:15 | INFO    | TRAIN | epoch=003/100 | batch=00100/01563 (  6.40%) | lr=1.000e-03 | elapsed=0:00:49 | eta=0:12:06
    losses | total=5.8310e+00 | fourier=5.8310e+00 | amplitude=1.6976e-02 | phase=8.0735e-03 | support=1.9847e+00
2026-08-07 23:45:39 | INFO    | TRAIN | epoch=003/100 | batch=00150/01563 (  9.60%) | lr=1.000e-03 | elapsed=0:01:14 | eta=0:11:41
    losses | total=5.7745e+00 | fourier=5.7745e+00 | amplitude=1.4485e-02 | phase=6.7896e-03 | support=2.0829e+00
2026-08-07 23:46:04 | INFO    | TRAIN | epoch=003/100 | batch=00200/01563 ( 12.80%) | lr=1.000e-03 | elapsed=0:01:39 | eta=0:11:16
    losses | total=5.4664e+00 | fourier=5.4664e+00 | amplitude=1.3800e-02 | phase=1.0649e-02 | support=1.7765e+00
2026-08-07 23:46:29 | INFO    | TRAIN | epoch=003/100 | batch=00250/01563 ( 15.99%) | lr=1.000e-03 | elapsed=0:02:03 | eta=0:10:51
    losses | total=6.0244e+00 | fourier=6.0244e+00 | amplitude=1.6957e-02 | phase=7.5252e-03 | support=2.0088e+00
2026-08-07 23:46:54 | INFO    | TRAIN | epoch=003/100 | batch=00300/01563 ( 19.19%) | lr=1.000e-03 | elapsed=0:02:28 | eta=0:10:26
    losses | total=6.1222e+00 | fourier=6.1222e+00 | amplitude=1.7358e-02 | phase=1.0314e-02 | support=2.1490e+00
2026-08-07 23:47:18 | INFO    | TRAIN | epoch=003/100 | batch=00350/01563 ( 22.39%) | lr=1.000e-03 | elapsed=0:02:53 | eta=0:10:01
    losses | total=5.6967e+00 | fourier=5.6967e+00 | amplitude=1.3683e-02 | phase=1.1634e-02 | support=1.8811e+00
2026-08-07 23:47:43 | INFO    | TRAIN | epoch=003/100 | batch=00400/01563 ( 25.59%) | lr=1.000e-03 | elapsed=0:03:18 | eta=0:09:36
    losses | total=5.4214e+00 | fourier=5.4214e+00 | amplitude=1.3905e-02 | phase=1.4362e-02 | support=1.9425e+00
2026-08-07 23:48:08 | INFO    | TRAIN | epoch=003/100 | batch=00450/01563 ( 28.79%) | lr=1.000e-03 | elapsed=0:03:43 | eta=0:09:11
    losses | total=6.2005e+00 | fourier=6.2005e+00 | amplitude=1.7782e-02 | phase=7.8699e-03 | support=2.1672e+00
2026-08-07 23:48:33 | INFO    | TRAIN | epoch=003/100 | batch=00500/01563 ( 31.99%) | lr=1.000e-03 | elapsed=0:04:07 | eta=0:08:46
    losses | total=5.7718e+00 | fourier=5.7718e+00 | amplitude=1.6685e-02 | phase=1.0710e-02 | support=1.8579e+00
2026-08-07 23:48:57 | INFO    | TRAIN | epoch=003/100 | batch=00550/01563 ( 35.19%) | lr=1.000e-03 | elapsed=0:04:32 | eta=0:08:21
    losses | total=6.3521e+00 | fourier=6.3521e+00 | amplitude=2.0633e-02 | phase=7.7525e-03 | support=2.1209e+00
2026-08-07 23:49:22 | INFO    | TRAIN | epoch=003/100 | batch=00600/01563 ( 38.39%) | lr=1.000e-03 | elapsed=0:04:57 | eta=0:07:57
    losses | total=6.0392e+00 | fourier=6.0392e+00 | amplitude=1.7109e-02 | phase=9.1039e-03 | support=2.1900e+00
2026-08-07 23:49:47 | INFO    | TRAIN | epoch=003/100 | batch=00650/01563 ( 41.59%) | lr=1.000e-03 | elapsed=0:05:22 | eta=0:07:32
    losses | total=5.6603e+00 | fourier=5.6603e+00 | amplitude=1.3566e-02 | phase=1.0533e-02 | support=1.8041e+00
2026-08-07 23:50:12 | INFO    | TRAIN | epoch=003/100 | batch=00700/01563 ( 44.79%) | lr=1.000e-03 | elapsed=0:05:46 | eta=0:07:07
    losses | total=5.4289e+00 | fourier=5.4289e+00 | amplitude=1.5089e-02 | phase=1.1145e-02 | support=1.7751e+00
2026-08-07 23:50:36 | INFO    | TRAIN | epoch=003/100 | batch=00750/01563 ( 47.98%) | lr=1.000e-03 | elapsed=0:06:11 | eta=0:06:42
    losses | total=5.6214e+00 | fourier=5.6214e+00 | amplitude=1.5377e-02 | phase=9.2268e-03 | support=1.7410e+00
2026-08-07 23:51:01 | INFO    | TRAIN | epoch=003/100 | batch=00800/01563 ( 51.18%) | lr=1.000e-03 | elapsed=0:06:36 | eta=0:06:18
    losses | total=5.5666e+00 | fourier=5.5666e+00 | amplitude=1.3244e-02 | phase=9.8104e-03 | support=1.7746e+00
2026-08-07 23:51:26 | INFO    | TRAIN | epoch=003/100 | batch=00850/01563 ( 54.38%) | lr=1.000e-03 | elapsed=0:07:01 | eta=0:05:53
    losses | total=5.6162e+00 | fourier=5.6162e+00 | amplitude=1.4666e-02 | phase=1.0050e-02 | support=1.8912e+00
2026-08-07 23:51:51 | INFO    | TRAIN | epoch=003/100 | batch=00900/01563 ( 57.58%) | lr=1.000e-03 | elapsed=0:07:25 | eta=0:05:28
    losses | total=5.8403e+00 | fourier=5.8403e+00 | amplitude=1.7109e-02 | phase=1.0446e-02 | support=2.1098e+00
2026-08-07 23:52:15 | INFO    | TRAIN | epoch=003/100 | batch=00950/01563 ( 60.78%) | lr=1.000e-03 | elapsed=0:07:50 | eta=0:05:03
    losses | total=5.8393e+00 | fourier=5.8393e+00 | amplitude=1.4713e-02 | phase=7.6088e-03 | support=1.9374e+00
2026-08-07 23:52:40 | INFO    | TRAIN | epoch=003/100 | batch=01000/01563 ( 63.98%) | lr=1.000e-03 | elapsed=0:08:15 | eta=0:04:38
    losses | total=5.7560e+00 | fourier=5.7560e+00 | amplitude=1.5829e-02 | phase=1.2756e-02 | support=1.9539e+00
2026-08-07 23:53:05 | INFO    | TRAIN | epoch=003/100 | batch=01050/01563 ( 67.18%) | lr=1.000e-03 | elapsed=0:08:40 | eta=0:04:14
    losses | total=5.5106e+00 | fourier=5.5106e+00 | amplitude=1.3900e-02 | phase=9.2889e-03 | support=2.0206e+00
2026-08-07 23:53:30 | INFO    | TRAIN | epoch=003/100 | batch=01100/01563 ( 70.38%) | lr=1.000e-03 | elapsed=0:09:04 | eta=0:03:49
    losses | total=5.4601e+00 | fourier=5.4601e+00 | amplitude=1.1569e-02 | phase=8.8975e-03 | support=1.5779e+00
2026-08-07 23:53:55 | INFO    | TRAIN | epoch=003/100 | batch=01150/01563 ( 73.58%) | lr=1.000e-03 | elapsed=0:09:29 | eta=0:03:24
    losses | total=5.7334e+00 | fourier=5.7334e+00 | amplitude=1.4699e-02 | phase=1.2857e-02 | support=1.7056e+00
2026-08-07 23:54:19 | INFO    | TRAIN | epoch=003/100 | batch=01200/01563 ( 76.78%) | lr=1.000e-03 | elapsed=0:09:54 | eta=0:02:59
    losses | total=5.7069e+00 | fourier=5.7069e+00 | amplitude=1.6504e-02 | phase=1.0097e-02 | support=1.9342e+00
2026-08-07 23:54:44 | INFO    | TRAIN | epoch=003/100 | batch=01250/01563 ( 79.97%) | lr=1.000e-03 | elapsed=0:10:19 | eta=0:02:35
    losses | total=5.9759e+00 | fourier=5.9759e+00 | amplitude=1.9330e-02 | phase=1.0647e-02 | support=2.0174e+00
2026-08-07 23:55:09 | INFO    | TRAIN | epoch=003/100 | batch=01300/01563 ( 83.17%) | lr=1.000e-03 | elapsed=0:10:43 | eta=0:02:10
    losses | total=5.9627e+00 | fourier=5.9627e+00 | amplitude=1.6891e-02 | phase=8.0396e-03 | support=1.9033e+00
2026-08-07 23:55:34 | INFO    | TRAIN | epoch=003/100 | batch=01350/01563 ( 86.37%) | lr=1.000e-03 | elapsed=0:11:08 | eta=0:01:45
    losses | total=5.3716e+00 | fourier=5.3716e+00 | amplitude=1.3970e-02 | phase=1.1114e-02 | support=2.0252e+00
2026-08-07 23:55:58 | INFO    | TRAIN | epoch=003/100 | batch=01400/01563 ( 89.57%) | lr=1.000e-03 | elapsed=0:11:33 | eta=0:01:20
    losses | total=5.5066e+00 | fourier=5.5066e+00 | amplitude=1.4827e-02 | phase=1.2742e-02 | support=1.7133e+00
2026-08-07 23:56:23 | INFO    | TRAIN | epoch=003/100 | batch=01450/01563 ( 92.77%) | lr=1.000e-03 | elapsed=0:11:58 | eta=0:00:55
    losses | total=5.6492e+00 | fourier=5.6492e+00 | amplitude=1.5151e-02 | phase=1.1040e-02 | support=1.7637e+00
2026-08-07 23:56:48 | INFO    | TRAIN | epoch=003/100 | batch=01500/01563 ( 95.97%) | lr=1.000e-03 | elapsed=0:12:22 | eta=0:00:31
    losses | total=5.6407e+00 | fourier=5.6407e+00 | amplitude=1.5137e-02 | phase=1.3521e-02 | support=1.6069e+00
2026-08-07 23:57:13 | INFO    | TRAIN | epoch=003/100 | batch=01550/01563 ( 99.17%) | lr=1.000e-03 | elapsed=0:12:47 | eta=0:00:06
    losses | total=5.5452e+00 | fourier=5.5452e+00 | amplitude=1.3923e-02 | phase=9.7258e-03 | support=1.7078e+00
2026-08-07 23:57:19 | INFO    | TRAIN | epoch=003/100 | batch=01563/01563 (100.00%) | lr=1.000e-03 | elapsed=0:12:53 | eta=0:00:00
    losses | total=5.4243e+00 | fourier=5.4243e+00 | amplitude=1.3457e-02 | phase=1.0353e-02 | support=1.6701e+00
2026-08-07 23:57:19 | INFO    | TRAIN epoch 003 complete | batches=1563 | samples=25000 | time=0:12:54
2026-08-07 23:57:26 | INFO    | VAL | epoch=003/100 | batch=00050/00313 ( 15.97%) | elapsed=0:00:06 | eta=0:00:34
    losses | total=5.8547e+00 | fourier=5.8547e+00 | amplitude=1.4793e-02 | phase=1.3661e-02 | support=1.5587e+00
2026-08-07 23:57:32 | INFO    | VAL | epoch=003/100 | batch=00100/00313 ( 31.95%) | elapsed=0:00:12 | eta=0:00:27
    losses | total=5.6025e+00 | fourier=5.6025e+00 | amplitude=1.5010e-02 | phase=1.4409e-02 | support=1.6805e+00
2026-08-07 23:57:38 | INFO    | VAL | epoch=003/100 | batch=00150/00313 ( 47.92%) | elapsed=0:00:19 | eta=0:00:20
    losses | total=5.6905e+00 | fourier=5.6905e+00 | amplitude=1.5746e-02 | phase=1.2431e-02 | support=1.6746e+00
2026-08-07 23:57:44 | INFO    | VAL | epoch=003/100 | batch=00200/00313 ( 63.90%) | elapsed=0:00:25 | eta=0:00:14
    losses | total=5.6361e+00 | fourier=5.6361e+00 | amplitude=1.4701e-02 | phase=1.1176e-02 | support=1.5745e+00
2026-08-07 23:57:51 | INFO    | VAL | epoch=003/100 | batch=00250/00313 ( 79.87%) | elapsed=0:00:31 | eta=0:00:07
    losses | total=5.9184e+00 | fourier=5.9184e+00 | amplitude=1.6482e-02 | phase=1.4887e-02 | support=1.7672e+00
2026-08-07 23:57:57 | INFO    | VAL | epoch=003/100 | batch=00300/00313 ( 95.85%) | elapsed=0:00:37 | eta=0:00:01
    losses | total=5.6816e+00 | fourier=5.6816e+00 | amplitude=1.7608e-02 | phase=1.2696e-02 | support=1.8116e+00
2026-08-07 23:57:59 | INFO    | VAL | epoch=003/100 | batch=00313/00313 (100.00%) | elapsed=0:00:39 | eta=0:00:00
    losses | total=5.6955e+00 | fourier=5.6955e+00 | amplitude=1.5633e-02 | phase=1.0537e-02 | support=1.4150e+00
2026-08-07 23:57:59 | INFO    | VAL epoch 003 complete | batches=313 | samples=5000 | time=0:00:39
2026-08-07 23:57:59 | INFO    | 
------------------------------------------------------------------------------------------------
Epoch 003/100 summary
split             total      fourier    amplitude        phase      support        time
train        5.7936e+00   5.7936e+00   1.5878e-02   9.8849e-03   1.9292e+00     0:12:54
validation   5.6792e+00   5.6792e+00   1.5413e-02   1.2487e-02   1.6663e+00     0:00:39
lr=1.000e-03 | best_val=5.6792e+00 | best_updated=yes | periodic_checkpoint=no
------------------------------------------------------------------------------------------------
2026-08-07 23:58:24 | INFO    | TRAIN | epoch=004/100 | batch=00050/01563 (  3.20%) | lr=1.000e-03 | elapsed=0:00:24 | eta=0:12:34
    losses | total=5.5770e+00 | fourier=5.5770e+00 | amplitude=1.3930e-02 | phase=1.1916e-02 | support=1.7720e+00
2026-08-07 23:58:49 | INFO    | TRAIN | epoch=004/100 | batch=00100/01563 (  6.40%) | lr=1.000e-03 | elapsed=0:00:49 | eta=0:12:07
    losses | total=5.6433e+00 | fourier=5.6433e+00 | amplitude=1.5868e-02 | phase=1.0891e-02 | support=1.7941e+00
2026-08-07 23:59:14 | INFO    | TRAIN | epoch=004/100 | batch=00150/01563 (  9.60%) | lr=1.000e-03 | elapsed=0:01:14 | eta=0:11:41
    losses | total=5.6861e+00 | fourier=5.6861e+00 | amplitude=1.5841e-02 | phase=1.1432e-02 | support=1.9161e+00
2026-08-07 23:59:38 | INFO    | TRAIN | epoch=004/100 | batch=00200/01563 ( 12.80%) | lr=1.000e-03 | elapsed=0:01:39 | eta=0:11:16
    losses | total=5.7889e+00 | fourier=5.7889e+00 | amplitude=1.6257e-02 | phase=9.9348e-03 | support=1.8912e+00
2026-08-08 00:00:03 | INFO    | TRAIN | epoch=004/100 | batch=00250/01563 ( 15.99%) | lr=1.000e-03 | elapsed=0:02:03 | eta=0:10:51
    losses | total=5.1783e+00 | fourier=5.1783e+00 | amplitude=1.3452e-02 | phase=1.0408e-02 | support=1.7185e+00
2026-08-08 00:00:28 | INFO    | TRAIN | epoch=004/100 | batch=00300/01563 ( 19.19%) | lr=1.000e-03 | elapsed=0:02:28 | eta=0:10:26
    losses | total=5.7644e+00 | fourier=5.7644e+00 | amplitude=1.8464e-02 | phase=1.1576e-02 | support=2.0201e+00
2026-08-08 00:00:53 | INFO    | TRAIN | epoch=004/100 | batch=00350/01563 ( 22.39%) | lr=1.000e-03 | elapsed=0:02:53 | eta=0:10:01
    losses | total=5.8169e+00 | fourier=5.8169e+00 | amplitude=1.7313e-02 | phase=1.1041e-02 | support=1.9135e+00
2026-08-08 00:01:17 | INFO    | TRAIN | epoch=004/100 | batch=00400/01563 ( 25.59%) | lr=1.000e-03 | elapsed=0:03:18 | eta=0:09:36
    losses | total=5.5841e+00 | fourier=5.5841e+00 | amplitude=1.6255e-02 | phase=9.9787e-03 | support=2.0040e+00
2026-08-08 00:01:42 | INFO    | TRAIN | epoch=004/100 | batch=00450/01563 ( 28.79%) | lr=1.000e-03 | elapsed=0:03:43 | eta=0:09:11
    losses | total=5.8478e+00 | fourier=5.8478e+00 | amplitude=1.8473e-02 | phase=9.0048e-03 | support=2.0318e+00
2026-08-08 00:02:07 | INFO    | TRAIN | epoch=004/100 | batch=00500/01563 ( 31.99%) | lr=1.000e-03 | elapsed=0:04:07 | eta=0:08:46
    losses | total=5.6873e+00 | fourier=5.6873e+00 | amplitude=1.7893e-02 | phase=1.1607e-02 | support=2.0493e+00
2026-08-08 00:02:32 | INFO    | TRAIN | epoch=004/100 | batch=00550/01563 ( 35.19%) | lr=1.000e-03 | elapsed=0:04:32 | eta=0:08:22
    losses | total=5.5907e+00 | fourier=5.5907e+00 | amplitude=1.5269e-02 | phase=1.0176e-02 | support=1.7988e+00
2026-08-08 00:02:56 | INFO    | TRAIN | epoch=004/100 | batch=00600/01563 ( 38.39%) | lr=1.000e-03 | elapsed=0:04:57 | eta=0:07:57
    losses | total=5.7554e+00 | fourier=5.7554e+00 | amplitude=1.7423e-02 | phase=8.5388e-03 | support=1.7756e+00
2026-08-08 00:03:21 | INFO    | TRAIN | epoch=004/100 | batch=00650/01563 ( 41.59%) | lr=1.000e-03 | elapsed=0:05:22 | eta=0:07:32
    losses | total=5.7523e+00 | fourier=5.7523e+00 | amplitude=1.6535e-02 | phase=1.0602e-02 | support=1.8661e+00
2026-08-08 00:03:46 | INFO    | TRAIN | epoch=004/100 | batch=00700/01563 ( 44.79%) | lr=1.000e-03 | elapsed=0:05:46 | eta=0:07:07
    losses | total=5.6983e+00 | fourier=5.6983e+00 | amplitude=1.6542e-02 | phase=7.5125e-03 | support=2.0406e+00
2026-08-08 00:04:11 | INFO    | TRAIN | epoch=004/100 | batch=00750/01563 ( 47.98%) | lr=1.000e-03 | elapsed=0:06:11 | eta=0:06:42
    losses | total=5.8410e+00 | fourier=5.8410e+00 | amplitude=1.8354e-02 | phase=1.1108e-02 | support=2.1321e+00
2026-08-08 00:04:36 | INFO    | TRAIN | epoch=004/100 | batch=00800/01563 ( 51.18%) | lr=1.000e-03 | elapsed=0:06:36 | eta=0:06:18
    losses | total=5.6154e+00 | fourier=5.6154e+00 | amplitude=1.5084e-02 | phase=1.0611e-02 | support=1.6727e+00
2026-08-08 00:05:00 | INFO    | TRAIN | epoch=004/100 | batch=00850/01563 ( 54.38%) | lr=1.000e-03 | elapsed=0:07:01 | eta=0:05:53
    losses | total=5.7342e+00 | fourier=5.7342e+00 | amplitude=1.5693e-02 | phase=9.9287e-03 | support=1.8912e+00
2026-08-08 00:05:25 | INFO    | TRAIN | epoch=004/100 | batch=00900/01563 ( 57.58%) | lr=1.000e-03 | elapsed=0:07:25 | eta=0:05:28
    losses | total=5.8821e+00 | fourier=5.8821e+00 | amplitude=1.9032e-02 | phase=1.1888e-02 | support=2.0528e+00
2026-08-08 00:05:50 | INFO    | TRAIN | epoch=004/100 | batch=00950/01563 ( 60.78%) | lr=1.000e-03 | elapsed=0:07:50 | eta=0:05:03
    losses | total=5.5898e+00 | fourier=5.5898e+00 | amplitude=1.5880e-02 | phase=1.0747e-02 | support=1.7580e+00
2026-08-08 00:06:15 | INFO    | TRAIN | epoch=004/100 | batch=01000/01563 ( 63.98%) | lr=1.000e-03 | elapsed=0:08:15 | eta=0:04:38
    losses | total=6.0444e+00 | fourier=6.0444e+00 | amplitude=1.7957e-02 | phase=1.0375e-02 | support=1.9966e+00
2026-08-08 00:06:39 | INFO    | TRAIN | epoch=004/100 | batch=01050/01563 ( 67.18%) | lr=1.000e-03 | elapsed=0:08:40 | eta=0:04:14
    losses | total=5.9564e+00 | fourier=5.9564e+00 | amplitude=1.9212e-02 | phase=9.9685e-03 | support=2.0088e+00
2026-08-08 00:07:04 | INFO    | TRAIN | epoch=004/100 | batch=01100/01563 ( 70.38%) | lr=1.000e-03 | elapsed=0:09:04 | eta=0:03:49
    losses | total=5.4094e+00 | fourier=5.4094e+00 | amplitude=1.4488e-02 | phase=9.9880e-03 | support=1.6708e+00
2026-08-08 00:07:29 | INFO    | TRAIN | epoch=004/100 | batch=01150/01563 ( 73.58%) | lr=1.000e-03 | elapsed=0:09:29 | eta=0:03:24
    losses | total=5.8229e+00 | fourier=5.8229e+00 | amplitude=1.6711e-02 | phase=1.0218e-02 | support=2.0403e+00
2026-08-08 00:07:54 | INFO    | TRAIN | epoch=004/100 | batch=01200/01563 ( 76.78%) | lr=1.000e-03 | elapsed=0:09:54 | eta=0:02:59
    losses | total=5.9842e+00 | fourier=5.9842e+00 | amplitude=1.7364e-02 | phase=9.5948e-03 | support=1.9463e+00
2026-08-08 00:08:18 | INFO    | TRAIN | epoch=004/100 | batch=01250/01563 ( 79.97%) | lr=1.000e-03 | elapsed=0:10:19 | eta=0:02:35
    losses | total=5.9152e+00 | fourier=5.9152e+00 | amplitude=1.8131e-02 | phase=9.0497e-03 | support=1.9755e+00
2026-08-08 00:08:43 | INFO    | TRAIN | epoch=004/100 | batch=01300/01563 ( 83.17%) | lr=1.000e-03 | elapsed=0:10:43 | eta=0:02:10
    losses | total=5.6872e+00 | fourier=5.6872e+00 | amplitude=1.7028e-02 | phase=1.0676e-02 | support=1.9558e+00
2026-08-08 00:09:08 | INFO    | TRAIN | epoch=004/100 | batch=01350/01563 ( 86.37%) | lr=1.000e-03 | elapsed=0:11:08 | eta=0:01:45
    losses | total=5.7448e+00 | fourier=5.7448e+00 | amplitude=1.7434e-02 | phase=1.2798e-02 | support=2.0230e+00
2026-08-08 00:09:33 | INFO    | TRAIN | epoch=004/100 | batch=01400/01563 ( 89.57%) | lr=1.000e-03 | elapsed=0:11:33 | eta=0:01:20
    losses | total=5.3901e+00 | fourier=5.3901e+00 | amplitude=1.6291e-02 | phase=1.0147e-02 | support=1.9151e+00
2026-08-08 00:09:57 | INFO    | TRAIN | epoch=004/100 | batch=01450/01563 ( 92.77%) | lr=1.000e-03 | elapsed=0:11:58 | eta=0:00:55
    losses | total=5.9124e+00 | fourier=5.9124e+00 | amplitude=1.7995e-02 | phase=8.6874e-03 | support=1.9905e+00
2026-08-08 00:10:22 | INFO    | TRAIN | epoch=004/100 | batch=01500/01563 ( 95.97%) | lr=1.000e-03 | elapsed=0:12:23 | eta=0:00:31
    losses | total=5.3525e+00 | fourier=5.3525e+00 | amplitude=1.4898e-02 | phase=1.0348e-02 | support=1.8570e+00
2026-08-08 00:10:47 | INFO    | TRAIN | epoch=004/100 | batch=01550/01563 ( 99.17%) | lr=1.000e-03 | elapsed=0:12:47 | eta=0:00:06
    losses | total=5.4366e+00 | fourier=5.4366e+00 | amplitude=1.4719e-02 | phase=1.1554e-02 | support=1.7259e+00
2026-08-08 00:10:53 | INFO    | TRAIN | epoch=004/100 | batch=01563/01563 (100.00%) | lr=1.000e-03 | elapsed=0:12:53 | eta=0:00:00
    losses | total=5.9889e+00 | fourier=5.9889e+00 | amplitude=1.9098e-02 | phase=9.0461e-03 | support=2.1114e+00
2026-08-08 00:10:53 | INFO    | TRAIN epoch 004 complete | batches=1563 | samples=25000 | time=0:12:54
2026-08-08 00:11:00 | INFO    | VAL | epoch=004/100 | batch=00050/00313 ( 15.97%) | elapsed=0:00:06 | eta=0:00:33
    losses | total=5.8541e+00 | fourier=5.8541e+00 | amplitude=1.6467e-02 | phase=1.0004e-02 | support=1.9413e+00
2026-08-08 00:11:06 | INFO    | VAL | epoch=004/100 | batch=00100/00313 ( 31.95%) | elapsed=0:00:12 | eta=0:00:27
    losses | total=5.7024e+00 | fourier=5.7024e+00 | amplitude=1.6161e-02 | phase=9.0401e-03 | support=2.1282e+00
2026-08-08 00:11:12 | INFO    | VAL | epoch=004/100 | batch=00150/00313 ( 47.92%) | elapsed=0:00:19 | eta=0:00:20
    losses | total=5.7282e+00 | fourier=5.7282e+00 | amplitude=1.7018e-02 | phase=8.6099e-03 | support=2.2289e+00
2026-08-08 00:11:19 | INFO    | VAL | epoch=004/100 | batch=00200/00313 ( 63.90%) | elapsed=0:00:25 | eta=0:00:14
    losses | total=5.6847e+00 | fourier=5.6847e+00 | amplitude=1.5720e-02 | phase=7.8033e-03 | support=2.0767e+00
2026-08-08 00:11:25 | INFO    | VAL | epoch=004/100 | batch=00250/00313 ( 79.87%) | elapsed=0:00:31 | eta=0:00:07
    losses | total=5.9507e+00 | fourier=5.9507e+00 | amplitude=1.7718e-02 | phase=1.0044e-02 | support=2.1921e+00
2026-08-08 00:11:31 | INFO    | VAL | epoch=004/100 | batch=00300/00313 ( 95.85%) | elapsed=0:00:37 | eta=0:00:01
    losses | total=5.7139e+00 | fourier=5.7139e+00 | amplitude=1.9027e-02 | phase=9.8459e-03 | support=2.2739e+00
2026-08-08 00:11:33 | INFO    | VAL | epoch=004/100 | batch=00313/00313 (100.00%) | elapsed=0:00:39 | eta=0:00:00
    losses | total=5.7296e+00 | fourier=5.7296e+00 | amplitude=1.7958e-02 | phase=9.9464e-03 | support=2.0826e+00
2026-08-08 00:11:33 | INFO    | VAL epoch 004 complete | batches=313 | samples=5000 | time=0:00:39
2026-08-08 00:11:33 | INFO    | 
------------------------------------------------------------------------------------------------
Epoch 004/100 summary
split             total      fourier    amplitude        phase      support        time
train        5.7023e+00   5.7023e+00   1.6613e-02   9.8200e-03   1.8990e+00     0:12:54
validation   5.7271e+00   5.7271e+00   1.6793e-02   9.1101e-03   2.1379e+00     0:00:39
lr=1.000e-03 | best_val=5.6792e+00 | best_updated=no | periodic_checkpoint=no
------------------------------------------------------------------------------------------------
2026-08-08 00:11:58 | INFO    | TRAIN | epoch=005/100 | batch=00050/01563 (  3.20%) | lr=1.000e-03 | elapsed=0:00:24 | eta=0:12:32
    losses | total=5.8687e+00 | fourier=5.8687e+00 | amplitude=1.6725e-02 | phase=8.1682e-03 | support=1.9150e+00
2026-08-08 00:12:23 | INFO    | TRAIN | epoch=005/100 | batch=00100/01563 (  6.40%) | lr=1.000e-03 | elapsed=0:00:49 | eta=0:12:05
    losses | total=5.6871e+00 | fourier=5.6871e+00 | amplitude=1.8555e-02 | phase=9.8031e-03 | support=2.0503e+00
2026-08-08 00:12:48 | INFO    | TRAIN | epoch=005/100 | batch=00150/01563 (  9.60%) | lr=1.000e-03 | elapsed=0:01:14 | eta=0:11:40
    losses | total=5.4465e+00 | fourier=5.4465e+00 | amplitude=1.5445e-02 | phase=1.1973e-02 | support=1.9071e+00
2026-08-08 00:13:12 | INFO    | TRAIN | epoch=005/100 | batch=00200/01563 ( 12.80%) | lr=1.000e-03 | elapsed=0:01:39 | eta=0:11:15
    losses | total=5.3827e+00 | fourier=5.3827e+00 | amplitude=1.6794e-02 | phase=1.1443e-02 | support=1.6891e+00
2026-08-08 00:13:37 | INFO    | TRAIN | epoch=005/100 | batch=00250/01563 ( 15.99%) | lr=1.000e-03 | elapsed=0:02:03 | eta=0:10:50
    losses | total=6.1430e+00 | fourier=6.1430e+00 | amplitude=2.0717e-02 | phase=1.0679e-02 | support=1.9178e+00
2026-08-08 00:14:02 | INFO    | TRAIN | epoch=005/100 | batch=00300/01563 ( 19.19%) | lr=1.000e-03 | elapsed=0:02:28 | eta=0:10:25
    losses | total=5.6827e+00 | fourier=5.6827e+00 | amplitude=1.8215e-02 | phase=1.0537e-02 | support=2.1095e+00
2026-08-08 00:14:26 | INFO    | TRAIN | epoch=005/100 | batch=00350/01563 ( 22.39%) | lr=1.000e-03 | elapsed=0:02:53 | eta=0:10:00
    losses | total=5.5331e+00 | fourier=5.5331e+00 | amplitude=1.7035e-02 | phase=1.0816e-02 | support=1.9398e+00
2026-08-08 00:14:51 | INFO    | TRAIN | epoch=005/100 | batch=00400/01563 ( 25.59%) | lr=1.000e-03 | elapsed=0:03:18 | eta=0:09:35
    losses | total=5.5188e+00 | fourier=5.5188e+00 | amplitude=1.6899e-02 | phase=1.0623e-02 | support=1.8645e+00
2026-08-08 00:15:16 | INFO    | TRAIN | epoch=005/100 | batch=00450/01563 ( 28.79%) | lr=1.000e-03 | elapsed=0:03:42 | eta=0:09:10
    losses | total=5.0774e+00 | fourier=5.0774e+00 | amplitude=1.3772e-02 | phase=1.1162e-02 | support=1.6647e+00
2026-08-08 00:15:41 | INFO    | TRAIN | epoch=005/100 | batch=00500/01563 ( 31.99%) | lr=1.000e-03 | elapsed=0:04:07 | eta=0:08:46
    losses | total=5.4948e+00 | fourier=5.4948e+00 | amplitude=1.6289e-02 | phase=1.1581e-02 | support=1.6810e+00
2026-08-08 00:16:05 | INFO    | TRAIN | epoch=005/100 | batch=00550/01563 ( 35.19%) | lr=1.000e-03 | elapsed=0:04:32 | eta=0:08:21
    losses | total=5.7238e+00 | fourier=5.7238e+00 | amplitude=1.6445e-02 | phase=9.7548e-03 | support=1.8978e+00
2026-08-08 00:16:30 | INFO    | TRAIN | epoch=005/100 | batch=00600/01563 ( 38.39%) | lr=1.000e-03 | elapsed=0:04:56 | eta=0:07:56
    losses | total=5.6163e+00 | fourier=5.6163e+00 | amplitude=1.6977e-02 | phase=1.1461e-02 | support=1.9915e+00
2026-08-08 00:16:55 | INFO    | TRAIN | epoch=005/100 | batch=00650/01563 ( 41.59%) | lr=1.000e-03 | elapsed=0:05:21 | eta=0:07:31
    losses | total=5.8966e+00 | fourier=5.8966e+00 | amplitude=1.8696e-02 | phase=8.5174e-03 | support=1.8534e+00
2026-08-08 00:17:20 | INFO    | TRAIN | epoch=005/100 | batch=00700/01563 ( 44.79%) | lr=1.000e-03 | elapsed=0:05:46 | eta=0:07:07
    losses | total=5.7144e+00 | fourier=5.7144e+00 | amplitude=1.8905e-02 | phase=1.0012e-02 | support=1.8399e+00
2026-08-08 00:17:44 | INFO    | TRAIN | epoch=005/100 | batch=00750/01563 ( 47.98%) | lr=1.000e-03 | elapsed=0:06:11 | eta=0:06:42
    losses | total=5.5236e+00 | fourier=5.5236e+00 | amplitude=1.5226e-02 | phase=1.0665e-02 | support=1.8705e+00
2026-08-08 00:18:09 | INFO    | TRAIN | epoch=005/100 | batch=00800/01563 ( 51.18%) | lr=1.000e-03 | elapsed=0:06:35 | eta=0:06:17
    losses | total=5.5785e+00 | fourier=5.5785e+00 | amplitude=1.7377e-02 | phase=1.2355e-02 | support=1.8857e+00
2026-08-08 00:18:34 | INFO    | TRAIN | epoch=005/100 | batch=00850/01563 ( 54.38%) | lr=1.000e-03 | elapsed=0:07:00 | eta=0:05:52
    losses | total=5.3506e+00 | fourier=5.3506e+00 | amplitude=1.6334e-02 | phase=1.0215e-02 | support=1.8608e+00
2026-08-08 00:18:59 | INFO    | TRAIN | epoch=005/100 | batch=00900/01563 ( 57.58%) | lr=1.000e-03 | elapsed=0:07:25 | eta=0:05:28
    losses | total=5.9487e+00 | fourier=5.9487e+00 | amplitude=1.9771e-02 | phase=9.7214e-03 | support=1.9985e+00
2026-08-08 00:19:23 | INFO    | TRAIN | epoch=005/100 | batch=00950/01563 ( 60.78%) | lr=1.000e-03 | elapsed=0:07:50 | eta=0:05:03
    losses | total=5.5715e+00 | fourier=5.5715e+00 | amplitude=1.5908e-02 | phase=1.0172e-02 | support=1.9853e+00
2026-08-08 00:19:48 | INFO    | TRAIN | epoch=005/100 | batch=01000/01563 ( 63.98%) | lr=1.000e-03 | elapsed=0:08:14 | eta=0:04:38
    losses | total=5.5918e+00 | fourier=5.5918e+00 | amplitude=1.7228e-02 | phase=9.0985e-03 | support=1.9206e+00
2026-08-08 00:20:13 | INFO    | TRAIN | epoch=005/100 | batch=01050/01563 ( 67.18%) | lr=1.000e-03 | elapsed=0:08:39 | eta=0:04:13
    losses | total=5.8413e+00 | fourier=5.8413e+00 | amplitude=1.8063e-02 | phase=9.9808e-03 | support=1.9944e+00
2026-08-08 00:20:37 | INFO    | TRAIN | epoch=005/100 | batch=01100/01563 ( 70.38%) | lr=1.000e-03 | elapsed=0:09:04 | eta=0:03:49
    losses | total=5.8864e+00 | fourier=5.8864e+00 | amplitude=2.0910e-02 | phase=9.2911e-03 | support=2.1547e+00
2026-08-08 00:21:02 | INFO    | TRAIN | epoch=005/100 | batch=01150/01563 ( 73.58%) | lr=1.000e-03 | elapsed=0:09:29 | eta=0:03:24
    losses | total=5.7174e+00 | fourier=5.7174e+00 | amplitude=1.9585e-02 | phase=9.4044e-03 | support=2.0825e+00
2026-08-08 00:21:27 | INFO    | TRAIN | epoch=005/100 | batch=01200/01563 ( 76.78%) | lr=1.000e-03 | elapsed=0:09:53 | eta=0:02:59
    losses | total=5.0765e+00 | fourier=5.0765e+00 | amplitude=1.3497e-02 | phase=1.0639e-02 | support=1.5867e+00
2026-08-08 00:21:52 | INFO    | TRAIN | epoch=005/100 | batch=01250/01563 ( 79.97%) | lr=1.000e-03 | elapsed=0:10:18 | eta=0:02:34
    losses | total=5.8438e+00 | fourier=5.8438e+00 | amplitude=1.9906e-02 | phase=1.1198e-02 | support=2.1707e+00
2026-08-08 00:22:16 | INFO    | TRAIN | epoch=005/100 | batch=01300/01563 ( 83.17%) | lr=1.000e-03 | elapsed=0:10:43 | eta=0:02:10
    losses | total=5.4650e+00 | fourier=5.4650e+00 | amplitude=1.6178e-02 | phase=1.0062e-02 | support=1.8033e+00
2026-08-08 00:22:41 | INFO    | TRAIN | epoch=005/100 | batch=01350/01563 ( 86.37%) | lr=1.000e-03 | elapsed=0:11:07 | eta=0:01:45
    losses | total=5.7379e+00 | fourier=5.7379e+00 | amplitude=1.9015e-02 | phase=9.3493e-03 | support=2.2065e+00
2026-08-08 00:23:06 | INFO    | TRAIN | epoch=005/100 | batch=01400/01563 ( 89.57%) | lr=1.000e-03 | elapsed=0:11:32 | eta=0:01:20
    losses | total=5.5535e+00 | fourier=5.5535e+00 | amplitude=1.7321e-02 | phase=1.0525e-02 | support=2.0135e+00
2026-08-08 00:23:31 | INFO    | TRAIN | epoch=005/100 | batch=01450/01563 ( 92.77%) | lr=1.000e-03 | elapsed=0:11:57 | eta=0:00:55
    losses | total=5.5301e+00 | fourier=5.5301e+00 | amplitude=1.7140e-02 | phase=9.4946e-03 | support=1.9714e+00
2026-08-08 00:23:55 | INFO    | TRAIN | epoch=005/100 | batch=01500/01563 ( 95.97%) | lr=1.000e-03 | elapsed=0:12:22 | eta=0:00:31
    losses | total=5.4272e+00 | fourier=5.4272e+00 | amplitude=1.6745e-02 | phase=1.1528e-02 | support=2.0950e+00
2026-08-08 00:24:20 | INFO    | TRAIN | epoch=005/100 | batch=01550/01563 ( 99.17%) | lr=1.000e-03 | elapsed=0:12:46 | eta=0:00:06
    losses | total=5.4208e+00 | fourier=5.4208e+00 | amplitude=1.5173e-02 | phase=7.2881e-03 | support=2.1150e+00
2026-08-08 00:24:26 | INFO    | TRAIN | epoch=005/100 | batch=01563/01563 (100.00%) | lr=1.000e-03 | elapsed=0:12:53 | eta=0:00:00
    losses | total=5.3898e+00 | fourier=5.3898e+00 | amplitude=1.4862e-02 | phase=1.1175e-02 | support=1.7656e+00
2026-08-08 00:24:27 | INFO    | TRAIN epoch 005 complete | batches=1563 | samples=25000 | time=0:12:53
2026-08-08 00:24:33 | INFO    | VAL | epoch=005/100 | batch=00050/00313 ( 15.97%) | elapsed=0:00:06 | eta=0:00:33
    losses | total=5.9645e+00 | fourier=5.9645e+00 | amplitude=1.6892e-02 | phase=9.2267e-03 | support=1.8969e+00
2026-08-08 00:24:39 | INFO    | VAL | epoch=005/100 | batch=00100/00313 ( 31.95%) | elapsed=0:00:12 | eta=0:00:27
    losses | total=5.6984e+00 | fourier=5.6984e+00 | amplitude=1.6306e-02 | phase=9.1164e-03 | support=2.0472e+00
2026-08-08 00:24:45 | INFO    | VAL | epoch=005/100 | batch=00150/00313 ( 47.92%) | elapsed=0:00:18 | eta=0:00:20
    losses | total=5.7520e+00 | fourier=5.7520e+00 | amplitude=1.7311e-02 | phase=8.9502e-03 | support=2.0890e+00
2026-08-08 00:24:52 | INFO    | VAL | epoch=005/100 | batch=00200/00313 ( 63.90%) | elapsed=0:00:25 | eta=0:00:14
    losses | total=5.6430e+00 | fourier=5.6430e+00 | amplitude=1.6005e-02 | phase=7.8118e-03 | support=1.9276e+00
2026-08-08 00:24:58 | INFO    | VAL | epoch=005/100 | batch=00250/00313 ( 79.87%) | elapsed=0:00:31 | eta=0:00:07
    losses | total=6.0218e+00 | fourier=6.0218e+00 | amplitude=1.7858e-02 | phase=9.7106e-03 | support=2.0840e+00
2026-08-08 00:25:04 | INFO    | VAL | epoch=005/100 | batch=00300/00313 ( 95.85%) | elapsed=0:00:37 | eta=0:00:01
    losses | total=5.7518e+00 | fourier=5.7518e+00 | amplitude=1.9239e-02 | phase=8.8150e-03 | support=2.1493e+00
2026-08-08 00:25:06 | INFO    | VAL | epoch=005/100 | batch=00313/00313 (100.00%) | elapsed=0:00:39 | eta=0:00:00
    losses | total=5.7588e+00 | fourier=5.7588e+00 | amplitude=1.8286e-02 | phase=8.4685e-03 | support=1.9478e+00
2026-08-08 00:25:06 | INFO    | VAL epoch 005 complete | batches=313 | samples=5000 | time=0:00:39
2026-08-08 00:25:06 | INFO    | 
------------------------------------------------------------------------------------------------
Epoch 005/100 summary
split             total      fourier    amplitude        phase      support        time
train        5.6201e+00   5.6201e+00   1.7255e-02   1.0008e-02   1.9468e+00     0:12:53
validation   5.7662e+00   5.7662e+00   1.7062e-02   8.6340e-03   2.0284e+00     0:00:39
lr=1.000e-03 | best_val=5.6792e+00 | best_updated=no | periodic_checkpoint=no
------------------------------------------------------------------------------------------------
2026-08-08 00:25:31 | INFO    | TRAIN | epoch=006/100 | batch=00050/01563 (  3.20%) | lr=1.000e-03 | elapsed=0:00:24 | eta=0:12:32
    losses | total=5.5077e+00 | fourier=5.5077e+00 | amplitude=1.7479e-02 | phase=7.9384e-03 | support=1.9801e+00
2026-08-08 00:25:56 | INFO    | TRAIN | epoch=006/100 | batch=00100/01563 (  6.40%) | lr=1.000e-03 | elapsed=0:00:49 | eta=0:12:05
    losses | total=5.7707e+00 | fourier=5.7707e+00 | amplitude=1.7954e-02 | phase=1.0302e-02 | support=2.0862e+00
2026-08-08 00:26:21 | INFO    | TRAIN | epoch=006/100 | batch=00150/01563 (  9.60%) | lr=1.000e-03 | elapsed=0:01:14 | eta=0:11:40
    losses | total=5.4640e+00 | fourier=5.4640e+00 | amplitude=1.5907e-02 | phase=9.4566e-03 | support=1.9201e+00
2026-08-08 00:26:46 | INFO    | TRAIN | epoch=006/100 | batch=00200/01563 ( 12.80%) | lr=1.000e-03 | elapsed=0:01:39 | eta=0:11:15
    losses | total=5.5089e+00 | fourier=5.5089e+00 | amplitude=1.9753e-02 | phase=9.0347e-03 | support=2.0767e+00
2026-08-08 00:27:10 | INFO    | TRAIN | epoch=006/100 | batch=00250/01563 ( 15.99%) | lr=1.000e-03 | elapsed=0:02:03 | eta=0:10:50
    losses | total=5.2845e+00 | fourier=5.2845e+00 | amplitude=1.4279e-02 | phase=8.5559e-03 | support=1.9690e+00
2026-08-08 00:27:35 | INFO    | TRAIN | epoch=006/100 | batch=00300/01563 ( 19.19%) | lr=1.000e-03 | elapsed=0:02:28 | eta=0:10:25
    losses | total=5.5510e+00 | fourier=5.5510e+00 | amplitude=1.8166e-02 | phase=9.3938e-03 | support=2.0249e+00
2026-08-08 00:28:00 | INFO    | TRAIN | epoch=006/100 | batch=00350/01563 ( 22.39%) | lr=1.000e-03 | elapsed=0:02:53 | eta=0:10:00
    losses | total=5.8267e+00 | fourier=5.8267e+00 | amplitude=1.8048e-02 | phase=1.1978e-02 | support=1.9225e+00
2026-08-08 00:28:24 | INFO    | TRAIN | epoch=006/100 | batch=00400/01563 ( 25.59%) | lr=1.000e-03 | elapsed=0:03:17 | eta=0:09:35
    losses | total=5.7878e+00 | fourier=5.7878e+00 | amplitude=2.0517e-02 | phase=8.4971e-03 | support=2.0711e+00
2026-08-08 00:28:49 | INFO    | TRAIN | epoch=006/100 | batch=00450/01563 ( 28.79%) | lr=1.000e-03 | elapsed=0:03:42 | eta=0:09:10
    losses | total=5.5762e+00 | fourier=5.5762e+00 | amplitude=1.7661e-02 | phase=1.0415e-02 | support=2.0504e+00
2026-08-08 00:29:14 | INFO    | TRAIN | epoch=006/100 | batch=00500/01563 ( 31.99%) | lr=1.000e-03 | elapsed=0:04:07 | eta=0:08:46
    losses | total=5.6134e+00 | fourier=5.6134e+00 | amplitude=1.7426e-02 | phase=1.0895e-02 | support=1.8862e+00
2026-08-08 00:29:39 | INFO    | TRAIN | epoch=006/100 | batch=00550/01563 ( 35.19%) | lr=1.000e-03 | elapsed=0:04:32 | eta=0:08:21
    losses | total=5.6079e+00 | fourier=5.6079e+00 | amplitude=1.6811e-02 | phase=9.9461e-03 | support=2.0118e+00
2026-08-08 00:30:03 | INFO    | TRAIN | epoch=006/100 | batch=00600/01563 ( 38.39%) | lr=1.000e-03 | elapsed=0:04:56 | eta=0:07:56
    losses | total=5.3188e+00 | fourier=5.3188e+00 | amplitude=1.7409e-02 | phase=1.0047e-02 | support=2.1703e+00
2026-08-08 00:30:28 | INFO    | TRAIN | epoch=006/100 | batch=00650/01563 ( 41.59%) | lr=1.000e-03 | elapsed=0:05:21 | eta=0:07:31
    losses | total=5.5104e+00 | fourier=5.5104e+00 | amplitude=1.7196e-02 | phase=7.7188e-03 | support=1.9523e+00
2026-08-08 00:30:53 | INFO    | TRAIN | epoch=006/100 | batch=00700/01563 ( 44.79%) | lr=1.000e-03 | elapsed=0:05:46 | eta=0:07:07
    losses | total=5.7316e+00 | fourier=5.7316e+00 | amplitude=1.8742e-02 | phase=8.1272e-03 | support=2.1844e+00
2026-08-08 00:31:18 | INFO    | TRAIN | epoch=006/100 | batch=00750/01563 ( 47.98%) | lr=1.000e-03 | elapsed=0:06:11 | eta=0:06:42
    losses | total=5.5083e+00 | fourier=5.5083e+00 | amplitude=1.7729e-02 | phase=1.0382e-02 | support=2.0851e+00
2026-08-08 00:31:42 | INFO    | TRAIN | epoch=006/100 | batch=00800/01563 ( 51.18%) | lr=1.000e-03 | elapsed=0:06:35 | eta=0:06:17
    losses | total=5.5684e+00 | fourier=5.5684e+00 | amplitude=1.7151e-02 | phase=9.2018e-03 | support=2.1306e+00
2026-08-08 00:32:07 | INFO    | TRAIN | epoch=006/100 | batch=00850/01563 ( 54.38%) | lr=1.000e-03 | elapsed=0:07:00 | eta=0:05:52
    losses | total=5.5031e+00 | fourier=5.5031e+00 | amplitude=1.7037e-02 | phase=1.0177e-02 | support=1.8281e+00
2026-08-08 00:32:32 | INFO    | TRAIN | epoch=006/100 | batch=00900/01563 ( 57.58%) | lr=1.000e-03 | elapsed=0:07:25 | eta=0:05:28
    losses | total=5.4128e+00 | fourier=5.4128e+00 | amplitude=1.5720e-02 | phase=9.7980e-03 | support=1.6412e+00
2026-08-08 00:32:57 | INFO    | TRAIN | epoch=006/100 | batch=00950/01563 ( 60.78%) | lr=1.000e-03 | elapsed=0:07:50 | eta=0:05:03
    losses | total=5.6429e+00 | fourier=5.6429e+00 | amplitude=1.6537e-02 | phase=9.3394e-03 | support=2.0533e+00
2026-08-08 00:33:21 | INFO    | TRAIN | epoch=006/100 | batch=01000/01563 ( 63.98%) | lr=1.000e-03 | elapsed=0:08:14 | eta=0:04:38
    losses | total=6.0379e+00 | fourier=6.0379e+00 | amplitude=2.1439e-02 | phase=7.5314e-03 | support=2.1157e+00
2026-08-08 00:33:46 | INFO    | TRAIN | epoch=006/100 | batch=01050/01563 ( 67.18%) | lr=1.000e-03 | elapsed=0:08:39 | eta=0:04:13
    losses | total=5.7407e+00 | fourier=5.7407e+00 | amplitude=1.8957e-02 | phase=1.0178e-02 | support=2.1918e+00
2026-08-08 00:34:11 | INFO    | TRAIN | epoch=006/100 | batch=01100/01563 ( 70.38%) | lr=1.000e-03 | elapsed=0:09:04 | eta=0:03:49
    losses | total=5.4880e+00 | fourier=5.4880e+00 | amplitude=1.6652e-02 | phase=1.0258e-02 | support=1.8914e+00
2026-08-08 00:34:35 | INFO    | TRAIN | epoch=006/100 | batch=01150/01563 ( 73.58%) | lr=1.000e-03 | elapsed=0:09:28 | eta=0:03:24
    losses | total=5.3334e+00 | fourier=5.3334e+00 | amplitude=1.5300e-02 | phase=8.6503e-03 | support=1.7009e+00
2026-08-08 00:35:00 | INFO    | TRAIN | epoch=006/100 | batch=01200/01563 ( 76.78%) | lr=1.000e-03 | elapsed=0:09:53 | eta=0:02:59
    losses | total=5.2489e+00 | fourier=5.2489e+00 | amplitude=1.4722e-02 | phase=1.0458e-02 | support=1.8452e+00
2026-08-08 00:35:25 | INFO    | TRAIN | epoch=006/100 | batch=01250/01563 ( 79.97%) | lr=1.000e-03 | elapsed=0:10:18 | eta=0:02:34
    losses | total=5.6436e+00 | fourier=5.6436e+00 | amplitude=1.7546e-02 | phase=1.0894e-02 | support=2.0367e+00
2026-08-08 00:35:50 | INFO    | TRAIN | epoch=006/100 | batch=01300/01563 ( 83.17%) | lr=1.000e-03 | elapsed=0:10:43 | eta=0:02:10
    losses | total=5.6056e+00 | fourier=5.6056e+00 | amplitude=1.7662e-02 | phase=1.0182e-02 | support=1.9879e+00
2026-08-08 00:36:14 | INFO    | TRAIN | epoch=006/100 | batch=01350/01563 ( 86.37%) | lr=1.000e-03 | elapsed=0:11:07 | eta=0:01:45
    losses | total=5.6099e+00 | fourier=5.6099e+00 | amplitude=1.7929e-02 | phase=8.8753e-03 | support=2.0947e+00
2026-08-08 00:36:39 | INFO    | TRAIN | epoch=006/100 | batch=01400/01563 ( 89.57%) | lr=1.000e-03 | elapsed=0:11:32 | eta=0:01:20
    losses | total=5.7421e+00 | fourier=5.7421e+00 | amplitude=2.0352e-02 | phase=8.8900e-03 | support=2.0740e+00
2026-08-08 00:37:04 | INFO    | TRAIN | epoch=006/100 | batch=01450/01563 ( 92.77%) | lr=1.000e-03 | elapsed=0:11:57 | eta=0:00:55
    losses | total=5.5891e+00 | fourier=5.5891e+00 | amplitude=1.6918e-02 | phase=1.1638e-02 | support=1.9203e+00
2026-08-08 00:37:29 | INFO    | TRAIN | epoch=006/100 | batch=01500/01563 ( 95.97%) | lr=1.000e-03 | elapsed=0:12:22 | eta=0:00:31
    losses | total=6.0793e+00 | fourier=6.0793e+00 | amplitude=2.0757e-02 | phase=1.0764e-02 | support=1.9190e+00
2026-08-08 00:37:53 | INFO    | TRAIN | epoch=006/100 | batch=01550/01563 ( 99.17%) | lr=1.000e-03 | elapsed=0:12:46 | eta=0:00:06
    losses | total=5.6096e+00 | fourier=5.6096e+00 | amplitude=1.6675e-02 | phase=1.1189e-02 | support=2.0802e+00
2026-08-08 00:38:00 | INFO    | TRAIN | epoch=006/100 | batch=01563/01563 (100.00%) | lr=1.000e-03 | elapsed=0:12:53 | eta=0:00:00
    losses | total=5.2912e+00 | fourier=5.2912e+00 | amplitude=1.9331e-02 | phase=1.2369e-02 | support=2.1089e+00
2026-08-08 00:38:00 | INFO    | TRAIN epoch 006 complete | batches=1563 | samples=25000 | time=0:12:53
2026-08-08 00:38:06 | INFO    | VAL | epoch=006/100 | batch=00050/00313 ( 15.97%) | elapsed=0:00:06 | eta=0:00:33
    losses | total=5.6619e+00 | fourier=5.6619e+00 | amplitude=1.7302e-02 | phase=1.1853e-02 | support=1.7792e+00
2026-08-08 00:38:12 | INFO    | VAL | epoch=006/100 | batch=00100/00313 ( 31.95%) | elapsed=0:00:12 | eta=0:00:27
    losses | total=5.4127e+00 | fourier=5.4127e+00 | amplitude=1.6378e-02 | phase=1.0453e-02 | support=1.8929e+00
2026-08-08 00:38:19 | INFO    | VAL | epoch=006/100 | batch=00150/00313 ( 47.92%) | elapsed=0:00:18 | eta=0:00:20
    losses | total=5.4511e+00 | fourier=5.4511e+00 | amplitude=1.7802e-02 | phase=1.1361e-02 | support=2.0394e+00
2026-08-08 00:38:25 | INFO    | VAL | epoch=006/100 | batch=00200/00313 ( 63.90%) | elapsed=0:00:25 | eta=0:00:14
    losses | total=5.3823e+00 | fourier=5.3823e+00 | amplitude=1.6783e-02 | phase=1.0379e-02 | support=1.8656e+00
2026-08-08 00:38:31 | INFO    | VAL | epoch=006/100 | batch=00250/00313 ( 79.87%) | elapsed=0:00:31 | eta=0:00:07
    losses | total=5.7082e+00 | fourier=5.7082e+00 | amplitude=1.8333e-02 | phase=1.1748e-02 | support=1.9829e+00
2026-08-08 00:38:38 | INFO    | VAL | epoch=006/100 | batch=00300/00313 ( 95.85%) | elapsed=0:00:37 | eta=0:00:01
    losses | total=5.4500e+00 | fourier=5.4500e+00 | amplitude=1.9731e-02 | phase=1.1221e-02 | support=2.0328e+00
2026-08-08 00:38:39 | INFO    | VAL | epoch=006/100 | batch=00313/00313 (100.00%) | elapsed=0:00:39 | eta=0:00:00
    losses | total=5.5214e+00 | fourier=5.5214e+00 | amplitude=1.8803e-02 | phase=1.2094e-02 | support=1.8787e+00
2026-08-08 00:38:39 | INFO    | VAL epoch 006 complete | batches=313 | samples=5000 | time=0:00:39
2026-08-08 00:38:40 | INFO    | 
------------------------------------------------------------------------------------------------
Epoch 006/100 summary
split             total      fourier    amplitude        phase      support        time
train        5.5693e+00   5.5693e+00   1.7716e-02   9.9820e-03   2.0202e+00     0:12:53
validation   5.4726e+00   5.4726e+00   1.7554e-02   1.0954e-02   1.9315e+00     0:00:39
lr=1.000e-03 | best_val=5.4726e+00 | best_updated=yes | periodic_checkpoint=no
------------------------------------------------------------------------------------------------
2026-08-08 00:39:05 | INFO    | TRAIN | epoch=007/100 | batch=00050/01563 (  3.20%) | lr=1.000e-03 | elapsed=0:00:24 | eta=0:12:32
    losses | total=5.4338e+00 | fourier=5.4338e+00 | amplitude=1.6789e-02 | phase=7.9774e-03 | support=1.7497e+00
2026-08-08 00:39:29 | INFO    | TRAIN | epoch=007/100 | batch=00100/01563 (  6.40%) | lr=1.000e-03 | elapsed=0:00:49 | eta=0:12:05
    losses | total=5.3608e+00 | fourier=5.3608e+00 | amplitude=1.7400e-02 | phase=1.1324e-02 | support=1.7412e+00
2026-08-08 00:39:54 | INFO    | TRAIN | epoch=007/100 | batch=00150/01563 (  9.60%) | lr=1.000e-03 | elapsed=0:01:14 | eta=0:11:40
    losses | total=5.3310e+00 | fourier=5.3310e+00 | amplitude=1.7842e-02 | phase=9.6529e-03 | support=2.1603e+00
2026-08-08 00:40:19 | INFO    | TRAIN | epoch=007/100 | batch=00200/01563 ( 12.80%) | lr=1.000e-03 | elapsed=0:01:39 | eta=0:11:15
    losses | total=5.6408e+00 | fourier=5.6408e+00 | amplitude=1.7639e-02 | phase=9.2380e-03 | support=2.1826e+00
2026-08-08 00:40:44 | INFO    | TRAIN | epoch=007/100 | batch=00250/01563 ( 15.99%) | lr=1.000e-03 | elapsed=0:02:03 | eta=0:10:50
    losses | total=5.3932e+00 | fourier=5.3932e+00 | amplitude=1.7241e-02 | phase=1.0700e-02 | support=1.9460e+00
2026-08-08 00:41:08 | INFO    | TRAIN | epoch=007/100 | batch=00300/01563 ( 19.19%) | lr=1.000e-03 | elapsed=0:02:28 | eta=0:10:25
    losses | total=5.6115e+00 | fourier=5.6115e+00 | amplitude=1.8491e-02 | phase=8.8365e-03 | support=2.2989e+00
2026-08-08 00:41:33 | INFO    | TRAIN | epoch=007/100 | batch=00350/01563 ( 22.39%) | lr=1.000e-03 | elapsed=0:02:53 | eta=0:10:00
    losses | total=5.5338e+00 | fourier=5.5338e+00 | amplitude=1.7758e-02 | phase=7.9278e-03 | support=2.1939e+00
2026-08-08 00:41:58 | INFO    | TRAIN | epoch=007/100 | batch=00400/01563 ( 25.59%) | lr=1.000e-03 | elapsed=0:03:18 | eta=0:09:35
    losses | total=5.2085e+00 | fourier=5.2085e+00 | amplitude=1.6248e-02 | phase=1.3272e-02 | support=1.8874e+00
2026-08-08 00:42:23 | INFO    | TRAIN | epoch=007/100 | batch=00450/01563 ( 28.79%) | lr=1.000e-03 | elapsed=0:03:42 | eta=0:09:10
    losses | total=5.4143e+00 | fourier=5.4143e+00 | amplitude=1.8100e-02 | phase=1.2521e-02 | support=2.0216e+00
2026-08-08 00:42:47 | INFO    | TRAIN | epoch=007/100 | batch=00500/01563 ( 31.99%) | lr=1.000e-03 | elapsed=0:04:07 | eta=0:08:46
    losses | total=5.4080e+00 | fourier=5.4080e+00 | amplitude=1.8346e-02 | phase=8.8638e-03 | support=1.9998e+00
2026-08-08 00:43:12 | INFO    | TRAIN | epoch=007/100 | batch=00550/01563 ( 35.19%) | lr=1.000e-03 | elapsed=0:04:32 | eta=0:08:21
    losses | total=5.6685e+00 | fourier=5.6685e+00 | amplitude=1.9512e-02 | phase=9.4220e-03 | support=2.1976e+00
2026-08-08 00:43:37 | INFO    | TRAIN | epoch=007/100 | batch=00600/01563 ( 38.39%) | lr=1.000e-03 | elapsed=0:04:56 | eta=0:07:56
    losses | total=5.2418e+00 | fourier=5.2418e+00 | amplitude=1.6012e-02 | phase=9.4684e-03 | support=1.8860e+00
2026-08-08 00:44:02 | INFO    | TRAIN | epoch=007/100 | batch=00650/01563 ( 41.59%) | lr=1.000e-03 | elapsed=0:05:21 | eta=0:07:31
    losses | total=5.6025e+00 | fourier=5.6025e+00 | amplitude=1.7683e-02 | phase=9.4467e-03 | support=2.1731e+00
2026-08-08 00:44:26 | INFO    | TRAIN | epoch=007/100 | batch=00700/01563 ( 44.79%) | lr=1.000e-03 | elapsed=0:05:46 | eta=0:07:07
    losses | total=5.3910e+00 | fourier=5.3910e+00 | amplitude=1.9401e-02 | phase=9.4007e-03 | support=2.2019e+00
2026-08-08 00:44:51 | INFO    | TRAIN | epoch=007/100 | batch=00750/01563 ( 47.98%) | lr=1.000e-03 | elapsed=0:06:11 | eta=0:06:42
    losses | total=5.2821e+00 | fourier=5.2821e+00 | amplitude=1.5994e-02 | phase=7.1650e-03 | support=1.8846e+00
2026-08-08 00:45:16 | INFO    | TRAIN | epoch=007/100 | batch=00800/01563 ( 51.18%) | lr=1.000e-03 | elapsed=0:06:35 | eta=0:06:17
    losses | total=5.3397e+00 | fourier=5.3397e+00 | amplitude=1.6794e-02 | phase=1.0159e-02 | support=2.1151e+00
2026-08-08 00:45:40 | INFO    | TRAIN | epoch=007/100 | batch=00850/01563 ( 54.38%) | lr=1.000e-03 | elapsed=0:07:00 | eta=0:05:52
    losses | total=5.3284e+00 | fourier=5.3284e+00 | amplitude=1.7743e-02 | phase=9.6906e-03 | support=1.9377e+00
2026-08-08 00:46:05 | INFO    | TRAIN | epoch=007/100 | batch=00900/01563 ( 57.58%) | lr=1.000e-03 | elapsed=0:07:25 | eta=0:05:28
    losses | total=5.4857e+00 | fourier=5.4857e+00 | amplitude=1.8105e-02 | phase=1.0371e-02 | support=2.0596e+00
2026-08-08 00:46:30 | INFO    | TRAIN | epoch=007/100 | batch=00950/01563 ( 60.78%) | lr=1.000e-03 | elapsed=0:07:50 | eta=0:05:03
    losses | total=5.6225e+00 | fourier=5.6225e+00 | amplitude=1.8975e-02 | phase=1.1188e-02 | support=2.0432e+00
2026-08-08 00:46:55 | INFO    | TRAIN | epoch=007/100 | batch=01000/01563 ( 63.98%) | lr=1.000e-03 | elapsed=0:08:14 | eta=0:04:38
    losses | total=5.4327e+00 | fourier=5.4327e+00 | amplitude=1.5787e-02 | phase=9.6105e-03 | support=2.0010e+00
2026-08-08 00:47:19 | INFO    | TRAIN | epoch=007/100 | batch=01050/01563 ( 67.18%) | lr=1.000e-03 | elapsed=0:08:39 | eta=0:04:13
    losses | total=5.7682e+00 | fourier=5.7682e+00 | amplitude=1.8254e-02 | phase=8.6717e-03 | support=2.1191e+00
2026-08-08 00:47:44 | INFO    | TRAIN | epoch=007/100 | batch=01100/01563 ( 70.38%) | lr=1.000e-03 | elapsed=0:09:04 | eta=0:03:49
    losses | total=5.4086e+00 | fourier=5.4086e+00 | amplitude=1.7036e-02 | phase=9.1414e-03 | support=2.0616e+00
2026-08-08 00:48:09 | INFO    | TRAIN | epoch=007/100 | batch=01150/01563 ( 73.58%) | lr=1.000e-03 | elapsed=0:09:29 | eta=0:03:24
    losses | total=5.3431e+00 | fourier=5.3431e+00 | amplitude=1.6256e-02 | phase=9.5103e-03 | support=1.9856e+00
2026-08-08 00:48:34 | INFO    | TRAIN | epoch=007/100 | batch=01200/01563 ( 76.78%) | lr=1.000e-03 | elapsed=0:09:53 | eta=0:02:59
    losses | total=5.3663e+00 | fourier=5.3663e+00 | amplitude=1.5385e-02 | phase=9.7487e-03 | support=1.8244e+00
2026-08-08 00:48:58 | INFO    | TRAIN | epoch=007/100 | batch=01250/01563 ( 79.97%) | lr=1.000e-03 | elapsed=0:10:18 | eta=0:02:34
    losses | total=5.6800e+00 | fourier=5.6800e+00 | amplitude=1.8783e-02 | phase=9.5463e-03 | support=2.0268e+00
2026-08-08 00:49:23 | INFO    | TRAIN | epoch=007/100 | batch=01300/01563 ( 83.17%) | lr=1.000e-03 | elapsed=0:10:43 | eta=0:02:10
    losses | total=5.3007e+00 | fourier=5.3007e+00 | amplitude=1.6111e-02 | phase=1.1468e-02 | support=1.9092e+00
2026-08-08 00:49:48 | INFO    | TRAIN | epoch=007/100 | batch=01350/01563 ( 86.37%) | lr=1.000e-03 | elapsed=0:11:07 | eta=0:01:45
    losses | total=5.2942e+00 | fourier=5.2942e+00 | amplitude=1.5261e-02 | phase=8.5948e-03 | support=2.0042e+00
2026-08-08 00:50:13 | INFO    | TRAIN | epoch=007/100 | batch=01400/01563 ( 89.57%) | lr=1.000e-03 | elapsed=0:11:32 | eta=0:01:20
    losses | total=5.2684e+00 | fourier=5.2684e+00 | amplitude=1.6720e-02 | phase=1.0807e-02 | support=2.2209e+00
2026-08-08 00:50:37 | INFO    | TRAIN | epoch=007/100 | batch=01450/01563 ( 92.77%) | lr=1.000e-03 | elapsed=0:11:57 | eta=0:00:55
    losses | total=5.8375e+00 | fourier=5.8375e+00 | amplitude=2.0685e-02 | phase=8.5180e-03 | support=2.2315e+00
2026-08-08 00:51:02 | INFO    | TRAIN | epoch=007/100 | batch=01500/01563 ( 95.97%) | lr=1.000e-03 | elapsed=0:12:22 | eta=0:00:31
    losses | total=5.6287e+00 | fourier=5.6287e+00 | amplitude=1.7849e-02 | phase=1.1640e-02 | support=1.9715e+00
2026-08-08 00:51:27 | INFO    | TRAIN | epoch=007/100 | batch=01550/01563 ( 99.17%) | lr=1.000e-03 | elapsed=0:12:46 | eta=0:00:06
    losses | total=5.7002e+00 | fourier=5.7002e+00 | amplitude=1.9594e-02 | phase=8.6728e-03 | support=2.1216e+00
2026-08-08 00:51:33 | INFO    | TRAIN | epoch=007/100 | batch=01563/01563 (100.00%) | lr=1.000e-03 | elapsed=0:12:53 | eta=0:00:00
    losses | total=5.2133e+00 | fourier=5.2133e+00 | amplitude=1.7202e-02 | phase=9.8699e-03 | support=2.2278e+00
2026-08-08 00:51:33 | INFO    | TRAIN epoch 007 complete | batches=1563 | samples=25000 | time=0:12:53
2026-08-08 00:51:40 | INFO    | VAL | epoch=007/100 | batch=00050/00313 ( 15.97%) | elapsed=0:00:06 | eta=0:00:33
    losses | total=5.7245e+00 | fourier=5.7245e+00 | amplitude=1.7237e-02 | phase=9.6116e-03 | support=1.9238e+00
2026-08-08 00:51:46 | INFO    | VAL | epoch=007/100 | batch=00100/00313 ( 31.95%) | elapsed=0:00:12 | eta=0:00:27
    losses | total=5.5156e+00 | fourier=5.5156e+00 | amplitude=1.6484e-02 | phase=8.8434e-03 | support=2.0723e+00
2026-08-08 00:51:52 | INFO    | VAL | epoch=007/100 | batch=00150/00313 ( 47.92%) | elapsed=0:00:18 | eta=0:00:20
    losses | total=5.5017e+00 | fourier=5.5017e+00 | amplitude=1.7737e-02 | phase=9.8260e-03 | support=2.1566e+00
2026-08-08 00:51:58 | INFO    | VAL | epoch=007/100 | batch=00200/00313 ( 63.90%) | elapsed=0:00:25 | eta=0:00:14
    losses | total=5.4272e+00 | fourier=5.4272e+00 | amplitude=1.6396e-02 | phase=8.2226e-03 | support=1.9455e+00
2026-08-08 00:52:05 | INFO    | VAL | epoch=007/100 | batch=00250/00313 ( 79.87%) | elapsed=0:00:31 | eta=0:00:07
    losses | total=5.7623e+00 | fourier=5.7623e+00 | amplitude=1.8421e-02 | phase=1.0260e-02 | support=2.0876e+00
2026-08-08 00:52:11 | INFO    | VAL | epoch=007/100 | batch=00300/00313 ( 95.85%) | elapsed=0:00:37 | eta=0:00:01
    losses | total=5.5045e+00 | fourier=5.5045e+00 | amplitude=1.9365e-02 | phase=9.5968e-03 | support=2.1967e+00
2026-08-08 00:52:13 | INFO    | VAL | epoch=007/100 | batch=00313/00313 (100.00%) | elapsed=0:00:39 | eta=0:00:00
    losses | total=5.5557e+00 | fourier=5.5557e+00 | amplitude=1.8408e-02 | phase=1.0768e-02 | support=2.0232e+00
2026-08-08 00:52:13 | INFO    | VAL epoch 007 complete | batches=313 | samples=5000 | time=0:00:39
2026-08-08 00:52:13 | INFO    | 
------------------------------------------------------------------------------------------------
Epoch 007/100 summary
split             total      fourier    amplitude        phase      support        time
train        5.5156e+00   5.5156e+00   1.7820e-02   9.9023e-03   2.0648e+00     0:12:53
validation   5.5339e+00   5.5339e+00   1.7397e-02   9.2340e-03   2.0698e+00     0:00:39
lr=1.000e-03 | best_val=5.4726e+00 | best_updated=no | periodic_checkpoint=no
------------------------------------------------------------------------------------------------
2026-08-08 00:52:38 | INFO    | TRAIN | epoch=008/100 | batch=00050/01563 (  3.20%) | lr=1.000e-03 | elapsed=0:00:24 | eta=0:12:33
    losses | total=5.4340e+00 | fourier=5.4340e+00 | amplitude=1.6965e-02 | phase=8.3948e-03 | support=2.1126e+00
2026-08-08 00:53:03 | INFO    | TRAIN | epoch=008/100 | batch=00100/01563 (  6.40%) | lr=1.000e-03 | elapsed=0:00:49 | eta=0:12:06
    losses | total=5.6968e+00 | fourier=5.6968e+00 | amplitude=1.7536e-02 | phase=9.2170e-03 | support=2.0453e+00
2026-08-08 00:53:27 | INFO    | TRAIN | epoch=008/100 | batch=00150/01563 (  9.60%) | lr=1.000e-03 | elapsed=0:01:14 | eta=0:11:41
    losses | total=5.5770e+00 | fourier=5.5770e+00 | amplitude=1.8284e-02 | phase=1.0585e-02 | support=2.1092e+00
2026-08-08 00:53:52 | INFO    | TRAIN | epoch=008/100 | batch=00200/01563 ( 12.80%) | lr=1.000e-03 | elapsed=0:01:39 | eta=0:11:15
    losses | total=5.1728e+00 | fourier=5.1728e+00 | amplitude=1.5394e-02 | phase=9.8114e-03 | support=2.1318e+00
2026-08-08 00:54:17 | INFO    | TRAIN | epoch=008/100 | batch=00250/01563 ( 15.99%) | lr=1.000e-03 | elapsed=0:02:03 | eta=0:10:51
    losses | total=5.6825e+00 | fourier=5.6825e+00 | amplitude=2.0200e-02 | phase=1.0579e-02 | support=2.2367e+00
2026-08-08 00:54:42 | INFO    | TRAIN | epoch=008/100 | batch=00300/01563 ( 19.19%) | lr=1.000e-03 | elapsed=0:02:28 | eta=0:10:26
    losses | total=5.3539e+00 | fourier=5.3539e+00 | amplitude=1.7274e-02 | phase=9.1450e-03 | support=2.2607e+00
2026-08-08 00:55:06 | INFO    | TRAIN | epoch=008/100 | batch=00350/01563 ( 22.39%) | lr=1.000e-03 | elapsed=0:02:53 | eta=0:10:01
    losses | total=5.4643e+00 | fourier=5.4643e+00 | amplitude=1.7145e-02 | phase=1.1359e-02 | support=2.0544e+00
2026-08-08 00:55:31 | INFO    | TRAIN | epoch=008/100 | batch=00400/01563 ( 25.59%) | lr=1.000e-03 | elapsed=0:03:18 | eta=0:09:36
    losses | total=5.2293e+00 | fourier=5.2293e+00 | amplitude=1.7262e-02 | phase=9.3994e-03 | support=1.9433e+00
2026-08-08 00:55:56 | INFO    | TRAIN | epoch=008/100 | batch=00450/01563 ( 28.79%) | lr=1.000e-03 | elapsed=0:03:42 | eta=0:09:11
    losses | total=5.1738e+00 | fourier=5.1738e+00 | amplitude=1.6673e-02 | phase=1.1108e-02 | support=2.0457e+00
2026-08-08 00:56:21 | INFO    | TRAIN | epoch=008/100 | batch=00500/01563 ( 31.99%) | lr=1.000e-03 | elapsed=0:04:07 | eta=0:08:46
    losses | total=5.2560e+00 | fourier=5.2560e+00 | amplitude=1.8355e-02 | phase=1.0534e-02 | support=2.1479e+00
2026-08-08 00:56:46 | INFO    | TRAIN | epoch=008/100 | batch=00550/01563 ( 35.19%) | lr=1.000e-03 | elapsed=0:04:32 | eta=0:08:21
    losses | total=5.3068e+00 | fourier=5.3068e+00 | amplitude=1.6836e-02 | phase=1.0165e-02 | support=2.1400e+00
2026-08-08 00:57:10 | INFO    | TRAIN | epoch=008/100 | batch=00600/01563 ( 38.39%) | lr=1.000e-03 | elapsed=0:04:57 | eta=0:07:57
    losses | total=5.3326e+00 | fourier=5.3326e+00 | amplitude=1.5092e-02 | phase=1.0380e-02 | support=1.9065e+00
2026-08-08 00:57:35 | INFO    | TRAIN | epoch=008/100 | batch=00650/01563 ( 41.59%) | lr=1.000e-03 | elapsed=0:05:22 | eta=0:07:32
    losses | total=5.8143e+00 | fourier=5.8143e+00 | amplitude=1.9511e-02 | phase=8.3516e-03 | support=2.1048e+00
2026-08-08 00:58:00 | INFO    | TRAIN | epoch=008/100 | batch=00700/01563 ( 44.79%) | lr=1.000e-03 | elapsed=0:05:46 | eta=0:07:07
    losses | total=5.9821e+00 | fourier=5.9821e+00 | amplitude=2.2094e-02 | phase=1.0344e-02 | support=2.0472e+00
2026-08-08 00:58:25 | INFO    | TRAIN | epoch=008/100 | batch=00750/01563 ( 47.98%) | lr=1.000e-03 | elapsed=0:06:11 | eta=0:06:42
    losses | total=5.0337e+00 | fourier=5.0337e+00 | amplitude=1.6462e-02 | phase=9.0190e-03 | support=2.2977e+00
2026-08-08 00:58:49 | INFO    | TRAIN | epoch=008/100 | batch=00800/01563 ( 51.18%) | lr=1.000e-03 | elapsed=0:06:36 | eta=0:06:18
    losses | total=5.4054e+00 | fourier=5.4054e+00 | amplitude=1.6362e-02 | phase=7.5564e-03 | support=1.9852e+00
2026-08-08 00:59:14 | INFO    | TRAIN | epoch=008/100 | batch=00850/01563 ( 54.38%) | lr=1.000e-03 | elapsed=0:07:01 | eta=0:05:53
    losses | total=5.2760e+00 | fourier=5.2760e+00 | amplitude=1.7180e-02 | phase=8.0676e-03 | support=2.1284e+00
2026-08-08 00:59:39 | INFO    | TRAIN | epoch=008/100 | batch=00900/01563 ( 57.58%) | lr=1.000e-03 | elapsed=0:07:25 | eta=0:05:28
    losses | total=5.4989e+00 | fourier=5.4989e+00 | amplitude=1.7100e-02 | phase=9.0361e-03 | support=1.7955e+00
2026-08-08 01:00:04 | INFO    | TRAIN | epoch=008/100 | batch=00950/01563 ( 60.78%) | lr=1.000e-03 | elapsed=0:07:50 | eta=0:05:03
    losses | total=5.9237e+00 | fourier=5.9237e+00 | amplitude=1.9993e-02 | phase=9.2245e-03 | support=2.0143e+00
2026-08-08 01:00:28 | INFO    | TRAIN | epoch=008/100 | batch=01000/01563 ( 63.98%) | lr=1.000e-03 | elapsed=0:08:15 | eta=0:04:38
    losses | total=5.3653e+00 | fourier=5.3653e+00 | amplitude=1.6762e-02 | phase=1.0463e-02 | support=2.2223e+00
2026-08-08 01:00:53 | INFO    | TRAIN | epoch=008/100 | batch=01050/01563 ( 67.18%) | lr=1.000e-03 | elapsed=0:08:40 | eta=0:04:14
    losses | total=5.3491e+00 | fourier=5.3491e+00 | amplitude=1.5031e-02 | phase=1.1889e-02 | support=1.8337e+00
2026-08-08 01:01:18 | INFO    | TRAIN | epoch=008/100 | batch=01100/01563 ( 70.38%) | lr=1.000e-03 | elapsed=0:09:04 | eta=0:03:49
    losses | total=5.4748e+00 | fourier=5.4748e+00 | amplitude=1.8567e-02 | phase=1.0018e-02 | support=2.1474e+00
2026-08-08 01:01:43 | INFO    | TRAIN | epoch=008/100 | batch=01150/01563 ( 73.58%) | lr=1.000e-03 | elapsed=0:09:29 | eta=0:03:24
    losses | total=5.3710e+00 | fourier=5.3710e+00 | amplitude=1.6595e-02 | phase=8.4027e-03 | support=2.1496e+00
2026-08-08 01:02:07 | INFO    | TRAIN | epoch=008/100 | batch=01200/01563 ( 76.78%) | lr=1.000e-03 | elapsed=0:09:54 | eta=0:02:59
    losses | total=5.5323e+00 | fourier=5.5323e+00 | amplitude=2.0559e-02 | phase=1.0604e-02 | support=2.1648e+00
2026-08-08 01:02:32 | INFO    | TRAIN | epoch=008/100 | batch=01250/01563 ( 79.97%) | lr=1.000e-03 | elapsed=0:10:19 | eta=0:02:35
    losses | total=5.3840e+00 | fourier=5.3840e+00 | amplitude=1.6454e-02 | phase=1.2072e-02 | support=1.8374e+00
2026-08-08 01:02:57 | INFO    | TRAIN | epoch=008/100 | batch=01300/01563 ( 83.17%) | lr=1.000e-03 | elapsed=0:10:43 | eta=0:02:10
    losses | total=5.5451e+00 | fourier=5.5451e+00 | amplitude=1.8584e-02 | phase=8.0744e-03 | support=2.1070e+00
2026-08-08 01:03:22 | INFO    | TRAIN | epoch=008/100 | batch=01350/01563 ( 86.37%) | lr=1.000e-03 | elapsed=0:11:08 | eta=0:01:45
    losses | total=5.0776e+00 | fourier=5.0776e+00 | amplitude=1.4579e-02 | phase=1.0391e-02 | support=1.8700e+00
2026-08-08 01:03:46 | INFO    | TRAIN | epoch=008/100 | batch=01400/01563 ( 89.57%) | lr=1.000e-03 | elapsed=0:11:33 | eta=0:01:20
    losses | total=5.2898e+00 | fourier=5.2898e+00 | amplitude=1.6928e-02 | phase=8.9345e-03 | support=2.3510e+00
2026-08-08 01:04:11 | INFO    | TRAIN | epoch=008/100 | batch=01450/01563 ( 92.77%) | lr=1.000e-03 | elapsed=0:11:58 | eta=0:00:55
    losses | total=5.2996e+00 | fourier=5.2996e+00 | amplitude=1.7236e-02 | phase=9.6363e-03 | support=2.1364e+00
2026-08-08 01:04:36 | INFO    | TRAIN | epoch=008/100 | batch=01500/01563 ( 95.97%) | lr=1.000e-03 | elapsed=0:12:23 | eta=0:00:31
    losses | total=5.5768e+00 | fourier=5.5768e+00 | amplitude=1.9970e-02 | phase=8.9799e-03 | support=2.1663e+00
2026-08-08 01:05:01 | INFO    | TRAIN | epoch=008/100 | batch=01550/01563 ( 99.17%) | lr=1.000e-03 | elapsed=0:12:47 | eta=0:00:06
    losses | total=5.5196e+00 | fourier=5.5196e+00 | amplitude=1.6346e-02 | phase=9.3809e-03 | support=2.0453e+00
2026-08-08 01:05:07 | INFO    | TRAIN | epoch=008/100 | batch=01563/01563 (100.00%) | lr=1.000e-03 | elapsed=0:12:53 | eta=0:00:00
    losses | total=5.3536e+00 | fourier=5.3536e+00 | amplitude=1.5970e-02 | phase=1.1914e-02 | support=2.0917e+00
2026-08-08 01:05:07 | INFO    | TRAIN epoch 008 complete | batches=1563 | samples=25000 | time=0:12:54
2026-08-08 01:05:14 | INFO    | VAL | epoch=008/100 | batch=00050/00313 ( 15.97%) | elapsed=0:00:06 | eta=0:00:33
    losses | total=5.7214e+00 | fourier=5.7214e+00 | amplitude=1.7329e-02 | phase=1.0419e-02 | support=2.0603e+00
2026-08-08 01:05:20 | INFO    | VAL | epoch=008/100 | batch=00100/00313 ( 31.95%) | elapsed=0:00:12 | eta=0:00:27
    losses | total=5.4280e+00 | fourier=5.4280e+00 | amplitude=1.6733e-02 | phase=1.0219e-02 | support=2.0968e+00
2026-08-08 01:05:26 | INFO    | VAL | epoch=008/100 | batch=00150/00313 ( 47.92%) | elapsed=0:00:19 | eta=0:00:20
    losses | total=5.4058e+00 | fourier=5.4058e+00 | amplitude=1.7541e-02 | phase=1.0431e-02 | support=2.1596e+00
2026-08-08 01:05:33 | INFO    | VAL | epoch=008/100 | batch=00200/00313 ( 63.90%) | elapsed=0:00:25 | eta=0:00:14
    losses | total=5.3513e+00 | fourier=5.3513e+00 | amplitude=1.6849e-02 | phase=9.7243e-03 | support=2.0224e+00
2026-08-08 01:05:39 | INFO    | VAL | epoch=008/100 | batch=00250/00313 ( 79.87%) | elapsed=0:00:31 | eta=0:00:07
    losses | total=5.6816e+00 | fourier=5.6816e+00 | amplitude=1.8436e-02 | phase=1.0604e-02 | support=2.2626e+00
2026-08-08 01:05:45 | INFO    | VAL | epoch=008/100 | batch=00300/00313 ( 95.85%) | elapsed=0:00:37 | eta=0:00:01
    losses | total=5.4450e+00 | fourier=5.4450e+00 | amplitude=1.9731e-02 | phase=1.1060e-02 | support=2.2523e+00
2026-08-08 01:05:47 | INFO    | VAL | epoch=008/100 | batch=00313/00313 (100.00%) | elapsed=0:00:39 | eta=0:00:00
    losses | total=5.5246e+00 | fourier=5.5246e+00 | amplitude=1.8745e-02 | phase=1.2234e-02 | support=2.1622e+00
2026-08-08 01:05:47 | INFO    | VAL epoch 008 complete | batches=313 | samples=5000 | time=0:00:39
2026-08-08 01:05:47 | INFO    | 
------------------------------------------------------------------------------------------------
Epoch 008/100 summary
split             total      fourier    amplitude        phase      support        time
train        5.4670e+00   5.4670e+00   1.7899e-02   9.7686e-03   2.1048e+00     0:12:54
validation   5.4719e+00   5.4719e+00   1.7578e-02   1.0214e-02   2.1747e+00     0:00:39
lr=1.000e-03 | best_val=5.4719e+00 | best_updated=yes | periodic_checkpoint=no
------------------------------------------------------------------------------------------------
2026-08-08 01:06:12 | INFO    | TRAIN | epoch=009/100 | batch=00050/01563 (  3.20%) | lr=1.000e-03 | elapsed=0:00:24 | eta=0:12:33
    losses | total=5.6241e+00 | fourier=5.6241e+00 | amplitude=1.9852e-02 | phase=1.1734e-02 | support=2.2683e+00
2026-08-08 01:06:37 | INFO    | TRAIN | epoch=009/100 | batch=00100/01563 (  6.40%) | lr=1.000e-03 | elapsed=0:00:49 | eta=0:12:06
    losses | total=5.6175e+00 | fourier=5.6175e+00 | amplitude=1.8707e-02 | phase=9.4133e-03 | support=2.3166e+00
2026-08-08 01:07:02 | INFO    | TRAIN | epoch=009/100 | batch=00150/01563 (  9.60%) | lr=1.000e-03 | elapsed=0:01:14 | eta=0:11:41
    losses | total=5.3317e+00 | fourier=5.3317e+00 | amplitude=1.7373e-02 | phase=7.8268e-03 | support=2.2838e+00
2026-08-08 01:07:26 | INFO    | TRAIN | epoch=009/100 | batch=00200/01563 ( 12.80%) | lr=1.000e-03 | elapsed=0:01:39 | eta=0:11:16
    losses | total=5.5480e+00 | fourier=5.5480e+00 | amplitude=2.0527e-02 | phase=1.0015e-02 | support=2.3252e+00
2026-08-08 01:07:51 | INFO    | TRAIN | epoch=009/100 | batch=00250/01563 ( 15.99%) | lr=1.000e-03 | elapsed=0:02:03 | eta=0:10:51
    losses | total=5.3941e+00 | fourier=5.3941e+00 | amplitude=1.8394e-02 | phase=9.5076e-03 | support=1.8332e+00
2026-08-08 01:08:16 | INFO    | TRAIN | epoch=009/100 | batch=00300/01563 ( 19.19%) | lr=1.000e-03 | elapsed=0:02:28 | eta=0:10:26
    losses | total=5.3084e+00 | fourier=5.3084e+00 | amplitude=1.7214e-02 | phase=1.0577e-02 | support=2.3450e+00
2026-08-08 01:08:41 | INFO    | TRAIN | epoch=009/100 | batch=00350/01563 ( 22.39%) | lr=1.000e-03 | elapsed=0:02:53 | eta=0:10:01
    losses | total=5.3618e+00 | fourier=5.3618e+00 | amplitude=1.8874e-02 | phase=8.0813e-03 | support=2.2018e+00
2026-08-08 01:09:06 | INFO    | TRAIN | epoch=009/100 | batch=00400/01563 ( 25.59%) | lr=1.000e-03 | elapsed=0:03:18 | eta=0:09:36
    losses | total=5.4011e+00 | fourier=5.4011e+00 | amplitude=1.7342e-02 | phase=1.3121e-02 | support=2.1142e+00
2026-08-08 01:09:30 | INFO    | TRAIN | epoch=009/100 | batch=00450/01563 ( 28.79%) | lr=1.000e-03 | elapsed=0:03:43 | eta=0:09:11
    losses | total=5.2596e+00 | fourier=5.2596e+00 | amplitude=1.8427e-02 | phase=1.1064e-02 | support=2.3378e+00
2026-08-08 01:09:55 | INFO    | TRAIN | epoch=009/100 | batch=00500/01563 ( 31.99%) | lr=1.000e-03 | elapsed=0:04:07 | eta=0:08:46
    losses | total=5.6355e+00 | fourier=5.6355e+00 | amplitude=2.1366e-02 | phase=9.7689e-03 | support=2.3715e+00
2026-08-08 01:10:20 | INFO    | TRAIN | epoch=009/100 | batch=00550/01563 ( 35.19%) | lr=1.000e-03 | elapsed=0:04:32 | eta=0:08:21
    losses | total=5.3625e+00 | fourier=5.3625e+00 | amplitude=1.7176e-02 | phase=9.7466e-03 | support=2.2727e+00
2026-08-08 01:10:45 | INFO    | TRAIN | epoch=009/100 | batch=00600/01563 ( 38.39%) | lr=1.000e-03 | elapsed=0:04:57 | eta=0:07:57
    losses | total=5.4540e+00 | fourier=5.4540e+00 | amplitude=1.5315e-02 | phase=1.0139e-02 | support=2.0214e+00
2026-08-08 01:11:09 | INFO    | TRAIN | epoch=009/100 | batch=00650/01563 ( 41.59%) | lr=1.000e-03 | elapsed=0:05:22 | eta=0:07:32
    losses | total=5.6483e+00 | fourier=5.6483e+00 | amplitude=1.9139e-02 | phase=7.9469e-03 | support=2.3596e+00
2026-08-08 01:11:34 | INFO    | TRAIN | epoch=009/100 | batch=00700/01563 ( 44.79%) | lr=1.000e-03 | elapsed=0:05:46 | eta=0:07:07
    losses | total=5.2578e+00 | fourier=5.2578e+00 | amplitude=1.7593e-02 | phase=9.4525e-03 | support=1.9878e+00
2026-08-08 01:11:59 | INFO    | TRAIN | epoch=009/100 | batch=00750/01563 ( 47.98%) | lr=1.000e-03 | elapsed=0:06:11 | eta=0:06:42
    losses | total=5.6013e+00 | fourier=5.6013e+00 | amplitude=1.7253e-02 | phase=9.4971e-03 | support=2.2304e+00
2026-08-08 01:12:24 | INFO    | TRAIN | epoch=009/100 | batch=00800/01563 ( 51.18%) | lr=1.000e-03 | elapsed=0:06:36 | eta=0:06:18
    losses | total=5.2576e+00 | fourier=5.2576e+00 | amplitude=1.8228e-02 | phase=7.3848e-03 | support=2.4652e+00
2026-08-08 01:12:48 | INFO    | TRAIN | epoch=009/100 | batch=00850/01563 ( 54.38%) | lr=1.000e-03 | elapsed=0:07:01 | eta=0:05:53
    losses | total=5.5886e+00 | fourier=5.5886e+00 | amplitude=1.8249e-02 | phase=9.8296e-03 | support=2.1645e+00
2026-08-08 01:13:13 | INFO    | TRAIN | epoch=009/100 | batch=00900/01563 ( 57.58%) | lr=1.000e-03 | elapsed=0:07:25 | eta=0:05:28
    losses | total=5.3775e+00 | fourier=5.3775e+00 | amplitude=1.7416e-02 | phase=9.2896e-03 | support=2.1770e+00
2026-08-08 01:13:38 | INFO    | TRAIN | epoch=009/100 | batch=00950/01563 ( 60.78%) | lr=1.000e-03 | elapsed=0:07:50 | eta=0:05:03
    losses | total=5.5372e+00 | fourier=5.5372e+00 | amplitude=1.7792e-02 | phase=7.3013e-03 | support=2.2208e+00
2026-08-08 01:14:03 | INFO    | TRAIN | epoch=009/100 | batch=01000/01563 ( 63.98%) | lr=1.000e-03 | elapsed=0:08:15 | eta=0:04:38
    losses | total=5.3909e+00 | fourier=5.3909e+00 | amplitude=1.7395e-02 | phase=8.5387e-03 | support=2.2261e+00
2026-08-08 01:14:27 | INFO    | TRAIN | epoch=009/100 | batch=01050/01563 ( 67.18%) | lr=1.000e-03 | elapsed=0:08:40 | eta=0:04:14
    losses | total=5.3153e+00 | fourier=5.3153e+00 | amplitude=1.7236e-02 | phase=8.4165e-03 | support=2.3037e+00
2026-08-08 01:14:52 | INFO    | TRAIN | epoch=009/100 | batch=01100/01563 ( 70.38%) | lr=1.000e-03 | elapsed=0:09:04 | eta=0:03:49
    losses | total=5.6655e+00 | fourier=5.6655e+00 | amplitude=1.8755e-02 | phase=9.5293e-03 | support=2.3536e+00
2026-08-08 01:15:17 | INFO    | TRAIN | epoch=009/100 | batch=01150/01563 ( 73.58%) | lr=1.000e-03 | elapsed=0:09:29 | eta=0:03:24
    losses | total=5.5232e+00 | fourier=5.5232e+00 | amplitude=2.0380e-02 | phase=1.0194e-02 | support=2.3501e+00
2026-08-08 01:15:42 | INFO    | TRAIN | epoch=009/100 | batch=01200/01563 ( 76.78%) | lr=1.000e-03 | elapsed=0:09:54 | eta=0:02:59
    losses | total=5.3181e+00 | fourier=5.3181e+00 | amplitude=1.7356e-02 | phase=9.6545e-03 | support=2.1479e+00
2026-08-08 01:16:06 | INFO    | TRAIN | epoch=009/100 | batch=01250/01563 ( 79.97%) | lr=1.000e-03 | elapsed=0:10:19 | eta=0:02:35
    losses | total=5.5892e+00 | fourier=5.5892e+00 | amplitude=1.9997e-02 | phase=1.0239e-02 | support=2.3472e+00
2026-08-08 01:16:31 | INFO    | TRAIN | epoch=009/100 | batch=01300/01563 ( 83.17%) | lr=1.000e-03 | elapsed=0:10:43 | eta=0:02:10
    losses | total=5.2505e+00 | fourier=5.2505e+00 | amplitude=1.6277e-02 | phase=1.0311e-02 | support=1.9458e+00
2026-08-08 01:16:56 | INFO    | TRAIN | epoch=009/100 | batch=01350/01563 ( 86.37%) | lr=1.000e-03 | elapsed=0:11:08 | eta=0:01:45
    losses | total=5.6776e+00 | fourier=5.6776e+00 | amplitude=1.9514e-02 | phase=1.0256e-02 | support=2.1550e+00
2026-08-08 01:17:21 | INFO    | TRAIN | epoch=009/100 | batch=01400/01563 ( 89.57%) | lr=1.000e-03 | elapsed=0:11:33 | eta=0:01:20
    losses | total=5.7881e+00 | fourier=5.7881e+00 | amplitude=2.1511e-02 | phase=8.4936e-03 | support=2.4373e+00
2026-08-08 01:17:46 | INFO    | TRAIN | epoch=009/100 | batch=01450/01563 ( 92.77%) | lr=1.000e-03 | elapsed=0:11:58 | eta=0:00:55
    losses | total=5.3511e+00 | fourier=5.3511e+00 | amplitude=1.6664e-02 | phase=9.8270e-03 | support=2.1776e+00
2026-08-08 01:18:10 | INFO    | TRAIN | epoch=009/100 | batch=01500/01563 ( 95.97%) | lr=1.000e-03 | elapsed=0:12:23 | eta=0:00:31
    losses | total=5.5125e+00 | fourier=5.5125e+00 | amplitude=1.8686e-02 | phase=1.0088e-02 | support=2.3997e+00
2026-08-08 01:18:35 | INFO    | TRAIN | epoch=009/100 | batch=01550/01563 ( 99.17%) | lr=1.000e-03 | elapsed=0:12:47 | eta=0:00:06
    losses | total=5.4969e+00 | fourier=5.4969e+00 | amplitude=1.9138e-02 | phase=9.0769e-03 | support=2.3191e+00
2026-08-08 01:18:41 | INFO    | TRAIN | epoch=009/100 | batch=01563/01563 (100.00%) | lr=1.000e-03 | elapsed=0:12:53 | eta=0:00:00
    losses | total=5.7116e+00 | fourier=5.7116e+00 | amplitude=1.9596e-02 | phase=9.8894e-03 | support=2.0997e+00
2026-08-08 01:18:42 | INFO    | TRAIN epoch 009 complete | batches=1563 | samples=25000 | time=0:12:54
2026-08-08 01:18:48 | INFO    | VAL | epoch=009/100 | batch=00050/00313 ( 15.97%) | elapsed=0:00:06 | eta=0:00:33
    losses | total=5.7266e+00 | fourier=5.7266e+00 | amplitude=1.8927e-02 | phase=1.1936e-02 | support=2.0093e+00
2026-08-08 01:18:54 | INFO    | VAL | epoch=009/100 | batch=00100/00313 ( 31.95%) | elapsed=0:00:12 | eta=0:00:27
    losses | total=5.4561e+00 | fourier=5.4561e+00 | amplitude=1.7810e-02 | phase=1.1079e-02 | support=2.1238e+00
2026-08-08 01:19:00 | INFO    | VAL | epoch=009/100 | batch=00150/00313 ( 47.92%) | elapsed=0:00:18 | eta=0:00:20
    losses | total=5.4804e+00 | fourier=5.4804e+00 | amplitude=1.9415e-02 | phase=1.1136e-02 | support=2.2645e+00
2026-08-08 01:19:07 | INFO    | VAL | epoch=009/100 | batch=00200/00313 ( 63.90%) | elapsed=0:00:25 | eta=0:00:14
    losses | total=5.3656e+00 | fourier=5.3656e+00 | amplitude=1.8393e-02 | phase=1.0632e-02 | support=2.0718e+00
2026-08-08 01:19:13 | INFO    | VAL | epoch=009/100 | batch=00250/00313 ( 79.87%) | elapsed=0:00:31 | eta=0:00:07
    losses | total=5.7174e+00 | fourier=5.7174e+00 | amplitude=1.9850e-02 | phase=1.2562e-02 | support=2.2229e+00
2026-08-08 01:19:19 | INFO    | VAL | epoch=009/100 | batch=00300/00313 ( 95.85%) | elapsed=0:00:37 | eta=0:00:01
    losses | total=5.5210e+00 | fourier=5.5210e+00 | amplitude=2.1019e-02 | phase=1.1551e-02 | support=2.3111e+00
2026-08-08 01:19:21 | INFO    | VAL | epoch=009/100 | batch=00313/00313 (100.00%) | elapsed=0:00:39 | eta=0:00:00
    losses | total=5.5332e+00 | fourier=5.5332e+00 | amplitude=2.0655e-02 | phase=1.1902e-02 | support=2.2861e+00
2026-08-08 01:19:21 | INFO    | VAL epoch 009 complete | batches=313 | samples=5000 | time=0:00:39
2026-08-08 01:19:21 | INFO    | 
------------------------------------------------------------------------------------------------
Epoch 009/100 summary
split             total      fourier    amplitude        phase      support        time
train        5.4277e+00   5.4277e+00   1.8004e-02   9.6757e-03   2.1835e+00     0:12:54
validation   5.5125e+00   5.5125e+00   1.9043e-02   1.1196e-02   2.1841e+00     0:00:39
lr=1.000e-03 | best_val=5.4719e+00 | best_updated=no | periodic_checkpoint=no
------------------------------------------------------------------------------------------------
2026-08-08 01:19:46 | INFO    | TRAIN | epoch=010/100 | batch=00050/01563 (  3.20%) | lr=1.000e-03 | elapsed=0:00:24 | eta=0:12:33
    losses | total=5.4264e+00 | fourier=5.4264e+00 | amplitude=1.6878e-02 | phase=9.3365e-03 | support=2.4195e+00
2026-08-08 01:20:11 | INFO    | TRAIN | epoch=010/100 | batch=00100/01563 (  6.40%) | lr=1.000e-03 | elapsed=0:00:49 | eta=0:12:06
    losses | total=5.6559e+00 | fourier=5.6559e+00 | amplitude=2.0139e-02 | phase=8.4517e-03 | support=2.2310e+00
2026-08-08 01:20:36 | INFO    | TRAIN | epoch=010/100 | batch=00150/01563 (  9.60%) | lr=1.000e-03 | elapsed=0:01:14 | eta=0:11:41
    losses | total=5.6806e+00 | fourier=5.6806e+00 | amplitude=2.1782e-02 | phase=8.5765e-03 | support=2.4835e+00
2026-08-08 01:21:00 | INFO    | TRAIN | epoch=010/100 | batch=00200/01563 ( 12.80%) | lr=1.000e-03 | elapsed=0:01:39 | eta=0:11:15
    losses | total=5.5361e+00 | fourier=5.5361e+00 | amplitude=1.9629e-02 | phase=1.0140e-02 | support=2.2475e+00
2026-08-08 01:21:25 | INFO    | TRAIN | epoch=010/100 | batch=00250/01563 ( 15.99%) | lr=1.000e-03 | elapsed=0:02:03 | eta=0:10:50
    losses | total=5.3575e+00 | fourier=5.3575e+00 | amplitude=1.7942e-02 | phase=9.6464e-03 | support=2.2765e+00
2026-08-08 01:21:50 | INFO    | TRAIN | epoch=010/100 | batch=00300/01563 ( 19.19%) | lr=1.000e-03 | elapsed=0:02:28 | eta=0:10:26
    losses | total=5.4152e+00 | fourier=5.4152e+00 | amplitude=1.9470e-02 | phase=9.9111e-03 | support=2.1897e+00
2026-08-08 01:22:15 | INFO    | TRAIN | epoch=010/100 | batch=00350/01563 ( 22.39%) | lr=1.000e-03 | elapsed=0:02:53 | eta=0:10:01
    losses | total=5.6286e+00 | fourier=5.6286e+00 | amplitude=1.9328e-02 | phase=9.2831e-03 | support=2.3644e+00
2026-08-08 01:22:39 | INFO    | TRAIN | epoch=010/100 | batch=00400/01563 ( 25.59%) | lr=1.000e-03 | elapsed=0:03:18 | eta=0:09:36
    losses | total=4.9416e+00 | fourier=4.9416e+00 | amplitude=1.6523e-02 | phase=9.9441e-03 | support=2.0537e+00
2026-08-08 01:23:04 | INFO    | TRAIN | epoch=010/100 | batch=00450/01563 ( 28.79%) | lr=1.000e-03 | elapsed=0:03:42 | eta=0:09:11
    losses | total=5.3709e+00 | fourier=5.3709e+00 | amplitude=1.8547e-02 | phase=1.0570e-02 | support=2.1851e+00
2026-08-08 01:23:29 | INFO    | TRAIN | epoch=010/100 | batch=00500/01563 ( 31.99%) | lr=1.000e-03 | elapsed=0:04:07 | eta=0:08:46
    losses | total=5.6406e+00 | fourier=5.6406e+00 | amplitude=2.0436e-02 | phase=9.9471e-03 | support=2.2778e+00
2026-08-08 01:23:54 | INFO    | TRAIN | epoch=010/100 | batch=00550/01563 ( 35.19%) | lr=1.000e-03 | elapsed=0:04:32 | eta=0:08:21
    losses | total=5.2733e+00 | fourier=5.2733e+00 | amplitude=1.7139e-02 | phase=9.7610e-03 | support=1.9497e+00
2026-08-08 01:24:19 | INFO    | TRAIN | epoch=010/100 | batch=00600/01563 ( 38.39%) | lr=1.000e-03 | elapsed=0:04:57 | eta=0:07:57
    losses | total=5.5527e+00 | fourier=5.5527e+00 | amplitude=1.8391e-02 | phase=1.0414e-02 | support=2.1190e+00
2026-08-08 01:24:43 | INFO    | TRAIN | epoch=010/100 | batch=00650/01563 ( 41.59%) | lr=1.000e-03 | elapsed=0:05:22 | eta=0:07:32
    losses | total=4.9876e+00 | fourier=4.9876e+00 | amplitude=1.4412e-02 | phase=1.0412e-02 | support=1.9379e+00
2026-08-08 01:25:08 | INFO    | TRAIN | epoch=010/100 | batch=00700/01563 ( 44.79%) | lr=1.000e-03 | elapsed=0:05:46 | eta=0:07:07
    losses | total=5.5188e+00 | fourier=5.5188e+00 | amplitude=1.8385e-02 | phase=8.8001e-03 | support=2.4256e+00
2026-08-08 01:25:33 | INFO    | TRAIN | epoch=010/100 | batch=00750/01563 ( 47.98%) | lr=1.000e-03 | elapsed=0:06:11 | eta=0:06:42
    losses | total=5.2271e+00 | fourier=5.2271e+00 | amplitude=1.6408e-02 | phase=8.6907e-03 | support=2.0441e+00
2026-08-08 01:25:58 | INFO    | TRAIN | epoch=010/100 | batch=00800/01563 ( 51.18%) | lr=1.000e-03 | elapsed=0:06:36 | eta=0:06:18
    losses | total=5.4807e+00 | fourier=5.4807e+00 | amplitude=1.9522e-02 | phase=8.0667e-03 | support=2.1812e+00
2026-08-08 01:26:22 | INFO    | TRAIN | epoch=010/100 | batch=00850/01563 ( 54.38%) | lr=1.000e-03 | elapsed=0:07:01 | eta=0:05:53
    losses | total=5.4013e+00 | fourier=5.4013e+00 | amplitude=1.8176e-02 | phase=1.0106e-02 | support=2.3133e+00
2026-08-08 01:26:47 | INFO    | TRAIN | epoch=010/100 | batch=00900/01563 ( 57.58%) | lr=1.000e-03 | elapsed=0:07:25 | eta=0:05:28
    losses | total=5.1270e+00 | fourier=5.1270e+00 | amplitude=1.5303e-02 | phase=7.8533e-03 | support=2.2576e+00
2026-08-08 01:27:12 | INFO    | TRAIN | epoch=010/100 | batch=00950/01563 ( 60.78%) | lr=1.000e-03 | elapsed=0:07:50 | eta=0:05:03
    losses | total=5.0561e+00 | fourier=5.0561e+00 | amplitude=1.6217e-02 | phase=1.0701e-02 | support=2.0902e+00
2026-08-08 01:27:37 | INFO    | TRAIN | epoch=010/100 | batch=01000/01563 ( 63.98%) | lr=1.000e-03 | elapsed=0:08:15 | eta=0:04:38
    losses | total=4.9605e+00 | fourier=4.9605e+00 | amplitude=1.5354e-02 | phase=1.0302e-02 | support=2.0546e+00
2026-08-08 01:28:01 | INFO    | TRAIN | epoch=010/100 | batch=01050/01563 ( 67.18%) | lr=1.000e-03 | elapsed=0:08:40 | eta=0:04:14
    losses | total=5.3029e+00 | fourier=5.3029e+00 | amplitude=1.6689e-02 | phase=8.3565e-03 | support=2.1213e+00
2026-08-08 01:28:26 | INFO    | TRAIN | epoch=010/100 | batch=01100/01563 ( 70.38%) | lr=1.000e-03 | elapsed=0:09:04 | eta=0:03:49
    losses | total=5.3583e+00 | fourier=5.3583e+00 | amplitude=1.9586e-02 | phase=1.0228e-02 | support=2.2669e+00
2026-08-08 01:28:51 | INFO    | TRAIN | epoch=010/100 | batch=01150/01563 ( 73.58%) | lr=1.000e-03 | elapsed=0:09:29 | eta=0:03:24
    losses | total=5.1699e+00 | fourier=5.1699e+00 | amplitude=1.6155e-02 | phase=7.3162e-03 | support=2.1041e+00
2026-08-08 01:29:16 | INFO    | TRAIN | epoch=010/100 | batch=01200/01563 ( 76.78%) | lr=1.000e-03 | elapsed=0:09:54 | eta=0:02:59
    losses | total=5.5499e+00 | fourier=5.5499e+00 | amplitude=1.8497e-02 | phase=9.2336e-03 | support=2.4073e+00
2026-08-08 01:29:40 | INFO    | TRAIN | epoch=010/100 | batch=01250/01563 ( 79.97%) | lr=1.000e-03 | elapsed=0:10:19 | eta=0:02:35
    losses | total=5.2986e+00 | fourier=5.2986e+00 | amplitude=1.6772e-02 | phase=1.0306e-02 | support=1.9254e+00
2026-08-08 01:30:05 | INFO    | TRAIN | epoch=010/100 | batch=01300/01563 ( 83.17%) | lr=1.000e-03 | elapsed=0:10:43 | eta=0:02:10
    losses | total=5.4176e+00 | fourier=5.4176e+00 | amplitude=1.8574e-02 | phase=9.2705e-03 | support=2.0828e+00
2026-08-08 01:30:30 | INFO    | TRAIN | epoch=010/100 | batch=01350/01563 ( 86.37%) | lr=1.000e-03 | elapsed=0:11:08 | eta=0:01:45
    losses | total=5.4980e+00 | fourier=5.4980e+00 | amplitude=1.7879e-02 | phase=1.0703e-02 | support=2.1146e+00
2026-08-08 01:30:55 | INFO    | TRAIN | epoch=010/100 | batch=01400/01563 ( 89.57%) | lr=1.000e-03 | elapsed=0:11:33 | eta=0:01:20
    losses | total=5.6233e+00 | fourier=5.6233e+00 | amplitude=2.1707e-02 | phase=9.3073e-03 | support=2.4273e+00
2026-08-08 01:31:19 | INFO    | TRAIN | epoch=010/100 | batch=01450/01563 ( 92.77%) | lr=1.000e-03 | elapsed=0:11:58 | eta=0:00:55
    losses | total=4.7368e+00 | fourier=4.7368e+00 | amplitude=1.4561e-02 | phase=9.9592e-03 | support=2.1068e+00
2026-08-08 01:31:44 | INFO    | TRAIN | epoch=010/100 | batch=01500/01563 ( 95.97%) | lr=1.000e-03 | elapsed=0:12:23 | eta=0:00:31
    losses | total=5.3768e+00 | fourier=5.3768e+00 | amplitude=1.9037e-02 | phase=9.7384e-03 | support=2.1425e+00
2026-08-08 01:32:09 | INFO    | TRAIN | epoch=010/100 | batch=01550/01563 ( 99.17%) | lr=1.000e-03 | elapsed=0:12:47 | eta=0:00:06
    losses | total=5.4088e+00 | fourier=5.4088e+00 | amplitude=1.9546e-02 | phase=1.0211e-02 | support=2.4399e+00
2026-08-08 01:32:15 | INFO    | TRAIN | epoch=010/100 | batch=01563/01563 (100.00%) | lr=1.000e-03 | elapsed=0:12:53 | eta=0:00:00
    losses | total=5.5735e+00 | fourier=5.5735e+00 | amplitude=1.7637e-02 | phase=7.4642e-03 | support=2.2174e+00
2026-08-08 01:32:16 | INFO    | TRAIN epoch 010 complete | batches=1563 | samples=25000 | time=0:12:54
2026-08-08 01:32:22 | INFO    | VAL | epoch=010/100 | batch=00050/00313 ( 15.97%) | elapsed=0:00:06 | eta=0:00:33
    losses | total=5.7268e+00 | fourier=5.7268e+00 | amplitude=1.7893e-02 | phase=9.0429e-03 | support=2.3093e+00
2026-08-08 01:32:28 | INFO    | VAL | epoch=010/100 | batch=00100/00313 ( 31.95%) | elapsed=0:00:12 | eta=0:00:27
    losses | total=5.4571e+00 | fourier=5.4571e+00 | amplitude=1.6743e-02 | phase=8.4389e-03 | support=2.3307e+00
2026-08-08 01:32:34 | INFO    | VAL | epoch=010/100 | batch=00150/00313 ( 47.92%) | elapsed=0:00:18 | eta=0:00:20
    losses | total=5.4763e+00 | fourier=5.4763e+00 | amplitude=1.8102e-02 | phase=9.4598e-03 | support=2.4311e+00
2026-08-08 01:32:41 | INFO    | VAL | epoch=010/100 | batch=00200/00313 ( 63.90%) | elapsed=0:00:25 | eta=0:00:14
    losses | total=5.3913e+00 | fourier=5.3913e+00 | amplitude=1.7137e-02 | phase=8.2684e-03 | support=2.2486e+00
2026-08-08 01:32:47 | INFO    | VAL | epoch=010/100 | batch=00250/00313 ( 79.87%) | elapsed=0:00:31 | eta=0:00:07
    losses | total=5.6974e+00 | fourier=5.6974e+00 | amplitude=1.8790e-02 | phase=9.5773e-03 | support=2.4084e+00
2026-08-08 01:32:53 | INFO    | VAL | epoch=010/100 | batch=00300/00313 ( 95.85%) | elapsed=0:00:37 | eta=0:00:01
    losses | total=5.4782e+00 | fourier=5.4782e+00 | amplitude=1.9663e-02 | phase=9.4673e-03 | support=2.4954e+00
2026-08-08 01:32:55 | INFO    | VAL | epoch=010/100 | batch=00313/00313 (100.00%) | elapsed=0:00:39 | eta=0:00:00
    losses | total=5.5319e+00 | fourier=5.5319e+00 | amplitude=1.9221e-02 | phase=1.0430e-02 | support=2.3722e+00
2026-08-08 01:32:55 | INFO    | VAL epoch 010 complete | batches=313 | samples=5000 | time=0:00:39
2026-08-08 01:32:55 | INFO    | 
------------------------------------------------------------------------------------------------
Epoch 010/100 summary
split             total      fourier    amplitude        phase      support        time
train        5.3936e+00   5.3936e+00   1.8122e-02   9.7457e-03   2.2166e+00     0:12:54
validation   5.5048e+00   5.5048e+00   1.7886e-02   8.9348e-03   2.3680e+00     0:00:39
lr=1.000e-03 | best_val=5.4719e+00 | best_updated=no | periodic_checkpoint=yes
------------------------------------------------------------------------------------------------
2026-08-08 01:33:20 | INFO    | TRAIN | epoch=011/100 | batch=00050/01563 (  3.20%) | lr=1.000e-03 | elapsed=0:00:24 | eta=0:12:33
    losses | total=5.2437e+00 | fourier=5.2437e+00 | amplitude=1.8072e-02 | phase=9.1865e-03 | support=2.3146e+00
2026-08-08 01:33:45 | INFO    | TRAIN | epoch=011/100 | batch=00100/01563 (  6.40%) | lr=1.000e-03 | elapsed=0:00:49 | eta=0:12:06
    losses | total=5.7276e+00 | fourier=5.7276e+00 | amplitude=1.9780e-02 | phase=8.5386e-03 | support=2.5151e+00
2026-08-08 01:34:10 | INFO    | TRAIN | epoch=011/100 | batch=00150/01563 (  9.60%) | lr=1.000e-03 | elapsed=0:01:14 | eta=0:11:41
    losses | total=5.3352e+00 | fourier=5.3352e+00 | amplitude=1.8233e-02 | phase=1.0777e-02 | support=2.2010e+00
2026-08-08 01:34:35 | INFO    | TRAIN | epoch=011/100 | batch=00200/01563 ( 12.80%) | lr=1.000e-03 | elapsed=0:01:39 | eta=0:11:15
    losses | total=5.3349e+00 | fourier=5.3349e+00 | amplitude=1.8340e-02 | phase=9.6942e-03 | support=1.9688e+00
2026-08-08 01:34:59 | INFO    | TRAIN | epoch=011/100 | batch=00250/01563 ( 15.99%) | lr=1.000e-03 | elapsed=0:02:03 | eta=0:10:50
    losses | total=5.6571e+00 | fourier=5.6571e+00 | amplitude=2.1555e-02 | phase=7.1572e-03 | support=2.3724e+00
2026-08-08 01:35:24 | INFO    | TRAIN | epoch=011/100 | batch=00300/01563 ( 19.19%) | lr=1.000e-03 | elapsed=0:02:28 | eta=0:10:26
    losses | total=5.0512e+00 | fourier=5.0512e+00 | amplitude=1.5730e-02 | phase=8.8421e-03 | support=2.3795e+00
2026-08-08 01:35:49 | INFO    | TRAIN | epoch=011/100 | batch=00350/01563 ( 22.39%) | lr=1.000e-03 | elapsed=0:02:53 | eta=0:10:01
    losses | total=5.2524e+00 | fourier=5.2524e+00 | amplitude=1.5905e-02 | phase=9.1547e-03 | support=2.0028e+00
2026-08-08 01:36:14 | INFO    | TRAIN | epoch=011/100 | batch=00400/01563 ( 25.59%) | lr=1.000e-03 | elapsed=0:03:18 | eta=0:09:36
    losses | total=5.3847e+00 | fourier=5.3847e+00 | amplitude=1.9759e-02 | phase=9.5509e-03 | support=2.3461e+00
2026-08-08 01:36:38 | INFO    | TRAIN | epoch=011/100 | batch=00450/01563 ( 28.79%) | lr=1.000e-03 | elapsed=0:03:43 | eta=0:09:11
    losses | total=5.8495e+00 | fourier=5.8495e+00 | amplitude=2.1223e-02 | phase=9.8964e-03 | support=2.4373e+00
2026-08-08 01:37:03 | INFO    | TRAIN | epoch=011/100 | batch=00500/01563 ( 31.99%) | lr=1.000e-03 | elapsed=0:04:07 | eta=0:08:46
    losses | total=5.8267e+00 | fourier=5.8267e+00 | amplitude=2.2006e-02 | phase=9.4700e-03 | support=2.1655e+00
2026-08-08 01:37:28 | INFO    | TRAIN | epoch=011/100 | batch=00550/01563 ( 35.19%) | lr=1.000e-03 | elapsed=0:04:32 | eta=0:08:21
    losses | total=5.0214e+00 | fourier=5.0214e+00 | amplitude=1.3488e-02 | phase=8.6170e-03 | support=2.1748e+00
2026-08-08 01:37:53 | INFO    | TRAIN | epoch=011/100 | batch=00600/01563 ( 38.39%) | lr=1.000e-03 | elapsed=0:04:57 | eta=0:07:57
    losses | total=5.4122e+00 | fourier=5.4122e+00 | amplitude=1.7755e-02 | phase=7.7509e-03 | support=2.2760e+00
2026-08-08 01:38:18 | INFO    | TRAIN | epoch=011/100 | batch=00650/01563 ( 41.59%) | lr=1.000e-03 | elapsed=0:05:22 | eta=0:07:32
    losses | total=5.2840e+00 | fourier=5.2840e+00 | amplitude=1.7432e-02 | phase=8.8196e-03 | support=2.2765e+00
2026-08-08 01:38:42 | INFO    | TRAIN | epoch=011/100 | batch=00700/01563 ( 44.79%) | lr=1.000e-03 | elapsed=0:05:46 | eta=0:07:07
    losses | total=5.0399e+00 | fourier=5.0399e+00 | amplitude=1.6232e-02 | phase=8.8548e-03 | support=2.3897e+00
2026-08-08 01:39:07 | INFO    | TRAIN | epoch=011/100 | batch=00750/01563 ( 47.98%) | lr=1.000e-03 | elapsed=0:06:11 | eta=0:06:42
    losses | total=5.4067e+00 | fourier=5.4067e+00 | amplitude=1.7774e-02 | phase=8.1819e-03 | support=2.3323e+00
2026-08-08 01:39:32 | INFO    | TRAIN | epoch=011/100 | batch=00800/01563 ( 51.18%) | lr=1.000e-03 | elapsed=0:06:36 | eta=0:06:18
    losses | total=4.9996e+00 | fourier=4.9996e+00 | amplitude=1.6203e-02 | phase=1.0404e-02 | support=2.0584e+00
2026-08-08 01:39:57 | INFO    | TRAIN | epoch=011/100 | batch=00850/01563 ( 54.38%) | lr=1.000e-03 | elapsed=0:07:01 | eta=0:05:53
    losses | total=5.1479e+00 | fourier=5.1479e+00 | amplitude=1.6117e-02 | phase=8.8658e-03 | support=2.2530e+00
2026-08-08 01:40:21 | INFO    | TRAIN | epoch=011/100 | batch=00900/01563 ( 57.58%) | lr=1.000e-03 | elapsed=0:07:25 | eta=0:05:28
    losses | total=5.4514e+00 | fourier=5.4514e+00 | amplitude=1.7319e-02 | phase=7.9162e-03 | support=2.2537e+00
2026-08-08 01:40:46 | INFO    | TRAIN | epoch=011/100 | batch=00950/01563 ( 60.78%) | lr=1.000e-03 | elapsed=0:07:50 | eta=0:05:03
    losses | total=5.0476e+00 | fourier=5.0476e+00 | amplitude=1.7846e-02 | phase=1.0246e-02 | support=2.3133e+00
2026-08-08 01:41:11 | INFO    | TRAIN | epoch=011/100 | batch=01000/01563 ( 63.98%) | lr=1.000e-03 | elapsed=0:08:15 | eta=0:04:38
    losses | total=5.4358e+00 | fourier=5.4358e+00 | amplitude=1.7335e-02 | phase=1.0034e-02 | support=2.2446e+00
2026-08-08 01:41:36 | INFO    | TRAIN | epoch=011/100 | batch=01050/01563 ( 67.18%) | lr=1.000e-03 | elapsed=0:08:40 | eta=0:04:14
    losses | total=5.4999e+00 | fourier=5.4999e+00 | amplitude=1.9397e-02 | phase=9.8905e-03 | support=2.1356e+00
2026-08-08 01:42:00 | INFO    | TRAIN | epoch=011/100 | batch=01100/01563 ( 70.38%) | lr=1.000e-03 | elapsed=0:09:04 | eta=0:03:49
    losses | total=5.2001e+00 | fourier=5.2001e+00 | amplitude=1.6940e-02 | phase=8.3574e-03 | support=2.2622e+00
2026-08-08 01:42:25 | INFO    | TRAIN | epoch=011/100 | batch=01150/01563 ( 73.58%) | lr=1.000e-03 | elapsed=0:09:29 | eta=0:03:24
    losses | total=5.3806e+00 | fourier=5.3806e+00 | amplitude=1.8592e-02 | phase=1.0020e-02 | support=2.2217e+00
2026-08-08 01:42:50 | INFO    | TRAIN | epoch=011/100 | batch=01200/01563 ( 76.78%) | lr=1.000e-03 | elapsed=0:09:54 | eta=0:02:59
    losses | total=5.5367e+00 | fourier=5.5367e+00 | amplitude=1.9008e-02 | phase=9.4082e-03 | support=2.2308e+00
2026-08-08 01:43:15 | INFO    | TRAIN | epoch=011/100 | batch=01250/01563 ( 79.97%) | lr=1.000e-03 | elapsed=0:10:19 | eta=0:02:35
    losses | total=5.2633e+00 | fourier=5.2633e+00 | amplitude=1.8169e-02 | phase=1.1115e-02 | support=2.0441e+00
2026-08-08 01:43:39 | INFO    | TRAIN | epoch=011/100 | batch=01300/01563 ( 83.17%) | lr=1.000e-03 | elapsed=0:10:43 | eta=0:02:10
    losses | total=5.6066e+00 | fourier=5.6066e+00 | amplitude=1.7697e-02 | phase=9.1649e-03 | support=2.1716e+00
2026-08-08 01:44:04 | INFO    | TRAIN | epoch=011/100 | batch=01350/01563 ( 86.37%) | lr=1.000e-03 | elapsed=0:11:08 | eta=0:01:45
    losses | total=5.4805e+00 | fourier=5.4805e+00 | amplitude=1.8968e-02 | phase=8.5985e-03 | support=2.4804e+00
2026-08-08 01:44:29 | INFO    | TRAIN | epoch=011/100 | batch=01400/01563 ( 89.57%) | lr=1.000e-03 | elapsed=0:11:33 | eta=0:01:20
    losses | total=5.3825e+00 | fourier=5.3825e+00 | amplitude=1.9299e-02 | phase=1.0482e-02 | support=2.2337e+00
2026-08-08 01:44:54 | INFO    | TRAIN | epoch=011/100 | batch=01450/01563 ( 92.77%) | lr=1.000e-03 | elapsed=0:11:58 | eta=0:00:55
    losses | total=5.7958e+00 | fourier=5.7958e+00 | amplitude=2.3621e-02 | phase=8.3195e-03 | support=2.4533e+00
2026-08-08 01:45:18 | INFO    | TRAIN | epoch=011/100 | batch=01500/01563 ( 95.97%) | lr=1.000e-03 | elapsed=0:12:22 | eta=0:00:31
    losses | total=5.2210e+00 | fourier=5.2210e+00 | amplitude=1.6904e-02 | phase=8.7776e-03 | support=2.3216e+00
2026-08-08 01:45:43 | INFO    | TRAIN | epoch=011/100 | batch=01550/01563 ( 99.17%) | lr=1.000e-03 | elapsed=0:12:47 | eta=0:00:06
    losses | total=5.5791e+00 | fourier=5.5791e+00 | amplitude=2.0719e-02 | phase=7.1432e-03 | support=2.3226e+00
2026-08-08 01:45:49 | INFO    | TRAIN | epoch=011/100 | batch=01563/01563 (100.00%) | lr=1.000e-03 | elapsed=0:12:53 | eta=0:00:00
    losses | total=5.8085e+00 | fourier=5.8085e+00 | amplitude=1.7064e-02 | phase=1.0784e-02 | support=1.9799e+00
2026-08-08 01:45:50 | INFO    | TRAIN epoch 011 complete | batches=1563 | samples=25000 | time=0:12:54
2026-08-08 01:45:56 | INFO    | VAL | epoch=011/100 | batch=00050/00313 ( 15.97%) | elapsed=0:00:06 | eta=0:00:33
    losses | total=5.5870e+00 | fourier=5.5870e+00 | amplitude=1.8065e-02 | phase=1.1189e-02 | support=2.0828e+00
2026-08-08 01:46:02 | INFO    | VAL | epoch=011/100 | batch=00100/00313 ( 31.95%) | elapsed=0:00:12 | eta=0:00:27
    losses | total=5.2584e+00 | fourier=5.2584e+00 | amplitude=1.7086e-02 | phase=1.0730e-02 | support=2.1422e+00
2026-08-08 01:46:09 | INFO    | VAL | epoch=011/100 | batch=00150/00313 ( 47.92%) | elapsed=0:00:18 | eta=0:00:20
    losses | total=5.3342e+00 | fourier=5.3342e+00 | amplitude=1.8587e-02 | phase=1.1467e-02 | support=2.2824e+00
2026-08-08 01:46:15 | INFO    | VAL | epoch=011/100 | batch=00200/00313 ( 63.90%) | elapsed=0:00:25 | eta=0:00:14
    losses | total=5.2543e+00 | fourier=5.2543e+00 | amplitude=1.7433e-02 | phase=9.9061e-03 | support=2.0777e+00
2026-08-08 01:46:21 | INFO    | VAL | epoch=011/100 | batch=00250/00313 ( 79.87%) | elapsed=0:00:31 | eta=0:00:07
    losses | total=5.5507e+00 | fourier=5.5507e+00 | amplitude=1.8889e-02 | phase=1.1646e-02 | support=2.2229e+00
2026-08-08 01:46:28 | INFO    | VAL | epoch=011/100 | batch=00300/00313 ( 95.85%) | elapsed=0:00:37 | eta=0:00:01
    losses | total=5.3835e+00 | fourier=5.3835e+00 | amplitude=2.0165e-02 | phase=1.1283e-02 | support=2.3394e+00
2026-08-08 01:46:29 | INFO    | VAL | epoch=011/100 | batch=00313/00313 (100.00%) | elapsed=0:00:39 | eta=0:00:00
    losses | total=5.4594e+00 | fourier=5.4594e+00 | amplitude=1.9516e-02 | phase=1.1896e-02 | support=2.2703e+00
2026-08-08 01:46:29 | INFO    | VAL epoch 011 complete | batches=313 | samples=5000 | time=0:00:39
2026-08-08 01:46:30 | INFO    | 
------------------------------------------------------------------------------------------------
Epoch 011/100 summary
split             total      fourier    amplitude        phase      support        time
train        5.3700e+00   5.3700e+00   1.8204e-02   9.6177e-03   2.2757e+00     0:12:54
validation   5.3715e+00   5.3715e+00   1.8184e-02   1.0792e-02   2.2176e+00     0:00:39
lr=1.000e-03 | best_val=5.3715e+00 | best_updated=yes | periodic_checkpoint=no
------------------------------------------------------------------------------------------------
2026-08-08 01:46:55 | INFO    | TRAIN | epoch=012/100 | batch=00050/01563 (  3.20%) | lr=1.000e-03 | elapsed=0:00:24 | eta=0:12:33
    losses | total=4.8758e+00 | fourier=4.8758e+00 | amplitude=1.5672e-02 | phase=1.0144e-02 | support=2.3696e+00
2026-08-08 01:47:19 | INFO    | TRAIN | epoch=012/100 | batch=00100/01563 (  6.40%) | lr=1.000e-03 | elapsed=0:00:49 | eta=0:12:06
    losses | total=5.2152e+00 | fourier=5.2152e+00 | amplitude=1.6392e-02 | phase=8.5355e-03 | support=2.2246e+00
2026-08-08 01:47:44 | INFO    | TRAIN | epoch=012/100 | batch=00150/01563 (  9.60%) | lr=1.000e-03 | elapsed=0:01:14 | eta=0:11:41
    losses | total=5.6388e+00 | fourier=5.6388e+00 | amplitude=2.2135e-02 | phase=9.4047e-03 | support=2.5999e+00
2026-08-08 01:48:09 | INFO    | TRAIN | epoch=012/100 | batch=00200/01563 ( 12.80%) | lr=1.000e-03 | elapsed=0:01:39 | eta=0:11:16
    losses | total=5.3984e+00 | fourier=5.3984e+00 | amplitude=1.6680e-02 | phase=7.7746e-03 | support=2.4229e+00
2026-08-08 01:48:34 | INFO    | TRAIN | epoch=012/100 | batch=00250/01563 ( 15.99%) | lr=1.000e-03 | elapsed=0:02:03 | eta=0:10:51
    losses | total=5.2826e+00 | fourier=5.2826e+00 | amplitude=1.5798e-02 | phase=8.0908e-03 | support=2.2484e+00
2026-08-08 01:48:58 | INFO    | TRAIN | epoch=012/100 | batch=00300/01563 ( 19.19%) | lr=1.000e-03 | elapsed=0:02:28 | eta=0:10:26
    losses | total=5.2910e+00 | fourier=5.2910e+00 | amplitude=1.7817e-02 | phase=8.7575e-03 | support=2.3048e+00
2026-08-08 01:49:23 | INFO    | TRAIN | epoch=012/100 | batch=00350/01563 ( 22.39%) | lr=1.000e-03 | elapsed=0:02:53 | eta=0:10:01
    losses | total=5.5281e+00 | fourier=5.5281e+00 | amplitude=1.9758e-02 | phase=9.4001e-03 | support=2.2737e+00
2026-08-08 01:49:48 | INFO    | TRAIN | epoch=012/100 | batch=00400/01563 ( 25.59%) | lr=1.000e-03 | elapsed=0:03:18 | eta=0:09:36
    losses | total=5.5937e+00 | fourier=5.5937e+00 | amplitude=1.9487e-02 | phase=9.5330e-03 | support=2.4176e+00
2026-08-08 01:50:13 | INFO    | TRAIN | epoch=012/100 | batch=00450/01563 ( 28.79%) | lr=1.000e-03 | elapsed=0:03:43 | eta=0:09:11
    losses | total=5.4867e+00 | fourier=5.4867e+00 | amplitude=1.8969e-02 | phase=8.6727e-03 | support=2.2744e+00
2026-08-08 01:50:37 | INFO    | TRAIN | epoch=012/100 | batch=00500/01563 ( 31.99%) | lr=1.000e-03 | elapsed=0:04:07 | eta=0:08:46
    losses | total=5.6201e+00 | fourier=5.6201e+00 | amplitude=1.9839e-02 | phase=8.6755e-03 | support=2.3950e+00
2026-08-08 01:51:02 | INFO    | TRAIN | epoch=012/100 | batch=00550/01563 ( 35.19%) | lr=1.000e-03 | elapsed=0:04:32 | eta=0:08:21
    losses | total=5.3143e+00 | fourier=5.3143e+00 | amplitude=1.9239e-02 | phase=9.2070e-03 | support=2.4725e+00
2026-08-08 01:51:27 | INFO    | TRAIN | epoch=012/100 | batch=00600/01563 ( 38.39%) | lr=1.000e-03 | elapsed=0:04:57 | eta=0:07:57
    losses | total=5.2622e+00 | fourier=5.2622e+00 | amplitude=1.7495e-02 | phase=1.0123e-02 | support=2.2160e+00
2026-08-08 01:51:52 | INFO    | TRAIN | epoch=012/100 | batch=00650/01563 ( 41.59%) | lr=1.000e-03 | elapsed=0:05:22 | eta=0:07:32
    losses | total=5.4173e+00 | fourier=5.4173e+00 | amplitude=1.9955e-02 | phase=7.8306e-03 | support=2.5449e+00
2026-08-08 01:52:17 | INFO    | TRAIN | epoch=012/100 | batch=00700/01563 ( 44.79%) | lr=1.000e-03 | elapsed=0:05:46 | eta=0:07:07
    losses | total=5.2303e+00 | fourier=5.2303e+00 | amplitude=1.8116e-02 | phase=1.0198e-02 | support=2.2813e+00
2026-08-08 01:52:41 | INFO    | TRAIN | epoch=012/100 | batch=00750/01563 ( 47.98%) | lr=1.000e-03 | elapsed=0:06:11 | eta=0:06:42
    losses | total=5.2512e+00 | fourier=5.2512e+00 | amplitude=1.8062e-02 | phase=9.2317e-03 | support=2.3030e+00
2026-08-08 01:53:06 | INFO    | TRAIN | epoch=012/100 | batch=00800/01563 ( 51.18%) | lr=1.000e-03 | elapsed=0:06:36 | eta=0:06:18
    losses | total=5.5699e+00 | fourier=5.5699e+00 | amplitude=2.0393e-02 | phase=1.0159e-02 | support=2.5076e+00
2026-08-08 01:53:31 | INFO    | TRAIN | epoch=012/100 | batch=00850/01563 ( 54.38%) | lr=1.000e-03 | elapsed=0:07:01 | eta=0:05:53
    losses | total=5.3693e+00 | fourier=5.3693e+00 | amplitude=1.8752e-02 | phase=9.3577e-03 | support=2.2323e+00
2026-08-08 01:53:56 | INFO    | TRAIN | epoch=012/100 | batch=00900/01563 ( 57.58%) | lr=1.000e-03 | elapsed=0:07:25 | eta=0:05:28
    losses | total=5.1499e+00 | fourier=5.1499e+00 | amplitude=1.8098e-02 | phase=7.4589e-03 | support=2.6464e+00
2026-08-08 01:54:20 | INFO    | TRAIN | epoch=012/100 | batch=00950/01563 ( 60.78%) | lr=1.000e-03 | elapsed=0:07:50 | eta=0:05:03
    losses | total=5.3310e+00 | fourier=5.3310e+00 | amplitude=1.6543e-02 | phase=9.5644e-03 | support=2.1372e+00
2026-08-08 01:54:45 | INFO    | TRAIN | epoch=012/100 | batch=01000/01563 ( 63.98%) | lr=1.000e-03 | elapsed=0:08:15 | eta=0:04:38
    losses | total=5.7663e+00 | fourier=5.7663e+00 | amplitude=1.8836e-02 | phase=1.0112e-02 | support=2.1319e+00
2026-08-08 01:55:10 | INFO    | TRAIN | epoch=012/100 | batch=01050/01563 ( 67.18%) | lr=1.000e-03 | elapsed=0:08:40 | eta=0:04:14
    losses | total=5.2511e+00 | fourier=5.2511e+00 | amplitude=1.6697e-02 | phase=1.0671e-02 | support=2.1926e+00
2026-08-08 01:55:35 | INFO    | TRAIN | epoch=012/100 | batch=01100/01563 ( 70.38%) | lr=1.000e-03 | elapsed=0:09:04 | eta=0:03:49
    losses | total=5.9179e+00 | fourier=5.9179e+00 | amplitude=2.0681e-02 | phase=9.3677e-03 | support=2.5551e+00
2026-08-08 01:55:59 | INFO    | TRAIN | epoch=012/100 | batch=01150/01563 ( 73.58%) | lr=1.000e-03 | elapsed=0:09:29 | eta=0:03:24
    losses | total=5.5255e+00 | fourier=5.5255e+00 | amplitude=1.8917e-02 | phase=1.0812e-02 | support=2.5653e+00
2026-08-08 01:56:24 | INFO    | TRAIN | epoch=012/100 | batch=01200/01563 ( 76.78%) | lr=1.000e-03 | elapsed=0:09:54 | eta=0:02:59
    losses | total=5.4535e+00 | fourier=5.4535e+00 | amplitude=2.1855e-02 | phase=9.5739e-03 | support=2.5050e+00
2026-08-08 01:56:49 | INFO    | TRAIN | epoch=012/100 | batch=01250/01563 ( 79.97%) | lr=1.000e-03 | elapsed=0:10:19 | eta=0:02:35
    losses | total=4.9600e+00 | fourier=4.9600e+00 | amplitude=1.7010e-02 | phase=1.0830e-02 | support=2.2856e+00
2026-08-08 01:57:14 | INFO    | TRAIN | epoch=012/100 | batch=01300/01563 ( 83.17%) | lr=1.000e-03 | elapsed=0:10:43 | eta=0:02:10
    losses | total=4.8325e+00 | fourier=4.8325e+00 | amplitude=1.5015e-02 | phase=1.0221e-02 | support=2.1548e+00
2026-08-08 01:57:38 | INFO    | TRAIN | epoch=012/100 | batch=01350/01563 ( 86.37%) | lr=1.000e-03 | elapsed=0:11:08 | eta=0:01:45
    losses | total=5.2894e+00 | fourier=5.2894e+00 | amplitude=1.7190e-02 | phase=9.5499e-03 | support=2.1675e+00
2026-08-08 01:58:03 | INFO    | TRAIN | epoch=012/100 | batch=01400/01563 ( 89.57%) | lr=1.000e-03 | elapsed=0:11:33 | eta=0:01:20
    losses | total=5.1526e+00 | fourier=5.1526e+00 | amplitude=1.6889e-02 | phase=1.0869e-02 | support=2.1551e+00
2026-08-08 01:58:28 | INFO    | TRAIN | epoch=012/100 | batch=01450/01563 ( 92.77%) | lr=1.000e-03 | elapsed=0:11:58 | eta=0:00:55
    losses | total=5.5981e+00 | fourier=5.5981e+00 | amplitude=2.0649e-02 | phase=9.4985e-03 | support=2.4718e+00
2026-08-08 01:58:53 | INFO    | TRAIN | epoch=012/100 | batch=01500/01563 ( 95.97%) | lr=1.000e-03 | elapsed=0:12:23 | eta=0:00:31
    losses | total=5.4423e+00 | fourier=5.4423e+00 | amplitude=1.9808e-02 | phase=1.0084e-02 | support=2.7235e+00
2026-08-08 01:59:17 | INFO    | TRAIN | epoch=012/100 | batch=01550/01563 ( 99.17%) | lr=1.000e-03 | elapsed=0:12:47 | eta=0:00:06
    losses | total=5.5783e+00 | fourier=5.5783e+00 | amplitude=1.8120e-02 | phase=1.1681e-02 | support=2.4829e+00
2026-08-08 01:59:24 | INFO    | TRAIN | epoch=012/100 | batch=01563/01563 (100.00%) | lr=1.000e-03 | elapsed=0:12:53 | eta=0:00:00
    losses | total=5.2917e+00 | fourier=5.2917e+00 | amplitude=1.6551e-02 | phase=1.1886e-02 | support=2.0577e+00
2026-08-08 01:59:24 | INFO    | TRAIN epoch 012 complete | batches=1563 | samples=25000 | time=0:12:54
2026-08-08 01:59:30 | INFO    | VAL | epoch=012/100 | batch=00050/00313 ( 15.97%) | elapsed=0:00:06 | eta=0:00:33
    losses | total=5.5134e+00 | fourier=5.5134e+00 | amplitude=1.8450e-02 | phase=1.3858e-02 | support=2.0130e+00
2026-08-08 01:59:37 | INFO    | VAL | epoch=012/100 | batch=00100/00313 ( 31.95%) | elapsed=0:00:12 | eta=0:00:27
    losses | total=5.2859e+00 | fourier=5.2859e+00 | amplitude=1.7257e-02 | phase=1.1552e-02 | support=2.1294e+00
2026-08-08 01:59:43 | INFO    | VAL | epoch=012/100 | batch=00150/00313 ( 47.92%) | elapsed=0:00:18 | eta=0:00:20
    losses | total=5.2968e+00 | fourier=5.2968e+00 | amplitude=1.9105e-02 | phase=1.1173e-02 | support=2.3647e+00
2026-08-08 01:59:49 | INFO    | VAL | epoch=012/100 | batch=00200/00313 ( 63.90%) | elapsed=0:00:25 | eta=0:00:14
    losses | total=5.1829e+00 | fourier=5.1829e+00 | amplitude=1.7735e-02 | phase=1.1098e-02 | support=2.0563e+00
2026-08-08 01:59:56 | INFO    | VAL | epoch=012/100 | batch=00250/00313 ( 79.87%) | elapsed=0:00:31 | eta=0:00:07
    losses | total=5.5649e+00 | fourier=5.5649e+00 | amplitude=1.9109e-02 | phase=1.3229e-02 | support=2.2555e+00
2026-08-08 02:00:02 | INFO    | VAL | epoch=012/100 | batch=00300/00313 ( 95.85%) | elapsed=0:00:37 | eta=0:00:01
    losses | total=5.3494e+00 | fourier=5.3494e+00 | amplitude=2.0239e-02 | phase=1.1722e-02 | support=2.4307e+00
2026-08-08 02:00:03 | INFO    | VAL | epoch=012/100 | batch=00313/00313 (100.00%) | elapsed=0:00:39 | eta=0:00:00
    losses | total=5.4085e+00 | fourier=5.4085e+00 | amplitude=1.9545e-02 | phase=1.2062e-02 | support=2.1805e+00
2026-08-08 02:00:03 | INFO    | VAL epoch 012 complete | batches=313 | samples=5000 | time=0:00:39
2026-08-08 02:00:04 | INFO    | 
------------------------------------------------------------------------------------------------
Epoch 012/100 summary
split             total      fourier    amplitude        phase      support        time
train        5.3357e+00   5.3357e+00   1.8330e-02   9.6927e-03   2.3182e+00     0:12:54
validation   5.3379e+00   5.3379e+00   1.8436e-02   1.1809e-02   2.1930e+00     0:00:39
lr=1.000e-03 | best_val=5.3379e+00 | best_updated=yes | periodic_checkpoint=no
------------------------------------------------------------------------------------------------
2026-08-08 02:00:29 | INFO    | TRAIN | epoch=013/100 | batch=00050/01563 (  3.20%) | lr=1.000e-03 | elapsed=0:00:24 | eta=0:12:33
    losses | total=5.0625e+00 | fourier=5.0625e+00 | amplitude=1.7244e-02 | phase=8.9354e-03 | support=2.3009e+00
2026-08-08 02:00:54 | INFO    | TRAIN | epoch=013/100 | batch=00100/01563 (  6.40%) | lr=1.000e-03 | elapsed=0:00:49 | eta=0:12:06
    losses | total=5.5142e+00 | fourier=5.5142e+00 | amplitude=1.8377e-02 | phase=8.1913e-03 | support=2.3221e+00
2026-08-08 02:01:18 | INFO    | TRAIN | epoch=013/100 | batch=00150/01563 (  9.60%) | lr=1.000e-03 | elapsed=0:01:14 | eta=0:11:41
    losses | total=5.4860e+00 | fourier=5.4860e+00 | amplitude=2.0577e-02 | phase=1.0532e-02 | support=2.2675e+00
2026-08-08 02:01:43 | INFO    | TRAIN | epoch=013/100 | batch=00200/01563 ( 12.80%) | lr=1.000e-03 | elapsed=0:01:39 | eta=0:11:15
    losses | total=5.2097e+00 | fourier=5.2097e+00 | amplitude=1.6941e-02 | phase=1.0335e-02 | support=2.4228e+00
2026-08-08 02:02:08 | INFO    | TRAIN | epoch=013/100 | batch=00250/01563 ( 15.99%) | lr=1.000e-03 | elapsed=0:02:03 | eta=0:10:50
    losses | total=5.1259e+00 | fourier=5.1259e+00 | amplitude=1.7946e-02 | phase=8.6588e-03 | support=2.5777e+00
2026-08-08 02:02:33 | INFO    | TRAIN | epoch=013/100 | batch=00300/01563 ( 19.19%) | lr=1.000e-03 | elapsed=0:02:28 | eta=0:10:26
    losses | total=5.3893e+00 | fourier=5.3893e+00 | amplitude=1.7822e-02 | phase=1.2843e-02 | support=2.1421e+00
2026-08-08 02:02:57 | INFO    | TRAIN | epoch=013/100 | batch=00350/01563 ( 22.39%) | lr=1.000e-03 | elapsed=0:02:53 | eta=0:10:01
    losses | total=5.0529e+00 | fourier=5.0529e+00 | amplitude=1.4394e-02 | phase=7.9948e-03 | support=2.1519e+00
2026-08-08 02:03:22 | INFO    | TRAIN | epoch=013/100 | batch=00400/01563 ( 25.59%) | lr=1.000e-03 | elapsed=0:03:18 | eta=0:09:36
    losses | total=5.5352e+00 | fourier=5.5352e+00 | amplitude=2.0888e-02 | phase=9.1345e-03 | support=2.4687e+00
2026-08-08 02:03:47 | INFO    | TRAIN | epoch=013/100 | batch=00450/01563 ( 28.79%) | lr=1.000e-03 | elapsed=0:03:42 | eta=0:09:11
    losses | total=5.5994e+00 | fourier=5.5994e+00 | amplitude=2.1868e-02 | phase=1.3351e-02 | support=2.7007e+00
2026-08-08 02:04:12 | INFO    | TRAIN | epoch=013/100 | batch=00500/01563 ( 31.99%) | lr=1.000e-03 | elapsed=0:04:07 | eta=0:08:46
    losses | total=5.0931e+00 | fourier=5.0931e+00 | amplitude=1.6575e-02 | phase=1.0475e-02 | support=2.3792e+00
2026-08-08 02:04:37 | INFO    | TRAIN | epoch=013/100 | batch=00550/01563 ( 35.19%) | lr=1.000e-03 | elapsed=0:04:32 | eta=0:08:21
    losses | total=5.4331e+00 | fourier=5.4331e+00 | amplitude=1.9138e-02 | phase=1.0804e-02 | support=2.2903e+00
2026-08-08 02:05:01 | INFO    | TRAIN | epoch=013/100 | batch=00600/01563 ( 38.39%) | lr=1.000e-03 | elapsed=0:04:57 | eta=0:07:57
    losses | total=5.1337e+00 | fourier=5.1337e+00 | amplitude=1.7120e-02 | phase=1.1281e-02 | support=2.3795e+00
2026-08-08 02:05:26 | INFO    | TRAIN | epoch=013/100 | batch=00650/01563 ( 41.59%) | lr=1.000e-03 | elapsed=0:05:22 | eta=0:07:32
    losses | total=5.3048e+00 | fourier=5.3048e+00 | amplitude=1.8295e-02 | phase=8.6980e-03 | support=2.3034e+00
2026-08-08 02:05:51 | INFO    | TRAIN | epoch=013/100 | batch=00700/01563 ( 44.79%) | lr=1.000e-03 | elapsed=0:05:46 | eta=0:07:07
    losses | total=5.2175e+00 | fourier=5.2175e+00 | amplitude=1.8960e-02 | phase=1.1106e-02 | support=2.2332e+00
2026-08-08 02:06:16 | INFO    | TRAIN | epoch=013/100 | batch=00750/01563 ( 47.98%) | lr=1.000e-03 | elapsed=0:06:11 | eta=0:06:42
    losses | total=5.3389e+00 | fourier=5.3389e+00 | amplitude=1.9559e-02 | phase=1.1174e-02 | support=2.3755e+00
2026-08-08 02:06:40 | INFO    | TRAIN | epoch=013/100 | batch=00800/01563 ( 51.18%) | lr=1.000e-03 | elapsed=0:06:36 | eta=0:06:17
    losses | total=5.0932e+00 | fourier=5.0932e+00 | amplitude=1.5846e-02 | phase=1.1479e-02 | support=2.0409e+00
2026-08-08 02:07:05 | INFO    | TRAIN | epoch=013/100 | batch=00850/01563 ( 54.38%) | lr=1.000e-03 | elapsed=0:07:01 | eta=0:05:53
    losses | total=5.2858e+00 | fourier=5.2858e+00 | amplitude=1.8955e-02 | phase=9.1512e-03 | support=2.5263e+00
2026-08-08 02:07:30 | INFO    | TRAIN | epoch=013/100 | batch=00900/01563 ( 57.58%) | lr=1.000e-03 | elapsed=0:07:25 | eta=0:05:28
    losses | total=5.4973e+00 | fourier=5.4973e+00 | amplitude=1.9364e-02 | phase=8.0932e-03 | support=2.3692e+00
2026-08-08 02:07:55 | INFO    | TRAIN | epoch=013/100 | batch=00950/01563 ( 60.78%) | lr=1.000e-03 | elapsed=0:07:50 | eta=0:05:03
    losses | total=5.2653e+00 | fourier=5.2653e+00 | amplitude=1.9084e-02 | phase=9.2906e-03 | support=2.5064e+00
2026-08-08 02:08:19 | INFO    | TRAIN | epoch=013/100 | batch=01000/01563 ( 63.98%) | lr=1.000e-03 | elapsed=0:08:15 | eta=0:04:38
    losses | total=5.2793e+00 | fourier=5.2793e+00 | amplitude=1.7681e-02 | phase=9.9280e-03 | support=2.2008e+00
2026-08-08 02:08:44 | INFO    | TRAIN | epoch=013/100 | batch=01050/01563 ( 67.18%) | lr=1.000e-03 | elapsed=0:08:40 | eta=0:04:14
    losses | total=5.3583e+00 | fourier=5.3583e+00 | amplitude=1.8178e-02 | phase=8.1973e-03 | support=2.1950e+00
2026-08-08 02:09:09 | INFO    | TRAIN | epoch=013/100 | batch=01100/01563 ( 70.38%) | lr=1.000e-03 | elapsed=0:09:04 | eta=0:03:49
    losses | total=5.5124e+00 | fourier=5.5124e+00 | amplitude=2.0162e-02 | phase=1.0266e-02 | support=2.2173e+00
2026-08-08 02:09:34 | INFO    | TRAIN | epoch=013/100 | batch=01150/01563 ( 73.58%) | lr=1.000e-03 | elapsed=0:09:29 | eta=0:03:24
    losses | total=5.2681e+00 | fourier=5.2681e+00 | amplitude=1.9051e-02 | phase=1.0282e-02 | support=2.3423e+00
2026-08-08 02:09:58 | INFO    | TRAIN | epoch=013/100 | batch=01200/01563 ( 76.78%) | lr=1.000e-03 | elapsed=0:09:54 | eta=0:02:59
    losses | total=5.5941e+00 | fourier=5.5941e+00 | amplitude=2.1729e-02 | phase=1.0294e-02 | support=2.3426e+00
2026-08-08 02:10:23 | INFO    | TRAIN | epoch=013/100 | batch=01250/01563 ( 79.97%) | lr=1.000e-03 | elapsed=0:10:19 | eta=0:02:35
    losses | total=5.3830e+00 | fourier=5.3830e+00 | amplitude=1.9591e-02 | phase=1.1410e-02 | support=2.2734e+00
2026-08-08 02:10:48 | INFO    | TRAIN | epoch=013/100 | batch=01300/01563 ( 83.17%) | lr=1.000e-03 | elapsed=0:10:43 | eta=0:02:10
    losses | total=5.5974e+00 | fourier=5.5974e+00 | amplitude=2.1739e-02 | phase=1.1430e-02 | support=2.0314e+00
2026-08-08 02:11:13 | INFO    | TRAIN | epoch=013/100 | batch=01350/01563 ( 86.37%) | lr=1.000e-03 | elapsed=0:11:08 | eta=0:01:45
    losses | total=5.2235e+00 | fourier=5.2235e+00 | amplitude=1.9286e-02 | phase=9.8217e-03 | support=2.2588e+00
2026-08-08 02:11:37 | INFO    | TRAIN | epoch=013/100 | batch=01400/01563 ( 89.57%) | lr=1.000e-03 | elapsed=0:11:33 | eta=0:01:20
    losses | total=5.2639e+00 | fourier=5.2639e+00 | amplitude=1.7258e-02 | phase=9.7601e-03 | support=2.2183e+00
2026-08-08 02:12:02 | INFO    | TRAIN | epoch=013/100 | batch=01450/01563 ( 92.77%) | lr=1.000e-03 | elapsed=0:11:58 | eta=0:00:55
    losses | total=4.9961e+00 | fourier=4.9961e+00 | amplitude=1.8642e-02 | phase=9.0673e-03 | support=2.5157e+00
2026-08-08 02:12:27 | INFO    | TRAIN | epoch=013/100 | batch=01500/01563 ( 95.97%) | lr=1.000e-03 | elapsed=0:12:22 | eta=0:00:31
    losses | total=5.3869e+00 | fourier=5.3869e+00 | amplitude=1.7982e-02 | phase=1.0013e-02 | support=2.2071e+00
2026-08-08 02:12:52 | INFO    | TRAIN | epoch=013/100 | batch=01550/01563 ( 99.17%) | lr=1.000e-03 | elapsed=0:12:47 | eta=0:00:06
    losses | total=5.3418e+00 | fourier=5.3418e+00 | amplitude=1.8640e-02 | phase=1.1802e-02 | support=2.3828e+00
2026-08-08 02:12:58 | INFO    | TRAIN | epoch=013/100 | batch=01563/01563 (100.00%) | lr=1.000e-03 | elapsed=0:12:53 | eta=0:00:00
    losses | total=5.3503e+00 | fourier=5.3503e+00 | amplitude=1.8426e-02 | phase=8.6022e-03 | support=2.3695e+00
2026-08-08 02:12:58 | INFO    | TRAIN epoch 013 complete | batches=1563 | samples=25000 | time=0:12:54
2026-08-08 02:13:05 | INFO    | VAL | epoch=013/100 | batch=00050/00313 ( 15.97%) | elapsed=0:00:06 | eta=0:00:33
    losses | total=5.6362e+00 | fourier=5.6362e+00 | amplitude=1.7602e-02 | phase=9.9877e-03 | support=2.1882e+00
2026-08-08 02:13:11 | INFO    | VAL | epoch=013/100 | batch=00100/00313 ( 31.95%) | elapsed=0:00:12 | eta=0:00:27
    losses | total=5.3693e+00 | fourier=5.3693e+00 | amplitude=1.6517e-02 | phase=8.9292e-03 | support=2.2731e+00
2026-08-08 02:13:17 | INFO    | VAL | epoch=013/100 | batch=00150/00313 ( 47.92%) | elapsed=0:00:18 | eta=0:00:20
    losses | total=5.4051e+00 | fourier=5.4051e+00 | amplitude=1.7747e-02 | phase=8.7454e-03 | support=2.4337e+00
2026-08-08 02:13:24 | INFO    | VAL | epoch=013/100 | batch=00200/00313 ( 63.90%) | elapsed=0:00:25 | eta=0:00:14
    losses | total=5.2831e+00 | fourier=5.2831e+00 | amplitude=1.7111e-02 | phase=8.5309e-03 | support=2.2252e+00
2026-08-08 02:13:30 | INFO    | VAL | epoch=013/100 | batch=00250/00313 ( 79.87%) | elapsed=0:00:31 | eta=0:00:07
    losses | total=5.6322e+00 | fourier=5.6322e+00 | amplitude=1.8630e-02 | phase=1.0149e-02 | support=2.3453e+00
2026-08-08 02:13:36 | INFO    | VAL | epoch=013/100 | batch=00300/00313 ( 95.85%) | elapsed=0:00:37 | eta=0:00:01
    losses | total=5.4123e+00 | fourier=5.4123e+00 | amplitude=1.9646e-02 | phase=9.4859e-03 | support=2.4612e+00
2026-08-08 02:13:38 | INFO    | VAL | epoch=013/100 | batch=00313/00313 (100.00%) | elapsed=0:00:39 | eta=0:00:00
    losses | total=5.4975e+00 | fourier=5.4975e+00 | amplitude=1.8607e-02 | phase=1.0537e-02 | support=2.3775e+00
2026-08-08 02:13:38 | INFO    | VAL epoch 013 complete | batches=313 | samples=5000 | time=0:00:39
2026-08-08 02:13:38 | INFO    | 
------------------------------------------------------------------------------------------------
Epoch 013/100 summary
split             total      fourier    amplitude        phase      support        time
train        5.3138e+00   5.3138e+00   1.8502e-02   9.7282e-03   2.3287e+00     0:12:54
validation   5.4398e+00   5.4398e+00   1.7682e-02   8.9699e-03   2.3211e+00     0:00:39
lr=1.000e-03 | best_val=5.3379e+00 | best_updated=no | periodic_checkpoint=no
------------------------------------------------------------------------------------------------
2026-08-08 02:14:03 | INFO    | TRAIN | epoch=014/100 | batch=00050/01563 (  3.20%) | lr=1.000e-03 | elapsed=0:00:24 | eta=0:12:33
    losses | total=5.1368e+00 | fourier=5.1368e+00 | amplitude=1.7329e-02 | phase=9.8882e-03 | support=2.3082e+00
2026-08-08 02:14:28 | INFO    | TRAIN | epoch=014/100 | batch=00100/01563 (  6.40%) | lr=1.000e-03 | elapsed=0:00:49 | eta=0:12:06
    losses | total=4.9449e+00 | fourier=4.9449e+00 | amplitude=1.7448e-02 | phase=1.0310e-02 | support=2.4179e+00
2026-08-08 02:14:52 | INFO    | TRAIN | epoch=014/100 | batch=00150/01563 (  9.60%) | lr=1.000e-03 | elapsed=0:01:14 | eta=0:11:41
    losses | total=5.2837e+00 | fourier=5.2837e+00 | amplitude=1.7541e-02 | phase=1.0222e-02 | support=2.2243e+00
2026-08-08 02:15:17 | INFO    | TRAIN | epoch=014/100 | batch=00200/01563 ( 12.80%) | lr=1.000e-03 | elapsed=0:01:39 | eta=0:11:16
    losses | total=5.2501e+00 | fourier=5.2501e+00 | amplitude=2.0027e-02 | phase=9.1446e-03 | support=2.3510e+00
2026-08-08 02:15:42 | INFO    | TRAIN | epoch=014/100 | batch=00250/01563 ( 15.99%) | lr=1.000e-03 | elapsed=0:02:03 | eta=0:10:51
    losses | total=5.7005e+00 | fourier=5.7005e+00 | amplitude=2.1671e-02 | phase=9.1874e-03 | support=2.5511e+00
2026-08-08 02:16:07 | INFO    | TRAIN | epoch=014/100 | batch=00300/01563 ( 19.19%) | lr=1.000e-03 | elapsed=0:02:28 | eta=0:10:26
    losses | total=5.1257e+00 | fourier=5.1257e+00 | amplitude=1.7858e-02 | phase=9.2199e-03 | support=2.2357e+00
2026-08-08 02:16:32 | INFO    | TRAIN | epoch=014/100 | batch=00350/01563 ( 22.39%) | lr=1.000e-03 | elapsed=0:02:53 | eta=0:10:01
    losses | total=5.1548e+00 | fourier=5.1548e+00 | amplitude=1.7414e-02 | phase=1.0471e-02 | support=2.2115e+00
2026-08-08 02:16:56 | INFO    | TRAIN | epoch=014/100 | batch=00400/01563 ( 25.59%) | lr=1.000e-03 | elapsed=0:03:18 | eta=0:09:36
    losses | total=4.9080e+00 | fourier=4.9080e+00 | amplitude=1.6274e-02 | phase=8.9216e-03 | support=2.1270e+00
2026-08-08 02:17:21 | INFO    | TRAIN | epoch=014/100 | batch=00450/01563 ( 28.79%) | lr=1.000e-03 | elapsed=0:03:43 | eta=0:09:11
    losses | total=5.5085e+00 | fourier=5.5085e+00 | amplitude=1.8898e-02 | phase=1.0236e-02 | support=2.2093e+00
2026-08-08 02:17:46 | INFO    | TRAIN | epoch=014/100 | batch=00500/01563 ( 31.99%) | lr=1.000e-03 | elapsed=0:04:07 | eta=0:08:46
    losses | total=5.4990e+00 | fourier=5.4990e+00 | amplitude=1.9738e-02 | phase=8.8817e-03 | support=2.2568e+00
2026-08-08 02:18:11 | INFO    | TRAIN | epoch=014/100 | batch=00550/01563 ( 35.19%) | lr=1.000e-03 | elapsed=0:04:32 | eta=0:08:21
    losses | total=5.3874e+00 | fourier=5.3874e+00 | amplitude=1.8463e-02 | phase=8.4580e-03 | support=2.3085e+00
2026-08-08 02:18:35 | INFO    | TRAIN | epoch=014/100 | batch=00600/01563 ( 38.39%) | lr=1.000e-03 | elapsed=0:04:57 | eta=0:07:57
    losses | total=5.1420e+00 | fourier=5.1420e+00 | amplitude=1.7259e-02 | phase=1.0542e-02 | support=2.1148e+00
2026-08-08 02:19:00 | INFO    | TRAIN | epoch=014/100 | batch=00650/01563 ( 41.59%) | lr=1.000e-03 | elapsed=0:05:22 | eta=0:07:32
    losses | total=5.6849e+00 | fourier=5.6849e+00 | amplitude=2.0641e-02 | phase=9.0038e-03 | support=2.3709e+00
2026-08-08 02:19:25 | INFO    | TRAIN | epoch=014/100 | batch=00700/01563 ( 44.79%) | lr=1.000e-03 | elapsed=0:05:46 | eta=0:07:07
    losses | total=5.2327e+00 | fourier=5.2327e+00 | amplitude=1.8824e-02 | phase=1.2165e-02 | support=2.2953e+00
2026-08-08 02:19:50 | INFO    | TRAIN | epoch=014/100 | batch=00750/01563 ( 47.98%) | lr=1.000e-03 | elapsed=0:06:11 | eta=0:06:42
    losses | total=5.2277e+00 | fourier=5.2277e+00 | amplitude=1.5959e-02 | phase=9.5139e-03 | support=2.4856e+00
2026-08-08 02:20:14 | INFO    | TRAIN | epoch=014/100 | batch=00800/01563 ( 51.18%) | lr=1.000e-03 | elapsed=0:06:36 | eta=0:06:18
    losses | total=5.1072e+00 | fourier=5.1072e+00 | amplitude=1.6514e-02 | phase=8.3533e-03 | support=2.2038e+00
2026-08-08 02:20:39 | INFO    | TRAIN | epoch=014/100 | batch=00850/01563 ( 54.38%) | lr=1.000e-03 | elapsed=0:07:01 | eta=0:05:53
    losses | total=5.5551e+00 | fourier=5.5551e+00 | amplitude=2.0235e-02 | phase=8.6659e-03 | support=2.2413e+00
2026-08-08 02:21:04 | INFO    | TRAIN | epoch=014/100 | batch=00900/01563 ( 57.58%) | lr=1.000e-03 | elapsed=0:07:25 | eta=0:05:28
    losses | total=5.5148e+00 | fourier=5.5148e+00 | amplitude=2.0138e-02 | phase=1.1062e-02 | support=2.3144e+00
2026-08-08 02:21:29 | INFO    | TRAIN | epoch=014/100 | batch=00950/01563 ( 60.78%) | lr=1.000e-03 | elapsed=0:07:50 | eta=0:05:03
    losses | total=4.9719e+00 | fourier=4.9719e+00 | amplitude=1.6054e-02 | phase=7.5214e-03 | support=2.2582e+00
2026-08-08 02:21:53 | INFO    | TRAIN | epoch=014/100 | batch=01000/01563 ( 63.98%) | lr=1.000e-03 | elapsed=0:08:15 | eta=0:04:38
    losses | total=5.7601e+00 | fourier=5.7601e+00 | amplitude=2.2100e-02 | phase=9.7895e-03 | support=2.6687e+00
2026-08-08 02:22:18 | INFO    | TRAIN | epoch=014/100 | batch=01050/01563 ( 67.18%) | lr=1.000e-03 | elapsed=0:08:40 | eta=0:04:14
    losses | total=5.3028e+00 | fourier=5.3028e+00 | amplitude=1.7612e-02 | phase=8.7806e-03 | support=2.3911e+00
2026-08-08 02:22:43 | INFO    | TRAIN | epoch=014/100 | batch=01100/01563 ( 70.38%) | lr=1.000e-03 | elapsed=0:09:04 | eta=0:03:49
    losses | total=5.2874e+00 | fourier=5.2874e+00 | amplitude=1.7789e-02 | phase=8.4877e-03 | support=2.6239e+00
2026-08-08 02:23:08 | INFO    | TRAIN | epoch=014/100 | batch=01150/01563 ( 73.58%) | lr=1.000e-03 | elapsed=0:09:29 | eta=0:03:24
    losses | total=5.1930e+00 | fourier=5.1930e+00 | amplitude=1.7971e-02 | phase=8.0821e-03 | support=2.2253e+00
2026-08-08 02:23:33 | INFO    | TRAIN | epoch=014/100 | batch=01200/01563 ( 76.78%) | lr=1.000e-03 | elapsed=0:09:54 | eta=0:02:59
    losses | total=5.2106e+00 | fourier=5.2106e+00 | amplitude=1.8622e-02 | phase=1.1586e-02 | support=2.5473e+00
2026-08-08 02:23:57 | INFO    | TRAIN | epoch=014/100 | batch=01250/01563 ( 79.97%) | lr=1.000e-03 | elapsed=0:10:19 | eta=0:02:35
    losses | total=5.0765e+00 | fourier=5.0765e+00 | amplitude=1.7496e-02 | phase=9.5998e-03 | support=2.3819e+00
2026-08-08 02:24:22 | INFO    | TRAIN | epoch=014/100 | batch=01300/01563 ( 83.17%) | lr=1.000e-03 | elapsed=0:10:43 | eta=0:02:10
    losses | total=5.2015e+00 | fourier=5.2015e+00 | amplitude=1.8808e-02 | phase=1.0623e-02 | support=2.1444e+00
2026-08-08 02:24:47 | INFO    | TRAIN | epoch=014/100 | batch=01350/01563 ( 86.37%) | lr=1.000e-03 | elapsed=0:11:08 | eta=0:01:45
    losses | total=4.8909e+00 | fourier=4.8909e+00 | amplitude=1.4430e-02 | phase=8.9277e-03 | support=2.1352e+00
2026-08-08 02:25:12 | INFO    | TRAIN | epoch=014/100 | batch=01400/01563 ( 89.57%) | lr=1.000e-03 | elapsed=0:11:33 | eta=0:01:20
    losses | total=5.4779e+00 | fourier=5.4779e+00 | amplitude=1.9848e-02 | phase=1.0335e-02 | support=2.3434e+00
2026-08-08 02:25:36 | INFO    | TRAIN | epoch=014/100 | batch=01450/01563 ( 92.77%) | lr=1.000e-03 | elapsed=0:11:58 | eta=0:00:55
    losses | total=5.2601e+00 | fourier=5.2601e+00 | amplitude=1.7608e-02 | phase=9.7755e-03 | support=2.4407e+00
2026-08-08 02:26:01 | INFO    | TRAIN | epoch=014/100 | batch=01500/01563 ( 95.97%) | lr=1.000e-03 | elapsed=0:12:23 | eta=0:00:31
    losses | total=5.3077e+00 | fourier=5.3077e+00 | amplitude=1.8487e-02 | phase=1.0832e-02 | support=2.3013e+00
2026-08-08 02:26:26 | INFO    | TRAIN | epoch=014/100 | batch=01550/01563 ( 99.17%) | lr=1.000e-03 | elapsed=0:12:47 | eta=0:00:06
    losses | total=5.1421e+00 | fourier=5.1421e+00 | amplitude=1.7137e-02 | phase=7.5526e-03 | support=2.1827e+00
2026-08-08 02:26:32 | INFO    | TRAIN | epoch=014/100 | batch=01563/01563 (100.00%) | lr=1.000e-03 | elapsed=0:12:54 | eta=0:00:00
    losses | total=4.7024e+00 | fourier=4.7024e+00 | amplitude=1.4433e-02 | phase=9.6545e-03 | support=2.2263e+00
2026-08-08 02:26:32 | INFO    | TRAIN epoch 014 complete | batches=1563 | samples=25000 | time=0:12:54
2026-08-08 02:26:39 | INFO    | VAL | epoch=014/100 | batch=00050/00313 ( 15.97%) | elapsed=0:00:06 | eta=0:00:33
    losses | total=5.5010e+00 | fourier=5.5010e+00 | amplitude=1.7492e-02 | phase=1.1035e-02 | support=1.9909e+00
2026-08-08 02:26:45 | INFO    | VAL | epoch=014/100 | batch=00100/00313 ( 31.95%) | elapsed=0:00:12 | eta=0:00:27
    losses | total=5.2266e+00 | fourier=5.2266e+00 | amplitude=1.6347e-02 | phase=1.0446e-02 | support=2.0420e+00
2026-08-08 02:26:51 | INFO    | VAL | epoch=014/100 | batch=00150/00313 ( 47.92%) | elapsed=0:00:18 | eta=0:00:20
    losses | total=5.2584e+00 | fourier=5.2584e+00 | amplitude=1.7712e-02 | phase=1.0608e-02 | support=2.1593e+00
2026-08-08 02:26:58 | INFO    | VAL | epoch=014/100 | batch=00200/00313 ( 63.90%) | elapsed=0:00:25 | eta=0:00:14
    losses | total=5.1677e+00 | fourier=5.1677e+00 | amplitude=1.7079e-02 | phase=9.3209e-03 | support=2.0107e+00
2026-08-08 02:27:04 | INFO    | VAL | epoch=014/100 | batch=00250/00313 ( 79.87%) | elapsed=0:00:31 | eta=0:00:07
    losses | total=5.5330e+00 | fourier=5.5330e+00 | amplitude=1.8247e-02 | phase=1.1341e-02 | support=2.0686e+00
2026-08-08 02:27:10 | INFO    | VAL | epoch=014/100 | batch=00300/00313 ( 95.85%) | elapsed=0:00:37 | eta=0:00:01
    losses | total=5.2948e+00 | fourier=5.2948e+00 | amplitude=1.9258e-02 | phase=1.0809e-02 | support=2.1904e+00
2026-08-08 02:27:12 | INFO    | VAL | epoch=014/100 | batch=00313/00313 (100.00%) | elapsed=0:00:39 | eta=0:00:00
    losses | total=5.3671e+00 | fourier=5.3671e+00 | amplitude=1.8494e-02 | phase=1.2365e-02 | support=2.0383e+00
2026-08-08 02:27:12 | INFO    | VAL epoch 014 complete | batches=313 | samples=5000 | time=0:00:39
2026-08-08 02:27:12 | INFO    | 
------------------------------------------------------------------------------------------------
Epoch 014/100 summary
split             total      fourier    amplitude        phase      support        time
train        5.2925e+00   5.2925e+00   1.8545e-02   9.7618e-03   2.3367e+00     0:12:54
validation   5.3085e+00   5.3085e+00   1.7549e-02   1.0167e-02   2.0814e+00     0:00:39
lr=1.000e-03 | best_val=5.3085e+00 | best_updated=yes | periodic_checkpoint=no
------------------------------------------------------------------------------------------------
2026-08-08 02:27:37 | INFO    | TRAIN | epoch=015/100 | batch=00050/01563 (  3.20%) | lr=1.000e-03 | elapsed=0:00:24 | eta=0:12:33
    losses | total=5.2135e+00 | fourier=5.2135e+00 | amplitude=1.9232e-02 | phase=9.0757e-03 | support=2.4106e+00
2026-08-08 02:28:02 | INFO    | TRAIN | epoch=015/100 | batch=00100/01563 (  6.40%) | lr=1.000e-03 | elapsed=0:00:49 | eta=0:12:06
    losses | total=5.2584e+00 | fourier=5.2584e+00 | amplitude=1.6164e-02 | phase=1.1241e-02 | support=2.2506e+00
2026-08-08 02:28:27 | INFO    | TRAIN | epoch=015/100 | batch=00150/01563 (  9.60%) | lr=1.000e-03 | elapsed=0:01:14 | eta=0:11:41
    losses | total=4.8388e+00 | fourier=4.8388e+00 | amplitude=1.6169e-02 | phase=9.5321e-03 | support=2.2764e+00
2026-08-08 02:28:52 | INFO    | TRAIN | epoch=015/100 | batch=00200/01563 ( 12.80%) | lr=1.000e-03 | elapsed=0:01:39 | eta=0:11:16
    losses | total=5.3605e+00 | fourier=5.3605e+00 | amplitude=1.7925e-02 | phase=8.1638e-03 | support=2.4043e+00
2026-08-08 02:29:16 | INFO    | TRAIN | epoch=015/100 | batch=00250/01563 ( 15.99%) | lr=1.000e-03 | elapsed=0:02:03 | eta=0:10:51
    losses | total=5.4575e+00 | fourier=5.4575e+00 | amplitude=1.8964e-02 | phase=9.7263e-03 | support=2.5235e+00
2026-08-08 02:29:41 | INFO    | TRAIN | epoch=015/100 | batch=00300/01563 ( 19.19%) | lr=1.000e-03 | elapsed=0:02:28 | eta=0:10:26
    losses | total=5.6263e+00 | fourier=5.6263e+00 | amplitude=2.0385e-02 | phase=9.1809e-03 | support=2.5641e+00
2026-08-08 02:30:06 | INFO    | TRAIN | epoch=015/100 | batch=00350/01563 ( 22.39%) | lr=1.000e-03 | elapsed=0:02:53 | eta=0:10:01
    losses | total=5.0735e+00 | fourier=5.0735e+00 | amplitude=1.7049e-02 | phase=1.1930e-02 | support=2.3235e+00
2026-08-08 02:30:31 | INFO    | TRAIN | epoch=015/100 | batch=00400/01563 ( 25.59%) | lr=1.000e-03 | elapsed=0:03:18 | eta=0:09:36
    losses | total=5.1064e+00 | fourier=5.1064e+00 | amplitude=1.8960e-02 | phase=1.0329e-02 | support=2.6220e+00
2026-08-08 02:30:55 | INFO    | TRAIN | epoch=015/100 | batch=00450/01563 ( 28.79%) | lr=1.000e-03 | elapsed=0:03:43 | eta=0:09:11
    losses | total=4.8556e+00 | fourier=4.8556e+00 | amplitude=1.5637e-02 | phase=9.0153e-03 | support=2.1422e+00
2026-08-08 02:31:20 | INFO    | TRAIN | epoch=015/100 | batch=00500/01563 ( 31.99%) | lr=1.000e-03 | elapsed=0:04:07 | eta=0:08:46
    losses | total=5.1028e+00 | fourier=5.1028e+00 | amplitude=1.8631e-02 | phase=9.3799e-03 | support=2.4135e+00
2026-08-08 02:31:45 | INFO    | TRAIN | epoch=015/100 | batch=00550/01563 ( 35.19%) | lr=1.000e-03 | elapsed=0:04:32 | eta=0:08:21
    losses | total=5.2323e+00 | fourier=5.2323e+00 | amplitude=1.9574e-02 | phase=1.1033e-02 | support=2.5941e+00
2026-08-08 02:32:10 | INFO    | TRAIN | epoch=015/100 | batch=00600/01563 ( 38.39%) | lr=1.000e-03 | elapsed=0:04:57 | eta=0:07:57
    losses | total=5.2735e+00 | fourier=5.2735e+00 | amplitude=1.8810e-02 | phase=8.4379e-03 | support=2.5741e+00
2026-08-08 02:32:34 | INFO    | TRAIN | epoch=015/100 | batch=00650/01563 ( 41.59%) | lr=1.000e-03 | elapsed=0:05:22 | eta=0:07:32
    losses | total=5.5855e+00 | fourier=5.5855e+00 | amplitude=2.1308e-02 | phase=7.7093e-03 | support=2.4721e+00
2026-08-08 02:32:59 | INFO    | TRAIN | epoch=015/100 | batch=00700/01563 ( 44.79%) | lr=1.000e-03 | elapsed=0:05:46 | eta=0:07:07
    losses | total=5.4904e+00 | fourier=5.4904e+00 | amplitude=2.0040e-02 | phase=1.1087e-02 | support=2.3661e+00
2026-08-08 02:33:24 | INFO    | TRAIN | epoch=015/100 | batch=00750/01563 ( 47.98%) | lr=1.000e-03 | elapsed=0:06:11 | eta=0:06:42
    losses | total=5.0552e+00 | fourier=5.0552e+00 | amplitude=1.5523e-02 | phase=8.9444e-03 | support=2.1028e+00
2026-08-08 02:33:49 | INFO    | TRAIN | epoch=015/100 | batch=00800/01563 ( 51.18%) | lr=1.000e-03 | elapsed=0:06:36 | eta=0:06:18
    losses | total=4.9006e+00 | fourier=4.9006e+00 | amplitude=1.6896e-02 | phase=9.0836e-03 | support=2.4664e+00
2026-08-08 02:34:13 | INFO    | TRAIN | epoch=015/100 | batch=00850/01563 ( 54.38%) | lr=1.000e-03 | elapsed=0:07:01 | eta=0:05:53
    losses | total=5.2904e+00 | fourier=5.2904e+00 | amplitude=1.8238e-02 | phase=7.8158e-03 | support=2.4911e+00
2026-08-08 02:34:38 | INFO    | TRAIN | epoch=015/100 | batch=00900/01563 ( 57.58%) | lr=1.000e-03 | elapsed=0:07:25 | eta=0:05:28
    losses | total=5.3806e+00 | fourier=5.3806e+00 | amplitude=1.9887e-02 | phase=8.5200e-03 | support=2.3758e+00
2026-08-08 02:35:03 | INFO    | TRAIN | epoch=015/100 | batch=00950/01563 ( 60.78%) | lr=1.000e-03 | elapsed=0:07:50 | eta=0:05:03
    losses | total=4.8892e+00 | fourier=4.8892e+00 | amplitude=1.5768e-02 | phase=8.9010e-03 | support=2.3968e+00
2026-08-08 02:35:28 | INFO    | TRAIN | epoch=015/100 | batch=01000/01563 ( 63.98%) | lr=1.000e-03 | elapsed=0:08:15 | eta=0:04:38
    losses | total=5.4080e+00 | fourier=5.4080e+00 | amplitude=1.8831e-02 | phase=8.9096e-03 | support=2.1385e+00
2026-08-08 02:35:53 | INFO    | TRAIN | epoch=015/100 | batch=01050/01563 ( 67.18%) | lr=1.000e-03 | elapsed=0:08:40 | eta=0:04:14
    losses | total=5.4252e+00 | fourier=5.4252e+00 | amplitude=2.0626e-02 | phase=8.9689e-03 | support=2.2856e+00
2026-08-08 02:36:17 | INFO    | TRAIN | epoch=015/100 | batch=01100/01563 ( 70.38%) | lr=1.000e-03 | elapsed=0:09:04 | eta=0:03:49
    losses | total=5.1131e+00 | fourier=5.1131e+00 | amplitude=1.8330e-02 | phase=8.1548e-03 | support=2.3578e+00
2026-08-08 02:36:42 | INFO    | TRAIN | epoch=015/100 | batch=01150/01563 ( 73.58%) | lr=1.000e-03 | elapsed=0:09:29 | eta=0:03:24
    losses | total=5.3076e+00 | fourier=5.3076e+00 | amplitude=1.8383e-02 | phase=1.2038e-02 | support=2.1497e+00
2026-08-08 02:37:07 | INFO    | TRAIN | epoch=015/100 | batch=01200/01563 ( 76.78%) | lr=1.000e-03 | elapsed=0:09:54 | eta=0:02:59
    losses | total=4.9486e+00 | fourier=4.9486e+00 | amplitude=1.7472e-02 | phase=9.6878e-03 | support=2.2143e+00
2026-08-08 02:37:32 | INFO    | TRAIN | epoch=015/100 | batch=01250/01563 ( 79.97%) | lr=1.000e-03 | elapsed=0:10:19 | eta=0:02:35
    losses | total=5.2223e+00 | fourier=5.2223e+00 | amplitude=1.7013e-02 | phase=9.9982e-03 | support=2.2421e+00
2026-08-08 02:37:56 | INFO    | TRAIN | epoch=015/100 | batch=01300/01563 ( 83.17%) | lr=1.000e-03 | elapsed=0:10:43 | eta=0:02:10
    losses | total=5.1778e+00 | fourier=5.1778e+00 | amplitude=1.7342e-02 | phase=1.0235e-02 | support=2.2939e+00
2026-08-08 02:38:21 | INFO    | TRAIN | epoch=015/100 | batch=01350/01563 ( 86.37%) | lr=1.000e-03 | elapsed=0:11:08 | eta=0:01:45
    losses | total=4.9854e+00 | fourier=4.9854e+00 | amplitude=1.7345e-02 | phase=1.1062e-02 | support=2.3354e+00
2026-08-08 02:38:46 | INFO    | TRAIN | epoch=015/100 | batch=01400/01563 ( 89.57%) | lr=1.000e-03 | elapsed=0:11:33 | eta=0:01:20
    losses | total=5.2217e+00 | fourier=5.2217e+00 | amplitude=2.0296e-02 | phase=1.1436e-02 | support=2.4391e+00
2026-08-08 02:39:11 | INFO    | TRAIN | epoch=015/100 | batch=01450/01563 ( 92.77%) | lr=1.000e-03 | elapsed=0:11:58 | eta=0:00:55
    losses | total=5.2475e+00 | fourier=5.2475e+00 | amplitude=1.7837e-02 | phase=8.1728e-03 | support=2.2899e+00
2026-08-08 02:39:35 | INFO    | TRAIN | epoch=015/100 | batch=01500/01563 ( 95.97%) | lr=1.000e-03 | elapsed=0:12:23 | eta=0:00:31
    losses | total=5.6096e+00 | fourier=5.6096e+00 | amplitude=2.1370e-02 | phase=1.0466e-02 | support=2.4849e+00
2026-08-08 02:40:00 | INFO    | TRAIN | epoch=015/100 | batch=01550/01563 ( 99.17%) | lr=1.000e-03 | elapsed=0:12:47 | eta=0:00:06
    losses | total=5.2053e+00 | fourier=5.2053e+00 | amplitude=1.7069e-02 | phase=1.0177e-02 | support=2.3111e+00
2026-08-08 02:40:06 | INFO    | TRAIN | epoch=015/100 | batch=01563/01563 (100.00%) | lr=1.000e-03 | elapsed=0:12:54 | eta=0:00:00
    losses | total=5.4223e+00 | fourier=5.4223e+00 | amplitude=1.9207e-02 | phase=8.9264e-03 | support=2.5016e+00
2026-08-08 02:40:07 | INFO    | TRAIN epoch 015 complete | batches=1563 | samples=25000 | time=0:12:54
2026-08-08 02:40:13 | INFO    | VAL | epoch=015/100 | batch=00050/00313 ( 15.97%) | elapsed=0:00:06 | eta=0:00:33
    losses | total=5.5177e+00 | fourier=5.5177e+00 | amplitude=1.8538e-02 | phase=1.1280e-02 | support=2.3332e+00
2026-08-08 02:40:19 | INFO    | VAL | epoch=015/100 | batch=00100/00313 ( 31.95%) | elapsed=0:00:12 | eta=0:00:27
    losses | total=5.2720e+00 | fourier=5.2720e+00 | amplitude=1.7296e-02 | phase=1.0402e-02 | support=2.3441e+00
2026-08-08 02:40:26 | INFO    | VAL | epoch=015/100 | batch=00150/00313 ( 47.92%) | elapsed=0:00:18 | eta=0:00:20
    losses | total=5.2738e+00 | fourier=5.2738e+00 | amplitude=1.8644e-02 | phase=1.0413e-02 | support=2.5584e+00
2026-08-08 02:40:32 | INFO    | VAL | epoch=015/100 | batch=00200/00313 ( 63.90%) | elapsed=0:00:25 | eta=0:00:14
    losses | total=5.1694e+00 | fourier=5.1694e+00 | amplitude=1.7850e-02 | phase=9.6982e-03 | support=2.3018e+00
2026-08-08 02:40:38 | INFO    | VAL | epoch=015/100 | batch=00250/00313 ( 79.87%) | elapsed=0:00:31 | eta=0:00:07
    losses | total=5.5529e+00 | fourier=5.5529e+00 | amplitude=1.9435e-02 | phase=1.1315e-02 | support=2.4927e+00
2026-08-08 02:40:44 | INFO    | VAL | epoch=015/100 | batch=00300/00313 ( 95.85%) | elapsed=0:00:37 | eta=0:00:01
    losses | total=5.3634e+00 | fourier=5.3634e+00 | amplitude=2.0511e-02 | phase=1.0732e-02 | support=2.6033e+00
2026-08-08 02:40:46 | INFO    | VAL | epoch=015/100 | batch=00313/00313 (100.00%) | elapsed=0:00:39 | eta=0:00:00
    losses | total=5.3776e+00 | fourier=5.3776e+00 | amplitude=1.9765e-02 | phase=1.1521e-02 | support=2.6044e+00
2026-08-08 02:40:46 | INFO    | VAL epoch 015 complete | batches=313 | samples=5000 | time=0:00:39
2026-08-08 02:40:46 | INFO    | 
------------------------------------------------------------------------------------------------
Epoch 015/100 summary
split             total      fourier    amplitude        phase      support        time
train        5.2675e+00   5.2675e+00   1.8609e-02   9.8229e-03   2.3499e+00     0:12:54
validation   5.3301e+00   5.3301e+00   1.8450e-02   1.0440e-02   2.4307e+00     0:00:39
lr=1.000e-03 | best_val=5.3085e+00 | best_updated=no | periodic_checkpoint=no
------------------------------------------------------------------------------------------------
2026-08-08 02:41:11 | INFO    | TRAIN | epoch=016/100 | batch=00050/01563 (  3.20%) | lr=1.000e-03 | elapsed=0:00:24 | eta=0:12:33
    losses | total=5.1803e+00 | fourier=5.1803e+00 | amplitude=1.8392e-02 | phase=1.1063e-02 | support=2.5143e+00
2026-08-08 02:41:36 | INFO    | TRAIN | epoch=016/100 | batch=00100/01563 (  6.40%) | lr=1.000e-03 | elapsed=0:00:49 | eta=0:12:06
    losses | total=5.1962e+00 | fourier=5.1962e+00 | amplitude=1.7762e-02 | phase=9.1764e-03 | support=2.0833e+00
2026-08-08 02:42:01 | INFO    | TRAIN | epoch=016/100 | batch=00150/01563 (  9.60%) | lr=1.000e-03 | elapsed=0:01:14 | eta=0:11:41
    losses | total=5.1537e+00 | fourier=5.1537e+00 | amplitude=1.8396e-02 | phase=1.1455e-02 | support=2.3982e+00
2026-08-08 02:42:26 | INFO    | TRAIN | epoch=016/100 | batch=00200/01563 ( 12.80%) | lr=1.000e-03 | elapsed=0:01:39 | eta=0:11:15
    losses | total=5.3434e+00 | fourier=5.3434e+00 | amplitude=1.6924e-02 | phase=8.4417e-03 | support=2.3124e+00
2026-08-08 02:42:50 | INFO    | TRAIN | epoch=016/100 | batch=00250/01563 ( 15.99%) | lr=1.000e-03 | elapsed=0:02:03 | eta=0:10:50
    losses | total=5.2489e+00 | fourier=5.2489e+00 | amplitude=1.8156e-02 | phase=1.0240e-02 | support=2.4546e+00
2026-08-08 02:43:15 | INFO    | TRAIN | epoch=016/100 | batch=00300/01563 ( 19.19%) | lr=1.000e-03 | elapsed=0:02:28 | eta=0:10:26
    losses | total=5.1764e+00 | fourier=5.1764e+00 | amplitude=1.7446e-02 | phase=9.4658e-03 | support=2.2350e+00
2026-08-08 02:43:40 | INFO    | TRAIN | epoch=016/100 | batch=00350/01563 ( 22.39%) | lr=1.000e-03 | elapsed=0:02:53 | eta=0:10:01
    losses | total=4.9666e+00 | fourier=4.9666e+00 | amplitude=1.7036e-02 | phase=8.6160e-03 | support=2.5129e+00
2026-08-08 02:44:05 | INFO    | TRAIN | epoch=016/100 | batch=00400/01563 ( 25.59%) | lr=1.000e-03 | elapsed=0:03:18 | eta=0:09:36
    losses | total=5.0784e+00 | fourier=5.0784e+00 | amplitude=1.9248e-02 | phase=1.0710e-02 | support=2.5962e+00
2026-08-08 02:44:29 | INFO    | TRAIN | epoch=016/100 | batch=00450/01563 ( 28.79%) | lr=1.000e-03 | elapsed=0:03:43 | eta=0:09:11
    losses | total=5.1630e+00 | fourier=5.1630e+00 | amplitude=1.7071e-02 | phase=1.0219e-02 | support=2.3086e+00
2026-08-08 02:44:54 | INFO    | TRAIN | epoch=016/100 | batch=00500/01563 ( 31.99%) | lr=1.000e-03 | elapsed=0:04:07 | eta=0:08:46
    losses | total=4.9698e+00 | fourier=4.9698e+00 | amplitude=1.5612e-02 | phase=9.7070e-03 | support=2.4983e+00
2026-08-08 02:45:19 | INFO    | TRAIN | epoch=016/100 | batch=00550/01563 ( 35.19%) | lr=1.000e-03 | elapsed=0:04:32 | eta=0:08:21
    losses | total=5.3952e+00 | fourier=5.3952e+00 | amplitude=2.0538e-02 | phase=8.7076e-03 | support=2.6176e+00
2026-08-08 02:45:44 | INFO    | TRAIN | epoch=016/100 | batch=00600/01563 ( 38.39%) | lr=1.000e-03 | elapsed=0:04:57 | eta=0:07:57
    losses | total=5.2465e+00 | fourier=5.2465e+00 | amplitude=1.9153e-02 | phase=1.0051e-02 | support=2.5260e+00
2026-08-08 02:46:08 | INFO    | TRAIN | epoch=016/100 | batch=00650/01563 ( 41.59%) | lr=1.000e-03 | elapsed=0:05:22 | eta=0:07:32
    losses | total=5.2646e+00 | fourier=5.2646e+00 | amplitude=2.0311e-02 | phase=9.1268e-03 | support=2.4730e+00
2026-08-08 02:46:33 | INFO    | TRAIN | epoch=016/100 | batch=00700/01563 ( 44.79%) | lr=1.000e-03 | elapsed=0:05:46 | eta=0:07:07
    losses | total=5.5052e+00 | fourier=5.5052e+00 | amplitude=2.1185e-02 | phase=7.7696e-03 | support=2.5234e+00
2026-08-08 02:46:58 | INFO    | TRAIN | epoch=016/100 | batch=00750/01563 ( 47.98%) | lr=1.000e-03 | elapsed=0:06:11 | eta=0:06:42
    losses | total=4.8585e+00 | fourier=4.8585e+00 | amplitude=1.4831e-02 | phase=9.0523e-03 | support=2.1730e+00
2026-08-08 02:47:23 | INFO    | TRAIN | epoch=016/100 | batch=00800/01563 ( 51.18%) | lr=1.000e-03 | elapsed=0:06:36 | eta=0:06:18
    losses | total=4.9310e+00 | fourier=4.9310e+00 | amplitude=1.7212e-02 | phase=1.0929e-02 | support=2.2400e+00
2026-08-08 02:47:48 | INFO    | TRAIN | epoch=016/100 | batch=00850/01563 ( 54.38%) | lr=1.000e-03 | elapsed=0:07:01 | eta=0:05:53
    losses | total=5.0527e+00 | fourier=5.0527e+00 | amplitude=1.7076e-02 | phase=9.9103e-03 | support=2.1526e+00
2026-08-08 02:48:12 | INFO    | TRAIN | epoch=016/100 | batch=00900/01563 ( 57.58%) | lr=1.000e-03 | elapsed=0:07:25 | eta=0:05:28
    losses | total=5.4905e+00 | fourier=5.4905e+00 | amplitude=1.8328e-02 | phase=9.9507e-03 | support=2.2157e+00
2026-08-08 02:48:37 | INFO    | TRAIN | epoch=016/100 | batch=00950/01563 ( 60.78%) | lr=1.000e-03 | elapsed=0:07:50 | eta=0:05:03
    losses | total=5.2198e+00 | fourier=5.2198e+00 | amplitude=1.8763e-02 | phase=1.1270e-02 | support=2.4415e+00
2026-08-08 02:49:02 | INFO    | TRAIN | epoch=016/100 | batch=01000/01563 ( 63.98%) | lr=1.000e-03 | elapsed=0:08:15 | eta=0:04:38
    losses | total=5.4329e+00 | fourier=5.4329e+00 | amplitude=2.0586e-02 | phase=9.3951e-03 | support=2.4218e+00
2026-08-08 02:49:27 | INFO    | TRAIN | epoch=016/100 | batch=01050/01563 ( 67.18%) | lr=1.000e-03 | elapsed=0:08:40 | eta=0:04:14
    losses | total=5.4617e+00 | fourier=5.4617e+00 | amplitude=1.9864e-02 | phase=1.1158e-02 | support=2.4229e+00
2026-08-08 02:49:51 | INFO    | TRAIN | epoch=016/100 | batch=01100/01563 ( 70.38%) | lr=1.000e-03 | elapsed=0:09:04 | eta=0:03:49
    losses | total=5.4407e+00 | fourier=5.4407e+00 | amplitude=1.9756e-02 | phase=7.9081e-03 | support=2.6016e+00
2026-08-08 02:50:16 | INFO    | TRAIN | epoch=016/100 | batch=01150/01563 ( 73.58%) | lr=1.000e-03 | elapsed=0:09:29 | eta=0:03:24
    losses | total=5.0615e+00 | fourier=5.0615e+00 | amplitude=1.9040e-02 | phase=1.0645e-02 | support=2.3552e+00
2026-08-08 02:50:41 | INFO    | TRAIN | epoch=016/100 | batch=01200/01563 ( 76.78%) | lr=1.000e-03 | elapsed=0:09:54 | eta=0:02:59
    losses | total=5.2572e+00 | fourier=5.2572e+00 | amplitude=1.7736e-02 | phase=1.0146e-02 | support=2.2503e+00
2026-08-08 02:51:06 | INFO    | TRAIN | epoch=016/100 | batch=01250/01563 ( 79.97%) | lr=1.000e-03 | elapsed=0:10:19 | eta=0:02:35
    losses | total=5.2498e+00 | fourier=5.2498e+00 | amplitude=1.9365e-02 | phase=1.0254e-02 | support=2.5010e+00
2026-08-08 02:51:30 | INFO    | TRAIN | epoch=016/100 | batch=01300/01563 ( 83.17%) | lr=1.000e-03 | elapsed=0:10:43 | eta=0:02:10
    losses | total=5.3488e+00 | fourier=5.3488e+00 | amplitude=2.0976e-02 | phase=1.3558e-02 | support=2.3782e+00
2026-08-08 02:51:55 | INFO    | TRAIN | epoch=016/100 | batch=01350/01563 ( 86.37%) | lr=1.000e-03 | elapsed=0:11:08 | eta=0:01:45
    losses | total=5.1080e+00 | fourier=5.1080e+00 | amplitude=1.8797e-02 | phase=8.3966e-03 | support=2.3643e+00
2026-08-08 02:52:20 | INFO    | TRAIN | epoch=016/100 | batch=01400/01563 ( 89.57%) | lr=1.000e-03 | elapsed=0:11:33 | eta=0:01:20
    losses | total=5.2606e+00 | fourier=5.2606e+00 | amplitude=2.0353e-02 | phase=9.0284e-03 | support=2.3190e+00
2026-08-08 02:52:45 | INFO    | TRAIN | epoch=016/100 | batch=01450/01563 ( 92.77%) | lr=1.000e-03 | elapsed=0:11:58 | eta=0:00:55
    losses | total=4.9093e+00 | fourier=4.9093e+00 | amplitude=1.7462e-02 | phase=7.8993e-03 | support=2.5839e+00
2026-08-08 02:53:09 | INFO    | TRAIN | epoch=016/100 | batch=01500/01563 ( 95.97%) | lr=1.000e-03 | elapsed=0:12:23 | eta=0:00:31
    losses | total=5.3613e+00 | fourier=5.3613e+00 | amplitude=1.9050e-02 | phase=1.0269e-02 | support=2.1986e+00
2026-08-08 02:53:34 | INFO    | TRAIN | epoch=016/100 | batch=01550/01563 ( 99.17%) | lr=1.000e-03 | elapsed=0:12:47 | eta=0:00:06
    losses | total=5.1993e+00 | fourier=5.1993e+00 | amplitude=1.9704e-02 | phase=9.3247e-03 | support=2.5432e+00
2026-08-08 02:53:40 | INFO    | TRAIN | epoch=016/100 | batch=01563/01563 (100.00%) | lr=1.000e-03 | elapsed=0:12:53 | eta=0:00:00
    losses | total=5.7270e+00 | fourier=5.7270e+00 | amplitude=2.3960e-02 | phase=9.0559e-03 | support=2.8494e+00
2026-08-08 02:53:41 | INFO    | TRAIN epoch 016 complete | batches=1563 | samples=25000 | time=0:12:54
2026-08-08 02:53:47 | INFO    | VAL | epoch=016/100 | batch=00050/00313 ( 15.97%) | elapsed=0:00:06 | eta=0:00:33
    losses | total=5.4714e+00 | fourier=5.4714e+00 | amplitude=1.8767e-02 | phase=1.2082e-02 | support=2.3530e+00
2026-08-08 02:53:53 | INFO    | VAL | epoch=016/100 | batch=00100/00313 ( 31.95%) | elapsed=0:00:12 | eta=0:00:27
    losses | total=5.2237e+00 | fourier=5.2237e+00 | amplitude=1.7427e-02 | phase=1.0606e-02 | support=2.3744e+00
2026-08-08 02:54:00 | INFO    | VAL | epoch=016/100 | batch=00150/00313 ( 47.92%) | elapsed=0:00:18 | eta=0:00:20
    losses | total=5.2224e+00 | fourier=5.2224e+00 | amplitude=1.8954e-02 | phase=9.2956e-03 | support=2.6464e+00
2026-08-08 02:54:06 | INFO    | VAL | epoch=016/100 | batch=00200/00313 ( 63.90%) | elapsed=0:00:25 | eta=0:00:14
    losses | total=5.1287e+00 | fourier=5.1287e+00 | amplitude=1.8219e-02 | phase=9.2222e-03 | support=2.3977e+00
2026-08-08 02:54:12 | INFO    | VAL | epoch=016/100 | batch=00250/00313 ( 79.87%) | elapsed=0:00:31 | eta=0:00:07
    losses | total=5.4869e+00 | fourier=5.4869e+00 | amplitude=1.9667e-02 | phase=1.2421e-02 | support=2.5428e+00
2026-08-08 02:54:19 | INFO    | VAL | epoch=016/100 | batch=00300/00313 ( 95.85%) | elapsed=0:00:37 | eta=0:00:01
    losses | total=5.3049e+00 | fourier=5.3049e+00 | amplitude=2.0666e-02 | phase=1.0459e-02 | support=2.6692e+00
2026-08-08 02:54:20 | INFO    | VAL | epoch=016/100 | batch=00313/00313 (100.00%) | elapsed=0:00:39 | eta=0:00:00
    losses | total=5.3357e+00 | fourier=5.3357e+00 | amplitude=2.0343e-02 | phase=1.1194e-02 | support=2.5981e+00
2026-08-08 02:54:20 | INFO    | VAL epoch 016 complete | batches=313 | samples=5000 | time=0:00:39
2026-08-08 02:54:21 | INFO    | 
------------------------------------------------------------------------------------------------
Epoch 016/100 summary
split             total      fourier    amplitude        phase      support        time
train        5.2467e+00   5.2467e+00   1.8686e-02   9.8608e-03   2.4123e+00     0:12:54
validation   5.2775e+00   5.2775e+00   1.8771e-02   1.0242e-02   2.5224e+00     0:00:39
lr=1.000e-03 | best_val=5.2775e+00 | best_updated=yes | periodic_checkpoint=no
------------------------------------------------------------------------------------------------
2026-08-08 02:54:46 | INFO    | TRAIN | epoch=017/100 | batch=00050/01563 (  3.20%) | lr=1.000e-03 | elapsed=0:00:24 | eta=0:12:33
    losses | total=5.4022e+00 | fourier=5.4022e+00 | amplitude=1.9131e-02 | phase=9.3778e-03 | support=2.4205e+00
2026-08-08 02:55:10 | INFO    | TRAIN | epoch=017/100 | batch=00100/01563 (  6.40%) | lr=1.000e-03 | elapsed=0:00:49 | eta=0:12:06
    losses | total=5.1387e+00 | fourier=5.1387e+00 | amplitude=1.8931e-02 | phase=1.0644e-02 | support=2.3626e+00
2026-08-08 02:55:35 | INFO    | TRAIN | epoch=017/100 | batch=00150/01563 (  9.60%) | lr=1.000e-03 | elapsed=0:01:14 | eta=0:11:41
    losses | total=5.4349e+00 | fourier=5.4349e+00 | amplitude=2.0016e-02 | phase=9.6395e-03 | support=2.4362e+00
2026-08-08 02:56:00 | INFO    | TRAIN | epoch=017/100 | batch=00200/01563 ( 12.80%) | lr=1.000e-03 | elapsed=0:01:39 | eta=0:11:16
    losses | total=5.3145e+00 | fourier=5.3145e+00 | amplitude=1.9252e-02 | phase=1.0133e-02 | support=2.5799e+00
2026-08-08 02:56:25 | INFO    | TRAIN | epoch=017/100 | batch=00250/01563 ( 15.99%) | lr=1.000e-03 | elapsed=0:02:03 | eta=0:10:51
    losses | total=5.2723e+00 | fourier=5.2723e+00 | amplitude=1.7643e-02 | phase=8.3524e-03 | support=2.5398e+00
2026-08-08 02:56:49 | INFO    | TRAIN | epoch=017/100 | batch=00300/01563 ( 19.19%) | lr=1.000e-03 | elapsed=0:02:28 | eta=0:10:26
    losses | total=5.2307e+00 | fourier=5.2307e+00 | amplitude=1.8371e-02 | phase=8.1298e-03 | support=2.6099e+00
2026-08-08 02:57:14 | INFO    | TRAIN | epoch=017/100 | batch=00350/01563 ( 22.39%) | lr=1.000e-03 | elapsed=0:02:53 | eta=0:10:01
    losses | total=5.4115e+00 | fourier=5.4115e+00 | amplitude=2.1734e-02 | phase=1.1699e-02 | support=2.5135e+00
2026-08-08 02:57:39 | INFO    | TRAIN | epoch=017/100 | batch=00400/01563 ( 25.59%) | lr=1.000e-03 | elapsed=0:03:18 | eta=0:09:36
    losses | total=5.0166e+00 | fourier=5.0166e+00 | amplitude=1.6856e-02 | phase=9.4616e-03 | support=2.5460e+00
2026-08-08 02:58:04 | INFO    | TRAIN | epoch=017/100 | batch=00450/01563 ( 28.79%) | lr=1.000e-03 | elapsed=0:03:43 | eta=0:09:11
    losses | total=5.3633e+00 | fourier=5.3633e+00 | amplitude=2.0401e-02 | phase=9.9339e-03 | support=2.5912e+00
2026-08-08 02:58:29 | INFO    | TRAIN | epoch=017/100 | batch=00500/01563 ( 31.99%) | lr=1.000e-03 | elapsed=0:04:07 | eta=0:08:46
    losses | total=5.2589e+00 | fourier=5.2589e+00 | amplitude=1.8323e-02 | phase=1.0535e-02 | support=2.5045e+00
2026-08-08 02:58:53 | INFO    | TRAIN | epoch=017/100 | batch=00550/01563 ( 35.19%) | lr=1.000e-03 | elapsed=0:04:32 | eta=0:08:21
    losses | total=5.1667e+00 | fourier=5.1667e+00 | amplitude=1.8872e-02 | phase=9.0662e-03 | support=2.3682e+00
2026-08-08 02:59:18 | INFO    | TRAIN | epoch=017/100 | batch=00600/01563 ( 38.39%) | lr=1.000e-03 | elapsed=0:04:57 | eta=0:07:57
    losses | total=4.9997e+00 | fourier=4.9997e+00 | amplitude=1.6037e-02 | phase=8.8681e-03 | support=2.1910e+00
2026-08-08 02:59:43 | INFO    | TRAIN | epoch=017/100 | batch=00650/01563 ( 41.59%) | lr=1.000e-03 | elapsed=0:05:22 | eta=0:07:32
    losses | total=4.9726e+00 | fourier=4.9726e+00 | amplitude=1.6402e-02 | phase=1.0164e-02 | support=2.2808e+00
2026-08-08 03:00:08 | INFO    | TRAIN | epoch=017/100 | batch=00700/01563 ( 44.79%) | lr=1.000e-03 | elapsed=0:05:46 | eta=0:07:07
    losses | total=5.2063e+00 | fourier=5.2063e+00 | amplitude=1.9910e-02 | phase=1.0242e-02 | support=2.5225e+00
2026-08-08 03:00:32 | INFO    | TRAIN | epoch=017/100 | batch=00750/01563 ( 47.98%) | lr=1.000e-03 | elapsed=0:06:11 | eta=0:06:42
    losses | total=5.3261e+00 | fourier=5.3261e+00 | amplitude=1.8663e-02 | phase=1.0060e-02 | support=2.4516e+00
2026-08-08 03:00:57 | INFO    | TRAIN | epoch=017/100 | batch=00800/01563 ( 51.18%) | lr=1.000e-03 | elapsed=0:06:36 | eta=0:06:18
    losses | total=4.9996e+00 | fourier=4.9996e+00 | amplitude=1.8382e-02 | phase=1.0465e-02 | support=2.7308e+00
2026-08-08 03:01:22 | INFO    | TRAIN | epoch=017/100 | batch=00850/01563 ( 54.38%) | lr=1.000e-03 | elapsed=0:07:01 | eta=0:05:53
    losses | total=5.1961e+00 | fourier=5.1961e+00 | amplitude=1.8735e-02 | phase=1.2146e-02 | support=2.4762e+00
2026-08-08 03:01:47 | INFO    | TRAIN | epoch=017/100 | batch=00900/01563 ( 57.58%) | lr=1.000e-03 | elapsed=0:07:25 | eta=0:05:28
    losses | total=5.3754e+00 | fourier=5.3754e+00 | amplitude=2.0804e-02 | phase=1.0563e-02 | support=2.5375e+00
2026-08-08 03:02:11 | INFO    | TRAIN | epoch=017/100 | batch=00950/01563 ( 60.78%) | lr=1.000e-03 | elapsed=0:07:50 | eta=0:05:03
    losses | total=5.2102e+00 | fourier=5.2102e+00 | amplitude=1.7439e-02 | phase=8.9151e-03 | support=2.2848e+00
2026-08-08 03:02:36 | INFO    | TRAIN | epoch=017/100 | batch=01000/01563 ( 63.98%) | lr=1.000e-03 | elapsed=0:08:15 | eta=0:04:38
    losses | total=5.1139e+00 | fourier=5.1139e+00 | amplitude=1.7792e-02 | phase=9.5582e-03 | support=2.4196e+00
2026-08-08 03:03:01 | INFO    | TRAIN | epoch=017/100 | batch=01050/01563 ( 67.18%) | lr=1.000e-03 | elapsed=0:08:40 | eta=0:04:14
    losses | total=4.8093e+00 | fourier=4.8093e+00 | amplitude=1.5577e-02 | phase=1.0493e-02 | support=2.2370e+00
2026-08-08 03:03:26 | INFO    | TRAIN | epoch=017/100 | batch=01100/01563 ( 70.38%) | lr=1.000e-03 | elapsed=0:09:04 | eta=0:03:49
    losses | total=5.0595e+00 | fourier=5.0595e+00 | amplitude=1.6193e-02 | phase=1.0276e-02 | support=2.3712e+00
2026-08-08 03:03:50 | INFO    | TRAIN | epoch=017/100 | batch=01150/01563 ( 73.58%) | lr=1.000e-03 | elapsed=0:09:29 | eta=0:03:24
    losses | total=5.4141e+00 | fourier=5.4141e+00 | amplitude=1.9661e-02 | phase=1.0379e-02 | support=2.5965e+00
2026-08-08 03:04:15 | INFO    | TRAIN | epoch=017/100 | batch=01200/01563 ( 76.78%) | lr=1.000e-03 | elapsed=0:09:54 | eta=0:02:59
    losses | total=5.2391e+00 | fourier=5.2391e+00 | amplitude=1.7248e-02 | phase=7.5651e-03 | support=2.5157e+00
2026-08-08 03:04:40 | INFO    | TRAIN | epoch=017/100 | batch=01250/01563 ( 79.97%) | lr=1.000e-03 | elapsed=0:10:19 | eta=0:02:35
    losses | total=5.0170e+00 | fourier=5.0170e+00 | amplitude=1.7084e-02 | phase=9.7644e-03 | support=2.1914e+00
2026-08-08 03:05:05 | INFO    | TRAIN | epoch=017/100 | batch=01300/01563 ( 83.17%) | lr=1.000e-03 | elapsed=0:10:43 | eta=0:02:10
    losses | total=5.1695e+00 | fourier=5.1695e+00 | amplitude=1.7790e-02 | phase=1.0538e-02 | support=2.3304e+00
2026-08-08 03:05:29 | INFO    | TRAIN | epoch=017/100 | batch=01350/01563 ( 86.37%) | lr=1.000e-03 | elapsed=0:11:08 | eta=0:01:45
    losses | total=5.4569e+00 | fourier=5.4569e+00 | amplitude=2.1837e-02 | phase=8.1607e-03 | support=2.7209e+00
2026-08-08 03:05:54 | INFO    | TRAIN | epoch=017/100 | batch=01400/01563 ( 89.57%) | lr=1.000e-03 | elapsed=0:11:33 | eta=0:01:20
    losses | total=5.4758e+00 | fourier=5.4758e+00 | amplitude=2.2101e-02 | phase=9.0589e-03 | support=2.6146e+00
2026-08-08 03:06:19 | INFO    | TRAIN | epoch=017/100 | batch=01450/01563 ( 92.77%) | lr=1.000e-03 | elapsed=0:11:58 | eta=0:00:55
    losses | total=4.6474e+00 | fourier=4.6474e+00 | amplitude=1.4510e-02 | phase=9.4018e-03 | support=2.3398e+00
2026-08-08 03:06:44 | INFO    | TRAIN | epoch=017/100 | batch=01500/01563 ( 95.97%) | lr=1.000e-03 | elapsed=0:12:23 | eta=0:00:31
    losses | total=5.4224e+00 | fourier=5.4224e+00 | amplitude=2.0403e-02 | phase=1.0594e-02 | support=2.5695e+00
2026-08-08 03:07:09 | INFO    | TRAIN | epoch=017/100 | batch=01550/01563 ( 99.17%) | lr=1.000e-03 | elapsed=0:12:47 | eta=0:00:06
    losses | total=5.1022e+00 | fourier=5.1022e+00 | amplitude=1.7233e-02 | phase=8.5160e-03 | support=2.5660e+00
2026-08-08 03:07:15 | INFO    | TRAIN | epoch=017/100 | batch=01563/01563 (100.00%) | lr=1.000e-03 | elapsed=0:12:53 | eta=0:00:00
    losses | total=6.0758e+00 | fourier=6.0758e+00 | amplitude=2.6943e-02 | phase=9.2167e-03 | support=2.4333e+00
2026-08-08 03:07:15 | INFO    | TRAIN epoch 017 complete | batches=1563 | samples=25000 | time=0:12:54
2026-08-08 03:07:21 | INFO    | VAL | epoch=017/100 | batch=00050/00313 ( 15.97%) | elapsed=0:00:06 | eta=0:00:33
    losses | total=5.5061e+00 | fourier=5.5061e+00 | amplitude=1.9068e-02 | phase=1.1618e-02 | support=2.3712e+00
2026-08-08 03:07:28 | INFO    | VAL | epoch=017/100 | batch=00100/00313 ( 31.95%) | elapsed=0:00:12 | eta=0:00:27
    losses | total=5.2324e+00 | fourier=5.2324e+00 | amplitude=1.7619e-02 | phase=9.9022e-03 | support=2.3274e+00
2026-08-08 03:07:34 | INFO    | VAL | epoch=017/100 | batch=00150/00313 ( 47.92%) | elapsed=0:00:18 | eta=0:00:20
    losses | total=5.2229e+00 | fourier=5.2229e+00 | amplitude=1.9004e-02 | phase=9.9430e-03 | support=2.5433e+00
2026-08-08 03:07:40 | INFO    | VAL | epoch=017/100 | batch=00200/00313 ( 63.90%) | elapsed=0:00:25 | eta=0:00:14
    losses | total=5.1115e+00 | fourier=5.1115e+00 | amplitude=1.7949e-02 | phase=9.3346e-03 | support=2.2746e+00
2026-08-08 03:07:47 | INFO    | VAL | epoch=017/100 | batch=00250/00313 ( 79.87%) | elapsed=0:00:31 | eta=0:00:07
    losses | total=5.4728e+00 | fourier=5.4728e+00 | amplitude=1.9553e-02 | phase=1.1496e-02 | support=2.3735e+00
2026-08-08 03:07:53 | INFO    | VAL | epoch=017/100 | batch=00300/00313 ( 95.85%) | elapsed=0:00:37 | eta=0:00:01
    losses | total=5.2858e+00 | fourier=5.2858e+00 | amplitude=2.0832e-02 | phase=1.0615e-02 | support=2.5733e+00
2026-08-08 03:07:54 | INFO    | VAL | epoch=017/100 | batch=00313/00313 (100.00%) | elapsed=0:00:39 | eta=0:00:00
    losses | total=5.2769e+00 | fourier=5.2769e+00 | amplitude=2.0018e-02 | phase=1.1465e-02 | support=2.4915e+00
2026-08-08 03:07:54 | INFO    | VAL epoch 017 complete | batches=313 | samples=5000 | time=0:00:39
2026-08-08 03:07:55 | INFO    | 
------------------------------------------------------------------------------------------------
Epoch 017/100 summary
split             total      fourier    amplitude        phase      support        time
train        5.2242e+00   5.2242e+00   1.8736e-02   9.9005e-03   2.4593e+00     0:12:54
validation   5.2730e+00   5.2730e+00   1.8792e-02   1.0148e-02   2.4233e+00     0:00:39
lr=1.000e-03 | best_val=5.2730e+00 | best_updated=yes | periodic_checkpoint=no
------------------------------------------------------------------------------------------------
2026-08-08 03:08:20 | INFO    | TRAIN | epoch=018/100 | batch=00050/01563 (  3.20%) | lr=1.000e-03 | elapsed=0:00:24 | eta=0:12:33
    losses | total=4.9816e+00 | fourier=4.9816e+00 | amplitude=1.7269e-02 | phase=1.0144e-02 | support=2.2782e+00
2026-08-08 03:08:45 | INFO    | TRAIN | epoch=018/100 | batch=00100/01563 (  6.40%) | lr=1.000e-03 | elapsed=0:00:49 | eta=0:12:06
    losses | total=5.2271e+00 | fourier=5.2271e+00 | amplitude=1.8783e-02 | phase=9.8940e-03 | support=2.5662e+00
2026-08-08 03:09:09 | INFO    | TRAIN | epoch=018/100 | batch=00150/01563 (  9.60%) | lr=1.000e-03 | elapsed=0:01:14 | eta=0:11:41
    losses | total=4.9547e+00 | fourier=4.9547e+00 | amplitude=1.7812e-02 | phase=1.1959e-02 | support=2.2136e+00
2026-08-08 03:09:34 | INFO    | TRAIN | epoch=018/100 | batch=00200/01563 ( 12.80%) | lr=1.000e-03 | elapsed=0:01:39 | eta=0:11:15
    losses | total=4.9221e+00 | fourier=4.9221e+00 | amplitude=1.7207e-02 | phase=1.2974e-02 | support=2.3473e+00
2026-08-08 03:09:59 | INFO    | TRAIN | epoch=018/100 | batch=00250/01563 ( 15.99%) | lr=1.000e-03 | elapsed=0:02:03 | eta=0:10:50
    losses | total=5.3395e+00 | fourier=5.3395e+00 | amplitude=2.1145e-02 | phase=9.6023e-03 | support=2.6101e+00
2026-08-08 03:10:24 | INFO    | TRAIN | epoch=018/100 | batch=00300/01563 ( 19.19%) | lr=1.000e-03 | elapsed=0:02:28 | eta=0:10:26
    losses | total=5.2448e+00 | fourier=5.2448e+00 | amplitude=1.8806e-02 | phase=9.4585e-03 | support=2.2938e+00
2026-08-08 03:10:48 | INFO    | TRAIN | epoch=018/100 | batch=00350/01563 ( 22.39%) | lr=1.000e-03 | elapsed=0:02:53 | eta=0:10:01
    losses | total=5.6494e+00 | fourier=5.6494e+00 | amplitude=2.2692e-02 | phase=1.1097e-02 | support=2.4013e+00
2026-08-08 03:11:13 | INFO    | TRAIN | epoch=018/100 | batch=00400/01563 ( 25.59%) | lr=1.000e-03 | elapsed=0:03:18 | eta=0:09:36
    losses | total=5.1004e+00 | fourier=5.1004e+00 | amplitude=1.9884e-02 | phase=9.3848e-03 | support=2.8164e+00
2026-08-08 03:11:38 | INFO    | TRAIN | epoch=018/100 | batch=00450/01563 ( 28.79%) | lr=1.000e-03 | elapsed=0:03:43 | eta=0:09:11
    losses | total=5.3527e+00 | fourier=5.3527e+00 | amplitude=1.9157e-02 | phase=8.2680e-03 | support=2.5175e+00
2026-08-08 03:12:03 | INFO    | TRAIN | epoch=018/100 | batch=00500/01563 ( 31.99%) | lr=1.000e-03 | elapsed=0:04:07 | eta=0:08:46
    losses | total=5.2544e+00 | fourier=5.2544e+00 | amplitude=1.7943e-02 | phase=1.0258e-02 | support=2.5385e+00
2026-08-08 03:12:28 | INFO    | TRAIN | epoch=018/100 | batch=00550/01563 ( 35.19%) | lr=1.000e-03 | elapsed=0:04:32 | eta=0:08:21
    losses | total=5.4814e+00 | fourier=5.4814e+00 | amplitude=2.3035e-02 | phase=1.0353e-02 | support=2.8327e+00
2026-08-08 03:12:52 | INFO    | TRAIN | epoch=018/100 | batch=00600/01563 ( 38.39%) | lr=1.000e-03 | elapsed=0:04:57 | eta=0:07:57
    losses | total=5.1972e+00 | fourier=5.1972e+00 | amplitude=1.9896e-02 | phase=9.4619e-03 | support=2.3924e+00
2026-08-08 03:13:17 | INFO    | TRAIN | epoch=018/100 | batch=00650/01563 ( 41.59%) | lr=1.000e-03 | elapsed=0:05:22 | eta=0:07:32
    losses | total=5.3854e+00 | fourier=5.3854e+00 | amplitude=1.9597e-02 | phase=1.1531e-02 | support=2.4515e+00
2026-08-08 03:13:42 | INFO    | TRAIN | epoch=018/100 | batch=00700/01563 ( 44.79%) | lr=1.000e-03 | elapsed=0:05:46 | eta=0:07:07
    losses | total=5.2747e+00 | fourier=5.2747e+00 | amplitude=1.9800e-02 | phase=9.9734e-03 | support=2.5147e+00
2026-08-08 03:14:07 | INFO    | TRAIN | epoch=018/100 | batch=00750/01563 ( 47.98%) | lr=1.000e-03 | elapsed=0:06:11 | eta=0:06:42
    losses | total=5.4614e+00 | fourier=5.4614e+00 | amplitude=2.0781e-02 | phase=9.2275e-03 | support=2.5555e+00
2026-08-08 03:14:31 | INFO    | TRAIN | epoch=018/100 | batch=00800/01563 ( 51.18%) | lr=1.000e-03 | elapsed=0:06:36 | eta=0:06:18
    losses | total=5.4744e+00 | fourier=5.4744e+00 | amplitude=2.0349e-02 | phase=9.4970e-03 | support=2.6887e+00
2026-08-08 03:14:56 | INFO    | TRAIN | epoch=018/100 | batch=00850/01563 ( 54.38%) | lr=1.000e-03 | elapsed=0:07:01 | eta=0:05:53
    losses | total=5.6165e+00 | fourier=5.6165e+00 | amplitude=2.1478e-02 | phase=1.1201e-02 | support=2.5012e+00
2026-08-08 03:15:21 | INFO    | TRAIN | epoch=018/100 | batch=00900/01563 ( 57.58%) | lr=1.000e-03 | elapsed=0:07:25 | eta=0:05:28
    losses | total=5.3401e+00 | fourier=5.3401e+00 | amplitude=2.0780e-02 | phase=1.0217e-02 | support=2.9136e+00
2026-08-08 03:15:46 | INFO    | TRAIN | epoch=018/100 | batch=00950/01563 ( 60.78%) | lr=1.000e-03 | elapsed=0:07:50 | eta=0:05:03
    losses | total=5.1836e+00 | fourier=5.1836e+00 | amplitude=2.0339e-02 | phase=7.8782e-03 | support=2.3684e+00
2026-08-08 03:16:10 | INFO    | TRAIN | epoch=018/100 | batch=01000/01563 ( 63.98%) | lr=1.000e-03 | elapsed=0:08:15 | eta=0:04:38
    losses | total=5.2062e+00 | fourier=5.2062e+00 | amplitude=1.9114e-02 | phase=9.6459e-03 | support=2.6089e+00
2026-08-08 03:16:35 | INFO    | TRAIN | epoch=018/100 | batch=01050/01563 ( 67.18%) | lr=1.000e-03 | elapsed=0:08:40 | eta=0:04:14
    losses | total=4.9493e+00 | fourier=4.9493e+00 | amplitude=1.6481e-02 | phase=1.0378e-02 | support=2.1723e+00
2026-08-08 03:17:00 | INFO    | TRAIN | epoch=018/100 | batch=01100/01563 ( 70.38%) | lr=1.000e-03 | elapsed=0:09:04 | eta=0:03:49
    losses | total=5.2357e+00 | fourier=5.2357e+00 | amplitude=2.1328e-02 | phase=1.1461e-02 | support=2.4746e+00
2026-08-08 03:17:25 | INFO    | TRAIN | epoch=018/100 | batch=01150/01563 ( 73.58%) | lr=1.000e-03 | elapsed=0:09:29 | eta=0:03:24
    losses | total=5.4187e+00 | fourier=5.4187e+00 | amplitude=2.1611e-02 | phase=1.0495e-02 | support=2.5647e+00
2026-08-08 03:17:49 | INFO    | TRAIN | epoch=018/100 | batch=01200/01563 ( 76.78%) | lr=1.000e-03 | elapsed=0:09:54 | eta=0:02:59
    losses | total=5.5416e+00 | fourier=5.5416e+00 | amplitude=2.0754e-02 | phase=1.0604e-02 | support=2.4454e+00
2026-08-08 03:18:14 | INFO    | TRAIN | epoch=018/100 | batch=01250/01563 ( 79.97%) | lr=1.000e-03 | elapsed=0:10:19 | eta=0:02:35
    losses | total=5.1558e+00 | fourier=5.1558e+00 | amplitude=1.9443e-02 | phase=1.1608e-02 | support=2.5887e+00
2026-08-08 03:18:39 | INFO    | TRAIN | epoch=018/100 | batch=01300/01563 ( 83.17%) | lr=1.000e-03 | elapsed=0:10:43 | eta=0:02:10
    losses | total=5.4641e+00 | fourier=5.4641e+00 | amplitude=1.9176e-02 | phase=1.0950e-02 | support=2.4868e+00
2026-08-08 03:19:04 | INFO    | TRAIN | epoch=018/100 | batch=01350/01563 ( 86.37%) | lr=1.000e-03 | elapsed=0:11:08 | eta=0:01:45
    losses | total=4.8788e+00 | fourier=4.8788e+00 | amplitude=1.5784e-02 | phase=7.3308e-03 | support=2.0513e+00
2026-08-08 03:19:29 | INFO    | TRAIN | epoch=018/100 | batch=01400/01563 ( 89.57%) | lr=1.000e-03 | elapsed=0:11:33 | eta=0:01:20
    losses | total=5.3032e+00 | fourier=5.3032e+00 | amplitude=1.9266e-02 | phase=1.0135e-02 | support=2.4524e+00
2026-08-08 03:19:53 | INFO    | TRAIN | epoch=018/100 | batch=01450/01563 ( 92.77%) | lr=1.000e-03 | elapsed=0:11:58 | eta=0:00:55
    losses | total=5.4310e+00 | fourier=5.4310e+00 | amplitude=1.9173e-02 | phase=8.7830e-03 | support=2.6779e+00
2026-08-08 03:20:18 | INFO    | TRAIN | epoch=018/100 | batch=01500/01563 ( 95.97%) | lr=1.000e-03 | elapsed=0:12:23 | eta=0:00:31
    losses | total=5.1047e+00 | fourier=5.1047e+00 | amplitude=1.7801e-02 | phase=1.0146e-02 | support=2.2664e+00
2026-08-08 03:20:43 | INFO    | TRAIN | epoch=018/100 | batch=01550/01563 ( 99.17%) | lr=1.000e-03 | elapsed=0:12:47 | eta=0:00:06
    losses | total=5.0449e+00 | fourier=5.0449e+00 | amplitude=1.7360e-02 | phase=1.0239e-02 | support=2.5742e+00
2026-08-08 03:20:49 | INFO    | TRAIN | epoch=018/100 | batch=01563/01563 (100.00%) | lr=1.000e-03 | elapsed=0:12:53 | eta=0:00:00
    losses | total=5.3448e+00 | fourier=5.3448e+00 | amplitude=1.8263e-02 | phase=9.4391e-03 | support=2.1119e+00
2026-08-08 03:20:49 | INFO    | TRAIN epoch 018 complete | batches=1563 | samples=25000 | time=0:12:54
2026-08-08 03:20:56 | INFO    | VAL | epoch=018/100 | batch=00050/00313 ( 15.97%) | elapsed=0:00:06 | eta=0:00:33
    losses | total=5.5085e+00 | fourier=5.5085e+00 | amplitude=1.8773e-02 | phase=1.3908e-02 | support=2.0776e+00
2026-08-08 03:21:02 | INFO    | VAL | epoch=018/100 | batch=00100/00313 ( 31.95%) | elapsed=0:00:12 | eta=0:00:27
    losses | total=5.1939e+00 | fourier=5.1939e+00 | amplitude=1.7221e-02 | phase=1.2286e-02 | support=2.0157e+00
2026-08-08 03:21:08 | INFO    | VAL | epoch=018/100 | batch=00150/00313 ( 47.92%) | elapsed=0:00:18 | eta=0:00:20
    losses | total=5.2638e+00 | fourier=5.2638e+00 | amplitude=1.8961e-02 | phase=1.0026e-02 | support=2.2268e+00
2026-08-08 03:21:15 | INFO    | VAL | epoch=018/100 | batch=00200/00313 ( 63.90%) | elapsed=0:00:25 | eta=0:00:14
    losses | total=5.1213e+00 | fourier=5.1213e+00 | amplitude=1.8068e-02 | phase=1.0663e-02 | support=1.9615e+00
2026-08-08 03:21:21 | INFO    | VAL | epoch=018/100 | batch=00250/00313 ( 79.87%) | elapsed=0:00:31 | eta=0:00:07
    losses | total=5.4761e+00 | fourier=5.4761e+00 | amplitude=1.9385e-02 | phase=1.3011e-02 | support=2.1024e+00
2026-08-08 03:21:27 | INFO    | VAL | epoch=018/100 | batch=00300/00313 ( 95.85%) | elapsed=0:00:37 | eta=0:00:01
    losses | total=5.3080e+00 | fourier=5.3080e+00 | amplitude=2.0434e-02 | phase=1.1688e-02 | support=2.2708e+00
2026-08-08 03:21:29 | INFO    | VAL | epoch=018/100 | batch=00313/00313 (100.00%) | elapsed=0:00:39 | eta=0:00:00
    losses | total=5.3007e+00 | fourier=5.3007e+00 | amplitude=2.0202e-02 | phase=1.2131e-02 | support=2.1968e+00
2026-08-08 03:21:29 | INFO    | VAL epoch 018 complete | batches=313 | samples=5000 | time=0:00:39
2026-08-08 03:21:29 | INFO    | 
------------------------------------------------------------------------------------------------
Epoch 018/100 summary
split             total      fourier    amplitude        phase      support        time
train        5.2079e+00   5.2079e+00   1.8817e-02   9.9923e-03   2.4900e+00     0:12:54
validation   5.2947e+00   5.2947e+00   1.8617e-02   1.1482e-02   2.1215e+00     0:00:39
lr=1.000e-03 | best_val=5.2730e+00 | best_updated=no | periodic_checkpoint=no
------------------------------------------------------------------------------------------------
2026-08-08 03:21:54 | INFO    | TRAIN | epoch=019/100 | batch=00050/01563 (  3.20%) | lr=1.000e-03 | elapsed=0:00:24 | eta=0:12:34
    losses | total=5.3440e+00 | fourier=5.3440e+00 | amplitude=1.9895e-02 | phase=9.9701e-03 | support=2.3822e+00
2026-08-08 03:22:19 | INFO    | TRAIN | epoch=019/100 | batch=00100/01563 (  6.40%) | lr=1.000e-03 | elapsed=0:00:49 | eta=0:12:06
    losses | total=5.3077e+00 | fourier=5.3077e+00 | amplitude=1.9558e-02 | phase=1.0083e-02 | support=2.7202e+00
2026-08-08 03:22:44 | INFO    | TRAIN | epoch=019/100 | batch=00150/01563 (  9.60%) | lr=1.000e-03 | elapsed=0:01:14 | eta=0:11:41
    losses | total=5.0528e+00 | fourier=5.0528e+00 | amplitude=1.6760e-02 | phase=1.0545e-02 | support=2.3559e+00
2026-08-08 03:23:08 | INFO    | TRAIN | epoch=019/100 | batch=00200/01563 ( 12.80%) | lr=1.000e-03 | elapsed=0:01:39 | eta=0:11:16
    losses | total=5.4260e+00 | fourier=5.4260e+00 | amplitude=2.0340e-02 | phase=9.5556e-03 | support=2.7176e+00
2026-08-08 03:23:33 | INFO    | TRAIN | epoch=019/100 | batch=00250/01563 ( 15.99%) | lr=1.000e-03 | elapsed=0:02:03 | eta=0:10:51
    losses | total=4.8774e+00 | fourier=4.8774e+00 | amplitude=1.4618e-02 | phase=9.0810e-03 | support=2.3498e+00
2026-08-08 03:23:58 | INFO    | TRAIN | epoch=019/100 | batch=00300/01563 ( 19.19%) | lr=1.000e-03 | elapsed=0:02:28 | eta=0:10:26
    losses | total=5.1407e+00 | fourier=5.1407e+00 | amplitude=1.9024e-02 | phase=8.2802e-03 | support=2.3777e+00
2026-08-08 03:24:23 | INFO    | TRAIN | epoch=019/100 | batch=00350/01563 ( 22.39%) | lr=1.000e-03 | elapsed=0:02:53 | eta=0:10:01
    losses | total=5.2472e+00 | fourier=5.2472e+00 | amplitude=1.9584e-02 | phase=9.8644e-03 | support=2.6131e+00
2026-08-08 03:24:47 | INFO    | TRAIN | epoch=019/100 | batch=00400/01563 ( 25.59%) | lr=1.000e-03 | elapsed=0:03:18 | eta=0:09:36
    losses | total=5.2093e+00 | fourier=5.2093e+00 | amplitude=2.0735e-02 | phase=9.4927e-03 | support=2.9907e+00
2026-08-08 03:25:12 | INFO    | TRAIN | epoch=019/100 | batch=00450/01563 ( 28.79%) | lr=1.000e-03 | elapsed=0:03:43 | eta=0:09:11
    losses | total=5.4303e+00 | fourier=5.4303e+00 | amplitude=2.0074e-02 | phase=1.0351e-02 | support=2.3863e+00
2026-08-08 03:25:37 | INFO    | TRAIN | epoch=019/100 | batch=00500/01563 ( 31.99%) | lr=1.000e-03 | elapsed=0:04:07 | eta=0:08:46
    losses | total=5.1285e+00 | fourier=5.1285e+00 | amplitude=1.6094e-02 | phase=1.0884e-02 | support=2.2236e+00
2026-08-08 03:26:02 | INFO    | TRAIN | epoch=019/100 | batch=00550/01563 ( 35.19%) | lr=1.000e-03 | elapsed=0:04:32 | eta=0:08:21
    losses | total=5.4765e+00 | fourier=5.4765e+00 | amplitude=2.0931e-02 | phase=1.1081e-02 | support=2.4130e+00
2026-08-08 03:26:26 | INFO    | TRAIN | epoch=019/100 | batch=00600/01563 ( 38.39%) | lr=1.000e-03 | elapsed=0:04:57 | eta=0:07:57
    losses | total=5.0868e+00 | fourier=5.0868e+00 | amplitude=1.9496e-02 | phase=8.7540e-03 | support=2.5802e+00
2026-08-08 03:26:51 | INFO    | TRAIN | epoch=019/100 | batch=00650/01563 ( 41.59%) | lr=1.000e-03 | elapsed=0:05:22 | eta=0:07:32
    losses | total=5.0143e+00 | fourier=5.0143e+00 | amplitude=1.8891e-02 | phase=1.0074e-02 | support=2.6227e+00
2026-08-08 03:27:16 | INFO    | TRAIN | epoch=019/100 | batch=00700/01563 ( 44.79%) | lr=1.000e-03 | elapsed=0:05:46 | eta=0:07:07
    losses | total=5.0970e+00 | fourier=5.0970e+00 | amplitude=1.6897e-02 | phase=1.1971e-02 | support=2.2320e+00
2026-08-08 03:27:41 | INFO    | TRAIN | epoch=019/100 | batch=00750/01563 ( 47.98%) | lr=1.000e-03 | elapsed=0:06:11 | eta=0:06:42
    losses | total=5.0755e+00 | fourier=5.0755e+00 | amplitude=2.1130e-02 | phase=9.7584e-03 | support=2.9648e+00
2026-08-08 03:28:05 | INFO    | TRAIN | epoch=019/100 | batch=00800/01563 ( 51.18%) | lr=1.000e-03 | elapsed=0:06:36 | eta=0:06:18
    losses | total=5.2450e+00 | fourier=5.2450e+00 | amplitude=1.8919e-02 | phase=7.8128e-03 | support=2.4072e+00
2026-08-08 03:28:30 | INFO    | TRAIN | epoch=019/100 | batch=00850/01563 ( 54.38%) | lr=1.000e-03 | elapsed=0:07:01 | eta=0:05:53
    losses | total=4.9131e+00 | fourier=4.9131e+00 | amplitude=1.5938e-02 | phase=8.7217e-03 | support=2.3935e+00
2026-08-08 03:28:55 | INFO    | TRAIN | epoch=019/100 | batch=00900/01563 ( 57.58%) | lr=1.000e-03 | elapsed=0:07:25 | eta=0:05:28
    losses | total=5.0199e+00 | fourier=5.0199e+00 | amplitude=1.6516e-02 | phase=1.1425e-02 | support=2.6086e+00
2026-08-08 03:29:20 | INFO    | TRAIN | epoch=019/100 | batch=00950/01563 ( 60.78%) | lr=1.000e-03 | elapsed=0:07:50 | eta=0:05:03
    losses | total=5.0820e+00 | fourier=5.0820e+00 | amplitude=1.8068e-02 | phase=1.1316e-02 | support=2.4362e+00
2026-08-08 03:29:44 | INFO    | TRAIN | epoch=019/100 | batch=01000/01563 ( 63.98%) | lr=1.000e-03 | elapsed=0:08:15 | eta=0:04:38
    losses | total=5.2362e+00 | fourier=5.2362e+00 | amplitude=1.8620e-02 | phase=9.2186e-03 | support=2.7362e+00
2026-08-08 03:30:09 | INFO    | TRAIN | epoch=019/100 | batch=01050/01563 ( 67.18%) | lr=1.000e-03 | elapsed=0:08:40 | eta=0:04:14
    losses | total=5.0807e+00 | fourier=5.0807e+00 | amplitude=1.6082e-02 | phase=9.6137e-03 | support=2.4804e+00
2026-08-08 03:30:34 | INFO    | TRAIN | epoch=019/100 | batch=01100/01563 ( 70.38%) | lr=1.000e-03 | elapsed=0:09:04 | eta=0:03:49
    losses | total=5.1283e+00 | fourier=5.1283e+00 | amplitude=1.8234e-02 | phase=8.5003e-03 | support=2.5059e+00
2026-08-08 03:30:59 | INFO    | TRAIN | epoch=019/100 | batch=01150/01563 ( 73.58%) | lr=1.000e-03 | elapsed=0:09:29 | eta=0:03:24
    losses | total=5.5384e+00 | fourier=5.5384e+00 | amplitude=2.2032e-02 | phase=1.0978e-02 | support=2.5896e+00
2026-08-08 03:31:24 | INFO    | TRAIN | epoch=019/100 | batch=01200/01563 ( 76.78%) | lr=1.000e-03 | elapsed=0:09:54 | eta=0:02:59
    losses | total=5.3452e+00 | fourier=5.3452e+00 | amplitude=2.0564e-02 | phase=8.9651e-03 | support=2.6315e+00
2026-08-08 03:31:48 | INFO    | TRAIN | epoch=019/100 | batch=01250/01563 ( 79.97%) | lr=1.000e-03 | elapsed=0:10:19 | eta=0:02:35
    losses | total=5.2633e+00 | fourier=5.2633e+00 | amplitude=1.9575e-02 | phase=1.0770e-02 | support=2.4315e+00
2026-08-08 03:32:13 | INFO    | TRAIN | epoch=019/100 | batch=01300/01563 ( 83.17%) | lr=1.000e-03 | elapsed=0:10:43 | eta=0:02:10
    losses | total=5.2955e+00 | fourier=5.2955e+00 | amplitude=1.9884e-02 | phase=1.0727e-02 | support=2.4642e+00
2026-08-08 03:32:38 | INFO    | TRAIN | epoch=019/100 | batch=01350/01563 ( 86.37%) | lr=1.000e-03 | elapsed=0:11:08 | eta=0:01:45
    losses | total=5.2411e+00 | fourier=5.2411e+00 | amplitude=2.1686e-02 | phase=1.1676e-02 | support=2.7188e+00
2026-08-08 03:33:03 | INFO    | TRAIN | epoch=019/100 | batch=01400/01563 ( 89.57%) | lr=1.000e-03 | elapsed=0:11:33 | eta=0:01:20
    losses | total=5.0354e+00 | fourier=5.0354e+00 | amplitude=1.7221e-02 | phase=1.0352e-02 | support=2.3866e+00
2026-08-08 03:33:27 | INFO    | TRAIN | epoch=019/100 | batch=01450/01563 ( 92.77%) | lr=1.000e-03 | elapsed=0:11:58 | eta=0:00:55
    losses | total=5.2445e+00 | fourier=5.2445e+00 | amplitude=2.0283e-02 | phase=1.0157e-02 | support=2.4419e+00
2026-08-08 03:33:52 | INFO    | TRAIN | epoch=019/100 | batch=01500/01563 ( 95.97%) | lr=1.000e-03 | elapsed=0:12:23 | eta=0:00:31
    losses | total=5.0009e+00 | fourier=5.0009e+00 | amplitude=1.7957e-02 | phase=1.0402e-02 | support=2.6223e+00
2026-08-08 03:34:17 | INFO    | TRAIN | epoch=019/100 | batch=01550/01563 ( 99.17%) | lr=1.000e-03 | elapsed=0:12:47 | eta=0:00:06
    losses | total=4.8693e+00 | fourier=4.8693e+00 | amplitude=1.7143e-02 | phase=9.9999e-03 | support=2.6780e+00
2026-08-08 03:34:23 | INFO    | TRAIN | epoch=019/100 | batch=01563/01563 (100.00%) | lr=1.000e-03 | elapsed=0:12:53 | eta=0:00:00
    losses | total=5.1805e+00 | fourier=5.1805e+00 | amplitude=1.9337e-02 | phase=9.1880e-03 | support=2.5050e+00
2026-08-08 03:34:23 | INFO    | TRAIN epoch 019 complete | batches=1563 | samples=25000 | time=0:12:54
2026-08-08 03:34:30 | INFO    | VAL | epoch=019/100 | batch=00050/00313 ( 15.97%) | elapsed=0:00:06 | eta=0:00:33
    losses | total=5.3966e+00 | fourier=5.3966e+00 | amplitude=1.8376e-02 | phase=1.1524e-02 | support=2.3229e+00
2026-08-08 03:34:36 | INFO    | VAL | epoch=019/100 | batch=00100/00313 ( 31.95%) | elapsed=0:00:12 | eta=0:00:27
    losses | total=5.1317e+00 | fourier=5.1317e+00 | amplitude=1.6948e-02 | phase=1.0312e-02 | support=2.2284e+00
2026-08-08 03:34:42 | INFO    | VAL | epoch=019/100 | batch=00150/00313 ( 47.92%) | elapsed=0:00:18 | eta=0:00:20
    losses | total=5.1426e+00 | fourier=5.1426e+00 | amplitude=1.8337e-02 | phase=9.9511e-03 | support=2.4099e+00
2026-08-08 03:34:49 | INFO    | VAL | epoch=019/100 | batch=00200/00313 ( 63.90%) | elapsed=0:00:25 | eta=0:00:14
    losses | total=5.0376e+00 | fourier=5.0376e+00 | amplitude=1.7651e-02 | phase=9.4400e-03 | support=2.2465e+00
2026-08-08 03:34:55 | INFO    | VAL | epoch=019/100 | batch=00250/00313 ( 79.87%) | elapsed=0:00:31 | eta=0:00:07
    losses | total=5.4301e+00 | fourier=5.4301e+00 | amplitude=1.9190e-02 | phase=1.1223e-02 | support=2.3089e+00
2026-08-08 03:35:01 | INFO    | VAL | epoch=019/100 | batch=00300/00313 ( 95.85%) | elapsed=0:00:37 | eta=0:00:01
    losses | total=5.1905e+00 | fourier=5.1905e+00 | amplitude=2.0203e-02 | phase=1.1035e-02 | support=2.5055e+00
2026-08-08 03:35:03 | INFO    | VAL | epoch=019/100 | batch=00313/00313 (100.00%) | elapsed=0:00:39 | eta=0:00:00
    losses | total=5.1777e+00 | fourier=5.1777e+00 | amplitude=1.9554e-02 | phase=1.2092e-02 | support=2.4423e+00
2026-08-08 03:35:03 | INFO    | VAL epoch 019 complete | batches=313 | samples=5000 | time=0:00:39
2026-08-08 03:35:03 | INFO    | 
------------------------------------------------------------------------------------------------
Epoch 019/100 summary
split             total      fourier    amplitude        phase      support        time
train        5.1889e+00   5.1889e+00   1.8823e-02   9.9855e-03   2.5254e+00     0:12:54
validation   5.2031e+00   5.2031e+00   1.8285e-02   1.0406e-02   2.3623e+00     0:00:39
lr=1.000e-03 | best_val=5.2031e+00 | best_updated=yes | periodic_checkpoint=no
------------------------------------------------------------------------------------------------
2026-08-08 03:35:28 | INFO    | TRAIN | epoch=020/100 | batch=00050/01563 (  3.20%) | lr=1.000e-03 | elapsed=0:00:24 | eta=0:12:33
    losses | total=5.2169e+00 | fourier=5.2169e+00 | amplitude=1.8271e-02 | phase=9.6964e-03 | support=2.4002e+00
2026-08-08 03:35:53 | INFO    | TRAIN | epoch=020/100 | batch=00100/01563 (  6.40%) | lr=1.000e-03 | elapsed=0:00:49 | eta=0:12:06
    losses | total=4.9649e+00 | fourier=4.9649e+00 | amplitude=1.7579e-02 | phase=8.5811e-03 | support=2.5203e+00
2026-08-08 03:36:18 | INFO    | TRAIN | epoch=020/100 | batch=00150/01563 (  9.60%) | lr=1.000e-03 | elapsed=0:01:14 | eta=0:11:41
    losses | total=5.2868e+00 | fourier=5.2868e+00 | amplitude=1.9106e-02 | phase=1.0605e-02 | support=2.6291e+00
2026-08-08 03:36:43 | INFO    | TRAIN | epoch=020/100 | batch=00200/01563 ( 12.80%) | lr=1.000e-03 | elapsed=0:01:39 | eta=0:11:16
    losses | total=4.9519e+00 | fourier=4.9519e+00 | amplitude=1.6333e-02 | phase=9.5389e-03 | support=2.2594e+00
2026-08-08 03:37:07 | INFO    | TRAIN | epoch=020/100 | batch=00250/01563 ( 15.99%) | lr=1.000e-03 | elapsed=0:02:03 | eta=0:10:51
    losses | total=5.3923e+00 | fourier=5.3923e+00 | amplitude=1.8546e-02 | phase=1.0883e-02 | support=2.2579e+00
2026-08-08 03:37:32 | INFO    | TRAIN | epoch=020/100 | batch=00300/01563 ( 19.19%) | lr=1.000e-03 | elapsed=0:02:28 | eta=0:10:26
    losses | total=4.9760e+00 | fourier=4.9760e+00 | amplitude=1.9127e-02 | phase=1.0386e-02 | support=2.4296e+00
2026-08-08 03:37:57 | INFO    | TRAIN | epoch=020/100 | batch=00350/01563 ( 22.39%) | lr=1.000e-03 | elapsed=0:02:53 | eta=0:10:01
    losses | total=5.4377e+00 | fourier=5.4377e+00 | amplitude=2.0428e-02 | phase=9.5870e-03 | support=2.5182e+00
2026-08-08 03:38:22 | INFO    | TRAIN | epoch=020/100 | batch=00400/01563 ( 25.59%) | lr=1.000e-03 | elapsed=0:03:18 | eta=0:09:36
    losses | total=4.9070e+00 | fourier=4.9070e+00 | amplitude=1.8778e-02 | phase=8.8831e-03 | support=2.3083e+00
2026-08-08 03:38:46 | INFO    | TRAIN | epoch=020/100 | batch=00450/01563 ( 28.79%) | lr=1.000e-03 | elapsed=0:03:43 | eta=0:09:11
    losses | total=5.2145e+00 | fourier=5.2145e+00 | amplitude=1.9160e-02 | phase=1.1265e-02 | support=2.4270e+00
2026-08-08 03:39:11 | INFO    | TRAIN | epoch=020/100 | batch=00500/01563 ( 31.99%) | lr=1.000e-03 | elapsed=0:04:07 | eta=0:08:46
    losses | total=4.9718e+00 | fourier=4.9718e+00 | amplitude=1.5414e-02 | phase=9.9652e-03 | support=2.4348e+00
2026-08-08 03:39:36 | INFO    | TRAIN | epoch=020/100 | batch=00550/01563 ( 35.19%) | lr=1.000e-03 | elapsed=0:04:32 | eta=0:08:21
    losses | total=4.9852e+00 | fourier=4.9852e+00 | amplitude=1.9436e-02 | phase=9.9302e-03 | support=2.7236e+00
2026-08-08 03:40:01 | INFO    | TRAIN | epoch=020/100 | batch=00600/01563 ( 38.39%) | lr=1.000e-03 | elapsed=0:04:57 | eta=0:07:57
    losses | total=5.4176e+00 | fourier=5.4176e+00 | amplitude=2.3536e-02 | phase=1.1343e-02 | support=2.5684e+00
2026-08-08 03:40:25 | INFO    | TRAIN | epoch=020/100 | batch=00650/01563 ( 41.59%) | lr=1.000e-03 | elapsed=0:05:22 | eta=0:07:32
    losses | total=5.3680e+00 | fourier=5.3680e+00 | amplitude=2.0373e-02 | phase=1.1483e-02 | support=2.5615e+00
2026-08-08 03:40:50 | INFO    | TRAIN | epoch=020/100 | batch=00700/01563 ( 44.79%) | lr=1.000e-03 | elapsed=0:05:46 | eta=0:07:07
    losses | total=4.9658e+00 | fourier=4.9658e+00 | amplitude=1.7411e-02 | phase=1.0318e-02 | support=2.6024e+00
2026-08-08 03:41:15 | INFO    | TRAIN | epoch=020/100 | batch=00750/01563 ( 47.98%) | lr=1.000e-03 | elapsed=0:06:11 | eta=0:06:42
    losses | total=5.2844e+00 | fourier=5.2844e+00 | amplitude=1.8181e-02 | phase=9.1966e-03 | support=2.6102e+00
2026-08-08 03:41:40 | INFO    | TRAIN | epoch=020/100 | batch=00800/01563 ( 51.18%) | lr=1.000e-03 | elapsed=0:06:36 | eta=0:06:18
    losses | total=4.8725e+00 | fourier=4.8725e+00 | amplitude=1.5593e-02 | phase=1.1517e-02 | support=2.4782e+00
2026-08-08 03:42:04 | INFO    | TRAIN | epoch=020/100 | batch=00850/01563 ( 54.38%) | lr=1.000e-03 | elapsed=0:07:01 | eta=0:05:53
    losses | total=4.6987e+00 | fourier=4.6987e+00 | amplitude=1.5415e-02 | phase=9.4972e-03 | support=2.4352e+00
2026-08-08 03:42:29 | INFO    | TRAIN | epoch=020/100 | batch=00900/01563 ( 57.58%) | lr=1.000e-03 | elapsed=0:07:25 | eta=0:05:28
    losses | total=5.5146e+00 | fourier=5.5146e+00 | amplitude=1.7807e-02 | phase=1.2586e-02 | support=2.3500e+00
2026-08-08 03:42:54 | INFO    | TRAIN | epoch=020/100 | batch=00950/01563 ( 60.78%) | lr=1.000e-03 | elapsed=0:07:50 | eta=0:05:03
    losses | total=5.3651e+00 | fourier=5.3651e+00 | amplitude=2.0005e-02 | phase=1.0695e-02 | support=2.4632e+00
2026-08-08 03:43:19 | INFO    | TRAIN | epoch=020/100 | batch=01000/01563 ( 63.98%) | lr=1.000e-03 | elapsed=0:08:15 | eta=0:04:38
    losses | total=5.6271e+00 | fourier=5.6271e+00 | amplitude=2.2226e-02 | phase=1.0657e-02 | support=2.5907e+00
2026-08-08 03:43:44 | INFO    | TRAIN | epoch=020/100 | batch=01050/01563 ( 67.18%) | lr=1.000e-03 | elapsed=0:08:40 | eta=0:04:14
    losses | total=5.0664e+00 | fourier=5.0664e+00 | amplitude=1.9457e-02 | phase=9.9144e-03 | support=2.5842e+00
2026-08-08 03:44:08 | INFO    | TRAIN | epoch=020/100 | batch=01100/01563 ( 70.38%) | lr=1.000e-03 | elapsed=0:09:04 | eta=0:03:49
    losses | total=5.3951e+00 | fourier=5.3951e+00 | amplitude=1.9737e-02 | phase=1.1304e-02 | support=2.4537e+00
2026-08-08 03:44:33 | INFO    | TRAIN | epoch=020/100 | batch=01150/01563 ( 73.58%) | lr=1.000e-03 | elapsed=0:09:29 | eta=0:03:24
    losses | total=4.9820e+00 | fourier=4.9820e+00 | amplitude=1.8775e-02 | phase=9.8984e-03 | support=2.7299e+00
2026-08-08 03:44:58 | INFO    | TRAIN | epoch=020/100 | batch=01200/01563 ( 76.78%) | lr=1.000e-03 | elapsed=0:09:54 | eta=0:02:59
    losses | total=4.9149e+00 | fourier=4.9149e+00 | amplitude=1.7483e-02 | phase=8.9294e-03 | support=2.5099e+00
2026-08-08 03:45:23 | INFO    | TRAIN | epoch=020/100 | batch=01250/01563 ( 79.97%) | lr=1.000e-03 | elapsed=0:10:19 | eta=0:02:35
    losses | total=5.1438e+00 | fourier=5.1438e+00 | amplitude=1.9177e-02 | phase=1.3077e-02 | support=2.5032e+00
2026-08-08 03:45:47 | INFO    | TRAIN | epoch=020/100 | batch=01300/01563 ( 83.17%) | lr=1.000e-03 | elapsed=0:10:43 | eta=0:02:10
    losses | total=5.0405e+00 | fourier=5.0405e+00 | amplitude=1.9263e-02 | phase=1.0071e-02 | support=2.5436e+00
2026-08-08 03:46:12 | INFO    | TRAIN | epoch=020/100 | batch=01350/01563 ( 86.37%) | lr=1.000e-03 | elapsed=0:11:08 | eta=0:01:45
    losses | total=5.0095e+00 | fourier=5.0095e+00 | amplitude=1.8704e-02 | phase=1.0956e-02 | support=2.5656e+00
2026-08-08 03:46:37 | INFO    | TRAIN | epoch=020/100 | batch=01400/01563 ( 89.57%) | lr=1.000e-03 | elapsed=0:11:33 | eta=0:01:20
    losses | total=5.0341e+00 | fourier=5.0341e+00 | amplitude=1.8603e-02 | phase=1.2243e-02 | support=2.4110e+00
2026-08-08 03:47:02 | INFO    | TRAIN | epoch=020/100 | batch=01450/01563 ( 92.77%) | lr=1.000e-03 | elapsed=0:11:58 | eta=0:00:55
    losses | total=5.0832e+00 | fourier=5.0832e+00 | amplitude=1.7373e-02 | phase=1.0860e-02 | support=2.4792e+00
2026-08-08 03:47:26 | INFO    | TRAIN | epoch=020/100 | batch=01500/01563 ( 95.97%) | lr=1.000e-03 | elapsed=0:12:23 | eta=0:00:31
    losses | total=5.2996e+00 | fourier=5.2996e+00 | amplitude=2.0229e-02 | phase=1.0495e-02 | support=2.4240e+00
2026-08-08 03:47:51 | INFO    | TRAIN | epoch=020/100 | batch=01550/01563 ( 99.17%) | lr=1.000e-03 | elapsed=0:12:47 | eta=0:00:06
    losses | total=5.1381e+00 | fourier=5.1381e+00 | amplitude=1.7351e-02 | phase=9.8640e-03 | support=2.4497e+00
2026-08-08 03:47:57 | INFO    | TRAIN | epoch=020/100 | batch=01563/01563 (100.00%) | lr=1.000e-03 | elapsed=0:12:53 | eta=0:00:00
    losses | total=4.8800e+00 | fourier=4.8800e+00 | amplitude=1.7253e-02 | phase=8.4674e-03 | support=2.6088e+00
2026-08-08 03:47:58 | INFO    | TRAIN epoch 020 complete | batches=1563 | samples=25000 | time=0:12:54
2026-08-08 03:48:04 | INFO    | VAL | epoch=020/100 | batch=00050/00313 ( 15.97%) | elapsed=0:00:06 | eta=0:00:33
    losses | total=5.4494e+00 | fourier=5.4494e+00 | amplitude=1.9569e-02 | phase=1.1598e-02 | support=2.3877e+00
2026-08-08 03:48:10 | INFO    | VAL | epoch=020/100 | batch=00100/00313 ( 31.95%) | elapsed=0:00:12 | eta=0:00:27
    losses | total=5.1679e+00 | fourier=5.1679e+00 | amplitude=1.8017e-02 | phase=1.0191e-02 | support=2.3314e+00
2026-08-08 03:48:17 | INFO    | VAL | epoch=020/100 | batch=00150/00313 ( 47.92%) | elapsed=0:00:18 | eta=0:00:20
    losses | total=5.2007e+00 | fourier=5.2007e+00 | amplitude=1.9714e-02 | phase=9.5803e-03 | support=2.6626e+00
2026-08-08 03:48:23 | INFO    | VAL | epoch=020/100 | batch=00200/00313 ( 63.90%) | elapsed=0:00:25 | eta=0:00:14
    losses | total=5.0858e+00 | fourier=5.0858e+00 | amplitude=1.8734e-02 | phase=9.2310e-03 | support=2.3209e+00
2026-08-08 03:48:29 | INFO    | VAL | epoch=020/100 | batch=00250/00313 ( 79.87%) | elapsed=0:00:31 | eta=0:00:07
    losses | total=5.4521e+00 | fourier=5.4521e+00 | amplitude=1.9864e-02 | phase=1.1334e-02 | support=2.4251e+00
2026-08-08 03:48:35 | INFO    | VAL | epoch=020/100 | batch=00300/00313 ( 95.85%) | elapsed=0:00:37 | eta=0:00:01
    losses | total=5.2484e+00 | fourier=5.2484e+00 | amplitude=2.1236e-02 | phase=1.0571e-02 | support=2.6591e+00
2026-08-08 03:48:37 | INFO    | VAL | epoch=020/100 | batch=00313/00313 (100.00%) | elapsed=0:00:39 | eta=0:00:00
    losses | total=5.2772e+00 | fourier=5.2772e+00 | amplitude=2.0942e-02 | phase=1.1197e-02 | support=2.6449e+00
2026-08-08 03:48:37 | INFO    | VAL epoch 020 complete | batches=313 | samples=5000 | time=0:00:39
2026-08-08 03:48:38 | INFO    | 
------------------------------------------------------------------------------------------------
Epoch 020/100 summary
split             total      fourier    amplitude        phase      support        time
train        5.1761e+00   5.1761e+00   1.8790e-02   1.0032e-02   2.5469e+00     0:12:54
validation   5.2451e+00   5.2451e+00   1.9317e-02   1.0184e-02   2.4918e+00     0:00:39
lr=1.000e-03 | best_val=5.2031e+00 | best_updated=no | periodic_checkpoint=yes
------------------------------------------------------------------------------------------------
2026-08-08 03:49:03 | INFO    | TRAIN | epoch=021/100 | batch=00050/01563 (  3.20%) | lr=1.000e-03 | elapsed=0:00:24 | eta=0:12:33
    losses | total=4.8491e+00 | fourier=4.8491e+00 | amplitude=1.6326e-02 | phase=7.6467e-03 | support=2.6312e+00
2026-08-08 03:49:27 | INFO    | TRAIN | epoch=021/100 | batch=00100/01563 (  6.40%) | lr=1.000e-03 | elapsed=0:00:49 | eta=0:12:06
    losses | total=4.6555e+00 | fourier=4.6555e+00 | amplitude=1.6400e-02 | phase=1.1234e-02 | support=2.4913e+00
2026-08-08 03:49:52 | INFO    | TRAIN | epoch=021/100 | batch=00150/01563 (  9.60%) | lr=1.000e-03 | elapsed=0:01:14 | eta=0:11:41
    losses | total=5.3952e+00 | fourier=5.3952e+00 | amplitude=2.1242e-02 | phase=1.1128e-02 | support=2.6556e+00
2026-08-08 03:50:17 | INFO    | TRAIN | epoch=021/100 | batch=00200/01563 ( 12.80%) | lr=1.000e-03 | elapsed=0:01:39 | eta=0:11:16
    losses | total=5.2476e+00 | fourier=5.2476e+00 | amplitude=1.9719e-02 | phase=1.1280e-02 | support=2.4753e+00
2026-08-08 03:50:42 | INFO    | TRAIN | epoch=021/100 | batch=00250/01563 ( 15.99%) | lr=1.000e-03 | elapsed=0:02:03 | eta=0:10:51
    losses | total=5.2199e+00 | fourier=5.2199e+00 | amplitude=1.8603e-02 | phase=1.0869e-02 | support=2.5496e+00
2026-08-08 03:51:06 | INFO    | TRAIN | epoch=021/100 | batch=00300/01563 ( 19.19%) | lr=1.000e-03 | elapsed=0:02:28 | eta=0:10:26
    losses | total=5.2547e+00 | fourier=5.2547e+00 | amplitude=1.7582e-02 | phase=1.0102e-02 | support=2.3417e+00
2026-08-08 03:51:31 | INFO    | TRAIN | epoch=021/100 | batch=00350/01563 ( 22.39%) | lr=1.000e-03 | elapsed=0:02:53 | eta=0:10:01
    losses | total=5.2864e+00 | fourier=5.2864e+00 | amplitude=1.8907e-02 | phase=1.0071e-02 | support=2.5291e+00
2026-08-08 03:51:56 | INFO    | TRAIN | epoch=021/100 | batch=00400/01563 ( 25.59%) | lr=1.000e-03 | elapsed=0:03:18 | eta=0:09:36
    losses | total=5.3437e+00 | fourier=5.3437e+00 | amplitude=1.9047e-02 | phase=1.1711e-02 | support=2.4377e+00
2026-08-08 03:52:21 | INFO    | TRAIN | epoch=021/100 | batch=00450/01563 ( 28.79%) | lr=1.000e-03 | elapsed=0:03:43 | eta=0:09:11
    losses | total=5.2775e+00 | fourier=5.2775e+00 | amplitude=1.9038e-02 | phase=1.0501e-02 | support=2.4404e+00
2026-08-08 03:52:45 | INFO    | TRAIN | epoch=021/100 | batch=00500/01563 ( 31.99%) | lr=1.000e-03 | elapsed=0:04:07 | eta=0:08:46
    losses | total=5.1827e+00 | fourier=5.1827e+00 | amplitude=2.1237e-02 | phase=8.5917e-03 | support=2.6964e+00
2026-08-08 03:53:10 | INFO    | TRAIN | epoch=021/100 | batch=00550/01563 ( 35.19%) | lr=1.000e-03 | elapsed=0:04:32 | eta=0:08:21
    losses | total=4.5720e+00 | fourier=4.5720e+00 | amplitude=1.2959e-02 | phase=9.5685e-03 | support=2.2661e+00
2026-08-08 03:53:35 | INFO    | TRAIN | epoch=021/100 | batch=00600/01563 ( 38.39%) | lr=1.000e-03 | elapsed=0:04:57 | eta=0:07:57
    losses | total=5.3648e+00 | fourier=5.3648e+00 | amplitude=2.0986e-02 | phase=1.0905e-02 | support=2.4743e+00
2026-08-08 03:54:00 | INFO    | TRAIN | epoch=021/100 | batch=00650/01563 ( 41.59%) | lr=1.000e-03 | elapsed=0:05:22 | eta=0:07:32
    losses | total=4.9977e+00 | fourier=4.9977e+00 | amplitude=1.7349e-02 | phase=8.5161e-03 | support=2.4598e+00
2026-08-08 03:54:24 | INFO    | TRAIN | epoch=021/100 | batch=00700/01563 ( 44.79%) | lr=1.000e-03 | elapsed=0:05:46 | eta=0:07:07
    losses | total=5.2991e+00 | fourier=5.2991e+00 | amplitude=1.7047e-02 | phase=9.8842e-03 | support=2.2552e+00
2026-08-08 03:54:49 | INFO    | TRAIN | epoch=021/100 | batch=00750/01563 ( 47.98%) | lr=1.000e-03 | elapsed=0:06:11 | eta=0:06:42
    losses | total=4.8563e+00 | fourier=4.8563e+00 | amplitude=1.7235e-02 | phase=1.0418e-02 | support=2.4748e+00
2026-08-08 03:55:14 | INFO    | TRAIN | epoch=021/100 | batch=00800/01563 ( 51.18%) | lr=1.000e-03 | elapsed=0:06:36 | eta=0:06:18
    losses | total=5.1230e+00 | fourier=5.1230e+00 | amplitude=1.8470e-02 | phase=9.4296e-03 | support=2.4647e+00
2026-08-08 03:55:39 | INFO    | TRAIN | epoch=021/100 | batch=00850/01563 ( 54.38%) | lr=1.000e-03 | elapsed=0:07:01 | eta=0:05:53
    losses | total=5.2007e+00 | fourier=5.2007e+00 | amplitude=1.7763e-02 | phase=9.9386e-03 | support=2.4949e+00
2026-08-08 03:56:03 | INFO    | TRAIN | epoch=021/100 | batch=00900/01563 ( 57.58%) | lr=1.000e-03 | elapsed=0:07:25 | eta=0:05:28
    losses | total=5.4914e+00 | fourier=5.4914e+00 | amplitude=2.3253e-02 | phase=1.0566e-02 | support=2.6112e+00
2026-08-08 03:56:28 | INFO    | TRAIN | epoch=021/100 | batch=00950/01563 ( 60.78%) | lr=1.000e-03 | elapsed=0:07:50 | eta=0:05:03
    losses | total=5.0254e+00 | fourier=5.0254e+00 | amplitude=1.8772e-02 | phase=1.0318e-02 | support=2.5480e+00
2026-08-08 03:56:53 | INFO    | TRAIN | epoch=021/100 | batch=01000/01563 ( 63.98%) | lr=1.000e-03 | elapsed=0:08:15 | eta=0:04:38
    losses | total=4.9061e+00 | fourier=4.9061e+00 | amplitude=1.6873e-02 | phase=9.0960e-03 | support=2.7305e+00
2026-08-08 03:57:18 | INFO    | TRAIN | epoch=021/100 | batch=01050/01563 ( 67.18%) | lr=1.000e-03 | elapsed=0:08:40 | eta=0:04:14
    losses | total=5.1362e+00 | fourier=5.1362e+00 | amplitude=1.9840e-02 | phase=9.7600e-03 | support=2.5107e+00
2026-08-08 03:57:43 | INFO    | TRAIN | epoch=021/100 | batch=01100/01563 ( 70.38%) | lr=1.000e-03 | elapsed=0:09:04 | eta=0:03:49
    losses | total=5.0163e+00 | fourier=5.0163e+00 | amplitude=2.0091e-02 | phase=9.9064e-03 | support=2.6192e+00
2026-08-08 03:58:07 | INFO    | TRAIN | epoch=021/100 | batch=01150/01563 ( 73.58%) | lr=1.000e-03 | elapsed=0:09:29 | eta=0:03:24
    losses | total=5.1076e+00 | fourier=5.1076e+00 | amplitude=1.8521e-02 | phase=9.1932e-03 | support=2.1962e+00
2026-08-08 03:58:32 | INFO    | TRAIN | epoch=021/100 | batch=01200/01563 ( 76.78%) | lr=1.000e-03 | elapsed=0:09:54 | eta=0:02:59
    losses | total=5.2382e+00 | fourier=5.2382e+00 | amplitude=1.7471e-02 | phase=1.0093e-02 | support=2.2367e+00
2026-08-08 03:58:57 | INFO    | TRAIN | epoch=021/100 | batch=01250/01563 ( 79.97%) | lr=1.000e-03 | elapsed=0:10:19 | eta=0:02:35
    losses | total=5.1623e+00 | fourier=5.1623e+00 | amplitude=1.8521e-02 | phase=9.9154e-03 | support=2.4766e+00
2026-08-08 03:59:22 | INFO    | TRAIN | epoch=021/100 | batch=01300/01563 ( 83.17%) | lr=1.000e-03 | elapsed=0:10:43 | eta=0:02:10
    losses | total=5.2465e+00 | fourier=5.2465e+00 | amplitude=1.9976e-02 | phase=1.2882e-02 | support=2.4398e+00
2026-08-08 03:59:46 | INFO    | TRAIN | epoch=021/100 | batch=01350/01563 ( 86.37%) | lr=1.000e-03 | elapsed=0:11:08 | eta=0:01:45
    losses | total=5.4489e+00 | fourier=5.4489e+00 | amplitude=2.1396e-02 | phase=9.1096e-03 | support=2.5741e+00
2026-08-08 04:00:11 | INFO    | TRAIN | epoch=021/100 | batch=01400/01563 ( 89.57%) | lr=1.000e-03 | elapsed=0:11:33 | eta=0:01:20
    losses | total=5.5536e+00 | fourier=5.5536e+00 | amplitude=2.1813e-02 | phase=9.6116e-03 | support=2.7567e+00
2026-08-08 04:00:36 | INFO    | TRAIN | epoch=021/100 | batch=01450/01563 ( 92.77%) | lr=1.000e-03 | elapsed=0:11:58 | eta=0:00:55
    losses | total=5.6468e+00 | fourier=5.6468e+00 | amplitude=2.4319e-02 | phase=9.9588e-03 | support=2.6096e+00
2026-08-08 04:01:01 | INFO    | TRAIN | epoch=021/100 | batch=01500/01563 ( 95.97%) | lr=1.000e-03 | elapsed=0:12:23 | eta=0:00:31
    losses | total=5.2435e+00 | fourier=5.2435e+00 | amplitude=1.9440e-02 | phase=1.0753e-02 | support=2.6300e+00
2026-08-08 04:01:25 | INFO    | TRAIN | epoch=021/100 | batch=01550/01563 ( 99.17%) | lr=1.000e-03 | elapsed=0:12:47 | eta=0:00:06
    losses | total=4.9985e+00 | fourier=4.9985e+00 | amplitude=1.6137e-02 | phase=9.3712e-03 | support=2.4429e+00
2026-08-08 04:01:32 | INFO    | TRAIN | epoch=021/100 | batch=01563/01563 (100.00%) | lr=1.000e-03 | elapsed=0:12:53 | eta=0:00:00
    losses | total=5.5372e+00 | fourier=5.5372e+00 | amplitude=2.1149e-02 | phase=1.0315e-02 | support=2.6304e+00
2026-08-08 04:01:32 | INFO    | TRAIN epoch 021 complete | batches=1563 | samples=25000 | time=0:12:54
2026-08-08 04:01:38 | INFO    | VAL | epoch=021/100 | batch=00050/00313 ( 15.97%) | elapsed=0:00:06 | eta=0:00:33
    losses | total=5.4840e+00 | fourier=5.4840e+00 | amplitude=1.8408e-02 | phase=1.0306e-02 | support=2.2835e+00
2026-08-08 04:01:45 | INFO    | VAL | epoch=021/100 | batch=00100/00313 ( 31.95%) | elapsed=0:00:12 | eta=0:00:27
    losses | total=5.2084e+00 | fourier=5.2084e+00 | amplitude=1.7116e-02 | phase=9.8004e-03 | support=2.2451e+00
2026-08-08 04:01:51 | INFO    | VAL | epoch=021/100 | batch=00150/00313 ( 47.92%) | elapsed=0:00:18 | eta=0:00:20
    losses | total=5.1905e+00 | fourier=5.1905e+00 | amplitude=1.8629e-02 | phase=9.5891e-03 | support=2.5004e+00
2026-08-08 04:01:57 | INFO    | VAL | epoch=021/100 | batch=00200/00313 ( 63.90%) | elapsed=0:00:25 | eta=0:00:14
    losses | total=5.0777e+00 | fourier=5.0777e+00 | amplitude=1.7597e-02 | phase=9.0597e-03 | support=2.1688e+00
2026-08-08 04:02:03 | INFO    | VAL | epoch=021/100 | batch=00250/00313 ( 79.87%) | elapsed=0:00:31 | eta=0:00:07
    losses | total=5.4638e+00 | fourier=5.4638e+00 | amplitude=1.8953e-02 | phase=1.0402e-02 | support=2.2985e+00
2026-08-08 04:02:10 | INFO    | VAL | epoch=021/100 | batch=00300/00313 ( 95.85%) | elapsed=0:00:37 | eta=0:00:01
    losses | total=5.2441e+00 | fourier=5.2441e+00 | amplitude=2.0057e-02 | phase=1.0361e-02 | support=2.4573e+00
2026-08-08 04:02:11 | INFO    | VAL | epoch=021/100 | batch=00313/00313 (100.00%) | elapsed=0:00:39 | eta=0:00:00
    losses | total=5.2366e+00 | fourier=5.2366e+00 | amplitude=1.9496e-02 | phase=1.1406e-02 | support=2.4264e+00
2026-08-08 04:02:11 | INFO    | VAL epoch 021 complete | batches=313 | samples=5000 | time=0:00:39
2026-08-08 04:02:12 | INFO    | 
------------------------------------------------------------------------------------------------
Epoch 021/100 summary
split             total      fourier    amplitude        phase      support        time
train        5.1589e+00   5.1589e+00   1.8822e-02   1.0034e-02   2.5447e+00     0:12:54
validation   5.2513e+00   5.2513e+00   1.8224e-02   9.8189e-03   2.3269e+00     0:00:39
lr=1.000e-03 | best_val=5.2031e+00 | best_updated=no | periodic_checkpoint=no
------------------------------------------------------------------------------------------------
2026-08-08 04:02:37 | INFO    | TRAIN | epoch=022/100 | batch=00050/01563 (  3.20%) | lr=1.000e-03 | elapsed=0:00:24 | eta=0:12:33
    losses | total=5.3767e+00 | fourier=5.3767e+00 | amplitude=1.9534e-02 | phase=1.0424e-02 | support=2.5092e+00
2026-08-08 04:03:01 | INFO    | TRAIN | epoch=022/100 | batch=00100/01563 (  6.40%) | lr=1.000e-03 | elapsed=0:00:49 | eta=0:12:06
    losses | total=4.8880e+00 | fourier=4.8880e+00 | amplitude=1.8027e-02 | phase=8.2918e-03 | support=2.4081e+00
2026-08-08 04:03:26 | INFO    | TRAIN | epoch=022/100 | batch=00150/01563 (  9.60%) | lr=1.000e-03 | elapsed=0:01:14 | eta=0:11:41
    losses | total=4.8863e+00 | fourier=4.8863e+00 | amplitude=1.5699e-02 | phase=9.2310e-03 | support=2.3436e+00
2026-08-08 04:03:51 | INFO    | TRAIN | epoch=022/100 | batch=00200/01563 ( 12.80%) | lr=1.000e-03 | elapsed=0:01:39 | eta=0:11:15
    losses | total=5.1349e+00 | fourier=5.1349e+00 | amplitude=1.9849e-02 | phase=9.8030e-03 | support=2.5312e+00
2026-08-08 04:04:16 | INFO    | TRAIN | epoch=022/100 | batch=00250/01563 ( 15.99%) | lr=1.000e-03 | elapsed=0:02:03 | eta=0:10:51
    losses | total=4.9628e+00 | fourier=4.9628e+00 | amplitude=1.6755e-02 | phase=1.0176e-02 | support=2.1383e+00
2026-08-08 04:04:40 | INFO    | TRAIN | epoch=022/100 | batch=00300/01563 ( 19.19%) | lr=1.000e-03 | elapsed=0:02:28 | eta=0:10:26
    losses | total=5.2292e+00 | fourier=5.2292e+00 | amplitude=2.0614e-02 | phase=1.0236e-02 | support=2.6246e+00
2026-08-08 04:05:05 | INFO    | TRAIN | epoch=022/100 | batch=00350/01563 ( 22.39%) | lr=1.000e-03 | elapsed=0:02:53 | eta=0:10:01
    losses | total=5.3544e+00 | fourier=5.3544e+00 | amplitude=1.9837e-02 | phase=9.3654e-03 | support=2.7988e+00
2026-08-08 04:05:30 | INFO    | TRAIN | epoch=022/100 | batch=00400/01563 ( 25.59%) | lr=1.000e-03 | elapsed=0:03:18 | eta=0:09:36
    losses | total=5.0641e+00 | fourier=5.0641e+00 | amplitude=1.7610e-02 | phase=1.1351e-02 | support=2.5208e+00
2026-08-08 04:05:55 | INFO    | TRAIN | epoch=022/100 | batch=00450/01563 ( 28.79%) | lr=1.000e-03 | elapsed=0:03:43 | eta=0:09:11
    losses | total=4.9601e+00 | fourier=4.9601e+00 | amplitude=1.7914e-02 | phase=1.0685e-02 | support=2.5766e+00
2026-08-08 04:06:19 | INFO    | TRAIN | epoch=022/100 | batch=00500/01563 ( 31.99%) | lr=1.000e-03 | elapsed=0:04:07 | eta=0:08:46
    losses | total=5.4553e+00 | fourier=5.4553e+00 | amplitude=2.0531e-02 | phase=1.1859e-02 | support=2.8387e+00
2026-08-08 04:06:44 | INFO    | TRAIN | epoch=022/100 | batch=00550/01563 ( 35.19%) | lr=1.000e-03 | elapsed=0:04:32 | eta=0:08:21
    losses | total=4.9477e+00 | fourier=4.9477e+00 | amplitude=1.8223e-02 | phase=9.7120e-03 | support=2.5724e+00
2026-08-08 04:07:09 | INFO    | TRAIN | epoch=022/100 | batch=00600/01563 ( 38.39%) | lr=1.000e-03 | elapsed=0:04:57 | eta=0:07:57
    losses | total=5.2707e+00 | fourier=5.2707e+00 | amplitude=2.1330e-02 | phase=9.3429e-03 | support=2.8477e+00
2026-08-08 04:07:34 | INFO    | TRAIN | epoch=022/100 | batch=00650/01563 ( 41.59%) | lr=1.000e-03 | elapsed=0:05:22 | eta=0:07:32
    losses | total=5.2638e+00 | fourier=5.2638e+00 | amplitude=2.0006e-02 | phase=9.0481e-03 | support=2.7034e+00
2026-08-08 04:07:58 | INFO    | TRAIN | epoch=022/100 | batch=00700/01563 ( 44.79%) | lr=1.000e-03 | elapsed=0:05:46 | eta=0:07:07
    losses | total=4.6829e+00 | fourier=4.6829e+00 | amplitude=1.4408e-02 | phase=9.2065e-03 | support=2.4199e+00
2026-08-08 04:08:23 | INFO    | TRAIN | epoch=022/100 | batch=00750/01563 ( 47.98%) | lr=1.000e-03 | elapsed=0:06:11 | eta=0:06:42
    losses | total=5.0446e+00 | fourier=5.0446e+00 | amplitude=1.8529e-02 | phase=8.7798e-03 | support=2.4069e+00
2026-08-08 04:08:48 | INFO    | TRAIN | epoch=022/100 | batch=00800/01563 ( 51.18%) | lr=1.000e-03 | elapsed=0:06:36 | eta=0:06:18
    losses | total=5.6868e+00 | fourier=5.6868e+00 | amplitude=2.2520e-02 | phase=8.6333e-03 | support=2.9235e+00
2026-08-08 04:09:13 | INFO    | TRAIN | epoch=022/100 | batch=00850/01563 ( 54.38%) | lr=1.000e-03 | elapsed=0:07:01 | eta=0:05:53
    losses | total=5.0932e+00 | fourier=5.0932e+00 | amplitude=1.8046e-02 | phase=1.0673e-02 | support=2.3642e+00
2026-08-08 04:09:38 | INFO    | TRAIN | epoch=022/100 | batch=00900/01563 ( 57.58%) | lr=1.000e-03 | elapsed=0:07:25 | eta=0:05:28
    losses | total=5.1313e+00 | fourier=5.1313e+00 | amplitude=1.9942e-02 | phase=9.9662e-03 | support=2.3885e+00
2026-08-08 04:10:02 | INFO    | TRAIN | epoch=022/100 | batch=00950/01563 ( 60.78%) | lr=1.000e-03 | elapsed=0:07:50 | eta=0:05:03
    losses | total=5.1152e+00 | fourier=5.1152e+00 | amplitude=1.6504e-02 | phase=1.0944e-02 | support=2.2426e+00
2026-08-08 04:10:27 | INFO    | TRAIN | epoch=022/100 | batch=01000/01563 ( 63.98%) | lr=1.000e-03 | elapsed=0:08:15 | eta=0:04:38
    losses | total=4.9519e+00 | fourier=4.9519e+00 | amplitude=1.6915e-02 | phase=1.1516e-02 | support=2.3608e+00
2026-08-08 04:10:52 | INFO    | TRAIN | epoch=022/100 | batch=01050/01563 ( 67.18%) | lr=1.000e-03 | elapsed=0:08:40 | eta=0:04:14
    losses | total=5.2149e+00 | fourier=5.2149e+00 | amplitude=1.8771e-02 | phase=1.3131e-02 | support=2.5585e+00
2026-08-08 04:11:17 | INFO    | TRAIN | epoch=022/100 | batch=01100/01563 ( 70.38%) | lr=1.000e-03 | elapsed=0:09:04 | eta=0:03:49
    losses | total=5.3378e+00 | fourier=5.3378e+00 | amplitude=2.0259e-02 | phase=1.0994e-02 | support=2.6062e+00
2026-08-08 04:11:41 | INFO    | TRAIN | epoch=022/100 | batch=01150/01563 ( 73.58%) | lr=1.000e-03 | elapsed=0:09:29 | eta=0:03:24
    losses | total=5.3898e+00 | fourier=5.3898e+00 | amplitude=2.1929e-02 | phase=1.1153e-02 | support=2.7299e+00
2026-08-08 04:12:06 | INFO    | TRAIN | epoch=022/100 | batch=01200/01563 ( 76.78%) | lr=1.000e-03 | elapsed=0:09:54 | eta=0:02:59
    losses | total=5.2779e+00 | fourier=5.2779e+00 | amplitude=1.9962e-02 | phase=9.9742e-03 | support=2.5858e+00
2026-08-08 04:12:31 | INFO    | TRAIN | epoch=022/100 | batch=01250/01563 ( 79.97%) | lr=1.000e-03 | elapsed=0:10:19 | eta=0:02:35
    losses | total=4.7857e+00 | fourier=4.7857e+00 | amplitude=1.5912e-02 | phase=8.7014e-03 | support=2.5381e+00
2026-08-08 04:12:56 | INFO    | TRAIN | epoch=022/100 | batch=01300/01563 ( 83.17%) | lr=1.000e-03 | elapsed=0:10:44 | eta=0:02:10
    losses | total=5.3679e+00 | fourier=5.3679e+00 | amplitude=2.1565e-02 | phase=1.1662e-02 | support=2.6617e+00
2026-08-08 04:13:20 | INFO    | TRAIN | epoch=022/100 | batch=01350/01563 ( 86.37%) | lr=1.000e-03 | elapsed=0:11:08 | eta=0:01:45
    losses | total=5.3109e+00 | fourier=5.3109e+00 | amplitude=2.0377e-02 | phase=1.2141e-02 | support=2.6915e+00
2026-08-08 04:13:45 | INFO    | TRAIN | epoch=022/100 | batch=01400/01563 ( 89.57%) | lr=1.000e-03 | elapsed=0:11:33 | eta=0:01:20
    losses | total=5.1381e+00 | fourier=5.1381e+00 | amplitude=1.9976e-02 | phase=9.7469e-03 | support=2.5349e+00
2026-08-08 04:14:10 | INFO    | TRAIN | epoch=022/100 | batch=01450/01563 ( 92.77%) | lr=1.000e-03 | elapsed=0:11:58 | eta=0:00:55
    losses | total=4.8071e+00 | fourier=4.8071e+00 | amplitude=1.4313e-02 | phase=9.1572e-03 | support=2.1878e+00
2026-08-08 04:14:35 | INFO    | TRAIN | epoch=022/100 | batch=01500/01563 ( 95.97%) | lr=1.000e-03 | elapsed=0:12:23 | eta=0:00:31
    losses | total=5.2547e+00 | fourier=5.2547e+00 | amplitude=1.7903e-02 | phase=9.1120e-03 | support=2.4422e+00
2026-08-08 04:14:59 | INFO    | TRAIN | epoch=022/100 | batch=01550/01563 ( 99.17%) | lr=1.000e-03 | elapsed=0:12:47 | eta=0:00:06
    losses | total=5.3374e+00 | fourier=5.3374e+00 | amplitude=2.1916e-02 | phase=1.0686e-02 | support=2.6499e+00
2026-08-08 04:15:06 | INFO    | TRAIN | epoch=022/100 | batch=01563/01563 (100.00%) | lr=1.000e-03 | elapsed=0:12:54 | eta=0:00:00
    losses | total=4.9224e+00 | fourier=4.9224e+00 | amplitude=1.5412e-02 | phase=1.1509e-02 | support=2.5711e+00
2026-08-08 04:15:06 | INFO    | TRAIN epoch 022 complete | batches=1563 | samples=25000 | time=0:12:54
2026-08-08 04:15:12 | INFO    | VAL | epoch=022/100 | batch=00050/00313 ( 15.97%) | elapsed=0:00:06 | eta=0:00:33
    losses | total=5.5244e+00 | fourier=5.5244e+00 | amplitude=1.8970e-02 | phase=9.9495e-03 | support=2.6332e+00
2026-08-08 04:15:19 | INFO    | VAL | epoch=022/100 | batch=00100/00313 ( 31.95%) | elapsed=0:00:12 | eta=0:00:27
    losses | total=5.2347e+00 | fourier=5.2347e+00 | amplitude=1.7326e-02 | phase=9.1217e-03 | support=2.5410e+00
2026-08-08 04:15:25 | INFO    | VAL | epoch=022/100 | batch=00150/00313 ( 47.92%) | elapsed=0:00:18 | eta=0:00:20
    losses | total=5.2477e+00 | fourier=5.2477e+00 | amplitude=1.8731e-02 | phase=8.7120e-03 | support=2.8200e+00
2026-08-08 04:15:31 | INFO    | VAL | epoch=022/100 | batch=00200/00313 ( 63.90%) | elapsed=0:00:25 | eta=0:00:14
    losses | total=5.1376e+00 | fourier=5.1376e+00 | amplitude=1.8086e-02 | phase=8.4000e-03 | support=2.5695e+00
2026-08-08 04:15:38 | INFO    | VAL | epoch=022/100 | batch=00250/00313 ( 79.87%) | elapsed=0:00:31 | eta=0:00:07
    losses | total=5.4948e+00 | fourier=5.4948e+00 | amplitude=1.9386e-02 | phase=1.0504e-02 | support=2.6058e+00
2026-08-08 04:15:44 | INFO    | VAL | epoch=022/100 | batch=00300/00313 ( 95.85%) | elapsed=0:00:37 | eta=0:00:01
    losses | total=5.2944e+00 | fourier=5.2944e+00 | amplitude=2.0478e-02 | phase=9.5463e-03 | support=2.8097e+00
2026-08-08 04:15:45 | INFO    | VAL | epoch=022/100 | batch=00313/00313 (100.00%) | elapsed=0:00:39 | eta=0:00:00
    losses | total=5.2907e+00 | fourier=5.2907e+00 | amplitude=2.0181e-02 | phase=1.0613e-02 | support=2.8639e+00
2026-08-08 04:15:45 | INFO    | VAL epoch 022 complete | batches=313 | samples=5000 | time=0:00:39
2026-08-08 04:15:46 | INFO    | 
------------------------------------------------------------------------------------------------
Epoch 022/100 summary
split             total      fourier    amplitude        phase      support        time
train        5.1445e+00   5.1445e+00   1.8902e-02   1.0071e-02   2.5696e+00     0:12:54
validation   5.2990e+00   5.2990e+00   1.8604e-02   9.1415e-03   2.6773e+00     0:00:39
lr=1.000e-03 | best_val=5.2031e+00 | best_updated=no | periodic_checkpoint=no
------------------------------------------------------------------------------------------------
2026-08-08 04:16:11 | INFO    | TRAIN | epoch=023/100 | batch=00050/01563 (  3.20%) | lr=1.000e-03 | elapsed=0:00:24 | eta=0:12:33
    losses | total=5.1662e+00 | fourier=5.1662e+00 | amplitude=1.9348e-02 | phase=1.0939e-02 | support=2.4701e+00
2026-08-08 04:16:35 | INFO    | TRAIN | epoch=023/100 | batch=00100/01563 (  6.40%) | lr=1.000e-03 | elapsed=0:00:49 | eta=0:12:06
    losses | total=5.1122e+00 | fourier=5.1122e+00 | amplitude=1.7705e-02 | phase=1.0581e-02 | support=2.4725e+00
2026-08-08 04:17:00 | INFO    | TRAIN | epoch=023/100 | batch=00150/01563 (  9.60%) | lr=1.000e-03 | elapsed=0:01:14 | eta=0:11:41
    losses | total=5.1374e+00 | fourier=5.1374e+00 | amplitude=1.8060e-02 | phase=1.2143e-02 | support=2.4043e+00
2026-08-08 04:17:25 | INFO    | TRAIN | epoch=023/100 | batch=00200/01563 ( 12.80%) | lr=1.000e-03 | elapsed=0:01:39 | eta=0:11:15
    losses | total=5.2026e+00 | fourier=5.2026e+00 | amplitude=1.9064e-02 | phase=1.1056e-02 | support=2.8788e+00
2026-08-08 04:17:50 | INFO    | TRAIN | epoch=023/100 | batch=00250/01563 ( 15.99%) | lr=1.000e-03 | elapsed=0:02:03 | eta=0:10:51
    losses | total=5.1601e+00 | fourier=5.1601e+00 | amplitude=1.9511e-02 | phase=8.9028e-03 | support=2.6289e+00
2026-08-08 04:18:14 | INFO    | TRAIN | epoch=023/100 | batch=00300/01563 ( 19.19%) | lr=1.000e-03 | elapsed=0:02:28 | eta=0:10:26
    losses | total=4.9686e+00 | fourier=4.9686e+00 | amplitude=1.7282e-02 | phase=1.0885e-02 | support=2.3641e+00
2026-08-08 04:18:39 | INFO    | TRAIN | epoch=023/100 | batch=00350/01563 ( 22.39%) | lr=1.000e-03 | elapsed=0:02:53 | eta=0:10:01
    losses | total=4.9962e+00 | fourier=4.9962e+00 | amplitude=1.7976e-02 | phase=1.0794e-02 | support=2.6084e+00
2026-08-08 04:19:04 | INFO    | TRAIN | epoch=023/100 | batch=00400/01563 ( 25.59%) | lr=1.000e-03 | elapsed=0:03:18 | eta=0:09:36
    losses | total=5.0109e+00 | fourier=5.0109e+00 | amplitude=1.8128e-02 | phase=1.2588e-02 | support=2.6301e+00
2026-08-08 04:19:29 | INFO    | TRAIN | epoch=023/100 | batch=00450/01563 ( 28.79%) | lr=1.000e-03 | elapsed=0:03:43 | eta=0:09:11
    losses | total=5.0116e+00 | fourier=5.0116e+00 | amplitude=2.0266e-02 | phase=1.0784e-02 | support=2.5878e+00
2026-08-08 04:19:53 | INFO    | TRAIN | epoch=023/100 | batch=00500/01563 ( 31.99%) | lr=1.000e-03 | elapsed=0:04:07 | eta=0:08:46
    losses | total=4.7922e+00 | fourier=4.7922e+00 | amplitude=1.8219e-02 | phase=9.2152e-03 | support=2.7508e+00
2026-08-08 04:20:18 | INFO    | TRAIN | epoch=023/100 | batch=00550/01563 ( 35.19%) | lr=1.000e-03 | elapsed=0:04:32 | eta=0:08:21
    losses | total=5.0653e+00 | fourier=5.0653e+00 | amplitude=1.9542e-02 | phase=1.1906e-02 | support=2.5835e+00
2026-08-08 04:20:43 | INFO    | TRAIN | epoch=023/100 | batch=00600/01563 ( 38.39%) | lr=1.000e-03 | elapsed=0:04:57 | eta=0:07:57
    losses | total=5.0643e+00 | fourier=5.0643e+00 | amplitude=2.0364e-02 | phase=9.9423e-03 | support=2.8175e+00
2026-08-08 04:21:08 | INFO    | TRAIN | epoch=023/100 | batch=00650/01563 ( 41.59%) | lr=1.000e-03 | elapsed=0:05:22 | eta=0:07:32
    losses | total=4.8400e+00 | fourier=4.8400e+00 | amplitude=1.7702e-02 | phase=1.0541e-02 | support=2.8321e+00
2026-08-08 04:21:33 | INFO    | TRAIN | epoch=023/100 | batch=00700/01563 ( 44.79%) | lr=1.000e-03 | elapsed=0:05:46 | eta=0:07:07
    losses | total=5.3536e+00 | fourier=5.3536e+00 | amplitude=1.9751e-02 | phase=1.1851e-02 | support=2.4847e+00
2026-08-08 04:21:57 | INFO    | TRAIN | epoch=023/100 | batch=00750/01563 ( 47.98%) | lr=1.000e-03 | elapsed=0:06:11 | eta=0:06:42
    losses | total=5.0129e+00 | fourier=5.0129e+00 | amplitude=1.6317e-02 | phase=1.0160e-02 | support=2.3018e+00
2026-08-08 04:22:22 | INFO    | TRAIN | epoch=023/100 | batch=00800/01563 ( 51.18%) | lr=1.000e-03 | elapsed=0:06:36 | eta=0:06:18
    losses | total=5.2470e+00 | fourier=5.2470e+00 | amplitude=1.8035e-02 | phase=1.2083e-02 | support=2.2090e+00
2026-08-08 04:22:47 | INFO    | TRAIN | epoch=023/100 | batch=00850/01563 ( 54.38%) | lr=1.000e-03 | elapsed=0:07:01 | eta=0:05:53
    losses | total=5.0974e+00 | fourier=5.0974e+00 | amplitude=1.8539e-02 | phase=9.7296e-03 | support=2.3963e+00
2026-08-08 04:23:12 | INFO    | TRAIN | epoch=023/100 | batch=00900/01563 ( 57.58%) | lr=1.000e-03 | elapsed=0:07:25 | eta=0:05:28
    losses | total=5.1780e+00 | fourier=5.1780e+00 | amplitude=2.1504e-02 | phase=1.1221e-02 | support=2.5630e+00
2026-08-08 04:23:36 | INFO    | TRAIN | epoch=023/100 | batch=00950/01563 ( 60.78%) | lr=1.000e-03 | elapsed=0:07:50 | eta=0:05:03
    losses | total=5.3133e+00 | fourier=5.3133e+00 | amplitude=1.8688e-02 | phase=9.7511e-03 | support=2.4846e+00
2026-08-08 04:24:01 | INFO    | TRAIN | epoch=023/100 | batch=01000/01563 ( 63.98%) | lr=1.000e-03 | elapsed=0:08:15 | eta=0:04:38
    losses | total=4.6968e+00 | fourier=4.6968e+00 | amplitude=1.7066e-02 | phase=8.6590e-03 | support=2.3519e+00
2026-08-08 04:24:26 | INFO    | TRAIN | epoch=023/100 | batch=01050/01563 ( 67.18%) | lr=1.000e-03 | elapsed=0:08:40 | eta=0:04:14
    losses | total=5.0681e+00 | fourier=5.0681e+00 | amplitude=1.7455e-02 | phase=1.1820e-02 | support=2.4768e+00
2026-08-08 04:24:51 | INFO    | TRAIN | epoch=023/100 | batch=01100/01563 ( 70.38%) | lr=1.000e-03 | elapsed=0:09:04 | eta=0:03:49
    losses | total=5.0866e+00 | fourier=5.0866e+00 | amplitude=2.0032e-02 | phase=1.2366e-02 | support=2.7485e+00
2026-08-08 04:25:15 | INFO    | TRAIN | epoch=023/100 | batch=01150/01563 ( 73.58%) | lr=1.000e-03 | elapsed=0:09:29 | eta=0:03:24
    losses | total=5.0234e+00 | fourier=5.0234e+00 | amplitude=1.7948e-02 | phase=9.7500e-03 | support=2.5842e+00
2026-08-08 04:25:40 | INFO    | TRAIN | epoch=023/100 | batch=01200/01563 ( 76.78%) | lr=1.000e-03 | elapsed=0:09:54 | eta=0:02:59
    losses | total=5.0566e+00 | fourier=5.0566e+00 | amplitude=1.9180e-02 | phase=1.1299e-02 | support=2.5746e+00
2026-08-08 04:26:05 | INFO    | TRAIN | epoch=023/100 | batch=01250/01563 ( 79.97%) | lr=1.000e-03 | elapsed=0:10:19 | eta=0:02:35
    losses | total=5.0614e+00 | fourier=5.0614e+00 | amplitude=1.9449e-02 | phase=7.1611e-03 | support=2.5948e+00
2026-08-08 04:26:30 | INFO    | TRAIN | epoch=023/100 | batch=01300/01563 ( 83.17%) | lr=1.000e-03 | elapsed=0:10:43 | eta=0:02:10
    losses | total=5.1704e+00 | fourier=5.1704e+00 | amplitude=1.8539e-02 | phase=1.3807e-02 | support=2.6505e+00
2026-08-08 04:26:54 | INFO    | TRAIN | epoch=023/100 | batch=01350/01563 ( 86.37%) | lr=1.000e-03 | elapsed=0:11:08 | eta=0:01:45
    losses | total=4.7134e+00 | fourier=4.7134e+00 | amplitude=1.6468e-02 | phase=8.5889e-03 | support=2.5835e+00
2026-08-08 04:27:19 | INFO    | TRAIN | epoch=023/100 | batch=01400/01563 ( 89.57%) | lr=1.000e-03 | elapsed=0:11:33 | eta=0:01:20
    losses | total=5.0850e+00 | fourier=5.0850e+00 | amplitude=1.9471e-02 | phase=1.0340e-02 | support=2.4510e+00
2026-08-08 04:27:44 | INFO    | TRAIN | epoch=023/100 | batch=01450/01563 ( 92.77%) | lr=1.000e-03 | elapsed=0:11:58 | eta=0:00:55
    losses | total=5.0394e+00 | fourier=5.0394e+00 | amplitude=1.7206e-02 | phase=8.7524e-03 | support=2.4979e+00
2026-08-08 04:28:09 | INFO    | TRAIN | epoch=023/100 | batch=01500/01563 ( 95.97%) | lr=1.000e-03 | elapsed=0:12:23 | eta=0:00:31
    losses | total=5.1130e+00 | fourier=5.1130e+00 | amplitude=1.7083e-02 | phase=8.0198e-03 | support=2.5881e+00
2026-08-08 04:28:34 | INFO    | TRAIN | epoch=023/100 | batch=01550/01563 ( 99.17%) | lr=1.000e-03 | elapsed=0:12:47 | eta=0:00:06
    losses | total=5.1797e+00 | fourier=5.1797e+00 | amplitude=2.0450e-02 | phase=1.2183e-02 | support=2.6144e+00
2026-08-08 04:28:40 | INFO    | TRAIN | epoch=023/100 | batch=01563/01563 (100.00%) | lr=1.000e-03 | elapsed=0:12:54 | eta=0:00:00
    losses | total=5.1148e+00 | fourier=5.1148e+00 | amplitude=2.0100e-02 | phase=1.4387e-02 | support=2.5973e+00
2026-08-08 04:28:40 | INFO    | TRAIN epoch 023 complete | batches=1563 | samples=25000 | time=0:12:54
2026-08-08 04:28:46 | INFO    | VAL | epoch=023/100 | batch=00050/00313 ( 15.97%) | elapsed=0:00:06 | eta=0:00:33
    losses | total=5.3840e+00 | fourier=5.3840e+00 | amplitude=1.8916e-02 | phase=1.2307e-02 | support=2.3233e+00
2026-08-08 04:28:53 | INFO    | VAL | epoch=023/100 | batch=00100/00313 ( 31.95%) | elapsed=0:00:12 | eta=0:00:27
    losses | total=5.0538e+00 | fourier=5.0538e+00 | amplitude=1.7408e-02 | phase=1.1272e-02 | support=2.1922e+00
2026-08-08 04:28:59 | INFO    | VAL | epoch=023/100 | batch=00150/00313 ( 47.92%) | elapsed=0:00:18 | eta=0:00:20
    losses | total=5.1241e+00 | fourier=5.1241e+00 | amplitude=1.9236e-02 | phase=9.4831e-03 | support=2.6141e+00
2026-08-08 04:29:05 | INFO    | VAL | epoch=023/100 | batch=00200/00313 ( 63.90%) | elapsed=0:00:25 | eta=0:00:14
    losses | total=4.9944e+00 | fourier=4.9944e+00 | amplitude=1.8465e-02 | phase=9.5782e-03 | support=2.2940e+00
2026-08-08 04:29:12 | INFO    | VAL | epoch=023/100 | batch=00250/00313 ( 79.87%) | elapsed=0:00:31 | eta=0:00:07
    losses | total=5.3624e+00 | fourier=5.3624e+00 | amplitude=1.9473e-02 | phase=1.1694e-02 | support=2.3282e+00
2026-08-08 04:29:18 | INFO    | VAL | epoch=023/100 | batch=00300/00313 ( 95.85%) | elapsed=0:00:37 | eta=0:00:01
    losses | total=5.2020e+00 | fourier=5.2020e+00 | amplitude=2.0817e-02 | phase=1.0786e-02 | support=2.5902e+00
2026-08-08 04:29:19 | INFO    | VAL | epoch=023/100 | batch=00313/00313 (100.00%) | elapsed=0:00:39 | eta=0:00:00
    losses | total=5.2197e+00 | fourier=5.2197e+00 | amplitude=2.0372e-02 | phase=1.1761e-02 | support=2.5448e+00
2026-08-08 04:29:19 | INFO    | VAL epoch 023 complete | batches=313 | samples=5000 | time=0:00:39
2026-08-08 04:29:20 | INFO    | 
------------------------------------------------------------------------------------------------
Epoch 023/100 summary
split             total      fourier    amplitude        phase      support        time
train        5.1308e+00   5.1308e+00   1.8969e-02   1.0138e-02   2.5322e+00     0:12:54
validation   5.1773e+00   5.1773e+00   1.8827e-02   1.0463e-02   2.3998e+00     0:00:39
lr=1.000e-03 | best_val=5.1773e+00 | best_updated=yes | periodic_checkpoint=no
------------------------------------------------------------------------------------------------
2026-08-08 04:29:45 | INFO    | TRAIN | epoch=024/100 | batch=00050/01563 (  3.20%) | lr=1.000e-03 | elapsed=0:00:24 | eta=0:12:33
    losses | total=5.1103e+00 | fourier=5.1103e+00 | amplitude=1.8243e-02 | phase=9.6788e-03 | support=2.4609e+00
2026-08-08 04:30:10 | INFO    | TRAIN | epoch=024/100 | batch=00100/01563 (  6.40%) | lr=1.000e-03 | elapsed=0:00:49 | eta=0:12:06
    losses | total=5.2832e+00 | fourier=5.2832e+00 | amplitude=1.8280e-02 | phase=8.1389e-03 | support=2.5716e+00
2026-08-08 04:30:34 | INFO    | TRAIN | epoch=024/100 | batch=00150/01563 (  9.60%) | lr=1.000e-03 | elapsed=0:01:14 | eta=0:11:41
    losses | total=4.9234e+00 | fourier=4.9234e+00 | amplitude=1.8346e-02 | phase=1.2773e-02 | support=2.4009e+00
2026-08-08 04:30:59 | INFO    | TRAIN | epoch=024/100 | batch=00200/01563 ( 12.80%) | lr=1.000e-03 | elapsed=0:01:39 | eta=0:11:16
    losses | total=5.2629e+00 | fourier=5.2629e+00 | amplitude=2.0478e-02 | phase=1.0467e-02 | support=2.5739e+00
2026-08-08 04:31:24 | INFO    | TRAIN | epoch=024/100 | batch=00250/01563 ( 15.99%) | lr=1.000e-03 | elapsed=0:02:03 | eta=0:10:51
    losses | total=5.0879e+00 | fourier=5.0879e+00 | amplitude=1.9195e-02 | phase=1.0529e-02 | support=2.4018e+00
2026-08-08 04:31:49 | INFO    | TRAIN | epoch=024/100 | batch=00300/01563 ( 19.19%) | lr=1.000e-03 | elapsed=0:02:28 | eta=0:10:26
    losses | total=5.1178e+00 | fourier=5.1178e+00 | amplitude=2.0050e-02 | phase=9.6305e-03 | support=2.6373e+00
2026-08-08 04:32:14 | INFO    | TRAIN | epoch=024/100 | batch=00350/01563 ( 22.39%) | lr=1.000e-03 | elapsed=0:02:53 | eta=0:10:01
    losses | total=5.5670e+00 | fourier=5.5670e+00 | amplitude=2.0961e-02 | phase=9.2661e-03 | support=2.5445e+00
2026-08-08 04:32:38 | INFO    | TRAIN | epoch=024/100 | batch=00400/01563 ( 25.59%) | lr=1.000e-03 | elapsed=0:03:18 | eta=0:09:36
    losses | total=5.1647e+00 | fourier=5.1647e+00 | amplitude=2.1298e-02 | phase=8.2312e-03 | support=2.4828e+00
2026-08-08 04:33:03 | INFO    | TRAIN | epoch=024/100 | batch=00450/01563 ( 28.79%) | lr=1.000e-03 | elapsed=0:03:43 | eta=0:09:11
    losses | total=5.0982e+00 | fourier=5.0982e+00 | amplitude=1.9544e-02 | phase=1.1050e-02 | support=2.7420e+00
2026-08-08 04:33:28 | INFO    | TRAIN | epoch=024/100 | batch=00500/01563 ( 31.99%) | lr=1.000e-03 | elapsed=0:04:07 | eta=0:08:46
    losses | total=5.1776e+00 | fourier=5.1776e+00 | amplitude=1.7696e-02 | phase=9.9243e-03 | support=2.4053e+00
2026-08-08 04:33:53 | INFO    | TRAIN | epoch=024/100 | batch=00550/01563 ( 35.19%) | lr=1.000e-03 | elapsed=0:04:32 | eta=0:08:21
    losses | total=5.1933e+00 | fourier=5.1933e+00 | amplitude=1.9099e-02 | phase=9.7158e-03 | support=2.4420e+00
2026-08-08 04:34:17 | INFO    | TRAIN | epoch=024/100 | batch=00600/01563 ( 38.39%) | lr=1.000e-03 | elapsed=0:04:57 | eta=0:07:57
    losses | total=5.1127e+00 | fourier=5.1127e+00 | amplitude=1.8227e-02 | phase=9.3284e-03 | support=2.3709e+00
2026-08-08 04:34:42 | INFO    | TRAIN | epoch=024/100 | batch=00650/01563 ( 41.59%) | lr=1.000e-03 | elapsed=0:05:22 | eta=0:07:32
    losses | total=5.3352e+00 | fourier=5.3352e+00 | amplitude=1.8492e-02 | phase=1.0964e-02 | support=2.3712e+00
2026-08-08 04:35:07 | INFO    | TRAIN | epoch=024/100 | batch=00700/01563 ( 44.79%) | lr=1.000e-03 | elapsed=0:05:46 | eta=0:07:07
    losses | total=5.0224e+00 | fourier=5.0224e+00 | amplitude=1.8069e-02 | phase=1.2935e-02 | support=2.6851e+00
2026-08-08 04:35:32 | INFO    | TRAIN | epoch=024/100 | batch=00750/01563 ( 47.98%) | lr=1.000e-03 | elapsed=0:06:11 | eta=0:06:42
    losses | total=5.0706e+00 | fourier=5.0706e+00 | amplitude=2.0334e-02 | phase=8.5124e-03 | support=2.7499e+00
2026-08-08 04:35:56 | INFO    | TRAIN | epoch=024/100 | batch=00800/01563 ( 51.18%) | lr=1.000e-03 | elapsed=0:06:36 | eta=0:06:18
    losses | total=4.8905e+00 | fourier=4.8905e+00 | amplitude=1.6492e-02 | phase=9.3233e-03 | support=2.8265e+00
2026-08-08 04:36:21 | INFO    | TRAIN | epoch=024/100 | batch=00850/01563 ( 54.38%) | lr=1.000e-03 | elapsed=0:07:01 | eta=0:05:53
    losses | total=4.9802e+00 | fourier=4.9802e+00 | amplitude=1.8298e-02 | phase=8.9655e-03 | support=2.4676e+00
2026-08-08 04:36:46 | INFO    | TRAIN | epoch=024/100 | batch=00900/01563 ( 57.58%) | lr=1.000e-03 | elapsed=0:07:25 | eta=0:05:28
    losses | total=5.2608e+00 | fourier=5.2608e+00 | amplitude=1.8695e-02 | phase=1.0967e-02 | support=2.7747e+00
2026-08-08 04:37:11 | INFO    | TRAIN | epoch=024/100 | batch=00950/01563 ( 60.78%) | lr=1.000e-03 | elapsed=0:07:50 | eta=0:05:03
    losses | total=5.2533e+00 | fourier=5.2533e+00 | amplitude=2.0899e-02 | phase=1.3251e-02 | support=2.4476e+00
2026-08-08 04:37:35 | INFO    | TRAIN | epoch=024/100 | batch=01000/01563 ( 63.98%) | lr=1.000e-03 | elapsed=0:08:15 | eta=0:04:38
    losses | total=5.3541e+00 | fourier=5.3541e+00 | amplitude=1.9626e-02 | phase=1.2231e-02 | support=2.4762e+00
2026-08-08 04:38:00 | INFO    | TRAIN | epoch=024/100 | batch=01050/01563 ( 67.18%) | lr=1.000e-03 | elapsed=0:08:40 | eta=0:04:14
    losses | total=5.3308e+00 | fourier=5.3308e+00 | amplitude=2.0365e-02 | phase=1.0026e-02 | support=2.9168e+00
2026-08-08 04:38:25 | INFO    | TRAIN | epoch=024/100 | batch=01100/01563 ( 70.38%) | lr=1.000e-03 | elapsed=0:09:04 | eta=0:03:49
    losses | total=5.0953e+00 | fourier=5.0953e+00 | amplitude=2.0235e-02 | phase=1.0062e-02 | support=2.6702e+00
2026-08-08 04:38:50 | INFO    | TRAIN | epoch=024/100 | batch=01150/01563 ( 73.58%) | lr=1.000e-03 | elapsed=0:09:29 | eta=0:03:24
    losses | total=5.2332e+00 | fourier=5.2332e+00 | amplitude=1.9683e-02 | phase=1.1945e-02 | support=2.5532e+00
2026-08-08 04:39:15 | INFO    | TRAIN | epoch=024/100 | batch=01200/01563 ( 76.78%) | lr=1.000e-03 | elapsed=0:09:54 | eta=0:02:59
    losses | total=4.7583e+00 | fourier=4.7583e+00 | amplitude=1.7369e-02 | phase=9.2600e-03 | support=2.7717e+00
2026-08-08 04:39:39 | INFO    | TRAIN | epoch=024/100 | batch=01250/01563 ( 79.97%) | lr=1.000e-03 | elapsed=0:10:19 | eta=0:02:35
    losses | total=5.5889e+00 | fourier=5.5889e+00 | amplitude=2.1728e-02 | phase=9.6305e-03 | support=2.7834e+00
2026-08-08 04:40:04 | INFO    | TRAIN | epoch=024/100 | batch=01300/01563 ( 83.17%) | lr=1.000e-03 | elapsed=0:10:43 | eta=0:02:10
    losses | total=5.0816e+00 | fourier=5.0816e+00 | amplitude=1.6067e-02 | phase=1.1116e-02 | support=2.2237e+00
2026-08-08 04:40:29 | INFO    | TRAIN | epoch=024/100 | batch=01350/01563 ( 86.37%) | lr=1.000e-03 | elapsed=0:11:08 | eta=0:01:45
    losses | total=4.9404e+00 | fourier=4.9404e+00 | amplitude=1.8524e-02 | phase=1.0578e-02 | support=2.7476e+00
2026-08-08 04:40:54 | INFO    | TRAIN | epoch=024/100 | batch=01400/01563 ( 89.57%) | lr=1.000e-03 | elapsed=0:11:33 | eta=0:01:20
    losses | total=5.2674e+00 | fourier=5.2674e+00 | amplitude=1.9591e-02 | phase=9.4110e-03 | support=2.5357e+00
2026-08-08 04:41:18 | INFO    | TRAIN | epoch=024/100 | batch=01450/01563 ( 92.77%) | lr=1.000e-03 | elapsed=0:11:58 | eta=0:00:55
    losses | total=4.8021e+00 | fourier=4.8021e+00 | amplitude=1.6708e-02 | phase=1.0827e-02 | support=2.6741e+00
2026-08-08 04:41:43 | INFO    | TRAIN | epoch=024/100 | batch=01500/01563 ( 95.97%) | lr=1.000e-03 | elapsed=0:12:23 | eta=0:00:31
    losses | total=5.1780e+00 | fourier=5.1780e+00 | amplitude=1.8018e-02 | phase=9.9941e-03 | support=2.4058e+00
2026-08-08 04:42:08 | INFO    | TRAIN | epoch=024/100 | batch=01550/01563 ( 99.17%) | lr=1.000e-03 | elapsed=0:12:47 | eta=0:00:06
    losses | total=5.4847e+00 | fourier=5.4847e+00 | amplitude=2.3474e-02 | phase=1.1985e-02 | support=3.0419e+00
2026-08-08 04:42:14 | INFO    | TRAIN | epoch=024/100 | batch=01563/01563 (100.00%) | lr=1.000e-03 | elapsed=0:12:54 | eta=0:00:00
    losses | total=5.4652e+00 | fourier=5.4652e+00 | amplitude=2.2225e-02 | phase=1.0546e-02 | support=2.7920e+00
2026-08-08 04:42:14 | INFO    | TRAIN epoch 024 complete | batches=1563 | samples=25000 | time=0:12:54
2026-08-08 04:42:21 | INFO    | VAL | epoch=024/100 | batch=00050/00313 ( 15.97%) | elapsed=0:00:06 | eta=0:00:33
    losses | total=5.3784e+00 | fourier=5.3784e+00 | amplitude=1.9251e-02 | phase=1.2542e-02 | support=2.6495e+00
2026-08-08 04:42:27 | INFO    | VAL | epoch=024/100 | batch=00100/00313 ( 31.95%) | elapsed=0:00:12 | eta=0:00:27
    losses | total=5.0726e+00 | fourier=5.0726e+00 | amplitude=1.7450e-02 | phase=1.1044e-02 | support=2.4935e+00
2026-08-08 04:42:33 | INFO    | VAL | epoch=024/100 | batch=00150/00313 ( 47.92%) | elapsed=0:00:18 | eta=0:00:20
    losses | total=5.1159e+00 | fourier=5.1159e+00 | amplitude=1.9177e-02 | phase=9.0778e-03 | support=2.8877e+00
2026-08-08 04:42:40 | INFO    | VAL | epoch=024/100 | batch=00200/00313 ( 63.90%) | elapsed=0:00:25 | eta=0:00:14
    losses | total=4.9897e+00 | fourier=4.9897e+00 | amplitude=1.8379e-02 | phase=9.6920e-03 | support=2.6040e+00
2026-08-08 04:42:46 | INFO    | VAL | epoch=024/100 | batch=00250/00313 ( 79.87%) | elapsed=0:00:31 | eta=0:00:07
    losses | total=5.3744e+00 | fourier=5.3744e+00 | amplitude=1.9503e-02 | phase=1.1867e-02 | support=2.6611e+00
2026-08-08 04:42:52 | INFO    | VAL | epoch=024/100 | batch=00300/00313 ( 95.85%) | elapsed=0:00:37 | eta=0:00:01
    losses | total=5.1882e+00 | fourier=5.1882e+00 | amplitude=2.0739e-02 | phase=1.0602e-02 | support=2.8678e+00
2026-08-08 04:42:54 | INFO    | VAL | epoch=024/100 | batch=00313/00313 (100.00%) | elapsed=0:00:39 | eta=0:00:00
    losses | total=5.1887e+00 | fourier=5.1887e+00 | amplitude=2.0489e-02 | phase=1.0985e-02 | support=2.9213e+00
2026-08-08 04:42:54 | INFO    | VAL epoch 024 complete | batches=313 | samples=5000 | time=0:00:39
2026-08-08 04:42:54 | INFO    | 
------------------------------------------------------------------------------------------------
Epoch 024/100 summary
split             total      fourier    amplitude        phase      support        time
train        5.1225e+00   5.1225e+00   1.8934e-02   1.0150e-02   2.6014e+00     0:12:54
validation   5.1682e+00   5.1682e+00   1.8941e-02   1.0333e-02   2.7227e+00     0:00:39
lr=1.000e-03 | best_val=5.1682e+00 | best_updated=yes | periodic_checkpoint=no
------------------------------------------------------------------------------------------------
2026-08-08 04:43:19 | INFO    | TRAIN | epoch=025/100 | batch=00050/01563 (  3.20%) | lr=1.000e-03 | elapsed=0:00:24 | eta=0:12:33
    losses | total=5.0262e+00 | fourier=5.0262e+00 | amplitude=1.7587e-02 | phase=8.4936e-03 | support=2.3678e+00
2026-08-08 04:43:44 | INFO    | TRAIN | epoch=025/100 | batch=00100/01563 (  6.40%) | lr=1.000e-03 | elapsed=0:00:49 | eta=0:12:06
    losses | total=5.3799e+00 | fourier=5.3799e+00 | amplitude=1.9965e-02 | phase=1.1968e-02 | support=2.6023e+00
2026-08-08 04:44:09 | INFO    | TRAIN | epoch=025/100 | batch=00150/01563 (  9.60%) | lr=1.000e-03 | elapsed=0:01:14 | eta=0:11:41
    losses | total=4.9978e+00 | fourier=4.9978e+00 | amplitude=1.8046e-02 | phase=1.1685e-02 | support=2.5566e+00
2026-08-08 04:44:34 | INFO    | TRAIN | epoch=025/100 | batch=00200/01563 ( 12.80%) | lr=1.000e-03 | elapsed=0:01:39 | eta=0:11:16
    losses | total=5.3031e+00 | fourier=5.3031e+00 | amplitude=2.1375e-02 | phase=8.3666e-03 | support=2.7557e+00
2026-08-08 04:44:58 | INFO    | TRAIN | epoch=025/100 | batch=00250/01563 ( 15.99%) | lr=1.000e-03 | elapsed=0:02:03 | eta=0:10:51
    losses | total=5.0295e+00 | fourier=5.0295e+00 | amplitude=1.7122e-02 | phase=1.1208e-02 | support=2.3122e+00
2026-08-08 04:45:23 | INFO    | TRAIN | epoch=025/100 | batch=00300/01563 ( 19.19%) | lr=1.000e-03 | elapsed=0:02:28 | eta=0:10:26
    losses | total=5.4844e+00 | fourier=5.4844e+00 | amplitude=2.0394e-02 | phase=1.0536e-02 | support=2.1949e+00
2026-08-08 04:45:48 | INFO    | TRAIN | epoch=025/100 | batch=00350/01563 ( 22.39%) | lr=1.000e-03 | elapsed=0:02:53 | eta=0:10:01
    losses | total=5.0682e+00 | fourier=5.0682e+00 | amplitude=1.8238e-02 | phase=1.1837e-02 | support=2.3863e+00
2026-08-08 04:46:13 | INFO    | TRAIN | epoch=025/100 | batch=00400/01563 ( 25.59%) | lr=1.000e-03 | elapsed=0:03:18 | eta=0:09:36
    losses | total=4.9533e+00 | fourier=4.9533e+00 | amplitude=1.6886e-02 | phase=1.0206e-02 | support=2.5074e+00
2026-08-08 04:46:37 | INFO    | TRAIN | epoch=025/100 | batch=00450/01563 ( 28.79%) | lr=1.000e-03 | elapsed=0:03:43 | eta=0:09:11
    losses | total=5.3714e+00 | fourier=5.3714e+00 | amplitude=2.0080e-02 | phase=9.5823e-03 | support=2.5597e+00
2026-08-08 04:47:02 | INFO    | TRAIN | epoch=025/100 | batch=00500/01563 ( 31.99%) | lr=1.000e-03 | elapsed=0:04:07 | eta=0:08:46
    losses | total=5.0532e+00 | fourier=5.0532e+00 | amplitude=1.7248e-02 | phase=1.0397e-02 | support=2.6994e+00
2026-08-08 04:47:27 | INFO    | TRAIN | epoch=025/100 | batch=00550/01563 ( 35.19%) | lr=1.000e-03 | elapsed=0:04:32 | eta=0:08:21
    losses | total=5.1262e+00 | fourier=5.1262e+00 | amplitude=1.9651e-02 | phase=8.6432e-03 | support=2.2556e+00
2026-08-08 04:47:52 | INFO    | TRAIN | epoch=025/100 | batch=00600/01563 ( 38.39%) | lr=1.000e-03 | elapsed=0:04:57 | eta=0:07:57
    losses | total=5.1277e+00 | fourier=5.1277e+00 | amplitude=1.7048e-02 | phase=1.1463e-02 | support=2.3709e+00
2026-08-08 04:48:16 | INFO    | TRAIN | epoch=025/100 | batch=00650/01563 ( 41.59%) | lr=1.000e-03 | elapsed=0:05:22 | eta=0:07:32
    losses | total=5.0793e+00 | fourier=5.0793e+00 | amplitude=2.0628e-02 | phase=8.9617e-03 | support=2.6108e+00
2026-08-08 04:48:41 | INFO    | TRAIN | epoch=025/100 | batch=00700/01563 ( 44.79%) | lr=1.000e-03 | elapsed=0:05:46 | eta=0:07:07
    losses | total=5.4182e+00 | fourier=5.4182e+00 | amplitude=2.0775e-02 | phase=9.7366e-03 | support=2.7875e+00
2026-08-08 04:49:06 | INFO    | TRAIN | epoch=025/100 | batch=00750/01563 ( 47.98%) | lr=1.000e-03 | elapsed=0:06:11 | eta=0:06:42
    losses | total=4.9101e+00 | fourier=4.9101e+00 | amplitude=1.7174e-02 | phase=9.4288e-03 | support=2.6237e+00
2026-08-08 04:49:31 | INFO    | TRAIN | epoch=025/100 | batch=00800/01563 ( 51.18%) | lr=1.000e-03 | elapsed=0:06:36 | eta=0:06:18
    losses | total=5.0037e+00 | fourier=5.0037e+00 | amplitude=1.6557e-02 | phase=1.0599e-02 | support=2.4783e+00
2026-08-08 04:49:56 | INFO    | TRAIN | epoch=025/100 | batch=00850/01563 ( 54.38%) | lr=1.000e-03 | elapsed=0:07:01 | eta=0:05:53
    losses | total=5.1665e+00 | fourier=5.1665e+00 | amplitude=1.8782e-02 | phase=9.1774e-03 | support=2.3409e+00
2026-08-08 04:50:20 | INFO    | TRAIN | epoch=025/100 | batch=00900/01563 ( 57.58%) | lr=1.000e-03 | elapsed=0:07:25 | eta=0:05:28
    losses | total=5.0075e+00 | fourier=5.0075e+00 | amplitude=1.9490e-02 | phase=1.0178e-02 | support=2.6408e+00
2026-08-08 04:50:45 | INFO    | TRAIN | epoch=025/100 | batch=00950/01563 ( 60.78%) | lr=1.000e-03 | elapsed=0:07:50 | eta=0:05:03
    losses | total=4.8443e+00 | fourier=4.8443e+00 | amplitude=1.7317e-02 | phase=7.8983e-03 | support=2.4413e+00
2026-08-08 04:51:10 | INFO    | TRAIN | epoch=025/100 | batch=01000/01563 ( 63.98%) | lr=1.000e-03 | elapsed=0:08:15 | eta=0:04:38
    losses | total=5.2595e+00 | fourier=5.2595e+00 | amplitude=2.1741e-02 | phase=9.0876e-03 | support=2.7167e+00
2026-08-08 04:51:35 | INFO    | TRAIN | epoch=025/100 | batch=01050/01563 ( 67.18%) | lr=1.000e-03 | elapsed=0:08:40 | eta=0:04:14
    losses | total=5.2756e+00 | fourier=5.2756e+00 | amplitude=1.9736e-02 | phase=1.1299e-02 | support=2.4312e+00
2026-08-08 04:51:59 | INFO    | TRAIN | epoch=025/100 | batch=01100/01563 ( 70.38%) | lr=1.000e-03 | elapsed=0:09:04 | eta=0:03:49
    losses | total=5.0630e+00 | fourier=5.0630e+00 | amplitude=1.8423e-02 | phase=9.3007e-03 | support=2.3985e+00
2026-08-08 04:52:24 | INFO    | TRAIN | epoch=025/100 | batch=01150/01563 ( 73.58%) | lr=1.000e-03 | elapsed=0:09:29 | eta=0:03:24
    losses | total=5.2244e+00 | fourier=5.2244e+00 | amplitude=1.8434e-02 | phase=1.1107e-02 | support=2.5068e+00
2026-08-08 04:52:49 | INFO    | TRAIN | epoch=025/100 | batch=01200/01563 ( 76.78%) | lr=1.000e-03 | elapsed=0:09:54 | eta=0:02:59
    losses | total=5.3652e+00 | fourier=5.3652e+00 | amplitude=2.0751e-02 | phase=1.1647e-02 | support=2.3056e+00
2026-08-08 04:53:14 | INFO    | TRAIN | epoch=025/100 | batch=01250/01563 ( 79.97%) | lr=1.000e-03 | elapsed=0:10:19 | eta=0:02:35
    losses | total=4.8471e+00 | fourier=4.8471e+00 | amplitude=1.5999e-02 | phase=9.9104e-03 | support=2.4359e+00
2026-08-08 04:53:38 | INFO    | TRAIN | epoch=025/100 | batch=01300/01563 ( 83.17%) | lr=1.000e-03 | elapsed=0:10:43 | eta=0:02:10
    losses | total=5.1362e+00 | fourier=5.1362e+00 | amplitude=1.8717e-02 | phase=8.1179e-03 | support=2.4992e+00
2026-08-08 04:54:03 | INFO    | TRAIN | epoch=025/100 | batch=01350/01563 ( 86.37%) | lr=1.000e-03 | elapsed=0:11:08 | eta=0:01:45
    losses | total=4.8052e+00 | fourier=4.8052e+00 | amplitude=1.6901e-02 | phase=9.1769e-03 | support=2.5027e+00
2026-08-08 04:54:28 | INFO    | TRAIN | epoch=025/100 | batch=01400/01563 ( 89.57%) | lr=1.000e-03 | elapsed=0:11:33 | eta=0:01:20
    losses | total=5.2458e+00 | fourier=5.2458e+00 | amplitude=1.9710e-02 | phase=8.9558e-03 | support=2.9267e+00
2026-08-08 04:54:53 | INFO    | TRAIN | epoch=025/100 | batch=01450/01563 ( 92.77%) | lr=1.000e-03 | elapsed=0:11:58 | eta=0:00:55
    losses | total=5.1656e+00 | fourier=5.1656e+00 | amplitude=1.7553e-02 | phase=8.8926e-03 | support=2.5174e+00
2026-08-08 04:55:17 | INFO    | TRAIN | epoch=025/100 | batch=01500/01563 ( 95.97%) | lr=1.000e-03 | elapsed=0:12:23 | eta=0:00:31
    losses | total=4.8688e+00 | fourier=4.8688e+00 | amplitude=1.6869e-02 | phase=1.0405e-02 | support=2.5510e+00
2026-08-08 04:55:42 | INFO    | TRAIN | epoch=025/100 | batch=01550/01563 ( 99.17%) | lr=1.000e-03 | elapsed=0:12:47 | eta=0:00:06
    losses | total=4.9805e+00 | fourier=4.9805e+00 | amplitude=1.7692e-02 | phase=1.1281e-02 | support=2.3636e+00
2026-08-08 04:55:48 | INFO    | TRAIN | epoch=025/100 | batch=01563/01563 (100.00%) | lr=1.000e-03 | elapsed=0:12:54 | eta=0:00:00
    losses | total=5.0062e+00 | fourier=5.0062e+00 | amplitude=1.8331e-02 | phase=9.6529e-03 | support=2.3515e+00
2026-08-08 04:55:49 | INFO    | TRAIN epoch 025 complete | batches=1563 | samples=25000 | time=0:12:54
2026-08-08 04:55:55 | INFO    | VAL | epoch=025/100 | batch=00050/00313 ( 15.97%) | elapsed=0:00:06 | eta=0:00:33
    losses | total=5.4268e+00 | fourier=5.4268e+00 | amplitude=1.8595e-02 | phase=1.0959e-02 | support=2.4072e+00
2026-08-08 04:56:01 | INFO    | VAL | epoch=025/100 | batch=00100/00313 ( 31.95%) | elapsed=0:00:12 | eta=0:00:27
    losses | total=5.1248e+00 | fourier=5.1248e+00 | amplitude=1.7035e-02 | phase=1.0359e-02 | support=2.3083e+00
2026-08-08 04:56:08 | INFO    | VAL | epoch=025/100 | batch=00150/00313 ( 47.92%) | elapsed=0:00:18 | eta=0:00:20
    losses | total=5.1352e+00 | fourier=5.1352e+00 | amplitude=1.8871e-02 | phase=8.6703e-03 | support=2.6731e+00
2026-08-08 04:56:14 | INFO    | VAL | epoch=025/100 | batch=00200/00313 ( 63.90%) | elapsed=0:00:25 | eta=0:00:14
    losses | total=5.0180e+00 | fourier=5.0180e+00 | amplitude=1.7861e-02 | phase=8.8195e-03 | support=2.3659e+00
2026-08-08 04:56:20 | INFO    | VAL | epoch=025/100 | batch=00250/00313 ( 79.87%) | elapsed=0:00:31 | eta=0:00:07
    losses | total=5.4147e+00 | fourier=5.4147e+00 | amplitude=1.9218e-02 | phase=1.0860e-02 | support=2.4184e+00
2026-08-08 04:56:27 | INFO    | VAL | epoch=025/100 | batch=00300/00313 ( 95.85%) | elapsed=0:00:37 | eta=0:00:01
    losses | total=5.2426e+00 | fourier=5.2426e+00 | amplitude=2.0255e-02 | phase=9.6477e-03 | support=2.6145e+00
2026-08-08 04:56:28 | INFO    | VAL | epoch=025/100 | batch=00313/00313 (100.00%) | elapsed=0:00:39 | eta=0:00:00
    losses | total=5.2125e+00 | fourier=5.2125e+00 | amplitude=2.0057e-02 | phase=1.0009e-02 | support=2.6768e+00
2026-08-08 04:56:28 | INFO    | VAL epoch 025 complete | batches=313 | samples=5000 | time=0:00:39
2026-08-08 04:56:28 | INFO    | 
------------------------------------------------------------------------------------------------
Epoch 025/100 summary
split             total      fourier    amplitude        phase      support        time
train        5.0991e+00   5.0991e+00   1.8932e-02   1.0212e-02   2.5618e+00     0:12:54
validation   5.2071e+00   5.2071e+00   1.8434e-02   9.5548e-03   2.4803e+00     0:00:39
lr=1.000e-03 | best_val=5.1682e+00 | best_updated=no | periodic_checkpoint=no
------------------------------------------------------------------------------------------------
2026-08-08 04:56:53 | INFO    | TRAIN | epoch=026/100 | batch=00050/01563 (  3.20%) | lr=1.000e-03 | elapsed=0:00:24 | eta=0:12:33
    losses | total=5.1053e+00 | fourier=5.1053e+00 | amplitude=1.9024e-02 | phase=1.0051e-02 | support=2.5903e+00
2026-08-08 04:57:18 | INFO    | TRAIN | epoch=026/100 | batch=00100/01563 (  6.40%) | lr=1.000e-03 | elapsed=0:00:49 | eta=0:12:06
    losses | total=5.0109e+00 | fourier=5.0109e+00 | amplitude=1.8433e-02 | phase=1.0732e-02 | support=2.5764e+00
2026-08-08 04:57:43 | INFO    | TRAIN | epoch=026/100 | batch=00150/01563 (  9.60%) | lr=1.000e-03 | elapsed=0:01:14 | eta=0:11:41
    losses | total=5.0378e+00 | fourier=5.0378e+00 | amplitude=1.9292e-02 | phase=1.1316e-02 | support=2.6005e+00
2026-08-08 04:58:08 | INFO    | TRAIN | epoch=026/100 | batch=00200/01563 ( 12.80%) | lr=1.000e-03 | elapsed=0:01:39 | eta=0:11:15
    losses | total=5.1589e+00 | fourier=5.1589e+00 | amplitude=2.0443e-02 | phase=1.0309e-02 | support=2.5214e+00
2026-08-08 04:58:32 | INFO    | TRAIN | epoch=026/100 | batch=00250/01563 ( 15.99%) | lr=1.000e-03 | elapsed=0:02:03 | eta=0:10:51
    losses | total=5.0667e+00 | fourier=5.0667e+00 | amplitude=1.9199e-02 | phase=9.5832e-03 | support=2.7452e+00
2026-08-08 04:58:57 | INFO    | TRAIN | epoch=026/100 | batch=00300/01563 ( 19.19%) | lr=1.000e-03 | elapsed=0:02:28 | eta=0:10:26
    losses | total=4.7829e+00 | fourier=4.7829e+00 | amplitude=1.6127e-02 | phase=8.7514e-03 | support=2.5622e+00
2026-08-08 04:59:22 | INFO    | TRAIN | epoch=026/100 | batch=00350/01563 ( 22.39%) | lr=1.000e-03 | elapsed=0:02:53 | eta=0:10:01
    losses | total=4.8465e+00 | fourier=4.8465e+00 | amplitude=1.7721e-02 | phase=1.1081e-02 | support=2.9078e+00
2026-08-08 04:59:47 | INFO    | TRAIN | epoch=026/100 | batch=00400/01563 ( 25.59%) | lr=1.000e-03 | elapsed=0:03:18 | eta=0:09:36
    losses | total=5.0338e+00 | fourier=5.0338e+00 | amplitude=1.8113e-02 | phase=1.0915e-02 | support=2.4224e+00
2026-08-08 05:00:11 | INFO    | TRAIN | epoch=026/100 | batch=00450/01563 ( 28.79%) | lr=1.000e-03 | elapsed=0:03:43 | eta=0:09:11
    losses | total=4.8997e+00 | fourier=4.8997e+00 | amplitude=1.6553e-02 | phase=1.1700e-02 | support=2.5301e+00
2026-08-08 05:00:36 | INFO    | TRAIN | epoch=026/100 | batch=00500/01563 ( 31.99%) | lr=1.000e-03 | elapsed=0:04:07 | eta=0:08:46
    losses | total=5.2584e+00 | fourier=5.2584e+00 | amplitude=1.9042e-02 | phase=9.6241e-03 | support=2.5122e+00
2026-08-08 05:01:01 | INFO    | TRAIN | epoch=026/100 | batch=00550/01563 ( 35.19%) | lr=1.000e-03 | elapsed=0:04:32 | eta=0:08:21
    losses | total=5.2271e+00 | fourier=5.2271e+00 | amplitude=2.0626e-02 | phase=1.0525e-02 | support=2.4880e+00
2026-08-08 05:01:26 | INFO    | TRAIN | epoch=026/100 | batch=00600/01563 ( 38.39%) | lr=1.000e-03 | elapsed=0:04:57 | eta=0:07:57
    losses | total=4.9901e+00 | fourier=4.9901e+00 | amplitude=1.7579e-02 | phase=1.1742e-02 | support=2.4650e+00
2026-08-08 05:01:51 | INFO    | TRAIN | epoch=026/100 | batch=00650/01563 ( 41.59%) | lr=1.000e-03 | elapsed=0:05:22 | eta=0:07:32
    losses | total=5.0369e+00 | fourier=5.0369e+00 | amplitude=1.6499e-02 | phase=9.4166e-03 | support=2.3650e+00
2026-08-08 05:02:15 | INFO    | TRAIN | epoch=026/100 | batch=00700/01563 ( 44.79%) | lr=1.000e-03 | elapsed=0:05:46 | eta=0:07:07
    losses | total=5.2045e+00 | fourier=5.2045e+00 | amplitude=1.9698e-02 | phase=1.2968e-02 | support=2.8688e+00
2026-08-08 05:02:40 | INFO    | TRAIN | epoch=026/100 | batch=00750/01563 ( 47.98%) | lr=1.000e-03 | elapsed=0:06:11 | eta=0:06:42
    losses | total=5.0927e+00 | fourier=5.0927e+00 | amplitude=1.8310e-02 | phase=1.2323e-02 | support=2.7892e+00
2026-08-08 05:03:05 | INFO    | TRAIN | epoch=026/100 | batch=00800/01563 ( 51.18%) | lr=1.000e-03 | elapsed=0:06:36 | eta=0:06:18
    losses | total=5.2536e+00 | fourier=5.2536e+00 | amplitude=1.9087e-02 | phase=1.0340e-02 | support=2.5395e+00
2026-08-08 05:03:30 | INFO    | TRAIN | epoch=026/100 | batch=00850/01563 ( 54.38%) | lr=1.000e-03 | elapsed=0:07:01 | eta=0:05:53
    losses | total=5.2244e+00 | fourier=5.2244e+00 | amplitude=1.7973e-02 | phase=9.2935e-03 | support=2.8826e+00
2026-08-08 05:03:54 | INFO    | TRAIN | epoch=026/100 | batch=00900/01563 ( 57.58%) | lr=1.000e-03 | elapsed=0:07:25 | eta=0:05:28
    losses | total=5.1265e+00 | fourier=5.1265e+00 | amplitude=1.9305e-02 | phase=7.8357e-03 | support=2.9142e+00
2026-08-08 05:04:19 | INFO    | TRAIN | epoch=026/100 | batch=00950/01563 ( 60.78%) | lr=1.000e-03 | elapsed=0:07:50 | eta=0:05:03
    losses | total=4.9255e+00 | fourier=4.9255e+00 | amplitude=1.9171e-02 | phase=1.2468e-02 | support=2.7356e+00
2026-08-08 05:04:44 | INFO    | TRAIN | epoch=026/100 | batch=01000/01563 ( 63.98%) | lr=1.000e-03 | elapsed=0:08:15 | eta=0:04:38
    losses | total=4.6902e+00 | fourier=4.6902e+00 | amplitude=1.4987e-02 | phase=6.2118e-03 | support=2.5371e+00
2026-08-08 05:05:09 | INFO    | TRAIN | epoch=026/100 | batch=01050/01563 ( 67.18%) | lr=1.000e-03 | elapsed=0:08:40 | eta=0:04:14
    losses | total=5.1491e+00 | fourier=5.1491e+00 | amplitude=1.9117e-02 | phase=1.1058e-02 | support=2.6387e+00
2026-08-08 05:05:33 | INFO    | TRAIN | epoch=026/100 | batch=01100/01563 ( 70.38%) | lr=1.000e-03 | elapsed=0:09:04 | eta=0:03:49
    losses | total=4.8885e+00 | fourier=4.8885e+00 | amplitude=2.0127e-02 | phase=1.1696e-02 | support=2.6002e+00
2026-08-08 05:05:58 | INFO    | TRAIN | epoch=026/100 | batch=01150/01563 ( 73.58%) | lr=1.000e-03 | elapsed=0:09:29 | eta=0:03:24
    losses | total=5.2826e+00 | fourier=5.2826e+00 | amplitude=1.9740e-02 | phase=7.9940e-03 | support=2.6716e+00
2026-08-08 05:06:23 | INFO    | TRAIN | epoch=026/100 | batch=01200/01563 ( 76.78%) | lr=1.000e-03 | elapsed=0:09:54 | eta=0:02:59
    losses | total=5.0922e+00 | fourier=5.0922e+00 | amplitude=1.8974e-02 | phase=1.1497e-02 | support=2.7606e+00
2026-08-08 05:06:48 | INFO    | TRAIN | epoch=026/100 | batch=01250/01563 ( 79.97%) | lr=1.000e-03 | elapsed=0:10:19 | eta=0:02:35
    losses | total=5.3949e+00 | fourier=5.3949e+00 | amplitude=2.3611e-02 | phase=9.3699e-03 | support=2.7515e+00
2026-08-08 05:07:12 | INFO    | TRAIN | epoch=026/100 | batch=01300/01563 ( 83.17%) | lr=1.000e-03 | elapsed=0:10:43 | eta=0:02:10
    losses | total=4.9899e+00 | fourier=4.9899e+00 | amplitude=1.6968e-02 | phase=9.2783e-03 | support=2.3157e+00
2026-08-08 05:07:37 | INFO    | TRAIN | epoch=026/100 | batch=01350/01563 ( 86.37%) | lr=1.000e-03 | elapsed=0:11:08 | eta=0:01:45
    losses | total=5.0576e+00 | fourier=5.0576e+00 | amplitude=1.7723e-02 | phase=1.0833e-02 | support=2.7569e+00
2026-08-08 05:08:02 | INFO    | TRAIN | epoch=026/100 | batch=01400/01563 ( 89.57%) | lr=1.000e-03 | elapsed=0:11:33 | eta=0:01:20
    losses | total=5.0107e+00 | fourier=5.0107e+00 | amplitude=1.8508e-02 | phase=1.3332e-02 | support=2.6070e+00
2026-08-08 05:08:27 | INFO    | TRAIN | epoch=026/100 | batch=01450/01563 ( 92.77%) | lr=1.000e-03 | elapsed=0:11:58 | eta=0:00:55
    losses | total=5.1000e+00 | fourier=5.1000e+00 | amplitude=1.9768e-02 | phase=1.0969e-02 | support=2.6531e+00
2026-08-08 05:08:52 | INFO    | TRAIN | epoch=026/100 | batch=01500/01563 ( 95.97%) | lr=1.000e-03 | elapsed=0:12:23 | eta=0:00:31
    losses | total=4.9136e+00 | fourier=4.9136e+00 | amplitude=1.7104e-02 | phase=8.8198e-03 | support=2.2523e+00
2026-08-08 05:09:16 | INFO    | TRAIN | epoch=026/100 | batch=01550/01563 ( 99.17%) | lr=1.000e-03 | elapsed=0:12:47 | eta=0:00:06
    losses | total=5.4354e+00 | fourier=5.4354e+00 | amplitude=2.1567e-02 | phase=8.6312e-03 | support=2.6866e+00
2026-08-08 05:09:22 | INFO    | TRAIN | epoch=026/100 | batch=01563/01563 (100.00%) | lr=1.000e-03 | elapsed=0:12:54 | eta=0:00:00
    losses | total=5.1616e+00 | fourier=5.1616e+00 | amplitude=1.8342e-02 | phase=9.1789e-03 | support=2.6254e+00
2026-08-08 05:09:23 | INFO    | TRAIN epoch 026 complete | batches=1563 | samples=25000 | time=0:12:54
2026-08-08 05:09:29 | INFO    | VAL | epoch=026/100 | batch=00050/00313 ( 15.97%) | elapsed=0:00:06 | eta=0:00:33
    losses | total=5.4306e+00 | fourier=5.4306e+00 | amplitude=1.8918e-02 | phase=1.1298e-02 | support=2.6231e+00
2026-08-08 05:09:35 | INFO    | VAL | epoch=026/100 | batch=00100/00313 ( 31.95%) | elapsed=0:00:12 | eta=0:00:27
    losses | total=5.0985e+00 | fourier=5.0985e+00 | amplitude=1.7340e-02 | phase=1.0784e-02 | support=2.4822e+00
2026-08-08 05:09:42 | INFO    | VAL | epoch=026/100 | batch=00150/00313 ( 47.92%) | elapsed=0:00:18 | eta=0:00:20
    losses | total=5.1479e+00 | fourier=5.1479e+00 | amplitude=1.9144e-02 | phase=9.1461e-03 | support=2.9055e+00
2026-08-08 05:09:48 | INFO    | VAL | epoch=026/100 | batch=00200/00313 ( 63.90%) | elapsed=0:00:25 | eta=0:00:14
    losses | total=4.9919e+00 | fourier=4.9919e+00 | amplitude=1.8190e-02 | phase=9.4908e-03 | support=2.5127e+00
2026-08-08 05:09:54 | INFO    | VAL | epoch=026/100 | batch=00250/00313 ( 79.87%) | elapsed=0:00:31 | eta=0:00:07
    losses | total=5.4087e+00 | fourier=5.4087e+00 | amplitude=1.9501e-02 | phase=1.1279e-02 | support=2.6872e+00
2026-08-08 05:10:01 | INFO    | VAL | epoch=026/100 | batch=00300/00313 ( 95.85%) | elapsed=0:00:37 | eta=0:00:01
    losses | total=5.1958e+00 | fourier=5.1958e+00 | amplitude=2.0538e-02 | phase=1.0290e-02 | support=2.7708e+00
2026-08-08 05:10:02 | INFO    | VAL | epoch=026/100 | batch=00313/00313 (100.00%) | elapsed=0:00:39 | eta=0:00:00
    losses | total=5.2156e+00 | fourier=5.2156e+00 | amplitude=2.0171e-02 | phase=1.1225e-02 | support=2.8396e+00
2026-08-08 05:10:02 | INFO    | VAL epoch 026 complete | batches=313 | samples=5000 | time=0:00:39
2026-08-08 05:10:03 | INFO    | 
------------------------------------------------------------------------------------------------
Epoch 026/100 summary
split             total      fourier    amplitude        phase      support        time
train        5.0918e+00   5.0918e+00   1.8966e-02   1.0234e-02   2.5815e+00     0:12:54
validation   5.1911e+00   5.1911e+00   1.8644e-02   9.9655e-03   2.6685e+00     0:00:39
lr=1.000e-03 | best_val=5.1682e+00 | best_updated=no | periodic_checkpoint=no
------------------------------------------------------------------------------------------------
2026-08-08 05:10:27 | INFO    | TRAIN | epoch=027/100 | batch=00050/01563 (  3.20%) | lr=1.000e-03 | elapsed=0:00:24 | eta=0:12:33
    losses | total=5.3095e+00 | fourier=5.3095e+00 | amplitude=1.9013e-02 | phase=1.1262e-02 | support=2.3013e+00
2026-08-08 05:10:52 | INFO    | TRAIN | epoch=027/100 | batch=00100/01563 (  6.40%) | lr=1.000e-03 | elapsed=0:00:49 | eta=0:12:06
    losses | total=5.0755e+00 | fourier=5.0755e+00 | amplitude=1.7431e-02 | phase=7.8101e-03 | support=2.5965e+00
2026-08-08 05:11:17 | INFO    | TRAIN | epoch=027/100 | batch=00150/01563 (  9.60%) | lr=1.000e-03 | elapsed=0:01:14 | eta=0:11:41
    losses | total=5.3377e+00 | fourier=5.3377e+00 | amplitude=1.9675e-02 | phase=1.1554e-02 | support=2.5471e+00
2026-08-08 05:11:42 | INFO    | TRAIN | epoch=027/100 | batch=00200/01563 ( 12.80%) | lr=1.000e-03 | elapsed=0:01:39 | eta=0:11:16
    losses | total=4.8171e+00 | fourier=4.8171e+00 | amplitude=1.8365e-02 | phase=1.0991e-02 | support=2.4344e+00
2026-08-08 05:12:06 | INFO    | TRAIN | epoch=027/100 | batch=00250/01563 ( 15.99%) | lr=1.000e-03 | elapsed=0:02:03 | eta=0:10:51
    losses | total=4.6241e+00 | fourier=4.6241e+00 | amplitude=1.7594e-02 | phase=1.1794e-02 | support=2.4659e+00
2026-08-08 05:12:31 | INFO    | TRAIN | epoch=027/100 | batch=00300/01563 ( 19.19%) | lr=1.000e-03 | elapsed=0:02:28 | eta=0:10:26
    losses | total=4.8735e+00 | fourier=4.8735e+00 | amplitude=1.6457e-02 | phase=1.0375e-02 | support=2.3832e+00
2026-08-08 05:12:56 | INFO    | TRAIN | epoch=027/100 | batch=00350/01563 ( 22.39%) | lr=1.000e-03 | elapsed=0:02:53 | eta=0:10:01
    losses | total=5.2090e+00 | fourier=5.2090e+00 | amplitude=2.1424e-02 | phase=1.2738e-02 | support=2.6152e+00
2026-08-08 05:13:21 | INFO    | TRAIN | epoch=027/100 | batch=00400/01563 ( 25.59%) | lr=1.000e-03 | elapsed=0:03:18 | eta=0:09:36
    losses | total=4.9181e+00 | fourier=4.9181e+00 | amplitude=1.9508e-02 | phase=9.7413e-03 | support=2.4582e+00
2026-08-08 05:13:46 | INFO    | TRAIN | epoch=027/100 | batch=00450/01563 ( 28.79%) | lr=1.000e-03 | elapsed=0:03:43 | eta=0:09:11
    losses | total=4.9433e+00 | fourier=4.9433e+00 | amplitude=1.6398e-02 | phase=1.0742e-02 | support=2.6323e+00
2026-08-08 05:14:10 | INFO    | TRAIN | epoch=027/100 | batch=00500/01563 ( 31.99%) | lr=1.000e-03 | elapsed=0:04:07 | eta=0:08:46
    losses | total=4.8476e+00 | fourier=4.8476e+00 | amplitude=1.8599e-02 | phase=1.2146e-02 | support=2.6129e+00
2026-08-08 05:14:35 | INFO    | TRAIN | epoch=027/100 | batch=00550/01563 ( 35.19%) | lr=1.000e-03 | elapsed=0:04:32 | eta=0:08:21
    losses | total=5.0913e+00 | fourier=5.0913e+00 | amplitude=1.9249e-02 | phase=1.1021e-02 | support=2.5493e+00
2026-08-08 05:15:00 | INFO    | TRAIN | epoch=027/100 | batch=00600/01563 ( 38.39%) | lr=1.000e-03 | elapsed=0:04:57 | eta=0:07:57
    losses | total=5.3482e+00 | fourier=5.3482e+00 | amplitude=2.0436e-02 | phase=1.0947e-02 | support=2.7815e+00
2026-08-08 05:15:25 | INFO    | TRAIN | epoch=027/100 | batch=00650/01563 ( 41.59%) | lr=1.000e-03 | elapsed=0:05:22 | eta=0:07:32
    losses | total=4.9610e+00 | fourier=4.9610e+00 | amplitude=1.7443e-02 | phase=9.9366e-03 | support=2.5235e+00
2026-08-08 05:15:49 | INFO    | TRAIN | epoch=027/100 | batch=00700/01563 ( 44.79%) | lr=1.000e-03 | elapsed=0:05:46 | eta=0:07:07
    losses | total=5.2582e+00 | fourier=5.2582e+00 | amplitude=1.8847e-02 | phase=1.0393e-02 | support=2.5651e+00
2026-08-08 05:16:14 | INFO    | TRAIN | epoch=027/100 | batch=00750/01563 ( 47.98%) | lr=1.000e-03 | elapsed=0:06:11 | eta=0:06:42
    losses | total=5.1877e+00 | fourier=5.1877e+00 | amplitude=2.0691e-02 | phase=1.0157e-02 | support=2.6020e+00
2026-08-08 05:16:39 | INFO    | TRAIN | epoch=027/100 | batch=00800/01563 ( 51.18%) | lr=1.000e-03 | elapsed=0:06:36 | eta=0:06:18
    losses | total=4.7513e+00 | fourier=4.7513e+00 | amplitude=1.5460e-02 | phase=8.5349e-03 | support=2.6027e+00
2026-08-08 05:17:04 | INFO    | TRAIN | epoch=027/100 | batch=00850/01563 ( 54.38%) | lr=1.000e-03 | elapsed=0:07:01 | eta=0:05:53
    losses | total=4.7758e+00 | fourier=4.7758e+00 | amplitude=1.5333e-02 | phase=9.1955e-03 | support=2.4723e+00
2026-08-08 05:17:28 | INFO    | TRAIN | epoch=027/100 | batch=00900/01563 ( 57.58%) | lr=1.000e-03 | elapsed=0:07:25 | eta=0:05:28
    losses | total=4.5799e+00 | fourier=4.5799e+00 | amplitude=1.4553e-02 | phase=9.8222e-03 | support=2.4296e+00
2026-08-08 05:17:53 | INFO    | TRAIN | epoch=027/100 | batch=00950/01563 ( 60.78%) | lr=1.000e-03 | elapsed=0:07:50 | eta=0:05:03
    losses | total=5.3175e+00 | fourier=5.3175e+00 | amplitude=1.9062e-02 | phase=1.0050e-02 | support=2.5446e+00
2026-08-08 05:18:18 | INFO    | TRAIN | epoch=027/100 | batch=01000/01563 ( 63.98%) | lr=1.000e-03 | elapsed=0:08:15 | eta=0:04:38
    losses | total=4.8778e+00 | fourier=4.8778e+00 | amplitude=1.9184e-02 | phase=1.1782e-02 | support=2.5007e+00
2026-08-08 05:18:43 | INFO    | TRAIN | epoch=027/100 | batch=01050/01563 ( 67.18%) | lr=1.000e-03 | elapsed=0:08:40 | eta=0:04:14
    losses | total=5.0852e+00 | fourier=5.0852e+00 | amplitude=1.7097e-02 | phase=1.1304e-02 | support=2.4765e+00
2026-08-08 05:19:07 | INFO    | TRAIN | epoch=027/100 | batch=01100/01563 ( 70.38%) | lr=1.000e-03 | elapsed=0:09:04 | eta=0:03:49
    losses | total=5.2938e+00 | fourier=5.2938e+00 | amplitude=2.1768e-02 | phase=1.0128e-02 | support=2.5401e+00
2026-08-08 05:19:32 | INFO    | TRAIN | epoch=027/100 | batch=01150/01563 ( 73.58%) | lr=1.000e-03 | elapsed=0:09:29 | eta=0:03:24
    losses | total=4.9805e+00 | fourier=4.9805e+00 | amplitude=1.7301e-02 | phase=1.0875e-02 | support=2.2959e+00
2026-08-08 05:19:57 | INFO    | TRAIN | epoch=027/100 | batch=01200/01563 ( 76.78%) | lr=1.000e-03 | elapsed=0:09:54 | eta=0:02:59
    losses | total=4.6191e+00 | fourier=4.6191e+00 | amplitude=1.5481e-02 | phase=1.0508e-02 | support=2.3616e+00
2026-08-08 05:20:22 | INFO    | TRAIN | epoch=027/100 | batch=01250/01563 ( 79.97%) | lr=1.000e-03 | elapsed=0:10:19 | eta=0:02:35
    losses | total=5.0435e+00 | fourier=5.0435e+00 | amplitude=2.0355e-02 | phase=9.1834e-03 | support=2.9140e+00
2026-08-08 05:20:47 | INFO    | TRAIN | epoch=027/100 | batch=01300/01563 ( 83.17%) | lr=1.000e-03 | elapsed=0:10:44 | eta=0:02:10
    losses | total=5.2634e+00 | fourier=5.2634e+00 | amplitude=1.9704e-02 | phase=1.0472e-02 | support=2.5532e+00
2026-08-08 05:21:11 | INFO    | TRAIN | epoch=027/100 | batch=01350/01563 ( 86.37%) | lr=1.000e-03 | elapsed=0:11:08 | eta=0:01:45
    losses | total=4.6216e+00 | fourier=4.6216e+00 | amplitude=1.5605e-02 | phase=9.1131e-03 | support=2.2942e+00
2026-08-08 05:21:36 | INFO    | TRAIN | epoch=027/100 | batch=01400/01563 ( 89.57%) | lr=1.000e-03 | elapsed=0:11:33 | eta=0:01:20
    losses | total=5.1865e+00 | fourier=5.1865e+00 | amplitude=2.0186e-02 | phase=1.1283e-02 | support=2.5500e+00
2026-08-08 05:22:01 | INFO    | TRAIN | epoch=027/100 | batch=01450/01563 ( 92.77%) | lr=1.000e-03 | elapsed=0:11:58 | eta=0:00:55
    losses | total=4.7480e+00 | fourier=4.7480e+00 | amplitude=1.7471e-02 | phase=1.0197e-02 | support=2.6015e+00
2026-08-08 05:22:26 | INFO    | TRAIN | epoch=027/100 | batch=01500/01563 ( 95.97%) | lr=1.000e-03 | elapsed=0:12:23 | eta=0:00:31
    losses | total=5.0427e+00 | fourier=5.0427e+00 | amplitude=1.8789e-02 | phase=9.8067e-03 | support=2.7591e+00
2026-08-08 05:22:50 | INFO    | TRAIN | epoch=027/100 | batch=01550/01563 ( 99.17%) | lr=1.000e-03 | elapsed=0:12:47 | eta=0:00:06
    losses | total=4.8414e+00 | fourier=4.8414e+00 | amplitude=1.8217e-02 | phase=1.0911e-02 | support=2.7369e+00
2026-08-08 05:22:57 | INFO    | TRAIN | epoch=027/100 | batch=01563/01563 (100.00%) | lr=1.000e-03 | elapsed=0:12:54 | eta=0:00:00
    losses | total=5.2140e+00 | fourier=5.2140e+00 | amplitude=1.8447e-02 | phase=1.0453e-02 | support=2.5621e+00
2026-08-08 05:22:57 | INFO    | TRAIN epoch 027 complete | batches=1563 | samples=25000 | time=0:12:54
2026-08-08 05:23:03 | INFO    | VAL | epoch=027/100 | batch=00050/00313 ( 15.97%) | elapsed=0:00:06 | eta=0:00:33
    losses | total=5.3502e+00 | fourier=5.3502e+00 | amplitude=1.9665e-02 | phase=1.2012e-02 | support=2.7084e+00
2026-08-08 05:23:10 | INFO    | VAL | epoch=027/100 | batch=00100/00313 ( 31.95%) | elapsed=0:00:12 | eta=0:00:27
    losses | total=5.0942e+00 | fourier=5.0942e+00 | amplitude=1.7471e-02 | phase=1.0725e-02 | support=2.4315e+00
2026-08-08 05:23:16 | INFO    | VAL | epoch=027/100 | batch=00150/00313 ( 47.92%) | elapsed=0:00:18 | eta=0:00:20
    losses | total=5.0906e+00 | fourier=5.0906e+00 | amplitude=1.9458e-02 | phase=9.5528e-03 | support=2.8257e+00
2026-08-08 05:23:22 | INFO    | VAL | epoch=027/100 | batch=00200/00313 ( 63.90%) | elapsed=0:00:25 | eta=0:00:14
    losses | total=5.0349e+00 | fourier=5.0349e+00 | amplitude=1.8615e-02 | phase=9.4726e-03 | support=2.5721e+00
2026-08-08 05:23:28 | INFO    | VAL | epoch=027/100 | batch=00250/00313 ( 79.87%) | elapsed=0:00:31 | eta=0:00:07
    losses | total=5.3734e+00 | fourier=5.3734e+00 | amplitude=1.9567e-02 | phase=1.1719e-02 | support=2.5762e+00
2026-08-08 05:23:35 | INFO    | VAL | epoch=027/100 | batch=00300/00313 ( 95.85%) | elapsed=0:00:37 | eta=0:00:01
    losses | total=5.2097e+00 | fourier=5.2097e+00 | amplitude=2.0780e-02 | phase=1.0776e-02 | support=2.8251e+00
2026-08-08 05:23:36 | INFO    | VAL | epoch=027/100 | batch=00313/00313 (100.00%) | elapsed=0:00:39 | eta=0:00:00
    losses | total=5.1914e+00 | fourier=5.1914e+00 | amplitude=2.0549e-02 | phase=1.1568e-02 | support=2.8126e+00
2026-08-08 05:23:36 | INFO    | VAL epoch 027 complete | batches=313 | samples=5000 | time=0:00:39
2026-08-08 05:23:37 | INFO    | 
------------------------------------------------------------------------------------------------
Epoch 027/100 summary
split             total      fourier    amplitude        phase      support        time
train        5.0784e+00   5.0784e+00   1.9019e-02   1.0292e-02   2.6087e+00     0:12:54
validation   5.1864e+00   5.1864e+00   1.9018e-02   1.0405e-02   2.6619e+00     0:00:39
lr=1.000e-03 | best_val=5.1682e+00 | best_updated=no | periodic_checkpoint=no
------------------------------------------------------------------------------------------------
2026-08-08 05:24:02 | INFO    | TRAIN | epoch=028/100 | batch=00050/01563 (  3.20%) | lr=1.000e-03 | elapsed=0:00:24 | eta=0:12:33
    losses | total=4.9764e+00 | fourier=4.9764e+00 | amplitude=1.6526e-02 | phase=7.2376e-03 | support=2.6913e+00
2026-08-08 05:24:26 | INFO    | TRAIN | epoch=028/100 | batch=00100/01563 (  6.40%) | lr=1.000e-03 | elapsed=0:00:49 | eta=0:12:06
    losses | total=5.1401e+00 | fourier=5.1401e+00 | amplitude=2.0681e-02 | phase=9.9548e-03 | support=2.6023e+00
2026-08-08 05:24:51 | INFO    | TRAIN | epoch=028/100 | batch=00150/01563 (  9.60%) | lr=1.000e-03 | elapsed=0:01:14 | eta=0:11:41
    losses | total=5.1813e+00 | fourier=5.1813e+00 | amplitude=1.7588e-02 | phase=1.0258e-02 | support=2.3047e+00
2026-08-08 05:25:16 | INFO    | TRAIN | epoch=028/100 | batch=00200/01563 ( 12.80%) | lr=1.000e-03 | elapsed=0:01:39 | eta=0:11:16
    losses | total=5.0237e+00 | fourier=5.0237e+00 | amplitude=1.8211e-02 | phase=9.8607e-03 | support=2.4297e+00
2026-08-08 05:25:41 | INFO    | TRAIN | epoch=028/100 | batch=00250/01563 ( 15.99%) | lr=1.000e-03 | elapsed=0:02:03 | eta=0:10:51
    losses | total=5.0296e+00 | fourier=5.0296e+00 | amplitude=1.5108e-02 | phase=6.8616e-03 | support=2.0191e+00
2026-08-08 05:26:05 | INFO    | TRAIN | epoch=028/100 | batch=00300/01563 ( 19.19%) | lr=1.000e-03 | elapsed=0:02:28 | eta=0:10:26
    losses | total=6.0141e+00 | fourier=6.0141e+00 | amplitude=2.1036e-02 | phase=8.8292e-03 | support=3.2902e+00
2026-08-08 05:26:30 | INFO    | TRAIN | epoch=028/100 | batch=00350/01563 ( 22.39%) | lr=1.000e-03 | elapsed=0:02:53 | eta=0:10:01
    losses | total=5.5343e+00 | fourier=5.5343e+00 | amplitude=2.0097e-02 | phase=9.6142e-03 | support=3.1552e+00
2026-08-08 05:26:55 | INFO    | TRAIN | epoch=028/100 | batch=00400/01563 ( 25.59%) | lr=1.000e-03 | elapsed=0:03:18 | eta=0:09:36
    losses | total=5.2379e+00 | fourier=5.2379e+00 | amplitude=1.8422e-02 | phase=1.0944e-02 | support=2.7847e+00
2026-08-08 05:27:20 | INFO    | TRAIN | epoch=028/100 | batch=00450/01563 ( 28.79%) | lr=1.000e-03 | elapsed=0:03:43 | eta=0:09:11
    losses | total=5.0057e+00 | fourier=5.0057e+00 | amplitude=1.8328e-02 | phase=1.0532e-02 | support=2.6351e+00
2026-08-08 05:27:44 | INFO    | TRAIN | epoch=028/100 | batch=00500/01563 ( 31.99%) | lr=1.000e-03 | elapsed=0:04:07 | eta=0:08:46
    losses | total=5.1719e+00 | fourier=5.1719e+00 | amplitude=1.8845e-02 | phase=9.9332e-03 | support=2.5779e+00
2026-08-08 05:28:09 | INFO    | TRAIN | epoch=028/100 | batch=00550/01563 ( 35.19%) | lr=1.000e-03 | elapsed=0:04:32 | eta=0:08:21
    losses | total=4.7892e+00 | fourier=4.7892e+00 | amplitude=1.7241e-02 | phase=1.0975e-02 | support=2.3554e+00
2026-08-08 05:28:34 | INFO    | TRAIN | epoch=028/100 | batch=00600/01563 ( 38.39%) | lr=1.000e-03 | elapsed=0:04:57 | eta=0:07:57
    losses | total=4.9673e+00 | fourier=4.9673e+00 | amplitude=1.7648e-02 | phase=9.0272e-03 | support=2.4360e+00
2026-08-08 05:28:59 | INFO    | TRAIN | epoch=028/100 | batch=00650/01563 ( 41.59%) | lr=1.000e-03 | elapsed=0:05:22 | eta=0:07:32
    losses | total=5.1736e+00 | fourier=5.1736e+00 | amplitude=1.9893e-02 | phase=1.0102e-02 | support=2.4271e+00
2026-08-08 05:29:23 | INFO    | TRAIN | epoch=028/100 | batch=00700/01563 ( 44.79%) | lr=1.000e-03 | elapsed=0:05:46 | eta=0:07:07
    losses | total=5.0814e+00 | fourier=5.0814e+00 | amplitude=1.7702e-02 | phase=1.0727e-02 | support=2.4961e+00
2026-08-08 05:29:48 | INFO    | TRAIN | epoch=028/100 | batch=00750/01563 ( 47.98%) | lr=1.000e-03 | elapsed=0:06:11 | eta=0:06:42
    losses | total=4.7971e+00 | fourier=4.7971e+00 | amplitude=1.6448e-02 | phase=1.0778e-02 | support=2.3453e+00
2026-08-08 05:30:13 | INFO    | TRAIN | epoch=028/100 | batch=00800/01563 ( 51.18%) | lr=1.000e-03 | elapsed=0:06:36 | eta=0:06:18
    losses | total=5.1555e+00 | fourier=5.1555e+00 | amplitude=2.0659e-02 | phase=9.5478e-03 | support=2.6439e+00
2026-08-08 05:30:38 | INFO    | TRAIN | epoch=028/100 | batch=00850/01563 ( 54.38%) | lr=1.000e-03 | elapsed=0:07:01 | eta=0:05:53
    losses | total=5.3107e+00 | fourier=5.3107e+00 | amplitude=2.3251e-02 | phase=1.0184e-02 | support=2.6377e+00
2026-08-08 05:31:03 | INFO    | TRAIN | epoch=028/100 | batch=00900/01563 ( 57.58%) | lr=1.000e-03 | elapsed=0:07:25 | eta=0:05:28
    losses | total=5.5381e+00 | fourier=5.5381e+00 | amplitude=2.2506e-02 | phase=9.9592e-03 | support=2.7600e+00
2026-08-08 05:31:27 | INFO    | TRAIN | epoch=028/100 | batch=00950/01563 ( 60.78%) | lr=1.000e-03 | elapsed=0:07:50 | eta=0:05:03
    losses | total=5.1988e+00 | fourier=5.1988e+00 | amplitude=1.9703e-02 | phase=9.9939e-03 | support=2.7059e+00
2026-08-08 05:31:52 | INFO    | TRAIN | epoch=028/100 | batch=01000/01563 ( 63.98%) | lr=1.000e-03 | elapsed=0:08:15 | eta=0:04:38
    losses | total=5.3134e+00 | fourier=5.3134e+00 | amplitude=2.0433e-02 | phase=1.0019e-02 | support=2.4321e+00
2026-08-08 05:32:17 | INFO    | TRAIN | epoch=028/100 | batch=01050/01563 ( 67.18%) | lr=1.000e-03 | elapsed=0:08:40 | eta=0:04:14
    losses | total=5.5886e+00 | fourier=5.5886e+00 | amplitude=2.1990e-02 | phase=1.2548e-02 | support=2.4844e+00
2026-08-08 05:32:42 | INFO    | TRAIN | epoch=028/100 | batch=01100/01563 ( 70.38%) | lr=1.000e-03 | elapsed=0:09:04 | eta=0:03:49
    losses | total=4.9267e+00 | fourier=4.9267e+00 | amplitude=1.8838e-02 | phase=9.4543e-03 | support=2.7757e+00
2026-08-08 05:33:06 | INFO    | TRAIN | epoch=028/100 | batch=01150/01563 ( 73.58%) | lr=1.000e-03 | elapsed=0:09:29 | eta=0:03:24
    losses | total=4.9538e+00 | fourier=4.9538e+00 | amplitude=1.9041e-02 | phase=1.0133e-02 | support=2.4287e+00
2026-08-08 05:33:31 | INFO    | TRAIN | epoch=028/100 | batch=01200/01563 ( 76.78%) | lr=1.000e-03 | elapsed=0:09:54 | eta=0:02:59
    losses | total=5.1456e+00 | fourier=5.1456e+00 | amplitude=1.9969e-02 | phase=8.4768e-03 | support=2.4246e+00
2026-08-08 05:33:56 | INFO    | TRAIN | epoch=028/100 | batch=01250/01563 ( 79.97%) | lr=1.000e-03 | elapsed=0:10:19 | eta=0:02:35
    losses | total=5.1816e+00 | fourier=5.1816e+00 | amplitude=1.9426e-02 | phase=1.2941e-02 | support=2.6324e+00
2026-08-08 05:34:21 | INFO    | TRAIN | epoch=028/100 | batch=01300/01563 ( 83.17%) | lr=1.000e-03 | elapsed=0:10:43 | eta=0:02:10
    losses | total=5.2788e+00 | fourier=5.2788e+00 | amplitude=2.1359e-02 | phase=1.0805e-02 | support=2.4743e+00
2026-08-08 05:34:45 | INFO    | TRAIN | epoch=028/100 | batch=01350/01563 ( 86.37%) | lr=1.000e-03 | elapsed=0:11:08 | eta=0:01:45
    losses | total=4.8407e+00 | fourier=4.8407e+00 | amplitude=1.7256e-02 | phase=1.0594e-02 | support=2.4775e+00
2026-08-08 05:35:10 | INFO    | TRAIN | epoch=028/100 | batch=01400/01563 ( 89.57%) | lr=1.000e-03 | elapsed=0:11:33 | eta=0:01:20
    losses | total=5.2544e+00 | fourier=5.2544e+00 | amplitude=2.0121e-02 | phase=1.1819e-02 | support=2.3770e+00
2026-08-08 05:35:35 | INFO    | TRAIN | epoch=028/100 | batch=01450/01563 ( 92.77%) | lr=1.000e-03 | elapsed=0:11:58 | eta=0:00:55
    losses | total=5.1798e+00 | fourier=5.1798e+00 | amplitude=2.1679e-02 | phase=1.0141e-02 | support=2.3941e+00
2026-08-08 05:36:00 | INFO    | TRAIN | epoch=028/100 | batch=01500/01563 ( 95.97%) | lr=1.000e-03 | elapsed=0:12:23 | eta=0:00:31
    losses | total=5.2279e+00 | fourier=5.2279e+00 | amplitude=1.8933e-02 | phase=1.0681e-02 | support=2.3757e+00
2026-08-08 05:36:24 | INFO    | TRAIN | epoch=028/100 | batch=01550/01563 ( 99.17%) | lr=1.000e-03 | elapsed=0:12:47 | eta=0:00:06
    losses | total=4.6589e+00 | fourier=4.6589e+00 | amplitude=1.7094e-02 | phase=9.4993e-03 | support=2.5593e+00
2026-08-08 05:36:31 | INFO    | TRAIN | epoch=028/100 | batch=01563/01563 (100.00%) | lr=1.000e-03 | elapsed=0:12:54 | eta=0:00:00
    losses | total=5.1678e+00 | fourier=5.1678e+00 | amplitude=1.9392e-02 | phase=9.7747e-03 | support=2.1480e+00
2026-08-08 05:36:31 | INFO    | TRAIN epoch 028 complete | batches=1563 | samples=25000 | time=0:12:54
2026-08-08 05:36:37 | INFO    | VAL | epoch=028/100 | batch=00050/00313 ( 15.97%) | elapsed=0:00:06 | eta=0:00:33
    losses | total=5.3734e+00 | fourier=5.3734e+00 | amplitude=1.9334e-02 | phase=1.2335e-02 | support=2.3004e+00
2026-08-08 05:36:44 | INFO    | VAL | epoch=028/100 | batch=00100/00313 ( 31.95%) | elapsed=0:00:12 | eta=0:00:27
    losses | total=5.0654e+00 | fourier=5.0654e+00 | amplitude=1.7529e-02 | phase=1.1089e-02 | support=2.1817e+00
2026-08-08 05:36:50 | INFO    | VAL | epoch=028/100 | batch=00150/00313 ( 47.92%) | elapsed=0:00:18 | eta=0:00:20
    losses | total=5.0715e+00 | fourier=5.0715e+00 | amplitude=1.9570e-02 | phase=1.0868e-02 | support=2.4637e+00
2026-08-08 05:36:56 | INFO    | VAL | epoch=028/100 | batch=00200/00313 ( 63.90%) | elapsed=0:00:25 | eta=0:00:14
    losses | total=5.0027e+00 | fourier=5.0027e+00 | amplitude=1.8545e-02 | phase=1.0091e-02 | support=2.1843e+00
2026-08-08 05:37:02 | INFO    | VAL | epoch=028/100 | batch=00250/00313 ( 79.87%) | elapsed=0:00:31 | eta=0:00:07
    losses | total=5.3540e+00 | fourier=5.3540e+00 | amplitude=1.9619e-02 | phase=1.2302e-02 | support=2.2286e+00
2026-08-08 05:37:09 | INFO    | VAL | epoch=028/100 | batch=00300/00313 ( 95.85%) | elapsed=0:00:37 | eta=0:00:01
    losses | total=5.1506e+00 | fourier=5.1506e+00 | amplitude=2.0787e-02 | phase=1.1715e-02 | support=2.4442e+00
2026-08-08 05:37:10 | INFO    | VAL | epoch=028/100 | batch=00313/00313 (100.00%) | elapsed=0:00:39 | eta=0:00:00
    losses | total=5.1227e+00 | fourier=5.1227e+00 | amplitude=2.0640e-02 | phase=1.2623e-02 | support=2.4261e+00
2026-08-08 05:37:10 | INFO    | VAL epoch 028 complete | batches=313 | samples=5000 | time=0:00:39
2026-08-08 05:37:11 | INFO    | 
------------------------------------------------------------------------------------------------
Epoch 028/100 summary
split             total      fourier    amplitude        phase      support        time
train        5.1481e+00   5.1481e+00   1.8891e-02   1.0403e-02   2.5806e+00     0:12:54
validation   5.1516e+00   5.1516e+00   1.8968e-02   1.1098e-02   2.3054e+00     0:00:39
lr=1.000e-03 | best_val=5.1516e+00 | best_updated=yes | periodic_checkpoint=no
------------------------------------------------------------------------------------------------
2026-08-08 05:37:36 | INFO    | TRAIN | epoch=029/100 | batch=00050/01563 (  3.20%) | lr=1.000e-03 | elapsed=0:00:24 | eta=0:12:33
    losses | total=4.9205e+00 | fourier=4.9205e+00 | amplitude=1.8649e-02 | phase=1.1108e-02 | support=2.5061e+00
2026-08-08 05:38:01 | INFO    | TRAIN | epoch=029/100 | batch=00100/01563 (  6.40%) | lr=1.000e-03 | elapsed=0:00:49 | eta=0:12:06
    losses | total=4.8874e+00 | fourier=4.8874e+00 | amplitude=1.7381e-02 | phase=1.0262e-02 | support=2.5618e+00
2026-08-08 05:38:25 | INFO    | TRAIN | epoch=029/100 | batch=00150/01563 (  9.60%) | lr=1.000e-03 | elapsed=0:01:14 | eta=0:11:41
    losses | total=5.1852e+00 | fourier=5.1852e+00 | amplitude=2.2158e-02 | phase=1.0792e-02 | support=2.6693e+00
2026-08-08 05:38:50 | INFO    | TRAIN | epoch=029/100 | batch=00200/01563 ( 12.80%) | lr=1.000e-03 | elapsed=0:01:39 | eta=0:11:15
    losses | total=5.3030e+00 | fourier=5.3030e+00 | amplitude=2.1445e-02 | phase=1.2048e-02 | support=2.8492e+00
2026-08-08 05:39:15 | INFO    | TRAIN | epoch=029/100 | batch=00250/01563 ( 15.99%) | lr=1.000e-03 | elapsed=0:02:03 | eta=0:10:51
    losses | total=5.2975e+00 | fourier=5.2975e+00 | amplitude=1.9901e-02 | phase=8.9874e-03 | support=2.5462e+00
2026-08-08 05:39:40 | INFO    | TRAIN | epoch=029/100 | batch=00300/01563 ( 19.19%) | lr=1.000e-03 | elapsed=0:02:28 | eta=0:10:26
    losses | total=5.2573e+00 | fourier=5.2573e+00 | amplitude=2.2776e-02 | phase=1.2306e-02 | support=2.5347e+00
2026-08-08 05:40:04 | INFO    | TRAIN | epoch=029/100 | batch=00350/01563 ( 22.39%) | lr=1.000e-03 | elapsed=0:02:53 | eta=0:10:01
    losses | total=4.9044e+00 | fourier=4.9044e+00 | amplitude=1.8324e-02 | phase=9.4878e-03 | support=2.3818e+00
2026-08-08 05:40:29 | INFO    | TRAIN | epoch=029/100 | batch=00400/01563 ( 25.59%) | lr=1.000e-03 | elapsed=0:03:18 | eta=0:09:36
    losses | total=5.0119e+00 | fourier=5.0119e+00 | amplitude=1.6677e-02 | phase=9.1638e-03 | support=2.2118e+00
2026-08-08 05:40:54 | INFO    | TRAIN | epoch=029/100 | batch=00450/01563 ( 28.79%) | lr=1.000e-03 | elapsed=0:03:43 | eta=0:09:11
    losses | total=5.3424e+00 | fourier=5.3424e+00 | amplitude=2.2164e-02 | phase=1.1933e-02 | support=2.6638e+00
2026-08-08 05:41:19 | INFO    | TRAIN | epoch=029/100 | batch=00500/01563 ( 31.99%) | lr=1.000e-03 | elapsed=0:04:07 | eta=0:08:46
    losses | total=4.9804e+00 | fourier=4.9804e+00 | amplitude=1.8210e-02 | phase=1.0677e-02 | support=2.8087e+00
2026-08-08 05:41:44 | INFO    | TRAIN | epoch=029/100 | batch=00550/01563 ( 35.19%) | lr=1.000e-03 | elapsed=0:04:32 | eta=0:08:21
    losses | total=4.7534e+00 | fourier=4.7534e+00 | amplitude=1.6835e-02 | phase=9.7621e-03 | support=2.3937e+00
2026-08-08 05:42:08 | INFO    | TRAIN | epoch=029/100 | batch=00600/01563 ( 38.39%) | lr=1.000e-03 | elapsed=0:04:57 | eta=0:07:57
    losses | total=5.1164e+00 | fourier=5.1164e+00 | amplitude=2.0438e-02 | phase=1.2059e-02 | support=2.5436e+00
2026-08-08 05:42:33 | INFO    | TRAIN | epoch=029/100 | batch=00650/01563 ( 41.59%) | lr=1.000e-03 | elapsed=0:05:22 | eta=0:07:32
    losses | total=5.4218e+00 | fourier=5.4218e+00 | amplitude=1.9880e-02 | phase=1.1904e-02 | support=2.4409e+00
2026-08-08 05:42:58 | INFO    | TRAIN | epoch=029/100 | batch=00700/01563 ( 44.79%) | lr=1.000e-03 | elapsed=0:05:46 | eta=0:07:07
    losses | total=4.8325e+00 | fourier=4.8325e+00 | amplitude=1.6243e-02 | phase=1.0757e-02 | support=2.3987e+00
2026-08-08 05:43:23 | INFO    | TRAIN | epoch=029/100 | batch=00750/01563 ( 47.98%) | lr=1.000e-03 | elapsed=0:06:11 | eta=0:06:42
    losses | total=5.2198e+00 | fourier=5.2198e+00 | amplitude=2.0125e-02 | phase=9.0660e-03 | support=2.4475e+00
2026-08-08 05:43:47 | INFO    | TRAIN | epoch=029/100 | batch=00800/01563 ( 51.18%) | lr=1.000e-03 | elapsed=0:06:36 | eta=0:06:18
    losses | total=4.9167e+00 | fourier=4.9167e+00 | amplitude=1.9659e-02 | phase=9.3529e-03 | support=2.7120e+00
2026-08-08 05:44:12 | INFO    | TRAIN | epoch=029/100 | batch=00850/01563 ( 54.38%) | lr=1.000e-03 | elapsed=0:07:01 | eta=0:05:53
    losses | total=4.9294e+00 | fourier=4.9294e+00 | amplitude=1.6745e-02 | phase=9.2597e-03 | support=2.7586e+00
2026-08-08 05:44:37 | INFO    | TRAIN | epoch=029/100 | batch=00900/01563 ( 57.58%) | lr=1.000e-03 | elapsed=0:07:25 | eta=0:05:28
    losses | total=4.9468e+00 | fourier=4.9468e+00 | amplitude=1.7628e-02 | phase=1.1452e-02 | support=2.3336e+00
2026-08-08 05:45:02 | INFO    | TRAIN | epoch=029/100 | batch=00950/01563 ( 60.78%) | lr=1.000e-03 | elapsed=0:07:50 | eta=0:05:03
    losses | total=5.0100e+00 | fourier=5.0100e+00 | amplitude=2.0812e-02 | phase=1.2349e-02 | support=2.6728e+00
2026-08-08 05:45:26 | INFO    | TRAIN | epoch=029/100 | batch=01000/01563 ( 63.98%) | lr=1.000e-03 | elapsed=0:08:15 | eta=0:04:38
    losses | total=5.1291e+00 | fourier=5.1291e+00 | amplitude=1.9621e-02 | phase=1.2094e-02 | support=2.3761e+00
2026-08-08 05:45:51 | INFO    | TRAIN | epoch=029/100 | batch=01050/01563 ( 67.18%) | lr=1.000e-03 | elapsed=0:08:40 | eta=0:04:14
    losses | total=5.2518e+00 | fourier=5.2518e+00 | amplitude=1.9462e-02 | phase=9.5306e-03 | support=2.5163e+00
2026-08-08 05:46:16 | INFO    | TRAIN | epoch=029/100 | batch=01100/01563 ( 70.38%) | lr=1.000e-03 | elapsed=0:09:04 | eta=0:03:49
    losses | total=5.1948e+00 | fourier=5.1948e+00 | amplitude=2.0303e-02 | phase=1.2375e-02 | support=2.4514e+00
2026-08-08 05:46:41 | INFO    | TRAIN | epoch=029/100 | batch=01150/01563 ( 73.58%) | lr=1.000e-03 | elapsed=0:09:29 | eta=0:03:24
    losses | total=5.0374e+00 | fourier=5.0374e+00 | amplitude=1.7139e-02 | phase=1.0392e-02 | support=2.4251e+00
2026-08-08 05:47:05 | INFO    | TRAIN | epoch=029/100 | batch=01200/01563 ( 76.78%) | lr=1.000e-03 | elapsed=0:09:54 | eta=0:02:59
    losses | total=5.1293e+00 | fourier=5.1293e+00 | amplitude=1.8136e-02 | phase=1.1306e-02 | support=2.7147e+00
2026-08-08 05:47:30 | INFO    | TRAIN | epoch=029/100 | batch=01250/01563 ( 79.97%) | lr=1.000e-03 | elapsed=0:10:19 | eta=0:02:35
    losses | total=4.8791e+00 | fourier=4.8791e+00 | amplitude=1.8171e-02 | phase=1.0464e-02 | support=2.5982e+00
2026-08-08 05:47:55 | INFO    | TRAIN | epoch=029/100 | batch=01300/01563 ( 83.17%) | lr=1.000e-03 | elapsed=0:10:43 | eta=0:02:10
    losses | total=5.0124e+00 | fourier=5.0124e+00 | amplitude=2.0636e-02 | phase=8.7518e-03 | support=2.8326e+00
2026-08-08 05:48:20 | INFO    | TRAIN | epoch=029/100 | batch=01350/01563 ( 86.37%) | lr=1.000e-03 | elapsed=0:11:08 | eta=0:01:45
    losses | total=5.0958e+00 | fourier=5.0958e+00 | amplitude=1.7937e-02 | phase=1.1600e-02 | support=2.5543e+00
2026-08-08 05:48:44 | INFO    | TRAIN | epoch=029/100 | batch=01400/01563 ( 89.57%) | lr=1.000e-03 | elapsed=0:11:33 | eta=0:01:20
    losses | total=5.2055e+00 | fourier=5.2055e+00 | amplitude=2.2369e-02 | phase=1.2785e-02 | support=2.7611e+00
2026-08-08 05:49:09 | INFO    | TRAIN | epoch=029/100 | batch=01450/01563 ( 92.77%) | lr=1.000e-03 | elapsed=0:11:58 | eta=0:00:55
    losses | total=5.1615e+00 | fourier=5.1615e+00 | amplitude=1.9162e-02 | phase=9.4423e-03 | support=2.4967e+00
2026-08-08 05:49:34 | INFO    | TRAIN | epoch=029/100 | batch=01500/01563 ( 95.97%) | lr=1.000e-03 | elapsed=0:12:23 | eta=0:00:31
    losses | total=5.1133e+00 | fourier=5.1133e+00 | amplitude=1.8937e-02 | phase=8.9452e-03 | support=2.6053e+00
2026-08-08 05:49:59 | INFO    | TRAIN | epoch=029/100 | batch=01550/01563 ( 99.17%) | lr=1.000e-03 | elapsed=0:12:47 | eta=0:00:06
    losses | total=5.0422e+00 | fourier=5.0422e+00 | amplitude=1.9754e-02 | phase=9.9854e-03 | support=2.8291e+00
2026-08-08 05:50:05 | INFO    | TRAIN | epoch=029/100 | batch=01563/01563 (100.00%) | lr=1.000e-03 | elapsed=0:12:53 | eta=0:00:00
    losses | total=5.3704e+00 | fourier=5.3704e+00 | amplitude=1.8563e-02 | phase=1.1554e-02 | support=2.3622e+00
2026-08-08 05:50:05 | INFO    | TRAIN epoch 029 complete | batches=1563 | samples=25000 | time=0:12:54
2026-08-08 05:50:12 | INFO    | VAL | epoch=029/100 | batch=00050/00313 ( 15.97%) | elapsed=0:00:06 | eta=0:00:33
    losses | total=5.3437e+00 | fourier=5.3437e+00 | amplitude=1.9158e-02 | phase=1.1859e-02 | support=2.4514e+00
2026-08-08 05:50:18 | INFO    | VAL | epoch=029/100 | batch=00100/00313 ( 31.95%) | elapsed=0:00:12 | eta=0:00:27
    losses | total=5.0152e+00 | fourier=5.0152e+00 | amplitude=1.7376e-02 | phase=1.0809e-02 | support=2.3143e+00
2026-08-08 05:50:24 | INFO    | VAL | epoch=029/100 | batch=00150/00313 ( 47.92%) | elapsed=0:00:18 | eta=0:00:20
    losses | total=5.0415e+00 | fourier=5.0415e+00 | amplitude=1.8856e-02 | phase=9.2814e-03 | support=2.6638e+00
2026-08-08 05:50:31 | INFO    | VAL | epoch=029/100 | batch=00200/00313 ( 63.90%) | elapsed=0:00:25 | eta=0:00:14
    losses | total=4.9402e+00 | fourier=4.9402e+00 | amplitude=1.8535e-02 | phase=9.9983e-03 | support=2.3921e+00
2026-08-08 05:50:37 | INFO    | VAL | epoch=029/100 | batch=00250/00313 ( 79.87%) | elapsed=0:00:31 | eta=0:00:07
    losses | total=5.2877e+00 | fourier=5.2877e+00 | amplitude=1.9647e-02 | phase=1.1906e-02 | support=2.4462e+00
2026-08-08 05:50:43 | INFO    | VAL | epoch=029/100 | batch=00300/00313 ( 95.85%) | elapsed=0:00:37 | eta=0:00:01
    losses | total=5.1371e+00 | fourier=5.1371e+00 | amplitude=2.0753e-02 | phase=1.0933e-02 | support=2.7355e+00
2026-08-08 05:50:45 | INFO    | VAL | epoch=029/100 | batch=00313/00313 (100.00%) | elapsed=0:00:39 | eta=0:00:00
    losses | total=5.1393e+00 | fourier=5.1393e+00 | amplitude=2.0461e-02 | phase=1.2150e-02 | support=2.7268e+00
2026-08-08 05:50:45 | INFO    | VAL epoch 029 complete | batches=313 | samples=5000 | time=0:00:39
2026-08-08 05:50:45 | INFO    | 
------------------------------------------------------------------------------------------------
Epoch 029/100 summary
split             total      fourier    amplitude        phase      support        time
train        5.0591e+00   5.0591e+00   1.9003e-02   1.0293e-02   2.5788e+00     0:12:54
validation   5.1189e+00   5.1189e+00   1.8812e-02   1.0421e-02   2.5123e+00     0:00:39
lr=1.000e-03 | best_val=5.1189e+00 | best_updated=yes | periodic_checkpoint=no
------------------------------------------------------------------------------------------------
2026-08-08 05:51:10 | INFO    | TRAIN | epoch=030/100 | batch=00050/01563 (  3.20%) | lr=1.000e-03 | elapsed=0:00:24 | eta=0:12:33
    losses | total=5.3383e+00 | fourier=5.3383e+00 | amplitude=1.9385e-02 | phase=1.0466e-02 | support=2.5772e+00
2026-08-08 05:51:35 | INFO    | TRAIN | epoch=030/100 | batch=00100/01563 (  6.40%) | lr=1.000e-03 | elapsed=0:00:49 | eta=0:12:06
    losses | total=5.2505e+00 | fourier=5.2505e+00 | amplitude=1.9914e-02 | phase=1.2299e-02 | support=2.6090e+00
2026-08-08 05:52:00 | INFO    | TRAIN | epoch=030/100 | batch=00150/01563 (  9.60%) | lr=1.000e-03 | elapsed=0:01:14 | eta=0:11:41
    losses | total=4.8420e+00 | fourier=4.8420e+00 | amplitude=1.7479e-02 | phase=1.1309e-02 | support=2.4836e+00
2026-08-08 05:52:24 | INFO    | TRAIN | epoch=030/100 | batch=00200/01563 ( 12.80%) | lr=1.000e-03 | elapsed=0:01:39 | eta=0:11:16
    losses | total=4.9850e+00 | fourier=4.9850e+00 | amplitude=1.7994e-02 | phase=1.0228e-02 | support=2.5200e+00
2026-08-08 05:52:49 | INFO    | TRAIN | epoch=030/100 | batch=00250/01563 ( 15.99%) | lr=1.000e-03 | elapsed=0:02:03 | eta=0:10:51
    losses | total=4.9409e+00 | fourier=4.9409e+00 | amplitude=2.0187e-02 | phase=1.1759e-02 | support=2.7203e+00
2026-08-08 05:53:14 | INFO    | TRAIN | epoch=030/100 | batch=00300/01563 ( 19.19%) | lr=1.000e-03 | elapsed=0:02:28 | eta=0:10:26
    losses | total=5.2879e+00 | fourier=5.2879e+00 | amplitude=1.8305e-02 | phase=1.0537e-02 | support=2.6141e+00
2026-08-08 05:53:39 | INFO    | TRAIN | epoch=030/100 | batch=00350/01563 ( 22.39%) | lr=1.000e-03 | elapsed=0:02:53 | eta=0:10:01
    losses | total=5.0721e+00 | fourier=5.0721e+00 | amplitude=1.9015e-02 | phase=9.8998e-03 | support=2.6072e+00
2026-08-08 05:54:04 | INFO    | TRAIN | epoch=030/100 | batch=00400/01563 ( 25.59%) | lr=1.000e-03 | elapsed=0:03:18 | eta=0:09:36
    losses | total=5.0056e+00 | fourier=5.0056e+00 | amplitude=1.8055e-02 | phase=9.4065e-03 | support=2.5336e+00
2026-08-08 05:54:28 | INFO    | TRAIN | epoch=030/100 | batch=00450/01563 ( 28.79%) | lr=1.000e-03 | elapsed=0:03:43 | eta=0:09:11
    losses | total=5.0250e+00 | fourier=5.0250e+00 | amplitude=2.1374e-02 | phase=9.9121e-03 | support=2.8323e+00
2026-08-08 05:54:53 | INFO    | TRAIN | epoch=030/100 | batch=00500/01563 ( 31.99%) | lr=1.000e-03 | elapsed=0:04:07 | eta=0:08:46
    losses | total=4.7641e+00 | fourier=4.7641e+00 | amplitude=1.7451e-02 | phase=1.1482e-02 | support=2.9614e+00
2026-08-08 05:55:18 | INFO    | TRAIN | epoch=030/100 | batch=00550/01563 ( 35.19%) | lr=1.000e-03 | elapsed=0:04:32 | eta=0:08:21
    losses | total=5.1927e+00 | fourier=5.1927e+00 | amplitude=1.9796e-02 | phase=8.1134e-03 | support=2.5247e+00
2026-08-08 05:55:43 | INFO    | TRAIN | epoch=030/100 | batch=00600/01563 ( 38.39%) | lr=1.000e-03 | elapsed=0:04:57 | eta=0:07:57
    losses | total=5.2412e+00 | fourier=5.2412e+00 | amplitude=1.9494e-02 | phase=8.7746e-03 | support=2.3329e+00
2026-08-08 05:56:07 | INFO    | TRAIN | epoch=030/100 | batch=00650/01563 ( 41.59%) | lr=1.000e-03 | elapsed=0:05:22 | eta=0:07:32
    losses | total=5.1634e+00 | fourier=5.1634e+00 | amplitude=2.0452e-02 | phase=1.0289e-02 | support=2.5623e+00
2026-08-08 05:56:32 | INFO    | TRAIN | epoch=030/100 | batch=00700/01563 ( 44.79%) | lr=1.000e-03 | elapsed=0:05:46 | eta=0:07:07
    losses | total=4.6568e+00 | fourier=4.6568e+00 | amplitude=1.5489e-02 | phase=1.0296e-02 | support=2.1222e+00
2026-08-08 05:56:57 | INFO    | TRAIN | epoch=030/100 | batch=00750/01563 ( 47.98%) | lr=1.000e-03 | elapsed=0:06:11 | eta=0:06:42
    losses | total=5.1429e+00 | fourier=5.1429e+00 | amplitude=2.1689e-02 | phase=1.0566e-02 | support=2.7660e+00
2026-08-08 05:57:22 | INFO    | TRAIN | epoch=030/100 | batch=00800/01563 ( 51.18%) | lr=1.000e-03 | elapsed=0:06:36 | eta=0:06:18
    losses | total=5.1703e+00 | fourier=5.1703e+00 | amplitude=1.9997e-02 | phase=8.5286e-03 | support=2.5764e+00
2026-08-08 05:57:46 | INFO    | TRAIN | epoch=030/100 | batch=00850/01563 ( 54.38%) | lr=1.000e-03 | elapsed=0:07:01 | eta=0:05:53
    losses | total=5.0054e+00 | fourier=5.0054e+00 | amplitude=2.0193e-02 | phase=1.0817e-02 | support=2.6615e+00
2026-08-08 05:58:11 | INFO    | TRAIN | epoch=030/100 | batch=00900/01563 ( 57.58%) | lr=1.000e-03 | elapsed=0:07:25 | eta=0:05:28
    losses | total=5.0278e+00 | fourier=5.0278e+00 | amplitude=1.8920e-02 | phase=1.1210e-02 | support=2.3761e+00
2026-08-08 05:58:36 | INFO    | TRAIN | epoch=030/100 | batch=00950/01563 ( 60.78%) | lr=1.000e-03 | elapsed=0:07:50 | eta=0:05:03
    losses | total=5.4481e+00 | fourier=5.4481e+00 | amplitude=2.4246e-02 | phase=9.6260e-03 | support=2.6155e+00
2026-08-08 05:59:01 | INFO    | TRAIN | epoch=030/100 | batch=01000/01563 ( 63.98%) | lr=1.000e-03 | elapsed=0:08:15 | eta=0:04:38
    losses | total=5.3115e+00 | fourier=5.3115e+00 | amplitude=1.9118e-02 | phase=9.8977e-03 | support=2.5378e+00
2026-08-08 05:59:25 | INFO    | TRAIN | epoch=030/100 | batch=01050/01563 ( 67.18%) | lr=1.000e-03 | elapsed=0:08:40 | eta=0:04:14
    losses | total=5.2978e+00 | fourier=5.2978e+00 | amplitude=2.0501e-02 | phase=1.1712e-02 | support=2.4638e+00
2026-08-08 05:59:50 | INFO    | TRAIN | epoch=030/100 | batch=01100/01563 ( 70.38%) | lr=1.000e-03 | elapsed=0:09:04 | eta=0:03:49
    losses | total=5.1907e+00 | fourier=5.1907e+00 | amplitude=1.9852e-02 | phase=1.0605e-02 | support=2.5912e+00
2026-08-08 06:00:15 | INFO    | TRAIN | epoch=030/100 | batch=01150/01563 ( 73.58%) | lr=1.000e-03 | elapsed=0:09:29 | eta=0:03:24
    losses | total=4.8082e+00 | fourier=4.8082e+00 | amplitude=1.8428e-02 | phase=1.1663e-02 | support=2.7439e+00
2026-08-08 06:00:40 | INFO    | TRAIN | epoch=030/100 | batch=01200/01563 ( 76.78%) | lr=1.000e-03 | elapsed=0:09:54 | eta=0:02:59
    losses | total=5.1166e+00 | fourier=5.1166e+00 | amplitude=2.0055e-02 | phase=1.1267e-02 | support=2.7670e+00
2026-08-08 06:01:05 | INFO    | TRAIN | epoch=030/100 | batch=01250/01563 ( 79.97%) | lr=1.000e-03 | elapsed=0:10:19 | eta=0:02:35
    losses | total=5.2337e+00 | fourier=5.2337e+00 | amplitude=1.9383e-02 | phase=9.7868e-03 | support=2.5661e+00
2026-08-08 06:01:29 | INFO    | TRAIN | epoch=030/100 | batch=01300/01563 ( 83.17%) | lr=1.000e-03 | elapsed=0:10:44 | eta=0:02:10
    losses | total=4.7401e+00 | fourier=4.7401e+00 | amplitude=1.8296e-02 | phase=9.9124e-03 | support=2.5835e+00
2026-08-08 06:01:54 | INFO    | TRAIN | epoch=030/100 | batch=01350/01563 ( 86.37%) | lr=1.000e-03 | elapsed=0:11:08 | eta=0:01:45
    losses | total=4.7159e+00 | fourier=4.7159e+00 | amplitude=1.7200e-02 | phase=1.0034e-02 | support=2.7404e+00
2026-08-08 06:02:19 | INFO    | TRAIN | epoch=030/100 | batch=01400/01563 ( 89.57%) | lr=1.000e-03 | elapsed=0:11:33 | eta=0:01:20
    losses | total=4.7940e+00 | fourier=4.7940e+00 | amplitude=1.7679e-02 | phase=9.6195e-03 | support=2.8692e+00
2026-08-08 06:02:44 | INFO    | TRAIN | epoch=030/100 | batch=01450/01563 ( 92.77%) | lr=1.000e-03 | elapsed=0:11:58 | eta=0:00:55
    losses | total=4.9976e+00 | fourier=4.9976e+00 | amplitude=1.8537e-02 | phase=1.0063e-02 | support=2.5783e+00
2026-08-08 06:03:08 | INFO    | TRAIN | epoch=030/100 | batch=01500/01563 ( 95.97%) | lr=1.000e-03 | elapsed=0:12:23 | eta=0:00:31
    losses | total=4.8433e+00 | fourier=4.8433e+00 | amplitude=1.6940e-02 | phase=9.3281e-03 | support=2.4284e+00
2026-08-08 06:03:33 | INFO    | TRAIN | epoch=030/100 | batch=01550/01563 ( 99.17%) | lr=1.000e-03 | elapsed=0:12:47 | eta=0:00:06
    losses | total=5.4243e+00 | fourier=5.4243e+00 | amplitude=2.1480e-02 | phase=1.2679e-02 | support=2.5793e+00
2026-08-08 06:03:39 | INFO    | TRAIN | epoch=030/100 | batch=01563/01563 (100.00%) | lr=1.000e-03 | elapsed=0:12:54 | eta=0:00:00
    losses | total=5.4289e+00 | fourier=5.4289e+00 | amplitude=2.2152e-02 | phase=1.1425e-02 | support=2.7534e+00
2026-08-08 06:03:40 | INFO    | TRAIN epoch 030 complete | batches=1563 | samples=25000 | time=0:12:54
2026-08-08 06:03:46 | INFO    | VAL | epoch=030/100 | batch=00050/00313 ( 15.97%) | elapsed=0:00:06 | eta=0:00:33
    losses | total=5.4099e+00 | fourier=5.4099e+00 | amplitude=1.9537e-02 | phase=1.1097e-02 | support=2.4987e+00
2026-08-08 06:03:52 | INFO    | VAL | epoch=030/100 | batch=00100/00313 ( 31.95%) | elapsed=0:00:12 | eta=0:00:27
    losses | total=5.1420e+00 | fourier=5.1420e+00 | amplitude=1.7469e-02 | phase=9.6777e-03 | support=2.2978e+00
2026-08-08 06:03:59 | INFO    | VAL | epoch=030/100 | batch=00150/00313 ( 47.92%) | elapsed=0:00:18 | eta=0:00:20
    losses | total=5.1404e+00 | fourier=5.1404e+00 | amplitude=1.9279e-02 | phase=8.8886e-03 | support=2.6932e+00
2026-08-08 06:04:05 | INFO    | VAL | epoch=030/100 | batch=00200/00313 ( 63.90%) | elapsed=0:00:25 | eta=0:00:14
    losses | total=5.0297e+00 | fourier=5.0297e+00 | amplitude=1.8634e-02 | phase=8.6793e-03 | support=2.4001e+00
2026-08-08 06:04:11 | INFO    | VAL | epoch=030/100 | batch=00250/00313 ( 79.87%) | elapsed=0:00:31 | eta=0:00:07
    losses | total=5.4223e+00 | fourier=5.4223e+00 | amplitude=1.9500e-02 | phase=1.1399e-02 | support=2.3459e+00
2026-08-08 06:04:17 | INFO    | VAL | epoch=030/100 | batch=00300/00313 ( 95.85%) | elapsed=0:00:37 | eta=0:00:01
    losses | total=5.2424e+00 | fourier=5.2424e+00 | amplitude=2.1108e-02 | phase=1.0066e-02 | support=2.6679e+00
2026-08-08 06:04:19 | INFO    | VAL | epoch=030/100 | batch=00313/00313 (100.00%) | elapsed=0:00:39 | eta=0:00:00
    losses | total=5.2305e+00 | fourier=5.2305e+00 | amplitude=2.0670e-02 | phase=1.1809e-02 | support=2.6609e+00
2026-08-08 06:04:19 | INFO    | VAL epoch 030 complete | batches=313 | samples=5000 | time=0:00:39
2026-08-08 06:04:20 | INFO    | 
------------------------------------------------------------------------------------------------
Epoch 030/100 summary
split             total      fourier    amplitude        phase      support        time
train        5.0459e+00   5.0459e+00   1.8984e-02   1.0296e-02   2.5867e+00     0:12:54
validation   5.2233e+00   5.2233e+00   1.8967e-02   9.7118e-03   2.4916e+00     0:00:39
lr=1.000e-03 | best_val=5.1189e+00 | best_updated=no | periodic_checkpoint=yes
------------------------------------------------------------------------------------------------
2026-08-08 06:04:44 | INFO    | TRAIN | epoch=031/100 | batch=00050/01563 (  3.20%) | lr=1.000e-03 | elapsed=0:00:24 | eta=0:12:33
    losses | total=4.6515e+00 | fourier=4.6515e+00 | amplitude=1.8072e-02 | phase=1.0433e-02 | support=2.4983e+00
2026-08-08 06:05:09 | INFO    | TRAIN | epoch=031/100 | batch=00100/01563 (  6.40%) | lr=1.000e-03 | elapsed=0:00:49 | eta=0:12:06
    losses | total=4.8792e+00 | fourier=4.8792e+00 | amplitude=1.6177e-02 | phase=1.0649e-02 | support=2.1626e+00
2026-08-08 06:05:34 | INFO    | TRAIN | epoch=031/100 | batch=00150/01563 (  9.60%) | lr=1.000e-03 | elapsed=0:01:14 | eta=0:11:41
    losses | total=4.8647e+00 | fourier=4.8647e+00 | amplitude=1.7002e-02 | phase=9.5096e-03 | support=2.5812e+00
2026-08-08 06:05:59 | INFO    | TRAIN | epoch=031/100 | batch=00200/01563 ( 12.80%) | lr=1.000e-03 | elapsed=0:01:39 | eta=0:11:15
    losses | total=5.2024e+00 | fourier=5.2024e+00 | amplitude=2.0796e-02 | phase=1.1827e-02 | support=2.3914e+00
2026-08-08 06:06:24 | INFO    | TRAIN | epoch=031/100 | batch=00250/01563 ( 15.99%) | lr=1.000e-03 | elapsed=0:02:03 | eta=0:10:51
    losses | total=4.3782e+00 | fourier=4.3782e+00 | amplitude=1.5140e-02 | phase=7.3374e-03 | support=2.5113e+00
2026-08-08 06:06:48 | INFO    | TRAIN | epoch=031/100 | batch=00300/01563 ( 19.19%) | lr=1.000e-03 | elapsed=0:02:28 | eta=0:10:26
    losses | total=5.1465e+00 | fourier=5.1465e+00 | amplitude=2.0890e-02 | phase=1.0495e-02 | support=2.6576e+00
2026-08-08 06:07:13 | INFO    | TRAIN | epoch=031/100 | batch=00350/01563 ( 22.39%) | lr=1.000e-03 | elapsed=0:02:53 | eta=0:10:01
    losses | total=4.8114e+00 | fourier=4.8114e+00 | amplitude=1.6515e-02 | phase=9.3262e-03 | support=2.3593e+00
2026-08-08 06:07:38 | INFO    | TRAIN | epoch=031/100 | batch=00400/01563 ( 25.59%) | lr=1.000e-03 | elapsed=0:03:18 | eta=0:09:36
    losses | total=5.4526e+00 | fourier=5.4526e+00 | amplitude=2.3497e-02 | phase=1.0388e-02 | support=2.8521e+00
2026-08-08 06:08:03 | INFO    | TRAIN | epoch=031/100 | batch=00450/01563 ( 28.79%) | lr=1.000e-03 | elapsed=0:03:43 | eta=0:09:11
    losses | total=4.7836e+00 | fourier=4.7836e+00 | amplitude=1.8519e-02 | phase=1.0180e-02 | support=2.5917e+00
2026-08-08 06:08:27 | INFO    | TRAIN | epoch=031/100 | batch=00500/01563 ( 31.99%) | lr=1.000e-03 | elapsed=0:04:07 | eta=0:08:46
    losses | total=5.0248e+00 | fourier=5.0248e+00 | amplitude=1.7505e-02 | phase=9.4609e-03 | support=2.4324e+00
2026-08-08 06:08:52 | INFO    | TRAIN | epoch=031/100 | batch=00550/01563 ( 35.19%) | lr=1.000e-03 | elapsed=0:04:32 | eta=0:08:21
    losses | total=4.9588e+00 | fourier=4.9588e+00 | amplitude=1.9429e-02 | phase=9.1652e-03 | support=2.7314e+00
2026-08-08 06:09:17 | INFO    | TRAIN | epoch=031/100 | batch=00600/01563 ( 38.39%) | lr=1.000e-03 | elapsed=0:04:57 | eta=0:07:57
    losses | total=4.8204e+00 | fourier=4.8204e+00 | amplitude=1.8849e-02 | phase=1.1982e-02 | support=2.8504e+00
2026-08-08 06:09:42 | INFO    | TRAIN | epoch=031/100 | batch=00650/01563 ( 41.59%) | lr=1.000e-03 | elapsed=0:05:22 | eta=0:07:32
    losses | total=4.7463e+00 | fourier=4.7463e+00 | amplitude=1.8419e-02 | phase=9.4699e-03 | support=2.6640e+00
2026-08-08 06:10:06 | INFO    | TRAIN | epoch=031/100 | batch=00700/01563 ( 44.79%) | lr=1.000e-03 | elapsed=0:05:46 | eta=0:07:07
    losses | total=5.1425e+00 | fourier=5.1425e+00 | amplitude=1.9768e-02 | phase=9.7540e-03 | support=2.5931e+00
2026-08-08 06:10:31 | INFO    | TRAIN | epoch=031/100 | batch=00750/01563 ( 47.98%) | lr=1.000e-03 | elapsed=0:06:11 | eta=0:06:42
    losses | total=4.9408e+00 | fourier=4.9408e+00 | amplitude=1.9714e-02 | phase=1.0179e-02 | support=2.8178e+00
2026-08-08 06:10:56 | INFO    | TRAIN | epoch=031/100 | batch=00800/01563 ( 51.18%) | lr=1.000e-03 | elapsed=0:06:36 | eta=0:06:18
    losses | total=5.3339e+00 | fourier=5.3339e+00 | amplitude=1.8700e-02 | phase=1.0604e-02 | support=2.3061e+00
2026-08-08 06:11:21 | INFO    | TRAIN | epoch=031/100 | batch=00850/01563 ( 54.38%) | lr=1.000e-03 | elapsed=0:07:01 | eta=0:05:53
    losses | total=5.1926e+00 | fourier=5.1926e+00 | amplitude=1.8737e-02 | phase=9.3939e-03 | support=2.5339e+00
2026-08-08 06:11:45 | INFO    | TRAIN | epoch=031/100 | batch=00900/01563 ( 57.58%) | lr=1.000e-03 | elapsed=0:07:25 | eta=0:05:28
    losses | total=5.1699e+00 | fourier=5.1699e+00 | amplitude=1.8832e-02 | phase=1.2123e-02 | support=2.6929e+00
2026-08-08 06:12:10 | INFO    | TRAIN | epoch=031/100 | batch=00950/01563 ( 60.78%) | lr=1.000e-03 | elapsed=0:07:50 | eta=0:05:03
    losses | total=5.1641e+00 | fourier=5.1641e+00 | amplitude=1.8878e-02 | phase=1.0439e-02 | support=2.4324e+00
2026-08-08 06:12:35 | INFO    | TRAIN | epoch=031/100 | batch=01000/01563 ( 63.98%) | lr=1.000e-03 | elapsed=0:08:15 | eta=0:04:38
    losses | total=5.0721e+00 | fourier=5.0721e+00 | amplitude=1.7743e-02 | phase=9.6468e-03 | support=2.5614e+00
2026-08-08 06:13:00 | INFO    | TRAIN | epoch=031/100 | batch=01050/01563 ( 67.18%) | lr=1.000e-03 | elapsed=0:08:40 | eta=0:04:14
    losses | total=5.0512e+00 | fourier=5.0512e+00 | amplitude=1.8777e-02 | phase=1.0138e-02 | support=2.4885e+00
2026-08-08 06:13:25 | INFO    | TRAIN | epoch=031/100 | batch=01100/01563 ( 70.38%) | lr=1.000e-03 | elapsed=0:09:04 | eta=0:03:49
    losses | total=5.0563e+00 | fourier=5.0563e+00 | amplitude=1.9529e-02 | phase=1.1247e-02 | support=2.6131e+00
2026-08-08 06:13:49 | INFO    | TRAIN | epoch=031/100 | batch=01150/01563 ( 73.58%) | lr=1.000e-03 | elapsed=0:09:29 | eta=0:03:24
    losses | total=4.9855e+00 | fourier=4.9855e+00 | amplitude=1.8064e-02 | phase=1.1464e-02 | support=2.7576e+00
2026-08-08 06:14:14 | INFO    | TRAIN | epoch=031/100 | batch=01200/01563 ( 76.78%) | lr=1.000e-03 | elapsed=0:09:54 | eta=0:02:59
    losses | total=4.9706e+00 | fourier=4.9706e+00 | amplitude=1.6551e-02 | phase=1.1445e-02 | support=2.3357e+00
2026-08-08 06:14:39 | INFO    | TRAIN | epoch=031/100 | batch=01250/01563 ( 79.97%) | lr=1.000e-03 | elapsed=0:10:19 | eta=0:02:35
    losses | total=5.1003e+00 | fourier=5.1003e+00 | amplitude=1.8936e-02 | phase=9.3571e-03 | support=2.5101e+00
2026-08-08 06:15:04 | INFO    | TRAIN | epoch=031/100 | batch=01300/01563 ( 83.17%) | lr=1.000e-03 | elapsed=0:10:44 | eta=0:02:10
    losses | total=5.1024e+00 | fourier=5.1024e+00 | amplitude=2.0107e-02 | phase=8.9853e-03 | support=2.7949e+00
2026-08-08 06:15:28 | INFO    | TRAIN | epoch=031/100 | batch=01350/01563 ( 86.37%) | lr=1.000e-03 | elapsed=0:11:08 | eta=0:01:45
    losses | total=5.0183e+00 | fourier=5.0183e+00 | amplitude=1.9988e-02 | phase=9.3200e-03 | support=2.4991e+00
2026-08-08 06:15:53 | INFO    | TRAIN | epoch=031/100 | batch=01400/01563 ( 89.57%) | lr=1.000e-03 | elapsed=0:11:33 | eta=0:01:20
    losses | total=4.9678e+00 | fourier=4.9678e+00 | amplitude=1.8316e-02 | phase=1.1615e-02 | support=2.4728e+00
2026-08-08 06:16:18 | INFO    | TRAIN | epoch=031/100 | batch=01450/01563 ( 92.77%) | lr=1.000e-03 | elapsed=0:11:58 | eta=0:00:55
    losses | total=5.2152e+00 | fourier=5.2152e+00 | amplitude=1.9804e-02 | phase=7.9384e-03 | support=2.5660e+00
2026-08-08 06:16:43 | INFO    | TRAIN | epoch=031/100 | batch=01500/01563 ( 95.97%) | lr=1.000e-03 | elapsed=0:12:23 | eta=0:00:31
    losses | total=5.2051e+00 | fourier=5.2051e+00 | amplitude=1.9565e-02 | phase=9.7531e-03 | support=2.6501e+00
2026-08-08 06:17:07 | INFO    | TRAIN | epoch=031/100 | batch=01550/01563 ( 99.17%) | lr=1.000e-03 | elapsed=0:12:47 | eta=0:00:06
    losses | total=4.9115e+00 | fourier=4.9115e+00 | amplitude=1.7336e-02 | phase=1.0345e-02 | support=2.5399e+00
2026-08-08 06:17:14 | INFO    | TRAIN | epoch=031/100 | batch=01563/01563 (100.00%) | lr=1.000e-03 | elapsed=0:12:54 | eta=0:00:00
    losses | total=5.4150e+00 | fourier=5.4150e+00 | amplitude=2.0910e-02 | phase=1.1757e-02 | support=2.5067e+00
2026-08-08 06:17:14 | INFO    | TRAIN epoch 031 complete | batches=1563 | samples=25000 | time=0:12:54
2026-08-08 06:17:20 | INFO    | VAL | epoch=031/100 | batch=00050/00313 ( 15.97%) | elapsed=0:00:06 | eta=0:00:33
    losses | total=5.3102e+00 | fourier=5.3102e+00 | amplitude=1.9442e-02 | phase=1.2359e-02 | support=2.3626e+00
2026-08-08 06:17:27 | INFO    | VAL | epoch=031/100 | batch=00100/00313 ( 31.95%) | elapsed=0:00:12 | eta=0:00:27
    losses | total=4.9924e+00 | fourier=4.9924e+00 | amplitude=1.7675e-02 | phase=1.1300e-02 | support=2.2386e+00
2026-08-08 06:17:33 | INFO    | VAL | epoch=031/100 | batch=00150/00313 ( 47.92%) | elapsed=0:00:18 | eta=0:00:20
    losses | total=5.0377e+00 | fourier=5.0377e+00 | amplitude=1.9485e-02 | phase=1.0070e-02 | support=2.6125e+00
2026-08-08 06:17:39 | INFO    | VAL | epoch=031/100 | batch=00200/00313 ( 63.90%) | elapsed=0:00:25 | eta=0:00:14
    losses | total=4.9481e+00 | fourier=4.9481e+00 | amplitude=1.8507e-02 | phase=1.0377e-02 | support=2.2128e+00
2026-08-08 06:17:45 | INFO    | VAL | epoch=031/100 | batch=00250/00313 ( 79.87%) | elapsed=0:00:31 | eta=0:00:07
    losses | total=5.2920e+00 | fourier=5.2920e+00 | amplitude=1.9697e-02 | phase=1.2389e-02 | support=2.3304e+00
2026-08-08 06:17:52 | INFO    | VAL | epoch=031/100 | batch=00300/00313 ( 95.85%) | elapsed=0:00:37 | eta=0:00:01
    losses | total=5.1382e+00 | fourier=5.1382e+00 | amplitude=2.0808e-02 | phase=1.1193e-02 | support=2.5479e+00
2026-08-08 06:17:53 | INFO    | VAL | epoch=031/100 | batch=00313/00313 (100.00%) | elapsed=0:00:39 | eta=0:00:00
    losses | total=5.0976e+00 | fourier=5.0976e+00 | amplitude=2.0311e-02 | phase=1.2176e-02 | support=2.5227e+00
2026-08-08 06:17:53 | INFO    | VAL epoch 031 complete | batches=313 | samples=5000 | time=0:00:39
2026-08-08 06:17:54 | INFO    | 
------------------------------------------------------------------------------------------------
Epoch 031/100 summary
split             total      fourier    amplitude        phase      support        time
train        5.0356e+00   5.0356e+00   1.8976e-02   1.0338e-02   2.5752e+00     0:12:54
validation   5.1083e+00   5.1083e+00   1.8991e-02   1.0880e-02   2.3914e+00     0:00:39
lr=1.000e-03 | best_val=5.1083e+00 | best_updated=yes | periodic_checkpoint=no
------------------------------------------------------------------------------------------------
2026-08-08 06:18:19 | INFO    | TRAIN | epoch=032/100 | batch=00050/01563 (  3.20%) | lr=1.000e-03 | elapsed=0:00:24 | eta=0:12:33
    losses | total=4.7452e+00 | fourier=4.7452e+00 | amplitude=1.6804e-02 | phase=8.1537e-03 | support=2.4948e+00
2026-08-08 06:18:44 | INFO    | TRAIN | epoch=032/100 | batch=00100/01563 (  6.40%) | lr=1.000e-03 | elapsed=0:00:49 | eta=0:12:06
    losses | total=5.0367e+00 | fourier=5.0367e+00 | amplitude=1.7993e-02 | phase=8.6163e-03 | support=2.4073e+00
2026-08-08 06:19:08 | INFO    | TRAIN | epoch=032/100 | batch=00150/01563 (  9.60%) | lr=1.000e-03 | elapsed=0:01:14 | eta=0:11:41
    losses | total=5.0968e+00 | fourier=5.0968e+00 | amplitude=1.9026e-02 | phase=1.1348e-02 | support=2.6091e+00
2026-08-08 06:19:33 | INFO    | TRAIN | epoch=032/100 | batch=00200/01563 ( 12.80%) | lr=1.000e-03 | elapsed=0:01:39 | eta=0:11:15
    losses | total=5.2520e+00 | fourier=5.2520e+00 | amplitude=1.9426e-02 | phase=9.6189e-03 | support=2.5622e+00
2026-08-08 06:19:58 | INFO    | TRAIN | epoch=032/100 | batch=00250/01563 ( 15.99%) | lr=1.000e-03 | elapsed=0:02:03 | eta=0:10:51
    losses | total=4.7169e+00 | fourier=4.7169e+00 | amplitude=1.7594e-02 | phase=1.1279e-02 | support=2.7803e+00
2026-08-08 06:20:23 | INFO    | TRAIN | epoch=032/100 | batch=00300/01563 ( 19.19%) | lr=1.000e-03 | elapsed=0:02:28 | eta=0:10:26
    losses | total=4.9690e+00 | fourier=4.9690e+00 | amplitude=1.7363e-02 | phase=9.0320e-03 | support=2.3687e+00
2026-08-08 06:20:47 | INFO    | TRAIN | epoch=032/100 | batch=00350/01563 ( 22.39%) | lr=1.000e-03 | elapsed=0:02:53 | eta=0:10:01
    losses | total=5.2111e+00 | fourier=5.2111e+00 | amplitude=2.0129e-02 | phase=9.2406e-03 | support=2.7790e+00
2026-08-08 06:21:12 | INFO    | TRAIN | epoch=032/100 | batch=00400/01563 ( 25.59%) | lr=1.000e-03 | elapsed=0:03:18 | eta=0:09:36
    losses | total=4.8707e+00 | fourier=4.8707e+00 | amplitude=1.8699e-02 | phase=9.6462e-03 | support=2.5470e+00
2026-08-08 06:21:37 | INFO    | TRAIN | epoch=032/100 | batch=00450/01563 ( 28.79%) | lr=1.000e-03 | elapsed=0:03:43 | eta=0:09:11
    losses | total=5.2731e+00 | fourier=5.2731e+00 | amplitude=2.0350e-02 | phase=9.2185e-03 | support=2.6186e+00
2026-08-08 06:22:02 | INFO    | TRAIN | epoch=032/100 | batch=00500/01563 ( 31.99%) | lr=1.000e-03 | elapsed=0:04:07 | eta=0:08:46
    losses | total=5.1144e+00 | fourier=5.1144e+00 | amplitude=2.1018e-02 | phase=8.2074e-03 | support=2.7393e+00
2026-08-08 06:22:26 | INFO    | TRAIN | epoch=032/100 | batch=00550/01563 ( 35.19%) | lr=1.000e-03 | elapsed=0:04:32 | eta=0:08:21
    losses | total=4.9820e+00 | fourier=4.9820e+00 | amplitude=2.1248e-02 | phase=9.9920e-03 | support=2.7257e+00
2026-08-08 06:22:51 | INFO    | TRAIN | epoch=032/100 | batch=00600/01563 ( 38.39%) | lr=1.000e-03 | elapsed=0:04:57 | eta=0:07:57
    losses | total=4.9163e+00 | fourier=4.9163e+00 | amplitude=1.9970e-02 | phase=1.0293e-02 | support=2.3874e+00
2026-08-08 06:23:16 | INFO    | TRAIN | epoch=032/100 | batch=00650/01563 ( 41.59%) | lr=1.000e-03 | elapsed=0:05:22 | eta=0:07:32
    losses | total=5.0817e+00 | fourier=5.0817e+00 | amplitude=2.0412e-02 | phase=1.2525e-02 | support=2.7801e+00
2026-08-08 06:23:41 | INFO    | TRAIN | epoch=032/100 | batch=00700/01563 ( 44.79%) | lr=1.000e-03 | elapsed=0:05:46 | eta=0:07:07
    losses | total=4.7905e+00 | fourier=4.7905e+00 | amplitude=1.8228e-02 | phase=8.8611e-03 | support=2.9399e+00
2026-08-08 06:24:06 | INFO    | TRAIN | epoch=032/100 | batch=00750/01563 ( 47.98%) | lr=1.000e-03 | elapsed=0:06:11 | eta=0:06:42
    losses | total=5.1733e+00 | fourier=5.1733e+00 | amplitude=1.9254e-02 | phase=1.2296e-02 | support=2.5419e+00
2026-08-08 06:24:30 | INFO    | TRAIN | epoch=032/100 | batch=00800/01563 ( 51.18%) | lr=1.000e-03 | elapsed=0:06:36 | eta=0:06:18
    losses | total=4.9676e+00 | fourier=4.9676e+00 | amplitude=1.7907e-02 | phase=9.1860e-03 | support=2.5917e+00
2026-08-08 06:24:55 | INFO    | TRAIN | epoch=032/100 | batch=00850/01563 ( 54.38%) | lr=1.000e-03 | elapsed=0:07:01 | eta=0:05:53
    losses | total=4.8832e+00 | fourier=4.8832e+00 | amplitude=1.9152e-02 | phase=9.9352e-03 | support=2.7662e+00
2026-08-08 06:25:20 | INFO    | TRAIN | epoch=032/100 | batch=00900/01563 ( 57.58%) | lr=1.000e-03 | elapsed=0:07:25 | eta=0:05:28
    losses | total=4.8432e+00 | fourier=4.8432e+00 | amplitude=1.8400e-02 | phase=9.2258e-03 | support=2.6576e+00
2026-08-08 06:25:45 | INFO    | TRAIN | epoch=032/100 | batch=00950/01563 ( 60.78%) | lr=1.000e-03 | elapsed=0:07:50 | eta=0:05:03
    losses | total=5.0736e+00 | fourier=5.0736e+00 | amplitude=1.8488e-02 | phase=8.2852e-03 | support=2.5248e+00
2026-08-08 06:26:09 | INFO    | TRAIN | epoch=032/100 | batch=01000/01563 ( 63.98%) | lr=1.000e-03 | elapsed=0:08:15 | eta=0:04:38
    losses | total=5.3892e+00 | fourier=5.3892e+00 | amplitude=2.0450e-02 | phase=1.3246e-02 | support=2.2940e+00
2026-08-08 06:26:34 | INFO    | TRAIN | epoch=032/100 | batch=01050/01563 ( 67.18%) | lr=1.000e-03 | elapsed=0:08:40 | eta=0:04:14
    losses | total=5.2685e+00 | fourier=5.2685e+00 | amplitude=1.9553e-02 | phase=9.1908e-03 | support=2.6459e+00
2026-08-08 06:26:59 | INFO    | TRAIN | epoch=032/100 | batch=01100/01563 ( 70.38%) | lr=1.000e-03 | elapsed=0:09:04 | eta=0:03:49
    losses | total=5.1260e+00 | fourier=5.1260e+00 | amplitude=1.9838e-02 | phase=9.8951e-03 | support=2.4884e+00
2026-08-08 06:27:24 | INFO    | TRAIN | epoch=032/100 | batch=01150/01563 ( 73.58%) | lr=1.000e-03 | elapsed=0:09:29 | eta=0:03:24
    losses | total=5.2268e+00 | fourier=5.2268e+00 | amplitude=2.0877e-02 | phase=1.0824e-02 | support=2.5309e+00
2026-08-08 06:27:48 | INFO    | TRAIN | epoch=032/100 | batch=01200/01563 ( 76.78%) | lr=1.000e-03 | elapsed=0:09:54 | eta=0:02:59
    losses | total=4.9370e+00 | fourier=4.9370e+00 | amplitude=1.7592e-02 | phase=8.8237e-03 | support=2.9382e+00
2026-08-08 06:28:13 | INFO    | TRAIN | epoch=032/100 | batch=01250/01563 ( 79.97%) | lr=1.000e-03 | elapsed=0:10:19 | eta=0:02:35
    losses | total=4.8577e+00 | fourier=4.8577e+00 | amplitude=1.5117e-02 | phase=8.6472e-03 | support=2.4427e+00
2026-08-08 06:28:38 | INFO    | TRAIN | epoch=032/100 | batch=01300/01563 ( 83.17%) | lr=1.000e-03 | elapsed=0:10:43 | eta=0:02:10
    losses | total=5.0251e+00 | fourier=5.0251e+00 | amplitude=1.9226e-02 | phase=1.0288e-02 | support=2.5415e+00
2026-08-08 06:29:03 | INFO    | TRAIN | epoch=032/100 | batch=01350/01563 ( 86.37%) | lr=1.000e-03 | elapsed=0:11:08 | eta=0:01:45
    losses | total=5.8698e+00 | fourier=5.8698e+00 | amplitude=2.3174e-02 | phase=1.2024e-02 | support=2.9454e+00
2026-08-08 06:29:27 | INFO    | TRAIN | epoch=032/100 | batch=01400/01563 ( 89.57%) | lr=1.000e-03 | elapsed=0:11:33 | eta=0:01:20
    losses | total=5.0583e+00 | fourier=5.0583e+00 | amplitude=1.9378e-02 | phase=1.1649e-02 | support=2.6710e+00
2026-08-08 06:29:52 | INFO    | TRAIN | epoch=032/100 | batch=01450/01563 ( 92.77%) | lr=1.000e-03 | elapsed=0:11:58 | eta=0:00:55
    losses | total=5.1035e+00 | fourier=5.1035e+00 | amplitude=1.7692e-02 | phase=8.9244e-03 | support=2.7105e+00
2026-08-08 06:30:17 | INFO    | TRAIN | epoch=032/100 | batch=01500/01563 ( 95.97%) | lr=1.000e-03 | elapsed=0:12:23 | eta=0:00:31
    losses | total=4.9110e+00 | fourier=4.9110e+00 | amplitude=1.7605e-02 | phase=9.4170e-03 | support=2.8158e+00
2026-08-08 06:30:42 | INFO    | TRAIN | epoch=032/100 | batch=01550/01563 ( 99.17%) | lr=1.000e-03 | elapsed=0:12:47 | eta=0:00:06
    losses | total=4.8652e+00 | fourier=4.8652e+00 | amplitude=1.8130e-02 | phase=9.8137e-03 | support=2.7121e+00
2026-08-08 06:30:48 | INFO    | TRAIN | epoch=032/100 | batch=01563/01563 (100.00%) | lr=1.000e-03 | elapsed=0:12:53 | eta=0:00:00
    losses | total=4.9385e+00 | fourier=4.9385e+00 | amplitude=1.8650e-02 | phase=8.0425e-03 | support=2.4669e+00
2026-08-08 06:30:48 | INFO    | TRAIN epoch 032 complete | batches=1563 | samples=25000 | time=0:12:54
2026-08-08 06:30:55 | INFO    | VAL | epoch=032/100 | batch=00050/00313 ( 15.97%) | elapsed=0:00:06 | eta=0:00:33
    losses | total=5.2870e+00 | fourier=5.2870e+00 | amplitude=1.9912e-02 | phase=1.4346e-02 | support=2.2832e+00
2026-08-08 06:31:01 | INFO    | VAL | epoch=032/100 | batch=00100/00313 ( 31.95%) | elapsed=0:00:12 | eta=0:00:27
    losses | total=5.0138e+00 | fourier=5.0138e+00 | amplitude=1.8025e-02 | phase=1.2783e-02 | support=2.1479e+00
2026-08-08 06:31:07 | INFO    | VAL | epoch=032/100 | batch=00150/00313 ( 47.92%) | elapsed=0:00:18 | eta=0:00:20
    losses | total=5.0134e+00 | fourier=5.0134e+00 | amplitude=1.9853e-02 | phase=1.1341e-02 | support=2.5266e+00
2026-08-08 06:31:13 | INFO    | VAL | epoch=032/100 | batch=00200/00313 ( 63.90%) | elapsed=0:00:25 | eta=0:00:14
    losses | total=4.9540e+00 | fourier=4.9540e+00 | amplitude=1.8956e-02 | phase=1.1427e-02 | support=2.1950e+00
2026-08-08 06:31:20 | INFO    | VAL | epoch=032/100 | batch=00250/00313 ( 79.87%) | elapsed=0:00:31 | eta=0:00:07
    losses | total=5.3032e+00 | fourier=5.3032e+00 | amplitude=1.9673e-02 | phase=1.4030e-02 | support=2.1725e+00
2026-08-08 06:31:26 | INFO    | VAL | epoch=032/100 | batch=00300/00313 ( 95.85%) | elapsed=0:00:37 | eta=0:00:01
    losses | total=5.1223e+00 | fourier=5.1223e+00 | amplitude=2.1216e-02 | phase=1.2860e-02 | support=2.4811e+00
2026-08-08 06:31:28 | INFO    | VAL | epoch=032/100 | batch=00313/00313 (100.00%) | elapsed=0:00:39 | eta=0:00:00
    losses | total=5.0863e+00 | fourier=5.0863e+00 | amplitude=2.1148e-02 | phase=1.3914e-02 | support=2.4799e+00
2026-08-08 06:31:28 | INFO    | VAL epoch 032 complete | batches=313 | samples=5000 | time=0:00:39
2026-08-08 06:31:28 | INFO    | 
------------------------------------------------------------------------------------------------
Epoch 032/100 summary
split             total      fourier    amplitude        phase      support        time
train        5.0287e+00   5.0287e+00   1.9021e-02   1.0398e-02   2.6001e+00     0:12:54
validation   5.0979e+00   5.0979e+00   1.9314e-02   1.2245e-02   2.3081e+00     0:00:39
lr=1.000e-03 | best_val=5.0979e+00 | best_updated=yes | periodic_checkpoint=no
------------------------------------------------------------------------------------------------
2026-08-08 06:31:53 | INFO    | TRAIN | epoch=033/100 | batch=00050/01563 (  3.20%) | lr=1.000e-03 | elapsed=0:00:24 | eta=0:12:33
    losses | total=4.8476e+00 | fourier=4.8476e+00 | amplitude=2.0217e-02 | phase=1.1555e-02 | support=2.9514e+00
2026-08-08 06:32:18 | INFO    | TRAIN | epoch=033/100 | batch=00100/01563 (  6.40%) | lr=1.000e-03 | elapsed=0:00:49 | eta=0:12:06
    losses | total=5.4500e+00 | fourier=5.4500e+00 | amplitude=2.2578e-02 | phase=1.0961e-02 | support=2.7805e+00
2026-08-08 06:32:43 | INFO    | TRAIN | epoch=033/100 | batch=00150/01563 (  9.60%) | lr=1.000e-03 | elapsed=0:01:14 | eta=0:11:41
    losses | total=5.0963e+00 | fourier=5.0963e+00 | amplitude=2.2273e-02 | phase=1.0751e-02 | support=2.6721e+00
2026-08-08 06:33:08 | INFO    | TRAIN | epoch=033/100 | batch=00200/01563 ( 12.80%) | lr=1.000e-03 | elapsed=0:01:39 | eta=0:11:16
    losses | total=4.8309e+00 | fourier=4.8309e+00 | amplitude=1.8150e-02 | phase=8.8215e-03 | support=2.7840e+00
2026-08-08 06:33:32 | INFO    | TRAIN | epoch=033/100 | batch=00250/01563 ( 15.99%) | lr=1.000e-03 | elapsed=0:02:03 | eta=0:10:51
    losses | total=5.0343e+00 | fourier=5.0343e+00 | amplitude=1.8350e-02 | phase=8.2203e-03 | support=2.4613e+00
2026-08-08 06:33:57 | INFO    | TRAIN | epoch=033/100 | batch=00300/01563 ( 19.19%) | lr=1.000e-03 | elapsed=0:02:28 | eta=0:10:26
    losses | total=5.1851e+00 | fourier=5.1851e+00 | amplitude=2.0065e-02 | phase=1.3382e-02 | support=2.7202e+00
2026-08-08 06:34:22 | INFO    | TRAIN | epoch=033/100 | batch=00350/01563 ( 22.39%) | lr=1.000e-03 | elapsed=0:02:53 | eta=0:10:01
    losses | total=4.5727e+00 | fourier=4.5727e+00 | amplitude=1.5534e-02 | phase=1.0045e-02 | support=2.6563e+00
2026-08-08 06:34:47 | INFO    | TRAIN | epoch=033/100 | batch=00400/01563 ( 25.59%) | lr=1.000e-03 | elapsed=0:03:18 | eta=0:09:36
    losses | total=5.3350e+00 | fourier=5.3350e+00 | amplitude=2.0585e-02 | phase=9.1498e-03 | support=2.4505e+00
2026-08-08 06:35:11 | INFO    | TRAIN | epoch=033/100 | batch=00450/01563 ( 28.79%) | lr=1.000e-03 | elapsed=0:03:43 | eta=0:09:11
    losses | total=4.8965e+00 | fourier=4.8965e+00 | amplitude=1.8973e-02 | phase=1.0555e-02 | support=2.8124e+00
2026-08-08 06:35:36 | INFO    | TRAIN | epoch=033/100 | batch=00500/01563 ( 31.99%) | lr=1.000e-03 | elapsed=0:04:07 | eta=0:08:46
    losses | total=5.0385e+00 | fourier=5.0385e+00 | amplitude=2.0800e-02 | phase=1.0837e-02 | support=2.5723e+00
2026-08-08 06:36:01 | INFO    | TRAIN | epoch=033/100 | batch=00550/01563 ( 35.19%) | lr=1.000e-03 | elapsed=0:04:32 | eta=0:08:21
    losses | total=4.9733e+00 | fourier=4.9733e+00 | amplitude=2.0235e-02 | phase=1.0997e-02 | support=2.4497e+00
2026-08-08 06:36:26 | INFO    | TRAIN | epoch=033/100 | batch=00600/01563 ( 38.39%) | lr=1.000e-03 | elapsed=0:04:57 | eta=0:07:57
    losses | total=5.0522e+00 | fourier=5.0522e+00 | amplitude=1.9727e-02 | phase=1.0198e-02 | support=2.3909e+00
2026-08-08 06:36:50 | INFO    | TRAIN | epoch=033/100 | batch=00650/01563 ( 41.59%) | lr=1.000e-03 | elapsed=0:05:22 | eta=0:07:32
    losses | total=4.9160e+00 | fourier=4.9160e+00 | amplitude=1.7569e-02 | phase=9.4994e-03 | support=2.4582e+00
2026-08-08 06:37:15 | INFO    | TRAIN | epoch=033/100 | batch=00700/01563 ( 44.79%) | lr=1.000e-03 | elapsed=0:05:46 | eta=0:07:07
    losses | total=5.1150e+00 | fourier=5.1150e+00 | amplitude=1.8102e-02 | phase=1.0192e-02 | support=2.6817e+00
2026-08-08 06:37:40 | INFO    | TRAIN | epoch=033/100 | batch=00750/01563 ( 47.98%) | lr=1.000e-03 | elapsed=0:06:11 | eta=0:06:42
    losses | total=4.7515e+00 | fourier=4.7515e+00 | amplitude=1.6261e-02 | phase=1.1301e-02 | support=2.4768e+00
2026-08-08 06:38:05 | INFO    | TRAIN | epoch=033/100 | batch=00800/01563 ( 51.18%) | lr=1.000e-03 | elapsed=0:06:36 | eta=0:06:18
    losses | total=4.8814e+00 | fourier=4.8814e+00 | amplitude=1.8363e-02 | phase=8.1333e-03 | support=2.5609e+00
2026-08-08 06:38:29 | INFO    | TRAIN | epoch=033/100 | batch=00850/01563 ( 54.38%) | lr=1.000e-03 | elapsed=0:07:01 | eta=0:05:53
    losses | total=5.1764e+00 | fourier=5.1764e+00 | amplitude=1.8805e-02 | phase=1.0101e-02 | support=2.4794e+00
2026-08-08 06:38:54 | INFO    | TRAIN | epoch=033/100 | batch=00900/01563 ( 57.58%) | lr=1.000e-03 | elapsed=0:07:25 | eta=0:05:28
    losses | total=5.3116e+00 | fourier=5.3116e+00 | amplitude=1.9629e-02 | phase=1.0140e-02 | support=2.5501e+00
2026-08-08 06:39:19 | INFO    | TRAIN | epoch=033/100 | batch=00950/01563 ( 60.78%) | lr=1.000e-03 | elapsed=0:07:50 | eta=0:05:03
    losses | total=5.2897e+00 | fourier=5.2897e+00 | amplitude=1.8468e-02 | phase=1.1745e-02 | support=2.5955e+00
2026-08-08 06:39:44 | INFO    | TRAIN | epoch=033/100 | batch=01000/01563 ( 63.98%) | lr=1.000e-03 | elapsed=0:08:15 | eta=0:04:38
    losses | total=4.6716e+00 | fourier=4.6716e+00 | amplitude=1.4824e-02 | phase=1.1105e-02 | support=2.3023e+00
2026-08-08 06:40:09 | INFO    | TRAIN | epoch=033/100 | batch=01050/01563 ( 67.18%) | lr=1.000e-03 | elapsed=0:08:40 | eta=0:04:14
    losses | total=4.7705e+00 | fourier=4.7705e+00 | amplitude=1.7537e-02 | phase=9.8549e-03 | support=2.5531e+00
2026-08-08 06:40:33 | INFO    | TRAIN | epoch=033/100 | batch=01100/01563 ( 70.38%) | lr=1.000e-03 | elapsed=0:09:04 | eta=0:03:49
    losses | total=4.8639e+00 | fourier=4.8639e+00 | amplitude=1.9052e-02 | phase=1.0832e-02 | support=2.5753e+00
2026-08-08 06:40:58 | INFO    | TRAIN | epoch=033/100 | batch=01150/01563 ( 73.58%) | lr=1.000e-03 | elapsed=0:09:29 | eta=0:03:24
    losses | total=5.1955e+00 | fourier=5.1955e+00 | amplitude=1.9722e-02 | phase=8.9482e-03 | support=2.5260e+00
2026-08-08 06:41:23 | INFO    | TRAIN | epoch=033/100 | batch=01200/01563 ( 76.78%) | lr=1.000e-03 | elapsed=0:09:54 | eta=0:02:59
    losses | total=4.9956e+00 | fourier=4.9956e+00 | amplitude=1.7649e-02 | phase=1.1299e-02 | support=2.9225e+00
2026-08-08 06:41:48 | INFO    | TRAIN | epoch=033/100 | batch=01250/01563 ( 79.97%) | lr=1.000e-03 | elapsed=0:10:19 | eta=0:02:35
    losses | total=4.7109e+00 | fourier=4.7109e+00 | amplitude=1.7408e-02 | phase=9.6858e-03 | support=2.7751e+00
2026-08-08 06:42:12 | INFO    | TRAIN | epoch=033/100 | batch=01300/01563 ( 83.17%) | lr=1.000e-03 | elapsed=0:10:44 | eta=0:02:10
    losses | total=5.0687e+00 | fourier=5.0687e+00 | amplitude=2.1123e-02 | phase=9.7957e-03 | support=2.5796e+00
2026-08-08 06:42:37 | INFO    | TRAIN | epoch=033/100 | batch=01350/01563 ( 86.37%) | lr=1.000e-03 | elapsed=0:11:08 | eta=0:01:45
    losses | total=5.1067e+00 | fourier=5.1067e+00 | amplitude=1.8665e-02 | phase=1.1191e-02 | support=2.6326e+00
2026-08-08 06:43:02 | INFO    | TRAIN | epoch=033/100 | batch=01400/01563 ( 89.57%) | lr=1.000e-03 | elapsed=0:11:33 | eta=0:01:20
    losses | total=5.3069e+00 | fourier=5.3069e+00 | amplitude=2.1458e-02 | phase=1.1366e-02 | support=2.5612e+00
2026-08-08 06:43:27 | INFO    | TRAIN | epoch=033/100 | batch=01450/01563 ( 92.77%) | lr=1.000e-03 | elapsed=0:11:58 | eta=0:00:55
    losses | total=4.7425e+00 | fourier=4.7425e+00 | amplitude=1.4954e-02 | phase=8.7700e-03 | support=2.1304e+00
2026-08-08 06:43:51 | INFO    | TRAIN | epoch=033/100 | batch=01500/01563 ( 95.97%) | lr=1.000e-03 | elapsed=0:12:23 | eta=0:00:31
    losses | total=4.9075e+00 | fourier=4.9075e+00 | amplitude=1.9136e-02 | phase=8.4164e-03 | support=2.8390e+00
2026-08-08 06:44:16 | INFO    | TRAIN | epoch=033/100 | batch=01550/01563 ( 99.17%) | lr=1.000e-03 | elapsed=0:12:47 | eta=0:00:06
    losses | total=5.2480e+00 | fourier=5.2480e+00 | amplitude=1.9085e-02 | phase=1.1011e-02 | support=2.5312e+00
2026-08-08 06:44:22 | INFO    | TRAIN | epoch=033/100 | batch=01563/01563 (100.00%) | lr=1.000e-03 | elapsed=0:12:54 | eta=0:00:00
    losses | total=5.2216e+00 | fourier=5.2216e+00 | amplitude=2.1536e-02 | phase=1.1418e-02 | support=2.5949e+00
2026-08-08 06:44:23 | INFO    | TRAIN epoch 033 complete | batches=1563 | samples=25000 | time=0:12:54
2026-08-08 06:44:29 | INFO    | VAL | epoch=033/100 | batch=00050/00313 ( 15.97%) | elapsed=0:00:06 | eta=0:00:33
    losses | total=5.2883e+00 | fourier=5.2883e+00 | amplitude=1.8839e-02 | phase=1.2441e-02 | support=2.3892e+00
2026-08-08 06:44:35 | INFO    | VAL | epoch=033/100 | batch=00100/00313 ( 31.95%) | elapsed=0:00:12 | eta=0:00:27
    losses | total=4.9902e+00 | fourier=4.9902e+00 | amplitude=1.7249e-02 | phase=1.1002e-02 | support=2.2667e+00
2026-08-08 06:44:42 | INFO    | VAL | epoch=033/100 | batch=00150/00313 ( 47.92%) | elapsed=0:00:18 | eta=0:00:20
    losses | total=4.9973e+00 | fourier=4.9973e+00 | amplitude=1.8890e-02 | phase=9.7363e-03 | support=2.6584e+00
2026-08-08 06:44:48 | INFO    | VAL | epoch=033/100 | batch=00200/00313 ( 63.90%) | elapsed=0:00:25 | eta=0:00:14
    losses | total=4.8922e+00 | fourier=4.8922e+00 | amplitude=1.7954e-02 | phase=1.0266e-02 | support=2.2721e+00
2026-08-08 06:44:54 | INFO    | VAL | epoch=033/100 | batch=00250/00313 ( 79.87%) | elapsed=0:00:31 | eta=0:00:07
    losses | total=5.2803e+00 | fourier=5.2803e+00 | amplitude=1.9137e-02 | phase=1.2716e-02 | support=2.3281e+00
2026-08-08 06:45:00 | INFO    | VAL | epoch=033/100 | batch=00300/00313 ( 95.85%) | elapsed=0:00:37 | eta=0:00:01
    losses | total=5.1166e+00 | fourier=5.1166e+00 | amplitude=2.0175e-02 | phase=1.0951e-02 | support=2.6088e+00
2026-08-08 06:45:02 | INFO    | VAL | epoch=033/100 | batch=00313/00313 (100.00%) | elapsed=0:00:39 | eta=0:00:00
    losses | total=5.0523e+00 | fourier=5.0523e+00 | amplitude=1.9759e-02 | phase=1.2262e-02 | support=2.5245e+00
2026-08-08 06:45:02 | INFO    | VAL epoch 033 complete | batches=313 | samples=5000 | time=0:00:39
2026-08-08 06:45:03 | INFO    | 
------------------------------------------------------------------------------------------------
Epoch 033/100 summary
split             total      fourier    amplitude        phase      support        time
train        5.0193e+00   5.0193e+00   1.9043e-02   1.0435e-02   2.6049e+00     0:12:54
validation   5.0817e+00   5.0817e+00   1.8429e-02   1.0744e-02   2.4267e+00     0:00:39
lr=1.000e-03 | best_val=5.0817e+00 | best_updated=yes | periodic_checkpoint=no
------------------------------------------------------------------------------------------------
2026-08-08 06:45:28 | INFO    | TRAIN | epoch=034/100 | batch=00050/01563 (  3.20%) | lr=1.000e-03 | elapsed=0:00:24 | eta=0:12:32
    losses | total=5.0927e+00 | fourier=5.0927e+00 | amplitude=1.6382e-02 | phase=9.4107e-03 | support=2.2546e+00
2026-08-08 06:45:52 | INFO    | TRAIN | epoch=034/100 | batch=00100/01563 (  6.40%) | lr=1.000e-03 | elapsed=0:00:49 | eta=0:12:05
    losses | total=4.6526e+00 | fourier=4.6526e+00 | amplitude=1.7246e-02 | phase=9.6969e-03 | support=2.4509e+00
2026-08-08 06:46:17 | INFO    | TRAIN | epoch=034/100 | batch=00150/01563 (  9.60%) | lr=1.000e-03 | elapsed=0:01:14 | eta=0:11:40
    losses | total=5.4063e+00 | fourier=5.4063e+00 | amplitude=2.3114e-02 | phase=1.1875e-02 | support=2.7183e+00
2026-08-08 06:46:42 | INFO    | TRAIN | epoch=034/100 | batch=00200/01563 ( 12.80%) | lr=1.000e-03 | elapsed=0:01:39 | eta=0:11:15
    losses | total=5.2457e+00 | fourier=5.2457e+00 | amplitude=2.1604e-02 | phase=1.0217e-02 | support=2.6926e+00
2026-08-08 06:47:07 | INFO    | TRAIN | epoch=034/100 | batch=00250/01563 ( 15.99%) | lr=1.000e-03 | elapsed=0:02:03 | eta=0:10:50
    losses | total=4.9427e+00 | fourier=4.9427e+00 | amplitude=1.9076e-02 | phase=9.3917e-03 | support=2.6089e+00
2026-08-08 06:47:31 | INFO    | TRAIN | epoch=034/100 | batch=00300/01563 ( 19.19%) | lr=1.000e-03 | elapsed=0:02:28 | eta=0:10:25
    losses | total=5.1916e+00 | fourier=5.1916e+00 | amplitude=1.9622e-02 | phase=9.2302e-03 | support=2.7079e+00
2026-08-08 06:47:56 | INFO    | TRAIN | epoch=034/100 | batch=00350/01563 ( 22.39%) | lr=1.000e-03 | elapsed=0:02:53 | eta=0:10:00
    losses | total=5.1201e+00 | fourier=5.1201e+00 | amplitude=2.3877e-02 | phase=9.4256e-03 | support=2.7188e+00
2026-08-08 06:48:21 | INFO    | TRAIN | epoch=034/100 | batch=00400/01563 ( 25.59%) | lr=1.000e-03 | elapsed=0:03:18 | eta=0:09:35
    losses | total=4.8580e+00 | fourier=4.8580e+00 | amplitude=1.6843e-02 | phase=9.8865e-03 | support=2.3975e+00
2026-08-08 06:48:45 | INFO    | TRAIN | epoch=034/100 | batch=00450/01563 ( 28.79%) | lr=1.000e-03 | elapsed=0:03:42 | eta=0:09:10
    losses | total=4.9426e+00 | fourier=4.9426e+00 | amplitude=1.8126e-02 | phase=1.0333e-02 | support=2.4835e+00
2026-08-08 06:49:10 | INFO    | TRAIN | epoch=034/100 | batch=00500/01563 ( 31.99%) | lr=1.000e-03 | elapsed=0:04:07 | eta=0:08:46
    losses | total=4.9642e+00 | fourier=4.9642e+00 | amplitude=1.8664e-02 | phase=9.7464e-03 | support=2.4129e+00
2026-08-08 06:49:35 | INFO    | TRAIN | epoch=034/100 | batch=00550/01563 ( 35.19%) | lr=1.000e-03 | elapsed=0:04:32 | eta=0:08:21
    losses | total=4.8345e+00 | fourier=4.8345e+00 | amplitude=1.7411e-02 | phase=1.0914e-02 | support=2.8873e+00
2026-08-08 06:50:00 | INFO    | TRAIN | epoch=034/100 | batch=00600/01563 ( 38.39%) | lr=1.000e-03 | elapsed=0:04:56 | eta=0:07:56
    losses | total=4.8169e+00 | fourier=4.8169e+00 | amplitude=1.6097e-02 | phase=8.6108e-03 | support=2.6437e+00
2026-08-08 06:50:24 | INFO    | TRAIN | epoch=034/100 | batch=00650/01563 ( 41.59%) | lr=1.000e-03 | elapsed=0:05:21 | eta=0:07:31
    losses | total=4.7399e+00 | fourier=4.7399e+00 | amplitude=1.5835e-02 | phase=9.8328e-03 | support=2.4930e+00
2026-08-08 06:50:49 | INFO    | TRAIN | epoch=034/100 | batch=00700/01563 ( 44.79%) | lr=1.000e-03 | elapsed=0:05:46 | eta=0:07:07
    losses | total=4.6382e+00 | fourier=4.6382e+00 | amplitude=1.6198e-02 | phase=9.4327e-03 | support=2.7617e+00
2026-08-08 06:51:14 | INFO    | TRAIN | epoch=034/100 | batch=00750/01563 ( 47.98%) | lr=1.000e-03 | elapsed=0:06:11 | eta=0:06:42
    losses | total=4.6417e+00 | fourier=4.6417e+00 | amplitude=1.5848e-02 | phase=7.9690e-03 | support=2.5303e+00
2026-08-08 06:51:39 | INFO    | TRAIN | epoch=034/100 | batch=00800/01563 ( 51.18%) | lr=1.000e-03 | elapsed=0:06:35 | eta=0:06:17
    losses | total=4.6701e+00 | fourier=4.6701e+00 | amplitude=1.5994e-02 | phase=9.8806e-03 | support=2.3049e+00
2026-08-08 06:52:03 | INFO    | TRAIN | epoch=034/100 | batch=00850/01563 ( 54.38%) | lr=1.000e-03 | elapsed=0:07:00 | eta=0:05:52
    losses | total=4.7356e+00 | fourier=4.7356e+00 | amplitude=1.9380e-02 | phase=1.2731e-02 | support=2.7814e+00
2026-08-08 06:52:28 | INFO    | TRAIN | epoch=034/100 | batch=00900/01563 ( 57.58%) | lr=1.000e-03 | elapsed=0:07:25 | eta=0:05:28
    losses | total=5.2894e+00 | fourier=5.2894e+00 | amplitude=1.9109e-02 | phase=9.9543e-03 | support=2.6024e+00
2026-08-08 06:52:53 | INFO    | TRAIN | epoch=034/100 | batch=00950/01563 ( 60.78%) | lr=1.000e-03 | elapsed=0:07:50 | eta=0:05:03
    losses | total=4.5036e+00 | fourier=4.5036e+00 | amplitude=1.5959e-02 | phase=9.1068e-03 | support=2.5157e+00
2026-08-08 06:53:18 | INFO    | TRAIN | epoch=034/100 | batch=01000/01563 ( 63.98%) | lr=1.000e-03 | elapsed=0:08:14 | eta=0:04:38
    losses | total=5.0246e+00 | fourier=5.0246e+00 | amplitude=2.1025e-02 | phase=1.2872e-02 | support=2.6361e+00
2026-08-08 06:53:42 | INFO    | TRAIN | epoch=034/100 | batch=01050/01563 ( 67.18%) | lr=1.000e-03 | elapsed=0:08:39 | eta=0:04:13
    losses | total=5.1259e+00 | fourier=5.1259e+00 | amplitude=2.0062e-02 | phase=8.8695e-03 | support=2.6476e+00
2026-08-08 06:54:07 | INFO    | TRAIN | epoch=034/100 | batch=01100/01563 ( 70.38%) | lr=1.000e-03 | elapsed=0:09:04 | eta=0:03:49
    losses | total=4.9150e+00 | fourier=4.9150e+00 | amplitude=1.7575e-02 | phase=1.1142e-02 | support=2.4433e+00
2026-08-08 06:54:32 | INFO    | TRAIN | epoch=034/100 | batch=01150/01563 ( 73.58%) | lr=1.000e-03 | elapsed=0:09:29 | eta=0:03:24
    losses | total=5.3961e+00 | fourier=5.3961e+00 | amplitude=2.3376e-02 | phase=1.2022e-02 | support=2.7284e+00
2026-08-08 06:54:56 | INFO    | TRAIN | epoch=034/100 | batch=01200/01563 ( 76.78%) | lr=1.000e-03 | elapsed=0:09:53 | eta=0:02:59
    losses | total=4.5664e+00 | fourier=4.5664e+00 | amplitude=1.7975e-02 | phase=8.8622e-03 | support=2.8066e+00
2026-08-08 06:55:21 | INFO    | TRAIN | epoch=034/100 | batch=01250/01563 ( 79.97%) | lr=1.000e-03 | elapsed=0:10:18 | eta=0:02:34
    losses | total=5.1417e+00 | fourier=5.1417e+00 | amplitude=1.7715e-02 | phase=9.0015e-03 | support=2.3605e+00
2026-08-08 06:55:46 | INFO    | TRAIN | epoch=034/100 | batch=01300/01563 ( 83.17%) | lr=1.000e-03 | elapsed=0:10:43 | eta=0:02:10
    losses | total=4.9376e+00 | fourier=4.9376e+00 | amplitude=1.8170e-02 | phase=9.7215e-03 | support=2.5886e+00
2026-08-08 06:56:11 | INFO    | TRAIN | epoch=034/100 | batch=01350/01563 ( 86.37%) | lr=1.000e-03 | elapsed=0:11:08 | eta=0:01:45
    losses | total=4.6428e+00 | fourier=4.6428e+00 | amplitude=1.5485e-02 | phase=1.0567e-02 | support=2.2001e+00
2026-08-08 06:56:35 | INFO    | TRAIN | epoch=034/100 | batch=01400/01563 ( 89.57%) | lr=1.000e-03 | elapsed=0:11:32 | eta=0:01:20
    losses | total=4.9365e+00 | fourier=4.9365e+00 | amplitude=1.8308e-02 | phase=1.0776e-02 | support=2.8935e+00
2026-08-08 06:57:00 | INFO    | TRAIN | epoch=034/100 | batch=01450/01563 ( 92.77%) | lr=1.000e-03 | elapsed=0:11:57 | eta=0:00:55
    losses | total=4.9819e+00 | fourier=4.9819e+00 | amplitude=1.9105e-02 | phase=1.0456e-02 | support=2.5785e+00
2026-08-08 06:57:25 | INFO    | TRAIN | epoch=034/100 | batch=01500/01563 ( 95.97%) | lr=1.000e-03 | elapsed=0:12:22 | eta=0:00:31
    losses | total=5.2450e+00 | fourier=5.2450e+00 | amplitude=1.9421e-02 | phase=8.7051e-03 | support=2.7274e+00
2026-08-08 06:57:50 | INFO    | TRAIN | epoch=034/100 | batch=01550/01563 ( 99.17%) | lr=1.000e-03 | elapsed=0:12:46 | eta=0:00:06
    losses | total=5.3456e+00 | fourier=5.3456e+00 | amplitude=2.0274e-02 | phase=1.0976e-02 | support=2.6484e+00
2026-08-08 06:57:56 | INFO    | TRAIN | epoch=034/100 | batch=01563/01563 (100.00%) | lr=1.000e-03 | elapsed=0:12:53 | eta=0:00:00
    losses | total=5.1689e+00 | fourier=5.1689e+00 | amplitude=2.0885e-02 | phase=9.0716e-03 | support=2.5600e+00
2026-08-08 06:57:56 | INFO    | TRAIN epoch 034 complete | batches=1563 | samples=25000 | time=0:12:53
2026-08-08 06:58:03 | INFO    | VAL | epoch=034/100 | batch=00050/00313 ( 15.97%) | elapsed=0:00:06 | eta=0:00:33
    losses | total=5.3227e+00 | fourier=5.3227e+00 | amplitude=1.8932e-02 | phase=1.1853e-02 | support=2.4610e+00
2026-08-08 06:58:09 | INFO    | VAL | epoch=034/100 | batch=00100/00313 ( 31.95%) | elapsed=0:00:12 | eta=0:00:27
    losses | total=5.0264e+00 | fourier=5.0264e+00 | amplitude=1.7252e-02 | phase=1.0623e-02 | support=2.3183e+00
2026-08-08 06:58:15 | INFO    | VAL | epoch=034/100 | batch=00150/00313 ( 47.92%) | elapsed=0:00:18 | eta=0:00:20
    losses | total=5.0372e+00 | fourier=5.0372e+00 | amplitude=1.8957e-02 | phase=1.0254e-02 | support=2.7654e+00
2026-08-08 06:58:21 | INFO    | VAL | epoch=034/100 | batch=00200/00313 ( 63.90%) | elapsed=0:00:25 | eta=0:00:14
    losses | total=4.9444e+00 | fourier=4.9444e+00 | amplitude=1.7883e-02 | phase=9.8841e-03 | support=2.3592e+00
2026-08-08 06:58:28 | INFO    | VAL | epoch=034/100 | batch=00250/00313 ( 79.87%) | elapsed=0:00:31 | eta=0:00:07
    losses | total=5.3088e+00 | fourier=5.3088e+00 | amplitude=1.9157e-02 | phase=1.1687e-02 | support=2.4297e+00
2026-08-08 06:58:34 | INFO    | VAL | epoch=034/100 | batch=00300/00313 ( 95.85%) | elapsed=0:00:37 | eta=0:00:01
    losses | total=5.1234e+00 | fourier=5.1234e+00 | amplitude=2.0432e-02 | phase=1.1220e-02 | support=2.6877e+00
2026-08-08 06:58:36 | INFO    | VAL | epoch=034/100 | batch=00313/00313 (100.00%) | elapsed=0:00:39 | eta=0:00:00
    losses | total=5.1083e+00 | fourier=5.1083e+00 | amplitude=1.9788e-02 | phase=1.1938e-02 | support=2.6430e+00
2026-08-08 06:58:36 | INFO    | VAL epoch 034 complete | batches=313 | samples=5000 | time=0:00:39
2026-08-08 06:58:36 | INFO    | 
------------------------------------------------------------------------------------------------
Epoch 034/100 summary
split             total      fourier    amplitude        phase      support        time
train        5.0052e+00   5.0052e+00   1.9027e-02   1.0478e-02   2.6128e+00     0:12:53
validation   5.1071e+00   5.1071e+00   1.8459e-02   1.0590e-02   2.5143e+00     0:00:39
lr=1.000e-03 | best_val=5.0817e+00 | best_updated=no | periodic_checkpoint=no
------------------------------------------------------------------------------------------------
2026-08-08 06:59:01 | INFO    | TRAIN | epoch=035/100 | batch=00050/01563 (  3.20%) | lr=1.000e-03 | elapsed=0:00:24 | eta=0:12:33
    losses | total=5.0113e+00 | fourier=5.0113e+00 | amplitude=1.7864e-02 | phase=1.1093e-02 | support=2.4743e+00
2026-08-08 06:59:26 | INFO    | TRAIN | epoch=035/100 | batch=00100/01563 (  6.40%) | lr=1.000e-03 | elapsed=0:00:49 | eta=0:12:06
    losses | total=5.4096e+00 | fourier=5.4096e+00 | amplitude=2.3559e-02 | phase=1.2033e-02 | support=2.7741e+00
2026-08-08 06:59:50 | INFO    | TRAIN | epoch=035/100 | batch=00150/01563 (  9.60%) | lr=1.000e-03 | elapsed=0:01:14 | eta=0:11:41
    losses | total=5.0011e+00 | fourier=5.0011e+00 | amplitude=1.6439e-02 | phase=9.4904e-03 | support=2.3599e+00
2026-08-08 07:00:15 | INFO    | TRAIN | epoch=035/100 | batch=00200/01563 ( 12.80%) | lr=1.000e-03 | elapsed=0:01:39 | eta=0:11:16
    losses | total=5.0608e+00 | fourier=5.0608e+00 | amplitude=2.1139e-02 | phase=9.3584e-03 | support=2.5221e+00
2026-08-08 07:00:40 | INFO    | TRAIN | epoch=035/100 | batch=00250/01563 ( 15.99%) | lr=1.000e-03 | elapsed=0:02:03 | eta=0:10:51
    losses | total=4.6674e+00 | fourier=4.6674e+00 | amplitude=1.6790e-02 | phase=1.1146e-02 | support=2.4545e+00
2026-08-08 07:01:05 | INFO    | TRAIN | epoch=035/100 | batch=00300/01563 ( 19.19%) | lr=1.000e-03 | elapsed=0:02:28 | eta=0:10:26
    losses | total=5.0649e+00 | fourier=5.0649e+00 | amplitude=2.0965e-02 | phase=9.6998e-03 | support=3.1013e+00
2026-08-08 07:01:29 | INFO    | TRAIN | epoch=035/100 | batch=00350/01563 ( 22.39%) | lr=1.000e-03 | elapsed=0:02:53 | eta=0:10:01
    losses | total=4.8656e+00 | fourier=4.8656e+00 | amplitude=1.7848e-02 | phase=1.0574e-02 | support=2.4540e+00
2026-08-08 07:01:54 | INFO    | TRAIN | epoch=035/100 | batch=00400/01563 ( 25.59%) | lr=1.000e-03 | elapsed=0:03:18 | eta=0:09:36
    losses | total=4.8710e+00 | fourier=4.8710e+00 | amplitude=1.7735e-02 | phase=9.6110e-03 | support=2.6401e+00
2026-08-08 07:02:19 | INFO    | TRAIN | epoch=035/100 | batch=00450/01563 ( 28.79%) | lr=1.000e-03 | elapsed=0:03:43 | eta=0:09:11
    losses | total=5.1406e+00 | fourier=5.1406e+00 | amplitude=2.0913e-02 | phase=1.1816e-02 | support=2.6651e+00
2026-08-08 07:02:44 | INFO    | TRAIN | epoch=035/100 | batch=00500/01563 ( 31.99%) | lr=1.000e-03 | elapsed=0:04:07 | eta=0:08:46
    losses | total=5.1113e+00 | fourier=5.1113e+00 | amplitude=1.9263e-02 | phase=1.2510e-02 | support=2.4047e+00
2026-08-08 07:03:08 | INFO    | TRAIN | epoch=035/100 | batch=00550/01563 ( 35.19%) | lr=1.000e-03 | elapsed=0:04:32 | eta=0:08:21
    losses | total=5.1205e+00 | fourier=5.1205e+00 | amplitude=2.1584e-02 | phase=1.0318e-02 | support=2.9036e+00
2026-08-08 07:03:33 | INFO    | TRAIN | epoch=035/100 | batch=00600/01563 ( 38.39%) | lr=1.000e-03 | elapsed=0:04:57 | eta=0:07:57
    losses | total=4.8269e+00 | fourier=4.8269e+00 | amplitude=1.7951e-02 | phase=9.1883e-03 | support=2.7868e+00
2026-08-08 07:03:58 | INFO    | TRAIN | epoch=035/100 | batch=00650/01563 ( 41.59%) | lr=1.000e-03 | elapsed=0:05:22 | eta=0:07:32
    losses | total=5.1782e+00 | fourier=5.1782e+00 | amplitude=2.0594e-02 | phase=1.1487e-02 | support=2.6122e+00
2026-08-08 07:04:23 | INFO    | TRAIN | epoch=035/100 | batch=00700/01563 ( 44.79%) | lr=1.000e-03 | elapsed=0:05:46 | eta=0:07:07
    losses | total=4.9337e+00 | fourier=4.9337e+00 | amplitude=1.9554e-02 | phase=1.2177e-02 | support=2.5140e+00
2026-08-08 07:04:47 | INFO    | TRAIN | epoch=035/100 | batch=00750/01563 ( 47.98%) | lr=1.000e-03 | elapsed=0:06:11 | eta=0:06:42
    losses | total=4.7174e+00 | fourier=4.7174e+00 | amplitude=1.6924e-02 | phase=1.0117e-02 | support=2.5053e+00
2026-08-08 07:05:12 | INFO    | TRAIN | epoch=035/100 | batch=00800/01563 ( 51.18%) | lr=1.000e-03 | elapsed=0:06:36 | eta=0:06:18
    losses | total=4.9201e+00 | fourier=4.9201e+00 | amplitude=1.7665e-02 | phase=1.1566e-02 | support=2.1783e+00
2026-08-08 07:05:37 | INFO    | TRAIN | epoch=035/100 | batch=00850/01563 ( 54.38%) | lr=1.000e-03 | elapsed=0:07:01 | eta=0:05:53
    losses | total=4.8717e+00 | fourier=4.8717e+00 | amplitude=1.8645e-02 | phase=9.6544e-03 | support=2.6132e+00
2026-08-08 07:06:02 | INFO    | TRAIN | epoch=035/100 | batch=00900/01563 ( 57.58%) | lr=1.000e-03 | elapsed=0:07:25 | eta=0:05:28
    losses | total=5.1541e+00 | fourier=5.1541e+00 | amplitude=1.9935e-02 | phase=9.5624e-03 | support=2.5904e+00
2026-08-08 07:06:27 | INFO    | TRAIN | epoch=035/100 | batch=00950/01563 ( 60.78%) | lr=1.000e-03 | elapsed=0:07:50 | eta=0:05:03
    losses | total=5.2942e+00 | fourier=5.2942e+00 | amplitude=1.9729e-02 | phase=9.4198e-03 | support=2.4298e+00
2026-08-08 07:06:51 | INFO    | TRAIN | epoch=035/100 | batch=01000/01563 ( 63.98%) | lr=1.000e-03 | elapsed=0:08:15 | eta=0:04:38
    losses | total=4.7717e+00 | fourier=4.7717e+00 | amplitude=1.7819e-02 | phase=9.3250e-03 | support=2.4585e+00
2026-08-08 07:07:16 | INFO    | TRAIN | epoch=035/100 | batch=01050/01563 ( 67.18%) | lr=1.000e-03 | elapsed=0:08:40 | eta=0:04:14
    losses | total=4.8962e+00 | fourier=4.8962e+00 | amplitude=1.6833e-02 | phase=8.0019e-03 | support=2.5368e+00
2026-08-08 07:07:41 | INFO    | TRAIN | epoch=035/100 | batch=01100/01563 ( 70.38%) | lr=1.000e-03 | elapsed=0:09:04 | eta=0:03:49
    losses | total=4.6178e+00 | fourier=4.6178e+00 | amplitude=1.6933e-02 | phase=1.1232e-02 | support=2.7487e+00
2026-08-08 07:08:06 | INFO    | TRAIN | epoch=035/100 | batch=01150/01563 ( 73.58%) | lr=1.000e-03 | elapsed=0:09:29 | eta=0:03:24
    losses | total=5.2010e+00 | fourier=5.2010e+00 | amplitude=1.9017e-02 | phase=9.5020e-03 | support=2.5333e+00
2026-08-08 07:08:30 | INFO    | TRAIN | epoch=035/100 | batch=01200/01563 ( 76.78%) | lr=1.000e-03 | elapsed=0:09:54 | eta=0:02:59
    losses | total=4.6077e+00 | fourier=4.6077e+00 | amplitude=1.7132e-02 | phase=1.1534e-02 | support=2.6809e+00
2026-08-08 07:08:55 | INFO    | TRAIN | epoch=035/100 | batch=01250/01563 ( 79.97%) | lr=1.000e-03 | elapsed=0:10:19 | eta=0:02:35
    losses | total=5.1697e+00 | fourier=5.1697e+00 | amplitude=1.9599e-02 | phase=1.1155e-02 | support=2.8451e+00
2026-08-08 07:09:20 | INFO    | TRAIN | epoch=035/100 | batch=01300/01563 ( 83.17%) | lr=1.000e-03 | elapsed=0:10:43 | eta=0:02:10
    losses | total=4.6860e+00 | fourier=4.6860e+00 | amplitude=1.7884e-02 | phase=1.1017e-02 | support=2.5260e+00
2026-08-08 07:09:45 | INFO    | TRAIN | epoch=035/100 | batch=01350/01563 ( 86.37%) | lr=1.000e-03 | elapsed=0:11:08 | eta=0:01:45
    losses | total=5.2558e+00 | fourier=5.2558e+00 | amplitude=2.0705e-02 | phase=1.2116e-02 | support=2.6399e+00
2026-08-08 07:10:09 | INFO    | TRAIN | epoch=035/100 | batch=01400/01563 ( 89.57%) | lr=1.000e-03 | elapsed=0:11:33 | eta=0:01:20
    losses | total=4.9151e+00 | fourier=4.9151e+00 | amplitude=1.8363e-02 | phase=1.1519e-02 | support=2.3119e+00
2026-08-08 07:10:34 | INFO    | TRAIN | epoch=035/100 | batch=01450/01563 ( 92.77%) | lr=1.000e-03 | elapsed=0:11:58 | eta=0:00:55
    losses | total=4.8665e+00 | fourier=4.8665e+00 | amplitude=1.7410e-02 | phase=9.3322e-03 | support=2.4234e+00
2026-08-08 07:10:59 | INFO    | TRAIN | epoch=035/100 | batch=01500/01563 ( 95.97%) | lr=1.000e-03 | elapsed=0:12:23 | eta=0:00:31
    losses | total=4.9095e+00 | fourier=4.9095e+00 | amplitude=1.8311e-02 | phase=1.1442e-02 | support=2.5929e+00
2026-08-08 07:11:24 | INFO    | TRAIN | epoch=035/100 | batch=01550/01563 ( 99.17%) | lr=1.000e-03 | elapsed=0:12:47 | eta=0:00:06
    losses | total=4.7699e+00 | fourier=4.7699e+00 | amplitude=1.8105e-02 | phase=1.0750e-02 | support=2.7441e+00
2026-08-08 07:11:30 | INFO    | TRAIN | epoch=035/100 | batch=01563/01563 (100.00%) | lr=1.000e-03 | elapsed=0:12:53 | eta=0:00:00
    losses | total=5.1124e+00 | fourier=5.1124e+00 | amplitude=1.6755e-02 | phase=9.6804e-03 | support=2.5066e+00
2026-08-08 07:11:30 | INFO    | TRAIN epoch 035 complete | batches=1563 | samples=25000 | time=0:12:54
2026-08-08 07:11:37 | INFO    | VAL | epoch=035/100 | batch=00050/00313 ( 15.97%) | elapsed=0:00:06 | eta=0:00:33
    losses | total=5.3202e+00 | fourier=5.3202e+00 | amplitude=1.9431e-02 | phase=1.1993e-02 | support=2.5979e+00
2026-08-08 07:11:43 | INFO    | VAL | epoch=035/100 | batch=00100/00313 ( 31.95%) | elapsed=0:00:12 | eta=0:00:27
    losses | total=5.0198e+00 | fourier=5.0198e+00 | amplitude=1.7425e-02 | phase=1.0845e-02 | support=2.3469e+00
2026-08-08 07:11:49 | INFO    | VAL | epoch=035/100 | batch=00150/00313 ( 47.92%) | elapsed=0:00:18 | eta=0:00:20
    losses | total=5.0393e+00 | fourier=5.0393e+00 | amplitude=1.9288e-02 | phase=9.5922e-03 | support=2.8508e+00
2026-08-08 07:11:55 | INFO    | VAL | epoch=035/100 | batch=00200/00313 ( 63.90%) | elapsed=0:00:25 | eta=0:00:14
    losses | total=4.9618e+00 | fourier=4.9618e+00 | amplitude=1.8336e-02 | phase=9.6445e-03 | support=2.4272e+00
2026-08-08 07:12:02 | INFO    | VAL | epoch=035/100 | batch=00250/00313 ( 79.87%) | elapsed=0:00:31 | eta=0:00:07
    losses | total=5.2819e+00 | fourier=5.2819e+00 | amplitude=1.9209e-02 | phase=1.1787e-02 | support=2.4780e+00
2026-08-08 07:12:08 | INFO    | VAL | epoch=035/100 | batch=00300/00313 ( 95.85%) | elapsed=0:00:37 | eta=0:00:01
    losses | total=5.1192e+00 | fourier=5.1192e+00 | amplitude=2.0692e-02 | phase=1.1156e-02 | support=2.8035e+00
2026-08-08 07:12:10 | INFO    | VAL | epoch=035/100 | batch=00313/00313 (100.00%) | elapsed=0:00:39 | eta=0:00:00
    losses | total=5.0923e+00 | fourier=5.0923e+00 | amplitude=1.9876e-02 | phase=1.2324e-02 | support=2.6508e+00
2026-08-08 07:12:10 | INFO    | VAL epoch 035 complete | batches=313 | samples=5000 | time=0:00:39
2026-08-08 07:12:10 | INFO    | 
------------------------------------------------------------------------------------------------
Epoch 035/100 summary
split             total      fourier    amplitude        phase      support        time
train        4.9956e+00   4.9956e+00   1.9079e-02   1.0527e-02   2.6193e+00     0:12:54
validation   5.1037e+00   5.1037e+00   1.8739e-02   1.0413e-02   2.5735e+00     0:00:39
lr=1.000e-03 | best_val=5.0817e+00 | best_updated=no | periodic_checkpoint=no
------------------------------------------------------------------------------------------------
2026-08-08 07:12:35 | INFO    | TRAIN | epoch=036/100 | batch=00050/01563 (  3.20%) | lr=1.000e-03 | elapsed=0:00:24 | eta=0:12:33
    losses | total=4.8820e+00 | fourier=4.8820e+00 | amplitude=1.8598e-02 | phase=1.1513e-02 | support=2.5525e+00
2026-08-08 07:13:00 | INFO    | TRAIN | epoch=036/100 | batch=00100/01563 (  6.40%) | lr=1.000e-03 | elapsed=0:00:49 | eta=0:12:06
    losses | total=4.8175e+00 | fourier=4.8175e+00 | amplitude=1.8378e-02 | phase=1.0800e-02 | support=2.7202e+00
2026-08-08 07:13:24 | INFO    | TRAIN | epoch=036/100 | batch=00150/01563 (  9.60%) | lr=1.000e-03 | elapsed=0:01:14 | eta=0:11:41
    losses | total=5.1023e+00 | fourier=5.1023e+00 | amplitude=2.1023e-02 | phase=8.9644e-03 | support=2.8669e+00
2026-08-08 07:13:49 | INFO    | TRAIN | epoch=036/100 | batch=00200/01563 ( 12.80%) | lr=1.000e-03 | elapsed=0:01:39 | eta=0:11:15
    losses | total=4.7878e+00 | fourier=4.7878e+00 | amplitude=1.8759e-02 | phase=1.0847e-02 | support=2.6171e+00
2026-08-08 07:14:14 | INFO    | TRAIN | epoch=036/100 | batch=00250/01563 ( 15.99%) | lr=1.000e-03 | elapsed=0:02:03 | eta=0:10:50
    losses | total=4.8970e+00 | fourier=4.8970e+00 | amplitude=1.6763e-02 | phase=9.5258e-03 | support=2.3375e+00
2026-08-08 07:14:39 | INFO    | TRAIN | epoch=036/100 | batch=00300/01563 ( 19.19%) | lr=1.000e-03 | elapsed=0:02:28 | eta=0:10:26
    losses | total=4.8465e+00 | fourier=4.8465e+00 | amplitude=1.6568e-02 | phase=9.3940e-03 | support=2.4378e+00
2026-08-08 07:15:03 | INFO    | TRAIN | epoch=036/100 | batch=00350/01563 ( 22.39%) | lr=1.000e-03 | elapsed=0:02:53 | eta=0:10:01
    losses | total=4.8425e+00 | fourier=4.8425e+00 | amplitude=1.7910e-02 | phase=9.1475e-03 | support=2.9335e+00
2026-08-08 07:15:28 | INFO    | TRAIN | epoch=036/100 | batch=00400/01563 ( 25.59%) | lr=1.000e-03 | elapsed=0:03:18 | eta=0:09:36
    losses | total=4.8326e+00 | fourier=4.8326e+00 | amplitude=1.9019e-02 | phase=1.0229e-02 | support=2.7719e+00
2026-08-08 07:15:53 | INFO    | TRAIN | epoch=036/100 | batch=00450/01563 ( 28.79%) | lr=1.000e-03 | elapsed=0:03:42 | eta=0:09:11
    losses | total=5.0520e+00 | fourier=5.0520e+00 | amplitude=1.7732e-02 | phase=8.7469e-03 | support=2.6363e+00
2026-08-08 07:16:18 | INFO    | TRAIN | epoch=036/100 | batch=00500/01563 ( 31.99%) | lr=1.000e-03 | elapsed=0:04:07 | eta=0:08:46
    losses | total=5.0739e+00 | fourier=5.0739e+00 | amplitude=1.9105e-02 | phase=1.1077e-02 | support=2.6310e+00
2026-08-08 07:16:42 | INFO    | TRAIN | epoch=036/100 | batch=00550/01563 ( 35.19%) | lr=1.000e-03 | elapsed=0:04:32 | eta=0:08:21
    losses | total=4.6675e+00 | fourier=4.6675e+00 | amplitude=1.6522e-02 | phase=1.0157e-02 | support=2.4761e+00
2026-08-08 07:17:07 | INFO    | TRAIN | epoch=036/100 | batch=00600/01563 ( 38.39%) | lr=1.000e-03 | elapsed=0:04:57 | eta=0:07:57
    losses | total=5.1518e+00 | fourier=5.1518e+00 | amplitude=2.0391e-02 | phase=1.1642e-02 | support=2.5936e+00
2026-08-08 07:17:32 | INFO    | TRAIN | epoch=036/100 | batch=00650/01563 ( 41.59%) | lr=1.000e-03 | elapsed=0:05:22 | eta=0:07:32
    losses | total=5.0661e+00 | fourier=5.0661e+00 | amplitude=2.0653e-02 | phase=8.3915e-03 | support=2.6431e+00
2026-08-08 07:17:57 | INFO    | TRAIN | epoch=036/100 | batch=00700/01563 ( 44.79%) | lr=1.000e-03 | elapsed=0:05:46 | eta=0:07:07
    losses | total=4.6396e+00 | fourier=4.6396e+00 | amplitude=1.7341e-02 | phase=1.3104e-02 | support=2.2983e+00
2026-08-08 07:18:21 | INFO    | TRAIN | epoch=036/100 | batch=00750/01563 ( 47.98%) | lr=1.000e-03 | elapsed=0:06:11 | eta=0:06:42
    losses | total=4.7472e+00 | fourier=4.7472e+00 | amplitude=1.7712e-02 | phase=9.2218e-03 | support=2.7918e+00
2026-08-08 07:18:46 | INFO    | TRAIN | epoch=036/100 | batch=00800/01563 ( 51.18%) | lr=1.000e-03 | elapsed=0:06:36 | eta=0:06:18
    losses | total=4.8815e+00 | fourier=4.8815e+00 | amplitude=1.6223e-02 | phase=8.9196e-03 | support=2.4208e+00
2026-08-08 07:19:11 | INFO    | TRAIN | epoch=036/100 | batch=00850/01563 ( 54.38%) | lr=1.000e-03 | elapsed=0:07:01 | eta=0:05:53
    losses | total=5.1397e+00 | fourier=5.1397e+00 | amplitude=2.1860e-02 | phase=1.1611e-02 | support=2.6939e+00
2026-08-08 07:19:36 | INFO    | TRAIN | epoch=036/100 | batch=00900/01563 ( 57.58%) | lr=1.000e-03 | elapsed=0:07:25 | eta=0:05:28
    losses | total=5.1967e+00 | fourier=5.1967e+00 | amplitude=2.0464e-02 | phase=1.0961e-02 | support=2.5798e+00
2026-08-08 07:20:01 | INFO    | TRAIN | epoch=036/100 | batch=00950/01563 ( 60.78%) | lr=1.000e-03 | elapsed=0:07:50 | eta=0:05:03
    losses | total=4.7076e+00 | fourier=4.7076e+00 | amplitude=1.6182e-02 | phase=1.1357e-02 | support=2.4439e+00
2026-08-08 07:20:25 | INFO    | TRAIN | epoch=036/100 | batch=01000/01563 ( 63.98%) | lr=1.000e-03 | elapsed=0:08:15 | eta=0:04:38
    losses | total=4.9187e+00 | fourier=4.9187e+00 | amplitude=1.7876e-02 | phase=1.2141e-02 | support=2.5681e+00
2026-08-08 07:20:50 | INFO    | TRAIN | epoch=036/100 | batch=01050/01563 ( 67.18%) | lr=1.000e-03 | elapsed=0:08:40 | eta=0:04:14
    losses | total=4.9406e+00 | fourier=4.9406e+00 | amplitude=1.8599e-02 | phase=9.3186e-03 | support=2.8665e+00
2026-08-08 07:21:15 | INFO    | TRAIN | epoch=036/100 | batch=01100/01563 ( 70.38%) | lr=1.000e-03 | elapsed=0:09:04 | eta=0:03:49
    losses | total=5.1737e+00 | fourier=5.1737e+00 | amplitude=2.0915e-02 | phase=1.2425e-02 | support=2.8515e+00
2026-08-08 07:21:40 | INFO    | TRAIN | epoch=036/100 | batch=01150/01563 ( 73.58%) | lr=1.000e-03 | elapsed=0:09:29 | eta=0:03:24
    losses | total=5.0460e+00 | fourier=5.0460e+00 | amplitude=1.6186e-02 | phase=8.1418e-03 | support=2.2855e+00
2026-08-08 07:22:04 | INFO    | TRAIN | epoch=036/100 | batch=01200/01563 ( 76.78%) | lr=1.000e-03 | elapsed=0:09:54 | eta=0:02:59
    losses | total=5.0070e+00 | fourier=5.0070e+00 | amplitude=1.8973e-02 | phase=9.0506e-03 | support=2.6707e+00
2026-08-08 07:22:29 | INFO    | TRAIN | epoch=036/100 | batch=01250/01563 ( 79.97%) | lr=1.000e-03 | elapsed=0:10:19 | eta=0:02:35
    losses | total=5.0742e+00 | fourier=5.0742e+00 | amplitude=2.1115e-02 | phase=1.0333e-02 | support=2.9555e+00
2026-08-08 07:22:54 | INFO    | TRAIN | epoch=036/100 | batch=01300/01563 ( 83.17%) | lr=1.000e-03 | elapsed=0:10:43 | eta=0:02:10
    losses | total=4.9237e+00 | fourier=4.9237e+00 | amplitude=1.7751e-02 | phase=1.0270e-02 | support=2.3511e+00
2026-08-08 07:23:19 | INFO    | TRAIN | epoch=036/100 | batch=01350/01563 ( 86.37%) | lr=1.000e-03 | elapsed=0:11:08 | eta=0:01:45
    losses | total=5.3385e+00 | fourier=5.3385e+00 | amplitude=2.2340e-02 | phase=1.1432e-02 | support=2.4160e+00
2026-08-08 07:23:43 | INFO    | TRAIN | epoch=036/100 | batch=01400/01563 ( 89.57%) | lr=1.000e-03 | elapsed=0:11:33 | eta=0:01:20
    losses | total=5.0838e+00 | fourier=5.0838e+00 | amplitude=2.0679e-02 | phase=1.0108e-02 | support=2.5727e+00
2026-08-08 07:24:08 | INFO    | TRAIN | epoch=036/100 | batch=01450/01563 ( 92.77%) | lr=1.000e-03 | elapsed=0:11:58 | eta=0:00:55
    losses | total=5.3960e+00 | fourier=5.3960e+00 | amplitude=2.1926e-02 | phase=1.2077e-02 | support=2.7117e+00
2026-08-08 07:24:33 | INFO    | TRAIN | epoch=036/100 | batch=01500/01563 ( 95.97%) | lr=1.000e-03 | elapsed=0:12:23 | eta=0:00:31
    losses | total=4.8793e+00 | fourier=4.8793e+00 | amplitude=1.9082e-02 | phase=1.0567e-02 | support=2.5404e+00
2026-08-08 07:24:58 | INFO    | TRAIN | epoch=036/100 | batch=01550/01563 ( 99.17%) | lr=1.000e-03 | elapsed=0:12:47 | eta=0:00:06
    losses | total=5.1850e+00 | fourier=5.1850e+00 | amplitude=1.9792e-02 | phase=1.1303e-02 | support=2.5293e+00
2026-08-08 07:25:04 | INFO    | TRAIN | epoch=036/100 | batch=01563/01563 (100.00%) | lr=1.000e-03 | elapsed=0:12:53 | eta=0:00:00
    losses | total=5.1955e+00 | fourier=5.1955e+00 | amplitude=1.8041e-02 | phase=7.0118e-03 | support=2.6923e+00
2026-08-08 07:25:04 | INFO    | TRAIN epoch 036 complete | batches=1563 | samples=25000 | time=0:12:54
2026-08-08 07:25:11 | INFO    | VAL | epoch=036/100 | batch=00050/00313 ( 15.97%) | elapsed=0:00:06 | eta=0:00:33
    losses | total=5.3200e+00 | fourier=5.3200e+00 | amplitude=1.9059e-02 | phase=1.2054e-02 | support=2.5173e+00
2026-08-08 07:25:17 | INFO    | VAL | epoch=036/100 | batch=00100/00313 ( 31.95%) | elapsed=0:00:12 | eta=0:00:27
    losses | total=4.9553e+00 | fourier=4.9553e+00 | amplitude=1.7327e-02 | phase=1.1352e-02 | support=2.3852e+00
2026-08-08 07:25:23 | INFO    | VAL | epoch=036/100 | batch=00150/00313 ( 47.92%) | elapsed=0:00:18 | eta=0:00:20
    losses | total=5.0072e+00 | fourier=5.0072e+00 | amplitude=1.8960e-02 | phase=9.4309e-03 | support=2.7078e+00
2026-08-08 07:25:29 | INFO    | VAL | epoch=036/100 | batch=00200/00313 ( 63.90%) | elapsed=0:00:25 | eta=0:00:14
    losses | total=4.9601e+00 | fourier=4.9601e+00 | amplitude=1.8134e-02 | phase=9.6297e-03 | support=2.4318e+00
2026-08-08 07:25:36 | INFO    | VAL | epoch=036/100 | batch=00250/00313 ( 79.87%) | elapsed=0:00:31 | eta=0:00:07
    losses | total=5.3049e+00 | fourier=5.3049e+00 | amplitude=1.9104e-02 | phase=1.1894e-02 | support=2.4106e+00
2026-08-08 07:25:42 | INFO    | VAL | epoch=036/100 | batch=00300/00313 ( 95.85%) | elapsed=0:00:37 | eta=0:00:01
    losses | total=5.1295e+00 | fourier=5.1295e+00 | amplitude=2.0432e-02 | phase=1.0993e-02 | support=2.7301e+00
2026-08-08 07:25:44 | INFO    | VAL | epoch=036/100 | batch=00313/00313 (100.00%) | elapsed=0:00:39 | eta=0:00:00
    losses | total=5.1088e+00 | fourier=5.1088e+00 | amplitude=1.9701e-02 | phase=1.1803e-02 | support=2.6716e+00
2026-08-08 07:25:44 | INFO    | VAL epoch 036 complete | batches=313 | samples=5000 | time=0:00:39
2026-08-08 07:25:44 | INFO    | 
------------------------------------------------------------------------------------------------
Epoch 036/100 summary
split             total      fourier    amplitude        phase      support        time
train        4.9855e+00   4.9855e+00   1.9076e-02   1.0506e-02   2.6483e+00     0:12:54
validation   5.0986e+00   5.0986e+00   1.8480e-02   1.0479e-02   2.5226e+00     0:00:39
lr=1.000e-03 | best_val=5.0817e+00 | best_updated=no | periodic_checkpoint=no
------------------------------------------------------------------------------------------------
2026-08-08 07:26:09 | INFO    | TRAIN | epoch=037/100 | batch=00050/01563 (  3.20%) | lr=1.000e-03 | elapsed=0:00:24 | eta=0:12:33
    losses | total=4.5165e+00 | fourier=4.5165e+00 | amplitude=1.5984e-02 | phase=9.8448e-03 | support=2.5038e+00
2026-08-08 07:26:34 | INFO    | TRAIN | epoch=037/100 | batch=00100/01563 (  6.40%) | lr=1.000e-03 | elapsed=0:00:49 | eta=0:12:06
    losses | total=5.2095e+00 | fourier=5.2095e+00 | amplitude=2.0647e-02 | phase=1.1217e-02 | support=2.8795e+00
2026-08-08 07:26:58 | INFO    | TRAIN | epoch=037/100 | batch=00150/01563 (  9.60%) | lr=1.000e-03 | elapsed=0:01:14 | eta=0:11:41
    losses | total=4.9321e+00 | fourier=4.9321e+00 | amplitude=1.8723e-02 | phase=1.0591e-02 | support=2.7432e+00
2026-08-08 07:27:23 | INFO    | TRAIN | epoch=037/100 | batch=00200/01563 ( 12.80%) | lr=1.000e-03 | elapsed=0:01:39 | eta=0:11:15
    losses | total=4.9131e+00 | fourier=4.9131e+00 | amplitude=1.8773e-02 | phase=1.0787e-02 | support=2.5885e+00
2026-08-08 07:27:48 | INFO    | TRAIN | epoch=037/100 | batch=00250/01563 ( 15.99%) | lr=1.000e-03 | elapsed=0:02:03 | eta=0:10:50
    losses | total=5.1277e+00 | fourier=5.1277e+00 | amplitude=2.0021e-02 | phase=8.8094e-03 | support=2.6216e+00
2026-08-08 07:28:13 | INFO    | TRAIN | epoch=037/100 | batch=00300/01563 ( 19.19%) | lr=1.000e-03 | elapsed=0:02:28 | eta=0:10:26
    losses | total=4.8503e+00 | fourier=4.8503e+00 | amplitude=1.9829e-02 | phase=1.1236e-02 | support=2.8532e+00
2026-08-08 07:28:38 | INFO    | TRAIN | epoch=037/100 | batch=00350/01563 ( 22.39%) | lr=1.000e-03 | elapsed=0:02:53 | eta=0:10:01
    losses | total=5.2649e+00 | fourier=5.2649e+00 | amplitude=2.0380e-02 | phase=1.0092e-02 | support=2.5682e+00
2026-08-08 07:29:02 | INFO    | TRAIN | epoch=037/100 | batch=00400/01563 ( 25.59%) | lr=1.000e-03 | elapsed=0:03:18 | eta=0:09:36
    losses | total=5.0063e+00 | fourier=5.0063e+00 | amplitude=1.8964e-02 | phase=1.0437e-02 | support=2.7013e+00
2026-08-08 07:29:27 | INFO    | TRAIN | epoch=037/100 | batch=00450/01563 ( 28.79%) | lr=1.000e-03 | elapsed=0:03:43 | eta=0:09:11
    losses | total=5.2301e+00 | fourier=5.2301e+00 | amplitude=1.9369e-02 | phase=8.3916e-03 | support=2.5757e+00
2026-08-08 07:29:52 | INFO    | TRAIN | epoch=037/100 | batch=00500/01563 ( 31.99%) | lr=1.000e-03 | elapsed=0:04:07 | eta=0:08:46
    losses | total=4.9765e+00 | fourier=4.9765e+00 | amplitude=1.8853e-02 | phase=9.7472e-03 | support=2.8112e+00
2026-08-08 07:30:17 | INFO    | TRAIN | epoch=037/100 | batch=00550/01563 ( 35.19%) | lr=1.000e-03 | elapsed=0:04:32 | eta=0:08:21
    losses | total=4.6625e+00 | fourier=4.6625e+00 | amplitude=1.6081e-02 | phase=1.1356e-02 | support=2.6016e+00
2026-08-08 07:30:41 | INFO    | TRAIN | epoch=037/100 | batch=00600/01563 ( 38.39%) | lr=1.000e-03 | elapsed=0:04:57 | eta=0:07:57
    losses | total=4.9332e+00 | fourier=4.9332e+00 | amplitude=1.9438e-02 | phase=1.1477e-02 | support=2.5742e+00
2026-08-08 07:31:06 | INFO    | TRAIN | epoch=037/100 | batch=00650/01563 ( 41.59%) | lr=1.000e-03 | elapsed=0:05:22 | eta=0:07:32
    losses | total=4.5437e+00 | fourier=4.5437e+00 | amplitude=1.6188e-02 | phase=7.7560e-03 | support=2.6268e+00
2026-08-08 07:31:31 | INFO    | TRAIN | epoch=037/100 | batch=00700/01563 ( 44.79%) | lr=1.000e-03 | elapsed=0:05:46 | eta=0:07:07
    losses | total=5.1148e+00 | fourier=5.1148e+00 | amplitude=2.2104e-02 | phase=1.2269e-02 | support=2.9815e+00
2026-08-08 07:31:56 | INFO    | TRAIN | epoch=037/100 | batch=00750/01563 ( 47.98%) | lr=1.000e-03 | elapsed=0:06:11 | eta=0:06:42
    losses | total=5.1779e+00 | fourier=5.1779e+00 | amplitude=2.3345e-02 | phase=1.1003e-02 | support=3.0115e+00
2026-08-08 07:32:20 | INFO    | TRAIN | epoch=037/100 | batch=00800/01563 ( 51.18%) | lr=1.000e-03 | elapsed=0:06:36 | eta=0:06:18
    losses | total=5.0002e+00 | fourier=5.0002e+00 | amplitude=2.0116e-02 | phase=1.1467e-02 | support=2.9430e+00
2026-08-08 07:32:45 | INFO    | TRAIN | epoch=037/100 | batch=00850/01563 ( 54.38%) | lr=1.000e-03 | elapsed=0:07:01 | eta=0:05:53
    losses | total=4.6340e+00 | fourier=4.6340e+00 | amplitude=1.6682e-02 | phase=9.9861e-03 | support=2.2293e+00
2026-08-08 07:33:10 | INFO    | TRAIN | epoch=037/100 | batch=00900/01563 ( 57.58%) | lr=1.000e-03 | elapsed=0:07:25 | eta=0:05:28
    losses | total=5.0465e+00 | fourier=5.0465e+00 | amplitude=1.8211e-02 | phase=1.1260e-02 | support=2.6015e+00
2026-08-08 07:33:35 | INFO    | TRAIN | epoch=037/100 | batch=00950/01563 ( 60.78%) | lr=1.000e-03 | elapsed=0:07:50 | eta=0:05:03
    losses | total=4.9796e+00 | fourier=4.9796e+00 | amplitude=1.6696e-02 | phase=1.2230e-02 | support=2.5828e+00
2026-08-08 07:33:59 | INFO    | TRAIN | epoch=037/100 | batch=01000/01563 ( 63.98%) | lr=1.000e-03 | elapsed=0:08:15 | eta=0:04:38
    losses | total=5.2299e+00 | fourier=5.2299e+00 | amplitude=2.1981e-02 | phase=1.1860e-02 | support=2.7886e+00
2026-08-08 07:34:24 | INFO    | TRAIN | epoch=037/100 | batch=01050/01563 ( 67.18%) | lr=1.000e-03 | elapsed=0:08:40 | eta=0:04:14
    losses | total=4.9943e+00 | fourier=4.9943e+00 | amplitude=1.6602e-02 | phase=8.5222e-03 | support=2.3900e+00
2026-08-08 07:34:49 | INFO    | TRAIN | epoch=037/100 | batch=01100/01563 ( 70.38%) | lr=1.000e-03 | elapsed=0:09:04 | eta=0:03:49
    losses | total=5.1831e+00 | fourier=5.1831e+00 | amplitude=2.0108e-02 | phase=9.5929e-03 | support=2.6592e+00
2026-08-08 07:35:14 | INFO    | TRAIN | epoch=037/100 | batch=01150/01563 ( 73.58%) | lr=1.000e-03 | elapsed=0:09:29 | eta=0:03:24
    losses | total=4.6609e+00 | fourier=4.6609e+00 | amplitude=1.6655e-02 | phase=1.0600e-02 | support=2.6821e+00
2026-08-08 07:35:38 | INFO    | TRAIN | epoch=037/100 | batch=01200/01563 ( 76.78%) | lr=1.000e-03 | elapsed=0:09:54 | eta=0:02:59
    losses | total=5.0892e+00 | fourier=5.0892e+00 | amplitude=1.8484e-02 | phase=1.0177e-02 | support=2.5782e+00
2026-08-08 07:36:03 | INFO    | TRAIN | epoch=037/100 | batch=01250/01563 ( 79.97%) | lr=1.000e-03 | elapsed=0:10:19 | eta=0:02:35
    losses | total=4.7853e+00 | fourier=4.7853e+00 | amplitude=1.7183e-02 | phase=1.1809e-02 | support=2.4409e+00
2026-08-08 07:36:28 | INFO    | TRAIN | epoch=037/100 | batch=01300/01563 ( 83.17%) | lr=1.000e-03 | elapsed=0:10:43 | eta=0:02:10
    losses | total=4.4757e+00 | fourier=4.4757e+00 | amplitude=1.6560e-02 | phase=1.3152e-02 | support=2.5767e+00
2026-08-08 07:36:53 | INFO    | TRAIN | epoch=037/100 | batch=01350/01563 ( 86.37%) | lr=1.000e-03 | elapsed=0:11:08 | eta=0:01:45
    losses | total=5.0501e+00 | fourier=5.0501e+00 | amplitude=1.6120e-02 | phase=8.9644e-03 | support=2.4253e+00
2026-08-08 07:37:18 | INFO    | TRAIN | epoch=037/100 | batch=01400/01563 ( 89.57%) | lr=1.000e-03 | elapsed=0:11:33 | eta=0:01:20
    losses | total=4.8327e+00 | fourier=4.8327e+00 | amplitude=1.7493e-02 | phase=1.0676e-02 | support=2.7328e+00
2026-08-08 07:37:42 | INFO    | TRAIN | epoch=037/100 | batch=01450/01563 ( 92.77%) | lr=1.000e-03 | elapsed=0:11:58 | eta=0:00:55
    losses | total=4.9714e+00 | fourier=4.9714e+00 | amplitude=1.6805e-02 | phase=7.9470e-03 | support=2.5390e+00
2026-08-08 07:38:07 | INFO    | TRAIN | epoch=037/100 | batch=01500/01563 ( 95.97%) | lr=1.000e-03 | elapsed=0:12:23 | eta=0:00:31
    losses | total=5.2368e+00 | fourier=5.2368e+00 | amplitude=2.0846e-02 | phase=1.1318e-02 | support=2.5775e+00
2026-08-08 07:38:32 | INFO    | TRAIN | epoch=037/100 | batch=01550/01563 ( 99.17%) | lr=1.000e-03 | elapsed=0:12:47 | eta=0:00:06
    losses | total=4.8184e+00 | fourier=4.8184e+00 | amplitude=1.7512e-02 | phase=1.1459e-02 | support=2.6040e+00
2026-08-08 07:38:38 | INFO    | TRAIN | epoch=037/100 | batch=01563/01563 (100.00%) | lr=1.000e-03 | elapsed=0:12:54 | eta=0:00:00
    losses | total=4.8278e+00 | fourier=4.8278e+00 | amplitude=1.5886e-02 | phase=1.1469e-02 | support=2.3761e+00
2026-08-08 07:38:38 | INFO    | TRAIN epoch 037 complete | batches=1563 | samples=25000 | time=0:12:54
2026-08-08 07:38:45 | INFO    | VAL | epoch=037/100 | batch=00050/00313 ( 15.97%) | elapsed=0:00:06 | eta=0:00:33
    losses | total=5.3364e+00 | fourier=5.3364e+00 | amplitude=1.9492e-02 | phase=1.1990e-02 | support=2.6113e+00
2026-08-08 07:38:51 | INFO    | VAL | epoch=037/100 | batch=00100/00313 ( 31.95%) | elapsed=0:00:12 | eta=0:00:27
    losses | total=4.9720e+00 | fourier=4.9720e+00 | amplitude=1.7504e-02 | phase=1.0921e-02 | support=2.3706e+00
2026-08-08 07:38:57 | INFO    | VAL | epoch=037/100 | batch=00150/00313 ( 47.92%) | elapsed=0:00:18 | eta=0:00:20
    losses | total=5.0034e+00 | fourier=5.0034e+00 | amplitude=1.9440e-02 | phase=9.4641e-03 | support=2.8263e+00
2026-08-08 07:39:04 | INFO    | VAL | epoch=037/100 | batch=00200/00313 ( 63.90%) | elapsed=0:00:25 | eta=0:00:14
    losses | total=4.9349e+00 | fourier=4.9349e+00 | amplitude=1.8501e-02 | phase=9.5754e-03 | support=2.5051e+00
2026-08-08 07:39:10 | INFO    | VAL | epoch=037/100 | batch=00250/00313 ( 79.87%) | elapsed=0:00:31 | eta=0:00:07
    losses | total=5.2640e+00 | fourier=5.2640e+00 | amplitude=1.9489e-02 | phase=1.2083e-02 | support=2.4379e+00
2026-08-08 07:39:16 | INFO    | VAL | epoch=037/100 | batch=00300/00313 ( 95.85%) | elapsed=0:00:37 | eta=0:00:01
    losses | total=5.1279e+00 | fourier=5.1279e+00 | amplitude=2.0837e-02 | phase=1.0905e-02 | support=2.7881e+00
2026-08-08 07:39:18 | INFO    | VAL | epoch=037/100 | batch=00313/00313 (100.00%) | elapsed=0:00:39 | eta=0:00:00
    losses | total=5.0894e+00 | fourier=5.0894e+00 | amplitude=2.0479e-02 | phase=1.1735e-02 | support=2.6987e+00
2026-08-08 07:39:18 | INFO    | VAL epoch 037 complete | batches=313 | samples=5000 | time=0:00:39
2026-08-08 07:39:18 | INFO    | 
------------------------------------------------------------------------------------------------
Epoch 037/100 summary
split             total      fourier    amplitude        phase      support        time
train        4.9750e+00   4.9750e+00   1.9150e-02   1.0594e-02   2.6636e+00     0:12:54
validation   5.0944e+00   5.0944e+00   1.8896e-02   1.0481e-02   2.5952e+00     0:00:39
lr=1.000e-03 | best_val=5.0817e+00 | best_updated=no | periodic_checkpoint=no
------------------------------------------------------------------------------------------------
2026-08-08 07:39:43 | INFO    | TRAIN | epoch=038/100 | batch=00050/01563 (  3.20%) | lr=1.000e-03 | elapsed=0:00:24 | eta=0:12:33
    losses | total=4.8162e+00 | fourier=4.8162e+00 | amplitude=1.9758e-02 | phase=9.6158e-03 | support=2.8032e+00
2026-08-08 07:40:08 | INFO    | TRAIN | epoch=038/100 | batch=00100/01563 (  6.40%) | lr=1.000e-03 | elapsed=0:00:49 | eta=0:12:06
    losses | total=4.5744e+00 | fourier=4.5744e+00 | amplitude=1.6491e-02 | phase=9.3408e-03 | support=2.5828e+00
2026-08-08 07:40:33 | INFO    | TRAIN | epoch=038/100 | batch=00150/01563 (  9.60%) | lr=1.000e-03 | elapsed=0:01:14 | eta=0:11:41
    losses | total=5.0133e+00 | fourier=5.0133e+00 | amplitude=2.0515e-02 | phase=9.3741e-03 | support=2.7075e+00
2026-08-08 07:40:57 | INFO    | TRAIN | epoch=038/100 | batch=00200/01563 ( 12.80%) | lr=1.000e-03 | elapsed=0:01:39 | eta=0:11:16
    losses | total=4.9321e+00 | fourier=4.9321e+00 | amplitude=2.0438e-02 | phase=1.0557e-02 | support=2.9486e+00
2026-08-08 07:41:22 | INFO    | TRAIN | epoch=038/100 | batch=00250/01563 ( 15.99%) | lr=1.000e-03 | elapsed=0:02:03 | eta=0:10:51
    losses | total=4.8294e+00 | fourier=4.8294e+00 | amplitude=1.7779e-02 | phase=8.7189e-03 | support=2.7366e+00
2026-08-08 07:41:47 | INFO    | TRAIN | epoch=038/100 | batch=00300/01563 ( 19.19%) | lr=1.000e-03 | elapsed=0:02:28 | eta=0:10:26
    losses | total=5.0149e+00 | fourier=5.0149e+00 | amplitude=2.1280e-02 | phase=9.7620e-03 | support=3.0342e+00
2026-08-08 07:42:12 | INFO    | TRAIN | epoch=038/100 | batch=00350/01563 ( 22.39%) | lr=1.000e-03 | elapsed=0:02:53 | eta=0:10:01
    losses | total=4.9184e+00 | fourier=4.9184e+00 | amplitude=1.9229e-02 | phase=1.0256e-02 | support=2.5678e+00
2026-08-08 07:42:36 | INFO    | TRAIN | epoch=038/100 | batch=00400/01563 ( 25.59%) | lr=1.000e-03 | elapsed=0:03:18 | eta=0:09:36
    losses | total=5.0775e+00 | fourier=5.0775e+00 | amplitude=2.0581e-02 | phase=1.1730e-02 | support=2.6745e+00
2026-08-08 07:43:01 | INFO    | TRAIN | epoch=038/100 | batch=00450/01563 ( 28.79%) | lr=1.000e-03 | elapsed=0:03:43 | eta=0:09:11
    losses | total=4.8580e+00 | fourier=4.8580e+00 | amplitude=1.6505e-02 | phase=1.0426e-02 | support=2.7225e+00
2026-08-08 07:43:26 | INFO    | TRAIN | epoch=038/100 | batch=00500/01563 ( 31.99%) | lr=1.000e-03 | elapsed=0:04:07 | eta=0:08:46
    losses | total=4.8106e+00 | fourier=4.8106e+00 | amplitude=1.7994e-02 | phase=1.1561e-02 | support=2.7223e+00
2026-08-08 07:43:51 | INFO    | TRAIN | epoch=038/100 | batch=00550/01563 ( 35.19%) | lr=1.000e-03 | elapsed=0:04:32 | eta=0:08:21
    losses | total=5.1194e+00 | fourier=5.1194e+00 | amplitude=2.2277e-02 | phase=1.0467e-02 | support=2.8212e+00
2026-08-08 07:44:15 | INFO    | TRAIN | epoch=038/100 | batch=00600/01563 ( 38.39%) | lr=1.000e-03 | elapsed=0:04:57 | eta=0:07:57
    losses | total=4.9435e+00 | fourier=4.9435e+00 | amplitude=1.7350e-02 | phase=1.0773e-02 | support=2.5888e+00
2026-08-08 07:44:40 | INFO    | TRAIN | epoch=038/100 | batch=00650/01563 ( 41.59%) | lr=1.000e-03 | elapsed=0:05:22 | eta=0:07:32
    losses | total=5.1099e+00 | fourier=5.1099e+00 | amplitude=1.8571e-02 | phase=1.0624e-02 | support=2.5989e+00
2026-08-08 07:45:05 | INFO    | TRAIN | epoch=038/100 | batch=00700/01563 ( 44.79%) | lr=1.000e-03 | elapsed=0:05:46 | eta=0:07:07
    losses | total=4.9179e+00 | fourier=4.9179e+00 | amplitude=1.8718e-02 | phase=9.1881e-03 | support=2.6713e+00
2026-08-08 07:45:30 | INFO    | TRAIN | epoch=038/100 | batch=00750/01563 ( 47.98%) | lr=1.000e-03 | elapsed=0:06:11 | eta=0:06:42
    losses | total=4.9942e+00 | fourier=4.9942e+00 | amplitude=1.9075e-02 | phase=9.7442e-03 | support=2.3939e+00
2026-08-08 07:45:54 | INFO    | TRAIN | epoch=038/100 | batch=00800/01563 ( 51.18%) | lr=1.000e-03 | elapsed=0:06:36 | eta=0:06:18
    losses | total=4.9529e+00 | fourier=4.9529e+00 | amplitude=1.9403e-02 | phase=1.1248e-02 | support=2.7652e+00
2026-08-08 07:46:19 | INFO    | TRAIN | epoch=038/100 | batch=00850/01563 ( 54.38%) | lr=1.000e-03 | elapsed=0:07:01 | eta=0:05:53
    losses | total=5.2987e+00 | fourier=5.2987e+00 | amplitude=2.1699e-02 | phase=1.1621e-02 | support=2.7413e+00
2026-08-08 07:46:44 | INFO    | TRAIN | epoch=038/100 | batch=00900/01563 ( 57.58%) | lr=1.000e-03 | elapsed=0:07:25 | eta=0:05:28
    losses | total=4.5290e+00 | fourier=4.5290e+00 | amplitude=1.4702e-02 | phase=1.0783e-02 | support=2.3571e+00
2026-08-08 07:47:09 | INFO    | TRAIN | epoch=038/100 | batch=00950/01563 ( 60.78%) | lr=1.000e-03 | elapsed=0:07:50 | eta=0:05:03
    losses | total=4.8660e+00 | fourier=4.8660e+00 | amplitude=1.9596e-02 | phase=1.2561e-02 | support=2.9986e+00
2026-08-08 07:47:34 | INFO    | TRAIN | epoch=038/100 | batch=01000/01563 ( 63.98%) | lr=1.000e-03 | elapsed=0:08:15 | eta=0:04:38
    losses | total=4.2811e+00 | fourier=4.2811e+00 | amplitude=1.5579e-02 | phase=9.8924e-03 | support=2.5607e+00
2026-08-08 07:47:58 | INFO    | TRAIN | epoch=038/100 | batch=01050/01563 ( 67.18%) | lr=1.000e-03 | elapsed=0:08:40 | eta=0:04:14
    losses | total=4.9919e+00 | fourier=4.9919e+00 | amplitude=2.0534e-02 | phase=1.1932e-02 | support=2.9324e+00
2026-08-08 07:48:23 | INFO    | TRAIN | epoch=038/100 | batch=01100/01563 ( 70.38%) | lr=1.000e-03 | elapsed=0:09:04 | eta=0:03:49
    losses | total=4.9914e+00 | fourier=4.9914e+00 | amplitude=1.9510e-02 | phase=1.1392e-02 | support=2.7833e+00
2026-08-08 07:48:48 | INFO    | TRAIN | epoch=038/100 | batch=01150/01563 ( 73.58%) | lr=1.000e-03 | elapsed=0:09:29 | eta=0:03:24
    losses | total=5.0904e+00 | fourier=5.0904e+00 | amplitude=2.2250e-02 | phase=1.1095e-02 | support=3.1023e+00
2026-08-08 07:49:13 | INFO    | TRAIN | epoch=038/100 | batch=01200/01563 ( 76.78%) | lr=1.000e-03 | elapsed=0:09:54 | eta=0:02:59
    losses | total=5.1327e+00 | fourier=5.1327e+00 | amplitude=1.9648e-02 | phase=1.1202e-02 | support=2.5685e+00
2026-08-08 07:49:37 | INFO    | TRAIN | epoch=038/100 | batch=01250/01563 ( 79.97%) | lr=1.000e-03 | elapsed=0:10:19 | eta=0:02:35
    losses | total=5.2746e+00 | fourier=5.2746e+00 | amplitude=2.0852e-02 | phase=1.1871e-02 | support=2.9784e+00
2026-08-08 07:50:02 | INFO    | TRAIN | epoch=038/100 | batch=01300/01563 ( 83.17%) | lr=1.000e-03 | elapsed=0:10:44 | eta=0:02:10
    losses | total=5.0532e+00 | fourier=5.0532e+00 | amplitude=1.9187e-02 | phase=1.1631e-02 | support=2.6299e+00
2026-08-08 07:50:27 | INFO    | TRAIN | epoch=038/100 | batch=01350/01563 ( 86.37%) | lr=1.000e-03 | elapsed=0:11:08 | eta=0:01:45
    losses | total=5.0014e+00 | fourier=5.0014e+00 | amplitude=1.8775e-02 | phase=1.0717e-02 | support=2.3582e+00
2026-08-08 07:50:52 | INFO    | TRAIN | epoch=038/100 | batch=01400/01563 ( 89.57%) | lr=1.000e-03 | elapsed=0:11:33 | eta=0:01:20
    losses | total=4.6395e+00 | fourier=4.6395e+00 | amplitude=1.9130e-02 | phase=1.0367e-02 | support=2.9535e+00
2026-08-08 07:51:16 | INFO    | TRAIN | epoch=038/100 | batch=01450/01563 ( 92.77%) | lr=1.000e-03 | elapsed=0:11:58 | eta=0:00:55
    losses | total=5.1040e+00 | fourier=5.1040e+00 | amplitude=1.8920e-02 | phase=1.0067e-02 | support=2.7989e+00
2026-08-08 07:51:41 | INFO    | TRAIN | epoch=038/100 | batch=01500/01563 ( 95.97%) | lr=1.000e-03 | elapsed=0:12:23 | eta=0:00:31
    losses | total=5.2986e+00 | fourier=5.2986e+00 | amplitude=1.8441e-02 | phase=1.2904e-02 | support=2.3800e+00
2026-08-08 07:52:06 | INFO    | TRAIN | epoch=038/100 | batch=01550/01563 ( 99.17%) | lr=1.000e-03 | elapsed=0:12:47 | eta=0:00:06
    losses | total=4.9254e+00 | fourier=4.9254e+00 | amplitude=1.9669e-02 | phase=1.0153e-02 | support=2.8132e+00
2026-08-08 07:52:12 | INFO    | TRAIN | epoch=038/100 | batch=01563/01563 (100.00%) | lr=1.000e-03 | elapsed=0:12:54 | eta=0:00:00
    losses | total=5.0748e+00 | fourier=5.0748e+00 | amplitude=2.0322e-02 | phase=1.2186e-02 | support=2.7365e+00
2026-08-08 07:52:12 | INFO    | TRAIN epoch 038 complete | batches=1563 | samples=25000 | time=0:12:54
2026-08-08 07:52:19 | INFO    | VAL | epoch=038/100 | batch=00050/00313 ( 15.97%) | elapsed=0:00:06 | eta=0:00:33
    losses | total=5.2701e+00 | fourier=5.2701e+00 | amplitude=1.9034e-02 | phase=1.2859e-02 | support=2.4201e+00
2026-08-08 07:52:25 | INFO    | VAL | epoch=038/100 | batch=00100/00313 ( 31.95%) | elapsed=0:00:12 | eta=0:00:27
    losses | total=4.9300e+00 | fourier=4.9300e+00 | amplitude=1.7263e-02 | phase=1.1904e-02 | support=2.2371e+00
2026-08-08 07:52:31 | INFO    | VAL | epoch=038/100 | batch=00150/00313 ( 47.92%) | elapsed=0:00:18 | eta=0:00:20
    losses | total=4.9428e+00 | fourier=4.9428e+00 | amplitude=1.9188e-02 | phase=1.0327e-02 | support=2.7350e+00
2026-08-08 07:52:38 | INFO    | VAL | epoch=038/100 | batch=00200/00313 ( 63.90%) | elapsed=0:00:25 | eta=0:00:14
    losses | total=4.9053e+00 | fourier=4.9053e+00 | amplitude=1.8306e-02 | phase=1.0862e-02 | support=2.3352e+00
2026-08-08 07:52:44 | INFO    | VAL | epoch=038/100 | batch=00250/00313 ( 79.87%) | elapsed=0:00:31 | eta=0:00:07
    losses | total=5.2774e+00 | fourier=5.2774e+00 | amplitude=1.8833e-02 | phase=1.2447e-02 | support=2.3063e+00
2026-08-08 07:52:50 | INFO    | VAL | epoch=038/100 | batch=00300/00313 ( 95.85%) | elapsed=0:00:37 | eta=0:00:01
    losses | total=5.0910e+00 | fourier=5.0910e+00 | amplitude=2.0354e-02 | phase=1.2334e-02 | support=2.5952e+00
2026-08-08 07:52:52 | INFO    | VAL | epoch=038/100 | batch=00313/00313 (100.00%) | elapsed=0:00:39 | eta=0:00:00
    losses | total=5.0546e+00 | fourier=5.0546e+00 | amplitude=1.9655e-02 | phase=1.2239e-02 | support=2.5322e+00
2026-08-08 07:52:52 | INFO    | VAL epoch 038 complete | batches=313 | samples=5000 | time=0:00:39
2026-08-08 07:52:53 | INFO    | 
------------------------------------------------------------------------------------------------
Epoch 038/100 summary
split             total      fourier    amplitude        phase      support        time
train        4.9658e+00   4.9658e+00   1.9114e-02   1.0607e-02   2.6937e+00     0:12:54
validation   5.0538e+00   5.0538e+00   1.8500e-02   1.1266e-02   2.4375e+00     0:00:39
lr=1.000e-03 | best_val=5.0538e+00 | best_updated=yes | periodic_checkpoint=no
------------------------------------------------------------------------------------------------
2026-08-08 07:53:17 | INFO    | TRAIN | epoch=039/100 | batch=00050/01563 (  3.20%) | lr=1.000e-03 | elapsed=0:00:24 | eta=0:12:33
    losses | total=4.5815e+00 | fourier=4.5815e+00 | amplitude=1.7345e-02 | phase=8.4080e-03 | support=2.6780e+00
2026-08-08 07:53:42 | INFO    | TRAIN | epoch=039/100 | batch=00100/01563 (  6.40%) | lr=1.000e-03 | elapsed=0:00:49 | eta=0:12:06
    losses | total=5.4304e+00 | fourier=5.4304e+00 | amplitude=2.5294e-02 | phase=1.2053e-02 | support=3.0757e+00
2026-08-08 07:54:07 | INFO    | TRAIN | epoch=039/100 | batch=00150/01563 (  9.60%) | lr=1.000e-03 | elapsed=0:01:14 | eta=0:11:41
    losses | total=5.0635e+00 | fourier=5.0635e+00 | amplitude=2.1906e-02 | phase=1.0391e-02 | support=2.7446e+00
2026-08-08 07:54:32 | INFO    | TRAIN | epoch=039/100 | batch=00200/01563 ( 12.80%) | lr=1.000e-03 | elapsed=0:01:39 | eta=0:11:15
    losses | total=5.1144e+00 | fourier=5.1144e+00 | amplitude=2.1584e-02 | phase=1.0743e-02 | support=2.7472e+00
2026-08-08 07:54:56 | INFO    | TRAIN | epoch=039/100 | batch=00250/01563 ( 15.99%) | lr=1.000e-03 | elapsed=0:02:03 | eta=0:10:50
    losses | total=4.9744e+00 | fourier=4.9744e+00 | amplitude=1.8146e-02 | phase=9.9083e-03 | support=2.7163e+00
2026-08-08 07:55:21 | INFO    | TRAIN | epoch=039/100 | batch=00300/01563 ( 19.19%) | lr=1.000e-03 | elapsed=0:02:28 | eta=0:10:26
    losses | total=4.9640e+00 | fourier=4.9640e+00 | amplitude=1.8431e-02 | phase=8.7043e-03 | support=2.4311e+00
2026-08-08 07:55:46 | INFO    | TRAIN | epoch=039/100 | batch=00350/01563 ( 22.39%) | lr=1.000e-03 | elapsed=0:02:53 | eta=0:10:01
    losses | total=4.9037e+00 | fourier=4.9037e+00 | amplitude=2.0020e-02 | phase=1.0937e-02 | support=2.8506e+00
2026-08-08 07:56:11 | INFO    | TRAIN | epoch=039/100 | batch=00400/01563 ( 25.59%) | lr=1.000e-03 | elapsed=0:03:18 | eta=0:09:36
    losses | total=5.0149e+00 | fourier=5.0149e+00 | amplitude=1.7323e-02 | phase=9.4954e-03 | support=2.4797e+00
2026-08-08 07:56:36 | INFO    | TRAIN | epoch=039/100 | batch=00450/01563 ( 28.79%) | lr=1.000e-03 | elapsed=0:03:43 | eta=0:09:11
    losses | total=4.8339e+00 | fourier=4.8339e+00 | amplitude=1.9809e-02 | phase=1.1255e-02 | support=2.7382e+00
2026-08-08 07:57:00 | INFO    | TRAIN | epoch=039/100 | batch=00500/01563 ( 31.99%) | lr=1.000e-03 | elapsed=0:04:07 | eta=0:08:46
    losses | total=5.1754e+00 | fourier=5.1754e+00 | amplitude=2.0579e-02 | phase=1.0776e-02 | support=2.7342e+00
2026-08-08 07:57:25 | INFO    | TRAIN | epoch=039/100 | batch=00550/01563 ( 35.19%) | lr=1.000e-03 | elapsed=0:04:32 | eta=0:08:21
    losses | total=4.8806e+00 | fourier=4.8806e+00 | amplitude=2.0932e-02 | phase=1.0928e-02 | support=2.4788e+00
2026-08-08 07:57:50 | INFO    | TRAIN | epoch=039/100 | batch=00600/01563 ( 38.39%) | lr=1.000e-03 | elapsed=0:04:57 | eta=0:07:57
    losses | total=4.7364e+00 | fourier=4.7364e+00 | amplitude=1.6507e-02 | phase=1.1378e-02 | support=2.4082e+00
2026-08-08 07:58:15 | INFO    | TRAIN | epoch=039/100 | batch=00650/01563 ( 41.59%) | lr=1.000e-03 | elapsed=0:05:22 | eta=0:07:32
    losses | total=4.9439e+00 | fourier=4.9439e+00 | amplitude=1.8334e-02 | phase=1.1510e-02 | support=2.5007e+00
2026-08-08 07:58:39 | INFO    | TRAIN | epoch=039/100 | batch=00700/01563 ( 44.79%) | lr=1.000e-03 | elapsed=0:05:46 | eta=0:07:07
    losses | total=4.7879e+00 | fourier=4.7879e+00 | amplitude=1.7703e-02 | phase=1.0581e-02 | support=2.8830e+00
2026-08-08 07:59:04 | INFO    | TRAIN | epoch=039/100 | batch=00750/01563 ( 47.98%) | lr=1.000e-03 | elapsed=0:06:11 | eta=0:06:42
    losses | total=5.1034e+00 | fourier=5.1034e+00 | amplitude=2.0690e-02 | phase=1.1091e-02 | support=2.8339e+00
2026-08-08 07:59:29 | INFO    | TRAIN | epoch=039/100 | batch=00800/01563 ( 51.18%) | lr=1.000e-03 | elapsed=0:06:36 | eta=0:06:18
    losses | total=5.1234e+00 | fourier=5.1234e+00 | amplitude=2.1511e-02 | phase=1.3210e-02 | support=2.5184e+00
2026-08-08 07:59:54 | INFO    | TRAIN | epoch=039/100 | batch=00850/01563 ( 54.38%) | lr=1.000e-03 | elapsed=0:07:01 | eta=0:05:53
    losses | total=4.9258e+00 | fourier=4.9258e+00 | amplitude=2.0111e-02 | phase=1.1528e-02 | support=2.9051e+00
2026-08-08 08:00:18 | INFO    | TRAIN | epoch=039/100 | batch=00900/01563 ( 57.58%) | lr=1.000e-03 | elapsed=0:07:25 | eta=0:05:28
    losses | total=5.1669e+00 | fourier=5.1669e+00 | amplitude=2.2099e-02 | phase=1.0320e-02 | support=2.6998e+00
2026-08-08 08:00:43 | INFO    | TRAIN | epoch=039/100 | batch=00950/01563 ( 60.78%) | lr=1.000e-03 | elapsed=0:07:50 | eta=0:05:03
    losses | total=5.6141e+00 | fourier=5.6141e+00 | amplitude=2.3952e-02 | phase=1.1421e-02 | support=2.8590e+00
2026-08-08 08:01:08 | INFO    | TRAIN | epoch=039/100 | batch=01000/01563 ( 63.98%) | lr=1.000e-03 | elapsed=0:08:15 | eta=0:04:38
    losses | total=5.4323e+00 | fourier=5.4323e+00 | amplitude=2.0888e-02 | phase=9.6123e-03 | support=2.5233e+00
2026-08-08 08:01:33 | INFO    | TRAIN | epoch=039/100 | batch=01050/01563 ( 67.18%) | lr=1.000e-03 | elapsed=0:08:40 | eta=0:04:14
    losses | total=4.8764e+00 | fourier=4.8764e+00 | amplitude=1.8035e-02 | phase=1.0467e-02 | support=2.5407e+00
2026-08-08 08:01:57 | INFO    | TRAIN | epoch=039/100 | batch=01100/01563 ( 70.38%) | lr=1.000e-03 | elapsed=0:09:04 | eta=0:03:49
    losses | total=4.7319e+00 | fourier=4.7319e+00 | amplitude=1.9092e-02 | phase=1.1470e-02 | support=2.7011e+00
2026-08-08 08:02:22 | INFO    | TRAIN | epoch=039/100 | batch=01150/01563 ( 73.58%) | lr=1.000e-03 | elapsed=0:09:29 | eta=0:03:24
    losses | total=5.4051e+00 | fourier=5.4051e+00 | amplitude=2.1517e-02 | phase=9.4984e-03 | support=2.8573e+00
2026-08-08 08:02:47 | INFO    | TRAIN | epoch=039/100 | batch=01200/01563 ( 76.78%) | lr=1.000e-03 | elapsed=0:09:54 | eta=0:02:59
    losses | total=4.7912e+00 | fourier=4.7912e+00 | amplitude=1.7712e-02 | phase=8.9965e-03 | support=2.6674e+00
2026-08-08 08:03:12 | INFO    | TRAIN | epoch=039/100 | batch=01250/01563 ( 79.97%) | lr=1.000e-03 | elapsed=0:10:19 | eta=0:02:35
    losses | total=5.2429e+00 | fourier=5.2429e+00 | amplitude=2.2402e-02 | phase=1.0519e-02 | support=2.7539e+00
2026-08-08 08:03:36 | INFO    | TRAIN | epoch=039/100 | batch=01300/01563 ( 83.17%) | lr=1.000e-03 | elapsed=0:10:43 | eta=0:02:10
    losses | total=4.6931e+00 | fourier=4.6931e+00 | amplitude=1.8177e-02 | phase=1.0664e-02 | support=2.6751e+00
2026-08-08 08:04:01 | INFO    | TRAIN | epoch=039/100 | batch=01350/01563 ( 86.37%) | lr=1.000e-03 | elapsed=0:11:08 | eta=0:01:45
    losses | total=4.8296e+00 | fourier=4.8296e+00 | amplitude=1.7155e-02 | phase=8.7878e-03 | support=2.6977e+00
2026-08-08 08:04:26 | INFO    | TRAIN | epoch=039/100 | batch=01400/01563 ( 89.57%) | lr=1.000e-03 | elapsed=0:11:33 | eta=0:01:20
    losses | total=4.9658e+00 | fourier=4.9658e+00 | amplitude=1.7479e-02 | phase=1.1564e-02 | support=2.9042e+00
2026-08-08 08:04:51 | INFO    | TRAIN | epoch=039/100 | batch=01450/01563 ( 92.77%) | lr=1.000e-03 | elapsed=0:11:58 | eta=0:00:55
    losses | total=5.1495e+00 | fourier=5.1495e+00 | amplitude=1.9941e-02 | phase=1.0061e-02 | support=2.3721e+00
2026-08-08 08:05:16 | INFO    | TRAIN | epoch=039/100 | batch=01500/01563 ( 95.97%) | lr=1.000e-03 | elapsed=0:12:23 | eta=0:00:31
    losses | total=5.0565e+00 | fourier=5.0565e+00 | amplitude=1.8792e-02 | phase=1.0156e-02 | support=2.5823e+00
2026-08-08 08:05:40 | INFO    | TRAIN | epoch=039/100 | batch=01550/01563 ( 99.17%) | lr=1.000e-03 | elapsed=0:12:47 | eta=0:00:06
    losses | total=4.6869e+00 | fourier=4.6869e+00 | amplitude=1.7204e-02 | phase=9.1572e-03 | support=2.5896e+00
2026-08-08 08:05:46 | INFO    | TRAIN | epoch=039/100 | batch=01563/01563 (100.00%) | lr=1.000e-03 | elapsed=0:12:53 | eta=0:00:00
    losses | total=5.0397e+00 | fourier=5.0397e+00 | amplitude=2.0512e-02 | phase=1.3943e-02 | support=2.5857e+00
2026-08-08 08:05:47 | INFO    | TRAIN epoch 039 complete | batches=1563 | samples=25000 | time=0:12:54
2026-08-08 08:05:53 | INFO    | VAL | epoch=039/100 | batch=00050/00313 ( 15.97%) | elapsed=0:00:06 | eta=0:00:33
    losses | total=5.3019e+00 | fourier=5.3019e+00 | amplitude=1.9363e-02 | phase=1.2584e-02 | support=2.4544e+00
2026-08-08 08:05:59 | INFO    | VAL | epoch=039/100 | batch=00100/00313 ( 31.95%) | elapsed=0:00:12 | eta=0:00:27
    losses | total=4.9390e+00 | fourier=4.9390e+00 | amplitude=1.7526e-02 | phase=1.1470e-02 | support=2.2138e+00
2026-08-08 08:06:06 | INFO    | VAL | epoch=039/100 | batch=00150/00313 ( 47.92%) | elapsed=0:00:18 | eta=0:00:20
    losses | total=4.9652e+00 | fourier=4.9652e+00 | amplitude=1.9265e-02 | phase=1.0004e-02 | support=2.6259e+00
2026-08-08 08:06:12 | INFO    | VAL | epoch=039/100 | batch=00200/00313 ( 63.90%) | elapsed=0:00:25 | eta=0:00:14
    losses | total=4.9027e+00 | fourier=4.9027e+00 | amplitude=1.8396e-02 | phase=1.0349e-02 | support=2.3226e+00
2026-08-08 08:06:18 | INFO    | VAL | epoch=039/100 | batch=00250/00313 ( 79.87%) | elapsed=0:00:31 | eta=0:00:07
    losses | total=5.2704e+00 | fourier=5.2704e+00 | amplitude=1.9230e-02 | phase=1.2370e-02 | support=2.2850e+00
2026-08-08 08:06:25 | INFO    | VAL | epoch=039/100 | batch=00300/00313 ( 95.85%) | elapsed=0:00:37 | eta=0:00:01
    losses | total=5.0875e+00 | fourier=5.0875e+00 | amplitude=2.0696e-02 | phase=1.1612e-02 | support=2.6072e+00
2026-08-08 08:06:26 | INFO    | VAL | epoch=039/100 | batch=00313/00313 (100.00%) | elapsed=0:00:39 | eta=0:00:00
    losses | total=5.0502e+00 | fourier=5.0502e+00 | amplitude=2.0620e-02 | phase=1.2686e-02 | support=2.5914e+00
2026-08-08 08:06:26 | INFO    | VAL epoch 039 complete | batches=313 | samples=5000 | time=0:00:39
2026-08-08 08:06:27 | INFO    | 
------------------------------------------------------------------------------------------------
Epoch 039/100 summary
split             total      fourier    amplitude        phase      support        time
train        4.9549e+00   4.9549e+00   1.9132e-02   1.0604e-02   2.6894e+00     0:12:54
validation   5.0574e+00   5.0574e+00   1.8843e-02   1.1141e-02   2.4151e+00     0:00:39
lr=1.000e-03 | best_val=5.0538e+00 | best_updated=no | periodic_checkpoint=no
------------------------------------------------------------------------------------------------
2026-08-08 08:06:52 | INFO    | TRAIN | epoch=040/100 | batch=00050/01563 (  3.20%) | lr=1.000e-03 | elapsed=0:00:24 | eta=0:12:33
    losses | total=5.2686e+00 | fourier=5.2686e+00 | amplitude=2.1744e-02 | phase=1.0163e-02 | support=2.9338e+00
2026-08-08 08:07:16 | INFO    | TRAIN | epoch=040/100 | batch=00100/01563 (  6.40%) | lr=1.000e-03 | elapsed=0:00:49 | eta=0:12:06
    losses | total=4.8695e+00 | fourier=4.8695e+00 | amplitude=1.6887e-02 | phase=9.4761e-03 | support=2.6151e+00
2026-08-08 08:07:41 | INFO    | TRAIN | epoch=040/100 | batch=00150/01563 (  9.60%) | lr=1.000e-03 | elapsed=0:01:14 | eta=0:11:40
    losses | total=4.9113e+00 | fourier=4.9113e+00 | amplitude=1.7988e-02 | phase=9.6512e-03 | support=2.6839e+00
2026-08-08 08:08:06 | INFO    | TRAIN | epoch=040/100 | batch=00200/01563 ( 12.80%) | lr=1.000e-03 | elapsed=0:01:39 | eta=0:11:15
    losses | total=5.0798e+00 | fourier=5.0798e+00 | amplitude=2.1902e-02 | phase=1.0545e-02 | support=2.9324e+00
2026-08-08 08:08:31 | INFO    | TRAIN | epoch=040/100 | batch=00250/01563 ( 15.99%) | lr=1.000e-03 | elapsed=0:02:03 | eta=0:10:50
    losses | total=4.5576e+00 | fourier=4.5576e+00 | amplitude=1.4713e-02 | phase=1.1288e-02 | support=2.4065e+00
2026-08-08 08:08:55 | INFO    | TRAIN | epoch=040/100 | batch=00300/01563 ( 19.19%) | lr=1.000e-03 | elapsed=0:02:28 | eta=0:10:26
    losses | total=4.9450e+00 | fourier=4.9450e+00 | amplitude=1.6691e-02 | phase=8.2859e-03 | support=2.5052e+00
2026-08-08 08:09:20 | INFO    | TRAIN | epoch=040/100 | batch=00350/01563 ( 22.39%) | lr=1.000e-03 | elapsed=0:02:53 | eta=0:10:01
    losses | total=5.0353e+00 | fourier=5.0353e+00 | amplitude=2.0419e-02 | phase=1.0787e-02 | support=2.5955e+00
2026-08-08 08:09:45 | INFO    | TRAIN | epoch=040/100 | batch=00400/01563 ( 25.59%) | lr=1.000e-03 | elapsed=0:03:18 | eta=0:09:36
    losses | total=5.1139e+00 | fourier=5.1139e+00 | amplitude=1.7625e-02 | phase=9.4989e-03 | support=2.4451e+00
2026-08-08 08:10:10 | INFO    | TRAIN | epoch=040/100 | batch=00450/01563 ( 28.79%) | lr=1.000e-03 | elapsed=0:03:42 | eta=0:09:11
    losses | total=5.4990e+00 | fourier=5.4990e+00 | amplitude=2.2083e-02 | phase=1.1562e-02 | support=2.6381e+00
2026-08-08 08:10:34 | INFO    | TRAIN | epoch=040/100 | batch=00500/01563 ( 31.99%) | lr=1.000e-03 | elapsed=0:04:07 | eta=0:08:46
    losses | total=4.8268e+00 | fourier=4.8268e+00 | amplitude=1.6389e-02 | phase=9.5834e-03 | support=2.6649e+00
2026-08-08 08:10:59 | INFO    | TRAIN | epoch=040/100 | batch=00550/01563 ( 35.19%) | lr=1.000e-03 | elapsed=0:04:32 | eta=0:08:21
    losses | total=4.8834e+00 | fourier=4.8834e+00 | amplitude=1.8848e-02 | phase=1.0583e-02 | support=2.7389e+00
2026-08-08 08:11:24 | INFO    | TRAIN | epoch=040/100 | batch=00600/01563 ( 38.39%) | lr=1.000e-03 | elapsed=0:04:57 | eta=0:07:57
    losses | total=4.9385e+00 | fourier=4.9385e+00 | amplitude=1.7637e-02 | phase=1.0526e-02 | support=2.6144e+00
2026-08-08 08:11:49 | INFO    | TRAIN | epoch=040/100 | batch=00650/01563 ( 41.59%) | lr=1.000e-03 | elapsed=0:05:22 | eta=0:07:32
    losses | total=4.9459e+00 | fourier=4.9459e+00 | amplitude=1.8450e-02 | phase=1.0494e-02 | support=2.6190e+00
2026-08-08 08:12:13 | INFO    | TRAIN | epoch=040/100 | batch=00700/01563 ( 44.79%) | lr=1.000e-03 | elapsed=0:05:46 | eta=0:07:07
    losses | total=5.1180e+00 | fourier=5.1180e+00 | amplitude=1.8296e-02 | phase=1.1828e-02 | support=2.4587e+00
2026-08-08 08:12:38 | INFO    | TRAIN | epoch=040/100 | batch=00750/01563 ( 47.98%) | lr=1.000e-03 | elapsed=0:06:11 | eta=0:06:42
    losses | total=5.0954e+00 | fourier=5.0954e+00 | amplitude=2.1470e-02 | phase=1.0585e-02 | support=2.5363e+00
2026-08-08 08:13:03 | INFO    | TRAIN | epoch=040/100 | batch=00800/01563 ( 51.18%) | lr=1.000e-03 | elapsed=0:06:36 | eta=0:06:17
    losses | total=5.2672e+00 | fourier=5.2672e+00 | amplitude=2.0213e-02 | phase=1.3013e-02 | support=2.5471e+00
2026-08-08 08:13:28 | INFO    | TRAIN | epoch=040/100 | batch=00850/01563 ( 54.38%) | lr=1.000e-03 | elapsed=0:07:01 | eta=0:05:53
    losses | total=4.9271e+00 | fourier=4.9271e+00 | amplitude=2.0464e-02 | phase=1.1017e-02 | support=2.6913e+00
2026-08-08 08:13:52 | INFO    | TRAIN | epoch=040/100 | batch=00900/01563 ( 57.58%) | lr=1.000e-03 | elapsed=0:07:25 | eta=0:05:28
    losses | total=5.2695e+00 | fourier=5.2695e+00 | amplitude=2.0445e-02 | phase=1.1346e-02 | support=2.7711e+00
2026-08-08 08:14:17 | INFO    | TRAIN | epoch=040/100 | batch=00950/01563 ( 60.78%) | lr=1.000e-03 | elapsed=0:07:50 | eta=0:05:03
    losses | total=4.9745e+00 | fourier=4.9745e+00 | amplitude=1.6858e-02 | phase=1.0048e-02 | support=2.6420e+00
2026-08-08 08:14:42 | INFO    | TRAIN | epoch=040/100 | batch=01000/01563 ( 63.98%) | lr=1.000e-03 | elapsed=0:08:15 | eta=0:04:38
    losses | total=4.7680e+00 | fourier=4.7680e+00 | amplitude=1.5592e-02 | phase=1.0698e-02 | support=2.4715e+00
2026-08-08 08:15:07 | INFO    | TRAIN | epoch=040/100 | batch=01050/01563 ( 67.18%) | lr=1.000e-03 | elapsed=0:08:40 | eta=0:04:14
    losses | total=4.4463e+00 | fourier=4.4463e+00 | amplitude=1.7071e-02 | phase=1.1049e-02 | support=2.5158e+00
2026-08-08 08:15:32 | INFO    | TRAIN | epoch=040/100 | batch=01100/01563 ( 70.38%) | lr=1.000e-03 | elapsed=0:09:04 | eta=0:03:49
    losses | total=4.8953e+00 | fourier=4.8953e+00 | amplitude=2.0336e-02 | phase=1.0749e-02 | support=2.5476e+00
2026-08-08 08:15:56 | INFO    | TRAIN | epoch=040/100 | batch=01150/01563 ( 73.58%) | lr=1.000e-03 | elapsed=0:09:29 | eta=0:03:24
    losses | total=4.8126e+00 | fourier=4.8126e+00 | amplitude=2.0328e-02 | phase=1.1558e-02 | support=2.8581e+00
2026-08-08 08:16:21 | INFO    | TRAIN | epoch=040/100 | batch=01200/01563 ( 76.78%) | lr=1.000e-03 | elapsed=0:09:54 | eta=0:02:59
    losses | total=4.6161e+00 | fourier=4.6161e+00 | amplitude=1.7106e-02 | phase=9.4336e-03 | support=2.4282e+00
2026-08-08 08:16:46 | INFO    | TRAIN | epoch=040/100 | batch=01250/01563 ( 79.97%) | lr=1.000e-03 | elapsed=0:10:19 | eta=0:02:35
    losses | total=4.7106e+00 | fourier=4.7106e+00 | amplitude=1.9082e-02 | phase=1.2062e-02 | support=2.6296e+00
2026-08-08 08:17:11 | INFO    | TRAIN | epoch=040/100 | batch=01300/01563 ( 83.17%) | lr=1.000e-03 | elapsed=0:10:43 | eta=0:02:10
    losses | total=5.0279e+00 | fourier=5.0279e+00 | amplitude=1.8005e-02 | phase=1.0863e-02 | support=2.5543e+00
2026-08-08 08:17:35 | INFO    | TRAIN | epoch=040/100 | batch=01350/01563 ( 86.37%) | lr=1.000e-03 | elapsed=0:11:08 | eta=0:01:45
    losses | total=4.7681e+00 | fourier=4.7681e+00 | amplitude=1.8085e-02 | phase=9.8287e-03 | support=2.5211e+00
2026-08-08 08:18:00 | INFO    | TRAIN | epoch=040/100 | batch=01400/01563 ( 89.57%) | lr=1.000e-03 | elapsed=0:11:33 | eta=0:01:20
    losses | total=5.0580e+00 | fourier=5.0580e+00 | amplitude=2.0880e-02 | phase=1.3269e-02 | support=2.7526e+00
2026-08-08 08:18:25 | INFO    | TRAIN | epoch=040/100 | batch=01450/01563 ( 92.77%) | lr=1.000e-03 | elapsed=0:11:58 | eta=0:00:55
    losses | total=5.0416e+00 | fourier=5.0416e+00 | amplitude=2.0265e-02 | phase=1.1306e-02 | support=2.8790e+00
2026-08-08 08:18:50 | INFO    | TRAIN | epoch=040/100 | batch=01500/01563 ( 95.97%) | lr=1.000e-03 | elapsed=0:12:22 | eta=0:00:31
    losses | total=4.7490e+00 | fourier=4.7490e+00 | amplitude=1.7207e-02 | phase=1.0607e-02 | support=2.5108e+00
2026-08-08 08:19:14 | INFO    | TRAIN | epoch=040/100 | batch=01550/01563 ( 99.17%) | lr=1.000e-03 | elapsed=0:12:47 | eta=0:00:06
    losses | total=5.1158e+00 | fourier=5.1158e+00 | amplitude=2.0922e-02 | phase=9.2972e-03 | support=2.6428e+00
2026-08-08 08:19:21 | INFO    | TRAIN | epoch=040/100 | batch=01563/01563 (100.00%) | lr=1.000e-03 | elapsed=0:12:53 | eta=0:00:00
    losses | total=5.2721e+00 | fourier=5.2721e+00 | amplitude=2.2257e-02 | phase=1.2281e-02 | support=2.9673e+00
2026-08-08 08:19:21 | INFO    | TRAIN epoch 040 complete | batches=1563 | samples=25000 | time=0:12:54
2026-08-08 08:19:27 | INFO    | VAL | epoch=040/100 | batch=00050/00313 ( 15.97%) | elapsed=0:00:06 | eta=0:00:33
    losses | total=5.4069e+00 | fourier=5.4069e+00 | amplitude=1.9498e-02 | phase=1.1092e-02 | support=2.8868e+00
2026-08-08 08:19:34 | INFO    | VAL | epoch=040/100 | batch=00100/00313 ( 31.95%) | elapsed=0:00:12 | eta=0:00:27
    losses | total=5.0247e+00 | fourier=5.0247e+00 | amplitude=1.7454e-02 | phase=1.0241e-02 | support=2.5426e+00
2026-08-08 08:19:40 | INFO    | VAL | epoch=040/100 | batch=00150/00313 ( 47.92%) | elapsed=0:00:18 | eta=0:00:20
    losses | total=5.0190e+00 | fourier=5.0190e+00 | amplitude=1.9397e-02 | phase=9.0488e-03 | support=3.0220e+00
2026-08-08 08:19:46 | INFO    | VAL | epoch=040/100 | batch=00200/00313 ( 63.90%) | elapsed=0:00:25 | eta=0:00:14
    losses | total=4.9586e+00 | fourier=4.9586e+00 | amplitude=1.8572e-02 | phase=9.4201e-03 | support=2.7310e+00
2026-08-08 08:19:52 | INFO    | VAL | epoch=040/100 | batch=00250/00313 ( 79.87%) | elapsed=0:00:31 | eta=0:00:07
    losses | total=5.3634e+00 | fourier=5.3634e+00 | amplitude=1.9355e-02 | phase=1.1296e-02 | support=2.7046e+00
2026-08-08 08:19:59 | INFO    | VAL | epoch=040/100 | batch=00300/00313 ( 95.85%) | elapsed=0:00:37 | eta=0:00:01
    losses | total=5.1570e+00 | fourier=5.1570e+00 | amplitude=2.0799e-02 | phase=1.0673e-02 | support=2.9724e+00
2026-08-08 08:20:00 | INFO    | VAL | epoch=040/100 | batch=00313/00313 (100.00%) | elapsed=0:00:39 | eta=0:00:00
    losses | total=5.1823e+00 | fourier=5.1823e+00 | amplitude=2.0549e-02 | phase=1.0853e-02 | support=2.9808e+00
2026-08-08 08:20:00 | INFO    | VAL epoch 040 complete | batches=313 | samples=5000 | time=0:00:39
2026-08-08 08:20:01 | INFO    | 
------------------------------------------------------------------------------------------------
Epoch 040/100 summary
split             total      fourier    amplitude        phase      support        time
train        4.9435e+00   4.9435e+00   1.9151e-02   1.0660e-02   2.6470e+00     0:12:54
validation   5.1293e+00   5.1293e+00   1.8892e-02   1.0050e-02   2.8030e+00     0:00:39
lr=1.000e-03 | best_val=5.0538e+00 | best_updated=no | periodic_checkpoint=yes
------------------------------------------------------------------------------------------------
2026-08-08 08:20:26 | INFO    | TRAIN | epoch=041/100 | batch=00050/01563 (  3.20%) | lr=1.000e-03 | elapsed=0:00:24 | eta=0:12:33
    losses | total=4.6885e+00 | fourier=4.6885e+00 | amplitude=1.7188e-02 | phase=1.0301e-02 | support=2.7169e+00
2026-08-08 08:20:51 | INFO    | TRAIN | epoch=041/100 | batch=00100/01563 (  6.40%) | lr=1.000e-03 | elapsed=0:00:49 | eta=0:12:06
    losses | total=4.7885e+00 | fourier=4.7885e+00 | amplitude=1.9257e-02 | phase=1.1217e-02 | support=2.7869e+00
2026-08-08 08:21:15 | INFO    | TRAIN | epoch=041/100 | batch=00150/01563 (  9.60%) | lr=1.000e-03 | elapsed=0:01:14 | eta=0:11:41
    losses | total=4.8857e+00 | fourier=4.8857e+00 | amplitude=2.0201e-02 | phase=1.1410e-02 | support=2.6211e+00
2026-08-08 08:21:40 | INFO    | TRAIN | epoch=041/100 | batch=00200/01563 ( 12.80%) | lr=1.000e-03 | elapsed=0:01:39 | eta=0:11:16
    losses | total=4.9152e+00 | fourier=4.9152e+00 | amplitude=1.9545e-02 | phase=1.0749e-02 | support=2.8108e+00
2026-08-08 08:22:05 | INFO    | TRAIN | epoch=041/100 | batch=00250/01563 ( 15.99%) | lr=1.000e-03 | elapsed=0:02:03 | eta=0:10:51
    losses | total=4.9453e+00 | fourier=4.9453e+00 | amplitude=2.1164e-02 | phase=1.2408e-02 | support=2.6431e+00
2026-08-08 08:22:30 | INFO    | TRAIN | epoch=041/100 | batch=00300/01563 ( 19.19%) | lr=1.000e-03 | elapsed=0:02:28 | eta=0:10:26
    losses | total=5.0108e+00 | fourier=5.0108e+00 | amplitude=1.9576e-02 | phase=1.0067e-02 | support=2.4858e+00
2026-08-08 08:22:54 | INFO    | TRAIN | epoch=041/100 | batch=00350/01563 ( 22.39%) | lr=1.000e-03 | elapsed=0:02:53 | eta=0:10:01
    losses | total=4.8605e+00 | fourier=4.8605e+00 | amplitude=1.8568e-02 | phase=1.2979e-02 | support=2.9866e+00
2026-08-08 08:23:19 | INFO    | TRAIN | epoch=041/100 | batch=00400/01563 ( 25.59%) | lr=1.000e-03 | elapsed=0:03:18 | eta=0:09:36
    losses | total=5.1325e+00 | fourier=5.1325e+00 | amplitude=1.8600e-02 | phase=1.1574e-02 | support=2.6210e+00
2026-08-08 08:23:44 | INFO    | TRAIN | epoch=041/100 | batch=00450/01563 ( 28.79%) | lr=1.000e-03 | elapsed=0:03:43 | eta=0:09:11
    losses | total=4.5429e+00 | fourier=4.5429e+00 | amplitude=1.6691e-02 | phase=8.4670e-03 | support=2.5891e+00
2026-08-08 08:24:09 | INFO    | TRAIN | epoch=041/100 | batch=00500/01563 ( 31.99%) | lr=1.000e-03 | elapsed=0:04:07 | eta=0:08:46
    losses | total=4.7817e+00 | fourier=4.7817e+00 | amplitude=1.7892e-02 | phase=9.5794e-03 | support=2.7818e+00
2026-08-08 08:24:33 | INFO    | TRAIN | epoch=041/100 | batch=00550/01563 ( 35.19%) | lr=1.000e-03 | elapsed=0:04:32 | eta=0:08:21
    losses | total=4.9666e+00 | fourier=4.9666e+00 | amplitude=2.0884e-02 | phase=1.0443e-02 | support=2.7720e+00
2026-08-08 08:24:58 | INFO    | TRAIN | epoch=041/100 | batch=00600/01563 ( 38.39%) | lr=1.000e-03 | elapsed=0:04:57 | eta=0:07:57
    losses | total=5.0568e+00 | fourier=5.0568e+00 | amplitude=1.9259e-02 | phase=1.1927e-02 | support=2.5195e+00
2026-08-08 08:25:23 | INFO    | TRAIN | epoch=041/100 | batch=00650/01563 ( 41.59%) | lr=1.000e-03 | elapsed=0:05:22 | eta=0:07:32
    losses | total=4.8395e+00 | fourier=4.8395e+00 | amplitude=1.9357e-02 | phase=1.0604e-02 | support=2.4292e+00
2026-08-08 08:25:48 | INFO    | TRAIN | epoch=041/100 | batch=00700/01563 ( 44.79%) | lr=1.000e-03 | elapsed=0:05:46 | eta=0:07:07
    losses | total=4.7893e+00 | fourier=4.7893e+00 | amplitude=1.7624e-02 | phase=1.0365e-02 | support=2.7537e+00
2026-08-08 08:26:12 | INFO    | TRAIN | epoch=041/100 | batch=00750/01563 ( 47.98%) | lr=1.000e-03 | elapsed=0:06:11 | eta=0:06:42
    losses | total=4.6344e+00 | fourier=4.6344e+00 | amplitude=1.8377e-02 | phase=1.0630e-02 | support=2.4925e+00
2026-08-08 08:26:37 | INFO    | TRAIN | epoch=041/100 | batch=00800/01563 ( 51.18%) | lr=1.000e-03 | elapsed=0:06:36 | eta=0:06:18
    losses | total=5.1712e+00 | fourier=5.1712e+00 | amplitude=2.2258e-02 | phase=9.6583e-03 | support=2.9492e+00
2026-08-08 08:27:02 | INFO    | TRAIN | epoch=041/100 | batch=00850/01563 ( 54.38%) | lr=1.000e-03 | elapsed=0:07:01 | eta=0:05:53
    losses | total=4.8798e+00 | fourier=4.8798e+00 | amplitude=1.9725e-02 | phase=9.6962e-03 | support=2.8833e+00
2026-08-08 08:27:27 | INFO    | TRAIN | epoch=041/100 | batch=00900/01563 ( 57.58%) | lr=1.000e-03 | elapsed=0:07:25 | eta=0:05:28
    losses | total=4.6704e+00 | fourier=4.6704e+00 | amplitude=1.9152e-02 | phase=9.2982e-03 | support=2.7512e+00
2026-08-08 08:27:52 | INFO    | TRAIN | epoch=041/100 | batch=00950/01563 ( 60.78%) | lr=1.000e-03 | elapsed=0:07:50 | eta=0:05:03
    losses | total=4.4328e+00 | fourier=4.4328e+00 | amplitude=1.6538e-02 | phase=8.7500e-03 | support=2.6469e+00
2026-08-08 08:28:16 | INFO    | TRAIN | epoch=041/100 | batch=01000/01563 ( 63.98%) | lr=1.000e-03 | elapsed=0:08:15 | eta=0:04:38
    losses | total=5.1683e+00 | fourier=5.1683e+00 | amplitude=2.2185e-02 | phase=9.0980e-03 | support=2.8288e+00
2026-08-08 08:28:41 | INFO    | TRAIN | epoch=041/100 | batch=01050/01563 ( 67.18%) | lr=1.000e-03 | elapsed=0:08:40 | eta=0:04:14
    losses | total=5.0731e+00 | fourier=5.0731e+00 | amplitude=1.9914e-02 | phase=1.1292e-02 | support=2.4023e+00
2026-08-08 08:29:06 | INFO    | TRAIN | epoch=041/100 | batch=01100/01563 ( 70.38%) | lr=1.000e-03 | elapsed=0:09:04 | eta=0:03:49
    losses | total=4.7939e+00 | fourier=4.7939e+00 | amplitude=1.8363e-02 | phase=1.0917e-02 | support=2.5726e+00
2026-08-08 08:29:31 | INFO    | TRAIN | epoch=041/100 | batch=01150/01563 ( 73.58%) | lr=1.000e-03 | elapsed=0:09:29 | eta=0:03:24
    losses | total=4.6658e+00 | fourier=4.6658e+00 | amplitude=1.5361e-02 | phase=8.0596e-03 | support=2.5716e+00
2026-08-08 08:29:55 | INFO    | TRAIN | epoch=041/100 | batch=01200/01563 ( 76.78%) | lr=1.000e-03 | elapsed=0:09:54 | eta=0:02:59
    losses | total=4.9445e+00 | fourier=4.9445e+00 | amplitude=2.1173e-02 | phase=1.1410e-02 | support=2.7127e+00
2026-08-08 08:30:20 | INFO    | TRAIN | epoch=041/100 | batch=01250/01563 ( 79.97%) | lr=1.000e-03 | elapsed=0:10:19 | eta=0:02:35
    losses | total=5.1211e+00 | fourier=5.1211e+00 | amplitude=1.9029e-02 | phase=9.0777e-03 | support=2.7625e+00
2026-08-08 08:30:45 | INFO    | TRAIN | epoch=041/100 | batch=01300/01563 ( 83.17%) | lr=1.000e-03 | elapsed=0:10:44 | eta=0:02:10
    losses | total=4.6244e+00 | fourier=4.6244e+00 | amplitude=1.7675e-02 | phase=1.1776e-02 | support=2.7400e+00
2026-08-08 08:31:10 | INFO    | TRAIN | epoch=041/100 | batch=01350/01563 ( 86.37%) | lr=1.000e-03 | elapsed=0:11:08 | eta=0:01:45
    losses | total=4.7560e+00 | fourier=4.7560e+00 | amplitude=1.6109e-02 | phase=7.8730e-03 | support=2.5414e+00
2026-08-08 08:31:34 | INFO    | TRAIN | epoch=041/100 | batch=01400/01563 ( 89.57%) | lr=1.000e-03 | elapsed=0:11:33 | eta=0:01:20
    losses | total=4.8519e+00 | fourier=4.8519e+00 | amplitude=1.9529e-02 | phase=1.0643e-02 | support=2.6290e+00
2026-08-08 08:31:59 | INFO    | TRAIN | epoch=041/100 | batch=01450/01563 ( 92.77%) | lr=1.000e-03 | elapsed=0:11:58 | eta=0:00:55
    losses | total=4.8798e+00 | fourier=4.8798e+00 | amplitude=1.9317e-02 | phase=1.1817e-02 | support=2.8067e+00
2026-08-08 08:32:24 | INFO    | TRAIN | epoch=041/100 | batch=01500/01563 ( 95.97%) | lr=1.000e-03 | elapsed=0:12:23 | eta=0:00:31
    losses | total=4.8107e+00 | fourier=4.8107e+00 | amplitude=2.0291e-02 | phase=1.1125e-02 | support=2.7458e+00
2026-08-08 08:32:49 | INFO    | TRAIN | epoch=041/100 | batch=01550/01563 ( 99.17%) | lr=1.000e-03 | elapsed=0:12:47 | eta=0:00:06
    losses | total=4.9604e+00 | fourier=4.9604e+00 | amplitude=2.2185e-02 | phase=1.1352e-02 | support=3.2180e+00
2026-08-08 08:32:55 | INFO    | TRAIN | epoch=041/100 | batch=01563/01563 (100.00%) | lr=1.000e-03 | elapsed=0:12:54 | eta=0:00:00
    losses | total=4.7975e+00 | fourier=4.7975e+00 | amplitude=1.8335e-02 | phase=9.8674e-03 | support=2.5703e+00
2026-08-08 08:32:55 | INFO    | TRAIN epoch 041 complete | batches=1563 | samples=25000 | time=0:12:54
2026-08-08 08:33:02 | INFO    | VAL | epoch=041/100 | batch=00050/00313 ( 15.97%) | elapsed=0:00:06 | eta=0:00:33
    losses | total=5.2950e+00 | fourier=5.2950e+00 | amplitude=1.9232e-02 | phase=1.2187e-02 | support=2.6224e+00
2026-08-08 08:33:08 | INFO    | VAL | epoch=041/100 | batch=00100/00313 ( 31.95%) | elapsed=0:00:12 | eta=0:00:27
    losses | total=5.0015e+00 | fourier=5.0015e+00 | amplitude=1.7498e-02 | phase=1.1216e-02 | support=2.4472e+00
2026-08-08 08:33:14 | INFO    | VAL | epoch=041/100 | batch=00150/00313 ( 47.92%) | elapsed=0:00:18 | eta=0:00:20
    losses | total=4.9694e+00 | fourier=4.9694e+00 | amplitude=1.9206e-02 | phase=9.7798e-03 | support=2.8094e+00
2026-08-08 08:33:20 | INFO    | VAL | epoch=041/100 | batch=00200/00313 ( 63.90%) | elapsed=0:00:25 | eta=0:00:14
    losses | total=4.9032e+00 | fourier=4.9032e+00 | amplitude=1.8056e-02 | phase=1.0004e-02 | support=2.4743e+00
2026-08-08 08:33:27 | INFO    | VAL | epoch=041/100 | batch=00250/00313 ( 79.87%) | elapsed=0:00:31 | eta=0:00:07
    losses | total=5.2968e+00 | fourier=5.2968e+00 | amplitude=1.9199e-02 | phase=1.2118e-02 | support=2.5055e+00
2026-08-08 08:33:33 | INFO    | VAL | epoch=041/100 | batch=00300/00313 ( 95.85%) | elapsed=0:00:37 | eta=0:00:01
    losses | total=5.0833e+00 | fourier=5.0833e+00 | amplitude=2.0624e-02 | phase=1.1589e-02 | support=2.7727e+00
2026-08-08 08:33:35 | INFO    | VAL | epoch=041/100 | batch=00313/00313 (100.00%) | elapsed=0:00:39 | eta=0:00:00
    losses | total=5.0865e+00 | fourier=5.0865e+00 | amplitude=2.0136e-02 | phase=1.1692e-02 | support=2.7963e+00
2026-08-08 08:33:35 | INFO    | VAL epoch 041 complete | batches=313 | samples=5000 | time=0:00:39
2026-08-08 08:33:35 | INFO    | 
------------------------------------------------------------------------------------------------
Epoch 041/100 summary
split             total      fourier    amplitude        phase      support        time
train        4.9357e+00   4.9357e+00   1.9127e-02   1.0705e-02   2.6745e+00     0:12:54
validation   5.0801e+00   5.0801e+00   1.8673e-02   1.0565e-02   2.6246e+00     0:00:39
lr=1.000e-03 | best_val=5.0538e+00 | best_updated=no | periodic_checkpoint=no
------------------------------------------------------------------------------------------------
2026-08-08 08:34:00 | INFO    | TRAIN | epoch=042/100 | batch=00050/01563 (  3.20%) | lr=1.000e-03 | elapsed=0:00:24 | eta=0:12:33
    losses | total=5.1329e+00 | fourier=5.1329e+00 | amplitude=1.9389e-02 | phase=9.4431e-03 | support=2.6745e+00
2026-08-08 08:34:25 | INFO    | TRAIN | epoch=042/100 | batch=00100/01563 (  6.40%) | lr=1.000e-03 | elapsed=0:00:49 | eta=0:12:06
    losses | total=4.9243e+00 | fourier=4.9243e+00 | amplitude=2.0119e-02 | phase=1.2351e-02 | support=3.0124e+00
2026-08-08 08:34:49 | INFO    | TRAIN | epoch=042/100 | batch=00150/01563 (  9.60%) | lr=1.000e-03 | elapsed=0:01:14 | eta=0:11:41
    losses | total=5.1126e+00 | fourier=5.1126e+00 | amplitude=1.8848e-02 | phase=9.4817e-03 | support=2.8063e+00
2026-08-08 08:35:14 | INFO    | TRAIN | epoch=042/100 | batch=00200/01563 ( 12.80%) | lr=1.000e-03 | elapsed=0:01:39 | eta=0:11:16
    losses | total=5.1426e+00 | fourier=5.1426e+00 | amplitude=2.1316e-02 | phase=9.7621e-03 | support=2.5576e+00
2026-08-08 08:35:39 | INFO    | TRAIN | epoch=042/100 | batch=00250/01563 ( 15.99%) | lr=1.000e-03 | elapsed=0:02:03 | eta=0:10:51
    losses | total=4.3799e+00 | fourier=4.3799e+00 | amplitude=1.5727e-02 | phase=9.7937e-03 | support=2.6736e+00
2026-08-08 08:36:04 | INFO    | TRAIN | epoch=042/100 | batch=00300/01563 ( 19.19%) | lr=1.000e-03 | elapsed=0:02:28 | eta=0:10:26
    losses | total=4.9363e+00 | fourier=4.9363e+00 | amplitude=1.6379e-02 | phase=9.3848e-03 | support=2.4198e+00
2026-08-08 08:36:29 | INFO    | TRAIN | epoch=042/100 | batch=00350/01563 ( 22.39%) | lr=1.000e-03 | elapsed=0:02:53 | eta=0:10:01
    losses | total=5.2076e+00 | fourier=5.2076e+00 | amplitude=2.0454e-02 | phase=1.1044e-02 | support=2.6075e+00
2026-08-08 08:36:53 | INFO    | TRAIN | epoch=042/100 | batch=00400/01563 ( 25.59%) | lr=1.000e-03 | elapsed=0:03:18 | eta=0:09:36
    losses | total=5.0443e+00 | fourier=5.0443e+00 | amplitude=2.1063e-02 | phase=1.1779e-02 | support=2.7512e+00
2026-08-08 08:37:18 | INFO    | TRAIN | epoch=042/100 | batch=00450/01563 ( 28.79%) | lr=1.000e-03 | elapsed=0:03:43 | eta=0:09:11
    losses | total=5.0784e+00 | fourier=5.0784e+00 | amplitude=1.8990e-02 | phase=1.0762e-02 | support=2.5887e+00
2026-08-08 08:37:43 | INFO    | TRAIN | epoch=042/100 | batch=00500/01563 ( 31.99%) | lr=1.000e-03 | elapsed=0:04:07 | eta=0:08:46
    losses | total=4.7680e+00 | fourier=4.7680e+00 | amplitude=2.0207e-02 | phase=1.3021e-02 | support=2.8899e+00
2026-08-08 08:38:08 | INFO    | TRAIN | epoch=042/100 | batch=00550/01563 ( 35.19%) | lr=1.000e-03 | elapsed=0:04:32 | eta=0:08:22
    losses | total=4.8141e+00 | fourier=4.8141e+00 | amplitude=1.9120e-02 | phase=1.0437e-02 | support=3.0302e+00
2026-08-08 08:38:32 | INFO    | TRAIN | epoch=042/100 | batch=00600/01563 ( 38.39%) | lr=1.000e-03 | elapsed=0:04:57 | eta=0:07:57
    losses | total=5.2266e+00 | fourier=5.2266e+00 | amplitude=2.1068e-02 | phase=9.4386e-03 | support=3.1537e+00
2026-08-08 08:38:57 | INFO    | TRAIN | epoch=042/100 | batch=00650/01563 ( 41.59%) | lr=1.000e-03 | elapsed=0:05:22 | eta=0:07:32
    losses | total=4.7210e+00 | fourier=4.7210e+00 | amplitude=1.8195e-02 | phase=8.1540e-03 | support=2.8294e+00
2026-08-08 08:39:22 | INFO    | TRAIN | epoch=042/100 | batch=00700/01563 ( 44.79%) | lr=1.000e-03 | elapsed=0:05:46 | eta=0:07:07
    losses | total=4.5792e+00 | fourier=4.5792e+00 | amplitude=1.5024e-02 | phase=1.0873e-02 | support=2.2833e+00
2026-08-08 08:39:47 | INFO    | TRAIN | epoch=042/100 | batch=00750/01563 ( 47.98%) | lr=1.000e-03 | elapsed=0:06:11 | eta=0:06:42
    losses | total=4.7959e+00 | fourier=4.7959e+00 | amplitude=1.9404e-02 | phase=1.0190e-02 | support=2.9988e+00
2026-08-08 08:40:11 | INFO    | TRAIN | epoch=042/100 | batch=00800/01563 ( 51.18%) | lr=1.000e-03 | elapsed=0:06:36 | eta=0:06:18
    losses | total=5.2800e+00 | fourier=5.2800e+00 | amplitude=2.0589e-02 | phase=1.0344e-02 | support=2.6323e+00
2026-08-08 08:40:36 | INFO    | TRAIN | epoch=042/100 | batch=00850/01563 ( 54.38%) | lr=1.000e-03 | elapsed=0:07:01 | eta=0:05:53
    losses | total=5.2589e+00 | fourier=5.2589e+00 | amplitude=1.9745e-02 | phase=1.0742e-02 | support=2.3906e+00
2026-08-08 08:41:01 | INFO    | TRAIN | epoch=042/100 | batch=00900/01563 ( 57.58%) | lr=1.000e-03 | elapsed=0:07:25 | eta=0:05:28
    losses | total=5.2201e+00 | fourier=5.2201e+00 | amplitude=2.2721e-02 | phase=1.1239e-02 | support=2.7831e+00
2026-08-08 08:41:26 | INFO    | TRAIN | epoch=042/100 | batch=00950/01563 ( 60.78%) | lr=1.000e-03 | elapsed=0:07:50 | eta=0:05:03
    losses | total=5.1390e+00 | fourier=5.1390e+00 | amplitude=2.0231e-02 | phase=1.1102e-02 | support=2.5947e+00
2026-08-08 08:41:50 | INFO    | TRAIN | epoch=042/100 | batch=01000/01563 ( 63.98%) | lr=1.000e-03 | elapsed=0:08:15 | eta=0:04:38
    losses | total=5.0019e+00 | fourier=5.0019e+00 | amplitude=2.0120e-02 | phase=8.8248e-03 | support=2.6330e+00
2026-08-08 08:42:15 | INFO    | TRAIN | epoch=042/100 | batch=01050/01563 ( 67.18%) | lr=1.000e-03 | elapsed=0:08:40 | eta=0:04:14
    losses | total=4.7223e+00 | fourier=4.7223e+00 | amplitude=1.6824e-02 | phase=8.8022e-03 | support=2.7223e+00
2026-08-08 08:42:40 | INFO    | TRAIN | epoch=042/100 | batch=01100/01563 ( 70.38%) | lr=1.000e-03 | elapsed=0:09:04 | eta=0:03:49
    losses | total=5.2260e+00 | fourier=5.2260e+00 | amplitude=2.1773e-02 | phase=1.0230e-02 | support=2.8279e+00
2026-08-08 08:43:05 | INFO    | TRAIN | epoch=042/100 | batch=01150/01563 ( 73.58%) | lr=1.000e-03 | elapsed=0:09:29 | eta=0:03:24
    losses | total=5.1558e+00 | fourier=5.1558e+00 | amplitude=2.1849e-02 | phase=1.0177e-02 | support=2.8097e+00
2026-08-08 08:43:30 | INFO    | TRAIN | epoch=042/100 | batch=01200/01563 ( 76.78%) | lr=1.000e-03 | elapsed=0:09:54 | eta=0:02:59
    losses | total=5.0855e+00 | fourier=5.0855e+00 | amplitude=2.2355e-02 | phase=1.1027e-02 | support=2.7299e+00
2026-08-08 08:43:54 | INFO    | TRAIN | epoch=042/100 | batch=01250/01563 ( 79.97%) | lr=1.000e-03 | elapsed=0:10:19 | eta=0:02:35
    losses | total=5.0916e+00 | fourier=5.0916e+00 | amplitude=1.7204e-02 | phase=1.0667e-02 | support=2.3837e+00
2026-08-08 08:44:19 | INFO    | TRAIN | epoch=042/100 | batch=01300/01563 ( 83.17%) | lr=1.000e-03 | elapsed=0:10:44 | eta=0:02:10
    losses | total=4.8142e+00 | fourier=4.8142e+00 | amplitude=1.8947e-02 | phase=1.0050e-02 | support=2.8579e+00
2026-08-08 08:44:44 | INFO    | TRAIN | epoch=042/100 | batch=01350/01563 ( 86.37%) | lr=1.000e-03 | elapsed=0:11:08 | eta=0:01:45
    losses | total=4.8242e+00 | fourier=4.8242e+00 | amplitude=1.8375e-02 | phase=1.2473e-02 | support=2.7736e+00
2026-08-08 08:45:09 | INFO    | TRAIN | epoch=042/100 | batch=01400/01563 ( 89.57%) | lr=1.000e-03 | elapsed=0:11:33 | eta=0:01:20
    losses | total=4.7634e+00 | fourier=4.7634e+00 | amplitude=1.9345e-02 | phase=9.7600e-03 | support=2.6934e+00
2026-08-08 08:45:33 | INFO    | TRAIN | epoch=042/100 | batch=01450/01563 ( 92.77%) | lr=1.000e-03 | elapsed=0:11:58 | eta=0:00:55
    losses | total=4.7198e+00 | fourier=4.7198e+00 | amplitude=1.9459e-02 | phase=9.3683e-03 | support=2.8883e+00
2026-08-08 08:45:58 | INFO    | TRAIN | epoch=042/100 | batch=01500/01563 ( 95.97%) | lr=1.000e-03 | elapsed=0:12:23 | eta=0:00:31
    losses | total=5.2010e+00 | fourier=5.2010e+00 | amplitude=2.2586e-02 | phase=1.0218e-02 | support=2.8385e+00
2026-08-08 08:46:23 | INFO    | TRAIN | epoch=042/100 | batch=01550/01563 ( 99.17%) | lr=1.000e-03 | elapsed=0:12:47 | eta=0:00:06
    losses | total=4.8155e+00 | fourier=4.8155e+00 | amplitude=1.9142e-02 | phase=9.3099e-03 | support=2.7262e+00
2026-08-08 08:46:29 | INFO    | TRAIN | epoch=042/100 | batch=01563/01563 (100.00%) | lr=1.000e-03 | elapsed=0:12:54 | eta=0:00:00
    losses | total=5.0409e+00 | fourier=5.0409e+00 | amplitude=1.9381e-02 | phase=1.1726e-02 | support=2.7904e+00
2026-08-08 08:46:29 | INFO    | TRAIN epoch 042 complete | batches=1563 | samples=25000 | time=0:12:54
2026-08-08 08:46:36 | INFO    | VAL | epoch=042/100 | batch=00050/00313 ( 15.97%) | elapsed=0:00:06 | eta=0:00:33
    losses | total=5.2802e+00 | fourier=5.2802e+00 | amplitude=1.9038e-02 | phase=1.1748e-02 | support=2.5010e+00
2026-08-08 08:46:42 | INFO    | VAL | epoch=042/100 | batch=00100/00313 ( 31.95%) | elapsed=0:00:12 | eta=0:00:27
    losses | total=4.9506e+00 | fourier=4.9506e+00 | amplitude=1.7429e-02 | phase=1.0885e-02 | support=2.3731e+00
2026-08-08 08:46:48 | INFO    | VAL | epoch=042/100 | batch=00150/00313 ( 47.92%) | elapsed=0:00:18 | eta=0:00:20
    losses | total=4.9553e+00 | fourier=4.9553e+00 | amplitude=1.9343e-02 | phase=9.4751e-03 | support=2.8164e+00
2026-08-08 08:46:55 | INFO    | VAL | epoch=042/100 | batch=00200/00313 ( 63.90%) | elapsed=0:00:25 | eta=0:00:14
    losses | total=4.9058e+00 | fourier=4.9058e+00 | amplitude=1.8164e-02 | phase=9.6012e-03 | support=2.5227e+00
2026-08-08 08:47:01 | INFO    | VAL | epoch=042/100 | batch=00250/00313 ( 79.87%) | elapsed=0:00:31 | eta=0:00:07
    losses | total=5.2522e+00 | fourier=5.2522e+00 | amplitude=1.9022e-02 | phase=1.1516e-02 | support=2.4228e+00
2026-08-08 08:47:07 | INFO    | VAL | epoch=042/100 | batch=00300/00313 ( 95.85%) | elapsed=0:00:37 | eta=0:00:01
    losses | total=5.0920e+00 | fourier=5.0920e+00 | amplitude=2.0604e-02 | phase=1.0927e-02 | support=2.7204e+00
2026-08-08 08:47:09 | INFO    | VAL | epoch=042/100 | batch=00313/00313 (100.00%) | elapsed=0:00:39 | eta=0:00:00
    losses | total=5.0858e+00 | fourier=5.0858e+00 | amplitude=1.9955e-02 | phase=1.1643e-02 | support=2.6993e+00
2026-08-08 08:47:09 | INFO    | VAL epoch 042 complete | batches=313 | samples=5000 | time=0:00:39
2026-08-08 08:47:09 | INFO    | 
------------------------------------------------------------------------------------------------
Epoch 042/100 summary
split             total      fourier    amplitude        phase      support        time
train        4.9322e+00   4.9322e+00   1.9196e-02   1.0741e-02   2.6679e+00     0:12:54
validation   5.0526e+00   5.0526e+00   1.8630e-02   1.0473e-02   2.5570e+00     0:00:39
lr=1.000e-03 | best_val=5.0526e+00 | best_updated=yes | periodic_checkpoint=no
------------------------------------------------------------------------------------------------
2026-08-08 08:47:34 | INFO    | TRAIN | epoch=043/100 | batch=00050/01563 (  3.20%) | lr=1.000e-03 | elapsed=0:00:24 | eta=0:12:33
    losses | total=4.9856e+00 | fourier=4.9856e+00 | amplitude=2.0690e-02 | phase=1.2740e-02 | support=2.8686e+00
2026-08-08 08:47:59 | INFO    | TRAIN | epoch=043/100 | batch=00100/01563 (  6.40%) | lr=1.000e-03 | elapsed=0:00:49 | eta=0:12:06
    losses | total=5.0564e+00 | fourier=5.0564e+00 | amplitude=1.9848e-02 | phase=1.3216e-02 | support=2.8724e+00
2026-08-08 08:48:24 | INFO    | TRAIN | epoch=043/100 | batch=00150/01563 (  9.60%) | lr=1.000e-03 | elapsed=0:01:14 | eta=0:11:41
    losses | total=5.0981e+00 | fourier=5.0981e+00 | amplitude=2.0501e-02 | phase=1.0514e-02 | support=2.6038e+00
2026-08-08 08:48:49 | INFO    | TRAIN | epoch=043/100 | batch=00200/01563 ( 12.80%) | lr=1.000e-03 | elapsed=0:01:39 | eta=0:11:15
    losses | total=4.8086e+00 | fourier=4.8086e+00 | amplitude=1.6533e-02 | phase=1.0866e-02 | support=2.4382e+00
2026-08-08 08:49:13 | INFO    | TRAIN | epoch=043/100 | batch=00250/01563 ( 15.99%) | lr=1.000e-03 | elapsed=0:02:03 | eta=0:10:51
    losses | total=4.8211e+00 | fourier=4.8211e+00 | amplitude=1.9737e-02 | phase=1.1101e-02 | support=2.7188e+00
2026-08-08 08:49:38 | INFO    | TRAIN | epoch=043/100 | batch=00300/01563 ( 19.19%) | lr=1.000e-03 | elapsed=0:02:28 | eta=0:10:26
    losses | total=4.9405e+00 | fourier=4.9405e+00 | amplitude=1.9780e-02 | phase=9.9717e-03 | support=2.8738e+00
2026-08-08 08:50:03 | INFO    | TRAIN | epoch=043/100 | batch=00350/01563 ( 22.39%) | lr=1.000e-03 | elapsed=0:02:53 | eta=0:10:01
    losses | total=4.8507e+00 | fourier=4.8507e+00 | amplitude=1.8626e-02 | phase=1.0980e-02 | support=2.6350e+00
2026-08-08 08:50:28 | INFO    | TRAIN | epoch=043/100 | batch=00400/01563 ( 25.59%) | lr=1.000e-03 | elapsed=0:03:18 | eta=0:09:36
    losses | total=5.0417e+00 | fourier=5.0417e+00 | amplitude=1.8860e-02 | phase=1.3351e-02 | support=2.8164e+00
2026-08-08 08:50:52 | INFO    | TRAIN | epoch=043/100 | batch=00450/01563 ( 28.79%) | lr=1.000e-03 | elapsed=0:03:43 | eta=0:09:11
    losses | total=5.1130e+00 | fourier=5.1130e+00 | amplitude=2.1181e-02 | phase=1.0577e-02 | support=2.5975e+00
2026-08-08 08:51:17 | INFO    | TRAIN | epoch=043/100 | batch=00500/01563 ( 31.99%) | lr=1.000e-03 | elapsed=0:04:07 | eta=0:08:46
    losses | total=4.9972e+00 | fourier=4.9972e+00 | amplitude=2.0257e-02 | phase=1.0680e-02 | support=2.7612e+00
2026-08-08 08:51:42 | INFO    | TRAIN | epoch=043/100 | batch=00550/01563 ( 35.19%) | lr=1.000e-03 | elapsed=0:04:32 | eta=0:08:21
    losses | total=5.0913e+00 | fourier=5.0913e+00 | amplitude=2.3535e-02 | phase=8.3096e-03 | support=3.0231e+00
2026-08-08 08:52:07 | INFO    | TRAIN | epoch=043/100 | batch=00600/01563 ( 38.39%) | lr=1.000e-03 | elapsed=0:04:57 | eta=0:07:57
    losses | total=5.1432e+00 | fourier=5.1432e+00 | amplitude=2.0381e-02 | phase=1.0680e-02 | support=2.6190e+00
2026-08-08 08:52:31 | INFO    | TRAIN | epoch=043/100 | batch=00650/01563 ( 41.59%) | lr=1.000e-03 | elapsed=0:05:22 | eta=0:07:32
    losses | total=4.7653e+00 | fourier=4.7653e+00 | amplitude=1.8848e-02 | phase=1.1784e-02 | support=2.7841e+00
2026-08-08 08:52:56 | INFO    | TRAIN | epoch=043/100 | batch=00700/01563 ( 44.79%) | lr=1.000e-03 | elapsed=0:05:46 | eta=0:07:07
    losses | total=5.1146e+00 | fourier=5.1146e+00 | amplitude=1.9149e-02 | phase=1.1986e-02 | support=2.7863e+00
2026-08-08 08:53:21 | INFO    | TRAIN | epoch=043/100 | batch=00750/01563 ( 47.98%) | lr=1.000e-03 | elapsed=0:06:11 | eta=0:06:42
    losses | total=5.0060e+00 | fourier=5.0060e+00 | amplitude=1.9014e-02 | phase=1.1288e-02 | support=2.6924e+00
2026-08-08 08:53:46 | INFO    | TRAIN | epoch=043/100 | batch=00800/01563 ( 51.18%) | lr=1.000e-03 | elapsed=0:06:36 | eta=0:06:18
    losses | total=4.7471e+00 | fourier=4.7471e+00 | amplitude=1.8882e-02 | phase=9.8518e-03 | support=2.8350e+00
2026-08-08 08:54:11 | INFO    | TRAIN | epoch=043/100 | batch=00850/01563 ( 54.38%) | lr=1.000e-03 | elapsed=0:07:01 | eta=0:05:53
    losses | total=5.0584e+00 | fourier=5.0584e+00 | amplitude=1.9410e-02 | phase=1.2141e-02 | support=2.5481e+00
2026-08-08 08:54:35 | INFO    | TRAIN | epoch=043/100 | batch=00900/01563 ( 57.58%) | lr=1.000e-03 | elapsed=0:07:25 | eta=0:05:28
    losses | total=4.7806e+00 | fourier=4.7806e+00 | amplitude=1.6702e-02 | phase=1.1257e-02 | support=2.8760e+00
2026-08-08 08:55:00 | INFO    | TRAIN | epoch=043/100 | batch=00950/01563 ( 60.78%) | lr=1.000e-03 | elapsed=0:07:50 | eta=0:05:03
    losses | total=5.3225e+00 | fourier=5.3225e+00 | amplitude=2.2638e-02 | phase=1.1366e-02 | support=2.9945e+00
2026-08-08 08:55:25 | INFO    | TRAIN | epoch=043/100 | batch=01000/01563 ( 63.98%) | lr=1.000e-03 | elapsed=0:08:15 | eta=0:04:38
    losses | total=4.8532e+00 | fourier=4.8532e+00 | amplitude=1.7918e-02 | phase=8.9944e-03 | support=2.8216e+00
2026-08-08 08:55:50 | INFO    | TRAIN | epoch=043/100 | batch=01050/01563 ( 67.18%) | lr=1.000e-03 | elapsed=0:08:40 | eta=0:04:14
    losses | total=4.8821e+00 | fourier=4.8821e+00 | amplitude=1.8145e-02 | phase=1.1714e-02 | support=2.6012e+00
2026-08-08 08:56:14 | INFO    | TRAIN | epoch=043/100 | batch=01100/01563 ( 70.38%) | lr=1.000e-03 | elapsed=0:09:04 | eta=0:03:49
    losses | total=4.7140e+00 | fourier=4.7140e+00 | amplitude=1.7054e-02 | phase=8.1291e-03 | support=2.8507e+00
2026-08-08 08:56:39 | INFO    | TRAIN | epoch=043/100 | batch=01150/01563 ( 73.58%) | lr=1.000e-03 | elapsed=0:09:29 | eta=0:03:24
    losses | total=5.0241e+00 | fourier=5.0241e+00 | amplitude=2.0163e-02 | phase=1.0757e-02 | support=2.6521e+00
2026-08-08 08:57:04 | INFO    | TRAIN | epoch=043/100 | batch=01200/01563 ( 76.78%) | lr=1.000e-03 | elapsed=0:09:54 | eta=0:02:59
    losses | total=4.8663e+00 | fourier=4.8663e+00 | amplitude=1.8396e-02 | phase=7.4807e-03 | support=2.6927e+00
2026-08-08 08:57:29 | INFO    | TRAIN | epoch=043/100 | batch=01250/01563 ( 79.97%) | lr=1.000e-03 | elapsed=0:10:19 | eta=0:02:35
    losses | total=5.0307e+00 | fourier=5.0307e+00 | amplitude=2.0474e-02 | phase=9.2620e-03 | support=2.7799e+00
2026-08-08 08:57:53 | INFO    | TRAIN | epoch=043/100 | batch=01300/01563 ( 83.17%) | lr=1.000e-03 | elapsed=0:10:44 | eta=0:02:10
    losses | total=4.8223e+00 | fourier=4.8223e+00 | amplitude=1.7043e-02 | phase=1.0611e-02 | support=2.3935e+00
2026-08-08 08:58:18 | INFO    | TRAIN | epoch=043/100 | batch=01350/01563 ( 86.37%) | lr=1.000e-03 | elapsed=0:11:08 | eta=0:01:45
    losses | total=5.1696e+00 | fourier=5.1696e+00 | amplitude=2.1473e-02 | phase=1.3133e-02 | support=2.6089e+00
2026-08-08 08:58:43 | INFO    | TRAIN | epoch=043/100 | batch=01400/01563 ( 89.57%) | lr=1.000e-03 | elapsed=0:11:33 | eta=0:01:20
    losses | total=4.9127e+00 | fourier=4.9127e+00 | amplitude=1.8469e-02 | phase=8.8363e-03 | support=2.6579e+00
2026-08-08 08:59:08 | INFO    | TRAIN | epoch=043/100 | batch=01450/01563 ( 92.77%) | lr=1.000e-03 | elapsed=0:11:58 | eta=0:00:55
    losses | total=5.0197e+00 | fourier=5.0197e+00 | amplitude=2.1455e-02 | phase=1.0753e-02 | support=2.6442e+00
2026-08-08 08:59:32 | INFO    | TRAIN | epoch=043/100 | batch=01500/01563 ( 95.97%) | lr=1.000e-03 | elapsed=0:12:23 | eta=0:00:31
    losses | total=4.3873e+00 | fourier=4.3873e+00 | amplitude=1.7223e-02 | phase=1.0884e-02 | support=2.6775e+00
2026-08-08 08:59:57 | INFO    | TRAIN | epoch=043/100 | batch=01550/01563 ( 99.17%) | lr=1.000e-03 | elapsed=0:12:47 | eta=0:00:06
    losses | total=4.5239e+00 | fourier=4.5239e+00 | amplitude=1.6757e-02 | phase=1.0752e-02 | support=2.6830e+00
2026-08-08 09:00:03 | INFO    | TRAIN | epoch=043/100 | batch=01563/01563 (100.00%) | lr=1.000e-03 | elapsed=0:12:54 | eta=0:00:00
    losses | total=4.8039e+00 | fourier=4.8039e+00 | amplitude=1.8443e-02 | phase=8.1256e-03 | support=2.7513e+00
2026-08-08 09:00:04 | INFO    | TRAIN epoch 043 complete | batches=1563 | samples=25000 | time=0:12:54
2026-08-08 09:00:10 | INFO    | VAL | epoch=043/100 | batch=00050/00313 ( 15.97%) | elapsed=0:00:06 | eta=0:00:33
    losses | total=5.3001e+00 | fourier=5.3001e+00 | amplitude=1.9203e-02 | phase=1.1749e-02 | support=2.6213e+00
2026-08-08 09:00:16 | INFO    | VAL | epoch=043/100 | batch=00100/00313 ( 31.95%) | elapsed=0:00:12 | eta=0:00:27
    losses | total=4.9185e+00 | fourier=4.9185e+00 | amplitude=1.7489e-02 | phase=1.1029e-02 | support=2.4070e+00
2026-08-08 09:00:23 | INFO    | VAL | epoch=043/100 | batch=00150/00313 ( 47.92%) | elapsed=0:00:18 | eta=0:00:20
    losses | total=4.9475e+00 | fourier=4.9475e+00 | amplitude=1.9432e-02 | phase=9.9440e-03 | support=2.8932e+00
2026-08-08 09:00:29 | INFO    | VAL | epoch=043/100 | batch=00200/00313 ( 63.90%) | elapsed=0:00:25 | eta=0:00:14
    losses | total=4.8802e+00 | fourier=4.8802e+00 | amplitude=1.8461e-02 | phase=9.9186e-03 | support=2.5527e+00
2026-08-08 09:00:35 | INFO    | VAL | epoch=043/100 | batch=00250/00313 ( 79.87%) | elapsed=0:00:31 | eta=0:00:07
    losses | total=5.2514e+00 | fourier=5.2514e+00 | amplitude=1.9160e-02 | phase=1.1777e-02 | support=2.4489e+00
2026-08-08 09:00:42 | INFO    | VAL | epoch=043/100 | batch=00300/00313 ( 95.85%) | elapsed=0:00:37 | eta=0:00:01
    losses | total=5.0976e+00 | fourier=5.0976e+00 | amplitude=2.0789e-02 | phase=1.1364e-02 | support=2.7954e+00
2026-08-08 09:00:43 | INFO    | VAL | epoch=043/100 | batch=00313/00313 (100.00%) | elapsed=0:00:39 | eta=0:00:00
    losses | total=5.0291e+00 | fourier=5.0291e+00 | amplitude=2.0380e-02 | phase=1.2264e-02 | support=2.7794e+00
2026-08-08 09:00:43 | INFO    | VAL epoch 043 complete | batches=313 | samples=5000 | time=0:00:39
2026-08-08 09:00:44 | INFO    | 
------------------------------------------------------------------------------------------------
Epoch 043/100 summary
split             total      fourier    amplitude        phase      support        time
train        4.9189e+00   4.9189e+00   1.9191e-02   1.0778e-02   2.7171e+00     0:12:54
validation   5.0598e+00   5.0598e+00   1.8779e-02   1.0521e-02   2.6283e+00     0:00:39
lr=1.000e-03 | best_val=5.0526e+00 | best_updated=no | periodic_checkpoint=no
------------------------------------------------------------------------------------------------
2026-08-08 09:01:08 | INFO    | TRAIN | epoch=044/100 | batch=00050/01563 (  3.20%) | lr=1.000e-03 | elapsed=0:00:24 | eta=0:12:33
    losses | total=4.7834e+00 | fourier=4.7834e+00 | amplitude=1.7242e-02 | phase=1.1950e-02 | support=2.2666e+00
2026-08-08 09:01:33 | INFO    | TRAIN | epoch=044/100 | batch=00100/01563 (  6.40%) | lr=1.000e-03 | elapsed=0:00:49 | eta=0:12:06
    losses | total=4.6943e+00 | fourier=4.6943e+00 | amplitude=1.7886e-02 | phase=9.9458e-03 | support=2.3387e+00
2026-08-08 09:01:58 | INFO    | TRAIN | epoch=044/100 | batch=00150/01563 (  9.60%) | lr=1.000e-03 | elapsed=0:01:14 | eta=0:11:41
    losses | total=4.9071e+00 | fourier=4.9071e+00 | amplitude=2.0522e-02 | phase=9.8633e-03 | support=2.6673e+00
2026-08-08 09:02:23 | INFO    | TRAIN | epoch=044/100 | batch=00200/01563 ( 12.80%) | lr=1.000e-03 | elapsed=0:01:39 | eta=0:11:16
    losses | total=5.2609e+00 | fourier=5.2609e+00 | amplitude=2.1809e-02 | phase=1.3049e-02 | support=2.6840e+00
2026-08-08 09:02:47 | INFO    | TRAIN | epoch=044/100 | batch=00250/01563 ( 15.99%) | lr=1.000e-03 | elapsed=0:02:03 | eta=0:10:51
    losses | total=5.0278e+00 | fourier=5.0278e+00 | amplitude=1.9284e-02 | phase=1.2805e-02 | support=2.5170e+00
2026-08-08 09:03:12 | INFO    | TRAIN | epoch=044/100 | batch=00300/01563 ( 19.19%) | lr=1.000e-03 | elapsed=0:02:28 | eta=0:10:26
    losses | total=4.7022e+00 | fourier=4.7022e+00 | amplitude=1.6545e-02 | phase=1.0295e-02 | support=2.5039e+00
2026-08-08 09:03:37 | INFO    | TRAIN | epoch=044/100 | batch=00350/01563 ( 22.39%) | lr=1.000e-03 | elapsed=0:02:53 | eta=0:10:01
    losses | total=4.8149e+00 | fourier=4.8149e+00 | amplitude=1.9462e-02 | phase=1.1733e-02 | support=2.7415e+00
2026-08-08 09:04:02 | INFO    | TRAIN | epoch=044/100 | batch=00400/01563 ( 25.59%) | lr=1.000e-03 | elapsed=0:03:18 | eta=0:09:36
    losses | total=4.9335e+00 | fourier=4.9335e+00 | amplitude=1.9114e-02 | phase=1.0936e-02 | support=2.5135e+00
2026-08-08 09:04:27 | INFO    | TRAIN | epoch=044/100 | batch=00450/01563 ( 28.79%) | lr=1.000e-03 | elapsed=0:03:43 | eta=0:09:11
    losses | total=5.2317e+00 | fourier=5.2317e+00 | amplitude=2.4167e-02 | phase=1.1093e-02 | support=2.8710e+00
2026-08-08 09:04:51 | INFO    | TRAIN | epoch=044/100 | batch=00500/01563 ( 31.99%) | lr=1.000e-03 | elapsed=0:04:07 | eta=0:08:46
    losses | total=4.9237e+00 | fourier=4.9237e+00 | amplitude=1.9093e-02 | phase=1.2164e-02 | support=2.6805e+00
2026-08-08 09:05:16 | INFO    | TRAIN | epoch=044/100 | batch=00550/01563 ( 35.19%) | lr=1.000e-03 | elapsed=0:04:32 | eta=0:08:21
    losses | total=4.6602e+00 | fourier=4.6602e+00 | amplitude=1.8743e-02 | phase=1.1355e-02 | support=2.8234e+00
2026-08-08 09:05:41 | INFO    | TRAIN | epoch=044/100 | batch=00600/01563 ( 38.39%) | lr=1.000e-03 | elapsed=0:04:57 | eta=0:07:57
    losses | total=4.9709e+00 | fourier=4.9709e+00 | amplitude=1.8668e-02 | phase=1.0762e-02 | support=2.4944e+00
2026-08-08 09:06:06 | INFO    | TRAIN | epoch=044/100 | batch=00650/01563 ( 41.59%) | lr=1.000e-03 | elapsed=0:05:22 | eta=0:07:32
    losses | total=5.0543e+00 | fourier=5.0543e+00 | amplitude=2.0705e-02 | phase=1.1864e-02 | support=2.6324e+00
2026-08-08 09:06:30 | INFO    | TRAIN | epoch=044/100 | batch=00700/01563 ( 44.79%) | lr=1.000e-03 | elapsed=0:05:46 | eta=0:07:07
    losses | total=5.0206e+00 | fourier=5.0206e+00 | amplitude=1.8598e-02 | phase=1.0892e-02 | support=2.7126e+00
2026-08-08 09:06:55 | INFO    | TRAIN | epoch=044/100 | batch=00750/01563 ( 47.98%) | lr=1.000e-03 | elapsed=0:06:11 | eta=0:06:42
    losses | total=5.0687e+00 | fourier=5.0687e+00 | amplitude=2.0040e-02 | phase=1.0685e-02 | support=2.7021e+00
2026-08-08 09:07:20 | INFO    | TRAIN | epoch=044/100 | batch=00800/01563 ( 51.18%) | lr=1.000e-03 | elapsed=0:06:36 | eta=0:06:18
    losses | total=5.0201e+00 | fourier=5.0201e+00 | amplitude=1.9891e-02 | phase=1.0381e-02 | support=2.6268e+00
2026-08-08 09:07:45 | INFO    | TRAIN | epoch=044/100 | batch=00850/01563 ( 54.38%) | lr=1.000e-03 | elapsed=0:07:01 | eta=0:05:53
    losses | total=4.7990e+00 | fourier=4.7990e+00 | amplitude=1.7481e-02 | phase=1.1159e-02 | support=2.5029e+00
2026-08-08 09:08:09 | INFO    | TRAIN | epoch=044/100 | batch=00900/01563 ( 57.58%) | lr=1.000e-03 | elapsed=0:07:25 | eta=0:05:28
    losses | total=5.1721e+00 | fourier=5.1721e+00 | amplitude=2.1235e-02 | phase=1.2456e-02 | support=3.1527e+00
2026-08-08 09:08:34 | INFO    | TRAIN | epoch=044/100 | batch=00950/01563 ( 60.78%) | lr=1.000e-03 | elapsed=0:07:50 | eta=0:05:03
    losses | total=5.3139e+00 | fourier=5.3139e+00 | amplitude=2.1835e-02 | phase=1.3154e-02 | support=2.6650e+00
2026-08-08 09:08:59 | INFO    | TRAIN | epoch=044/100 | batch=01000/01563 ( 63.98%) | lr=1.000e-03 | elapsed=0:08:15 | eta=0:04:38
    losses | total=4.7719e+00 | fourier=4.7719e+00 | amplitude=1.8375e-02 | phase=9.0962e-03 | support=2.6742e+00
2026-08-08 09:09:24 | INFO    | TRAIN | epoch=044/100 | batch=01050/01563 ( 67.18%) | lr=1.000e-03 | elapsed=0:08:40 | eta=0:04:14
    losses | total=5.0215e+00 | fourier=5.0215e+00 | amplitude=2.1132e-02 | phase=8.7190e-03 | support=2.9843e+00
2026-08-08 09:09:48 | INFO    | TRAIN | epoch=044/100 | batch=01100/01563 ( 70.38%) | lr=1.000e-03 | elapsed=0:09:04 | eta=0:03:49
    losses | total=4.7819e+00 | fourier=4.7819e+00 | amplitude=1.8253e-02 | phase=1.1092e-02 | support=2.6234e+00
2026-08-08 09:10:13 | INFO    | TRAIN | epoch=044/100 | batch=01150/01563 ( 73.58%) | lr=1.000e-03 | elapsed=0:09:29 | eta=0:03:24
    losses | total=4.8362e+00 | fourier=4.8362e+00 | amplitude=2.0963e-02 | phase=1.1667e-02 | support=2.8245e+00
2026-08-08 09:10:38 | INFO    | TRAIN | epoch=044/100 | batch=01200/01563 ( 76.78%) | lr=1.000e-03 | elapsed=0:09:54 | eta=0:02:59
    losses | total=4.4014e+00 | fourier=4.4014e+00 | amplitude=1.6236e-02 | phase=1.0603e-02 | support=2.4336e+00
2026-08-08 09:11:03 | INFO    | TRAIN | epoch=044/100 | batch=01250/01563 ( 79.97%) | lr=1.000e-03 | elapsed=0:10:19 | eta=0:02:35
    losses | total=5.0081e+00 | fourier=5.0081e+00 | amplitude=2.0520e-02 | phase=9.6908e-03 | support=2.7895e+00
2026-08-08 09:11:28 | INFO    | TRAIN | epoch=044/100 | batch=01300/01563 ( 83.17%) | lr=1.000e-03 | elapsed=0:10:44 | eta=0:02:10
    losses | total=5.1892e+00 | fourier=5.1892e+00 | amplitude=2.1222e-02 | phase=9.7821e-03 | support=2.4869e+00
2026-08-08 09:11:52 | INFO    | TRAIN | epoch=044/100 | batch=01350/01563 ( 86.37%) | lr=1.000e-03 | elapsed=0:11:08 | eta=0:01:45
    losses | total=4.6629e+00 | fourier=4.6629e+00 | amplitude=1.7705e-02 | phase=1.0991e-02 | support=3.0061e+00
2026-08-08 09:12:17 | INFO    | TRAIN | epoch=044/100 | batch=01400/01563 ( 89.57%) | lr=1.000e-03 | elapsed=0:11:33 | eta=0:01:20
    losses | total=4.1395e+00 | fourier=4.1395e+00 | amplitude=1.5693e-02 | phase=9.1641e-03 | support=3.1190e+00
2026-08-08 09:12:42 | INFO    | TRAIN | epoch=044/100 | batch=01450/01563 ( 92.77%) | lr=1.000e-03 | elapsed=0:11:58 | eta=0:00:55
    losses | total=4.7833e+00 | fourier=4.7833e+00 | amplitude=1.6975e-02 | phase=1.1134e-02 | support=2.9065e+00
2026-08-08 09:13:07 | INFO    | TRAIN | epoch=044/100 | batch=01500/01563 ( 95.97%) | lr=1.000e-03 | elapsed=0:12:23 | eta=0:00:31
    losses | total=5.1870e+00 | fourier=5.1870e+00 | amplitude=2.1323e-02 | phase=9.5485e-03 | support=2.8457e+00
2026-08-08 09:13:31 | INFO    | TRAIN | epoch=044/100 | batch=01550/01563 ( 99.17%) | lr=1.000e-03 | elapsed=0:12:47 | eta=0:00:06
    losses | total=4.8585e+00 | fourier=4.8585e+00 | amplitude=1.8124e-02 | phase=1.3003e-02 | support=2.5105e+00
2026-08-08 09:13:38 | INFO    | TRAIN | epoch=044/100 | batch=01563/01563 (100.00%) | lr=1.000e-03 | elapsed=0:12:54 | eta=0:00:00
    losses | total=4.6602e+00 | fourier=4.6602e+00 | amplitude=1.5999e-02 | phase=7.8969e-03 | support=2.5997e+00
2026-08-08 09:13:38 | INFO    | TRAIN epoch 044 complete | batches=1563 | samples=25000 | time=0:12:54
2026-08-08 09:13:44 | INFO    | VAL | epoch=044/100 | batch=00050/00313 ( 15.97%) | elapsed=0:00:06 | eta=0:00:33
    losses | total=5.3057e+00 | fourier=5.3057e+00 | amplitude=1.9740e-02 | phase=1.2686e-02 | support=2.4756e+00
2026-08-08 09:13:51 | INFO    | VAL | epoch=044/100 | batch=00100/00313 ( 31.95%) | elapsed=0:00:12 | eta=0:00:27
    losses | total=4.9019e+00 | fourier=4.9019e+00 | amplitude=1.8023e-02 | phase=1.1968e-02 | support=2.2793e+00
2026-08-08 09:13:57 | INFO    | VAL | epoch=044/100 | batch=00150/00313 ( 47.92%) | elapsed=0:00:18 | eta=0:00:20
    losses | total=4.9480e+00 | fourier=4.9480e+00 | amplitude=1.9717e-02 | phase=1.0419e-02 | support=2.7500e+00
2026-08-08 09:14:03 | INFO    | VAL | epoch=044/100 | batch=00200/00313 ( 63.90%) | elapsed=0:00:25 | eta=0:00:14
    losses | total=4.9191e+00 | fourier=4.9191e+00 | amplitude=1.8855e-02 | phase=1.0506e-02 | support=2.3923e+00
2026-08-08 09:14:09 | INFO    | VAL | epoch=044/100 | batch=00250/00313 ( 79.87%) | elapsed=0:00:31 | eta=0:00:07
    losses | total=5.2599e+00 | fourier=5.2599e+00 | amplitude=1.9659e-02 | phase=1.2550e-02 | support=2.3696e+00
2026-08-08 09:14:16 | INFO    | VAL | epoch=044/100 | batch=00300/00313 ( 95.85%) | elapsed=0:00:37 | eta=0:00:01
    losses | total=5.0899e+00 | fourier=5.0899e+00 | amplitude=2.1093e-02 | phase=1.2405e-02 | support=2.6835e+00
2026-08-08 09:14:17 | INFO    | VAL | epoch=044/100 | batch=00313/00313 (100.00%) | elapsed=0:00:39 | eta=0:00:00
    losses | total=5.0592e+00 | fourier=5.0592e+00 | amplitude=2.0993e-02 | phase=1.3077e-02 | support=2.7201e+00
2026-08-08 09:14:17 | INFO    | VAL epoch 044 complete | batches=313 | samples=5000 | time=0:00:39
2026-08-08 09:14:18 | INFO    | 
------------------------------------------------------------------------------------------------
Epoch 044/100 summary
split             total      fourier    amplitude        phase      support        time
train        4.9120e+00   4.9120e+00   1.9224e-02   1.0813e-02   2.6815e+00     0:12:54
validation   5.0529e+00   5.0529e+00   1.9174e-02   1.1349e-02   2.4795e+00     0:00:39
lr=1.000e-03 | best_val=5.0526e+00 | best_updated=no | periodic_checkpoint=no
------------------------------------------------------------------------------------------------
2026-08-08 09:14:43 | INFO    | TRAIN | epoch=045/100 | batch=00050/01563 (  3.20%) | lr=1.000e-03 | elapsed=0:00:24 | eta=0:12:33
    losses | total=4.7607e+00 | fourier=4.7607e+00 | amplitude=1.8967e-02 | phase=1.1840e-02 | support=2.7654e+00
2026-08-08 09:15:07 | INFO    | TRAIN | epoch=045/100 | batch=00100/01563 (  6.40%) | lr=1.000e-03 | elapsed=0:00:49 | eta=0:12:06
    losses | total=4.7784e+00 | fourier=4.7784e+00 | amplitude=2.0468e-02 | phase=1.1980e-02 | support=2.6217e+00
2026-08-08 09:15:32 | INFO    | TRAIN | epoch=045/100 | batch=00150/01563 (  9.60%) | lr=1.000e-03 | elapsed=0:01:14 | eta=0:11:41
    losses | total=4.3965e+00 | fourier=4.3965e+00 | amplitude=1.6460e-02 | phase=9.9842e-03 | support=2.7911e+00
2026-08-08 09:15:57 | INFO    | TRAIN | epoch=045/100 | batch=00200/01563 ( 12.80%) | lr=1.000e-03 | elapsed=0:01:39 | eta=0:11:15
    losses | total=4.8204e+00 | fourier=4.8204e+00 | amplitude=2.0884e-02 | phase=1.2321e-02 | support=2.7363e+00
2026-08-08 09:16:22 | INFO    | TRAIN | epoch=045/100 | batch=00250/01563 ( 15.99%) | lr=1.000e-03 | elapsed=0:02:03 | eta=0:10:51
    losses | total=4.8414e+00 | fourier=4.8414e+00 | amplitude=2.1078e-02 | phase=1.1801e-02 | support=2.8592e+00
2026-08-08 09:16:46 | INFO    | TRAIN | epoch=045/100 | batch=00300/01563 ( 19.19%) | lr=1.000e-03 | elapsed=0:02:28 | eta=0:10:26
    losses | total=5.0918e+00 | fourier=5.0918e+00 | amplitude=2.0287e-02 | phase=1.0724e-02 | support=2.8989e+00
2026-08-08 09:17:11 | INFO    | TRAIN | epoch=045/100 | batch=00350/01563 ( 22.39%) | lr=1.000e-03 | elapsed=0:02:53 | eta=0:10:01
    losses | total=4.5899e+00 | fourier=4.5899e+00 | amplitude=1.6997e-02 | phase=1.1767e-02 | support=2.6165e+00
2026-08-08 09:17:36 | INFO    | TRAIN | epoch=045/100 | batch=00400/01563 ( 25.59%) | lr=1.000e-03 | elapsed=0:03:18 | eta=0:09:36
    losses | total=4.5888e+00 | fourier=4.5888e+00 | amplitude=1.6876e-02 | phase=9.9407e-03 | support=2.5653e+00
2026-08-08 09:18:01 | INFO    | TRAIN | epoch=045/100 | batch=00450/01563 ( 28.79%) | lr=1.000e-03 | elapsed=0:03:43 | eta=0:09:11
    losses | total=5.0104e+00 | fourier=5.0104e+00 | amplitude=2.0631e-02 | phase=1.0928e-02 | support=2.8691e+00
2026-08-08 09:18:25 | INFO    | TRAIN | epoch=045/100 | batch=00500/01563 ( 31.99%) | lr=1.000e-03 | elapsed=0:04:07 | eta=0:08:46
    losses | total=5.1169e+00 | fourier=5.1169e+00 | amplitude=2.2404e-02 | phase=9.3694e-03 | support=2.8621e+00
2026-08-08 09:18:50 | INFO    | TRAIN | epoch=045/100 | batch=00550/01563 ( 35.19%) | lr=1.000e-03 | elapsed=0:04:32 | eta=0:08:21
    losses | total=4.9999e+00 | fourier=4.9999e+00 | amplitude=1.8582e-02 | phase=1.0502e-02 | support=2.7637e+00
2026-08-08 09:19:15 | INFO    | TRAIN | epoch=045/100 | batch=00600/01563 ( 38.39%) | lr=1.000e-03 | elapsed=0:04:57 | eta=0:07:57
    losses | total=4.9989e+00 | fourier=4.9989e+00 | amplitude=2.0664e-02 | phase=1.1611e-02 | support=2.9141e+00
2026-08-08 09:19:40 | INFO    | TRAIN | epoch=045/100 | batch=00650/01563 ( 41.59%) | lr=1.000e-03 | elapsed=0:05:22 | eta=0:07:32
    losses | total=4.9681e+00 | fourier=4.9681e+00 | amplitude=2.1169e-02 | phase=1.0390e-02 | support=2.7077e+00
2026-08-08 09:20:05 | INFO    | TRAIN | epoch=045/100 | batch=00700/01563 ( 44.79%) | lr=1.000e-03 | elapsed=0:05:46 | eta=0:07:07
    losses | total=4.7418e+00 | fourier=4.7418e+00 | amplitude=1.6695e-02 | phase=1.0276e-02 | support=2.6103e+00
2026-08-08 09:20:29 | INFO    | TRAIN | epoch=045/100 | batch=00750/01563 ( 47.98%) | lr=1.000e-03 | elapsed=0:06:11 | eta=0:06:42
    losses | total=4.8797e+00 | fourier=4.8797e+00 | amplitude=1.9002e-02 | phase=1.1488e-02 | support=2.6021e+00
2026-08-08 09:20:54 | INFO    | TRAIN | epoch=045/100 | batch=00800/01563 ( 51.18%) | lr=1.000e-03 | elapsed=0:06:36 | eta=0:06:18
    losses | total=4.7505e+00 | fourier=4.7505e+00 | amplitude=1.8128e-02 | phase=1.1602e-02 | support=2.4051e+00
2026-08-08 09:21:19 | INFO    | TRAIN | epoch=045/100 | batch=00850/01563 ( 54.38%) | lr=1.000e-03 | elapsed=0:07:01 | eta=0:05:53
    losses | total=4.5132e+00 | fourier=4.5132e+00 | amplitude=1.8198e-02 | phase=8.9171e-03 | support=2.8376e+00
2026-08-08 09:21:44 | INFO    | TRAIN | epoch=045/100 | batch=00900/01563 ( 57.58%) | lr=1.000e-03 | elapsed=0:07:25 | eta=0:05:28
    losses | total=4.7432e+00 | fourier=4.7432e+00 | amplitude=1.8544e-02 | phase=9.8020e-03 | support=2.8334e+00
2026-08-08 09:22:08 | INFO    | TRAIN | epoch=045/100 | batch=00950/01563 ( 60.78%) | lr=1.000e-03 | elapsed=0:07:50 | eta=0:05:03
    losses | total=5.1395e+00 | fourier=5.1395e+00 | amplitude=2.1111e-02 | phase=9.0392e-03 | support=2.7757e+00
2026-08-08 09:22:33 | INFO    | TRAIN | epoch=045/100 | batch=01000/01563 ( 63.98%) | lr=1.000e-03 | elapsed=0:08:15 | eta=0:04:38
    losses | total=5.0223e+00 | fourier=5.0223e+00 | amplitude=1.8520e-02 | phase=1.0302e-02 | support=2.5050e+00
2026-08-08 09:22:58 | INFO    | TRAIN | epoch=045/100 | batch=01050/01563 ( 67.18%) | lr=1.000e-03 | elapsed=0:08:40 | eta=0:04:14
    losses | total=4.9471e+00 | fourier=4.9471e+00 | amplitude=1.7836e-02 | phase=1.0447e-02 | support=2.4411e+00
2026-08-08 09:23:23 | INFO    | TRAIN | epoch=045/100 | batch=01100/01563 ( 70.38%) | lr=1.000e-03 | elapsed=0:09:04 | eta=0:03:49
    losses | total=4.9830e+00 | fourier=4.9830e+00 | amplitude=1.8888e-02 | phase=1.2211e-02 | support=2.3724e+00
2026-08-08 09:23:47 | INFO    | TRAIN | epoch=045/100 | batch=01150/01563 ( 73.58%) | lr=1.000e-03 | elapsed=0:09:29 | eta=0:03:24
    losses | total=5.2200e+00 | fourier=5.2200e+00 | amplitude=1.9731e-02 | phase=1.0973e-02 | support=2.6640e+00
2026-08-08 09:24:12 | INFO    | TRAIN | epoch=045/100 | batch=01200/01563 ( 76.78%) | lr=1.000e-03 | elapsed=0:09:54 | eta=0:02:59
    losses | total=5.0975e+00 | fourier=5.0975e+00 | amplitude=2.0421e-02 | phase=1.4150e-02 | support=2.8843e+00
2026-08-08 09:24:37 | INFO    | TRAIN | epoch=045/100 | batch=01250/01563 ( 79.97%) | lr=1.000e-03 | elapsed=0:10:19 | eta=0:02:35
    losses | total=4.7950e+00 | fourier=4.7950e+00 | amplitude=1.9588e-02 | phase=1.0843e-02 | support=2.7882e+00
2026-08-08 09:25:02 | INFO    | TRAIN | epoch=045/100 | batch=01300/01563 ( 83.17%) | lr=1.000e-03 | elapsed=0:10:44 | eta=0:02:10
    losses | total=4.9623e+00 | fourier=4.9623e+00 | amplitude=1.9545e-02 | phase=9.6230e-03 | support=2.5682e+00
2026-08-08 09:25:26 | INFO    | TRAIN | epoch=045/100 | batch=01350/01563 ( 86.37%) | lr=1.000e-03 | elapsed=0:11:08 | eta=0:01:45
    losses | total=4.7163e+00 | fourier=4.7163e+00 | amplitude=1.6574e-02 | phase=9.9817e-03 | support=2.3731e+00
2026-08-08 09:25:51 | INFO    | TRAIN | epoch=045/100 | batch=01400/01563 ( 89.57%) | lr=1.000e-03 | elapsed=0:11:33 | eta=0:01:20
    losses | total=5.0916e+00 | fourier=5.0916e+00 | amplitude=2.0454e-02 | phase=1.0824e-02 | support=2.5839e+00
2026-08-08 09:26:16 | INFO    | TRAIN | epoch=045/100 | batch=01450/01563 ( 92.77%) | lr=1.000e-03 | elapsed=0:11:58 | eta=0:00:55
    losses | total=4.9206e+00 | fourier=4.9206e+00 | amplitude=2.1533e-02 | phase=1.0690e-02 | support=2.9013e+00
2026-08-08 09:26:41 | INFO    | TRAIN | epoch=045/100 | batch=01500/01563 ( 95.97%) | lr=1.000e-03 | elapsed=0:12:23 | eta=0:00:31
    losses | total=4.6147e+00 | fourier=4.6147e+00 | amplitude=1.6580e-02 | phase=1.0764e-02 | support=2.5270e+00
2026-08-08 09:27:06 | INFO    | TRAIN | epoch=045/100 | batch=01550/01563 ( 99.17%) | lr=1.000e-03 | elapsed=0:12:47 | eta=0:00:06
    losses | total=5.0364e+00 | fourier=5.0364e+00 | amplitude=2.1820e-02 | phase=1.2084e-02 | support=2.7735e+00
2026-08-08 09:27:12 | INFO    | TRAIN | epoch=045/100 | batch=01563/01563 (100.00%) | lr=1.000e-03 | elapsed=0:12:54 | eta=0:00:00
    losses | total=4.4935e+00 | fourier=4.4935e+00 | amplitude=1.2443e-02 | phase=9.1697e-03 | support=1.9617e+00
2026-08-08 09:27:12 | INFO    | TRAIN epoch 045 complete | batches=1563 | samples=25000 | time=0:12:54
2026-08-08 09:27:18 | INFO    | VAL | epoch=045/100 | batch=00050/00313 ( 15.97%) | elapsed=0:00:06 | eta=0:00:33
    losses | total=5.2911e+00 | fourier=5.2911e+00 | amplitude=1.9532e-02 | phase=1.3041e-02 | support=2.4597e+00
2026-08-08 09:27:25 | INFO    | VAL | epoch=045/100 | batch=00100/00313 ( 31.95%) | elapsed=0:00:12 | eta=0:00:27
    losses | total=4.9215e+00 | fourier=4.9215e+00 | amplitude=1.7629e-02 | phase=1.1807e-02 | support=2.2503e+00
2026-08-08 09:27:31 | INFO    | VAL | epoch=045/100 | batch=00150/00313 ( 47.92%) | elapsed=0:00:18 | eta=0:00:20
    losses | total=4.9440e+00 | fourier=4.9440e+00 | amplitude=1.9418e-02 | phase=1.0334e-02 | support=2.7300e+00
2026-08-08 09:27:37 | INFO    | VAL | epoch=045/100 | batch=00200/00313 ( 63.90%) | elapsed=0:00:25 | eta=0:00:14
    losses | total=4.8792e+00 | fourier=4.8792e+00 | amplitude=1.8491e-02 | phase=1.0427e-02 | support=2.3169e+00
2026-08-08 09:27:44 | INFO    | VAL | epoch=045/100 | batch=00250/00313 ( 79.87%) | elapsed=0:00:31 | eta=0:00:07
    losses | total=5.2498e+00 | fourier=5.2498e+00 | amplitude=1.9275e-02 | phase=1.2540e-02 | support=2.3819e+00
2026-08-08 09:27:50 | INFO    | VAL | epoch=045/100 | batch=00300/00313 ( 95.85%) | elapsed=0:00:37 | eta=0:00:01
    losses | total=5.0710e+00 | fourier=5.0710e+00 | amplitude=2.0888e-02 | phase=1.1921e-02 | support=2.6437e+00
2026-08-08 09:27:51 | INFO    | VAL | epoch=045/100 | batch=00313/00313 (100.00%) | elapsed=0:00:39 | eta=0:00:00
    losses | total=5.0086e+00 | fourier=5.0086e+00 | amplitude=2.0546e-02 | phase=1.2515e-02 | support=2.5988e+00
2026-08-08 09:27:51 | INFO    | VAL epoch 045 complete | batches=313 | samples=5000 | time=0:00:39
2026-08-08 09:27:52 | INFO    | 
------------------------------------------------------------------------------------------------
Epoch 045/100 summary
split             total      fourier    amplitude        phase      support        time
train        4.9004e+00   4.9004e+00   1.9264e-02   1.0882e-02   2.6995e+00     0:12:54
validation   5.0406e+00   5.0406e+00   1.8953e-02   1.1240e-02   2.4747e+00     0:00:39
lr=1.000e-03 | best_val=5.0406e+00 | best_updated=yes | periodic_checkpoint=no
------------------------------------------------------------------------------------------------
2026-08-08 09:28:17 | INFO    | TRAIN | epoch=046/100 | batch=00050/01563 (  3.20%) | lr=1.000e-03 | elapsed=0:00:24 | eta=0:12:33
    losses | total=4.8624e+00 | fourier=4.8624e+00 | amplitude=1.8406e-02 | phase=1.2636e-02 | support=2.4124e+00
2026-08-08 09:28:42 | INFO    | TRAIN | epoch=046/100 | batch=00100/01563 (  6.40%) | lr=1.000e-03 | elapsed=0:00:49 | eta=0:12:06
    losses | total=4.7033e+00 | fourier=4.7033e+00 | amplitude=1.7641e-02 | phase=9.9747e-03 | support=2.3833e+00
2026-08-08 09:29:06 | INFO    | TRAIN | epoch=046/100 | batch=00150/01563 (  9.60%) | lr=1.000e-03 | elapsed=0:01:14 | eta=0:11:41
    losses | total=4.7154e+00 | fourier=4.7154e+00 | amplitude=1.9343e-02 | phase=1.0353e-02 | support=2.8473e+00
2026-08-08 09:29:31 | INFO    | TRAIN | epoch=046/100 | batch=00200/01563 ( 12.80%) | lr=1.000e-03 | elapsed=0:01:39 | eta=0:11:15
    losses | total=5.1167e+00 | fourier=5.1167e+00 | amplitude=2.0212e-02 | phase=1.2608e-02 | support=2.5693e+00
2026-08-08 09:29:56 | INFO    | TRAIN | epoch=046/100 | batch=00250/01563 ( 15.99%) | lr=1.000e-03 | elapsed=0:02:03 | eta=0:10:50
    losses | total=4.7761e+00 | fourier=4.7761e+00 | amplitude=2.0581e-02 | phase=1.0428e-02 | support=3.2093e+00
2026-08-08 09:30:21 | INFO    | TRAIN | epoch=046/100 | batch=00300/01563 ( 19.19%) | lr=1.000e-03 | elapsed=0:02:28 | eta=0:10:26
    losses | total=4.9160e+00 | fourier=4.9160e+00 | amplitude=1.9365e-02 | phase=1.0119e-02 | support=2.6853e+00
2026-08-08 09:30:46 | INFO    | TRAIN | epoch=046/100 | batch=00350/01563 ( 22.39%) | lr=1.000e-03 | elapsed=0:02:53 | eta=0:10:01
    losses | total=5.1156e+00 | fourier=5.1156e+00 | amplitude=2.1856e-02 | phase=1.0811e-02 | support=2.9593e+00
2026-08-08 09:31:10 | INFO    | TRAIN | epoch=046/100 | batch=00400/01563 ( 25.59%) | lr=1.000e-03 | elapsed=0:03:18 | eta=0:09:36
    losses | total=5.2023e+00 | fourier=5.2023e+00 | amplitude=1.9309e-02 | phase=9.9099e-03 | support=2.5141e+00
2026-08-08 09:31:35 | INFO    | TRAIN | epoch=046/100 | batch=00450/01563 ( 28.79%) | lr=1.000e-03 | elapsed=0:03:42 | eta=0:09:11
    losses | total=4.9640e+00 | fourier=4.9640e+00 | amplitude=1.8510e-02 | phase=1.0900e-02 | support=2.4846e+00
2026-08-08 09:32:00 | INFO    | TRAIN | epoch=046/100 | batch=00500/01563 ( 31.99%) | lr=1.000e-03 | elapsed=0:04:07 | eta=0:08:46
    losses | total=4.8182e+00 | fourier=4.8182e+00 | amplitude=1.9123e-02 | phase=9.6977e-03 | support=2.7520e+00
2026-08-08 09:32:25 | INFO    | TRAIN | epoch=046/100 | batch=00550/01563 ( 35.19%) | lr=1.000e-03 | elapsed=0:04:32 | eta=0:08:21
    losses | total=4.8614e+00 | fourier=4.8614e+00 | amplitude=1.8187e-02 | phase=1.0667e-02 | support=2.6764e+00
2026-08-08 09:32:49 | INFO    | TRAIN | epoch=046/100 | batch=00600/01563 ( 38.39%) | lr=1.000e-03 | elapsed=0:04:57 | eta=0:07:57
    losses | total=4.8749e+00 | fourier=4.8749e+00 | amplitude=1.9896e-02 | phase=1.0357e-02 | support=2.9936e+00
2026-08-08 09:33:14 | INFO    | TRAIN | epoch=046/100 | batch=00650/01563 ( 41.59%) | lr=1.000e-03 | elapsed=0:05:22 | eta=0:07:32
    losses | total=4.8826e+00 | fourier=4.8826e+00 | amplitude=1.8890e-02 | phase=9.9497e-03 | support=2.6709e+00
2026-08-08 09:33:39 | INFO    | TRAIN | epoch=046/100 | batch=00700/01563 ( 44.79%) | lr=1.000e-03 | elapsed=0:05:46 | eta=0:07:07
    losses | total=4.7255e+00 | fourier=4.7255e+00 | amplitude=1.9179e-02 | phase=1.1364e-02 | support=2.4621e+00
2026-08-08 09:34:04 | INFO    | TRAIN | epoch=046/100 | batch=00750/01563 ( 47.98%) | lr=1.000e-03 | elapsed=0:06:11 | eta=0:06:42
    losses | total=4.8829e+00 | fourier=4.8829e+00 | amplitude=1.9326e-02 | phase=1.0497e-02 | support=2.8017e+00
2026-08-08 09:34:28 | INFO    | TRAIN | epoch=046/100 | batch=00800/01563 ( 51.18%) | lr=1.000e-03 | elapsed=0:06:36 | eta=0:06:18
    losses | total=4.7626e+00 | fourier=4.7626e+00 | amplitude=1.8291e-02 | phase=1.0943e-02 | support=2.6775e+00
2026-08-08 09:34:53 | INFO    | TRAIN | epoch=046/100 | batch=00850/01563 ( 54.38%) | lr=1.000e-03 | elapsed=0:07:01 | eta=0:05:53
    losses | total=4.9802e+00 | fourier=4.9802e+00 | amplitude=1.6317e-02 | phase=1.3119e-02 | support=2.3469e+00
2026-08-08 09:35:18 | INFO    | TRAIN | epoch=046/100 | batch=00900/01563 ( 57.58%) | lr=1.000e-03 | elapsed=0:07:25 | eta=0:05:28
    losses | total=4.7158e+00 | fourier=4.7158e+00 | amplitude=1.8196e-02 | phase=1.2620e-02 | support=2.5881e+00
2026-08-08 09:35:43 | INFO    | TRAIN | epoch=046/100 | batch=00950/01563 ( 60.78%) | lr=1.000e-03 | elapsed=0:07:50 | eta=0:05:03
    losses | total=4.6114e+00 | fourier=4.6114e+00 | amplitude=1.8868e-02 | phase=9.9875e-03 | support=2.8827e+00
2026-08-08 09:36:07 | INFO    | TRAIN | epoch=046/100 | batch=01000/01563 ( 63.98%) | lr=1.000e-03 | elapsed=0:08:15 | eta=0:04:38
    losses | total=4.7388e+00 | fourier=4.7388e+00 | amplitude=1.7498e-02 | phase=1.2572e-02 | support=2.7286e+00
2026-08-08 09:36:32 | INFO    | TRAIN | epoch=046/100 | batch=01050/01563 ( 67.18%) | lr=1.000e-03 | elapsed=0:08:40 | eta=0:04:14
    losses | total=4.8649e+00 | fourier=4.8649e+00 | amplitude=1.8227e-02 | phase=1.0872e-02 | support=2.7182e+00
2026-08-08 09:36:57 | INFO    | TRAIN | epoch=046/100 | batch=01100/01563 ( 70.38%) | lr=1.000e-03 | elapsed=0:09:04 | eta=0:03:49
    losses | total=4.8563e+00 | fourier=4.8563e+00 | amplitude=1.9110e-02 | phase=1.1748e-02 | support=3.0096e+00
2026-08-08 09:37:22 | INFO    | TRAIN | epoch=046/100 | batch=01150/01563 ( 73.58%) | lr=1.000e-03 | elapsed=0:09:29 | eta=0:03:24
    losses | total=4.8039e+00 | fourier=4.8039e+00 | amplitude=1.6684e-02 | phase=9.7442e-03 | support=2.6414e+00
2026-08-08 09:37:47 | INFO    | TRAIN | epoch=046/100 | batch=01200/01563 ( 76.78%) | lr=1.000e-03 | elapsed=0:09:54 | eta=0:02:59
    losses | total=4.8773e+00 | fourier=4.8773e+00 | amplitude=1.7034e-02 | phase=1.0124e-02 | support=2.8279e+00
2026-08-08 09:38:11 | INFO    | TRAIN | epoch=046/100 | batch=01250/01563 ( 79.97%) | lr=1.000e-03 | elapsed=0:10:19 | eta=0:02:35
    losses | total=4.8329e+00 | fourier=4.8329e+00 | amplitude=2.0263e-02 | phase=1.2053e-02 | support=3.0764e+00
2026-08-08 09:38:36 | INFO    | TRAIN | epoch=046/100 | batch=01300/01563 ( 83.17%) | lr=1.000e-03 | elapsed=0:10:43 | eta=0:02:10
    losses | total=4.4533e+00 | fourier=4.4533e+00 | amplitude=1.6060e-02 | phase=8.2381e-03 | support=2.6834e+00
2026-08-08 09:39:01 | INFO    | TRAIN | epoch=046/100 | batch=01350/01563 ( 86.37%) | lr=1.000e-03 | elapsed=0:11:08 | eta=0:01:45
    losses | total=4.8369e+00 | fourier=4.8369e+00 | amplitude=1.8397e-02 | phase=9.5940e-03 | support=2.7050e+00
2026-08-08 09:39:26 | INFO    | TRAIN | epoch=046/100 | batch=01400/01563 ( 89.57%) | lr=1.000e-03 | elapsed=0:11:33 | eta=0:01:20
    losses | total=5.4109e+00 | fourier=5.4109e+00 | amplitude=2.3977e-02 | phase=1.2768e-02 | support=2.8123e+00
2026-08-08 09:39:50 | INFO    | TRAIN | epoch=046/100 | batch=01450/01563 ( 92.77%) | lr=1.000e-03 | elapsed=0:11:58 | eta=0:00:55
    losses | total=5.0210e+00 | fourier=5.0210e+00 | amplitude=2.0579e-02 | phase=1.0515e-02 | support=2.6096e+00
2026-08-08 09:40:15 | INFO    | TRAIN | epoch=046/100 | batch=01500/01563 ( 95.97%) | lr=1.000e-03 | elapsed=0:12:23 | eta=0:00:31
    losses | total=4.6714e+00 | fourier=4.6714e+00 | amplitude=1.8508e-02 | phase=9.6163e-03 | support=2.7865e+00
2026-08-08 09:40:40 | INFO    | TRAIN | epoch=046/100 | batch=01550/01563 ( 99.17%) | lr=1.000e-03 | elapsed=0:12:47 | eta=0:00:06
    losses | total=4.8797e+00 | fourier=4.8797e+00 | amplitude=2.1442e-02 | phase=1.1634e-02 | support=2.8255e+00
2026-08-08 09:40:46 | INFO    | TRAIN | epoch=046/100 | batch=01563/01563 (100.00%) | lr=1.000e-03 | elapsed=0:12:54 | eta=0:00:00
    losses | total=4.9880e+00 | fourier=4.9880e+00 | amplitude=1.9773e-02 | phase=8.2456e-03 | support=2.8852e+00
2026-08-08 09:40:46 | INFO    | TRAIN epoch 046 complete | batches=1563 | samples=25000 | time=0:12:54
2026-08-08 09:40:53 | INFO    | VAL | epoch=046/100 | batch=00050/00313 ( 15.97%) | elapsed=0:00:06 | eta=0:00:33
    losses | total=5.3230e+00 | fourier=5.3230e+00 | amplitude=1.9845e-02 | phase=1.2336e-02 | support=2.7798e+00
2026-08-08 09:40:59 | INFO    | VAL | epoch=046/100 | batch=00100/00313 ( 31.95%) | elapsed=0:00:12 | eta=0:00:27
    losses | total=4.9453e+00 | fourier=4.9453e+00 | amplitude=1.8296e-02 | phase=1.1443e-02 | support=2.4885e+00
2026-08-08 09:41:05 | INFO    | VAL | epoch=046/100 | batch=00150/00313 ( 47.92%) | elapsed=0:00:18 | eta=0:00:20
    losses | total=4.9654e+00 | fourier=4.9654e+00 | amplitude=1.9833e-02 | phase=9.4766e-03 | support=2.9752e+00
2026-08-08 09:41:12 | INFO    | VAL | epoch=046/100 | batch=00200/00313 ( 63.90%) | elapsed=0:00:25 | eta=0:00:14
    losses | total=4.9067e+00 | fourier=4.9067e+00 | amplitude=1.9043e-02 | phase=1.0096e-02 | support=2.7306e+00
2026-08-08 09:41:18 | INFO    | VAL | epoch=046/100 | batch=00250/00313 ( 79.87%) | elapsed=0:00:31 | eta=0:00:07
    losses | total=5.2569e+00 | fourier=5.2569e+00 | amplitude=1.9858e-02 | phase=1.2306e-02 | support=2.5639e+00
2026-08-08 09:41:24 | INFO    | VAL | epoch=046/100 | batch=00300/00313 ( 95.85%) | elapsed=0:00:37 | eta=0:00:01
    losses | total=5.1214e+00 | fourier=5.1214e+00 | amplitude=2.1265e-02 | phase=1.1284e-02 | support=2.8836e+00
2026-08-08 09:41:26 | INFO    | VAL | epoch=046/100 | batch=00313/00313 (100.00%) | elapsed=0:00:39 | eta=0:00:00
    losses | total=5.0503e+00 | fourier=5.0503e+00 | amplitude=2.1081e-02 | phase=1.1673e-02 | support=2.9000e+00
2026-08-08 09:41:26 | INFO    | VAL epoch 046 complete | batches=313 | samples=5000 | time=0:00:39
2026-08-08 09:41:26 | INFO    | 
------------------------------------------------------------------------------------------------
Epoch 046/100 summary
split             total      fourier    amplitude        phase      support        time
train        4.8924e+00   4.8924e+00   1.9283e-02   1.0905e-02   2.7098e+00     0:12:54
validation   5.0672e+00   5.0672e+00   1.9282e-02   1.0688e-02   2.7171e+00     0:00:39
lr=1.000e-03 | best_val=5.0406e+00 | best_updated=no | periodic_checkpoint=no
------------------------------------------------------------------------------------------------
2026-08-08 09:41:51 | INFO    | TRAIN | epoch=047/100 | batch=00050/01563 (  3.20%) | lr=1.000e-03 | elapsed=0:00:24 | eta=0:12:33
    losses | total=4.6946e+00 | fourier=4.6946e+00 | amplitude=1.9099e-02 | phase=9.4076e-03 | support=2.9137e+00
2026-08-08 09:42:16 | INFO    | TRAIN | epoch=047/100 | batch=00100/01563 (  6.40%) | lr=1.000e-03 | elapsed=0:00:49 | eta=0:12:06
    losses | total=4.8523e+00 | fourier=4.8523e+00 | amplitude=1.9967e-02 | phase=1.0216e-02 | support=2.7672e+00
2026-08-08 09:42:41 | INFO    | TRAIN | epoch=047/100 | batch=00150/01563 (  9.60%) | lr=1.000e-03 | elapsed=0:01:14 | eta=0:11:41
    losses | total=4.8396e+00 | fourier=4.8396e+00 | amplitude=1.7377e-02 | phase=9.3707e-03 | support=2.4743e+00
2026-08-08 09:43:05 | INFO    | TRAIN | epoch=047/100 | batch=00200/01563 ( 12.80%) | lr=1.000e-03 | elapsed=0:01:39 | eta=0:11:16
    losses | total=4.8889e+00 | fourier=4.8889e+00 | amplitude=1.9293e-02 | phase=1.0773e-02 | support=2.6809e+00
2026-08-08 09:43:30 | INFO    | TRAIN | epoch=047/100 | batch=00250/01563 ( 15.99%) | lr=1.000e-03 | elapsed=0:02:03 | eta=0:10:51
    losses | total=4.7437e+00 | fourier=4.7437e+00 | amplitude=1.8733e-02 | phase=1.0821e-02 | support=2.5971e+00
2026-08-08 09:43:55 | INFO    | TRAIN | epoch=047/100 | batch=00300/01563 ( 19.19%) | lr=1.000e-03 | elapsed=0:02:28 | eta=0:10:26
    losses | total=5.0704e+00 | fourier=5.0704e+00 | amplitude=2.1304e-02 | phase=1.0496e-02 | support=2.7655e+00
2026-08-08 09:44:20 | INFO    | TRAIN | epoch=047/100 | batch=00350/01563 ( 22.39%) | lr=1.000e-03 | elapsed=0:02:53 | eta=0:10:01
    losses | total=4.7003e+00 | fourier=4.7003e+00 | amplitude=1.6731e-02 | phase=1.0060e-02 | support=2.5821e+00
2026-08-08 09:44:44 | INFO    | TRAIN | epoch=047/100 | batch=00400/01563 ( 25.59%) | lr=1.000e-03 | elapsed=0:03:18 | eta=0:09:36
    losses | total=4.9969e+00 | fourier=4.9969e+00 | amplitude=2.1541e-02 | phase=1.0978e-02 | support=2.8236e+00
2026-08-08 09:45:09 | INFO    | TRAIN | epoch=047/100 | batch=00450/01563 ( 28.79%) | lr=1.000e-03 | elapsed=0:03:43 | eta=0:09:11
    losses | total=4.9681e+00 | fourier=4.9681e+00 | amplitude=1.8588e-02 | phase=1.0235e-02 | support=2.6886e+00
2026-08-08 09:45:34 | INFO    | TRAIN | epoch=047/100 | batch=00500/01563 ( 31.99%) | lr=1.000e-03 | elapsed=0:04:07 | eta=0:08:46
    losses | total=4.9473e+00 | fourier=4.9473e+00 | amplitude=1.6827e-02 | phase=1.1559e-02 | support=2.3511e+00
2026-08-08 09:45:59 | INFO    | TRAIN | epoch=047/100 | batch=00550/01563 ( 35.19%) | lr=1.000e-03 | elapsed=0:04:32 | eta=0:08:21
    losses | total=4.9033e+00 | fourier=4.9033e+00 | amplitude=1.8545e-02 | phase=1.1335e-02 | support=2.4833e+00
2026-08-08 09:46:23 | INFO    | TRAIN | epoch=047/100 | batch=00600/01563 ( 38.39%) | lr=1.000e-03 | elapsed=0:04:57 | eta=0:07:57
    losses | total=4.8608e+00 | fourier=4.8608e+00 | amplitude=2.0572e-02 | phase=9.5368e-03 | support=2.6072e+00
2026-08-08 09:46:48 | INFO    | TRAIN | epoch=047/100 | batch=00650/01563 ( 41.59%) | lr=1.000e-03 | elapsed=0:05:22 | eta=0:07:32
    losses | total=5.3394e+00 | fourier=5.3394e+00 | amplitude=2.1368e-02 | phase=1.2599e-02 | support=2.8579e+00
2026-08-08 09:47:13 | INFO    | TRAIN | epoch=047/100 | batch=00700/01563 ( 44.79%) | lr=1.000e-03 | elapsed=0:05:46 | eta=0:07:07
    losses | total=4.8589e+00 | fourier=4.8589e+00 | amplitude=1.7535e-02 | phase=1.0168e-02 | support=2.6986e+00
2026-08-08 09:47:38 | INFO    | TRAIN | epoch=047/100 | batch=00750/01563 ( 47.98%) | lr=1.000e-03 | elapsed=0:06:11 | eta=0:06:42
    losses | total=5.1024e+00 | fourier=5.1024e+00 | amplitude=1.9289e-02 | phase=1.2908e-02 | support=2.8286e+00
2026-08-08 09:48:03 | INFO    | TRAIN | epoch=047/100 | batch=00800/01563 ( 51.18%) | lr=1.000e-03 | elapsed=0:06:36 | eta=0:06:18
    losses | total=4.6997e+00 | fourier=4.6997e+00 | amplitude=1.5470e-02 | phase=1.0052e-02 | support=2.5564e+00
2026-08-08 09:48:27 | INFO    | TRAIN | epoch=047/100 | batch=00850/01563 ( 54.38%) | lr=1.000e-03 | elapsed=0:07:01 | eta=0:05:53
    losses | total=5.0678e+00 | fourier=5.0678e+00 | amplitude=2.1224e-02 | phase=1.1839e-02 | support=2.5755e+00
2026-08-08 09:48:52 | INFO    | TRAIN | epoch=047/100 | batch=00900/01563 ( 57.58%) | lr=1.000e-03 | elapsed=0:07:25 | eta=0:05:28
    losses | total=4.8147e+00 | fourier=4.8147e+00 | amplitude=1.9871e-02 | phase=1.0170e-02 | support=2.9703e+00
2026-08-08 09:49:17 | INFO    | TRAIN | epoch=047/100 | batch=00950/01563 ( 60.78%) | lr=1.000e-03 | elapsed=0:07:50 | eta=0:05:03
    losses | total=4.7494e+00 | fourier=4.7494e+00 | amplitude=1.6268e-02 | phase=1.2023e-02 | support=2.5448e+00
2026-08-08 09:49:42 | INFO    | TRAIN | epoch=047/100 | batch=01000/01563 ( 63.98%) | lr=1.000e-03 | elapsed=0:08:15 | eta=0:04:38
    losses | total=4.5196e+00 | fourier=4.5196e+00 | amplitude=1.5751e-02 | phase=1.1699e-02 | support=2.7715e+00
2026-08-08 09:50:06 | INFO    | TRAIN | epoch=047/100 | batch=01050/01563 ( 67.18%) | lr=1.000e-03 | elapsed=0:08:40 | eta=0:04:14
    losses | total=4.4152e+00 | fourier=4.4152e+00 | amplitude=1.7281e-02 | phase=9.1661e-03 | support=2.5378e+00
2026-08-08 09:50:31 | INFO    | TRAIN | epoch=047/100 | batch=01100/01563 ( 70.38%) | lr=1.000e-03 | elapsed=0:09:04 | eta=0:03:49
    losses | total=4.8090e+00 | fourier=4.8090e+00 | amplitude=1.6879e-02 | phase=7.8274e-03 | support=2.7439e+00
2026-08-08 09:50:56 | INFO    | TRAIN | epoch=047/100 | batch=01150/01563 ( 73.58%) | lr=1.000e-03 | elapsed=0:09:29 | eta=0:03:24
    losses | total=5.0253e+00 | fourier=5.0253e+00 | amplitude=2.2841e-02 | phase=1.0783e-02 | support=2.8447e+00
2026-08-08 09:51:21 | INFO    | TRAIN | epoch=047/100 | batch=01200/01563 ( 76.78%) | lr=1.000e-03 | elapsed=0:09:54 | eta=0:02:59
    losses | total=5.1215e+00 | fourier=5.1215e+00 | amplitude=1.9123e-02 | phase=1.1749e-02 | support=2.5577e+00
2026-08-08 09:51:45 | INFO    | TRAIN | epoch=047/100 | batch=01250/01563 ( 79.97%) | lr=1.000e-03 | elapsed=0:10:19 | eta=0:02:35
    losses | total=4.9909e+00 | fourier=4.9909e+00 | amplitude=1.9758e-02 | phase=9.5880e-03 | support=2.9195e+00
2026-08-08 09:52:10 | INFO    | TRAIN | epoch=047/100 | batch=01300/01563 ( 83.17%) | lr=1.000e-03 | elapsed=0:10:44 | eta=0:02:10
    losses | total=4.8754e+00 | fourier=4.8754e+00 | amplitude=1.8879e-02 | phase=9.4595e-03 | support=2.8365e+00
2026-08-08 09:52:35 | INFO    | TRAIN | epoch=047/100 | batch=01350/01563 ( 86.37%) | lr=1.000e-03 | elapsed=0:11:08 | eta=0:01:45
    losses | total=5.0195e+00 | fourier=5.0195e+00 | amplitude=1.9800e-02 | phase=1.1084e-02 | support=2.5505e+00
2026-08-08 09:53:00 | INFO    | TRAIN | epoch=047/100 | batch=01400/01563 ( 89.57%) | lr=1.000e-03 | elapsed=0:11:33 | eta=0:01:20
    losses | total=4.8970e+00 | fourier=4.8970e+00 | amplitude=2.2275e-02 | phase=1.1441e-02 | support=2.8944e+00
2026-08-08 09:53:24 | INFO    | TRAIN | epoch=047/100 | batch=01450/01563 ( 92.77%) | lr=1.000e-03 | elapsed=0:11:58 | eta=0:00:55
    losses | total=4.7775e+00 | fourier=4.7775e+00 | amplitude=1.8537e-02 | phase=1.0105e-02 | support=2.5584e+00
2026-08-08 09:53:49 | INFO    | TRAIN | epoch=047/100 | batch=01500/01563 ( 95.97%) | lr=1.000e-03 | elapsed=0:12:23 | eta=0:00:31
    losses | total=5.1792e+00 | fourier=5.1792e+00 | amplitude=2.2306e-02 | phase=1.2769e-02 | support=2.7423e+00
2026-08-08 09:54:14 | INFO    | TRAIN | epoch=047/100 | batch=01550/01563 ( 99.17%) | lr=1.000e-03 | elapsed=0:12:47 | eta=0:00:06
    losses | total=5.1174e+00 | fourier=5.1174e+00 | amplitude=2.0365e-02 | phase=9.8493e-03 | support=2.6662e+00
2026-08-08 09:54:20 | INFO    | TRAIN | epoch=047/100 | batch=01563/01563 (100.00%) | lr=1.000e-03 | elapsed=0:12:54 | eta=0:00:00
    losses | total=4.8232e+00 | fourier=4.8232e+00 | amplitude=1.7796e-02 | phase=9.7937e-03 | support=2.5876e+00
2026-08-08 09:54:21 | INFO    | TRAIN epoch 047 complete | batches=1563 | samples=25000 | time=0:12:54
2026-08-08 09:54:27 | INFO    | VAL | epoch=047/100 | batch=00050/00313 ( 15.97%) | elapsed=0:00:06 | eta=0:00:33
    losses | total=5.3203e+00 | fourier=5.3203e+00 | amplitude=1.9600e-02 | phase=1.2110e-02 | support=2.5383e+00
2026-08-08 09:54:33 | INFO    | VAL | epoch=047/100 | batch=00100/00313 ( 31.95%) | elapsed=0:00:12 | eta=0:00:27
    losses | total=4.9351e+00 | fourier=4.9351e+00 | amplitude=1.7905e-02 | phase=1.1157e-02 | support=2.3278e+00
2026-08-08 09:54:39 | INFO    | VAL | epoch=047/100 | batch=00150/00313 ( 47.92%) | elapsed=0:00:18 | eta=0:00:20
    losses | total=4.9315e+00 | fourier=4.9315e+00 | amplitude=1.9834e-02 | phase=9.5830e-03 | support=2.7987e+00
2026-08-08 09:54:46 | INFO    | VAL | epoch=047/100 | batch=00200/00313 ( 63.90%) | elapsed=0:00:25 | eta=0:00:14
    losses | total=4.9149e+00 | fourier=4.9149e+00 | amplitude=1.8916e-02 | phase=9.7835e-03 | support=2.4930e+00
2026-08-08 09:54:52 | INFO    | VAL | epoch=047/100 | batch=00250/00313 ( 79.87%) | elapsed=0:00:31 | eta=0:00:07
    losses | total=5.2622e+00 | fourier=5.2622e+00 | amplitude=1.9211e-02 | phase=1.1786e-02 | support=2.3585e+00
2026-08-08 09:54:58 | INFO    | VAL | epoch=047/100 | batch=00300/00313 ( 95.85%) | elapsed=0:00:37 | eta=0:00:01
    losses | total=5.1270e+00 | fourier=5.1270e+00 | amplitude=2.0948e-02 | phase=1.1164e-02 | support=2.7349e+00
2026-08-08 09:55:00 | INFO    | VAL | epoch=047/100 | batch=00313/00313 (100.00%) | elapsed=0:00:39 | eta=0:00:00
    losses | total=5.0091e+00 | fourier=5.0091e+00 | amplitude=2.0774e-02 | phase=1.2407e-02 | support=2.6928e+00
2026-08-08 09:55:00 | INFO    | VAL epoch 047 complete | batches=313 | samples=5000 | time=0:00:39
2026-08-08 09:55:00 | INFO    | 
------------------------------------------------------------------------------------------------
Epoch 047/100 summary
split             total      fourier    amplitude        phase      support        time
train        4.8827e+00   4.8827e+00   1.9318e-02   1.0980e-02   2.7226e+00     0:12:54
validation   5.0525e+00   5.0525e+00   1.9095e-02   1.0588e-02   2.5453e+00     0:00:39
lr=1.000e-03 | best_val=5.0406e+00 | best_updated=no | periodic_checkpoint=no
------------------------------------------------------------------------------------------------
2026-08-08 09:55:25 | INFO    | TRAIN | epoch=048/100 | batch=00050/01563 (  3.20%) | lr=1.000e-03 | elapsed=0:00:24 | eta=0:12:33
    losses | total=5.1276e+00 | fourier=5.1276e+00 | amplitude=1.9946e-02 | phase=1.1793e-02 | support=2.4932e+00
2026-08-08 09:55:50 | INFO    | TRAIN | epoch=048/100 | batch=00100/01563 (  6.40%) | lr=1.000e-03 | elapsed=0:00:49 | eta=0:12:06
    losses | total=4.8015e+00 | fourier=4.8015e+00 | amplitude=1.9178e-02 | phase=1.0955e-02 | support=2.6774e+00
2026-08-08 09:56:15 | INFO    | TRAIN | epoch=048/100 | batch=00150/01563 (  9.60%) | lr=1.000e-03 | elapsed=0:01:14 | eta=0:11:41
    losses | total=4.7335e+00 | fourier=4.7335e+00 | amplitude=1.9648e-02 | phase=1.2391e-02 | support=2.9322e+00
2026-08-08 09:56:40 | INFO    | TRAIN | epoch=048/100 | batch=00200/01563 ( 12.80%) | lr=1.000e-03 | elapsed=0:01:39 | eta=0:11:16
    losses | total=5.1717e+00 | fourier=5.1717e+00 | amplitude=1.9693e-02 | phase=1.2824e-02 | support=2.5956e+00
2026-08-08 09:57:04 | INFO    | TRAIN | epoch=048/100 | batch=00250/01563 ( 15.99%) | lr=1.000e-03 | elapsed=0:02:03 | eta=0:10:51
    losses | total=4.8672e+00 | fourier=4.8672e+00 | amplitude=2.0502e-02 | phase=1.1700e-02 | support=2.7808e+00
2026-08-08 09:57:29 | INFO    | TRAIN | epoch=048/100 | batch=00300/01563 ( 19.19%) | lr=1.000e-03 | elapsed=0:02:28 | eta=0:10:26
    losses | total=5.3822e+00 | fourier=5.3822e+00 | amplitude=2.3632e-02 | phase=1.0326e-02 | support=2.9245e+00
2026-08-08 09:57:54 | INFO    | TRAIN | epoch=048/100 | batch=00350/01563 ( 22.39%) | lr=1.000e-03 | elapsed=0:02:53 | eta=0:10:01
    losses | total=4.3192e+00 | fourier=4.3192e+00 | amplitude=1.6671e-02 | phase=1.3113e-02 | support=2.6736e+00
2026-08-08 09:58:19 | INFO    | TRAIN | epoch=048/100 | batch=00400/01563 ( 25.59%) | lr=1.000e-03 | elapsed=0:03:18 | eta=0:09:36
    losses | total=4.7934e+00 | fourier=4.7934e+00 | amplitude=2.0833e-02 | phase=1.1225e-02 | support=2.9593e+00
2026-08-08 09:58:43 | INFO    | TRAIN | epoch=048/100 | batch=00450/01563 ( 28.79%) | lr=1.000e-03 | elapsed=0:03:43 | eta=0:09:11
    losses | total=4.9658e+00 | fourier=4.9658e+00 | amplitude=1.8602e-02 | phase=1.1411e-02 | support=2.5902e+00
2026-08-08 09:59:08 | INFO    | TRAIN | epoch=048/100 | batch=00500/01563 ( 31.99%) | lr=1.000e-03 | elapsed=0:04:07 | eta=0:08:46
    losses | total=5.0429e+00 | fourier=5.0429e+00 | amplitude=2.0789e-02 | phase=1.0051e-02 | support=2.5857e+00
2026-08-08 09:59:33 | INFO    | TRAIN | epoch=048/100 | batch=00550/01563 ( 35.19%) | lr=1.000e-03 | elapsed=0:04:32 | eta=0:08:22
    losses | total=4.8924e+00 | fourier=4.8924e+00 | amplitude=1.8642e-02 | phase=1.0896e-02 | support=2.3530e+00
2026-08-08 09:59:58 | INFO    | TRAIN | epoch=048/100 | batch=00600/01563 ( 38.39%) | lr=1.000e-03 | elapsed=0:04:57 | eta=0:07:57
    losses | total=4.8884e+00 | fourier=4.8884e+00 | amplitude=1.8245e-02 | phase=1.0523e-02 | support=2.7279e+00
2026-08-08 10:00:22 | INFO    | TRAIN | epoch=048/100 | batch=00650/01563 ( 41.59%) | lr=1.000e-03 | elapsed=0:05:22 | eta=0:07:32
    losses | total=4.8052e+00 | fourier=4.8052e+00 | amplitude=1.9146e-02 | phase=9.6442e-03 | support=2.6196e+00
2026-08-08 10:00:47 | INFO    | TRAIN | epoch=048/100 | batch=00700/01563 ( 44.79%) | lr=1.000e-03 | elapsed=0:05:46 | eta=0:07:07
    losses | total=4.5279e+00 | fourier=4.5279e+00 | amplitude=1.7360e-02 | phase=8.4168e-03 | support=2.7063e+00
2026-08-08 10:01:12 | INFO    | TRAIN | epoch=048/100 | batch=00750/01563 ( 47.98%) | lr=1.000e-03 | elapsed=0:06:11 | eta=0:06:42
    losses | total=4.9426e+00 | fourier=4.9426e+00 | amplitude=1.9986e-02 | phase=1.0492e-02 | support=2.6201e+00
2026-08-08 10:01:37 | INFO    | TRAIN | epoch=048/100 | batch=00800/01563 ( 51.18%) | lr=1.000e-03 | elapsed=0:06:36 | eta=0:06:18
    losses | total=4.6628e+00 | fourier=4.6628e+00 | amplitude=1.6573e-02 | phase=1.2318e-02 | support=2.3359e+00
2026-08-08 10:02:01 | INFO    | TRAIN | epoch=048/100 | batch=00850/01563 ( 54.38%) | lr=1.000e-03 | elapsed=0:07:01 | eta=0:05:53
    losses | total=4.6928e+00 | fourier=4.6928e+00 | amplitude=2.0119e-02 | phase=1.2000e-02 | support=2.7603e+00
2026-08-08 10:02:26 | INFO    | TRAIN | epoch=048/100 | batch=00900/01563 ( 57.58%) | lr=1.000e-03 | elapsed=0:07:25 | eta=0:05:28
    losses | total=4.8172e+00 | fourier=4.8172e+00 | amplitude=1.9436e-02 | phase=1.0302e-02 | support=2.5866e+00
2026-08-08 10:02:51 | INFO    | TRAIN | epoch=048/100 | batch=00950/01563 ( 60.78%) | lr=1.000e-03 | elapsed=0:07:50 | eta=0:05:03
    losses | total=5.0828e+00 | fourier=5.0828e+00 | amplitude=2.0752e-02 | phase=1.0291e-02 | support=2.6567e+00
2026-08-08 10:03:16 | INFO    | TRAIN | epoch=048/100 | batch=01000/01563 ( 63.98%) | lr=1.000e-03 | elapsed=0:08:15 | eta=0:04:38
    losses | total=4.6253e+00 | fourier=4.6253e+00 | amplitude=1.8502e-02 | phase=1.3930e-02 | support=2.4729e+00
2026-08-08 10:03:41 | INFO    | TRAIN | epoch=048/100 | batch=01050/01563 ( 67.18%) | lr=1.000e-03 | elapsed=0:08:40 | eta=0:04:14
    losses | total=5.0960e+00 | fourier=5.0960e+00 | amplitude=2.0495e-02 | phase=8.1765e-03 | support=2.9957e+00
2026-08-08 10:04:05 | INFO    | TRAIN | epoch=048/100 | batch=01100/01563 ( 70.38%) | lr=1.000e-03 | elapsed=0:09:04 | eta=0:03:49
    losses | total=4.9435e+00 | fourier=4.9435e+00 | amplitude=2.1478e-02 | phase=1.2183e-02 | support=3.2235e+00
2026-08-08 10:04:30 | INFO    | TRAIN | epoch=048/100 | batch=01150/01563 ( 73.58%) | lr=1.000e-03 | elapsed=0:09:29 | eta=0:03:24
    losses | total=5.0832e+00 | fourier=5.0832e+00 | amplitude=2.0641e-02 | phase=9.8732e-03 | support=2.7245e+00
2026-08-08 10:04:55 | INFO    | TRAIN | epoch=048/100 | batch=01200/01563 ( 76.78%) | lr=1.000e-03 | elapsed=0:09:54 | eta=0:02:59
    losses | total=4.5113e+00 | fourier=4.5113e+00 | amplitude=1.6917e-02 | phase=1.0324e-02 | support=2.6090e+00
2026-08-08 10:05:20 | INFO    | TRAIN | epoch=048/100 | batch=01250/01563 ( 79.97%) | lr=1.000e-03 | elapsed=0:10:19 | eta=0:02:35
    losses | total=4.9781e+00 | fourier=4.9781e+00 | amplitude=2.1553e-02 | phase=9.8110e-03 | support=2.9809e+00
2026-08-08 10:05:44 | INFO    | TRAIN | epoch=048/100 | batch=01300/01563 ( 83.17%) | lr=1.000e-03 | elapsed=0:10:44 | eta=0:02:10
    losses | total=4.8299e+00 | fourier=4.8299e+00 | amplitude=1.8806e-02 | phase=1.1781e-02 | support=2.6078e+00
2026-08-08 10:06:09 | INFO    | TRAIN | epoch=048/100 | batch=01350/01563 ( 86.37%) | lr=1.000e-03 | elapsed=0:11:08 | eta=0:01:45
    losses | total=4.9771e+00 | fourier=4.9771e+00 | amplitude=2.1552e-02 | phase=1.1973e-02 | support=2.7233e+00
2026-08-08 10:06:34 | INFO    | TRAIN | epoch=048/100 | batch=01400/01563 ( 89.57%) | lr=1.000e-03 | elapsed=0:11:33 | eta=0:01:20
    losses | total=4.6834e+00 | fourier=4.6834e+00 | amplitude=1.7670e-02 | phase=1.1045e-02 | support=2.5314e+00
2026-08-08 10:06:59 | INFO    | TRAIN | epoch=048/100 | batch=01450/01563 ( 92.77%) | lr=1.000e-03 | elapsed=0:11:58 | eta=0:00:55
    losses | total=4.6937e+00 | fourier=4.6937e+00 | amplitude=1.8590e-02 | phase=1.1911e-02 | support=2.9115e+00
2026-08-08 10:07:23 | INFO    | TRAIN | epoch=048/100 | batch=01500/01563 ( 95.97%) | lr=1.000e-03 | elapsed=0:12:23 | eta=0:00:31
    losses | total=4.9822e+00 | fourier=4.9822e+00 | amplitude=2.0502e-02 | phase=1.0404e-02 | support=2.8440e+00
2026-08-08 10:07:48 | INFO    | TRAIN | epoch=048/100 | batch=01550/01563 ( 99.17%) | lr=1.000e-03 | elapsed=0:12:47 | eta=0:00:06
    losses | total=5.1451e+00 | fourier=5.1451e+00 | amplitude=2.0200e-02 | phase=1.0707e-02 | support=2.8371e+00
2026-08-08 10:07:54 | INFO    | TRAIN | epoch=048/100 | batch=01563/01563 (100.00%) | lr=1.000e-03 | elapsed=0:12:54 | eta=0:00:00
    losses | total=4.5848e+00 | fourier=4.5848e+00 | amplitude=1.5702e-02 | phase=1.2107e-02 | support=2.3118e+00
2026-08-08 10:07:55 | INFO    | TRAIN epoch 048 complete | batches=1563 | samples=25000 | time=0:12:54
2026-08-08 10:08:01 | INFO    | VAL | epoch=048/100 | batch=00050/00313 ( 15.97%) | elapsed=0:00:06 | eta=0:00:33
    losses | total=5.2636e+00 | fourier=5.2636e+00 | amplitude=1.9626e-02 | phase=1.2940e-02 | support=2.7530e+00
2026-08-08 10:08:07 | INFO    | VAL | epoch=048/100 | batch=00100/00313 ( 31.95%) | elapsed=0:00:12 | eta=0:00:27
    losses | total=4.8916e+00 | fourier=4.8916e+00 | amplitude=1.7798e-02 | phase=1.1892e-02 | support=2.4777e+00
2026-08-08 10:08:14 | INFO    | VAL | epoch=048/100 | batch=00150/00313 ( 47.92%) | elapsed=0:00:18 | eta=0:00:20
    losses | total=4.9368e+00 | fourier=4.9368e+00 | amplitude=1.9934e-02 | phase=9.9880e-03 | support=3.1308e+00
2026-08-08 10:08:20 | INFO    | VAL | epoch=048/100 | batch=00200/00313 ( 63.90%) | elapsed=0:00:25 | eta=0:00:14
    losses | total=4.8623e+00 | fourier=4.8623e+00 | amplitude=1.8793e-02 | phase=1.0988e-02 | support=2.6498e+00
2026-08-08 10:08:26 | INFO    | VAL | epoch=048/100 | batch=00250/00313 ( 79.87%) | elapsed=0:00:31 | eta=0:00:07
    losses | total=5.2227e+00 | fourier=5.2227e+00 | amplitude=1.9447e-02 | phase=1.2330e-02 | support=2.6712e+00
2026-08-08 10:08:32 | INFO    | VAL | epoch=048/100 | batch=00300/00313 ( 95.85%) | elapsed=0:00:37 | eta=0:00:01
    losses | total=5.0828e+00 | fourier=5.0828e+00 | amplitude=2.0852e-02 | phase=1.1836e-02 | support=2.9821e+00
2026-08-08 10:08:34 | INFO    | VAL | epoch=048/100 | batch=00313/00313 (100.00%) | elapsed=0:00:39 | eta=0:00:00
    losses | total=5.0072e+00 | fourier=5.0072e+00 | amplitude=2.0650e-02 | phase=1.2652e-02 | support=2.9751e+00
2026-08-08 10:08:34 | INFO    | VAL epoch 048 complete | batches=313 | samples=5000 | time=0:00:39
2026-08-08 10:08:35 | INFO    | 
------------------------------------------------------------------------------------------------
Epoch 048/100 summary
split             total      fourier    amplitude        phase      support        time
train        4.8718e+00   4.8718e+00   1.9322e-02   1.0990e-02   2.7389e+00     0:12:54
validation   5.0381e+00   5.0381e+00   1.9120e-02   1.1150e-02   2.7972e+00     0:00:39
lr=1.000e-03 | best_val=5.0381e+00 | best_updated=yes | periodic_checkpoint=no
------------------------------------------------------------------------------------------------
2026-08-08 10:09:00 | INFO    | TRAIN | epoch=049/100 | batch=00050/01563 (  3.20%) | lr=1.000e-03 | elapsed=0:00:24 | eta=0:12:33
    losses | total=5.0525e+00 | fourier=5.0525e+00 | amplitude=1.9768e-02 | phase=1.2172e-02 | support=2.9665e+00
2026-08-08 10:09:24 | INFO    | TRAIN | epoch=049/100 | batch=00100/01563 (  6.40%) | lr=1.000e-03 | elapsed=0:00:49 | eta=0:12:06
    losses | total=5.1620e+00 | fourier=5.1620e+00 | amplitude=1.9290e-02 | phase=1.0371e-02 | support=2.5910e+00
2026-08-08 10:09:49 | INFO    | TRAIN | epoch=049/100 | batch=00150/01563 (  9.60%) | lr=1.000e-03 | elapsed=0:01:14 | eta=0:11:41
    losses | total=5.1418e+00 | fourier=5.1418e+00 | amplitude=2.1938e-02 | phase=1.2293e-02 | support=2.7846e+00
2026-08-08 10:10:14 | INFO    | TRAIN | epoch=049/100 | batch=00200/01563 ( 12.80%) | lr=1.000e-03 | elapsed=0:01:39 | eta=0:11:16
    losses | total=4.6199e+00 | fourier=4.6199e+00 | amplitude=1.5089e-02 | phase=9.5112e-03 | support=2.3690e+00
2026-08-08 10:10:39 | INFO    | TRAIN | epoch=049/100 | batch=00250/01563 ( 15.99%) | lr=1.000e-03 | elapsed=0:02:03 | eta=0:10:51
    losses | total=5.0684e+00 | fourier=5.0684e+00 | amplitude=2.0174e-02 | phase=1.0982e-02 | support=2.6522e+00
2026-08-08 10:11:03 | INFO    | TRAIN | epoch=049/100 | batch=00300/01563 ( 19.19%) | lr=1.000e-03 | elapsed=0:02:28 | eta=0:10:26
    losses | total=4.7333e+00 | fourier=4.7333e+00 | amplitude=1.7617e-02 | phase=1.0573e-02 | support=2.6942e+00
2026-08-08 10:11:28 | INFO    | TRAIN | epoch=049/100 | batch=00350/01563 ( 22.39%) | lr=1.000e-03 | elapsed=0:02:53 | eta=0:10:01
    losses | total=4.5989e+00 | fourier=4.5989e+00 | amplitude=1.9855e-02 | phase=1.0966e-02 | support=2.7748e+00
2026-08-08 10:11:53 | INFO    | TRAIN | epoch=049/100 | batch=00400/01563 ( 25.59%) | lr=1.000e-03 | elapsed=0:03:18 | eta=0:09:36
    losses | total=5.1024e+00 | fourier=5.1024e+00 | amplitude=2.1194e-02 | phase=1.1566e-02 | support=2.8108e+00
2026-08-08 10:12:18 | INFO    | TRAIN | epoch=049/100 | batch=00450/01563 ( 28.79%) | lr=1.000e-03 | elapsed=0:03:43 | eta=0:09:11
    losses | total=5.3498e+00 | fourier=5.3498e+00 | amplitude=2.2126e-02 | phase=1.0387e-02 | support=2.7152e+00
2026-08-08 10:12:43 | INFO    | TRAIN | epoch=049/100 | batch=00500/01563 ( 31.99%) | lr=1.000e-03 | elapsed=0:04:07 | eta=0:08:46
    losses | total=4.8149e+00 | fourier=4.8149e+00 | amplitude=1.8346e-02 | phase=1.2367e-02 | support=2.6013e+00
2026-08-08 10:13:07 | INFO    | TRAIN | epoch=049/100 | batch=00550/01563 ( 35.19%) | lr=1.000e-03 | elapsed=0:04:32 | eta=0:08:21
    losses | total=4.6493e+00 | fourier=4.6493e+00 | amplitude=1.8674e-02 | phase=1.1986e-02 | support=2.9441e+00
2026-08-08 10:13:32 | INFO    | TRAIN | epoch=049/100 | batch=00600/01563 ( 38.39%) | lr=1.000e-03 | elapsed=0:04:57 | eta=0:07:57
    losses | total=5.2932e+00 | fourier=5.2932e+00 | amplitude=1.9918e-02 | phase=9.3184e-03 | support=2.8200e+00
2026-08-08 10:13:57 | INFO    | TRAIN | epoch=049/100 | batch=00650/01563 ( 41.59%) | lr=1.000e-03 | elapsed=0:05:22 | eta=0:07:32
    losses | total=4.6798e+00 | fourier=4.6798e+00 | amplitude=1.6120e-02 | phase=1.1430e-02 | support=2.2149e+00
2026-08-08 10:14:22 | INFO    | TRAIN | epoch=049/100 | batch=00700/01563 ( 44.79%) | lr=1.000e-03 | elapsed=0:05:46 | eta=0:07:07
    losses | total=4.9471e+00 | fourier=4.9471e+00 | amplitude=2.1342e-02 | phase=1.2103e-02 | support=2.7306e+00
2026-08-08 10:14:46 | INFO    | TRAIN | epoch=049/100 | batch=00750/01563 ( 47.98%) | lr=1.000e-03 | elapsed=0:06:11 | eta=0:06:42
    losses | total=4.9224e+00 | fourier=4.9224e+00 | amplitude=2.1897e-02 | phase=1.0647e-02 | support=2.7526e+00
2026-08-08 10:15:11 | INFO    | TRAIN | epoch=049/100 | batch=00800/01563 ( 51.18%) | lr=1.000e-03 | elapsed=0:06:36 | eta=0:06:18
    losses | total=4.4443e+00 | fourier=4.4443e+00 | amplitude=1.7116e-02 | phase=1.0689e-02 | support=2.4007e+00
2026-08-08 10:15:36 | INFO    | TRAIN | epoch=049/100 | batch=00850/01563 ( 54.38%) | lr=1.000e-03 | elapsed=0:07:01 | eta=0:05:53
    losses | total=4.9617e+00 | fourier=4.9617e+00 | amplitude=2.0902e-02 | phase=1.1230e-02 | support=2.8055e+00
2026-08-08 10:16:01 | INFO    | TRAIN | epoch=049/100 | batch=00900/01563 ( 57.58%) | lr=1.000e-03 | elapsed=0:07:25 | eta=0:05:28
    losses | total=4.4213e+00 | fourier=4.4213e+00 | amplitude=1.7944e-02 | phase=9.8594e-03 | support=2.7845e+00
2026-08-08 10:16:25 | INFO    | TRAIN | epoch=049/100 | batch=00950/01563 ( 60.78%) | lr=1.000e-03 | elapsed=0:07:50 | eta=0:05:03
    losses | total=4.7810e+00 | fourier=4.7810e+00 | amplitude=1.6228e-02 | phase=8.2517e-03 | support=2.7763e+00
2026-08-08 10:16:50 | INFO    | TRAIN | epoch=049/100 | batch=01000/01563 ( 63.98%) | lr=1.000e-03 | elapsed=0:08:15 | eta=0:04:38
    losses | total=5.0694e+00 | fourier=5.0694e+00 | amplitude=2.1388e-02 | phase=1.2371e-02 | support=2.9728e+00
2026-08-08 10:17:15 | INFO    | TRAIN | epoch=049/100 | batch=01050/01563 ( 67.18%) | lr=1.000e-03 | elapsed=0:08:40 | eta=0:04:14
    losses | total=4.7011e+00 | fourier=4.7011e+00 | amplitude=1.9201e-02 | phase=1.2656e-02 | support=2.7947e+00
2026-08-08 10:17:40 | INFO    | TRAIN | epoch=049/100 | batch=01100/01563 ( 70.38%) | lr=1.000e-03 | elapsed=0:09:04 | eta=0:03:49
    losses | total=4.9876e+00 | fourier=4.9876e+00 | amplitude=1.9104e-02 | phase=8.5297e-03 | support=2.9249e+00
2026-08-08 10:18:04 | INFO    | TRAIN | epoch=049/100 | batch=01150/01563 ( 73.58%) | lr=1.000e-03 | elapsed=0:09:29 | eta=0:03:24
    losses | total=5.0872e+00 | fourier=5.0872e+00 | amplitude=1.9705e-02 | phase=1.1377e-02 | support=2.7962e+00
2026-08-08 10:18:29 | INFO    | TRAIN | epoch=049/100 | batch=01200/01563 ( 76.78%) | lr=1.000e-03 | elapsed=0:09:54 | eta=0:02:59
    losses | total=4.6750e+00 | fourier=4.6750e+00 | amplitude=1.6833e-02 | phase=1.2183e-02 | support=2.7745e+00
2026-08-08 10:18:54 | INFO    | TRAIN | epoch=049/100 | batch=01250/01563 ( 79.97%) | lr=1.000e-03 | elapsed=0:10:19 | eta=0:02:35
    losses | total=4.9439e+00 | fourier=4.9439e+00 | amplitude=1.9302e-02 | phase=1.1209e-02 | support=2.6088e+00
2026-08-08 10:19:19 | INFO    | TRAIN | epoch=049/100 | batch=01300/01563 ( 83.17%) | lr=1.000e-03 | elapsed=0:10:44 | eta=0:02:10
    losses | total=4.7415e+00 | fourier=4.7415e+00 | amplitude=1.9103e-02 | phase=1.2911e-02 | support=2.7037e+00
2026-08-08 10:19:44 | INFO    | TRAIN | epoch=049/100 | batch=01350/01563 ( 86.37%) | lr=1.000e-03 | elapsed=0:11:08 | eta=0:01:45
    losses | total=4.8936e+00 | fourier=4.8936e+00 | amplitude=2.0613e-02 | phase=1.2839e-02 | support=2.7687e+00
2026-08-08 10:20:08 | INFO    | TRAIN | epoch=049/100 | batch=01400/01563 ( 89.57%) | lr=1.000e-03 | elapsed=0:11:33 | eta=0:01:20
    losses | total=4.6749e+00 | fourier=4.6749e+00 | amplitude=1.6336e-02 | phase=1.2674e-02 | support=2.6070e+00
2026-08-08 10:20:33 | INFO    | TRAIN | epoch=049/100 | batch=01450/01563 ( 92.77%) | lr=1.000e-03 | elapsed=0:11:58 | eta=0:00:55
    losses | total=4.7386e+00 | fourier=4.7386e+00 | amplitude=1.8912e-02 | phase=1.1605e-02 | support=2.8054e+00
2026-08-08 10:20:58 | INFO    | TRAIN | epoch=049/100 | batch=01500/01563 ( 95.97%) | lr=1.000e-03 | elapsed=0:12:23 | eta=0:00:31
    losses | total=4.8352e+00 | fourier=4.8352e+00 | amplitude=1.6323e-02 | phase=1.0867e-02 | support=2.6157e+00
2026-08-08 10:21:23 | INFO    | TRAIN | epoch=049/100 | batch=01550/01563 ( 99.17%) | lr=1.000e-03 | elapsed=0:12:47 | eta=0:00:06
    losses | total=5.0096e+00 | fourier=5.0096e+00 | amplitude=2.0123e-02 | phase=8.7136e-03 | support=3.0849e+00
2026-08-08 10:21:29 | INFO    | TRAIN | epoch=049/100 | batch=01563/01563 (100.00%) | lr=1.000e-03 | elapsed=0:12:54 | eta=0:00:00
    losses | total=4.9607e+00 | fourier=4.9607e+00 | amplitude=2.0545e-02 | phase=1.3639e-02 | support=2.9834e+00
2026-08-08 10:21:29 | INFO    | TRAIN epoch 049 complete | batches=1563 | samples=25000 | time=0:12:54
2026-08-08 10:21:35 | INFO    | VAL | epoch=049/100 | batch=00050/00313 ( 15.97%) | elapsed=0:00:06 | eta=0:00:33
    losses | total=5.3092e+00 | fourier=5.3092e+00 | amplitude=1.9424e-02 | phase=1.1834e-02 | support=2.7320e+00
2026-08-08 10:21:42 | INFO    | VAL | epoch=049/100 | batch=00100/00313 ( 31.95%) | elapsed=0:00:12 | eta=0:00:27
    losses | total=4.9219e+00 | fourier=4.9219e+00 | amplitude=1.7486e-02 | phase=1.0731e-02 | support=2.5246e+00
2026-08-08 10:21:48 | INFO    | VAL | epoch=049/100 | batch=00150/00313 ( 47.92%) | elapsed=0:00:18 | eta=0:00:20
    losses | total=4.9132e+00 | fourier=4.9132e+00 | amplitude=1.9645e-02 | phase=9.5578e-03 | support=3.0283e+00
2026-08-08 10:21:54 | INFO    | VAL | epoch=049/100 | batch=00200/00313 ( 63.90%) | elapsed=0:00:25 | eta=0:00:14
    losses | total=4.8790e+00 | fourier=4.8790e+00 | amplitude=1.8613e-02 | phase=9.9751e-03 | support=2.7128e+00
2026-08-08 10:22:01 | INFO    | VAL | epoch=049/100 | batch=00250/00313 ( 79.87%) | elapsed=0:00:31 | eta=0:00:07
    losses | total=5.2277e+00 | fourier=5.2277e+00 | amplitude=1.9221e-02 | phase=1.1874e-02 | support=2.6030e+00
2026-08-08 10:22:07 | INFO    | VAL | epoch=049/100 | batch=00300/00313 ( 95.85%) | elapsed=0:00:37 | eta=0:00:01
    losses | total=5.0981e+00 | fourier=5.0981e+00 | amplitude=2.0847e-02 | phase=1.1506e-02 | support=2.8757e+00
2026-08-08 10:22:08 | INFO    | VAL | epoch=049/100 | batch=00313/00313 (100.00%) | elapsed=0:00:39 | eta=0:00:00
    losses | total=5.0386e+00 | fourier=5.0386e+00 | amplitude=2.0575e-02 | phase=1.2440e-02 | support=2.9323e+00
2026-08-08 10:22:09 | INFO    | VAL epoch 049 complete | batches=313 | samples=5000 | time=0:00:39
2026-08-08 10:22:09 | INFO    | 
------------------------------------------------------------------------------------------------
Epoch 049/100 summary
split             total      fourier    amplitude        phase      support        time
train        4.8667e+00   4.8667e+00   1.9339e-02   1.1021e-02   2.7738e+00     0:12:54
validation   5.0446e+00   5.0446e+00   1.8968e-02   1.0569e-02   2.7664e+00     0:00:39
lr=1.000e-03 | best_val=5.0381e+00 | best_updated=no | periodic_checkpoint=no
------------------------------------------------------------------------------------------------
2026-08-08 10:22:34 | INFO    | TRAIN | epoch=050/100 | batch=00050/01563 (  3.20%) | lr=1.000e-03 | elapsed=0:00:24 | eta=0:12:33
    losses | total=4.3762e+00 | fourier=4.3762e+00 | amplitude=1.6236e-02 | phase=9.3016e-03 | support=2.6253e+00
2026-08-08 10:22:59 | INFO    | TRAIN | epoch=050/100 | batch=00100/01563 (  6.40%) | lr=1.000e-03 | elapsed=0:00:49 | eta=0:12:06
    losses | total=4.9012e+00 | fourier=4.9012e+00 | amplitude=1.7753e-02 | phase=1.1934e-02 | support=2.5173e+00
2026-08-08 10:23:23 | INFO    | TRAIN | epoch=050/100 | batch=00150/01563 (  9.60%) | lr=1.000e-03 | elapsed=0:01:14 | eta=0:11:41
    losses | total=5.3491e+00 | fourier=5.3491e+00 | amplitude=2.2757e-02 | phase=1.1025e-02 | support=3.1921e+00
2026-08-08 10:23:48 | INFO    | TRAIN | epoch=050/100 | batch=00200/01563 ( 12.80%) | lr=1.000e-03 | elapsed=0:01:39 | eta=0:11:16
    losses | total=4.9945e+00 | fourier=4.9945e+00 | amplitude=2.0917e-02 | phase=1.2639e-02 | support=2.7553e+00
2026-08-08 10:24:13 | INFO    | TRAIN | epoch=050/100 | batch=00250/01563 ( 15.99%) | lr=1.000e-03 | elapsed=0:02:03 | eta=0:10:51
    losses | total=4.6751e+00 | fourier=4.6751e+00 | amplitude=2.0557e-02 | phase=9.1701e-03 | support=3.1003e+00
2026-08-08 10:24:38 | INFO    | TRAIN | epoch=050/100 | batch=00300/01563 ( 19.19%) | lr=1.000e-03 | elapsed=0:02:28 | eta=0:10:26
    losses | total=5.0877e+00 | fourier=5.0877e+00 | amplitude=2.1139e-02 | phase=1.2335e-02 | support=3.0138e+00
2026-08-08 10:25:02 | INFO    | TRAIN | epoch=050/100 | batch=00350/01563 ( 22.39%) | lr=1.000e-03 | elapsed=0:02:53 | eta=0:10:01
    losses | total=4.7719e+00 | fourier=4.7719e+00 | amplitude=1.9028e-02 | phase=1.0856e-02 | support=2.9120e+00
2026-08-08 10:25:27 | INFO    | TRAIN | epoch=050/100 | batch=00400/01563 ( 25.59%) | lr=1.000e-03 | elapsed=0:03:18 | eta=0:09:36
    losses | total=4.6994e+00 | fourier=4.6994e+00 | amplitude=1.7249e-02 | phase=1.1151e-02 | support=2.6657e+00
2026-08-08 10:25:52 | INFO    | TRAIN | epoch=050/100 | batch=00450/01563 ( 28.79%) | lr=1.000e-03 | elapsed=0:03:43 | eta=0:09:11
    losses | total=4.7252e+00 | fourier=4.7252e+00 | amplitude=2.0166e-02 | phase=9.1267e-03 | support=2.8886e+00
2026-08-08 10:26:17 | INFO    | TRAIN | epoch=050/100 | batch=00500/01563 ( 31.99%) | lr=1.000e-03 | elapsed=0:04:07 | eta=0:08:46
    losses | total=5.0637e+00 | fourier=5.0637e+00 | amplitude=1.9255e-02 | phase=1.0843e-02 | support=2.6231e+00
2026-08-08 10:26:41 | INFO    | TRAIN | epoch=050/100 | batch=00550/01563 ( 35.19%) | lr=1.000e-03 | elapsed=0:04:32 | eta=0:08:21
    losses | total=4.7434e+00 | fourier=4.7434e+00 | amplitude=2.0495e-02 | phase=1.3049e-02 | support=2.9520e+00
2026-08-08 10:27:06 | INFO    | TRAIN | epoch=050/100 | batch=00600/01563 ( 38.39%) | lr=1.000e-03 | elapsed=0:04:57 | eta=0:07:57
    losses | total=4.8800e+00 | fourier=4.8800e+00 | amplitude=2.0878e-02 | phase=1.2525e-02 | support=2.6837e+00
2026-08-08 10:27:31 | INFO    | TRAIN | epoch=050/100 | batch=00650/01563 ( 41.59%) | lr=1.000e-03 | elapsed=0:05:22 | eta=0:07:32
    losses | total=4.5316e+00 | fourier=4.5316e+00 | amplitude=1.9134e-02 | phase=1.0426e-02 | support=2.7475e+00
2026-08-08 10:27:56 | INFO    | TRAIN | epoch=050/100 | batch=00700/01563 ( 44.79%) | lr=1.000e-03 | elapsed=0:05:46 | eta=0:07:07
    losses | total=4.8127e+00 | fourier=4.8127e+00 | amplitude=1.8981e-02 | phase=1.1124e-02 | support=2.6569e+00
2026-08-08 10:28:20 | INFO    | TRAIN | epoch=050/100 | batch=00750/01563 ( 47.98%) | lr=1.000e-03 | elapsed=0:06:11 | eta=0:06:42
    losses | total=4.8953e+00 | fourier=4.8953e+00 | amplitude=1.8615e-02 | phase=1.0283e-02 | support=2.7708e+00
2026-08-08 10:28:45 | INFO    | TRAIN | epoch=050/100 | batch=00800/01563 ( 51.18%) | lr=1.000e-03 | elapsed=0:06:36 | eta=0:06:18
    losses | total=4.6739e+00 | fourier=4.6739e+00 | amplitude=1.6944e-02 | phase=9.9249e-03 | support=2.4541e+00
2026-08-08 10:29:10 | INFO    | TRAIN | epoch=050/100 | batch=00850/01563 ( 54.38%) | lr=1.000e-03 | elapsed=0:07:01 | eta=0:05:53
    losses | total=4.8288e+00 | fourier=4.8288e+00 | amplitude=1.9453e-02 | phase=1.2371e-02 | support=2.7754e+00
2026-08-08 10:29:35 | INFO    | TRAIN | epoch=050/100 | batch=00900/01563 ( 57.58%) | lr=1.000e-03 | elapsed=0:07:25 | eta=0:05:28
    losses | total=5.0036e+00 | fourier=5.0036e+00 | amplitude=2.0172e-02 | phase=1.3011e-02 | support=2.8344e+00
2026-08-08 10:30:00 | INFO    | TRAIN | epoch=050/100 | batch=00950/01563 ( 60.78%) | lr=1.000e-03 | elapsed=0:07:50 | eta=0:05:03
    losses | total=4.8933e+00 | fourier=4.8933e+00 | amplitude=1.8474e-02 | phase=9.6895e-03 | support=2.7225e+00
2026-08-08 10:30:24 | INFO    | TRAIN | epoch=050/100 | batch=01000/01563 ( 63.98%) | lr=1.000e-03 | elapsed=0:08:15 | eta=0:04:38
    losses | total=4.7715e+00 | fourier=4.7715e+00 | amplitude=1.8457e-02 | phase=1.1412e-02 | support=2.6394e+00
2026-08-08 10:30:49 | INFO    | TRAIN | epoch=050/100 | batch=01050/01563 ( 67.18%) | lr=1.000e-03 | elapsed=0:08:40 | eta=0:04:14
    losses | total=4.8985e+00 | fourier=4.8985e+00 | amplitude=1.9283e-02 | phase=1.0772e-02 | support=2.7042e+00
2026-08-08 10:31:14 | INFO    | TRAIN | epoch=050/100 | batch=01100/01563 ( 70.38%) | lr=1.000e-03 | elapsed=0:09:04 | eta=0:03:49
    losses | total=5.1834e+00 | fourier=5.1834e+00 | amplitude=2.0823e-02 | phase=1.0821e-02 | support=2.7173e+00
2026-08-08 10:31:39 | INFO    | TRAIN | epoch=050/100 | batch=01150/01563 ( 73.58%) | lr=1.000e-03 | elapsed=0:09:29 | eta=0:03:24
    losses | total=4.4930e+00 | fourier=4.4930e+00 | amplitude=1.9842e-02 | phase=9.8047e-03 | support=2.8303e+00
2026-08-08 10:32:03 | INFO    | TRAIN | epoch=050/100 | batch=01200/01563 ( 76.78%) | lr=1.000e-03 | elapsed=0:09:54 | eta=0:02:59
    losses | total=5.1281e+00 | fourier=5.1281e+00 | amplitude=2.0554e-02 | phase=1.0998e-02 | support=2.9790e+00
2026-08-08 10:32:28 | INFO    | TRAIN | epoch=050/100 | batch=01250/01563 ( 79.97%) | lr=1.000e-03 | elapsed=0:10:19 | eta=0:02:35
    losses | total=5.0576e+00 | fourier=5.0576e+00 | amplitude=1.9934e-02 | phase=8.9286e-03 | support=2.5490e+00
2026-08-08 10:32:53 | INFO    | TRAIN | epoch=050/100 | batch=01300/01563 ( 83.17%) | lr=1.000e-03 | elapsed=0:10:44 | eta=0:02:10
    losses | total=4.6915e+00 | fourier=4.6915e+00 | amplitude=1.7717e-02 | phase=1.2786e-02 | support=2.6938e+00
2026-08-08 10:33:18 | INFO    | TRAIN | epoch=050/100 | batch=01350/01563 ( 86.37%) | lr=1.000e-03 | elapsed=0:11:08 | eta=0:01:45
    losses | total=4.6121e+00 | fourier=4.6121e+00 | amplitude=1.8788e-02 | phase=9.9817e-03 | support=3.2168e+00
2026-08-08 10:33:42 | INFO    | TRAIN | epoch=050/100 | batch=01400/01563 ( 89.57%) | lr=1.000e-03 | elapsed=0:11:33 | eta=0:01:20
    losses | total=4.9819e+00 | fourier=4.9819e+00 | amplitude=1.9764e-02 | phase=1.1846e-02 | support=2.5715e+00
2026-08-08 10:34:07 | INFO    | TRAIN | epoch=050/100 | batch=01450/01563 ( 92.77%) | lr=1.000e-03 | elapsed=0:11:58 | eta=0:00:55
    losses | total=5.1838e+00 | fourier=5.1838e+00 | amplitude=2.2535e-02 | phase=1.0668e-02 | support=2.7139e+00
2026-08-08 10:34:32 | INFO    | TRAIN | epoch=050/100 | batch=01500/01563 ( 95.97%) | lr=1.000e-03 | elapsed=0:12:23 | eta=0:00:31
    losses | total=4.9216e+00 | fourier=4.9216e+00 | amplitude=1.7433e-02 | phase=1.2502e-02 | support=2.7121e+00
2026-08-08 10:34:57 | INFO    | TRAIN | epoch=050/100 | batch=01550/01563 ( 99.17%) | lr=1.000e-03 | elapsed=0:12:47 | eta=0:00:06
    losses | total=5.1342e+00 | fourier=5.1342e+00 | amplitude=2.1442e-02 | phase=1.5350e-02 | support=2.6978e+00
2026-08-08 10:35:03 | INFO    | TRAIN | epoch=050/100 | batch=01563/01563 (100.00%) | lr=1.000e-03 | elapsed=0:12:54 | eta=0:00:00
    losses | total=4.8839e+00 | fourier=4.8839e+00 | amplitude=2.2717e-02 | phase=1.1941e-02 | support=3.0729e+00
2026-08-08 10:35:03 | INFO    | TRAIN epoch 050 complete | batches=1563 | samples=25000 | time=0:12:54
2026-08-08 10:35:10 | INFO    | VAL | epoch=050/100 | batch=00050/00313 ( 15.97%) | elapsed=0:00:06 | eta=0:00:33
    losses | total=5.3472e+00 | fourier=5.3472e+00 | amplitude=1.9614e-02 | phase=1.1919e-02 | support=2.9250e+00
2026-08-08 10:35:16 | INFO    | VAL | epoch=050/100 | batch=00100/00313 ( 31.95%) | elapsed=0:00:12 | eta=0:00:27
    losses | total=4.9611e+00 | fourier=4.9611e+00 | amplitude=1.7852e-02 | phase=1.0704e-02 | support=2.7257e+00
2026-08-08 10:35:22 | INFO    | VAL | epoch=050/100 | batch=00150/00313 ( 47.92%) | elapsed=0:00:18 | eta=0:00:20
    losses | total=4.9290e+00 | fourier=4.9290e+00 | amplitude=1.9905e-02 | phase=9.3092e-03 | support=3.2274e+00
2026-08-08 10:35:28 | INFO    | VAL | epoch=050/100 | batch=00200/00313 ( 63.90%) | elapsed=0:00:25 | eta=0:00:14
    losses | total=4.8922e+00 | fourier=4.8922e+00 | amplitude=1.8787e-02 | phase=9.5938e-03 | support=2.8904e+00
2026-08-08 10:35:35 | INFO    | VAL | epoch=050/100 | batch=00250/00313 ( 79.87%) | elapsed=0:00:31 | eta=0:00:07
    losses | total=5.2484e+00 | fourier=5.2484e+00 | amplitude=1.9385e-02 | phase=1.1622e-02 | support=2.7271e+00
2026-08-08 10:35:41 | INFO    | VAL | epoch=050/100 | batch=00300/00313 ( 95.85%) | elapsed=0:00:37 | eta=0:00:01
    losses | total=5.1220e+00 | fourier=5.1220e+00 | amplitude=2.1252e-02 | phase=1.1280e-02 | support=3.0879e+00
2026-08-08 10:35:43 | INFO    | VAL | epoch=050/100 | batch=00313/00313 (100.00%) | elapsed=0:00:39 | eta=0:00:00
    losses | total=5.0151e+00 | fourier=5.0151e+00 | amplitude=2.0721e-02 | phase=1.1938e-02 | support=3.1336e+00
2026-08-08 10:35:43 | INFO    | VAL epoch 050 complete | batches=313 | samples=5000 | time=0:00:39
2026-08-08 10:35:43 | INFO    | 
------------------------------------------------------------------------------------------------
Epoch 050/100 summary
split             total      fourier    amplitude        phase      support        time
train        4.8541e+00   4.8541e+00   1.9381e-02   1.1095e-02   2.7747e+00     0:12:54
validation   5.0692e+00   5.0692e+00   1.9072e-02   1.0410e-02   2.9318e+00     0:00:39
lr=1.000e-03 | best_val=5.0381e+00 | best_updated=no | periodic_checkpoint=yes
------------------------------------------------------------------------------------------------
2026-08-08 10:36:08 | INFO    | TRAIN | epoch=051/100 | batch=00050/01563 (  3.20%) | lr=1.000e-03 | elapsed=0:00:24 | eta=0:12:33
    losses | total=4.8586e+00 | fourier=4.8586e+00 | amplitude=1.8657e-02 | phase=1.0039e-02 | support=2.8053e+00
2026-08-08 10:36:33 | INFO    | TRAIN | epoch=051/100 | batch=00100/01563 (  6.40%) | lr=1.000e-03 | elapsed=0:00:49 | eta=0:12:06
    losses | total=4.9451e+00 | fourier=4.9451e+00 | amplitude=1.8972e-02 | phase=9.7066e-03 | support=2.6648e+00
2026-08-08 10:36:58 | INFO    | TRAIN | epoch=051/100 | batch=00150/01563 (  9.60%) | lr=1.000e-03 | elapsed=0:01:14 | eta=0:11:41
    losses | total=4.7937e+00 | fourier=4.7937e+00 | amplitude=1.9784e-02 | phase=9.2395e-03 | support=2.8566e+00
2026-08-08 10:37:22 | INFO    | TRAIN | epoch=051/100 | batch=00200/01563 ( 12.80%) | lr=1.000e-03 | elapsed=0:01:39 | eta=0:11:15
    losses | total=5.0069e+00 | fourier=5.0069e+00 | amplitude=1.9201e-02 | phase=1.3205e-02 | support=2.7218e+00
2026-08-08 10:37:47 | INFO    | TRAIN | epoch=051/100 | batch=00250/01563 ( 15.99%) | lr=1.000e-03 | elapsed=0:02:03 | eta=0:10:50
    losses | total=4.8820e+00 | fourier=4.8820e+00 | amplitude=1.7513e-02 | phase=1.3331e-02 | support=2.5264e+00
2026-08-08 10:38:12 | INFO    | TRAIN | epoch=051/100 | batch=00300/01563 ( 19.19%) | lr=1.000e-03 | elapsed=0:02:28 | eta=0:10:26
    losses | total=4.8833e+00 | fourier=4.8833e+00 | amplitude=1.9543e-02 | phase=1.2988e-02 | support=2.5353e+00
2026-08-08 10:38:37 | INFO    | TRAIN | epoch=051/100 | batch=00350/01563 ( 22.39%) | lr=1.000e-03 | elapsed=0:02:53 | eta=0:10:01
    losses | total=4.6308e+00 | fourier=4.6308e+00 | amplitude=1.6994e-02 | phase=1.1022e-02 | support=2.6215e+00
2026-08-08 10:39:01 | INFO    | TRAIN | epoch=051/100 | batch=00400/01563 ( 25.59%) | lr=1.000e-03 | elapsed=0:03:18 | eta=0:09:36
    losses | total=4.8280e+00 | fourier=4.8280e+00 | amplitude=1.8676e-02 | phase=9.8350e-03 | support=2.7131e+00
2026-08-08 10:39:26 | INFO    | TRAIN | epoch=051/100 | batch=00450/01563 ( 28.79%) | lr=1.000e-03 | elapsed=0:03:43 | eta=0:09:11
    losses | total=4.4070e+00 | fourier=4.4070e+00 | amplitude=1.7612e-02 | phase=1.1791e-02 | support=2.8442e+00
2026-08-08 10:39:51 | INFO    | TRAIN | epoch=051/100 | batch=00500/01563 ( 31.99%) | lr=1.000e-03 | elapsed=0:04:07 | eta=0:08:46
    losses | total=4.5577e+00 | fourier=4.5577e+00 | amplitude=1.9776e-02 | phase=1.1765e-02 | support=2.8710e+00
2026-08-08 10:40:16 | INFO    | TRAIN | epoch=051/100 | batch=00550/01563 ( 35.19%) | lr=1.000e-03 | elapsed=0:04:32 | eta=0:08:21
    losses | total=4.8162e+00 | fourier=4.8162e+00 | amplitude=2.0156e-02 | phase=1.3848e-02 | support=2.7820e+00
2026-08-08 10:40:41 | INFO    | TRAIN | epoch=051/100 | batch=00600/01563 ( 38.39%) | lr=1.000e-03 | elapsed=0:04:57 | eta=0:07:57
    losses | total=4.8365e+00 | fourier=4.8365e+00 | amplitude=2.0495e-02 | phase=1.1020e-02 | support=2.7597e+00
2026-08-08 10:41:05 | INFO    | TRAIN | epoch=051/100 | batch=00650/01563 ( 41.59%) | lr=1.000e-03 | elapsed=0:05:22 | eta=0:07:32
    losses | total=4.9802e+00 | fourier=4.9802e+00 | amplitude=2.1222e-02 | phase=1.2999e-02 | support=2.7529e+00
2026-08-08 10:41:30 | INFO    | TRAIN | epoch=051/100 | batch=00700/01563 ( 44.79%) | lr=1.000e-03 | elapsed=0:05:46 | eta=0:07:07
    losses | total=4.8915e+00 | fourier=4.8915e+00 | amplitude=1.6172e-02 | phase=1.2546e-02 | support=2.5442e+00
2026-08-08 10:41:55 | INFO    | TRAIN | epoch=051/100 | batch=00750/01563 ( 47.98%) | lr=1.000e-03 | elapsed=0:06:11 | eta=0:06:42
    losses | total=4.8509e+00 | fourier=4.8509e+00 | amplitude=1.8673e-02 | phase=1.0105e-02 | support=2.6990e+00
2026-08-08 10:42:20 | INFO    | TRAIN | epoch=051/100 | batch=00800/01563 ( 51.18%) | lr=1.000e-03 | elapsed=0:06:36 | eta=0:06:18
    losses | total=4.9432e+00 | fourier=4.9432e+00 | amplitude=2.0106e-02 | phase=1.1283e-02 | support=2.8300e+00
2026-08-08 10:42:44 | INFO    | TRAIN | epoch=051/100 | batch=00850/01563 ( 54.38%) | lr=1.000e-03 | elapsed=0:07:01 | eta=0:05:53
    losses | total=4.9043e+00 | fourier=4.9043e+00 | amplitude=1.9062e-02 | phase=1.0585e-02 | support=2.7000e+00
2026-08-08 10:43:09 | INFO    | TRAIN | epoch=051/100 | batch=00900/01563 ( 57.58%) | lr=1.000e-03 | elapsed=0:07:25 | eta=0:05:28
    losses | total=4.7110e+00 | fourier=4.7110e+00 | amplitude=1.7813e-02 | phase=1.2251e-02 | support=2.7135e+00
2026-08-08 10:43:34 | INFO    | TRAIN | epoch=051/100 | batch=00950/01563 ( 60.78%) | lr=1.000e-03 | elapsed=0:07:50 | eta=0:05:03
    losses | total=4.8638e+00 | fourier=4.8638e+00 | amplitude=2.2355e-02 | phase=9.7022e-03 | support=2.9216e+00
2026-08-08 10:43:59 | INFO    | TRAIN | epoch=051/100 | batch=01000/01563 ( 63.98%) | lr=1.000e-03 | elapsed=0:08:15 | eta=0:04:38
    losses | total=4.8036e+00 | fourier=4.8036e+00 | amplitude=1.8136e-02 | phase=1.1353e-02 | support=2.7055e+00
2026-08-08 10:44:23 | INFO    | TRAIN | epoch=051/100 | batch=01050/01563 ( 67.18%) | lr=1.000e-03 | elapsed=0:08:40 | eta=0:04:14
    losses | total=4.5139e+00 | fourier=4.5139e+00 | amplitude=1.7447e-02 | phase=8.1146e-03 | support=2.5646e+00
2026-08-08 10:44:48 | INFO    | TRAIN | epoch=051/100 | batch=01100/01563 ( 70.38%) | lr=1.000e-03 | elapsed=0:09:04 | eta=0:03:49
    losses | total=4.7538e+00 | fourier=4.7538e+00 | amplitude=1.8173e-02 | phase=1.0171e-02 | support=2.6268e+00
2026-08-08 10:45:13 | INFO    | TRAIN | epoch=051/100 | batch=01150/01563 ( 73.58%) | lr=1.000e-03 | elapsed=0:09:29 | eta=0:03:24
    losses | total=5.0201e+00 | fourier=5.0201e+00 | amplitude=2.2799e-02 | phase=1.2422e-02 | support=3.2342e+00
2026-08-08 10:45:38 | INFO    | TRAIN | epoch=051/100 | batch=01200/01563 ( 76.78%) | lr=1.000e-03 | elapsed=0:09:54 | eta=0:02:59
    losses | total=4.7191e+00 | fourier=4.7191e+00 | amplitude=1.8013e-02 | phase=1.0297e-02 | support=2.4573e+00
2026-08-08 10:46:02 | INFO    | TRAIN | epoch=051/100 | batch=01250/01563 ( 79.97%) | lr=1.000e-03 | elapsed=0:10:19 | eta=0:02:35
    losses | total=4.7657e+00 | fourier=4.7657e+00 | amplitude=1.8812e-02 | phase=1.0944e-02 | support=2.7770e+00
2026-08-08 10:46:27 | INFO    | TRAIN | epoch=051/100 | batch=01300/01563 ( 83.17%) | lr=1.000e-03 | elapsed=0:10:44 | eta=0:02:10
    losses | total=4.8603e+00 | fourier=4.8603e+00 | amplitude=2.0103e-02 | phase=1.3941e-02 | support=2.6596e+00
2026-08-08 10:46:52 | INFO    | TRAIN | epoch=051/100 | batch=01350/01563 ( 86.37%) | lr=1.000e-03 | elapsed=0:11:08 | eta=0:01:45
    losses | total=4.7207e+00 | fourier=4.7207e+00 | amplitude=2.0681e-02 | phase=1.2741e-02 | support=2.8732e+00
2026-08-08 10:47:17 | INFO    | TRAIN | epoch=051/100 | batch=01400/01563 ( 89.57%) | lr=1.000e-03 | elapsed=0:11:33 | eta=0:01:20
    losses | total=4.8302e+00 | fourier=4.8302e+00 | amplitude=1.8100e-02 | phase=1.3069e-02 | support=2.5100e+00
2026-08-08 10:47:42 | INFO    | TRAIN | epoch=051/100 | batch=01450/01563 ( 92.77%) | lr=1.000e-03 | elapsed=0:11:58 | eta=0:00:55
    losses | total=4.7719e+00 | fourier=4.7719e+00 | amplitude=1.7685e-02 | phase=1.1949e-02 | support=2.7553e+00
2026-08-08 10:48:06 | INFO    | TRAIN | epoch=051/100 | batch=01500/01563 ( 95.97%) | lr=1.000e-03 | elapsed=0:12:23 | eta=0:00:31
    losses | total=4.8637e+00 | fourier=4.8637e+00 | amplitude=2.0936e-02 | phase=1.2210e-02 | support=3.0093e+00
2026-08-08 10:48:31 | INFO    | TRAIN | epoch=051/100 | batch=01550/01563 ( 99.17%) | lr=1.000e-03 | elapsed=0:12:47 | eta=0:00:06
    losses | total=4.7669e+00 | fourier=4.7669e+00 | amplitude=1.6717e-02 | phase=1.2428e-02 | support=2.8670e+00
2026-08-08 10:48:37 | INFO    | TRAIN | epoch=051/100 | batch=01563/01563 (100.00%) | lr=1.000e-03 | elapsed=0:12:54 | eta=0:00:00
    losses | total=4.9780e+00 | fourier=4.9780e+00 | amplitude=1.8486e-02 | phase=1.0784e-02 | support=2.8871e+00
2026-08-08 10:48:38 | INFO    | TRAIN epoch 051 complete | batches=1563 | samples=25000 | time=0:12:54
2026-08-08 10:48:44 | INFO    | VAL | epoch=051/100 | batch=00050/00313 ( 15.97%) | elapsed=0:00:06 | eta=0:00:33
    losses | total=5.3228e+00 | fourier=5.3228e+00 | amplitude=1.9698e-02 | phase=1.2030e-02 | support=2.7258e+00
2026-08-08 10:48:50 | INFO    | VAL | epoch=051/100 | batch=00100/00313 ( 31.95%) | elapsed=0:00:12 | eta=0:00:27
    losses | total=4.9111e+00 | fourier=4.9111e+00 | amplitude=1.7784e-02 | phase=1.1038e-02 | support=2.5069e+00
2026-08-08 10:48:57 | INFO    | VAL | epoch=051/100 | batch=00150/00313 ( 47.92%) | elapsed=0:00:18 | eta=0:00:20
    losses | total=4.9270e+00 | fourier=4.9270e+00 | amplitude=1.9731e-02 | phase=9.5958e-03 | support=3.0016e+00
2026-08-08 10:49:03 | INFO    | VAL | epoch=051/100 | batch=00200/00313 ( 63.90%) | elapsed=0:00:25 | eta=0:00:14
    losses | total=4.8306e+00 | fourier=4.8306e+00 | amplitude=1.8715e-02 | phase=1.0004e-02 | support=2.6827e+00
2026-08-08 10:49:09 | INFO    | VAL | epoch=051/100 | batch=00250/00313 ( 79.87%) | elapsed=0:00:31 | eta=0:00:07
    losses | total=5.2514e+00 | fourier=5.2514e+00 | amplitude=1.9194e-02 | phase=1.1992e-02 | support=2.5304e+00
2026-08-08 10:49:15 | INFO    | VAL | epoch=051/100 | batch=00300/00313 ( 95.85%) | elapsed=0:00:37 | eta=0:00:01
    losses | total=5.0926e+00 | fourier=5.0926e+00 | amplitude=2.0985e-02 | phase=1.1226e-02 | support=2.8777e+00
2026-08-08 10:49:17 | INFO    | VAL | epoch=051/100 | batch=00313/00313 (100.00%) | elapsed=0:00:39 | eta=0:00:00
    losses | total=5.0417e+00 | fourier=5.0417e+00 | amplitude=2.0617e-02 | phase=1.1514e-02 | support=2.9246e+00
2026-08-08 10:49:17 | INFO    | VAL epoch 051 complete | batches=313 | samples=5000 | time=0:00:39
2026-08-08 10:49:17 | INFO    | 
------------------------------------------------------------------------------------------------
Epoch 051/100 summary
split             total      fourier    amplitude        phase      support        time
train        4.8459e+00   4.8459e+00   1.9380e-02   1.1099e-02   2.7627e+00     0:12:54
validation   5.0401e+00   5.0401e+00   1.9052e-02   1.0594e-02   2.7195e+00     0:00:39
lr=1.000e-03 | best_val=5.0381e+00 | best_updated=no | periodic_checkpoint=no
------------------------------------------------------------------------------------------------
2026-08-08 10:49:42 | INFO    | TRAIN | epoch=052/100 | batch=00050/01563 (  3.20%) | lr=1.000e-03 | elapsed=0:00:24 | eta=0:12:33
    losses | total=4.4381e+00 | fourier=4.4381e+00 | amplitude=1.6676e-02 | phase=1.2449e-02 | support=3.0770e+00
2026-08-08 10:50:07 | INFO    | TRAIN | epoch=052/100 | batch=00100/01563 (  6.40%) | lr=1.000e-03 | elapsed=0:00:49 | eta=0:12:06
    losses | total=4.8806e+00 | fourier=4.8806e+00 | amplitude=2.1133e-02 | phase=1.1949e-02 | support=2.7585e+00
2026-08-08 10:50:32 | INFO    | TRAIN | epoch=052/100 | batch=00150/01563 (  9.60%) | lr=1.000e-03 | elapsed=0:01:14 | eta=0:11:41
    losses | total=4.8444e+00 | fourier=4.8444e+00 | amplitude=2.0137e-02 | phase=1.1873e-02 | support=2.7471e+00
2026-08-08 10:50:57 | INFO    | TRAIN | epoch=052/100 | batch=00200/01563 ( 12.80%) | lr=1.000e-03 | elapsed=0:01:39 | eta=0:11:16
    losses | total=4.6793e+00 | fourier=4.6793e+00 | amplitude=1.7118e-02 | phase=1.1480e-02 | support=2.5780e+00
2026-08-08 10:51:21 | INFO    | TRAIN | epoch=052/100 | batch=00250/01563 ( 15.99%) | lr=1.000e-03 | elapsed=0:02:03 | eta=0:10:51
    losses | total=4.5275e+00 | fourier=4.5275e+00 | amplitude=1.7927e-02 | phase=1.2200e-02 | support=2.7602e+00
2026-08-08 10:51:46 | INFO    | TRAIN | epoch=052/100 | batch=00300/01563 ( 19.19%) | lr=1.000e-03 | elapsed=0:02:28 | eta=0:10:26
    losses | total=4.8676e+00 | fourier=4.8676e+00 | amplitude=2.3023e-02 | phase=1.0735e-02 | support=3.0186e+00
2026-08-08 10:52:11 | INFO    | TRAIN | epoch=052/100 | batch=00350/01563 ( 22.39%) | lr=1.000e-03 | elapsed=0:02:53 | eta=0:10:01
    losses | total=4.8817e+00 | fourier=4.8817e+00 | amplitude=2.0832e-02 | phase=1.0867e-02 | support=2.9747e+00
2026-08-08 10:52:36 | INFO    | TRAIN | epoch=052/100 | batch=00400/01563 ( 25.59%) | lr=1.000e-03 | elapsed=0:03:18 | eta=0:09:36
    losses | total=4.8011e+00 | fourier=4.8011e+00 | amplitude=1.8468e-02 | phase=1.0070e-02 | support=2.9004e+00
2026-08-08 10:53:00 | INFO    | TRAIN | epoch=052/100 | batch=00450/01563 ( 28.79%) | lr=1.000e-03 | elapsed=0:03:43 | eta=0:09:11
    losses | total=4.6413e+00 | fourier=4.6413e+00 | amplitude=2.0355e-02 | phase=1.0958e-02 | support=2.8230e+00
2026-08-08 10:53:25 | INFO    | TRAIN | epoch=052/100 | batch=00500/01563 ( 31.99%) | lr=1.000e-03 | elapsed=0:04:07 | eta=0:08:46
    losses | total=5.0498e+00 | fourier=5.0498e+00 | amplitude=2.2029e-02 | phase=1.2703e-02 | support=2.7214e+00
2026-08-08 10:53:50 | INFO    | TRAIN | epoch=052/100 | batch=00550/01563 ( 35.19%) | lr=1.000e-03 | elapsed=0:04:32 | eta=0:08:22
    losses | total=4.6383e+00 | fourier=4.6383e+00 | amplitude=1.8313e-02 | phase=1.0613e-02 | support=2.9989e+00
2026-08-08 10:54:15 | INFO    | TRAIN | epoch=052/100 | batch=00600/01563 ( 38.39%) | lr=1.000e-03 | elapsed=0:04:57 | eta=0:07:57
    losses | total=4.7494e+00 | fourier=4.7494e+00 | amplitude=2.0273e-02 | phase=1.2034e-02 | support=2.9407e+00
2026-08-08 10:54:39 | INFO    | TRAIN | epoch=052/100 | batch=00650/01563 ( 41.59%) | lr=1.000e-03 | elapsed=0:05:22 | eta=0:07:32
    losses | total=5.1944e+00 | fourier=5.1944e+00 | amplitude=1.8874e-02 | phase=8.6571e-03 | support=2.5446e+00
2026-08-08 10:55:04 | INFO    | TRAIN | epoch=052/100 | batch=00700/01563 ( 44.79%) | lr=1.000e-03 | elapsed=0:05:46 | eta=0:07:07
    losses | total=4.9802e+00 | fourier=4.9802e+00 | amplitude=1.8928e-02 | phase=1.0473e-02 | support=2.6645e+00
2026-08-08 10:55:29 | INFO    | TRAIN | epoch=052/100 | batch=00750/01563 ( 47.98%) | lr=1.000e-03 | elapsed=0:06:11 | eta=0:06:42
    losses | total=5.0693e+00 | fourier=5.0693e+00 | amplitude=2.1988e-02 | phase=9.9946e-03 | support=2.7229e+00
2026-08-08 10:55:54 | INFO    | TRAIN | epoch=052/100 | batch=00800/01563 ( 51.18%) | lr=1.000e-03 | elapsed=0:06:36 | eta=0:06:18
    losses | total=5.2468e+00 | fourier=5.2468e+00 | amplitude=2.1506e-02 | phase=1.0392e-02 | support=2.7480e+00
2026-08-08 10:56:19 | INFO    | TRAIN | epoch=052/100 | batch=00850/01563 ( 54.38%) | lr=1.000e-03 | elapsed=0:07:01 | eta=0:05:53
    losses | total=4.7339e+00 | fourier=4.7339e+00 | amplitude=1.9384e-02 | phase=1.3111e-02 | support=2.9194e+00
2026-08-08 10:56:43 | INFO    | TRAIN | epoch=052/100 | batch=00900/01563 ( 57.58%) | lr=1.000e-03 | elapsed=0:07:25 | eta=0:05:28
    losses | total=4.8280e+00 | fourier=4.8280e+00 | amplitude=2.0138e-02 | phase=1.0942e-02 | support=2.7870e+00
2026-08-08 10:57:08 | INFO    | TRAIN | epoch=052/100 | batch=00950/01563 ( 60.78%) | lr=1.000e-03 | elapsed=0:07:50 | eta=0:05:03
    losses | total=4.8121e+00 | fourier=4.8121e+00 | amplitude=1.9538e-02 | phase=1.1984e-02 | support=2.9612e+00
2026-08-08 10:57:33 | INFO    | TRAIN | epoch=052/100 | batch=01000/01563 ( 63.98%) | lr=1.000e-03 | elapsed=0:08:15 | eta=0:04:38
    losses | total=4.4741e+00 | fourier=4.4741e+00 | amplitude=1.8295e-02 | phase=1.4388e-02 | support=2.7596e+00
2026-08-08 10:57:58 | INFO    | TRAIN | epoch=052/100 | batch=01050/01563 ( 67.18%) | lr=1.000e-03 | elapsed=0:08:40 | eta=0:04:14
    losses | total=4.8767e+00 | fourier=4.8767e+00 | amplitude=1.8911e-02 | phase=1.1732e-02 | support=2.5312e+00
2026-08-08 10:58:22 | INFO    | TRAIN | epoch=052/100 | batch=01100/01563 ( 70.38%) | lr=1.000e-03 | elapsed=0:09:04 | eta=0:03:49
    losses | total=4.8460e+00 | fourier=4.8460e+00 | amplitude=1.7994e-02 | phase=1.1028e-02 | support=2.7043e+00
2026-08-08 10:58:47 | INFO    | TRAIN | epoch=052/100 | batch=01150/01563 ( 73.58%) | lr=1.000e-03 | elapsed=0:09:29 | eta=0:03:24
    losses | total=5.1202e+00 | fourier=5.1202e+00 | amplitude=2.0419e-02 | phase=1.2526e-02 | support=2.9504e+00
2026-08-08 10:59:12 | INFO    | TRAIN | epoch=052/100 | batch=01200/01563 ( 76.78%) | lr=1.000e-03 | elapsed=0:09:54 | eta=0:02:59
    losses | total=4.9393e+00 | fourier=4.9393e+00 | amplitude=1.9684e-02 | phase=1.3280e-02 | support=2.7272e+00
2026-08-08 10:59:37 | INFO    | TRAIN | epoch=052/100 | batch=01250/01563 ( 79.97%) | lr=1.000e-03 | elapsed=0:10:19 | eta=0:02:35
    losses | total=4.5169e+00 | fourier=4.5169e+00 | amplitude=1.5806e-02 | phase=9.6168e-03 | support=2.5672e+00
2026-08-08 11:00:01 | INFO    | TRAIN | epoch=052/100 | batch=01300/01563 ( 83.17%) | lr=1.000e-03 | elapsed=0:10:44 | eta=0:02:10
    losses | total=4.7989e+00 | fourier=4.7989e+00 | amplitude=2.0462e-02 | phase=1.2035e-02 | support=2.7416e+00
2026-08-08 11:00:26 | INFO    | TRAIN | epoch=052/100 | batch=01350/01563 ( 86.37%) | lr=1.000e-03 | elapsed=0:11:08 | eta=0:01:45
    losses | total=5.0919e+00 | fourier=5.0919e+00 | amplitude=1.9162e-02 | phase=9.4148e-03 | support=3.0001e+00
2026-08-08 11:00:51 | INFO    | TRAIN | epoch=052/100 | batch=01400/01563 ( 89.57%) | lr=1.000e-03 | elapsed=0:11:33 | eta=0:01:20
    losses | total=4.6150e+00 | fourier=4.6150e+00 | amplitude=1.5975e-02 | phase=1.0976e-02 | support=2.6212e+00
2026-08-08 11:01:16 | INFO    | TRAIN | epoch=052/100 | batch=01450/01563 ( 92.77%) | lr=1.000e-03 | elapsed=0:11:58 | eta=0:00:55
    losses | total=4.6639e+00 | fourier=4.6639e+00 | amplitude=1.8324e-02 | phase=1.0925e-02 | support=2.5409e+00
2026-08-08 11:01:40 | INFO    | TRAIN | epoch=052/100 | batch=01500/01563 ( 95.97%) | lr=1.000e-03 | elapsed=0:12:23 | eta=0:00:31
    losses | total=4.8880e+00 | fourier=4.8880e+00 | amplitude=1.9865e-02 | phase=1.0796e-02 | support=3.1076e+00
2026-08-08 11:02:05 | INFO    | TRAIN | epoch=052/100 | batch=01550/01563 ( 99.17%) | lr=1.000e-03 | elapsed=0:12:47 | eta=0:00:06
    losses | total=4.6604e+00 | fourier=4.6604e+00 | amplitude=1.6442e-02 | phase=1.0239e-02 | support=2.7519e+00
2026-08-08 11:02:11 | INFO    | TRAIN | epoch=052/100 | batch=01563/01563 (100.00%) | lr=1.000e-03 | elapsed=0:12:54 | eta=0:00:00
    losses | total=4.5688e+00 | fourier=4.5688e+00 | amplitude=1.9599e-02 | phase=1.1516e-02 | support=3.3113e+00
2026-08-08 11:02:12 | INFO    | TRAIN epoch 052 complete | batches=1563 | samples=25000 | time=0:12:54
2026-08-08 11:02:18 | INFO    | VAL | epoch=052/100 | batch=00050/00313 ( 15.97%) | elapsed=0:00:06 | eta=0:00:33
    losses | total=5.2849e+00 | fourier=5.2849e+00 | amplitude=1.9019e-02 | phase=1.2470e-02 | support=2.6275e+00
2026-08-08 11:02:24 | INFO    | VAL | epoch=052/100 | batch=00100/00313 ( 31.95%) | elapsed=0:00:12 | eta=0:00:27
    losses | total=4.8788e+00 | fourier=4.8788e+00 | amplitude=1.7413e-02 | phase=1.1437e-02 | support=2.3527e+00
2026-08-08 11:02:31 | INFO    | VAL | epoch=052/100 | batch=00150/00313 ( 47.92%) | elapsed=0:00:18 | eta=0:00:20
    losses | total=4.9139e+00 | fourier=4.9139e+00 | amplitude=1.9621e-02 | phase=1.0252e-02 | support=2.9751e+00
2026-08-08 11:02:37 | INFO    | VAL | epoch=052/100 | batch=00200/00313 ( 63.90%) | elapsed=0:00:25 | eta=0:00:14
    losses | total=4.8642e+00 | fourier=4.8642e+00 | amplitude=1.8485e-02 | phase=1.0349e-02 | support=2.5773e+00
2026-08-08 11:02:43 | INFO    | VAL | epoch=052/100 | batch=00250/00313 ( 79.87%) | elapsed=0:00:31 | eta=0:00:07
    losses | total=5.2149e+00 | fourier=5.2149e+00 | amplitude=1.8859e-02 | phase=1.2810e-02 | support=2.4311e+00
2026-08-08 11:02:50 | INFO    | VAL | epoch=052/100 | batch=00300/00313 ( 95.85%) | elapsed=0:00:37 | eta=0:00:01
    losses | total=5.0585e+00 | fourier=5.0585e+00 | amplitude=2.0742e-02 | phase=1.1964e-02 | support=2.8103e+00
2026-08-08 11:02:51 | INFO    | VAL | epoch=052/100 | batch=00313/00313 (100.00%) | elapsed=0:00:39 | eta=0:00:00
    losses | total=5.0114e+00 | fourier=5.0114e+00 | amplitude=2.0182e-02 | phase=1.2679e-02 | support=2.7110e+00
2026-08-08 11:02:51 | INFO    | VAL epoch 052 complete | batches=313 | samples=5000 | time=0:00:39
2026-08-08 11:02:52 | INFO    | 
------------------------------------------------------------------------------------------------
Epoch 052/100 summary
split             total      fourier    amplitude        phase      support        time
train        4.8365e+00   4.8365e+00   1.9410e-02   1.1164e-02   2.7888e+00     0:12:54
validation   5.0254e+00   5.0254e+00   1.8741e-02   1.1101e-02   2.6410e+00     0:00:39
lr=1.000e-03 | best_val=5.0254e+00 | best_updated=yes | periodic_checkpoint=no
------------------------------------------------------------------------------------------------
2026-08-08 11:03:17 | INFO    | TRAIN | epoch=053/100 | batch=00050/01563 (  3.20%) | lr=1.000e-03 | elapsed=0:00:24 | eta=0:12:33
    losses | total=4.9366e+00 | fourier=4.9366e+00 | amplitude=1.7942e-02 | phase=1.3169e-02 | support=2.6940e+00
2026-08-08 11:03:41 | INFO    | TRAIN | epoch=053/100 | batch=00100/01563 (  6.40%) | lr=1.000e-03 | elapsed=0:00:49 | eta=0:12:06
    losses | total=4.8793e+00 | fourier=4.8793e+00 | amplitude=2.1044e-02 | phase=1.0968e-02 | support=2.8454e+00
2026-08-08 11:04:06 | INFO    | TRAIN | epoch=053/100 | batch=00150/01563 (  9.60%) | lr=1.000e-03 | elapsed=0:01:14 | eta=0:11:41
    losses | total=4.9325e+00 | fourier=4.9325e+00 | amplitude=2.0671e-02 | phase=1.0906e-02 | support=2.7148e+00
2026-08-08 11:04:31 | INFO    | TRAIN | epoch=053/100 | batch=00200/01563 ( 12.80%) | lr=1.000e-03 | elapsed=0:01:39 | eta=0:11:15
    losses | total=4.9633e+00 | fourier=4.9633e+00 | amplitude=2.0087e-02 | phase=1.0893e-02 | support=2.9247e+00
2026-08-08 11:04:56 | INFO    | TRAIN | epoch=053/100 | batch=00250/01563 ( 15.99%) | lr=1.000e-03 | elapsed=0:02:03 | eta=0:10:51
    losses | total=5.1353e+00 | fourier=5.1353e+00 | amplitude=2.1207e-02 | phase=1.1085e-02 | support=3.0314e+00
2026-08-08 11:05:21 | INFO    | TRAIN | epoch=053/100 | batch=00300/01563 ( 19.19%) | lr=1.000e-03 | elapsed=0:02:28 | eta=0:10:26
    losses | total=4.8207e+00 | fourier=4.8207e+00 | amplitude=2.0316e-02 | phase=1.1506e-02 | support=3.0138e+00
2026-08-08 11:05:45 | INFO    | TRAIN | epoch=053/100 | batch=00350/01563 ( 22.39%) | lr=1.000e-03 | elapsed=0:02:53 | eta=0:10:01
    losses | total=4.5837e+00 | fourier=4.5837e+00 | amplitude=1.6534e-02 | phase=8.8339e-03 | support=2.6576e+00
2026-08-08 11:06:10 | INFO    | TRAIN | epoch=053/100 | batch=00400/01563 ( 25.59%) | lr=1.000e-03 | elapsed=0:03:18 | eta=0:09:36
    losses | total=4.6121e+00 | fourier=4.6121e+00 | amplitude=1.7873e-02 | phase=1.1914e-02 | support=2.7161e+00
2026-08-08 11:06:35 | INFO    | TRAIN | epoch=053/100 | batch=00450/01563 ( 28.79%) | lr=1.000e-03 | elapsed=0:03:43 | eta=0:09:11
    losses | total=4.7833e+00 | fourier=4.7833e+00 | amplitude=1.8095e-02 | phase=1.0400e-02 | support=2.6048e+00
2026-08-08 11:07:00 | INFO    | TRAIN | epoch=053/100 | batch=00500/01563 ( 31.99%) | lr=1.000e-03 | elapsed=0:04:07 | eta=0:08:46
    losses | total=4.4954e+00 | fourier=4.4954e+00 | amplitude=1.8697e-02 | phase=9.0292e-03 | support=2.8255e+00
2026-08-08 11:07:24 | INFO    | TRAIN | epoch=053/100 | batch=00550/01563 ( 35.19%) | lr=1.000e-03 | elapsed=0:04:32 | eta=0:08:21
    losses | total=4.6019e+00 | fourier=4.6019e+00 | amplitude=1.9262e-02 | phase=1.0787e-02 | support=3.2184e+00
2026-08-08 11:07:49 | INFO    | TRAIN | epoch=053/100 | batch=00600/01563 ( 38.39%) | lr=1.000e-03 | elapsed=0:04:57 | eta=0:07:57
    losses | total=4.9308e+00 | fourier=4.9308e+00 | amplitude=1.9980e-02 | phase=1.0403e-02 | support=3.0145e+00
2026-08-08 11:08:14 | INFO    | TRAIN | epoch=053/100 | batch=00650/01563 ( 41.59%) | lr=1.000e-03 | elapsed=0:05:22 | eta=0:07:32
    losses | total=4.9797e+00 | fourier=4.9797e+00 | amplitude=1.8623e-02 | phase=9.6624e-03 | support=2.8962e+00
2026-08-08 11:08:39 | INFO    | TRAIN | epoch=053/100 | batch=00700/01563 ( 44.79%) | lr=1.000e-03 | elapsed=0:05:46 | eta=0:07:07
    losses | total=4.6315e+00 | fourier=4.6315e+00 | amplitude=1.8286e-02 | phase=1.2325e-02 | support=2.7193e+00
2026-08-08 11:09:03 | INFO    | TRAIN | epoch=053/100 | batch=00750/01563 ( 47.98%) | lr=1.000e-03 | elapsed=0:06:11 | eta=0:06:42
    losses | total=4.8480e+00 | fourier=4.8480e+00 | amplitude=1.8095e-02 | phase=8.9593e-03 | support=2.6682e+00
2026-08-08 11:09:28 | INFO    | TRAIN | epoch=053/100 | batch=00800/01563 ( 51.18%) | lr=1.000e-03 | elapsed=0:06:36 | eta=0:06:18
    losses | total=4.9273e+00 | fourier=4.9273e+00 | amplitude=2.0181e-02 | phase=1.2962e-02 | support=2.8129e+00
2026-08-08 11:09:53 | INFO    | TRAIN | epoch=053/100 | batch=00850/01563 ( 54.38%) | lr=1.000e-03 | elapsed=0:07:01 | eta=0:05:53
    losses | total=4.9830e+00 | fourier=4.9830e+00 | amplitude=2.0096e-02 | phase=1.0604e-02 | support=2.6265e+00
2026-08-08 11:10:18 | INFO    | TRAIN | epoch=053/100 | batch=00900/01563 ( 57.58%) | lr=1.000e-03 | elapsed=0:07:25 | eta=0:05:28
    losses | total=4.9025e+00 | fourier=4.9025e+00 | amplitude=2.0708e-02 | phase=1.1011e-02 | support=2.9087e+00
2026-08-08 11:10:42 | INFO    | TRAIN | epoch=053/100 | batch=00950/01563 ( 60.78%) | lr=1.000e-03 | elapsed=0:07:50 | eta=0:05:03
    losses | total=4.8830e+00 | fourier=4.8830e+00 | amplitude=2.1192e-02 | phase=1.1609e-02 | support=2.9570e+00
2026-08-08 11:11:07 | INFO    | TRAIN | epoch=053/100 | batch=01000/01563 ( 63.98%) | lr=1.000e-03 | elapsed=0:08:15 | eta=0:04:38
    losses | total=5.1793e+00 | fourier=5.1793e+00 | amplitude=2.2352e-02 | phase=1.0403e-02 | support=2.5761e+00
2026-08-08 11:11:32 | INFO    | TRAIN | epoch=053/100 | batch=01050/01563 ( 67.18%) | lr=1.000e-03 | elapsed=0:08:40 | eta=0:04:14
    losses | total=4.8606e+00 | fourier=4.8606e+00 | amplitude=2.2845e-02 | phase=1.2768e-02 | support=2.9067e+00
2026-08-08 11:11:57 | INFO    | TRAIN | epoch=053/100 | batch=01100/01563 ( 70.38%) | lr=1.000e-03 | elapsed=0:09:04 | eta=0:03:49
    losses | total=4.5426e+00 | fourier=4.5426e+00 | amplitude=1.8944e-02 | phase=1.2854e-02 | support=3.1109e+00
2026-08-08 11:12:22 | INFO    | TRAIN | epoch=053/100 | batch=01150/01563 ( 73.58%) | lr=1.000e-03 | elapsed=0:09:29 | eta=0:03:24
    losses | total=4.8389e+00 | fourier=4.8389e+00 | amplitude=1.6854e-02 | phase=1.2625e-02 | support=2.6381e+00
2026-08-08 11:12:46 | INFO    | TRAIN | epoch=053/100 | batch=01200/01563 ( 76.78%) | lr=1.000e-03 | elapsed=0:09:54 | eta=0:02:59
    losses | total=5.1577e+00 | fourier=5.1577e+00 | amplitude=2.1990e-02 | phase=9.5966e-03 | support=2.7807e+00
2026-08-08 11:13:11 | INFO    | TRAIN | epoch=053/100 | batch=01250/01563 ( 79.97%) | lr=1.000e-03 | elapsed=0:10:19 | eta=0:02:35
    losses | total=4.9508e+00 | fourier=4.9508e+00 | amplitude=2.0717e-02 | phase=9.9582e-03 | support=3.1182e+00
2026-08-08 11:13:36 | INFO    | TRAIN | epoch=053/100 | batch=01300/01563 ( 83.17%) | lr=1.000e-03 | elapsed=0:10:44 | eta=0:02:10
    losses | total=5.2199e+00 | fourier=5.2199e+00 | amplitude=2.0491e-02 | phase=1.0536e-02 | support=2.7820e+00
2026-08-08 11:14:01 | INFO    | TRAIN | epoch=053/100 | batch=01350/01563 ( 86.37%) | lr=1.000e-03 | elapsed=0:11:08 | eta=0:01:45
    losses | total=5.1765e+00 | fourier=5.1765e+00 | amplitude=2.0643e-02 | phase=9.6566e-03 | support=2.8346e+00
2026-08-08 11:14:25 | INFO    | TRAIN | epoch=053/100 | batch=01400/01563 ( 89.57%) | lr=1.000e-03 | elapsed=0:11:33 | eta=0:01:20
    losses | total=5.3148e+00 | fourier=5.3148e+00 | amplitude=2.0122e-02 | phase=1.1939e-02 | support=2.8435e+00
2026-08-08 11:14:50 | INFO    | TRAIN | epoch=053/100 | batch=01450/01563 ( 92.77%) | lr=1.000e-03 | elapsed=0:11:58 | eta=0:00:55
    losses | total=4.9781e+00 | fourier=4.9781e+00 | amplitude=1.9432e-02 | phase=1.1622e-02 | support=2.8227e+00
2026-08-08 11:15:15 | INFO    | TRAIN | epoch=053/100 | batch=01500/01563 ( 95.97%) | lr=1.000e-03 | elapsed=0:12:23 | eta=0:00:31
    losses | total=4.5949e+00 | fourier=4.5949e+00 | amplitude=1.7102e-02 | phase=1.0241e-02 | support=2.5700e+00
2026-08-08 11:15:40 | INFO    | TRAIN | epoch=053/100 | batch=01550/01563 ( 99.17%) | lr=1.000e-03 | elapsed=0:12:47 | eta=0:00:06
    losses | total=5.1789e+00 | fourier=5.1789e+00 | amplitude=1.9759e-02 | phase=1.1320e-02 | support=2.5757e+00
2026-08-08 11:15:46 | INFO    | TRAIN | epoch=053/100 | batch=01563/01563 (100.00%) | lr=1.000e-03 | elapsed=0:12:54 | eta=0:00:00
    losses | total=4.7876e+00 | fourier=4.7876e+00 | amplitude=2.1377e-02 | phase=1.0187e-02 | support=3.1502e+00
2026-08-08 11:15:46 | INFO    | TRAIN epoch 053 complete | batches=1563 | samples=25000 | time=0:12:54
2026-08-08 11:15:53 | INFO    | VAL | epoch=053/100 | batch=00050/00313 ( 15.97%) | elapsed=0:00:06 | eta=0:00:33
    losses | total=5.3113e+00 | fourier=5.3113e+00 | amplitude=1.9419e-02 | phase=1.2703e-02 | support=2.6042e+00
2026-08-08 11:15:59 | INFO    | VAL | epoch=053/100 | batch=00100/00313 ( 31.95%) | elapsed=0:00:12 | eta=0:00:27
    losses | total=4.9005e+00 | fourier=4.9005e+00 | amplitude=1.7545e-02 | phase=1.1082e-02 | support=2.4099e+00
2026-08-08 11:16:05 | INFO    | VAL | epoch=053/100 | batch=00150/00313 ( 47.92%) | elapsed=0:00:18 | eta=0:00:20
    losses | total=4.8957e+00 | fourier=4.8957e+00 | amplitude=1.9971e-02 | phase=9.4929e-03 | support=2.9798e+00
2026-08-08 11:16:11 | INFO    | VAL | epoch=053/100 | batch=00200/00313 ( 63.90%) | elapsed=0:00:25 | eta=0:00:14
    losses | total=4.8845e+00 | fourier=4.8845e+00 | amplitude=1.8717e-02 | phase=1.0325e-02 | support=2.5546e+00
2026-08-08 11:16:18 | INFO    | VAL | epoch=053/100 | batch=00250/00313 ( 79.87%) | elapsed=0:00:31 | eta=0:00:07
    losses | total=5.2249e+00 | fourier=5.2249e+00 | amplitude=1.9117e-02 | phase=1.2586e-02 | support=2.4776e+00
2026-08-08 11:16:24 | INFO    | VAL | epoch=053/100 | batch=00300/00313 ( 95.85%) | elapsed=0:00:37 | eta=0:00:01
    losses | total=5.0866e+00 | fourier=5.0866e+00 | amplitude=2.0792e-02 | phase=1.1426e-02 | support=2.8171e+00
2026-08-08 11:16:26 | INFO    | VAL | epoch=053/100 | batch=00313/00313 (100.00%) | elapsed=0:00:39 | eta=0:00:00
    losses | total=4.9949e+00 | fourier=4.9949e+00 | amplitude=2.0291e-02 | phase=1.2629e-02 | support=2.7313e+00
2026-08-08 11:16:26 | INFO    | VAL epoch 053 complete | batches=313 | samples=5000 | time=0:00:39
2026-08-08 11:16:26 | INFO    | 
------------------------------------------------------------------------------------------------
Epoch 053/100 summary
split             total      fourier    amplitude        phase      support        time
train        4.8274e+00   4.8274e+00   1.9418e-02   1.1217e-02   2.7778e+00     0:12:54
validation   5.0349e+00   5.0349e+00   1.8955e-02   1.0804e-02   2.6602e+00     0:00:39
lr=1.000e-03 | best_val=5.0254e+00 | best_updated=no | periodic_checkpoint=no
------------------------------------------------------------------------------------------------
2026-08-08 11:16:51 | INFO    | TRAIN | epoch=054/100 | batch=00050/01563 (  3.20%) | lr=1.000e-03 | elapsed=0:00:24 | eta=0:12:33
    losses | total=4.9845e+00 | fourier=4.9845e+00 | amplitude=2.0185e-02 | phase=1.1097e-02 | support=2.5728e+00
2026-08-08 11:17:16 | INFO    | TRAIN | epoch=054/100 | batch=00100/01563 (  6.40%) | lr=1.000e-03 | elapsed=0:00:49 | eta=0:12:06
    losses | total=4.5260e+00 | fourier=4.5260e+00 | amplitude=1.7641e-02 | phase=1.0479e-02 | support=2.7089e+00
2026-08-08 11:17:40 | INFO    | TRAIN | epoch=054/100 | batch=00150/01563 (  9.60%) | lr=1.000e-03 | elapsed=0:01:14 | eta=0:11:41
    losses | total=4.5295e+00 | fourier=4.5295e+00 | amplitude=1.8243e-02 | phase=1.1862e-02 | support=2.8899e+00
2026-08-08 11:18:05 | INFO    | TRAIN | epoch=054/100 | batch=00200/01563 ( 12.80%) | lr=1.000e-03 | elapsed=0:01:39 | eta=0:11:16
    losses | total=4.6930e+00 | fourier=4.6930e+00 | amplitude=1.7130e-02 | phase=1.0134e-02 | support=2.7764e+00
2026-08-08 11:18:30 | INFO    | TRAIN | epoch=054/100 | batch=00250/01563 ( 15.99%) | lr=1.000e-03 | elapsed=0:02:03 | eta=0:10:51
    losses | total=4.6080e+00 | fourier=4.6080e+00 | amplitude=1.9867e-02 | phase=1.1387e-02 | support=2.7338e+00
2026-08-08 11:18:55 | INFO    | TRAIN | epoch=054/100 | batch=00300/01563 ( 19.19%) | lr=1.000e-03 | elapsed=0:02:28 | eta=0:10:26
    losses | total=4.8717e+00 | fourier=4.8717e+00 | amplitude=1.9043e-02 | phase=9.9915e-03 | support=2.8568e+00
2026-08-08 11:19:19 | INFO    | TRAIN | epoch=054/100 | batch=00350/01563 ( 22.39%) | lr=1.000e-03 | elapsed=0:02:53 | eta=0:10:01
    losses | total=4.8796e+00 | fourier=4.8796e+00 | amplitude=2.1235e-02 | phase=1.3443e-02 | support=2.9706e+00
2026-08-08 11:19:44 | INFO    | TRAIN | epoch=054/100 | batch=00400/01563 ( 25.59%) | lr=1.000e-03 | elapsed=0:03:18 | eta=0:09:36
    losses | total=5.0039e+00 | fourier=5.0039e+00 | amplitude=2.1004e-02 | phase=1.0906e-02 | support=2.9564e+00
2026-08-08 11:20:09 | INFO    | TRAIN | epoch=054/100 | batch=00450/01563 ( 28.79%) | lr=1.000e-03 | elapsed=0:03:43 | eta=0:09:11
    losses | total=4.7765e+00 | fourier=4.7765e+00 | amplitude=2.0597e-02 | phase=1.2610e-02 | support=2.8261e+00
2026-08-08 11:20:34 | INFO    | TRAIN | epoch=054/100 | batch=00500/01563 ( 31.99%) | lr=1.000e-03 | elapsed=0:04:07 | eta=0:08:46
    losses | total=5.0964e+00 | fourier=5.0964e+00 | amplitude=2.2306e-02 | phase=1.1097e-02 | support=2.7020e+00
2026-08-08 11:20:58 | INFO    | TRAIN | epoch=054/100 | batch=00550/01563 ( 35.19%) | lr=1.000e-03 | elapsed=0:04:32 | eta=0:08:21
    losses | total=4.8061e+00 | fourier=4.8061e+00 | amplitude=1.8177e-02 | phase=1.1737e-02 | support=2.6026e+00
2026-08-08 11:21:23 | INFO    | TRAIN | epoch=054/100 | batch=00600/01563 ( 38.39%) | lr=1.000e-03 | elapsed=0:04:57 | eta=0:07:57
    losses | total=4.7537e+00 | fourier=4.7537e+00 | amplitude=1.8904e-02 | phase=1.0803e-02 | support=2.9031e+00
2026-08-08 11:21:48 | INFO    | TRAIN | epoch=054/100 | batch=00650/01563 ( 41.59%) | lr=1.000e-03 | elapsed=0:05:22 | eta=0:07:32
    losses | total=4.8608e+00 | fourier=4.8608e+00 | amplitude=1.9034e-02 | phase=1.1392e-02 | support=2.6563e+00
2026-08-08 11:22:13 | INFO    | TRAIN | epoch=054/100 | batch=00700/01563 ( 44.79%) | lr=1.000e-03 | elapsed=0:05:46 | eta=0:07:07
    losses | total=5.0341e+00 | fourier=5.0341e+00 | amplitude=2.0416e-02 | phase=1.2178e-02 | support=2.5789e+00
2026-08-08 11:22:38 | INFO    | TRAIN | epoch=054/100 | batch=00750/01563 ( 47.98%) | lr=1.000e-03 | elapsed=0:06:11 | eta=0:06:42
    losses | total=4.5565e+00 | fourier=4.5565e+00 | amplitude=1.8290e-02 | phase=9.3113e-03 | support=3.0506e+00
2026-08-08 11:23:02 | INFO    | TRAIN | epoch=054/100 | batch=00800/01563 ( 51.18%) | lr=1.000e-03 | elapsed=0:06:36 | eta=0:06:18
    losses | total=4.8503e+00 | fourier=4.8503e+00 | amplitude=1.9967e-02 | phase=1.0008e-02 | support=2.8650e+00
2026-08-08 11:23:27 | INFO    | TRAIN | epoch=054/100 | batch=00850/01563 ( 54.38%) | lr=1.000e-03 | elapsed=0:07:01 | eta=0:05:53
    losses | total=5.0591e+00 | fourier=5.0591e+00 | amplitude=2.1112e-02 | phase=1.1341e-02 | support=3.0901e+00
2026-08-08 11:23:52 | INFO    | TRAIN | epoch=054/100 | batch=00900/01563 ( 57.58%) | lr=1.000e-03 | elapsed=0:07:25 | eta=0:05:28
    losses | total=4.8753e+00 | fourier=4.8753e+00 | amplitude=1.9504e-02 | phase=1.1296e-02 | support=2.8934e+00
2026-08-08 11:24:17 | INFO    | TRAIN | epoch=054/100 | batch=00950/01563 ( 60.78%) | lr=1.000e-03 | elapsed=0:07:50 | eta=0:05:03
    losses | total=4.4471e+00 | fourier=4.4471e+00 | amplitude=1.6289e-02 | phase=9.4343e-03 | support=2.8634e+00
2026-08-08 11:24:41 | INFO    | TRAIN | epoch=054/100 | batch=01000/01563 ( 63.98%) | lr=1.000e-03 | elapsed=0:08:15 | eta=0:04:38
    losses | total=5.0708e+00 | fourier=5.0708e+00 | amplitude=2.3005e-02 | phase=1.1468e-02 | support=3.1211e+00
2026-08-08 11:25:06 | INFO    | TRAIN | epoch=054/100 | batch=01050/01563 ( 67.18%) | lr=1.000e-03 | elapsed=0:08:40 | eta=0:04:14
    losses | total=4.8634e+00 | fourier=4.8634e+00 | amplitude=1.9598e-02 | phase=1.1618e-02 | support=2.8246e+00
2026-08-08 11:25:31 | INFO    | TRAIN | epoch=054/100 | batch=01100/01563 ( 70.38%) | lr=1.000e-03 | elapsed=0:09:04 | eta=0:03:49
    losses | total=4.6093e+00 | fourier=4.6093e+00 | amplitude=1.8716e-02 | phase=1.0426e-02 | support=2.7200e+00
2026-08-08 11:25:56 | INFO    | TRAIN | epoch=054/100 | batch=01150/01563 ( 73.58%) | lr=1.000e-03 | elapsed=0:09:29 | eta=0:03:24
    losses | total=4.8751e+00 | fourier=4.8751e+00 | amplitude=2.1719e-02 | phase=1.2120e-02 | support=2.8205e+00
2026-08-08 11:26:20 | INFO    | TRAIN | epoch=054/100 | batch=01200/01563 ( 76.78%) | lr=1.000e-03 | elapsed=0:09:54 | eta=0:02:59
    losses | total=4.9971e+00 | fourier=4.9971e+00 | amplitude=2.0091e-02 | phase=1.1556e-02 | support=2.6343e+00
2026-08-08 11:26:45 | INFO    | TRAIN | epoch=054/100 | batch=01250/01563 ( 79.97%) | lr=1.000e-03 | elapsed=0:10:19 | eta=0:02:35
    losses | total=4.6883e+00 | fourier=4.6883e+00 | amplitude=2.0125e-02 | phase=1.2560e-02 | support=2.5415e+00
2026-08-08 11:27:10 | INFO    | TRAIN | epoch=054/100 | batch=01300/01563 ( 83.17%) | lr=1.000e-03 | elapsed=0:10:43 | eta=0:02:10
    losses | total=4.4851e+00 | fourier=4.4851e+00 | amplitude=1.8187e-02 | phase=1.0325e-02 | support=2.8560e+00
2026-08-08 11:27:35 | INFO    | TRAIN | epoch=054/100 | batch=01350/01563 ( 86.37%) | lr=1.000e-03 | elapsed=0:11:08 | eta=0:01:45
    losses | total=4.6174e+00 | fourier=4.6174e+00 | amplitude=1.8170e-02 | phase=9.7338e-03 | support=2.9396e+00
2026-08-08 11:27:59 | INFO    | TRAIN | epoch=054/100 | batch=01400/01563 ( 89.57%) | lr=1.000e-03 | elapsed=0:11:33 | eta=0:01:20
    losses | total=4.6486e+00 | fourier=4.6486e+00 | amplitude=1.9125e-02 | phase=1.0892e-02 | support=2.7623e+00
2026-08-08 11:28:24 | INFO    | TRAIN | epoch=054/100 | batch=01450/01563 ( 92.77%) | lr=1.000e-03 | elapsed=0:11:58 | eta=0:00:55
    losses | total=4.9500e+00 | fourier=4.9500e+00 | amplitude=2.2776e-02 | phase=1.2022e-02 | support=3.0397e+00
2026-08-08 11:28:49 | INFO    | TRAIN | epoch=054/100 | batch=01500/01563 ( 95.97%) | lr=1.000e-03 | elapsed=0:12:23 | eta=0:00:31
    losses | total=5.0868e+00 | fourier=5.0868e+00 | amplitude=2.0901e-02 | phase=1.1123e-02 | support=2.5358e+00
2026-08-08 11:29:14 | INFO    | TRAIN | epoch=054/100 | batch=01550/01563 ( 99.17%) | lr=1.000e-03 | elapsed=0:12:47 | eta=0:00:06
    losses | total=4.5674e+00 | fourier=4.5674e+00 | amplitude=1.9046e-02 | phase=1.0056e-02 | support=2.9674e+00
2026-08-08 11:29:20 | INFO    | TRAIN | epoch=054/100 | batch=01563/01563 (100.00%) | lr=1.000e-03 | elapsed=0:12:53 | eta=0:00:00
    losses | total=4.5955e+00 | fourier=4.5955e+00 | amplitude=1.6120e-02 | phase=1.0683e-02 | support=2.5868e+00
2026-08-08 11:29:20 | INFO    | TRAIN epoch 054 complete | batches=1563 | samples=25000 | time=0:12:54
2026-08-08 11:29:27 | INFO    | VAL | epoch=054/100 | batch=00050/00313 ( 15.97%) | elapsed=0:00:06 | eta=0:00:33
    losses | total=5.2933e+00 | fourier=5.2933e+00 | amplitude=1.9697e-02 | phase=1.3032e-02 | support=2.7767e+00
2026-08-08 11:29:33 | INFO    | VAL | epoch=054/100 | batch=00100/00313 ( 31.95%) | elapsed=0:00:12 | eta=0:00:27
    losses | total=4.8821e+00 | fourier=4.8821e+00 | amplitude=1.7763e-02 | phase=1.1635e-02 | support=2.4759e+00
2026-08-08 11:29:39 | INFO    | VAL | epoch=054/100 | batch=00150/00313 ( 47.92%) | elapsed=0:00:18 | eta=0:00:20
    losses | total=4.8411e+00 | fourier=4.8411e+00 | amplitude=1.9970e-02 | phase=1.0339e-02 | support=2.9773e+00
2026-08-08 11:29:46 | INFO    | VAL | epoch=054/100 | batch=00200/00313 ( 63.90%) | elapsed=0:00:25 | eta=0:00:14
    losses | total=4.8166e+00 | fourier=4.8166e+00 | amplitude=1.9002e-02 | phase=1.0839e-02 | support=2.7178e+00
2026-08-08 11:29:52 | INFO    | VAL | epoch=054/100 | batch=00250/00313 ( 79.87%) | elapsed=0:00:31 | eta=0:00:07
    losses | total=5.2214e+00 | fourier=5.2214e+00 | amplitude=1.9636e-02 | phase=1.3275e-02 | support=2.5922e+00
2026-08-08 11:29:58 | INFO    | VAL | epoch=054/100 | batch=00300/00313 ( 95.85%) | elapsed=0:00:37 | eta=0:00:01
    losses | total=5.0772e+00 | fourier=5.0772e+00 | amplitude=2.1048e-02 | phase=1.2134e-02 | support=2.8248e+00
2026-08-08 11:30:00 | INFO    | VAL | epoch=054/100 | batch=00313/00313 (100.00%) | elapsed=0:00:39 | eta=0:00:00
    losses | total=5.0319e+00 | fourier=5.0319e+00 | amplitude=2.0928e-02 | phase=1.3023e-02 | support=2.9137e+00
2026-08-08 11:30:00 | INFO    | VAL epoch 054 complete | batches=313 | samples=5000 | time=0:00:39
2026-08-08 11:30:00 | INFO    | 
------------------------------------------------------------------------------------------------
Epoch 054/100 summary
split             total      fourier    amplitude        phase      support        time
train        4.8169e+00   4.8169e+00   1.9464e-02   1.1247e-02   2.7702e+00     0:12:54
validation   5.0055e+00   5.0055e+00   1.9220e-02   1.1453e-02   2.7349e+00     0:00:39
lr=1.000e-03 | best_val=5.0055e+00 | best_updated=yes | periodic_checkpoint=no
------------------------------------------------------------------------------------------------
2026-08-08 11:30:25 | INFO    | TRAIN | epoch=055/100 | batch=00050/01563 (  3.20%) | lr=1.000e-03 | elapsed=0:00:24 | eta=0:12:33
    losses | total=4.7598e+00 | fourier=4.7598e+00 | amplitude=1.9049e-02 | phase=1.0726e-02 | support=3.1946e+00
2026-08-08 11:30:50 | INFO    | TRAIN | epoch=055/100 | batch=00100/01563 (  6.40%) | lr=1.000e-03 | elapsed=0:00:49 | eta=0:12:06
    losses | total=4.7975e+00 | fourier=4.7975e+00 | amplitude=1.8602e-02 | phase=1.0289e-02 | support=2.5944e+00
2026-08-08 11:31:15 | INFO    | TRAIN | epoch=055/100 | batch=00150/01563 (  9.60%) | lr=1.000e-03 | elapsed=0:01:14 | eta=0:11:41
    losses | total=4.4596e+00 | fourier=4.4596e+00 | amplitude=1.6742e-02 | phase=1.0594e-02 | support=2.8995e+00
2026-08-08 11:31:40 | INFO    | TRAIN | epoch=055/100 | batch=00200/01563 ( 12.80%) | lr=1.000e-03 | elapsed=0:01:39 | eta=0:11:16
    losses | total=4.7249e+00 | fourier=4.7249e+00 | amplitude=1.7706e-02 | phase=9.3171e-03 | support=2.5092e+00
2026-08-08 11:32:04 | INFO    | TRAIN | epoch=055/100 | batch=00250/01563 ( 15.99%) | lr=1.000e-03 | elapsed=0:02:03 | eta=0:10:51
    losses | total=5.0864e+00 | fourier=5.0864e+00 | amplitude=2.1706e-02 | phase=1.0581e-02 | support=2.8593e+00
2026-08-08 11:32:29 | INFO    | TRAIN | epoch=055/100 | batch=00300/01563 ( 19.19%) | lr=1.000e-03 | elapsed=0:02:28 | eta=0:10:26
    losses | total=5.1404e+00 | fourier=5.1404e+00 | amplitude=2.0021e-02 | phase=1.0953e-02 | support=2.7969e+00
2026-08-08 11:32:54 | INFO    | TRAIN | epoch=055/100 | batch=00350/01563 ( 22.39%) | lr=1.000e-03 | elapsed=0:02:53 | eta=0:10:01
    losses | total=4.6985e+00 | fourier=4.6985e+00 | amplitude=1.7589e-02 | phase=1.1968e-02 | support=2.6963e+00
2026-08-08 11:33:19 | INFO    | TRAIN | epoch=055/100 | batch=00400/01563 ( 25.59%) | lr=1.000e-03 | elapsed=0:03:18 | eta=0:09:36
    losses | total=4.9171e+00 | fourier=4.9171e+00 | amplitude=1.9114e-02 | phase=1.2625e-02 | support=2.8189e+00
2026-08-08 11:33:43 | INFO    | TRAIN | epoch=055/100 | batch=00450/01563 ( 28.79%) | lr=1.000e-03 | elapsed=0:03:43 | eta=0:09:11
    losses | total=5.0859e+00 | fourier=5.0859e+00 | amplitude=2.2607e-02 | phase=1.3793e-02 | support=2.8378e+00
2026-08-08 11:34:08 | INFO    | TRAIN | epoch=055/100 | batch=00500/01563 ( 31.99%) | lr=1.000e-03 | elapsed=0:04:07 | eta=0:08:46
    losses | total=4.5512e+00 | fourier=4.5512e+00 | amplitude=1.9688e-02 | phase=9.2290e-03 | support=2.9044e+00
2026-08-08 11:34:33 | INFO    | TRAIN | epoch=055/100 | batch=00550/01563 ( 35.19%) | lr=1.000e-03 | elapsed=0:04:32 | eta=0:08:22
    losses | total=4.4542e+00 | fourier=4.4542e+00 | amplitude=1.9308e-02 | phase=9.6286e-03 | support=3.0923e+00
2026-08-08 11:34:58 | INFO    | TRAIN | epoch=055/100 | batch=00600/01563 ( 38.39%) | lr=1.000e-03 | elapsed=0:04:57 | eta=0:07:57
    losses | total=4.8152e+00 | fourier=4.8152e+00 | amplitude=1.8368e-02 | phase=1.1388e-02 | support=2.7375e+00
2026-08-08 11:35:22 | INFO    | TRAIN | epoch=055/100 | batch=00650/01563 ( 41.59%) | lr=1.000e-03 | elapsed=0:05:22 | eta=0:07:32
    losses | total=4.4610e+00 | fourier=4.4610e+00 | amplitude=1.6115e-02 | phase=1.1055e-02 | support=2.6738e+00
2026-08-08 11:35:47 | INFO    | TRAIN | epoch=055/100 | batch=00700/01563 ( 44.79%) | lr=1.000e-03 | elapsed=0:05:46 | eta=0:07:07
    losses | total=4.5402e+00 | fourier=4.5402e+00 | amplitude=1.7812e-02 | phase=9.9733e-03 | support=2.4887e+00
2026-08-08 11:36:12 | INFO    | TRAIN | epoch=055/100 | batch=00750/01563 ( 47.98%) | lr=1.000e-03 | elapsed=0:06:11 | eta=0:06:42
    losses | total=4.8869e+00 | fourier=4.8869e+00 | amplitude=2.1045e-02 | phase=1.4198e-02 | support=2.9688e+00
2026-08-08 11:36:37 | INFO    | TRAIN | epoch=055/100 | batch=00800/01563 ( 51.18%) | lr=1.000e-03 | elapsed=0:06:36 | eta=0:06:18
    losses | total=4.9638e+00 | fourier=4.9638e+00 | amplitude=2.2722e-02 | phase=1.3211e-02 | support=2.8781e+00
2026-08-08 11:37:01 | INFO    | TRAIN | epoch=055/100 | batch=00850/01563 ( 54.38%) | lr=1.000e-03 | elapsed=0:07:01 | eta=0:05:53
    losses | total=4.4941e+00 | fourier=4.4941e+00 | amplitude=1.8545e-02 | phase=1.1279e-02 | support=2.9888e+00
2026-08-08 11:37:26 | INFO    | TRAIN | epoch=055/100 | batch=00900/01563 ( 57.58%) | lr=1.000e-03 | elapsed=0:07:25 | eta=0:05:28
    losses | total=4.8694e+00 | fourier=4.8694e+00 | amplitude=2.1453e-02 | phase=1.1509e-02 | support=2.7413e+00
2026-08-08 11:37:51 | INFO    | TRAIN | epoch=055/100 | batch=00950/01563 ( 60.78%) | lr=1.000e-03 | elapsed=0:07:50 | eta=0:05:03
    losses | total=4.8607e+00 | fourier=4.8607e+00 | amplitude=1.7143e-02 | phase=1.1245e-02 | support=2.6463e+00
2026-08-08 11:38:16 | INFO    | TRAIN | epoch=055/100 | batch=01000/01563 ( 63.98%) | lr=1.000e-03 | elapsed=0:08:15 | eta=0:04:38
    losses | total=4.5465e+00 | fourier=4.5465e+00 | amplitude=1.6170e-02 | phase=9.3794e-03 | support=2.7781e+00
2026-08-08 11:38:41 | INFO    | TRAIN | epoch=055/100 | batch=01050/01563 ( 67.18%) | lr=1.000e-03 | elapsed=0:08:40 | eta=0:04:14
    losses | total=4.4539e+00 | fourier=4.4539e+00 | amplitude=1.6690e-02 | phase=1.0857e-02 | support=2.6277e+00
2026-08-08 11:39:05 | INFO    | TRAIN | epoch=055/100 | batch=01100/01563 ( 70.38%) | lr=1.000e-03 | elapsed=0:09:04 | eta=0:03:49
    losses | total=4.9689e+00 | fourier=4.9689e+00 | amplitude=1.9316e-02 | phase=1.0083e-02 | support=2.8585e+00
2026-08-08 11:39:30 | INFO    | TRAIN | epoch=055/100 | batch=01150/01563 ( 73.58%) | lr=1.000e-03 | elapsed=0:09:29 | eta=0:03:24
    losses | total=4.7105e+00 | fourier=4.7105e+00 | amplitude=2.0833e-02 | phase=1.2234e-02 | support=2.9360e+00
2026-08-08 11:39:55 | INFO    | TRAIN | epoch=055/100 | batch=01200/01563 ( 76.78%) | lr=1.000e-03 | elapsed=0:09:54 | eta=0:02:59
    losses | total=4.6811e+00 | fourier=4.6811e+00 | amplitude=1.9959e-02 | phase=1.0223e-02 | support=2.8208e+00
2026-08-08 11:40:20 | INFO    | TRAIN | epoch=055/100 | batch=01250/01563 ( 79.97%) | lr=1.000e-03 | elapsed=0:10:19 | eta=0:02:35
    losses | total=4.7396e+00 | fourier=4.7396e+00 | amplitude=1.6658e-02 | phase=1.0619e-02 | support=2.6532e+00
2026-08-08 11:40:44 | INFO    | TRAIN | epoch=055/100 | batch=01300/01563 ( 83.17%) | lr=1.000e-03 | elapsed=0:10:44 | eta=0:02:10
    losses | total=4.6410e+00 | fourier=4.6410e+00 | amplitude=1.8058e-02 | phase=1.1761e-02 | support=2.6247e+00
2026-08-08 11:41:09 | INFO    | TRAIN | epoch=055/100 | batch=01350/01563 ( 86.37%) | lr=1.000e-03 | elapsed=0:11:08 | eta=0:01:45
    losses | total=4.8059e+00 | fourier=4.8059e+00 | amplitude=1.8642e-02 | phase=1.2488e-02 | support=2.6630e+00
2026-08-08 11:41:34 | INFO    | TRAIN | epoch=055/100 | batch=01400/01563 ( 89.57%) | lr=1.000e-03 | elapsed=0:11:33 | eta=0:01:20
    losses | total=4.9954e+00 | fourier=4.9954e+00 | amplitude=2.0420e-02 | phase=1.1293e-02 | support=2.8625e+00
2026-08-08 11:41:59 | INFO    | TRAIN | epoch=055/100 | batch=01450/01563 ( 92.77%) | lr=1.000e-03 | elapsed=0:11:58 | eta=0:00:55
    losses | total=4.8729e+00 | fourier=4.8729e+00 | amplitude=1.8394e-02 | phase=1.1665e-02 | support=2.7150e+00
2026-08-08 11:42:23 | INFO    | TRAIN | epoch=055/100 | batch=01500/01563 ( 95.97%) | lr=1.000e-03 | elapsed=0:12:23 | eta=0:00:31
    losses | total=4.9202e+00 | fourier=4.9202e+00 | amplitude=2.0405e-02 | phase=1.0201e-02 | support=2.8072e+00
2026-08-08 11:42:48 | INFO    | TRAIN | epoch=055/100 | batch=01550/01563 ( 99.17%) | lr=1.000e-03 | elapsed=0:12:47 | eta=0:00:06
    losses | total=4.5724e+00 | fourier=4.5724e+00 | amplitude=1.6483e-02 | phase=1.1949e-02 | support=2.6526e+00
2026-08-08 11:42:54 | INFO    | TRAIN | epoch=055/100 | batch=01563/01563 (100.00%) | lr=1.000e-03 | elapsed=0:12:54 | eta=0:00:00
    losses | total=5.0253e+00 | fourier=5.0253e+00 | amplitude=2.0932e-02 | phase=1.2415e-02 | support=2.8273e+00
2026-08-08 11:42:55 | INFO    | TRAIN epoch 055 complete | batches=1563 | samples=25000 | time=0:12:54
2026-08-08 11:43:01 | INFO    | VAL | epoch=055/100 | batch=00050/00313 ( 15.97%) | elapsed=0:00:06 | eta=0:00:33
    losses | total=5.2895e+00 | fourier=5.2895e+00 | amplitude=1.9649e-02 | phase=1.2490e-02 | support=2.7276e+00
2026-08-08 11:43:07 | INFO    | VAL | epoch=055/100 | batch=00100/00313 ( 31.95%) | elapsed=0:00:12 | eta=0:00:27
    losses | total=4.9340e+00 | fourier=4.9340e+00 | amplitude=1.7575e-02 | phase=1.0859e-02 | support=2.4207e+00
2026-08-08 11:43:14 | INFO    | VAL | epoch=055/100 | batch=00150/00313 ( 47.92%) | elapsed=0:00:18 | eta=0:00:20
    losses | total=4.8624e+00 | fourier=4.8624e+00 | amplitude=1.9891e-02 | phase=9.5197e-03 | support=2.9965e+00
2026-08-08 11:43:20 | INFO    | VAL | epoch=055/100 | batch=00200/00313 ( 63.90%) | elapsed=0:00:25 | eta=0:00:14
    losses | total=4.8513e+00 | fourier=4.8513e+00 | amplitude=1.8662e-02 | phase=9.9797e-03 | support=2.6292e+00
2026-08-08 11:43:26 | INFO    | VAL | epoch=055/100 | batch=00250/00313 ( 79.87%) | elapsed=0:00:31 | eta=0:00:07
    losses | total=5.2302e+00 | fourier=5.2302e+00 | amplitude=1.9259e-02 | phase=1.2040e-02 | support=2.5419e+00
2026-08-08 11:43:32 | INFO    | VAL | epoch=055/100 | batch=00300/00313 ( 95.85%) | elapsed=0:00:37 | eta=0:00:01
    losses | total=5.0991e+00 | fourier=5.0991e+00 | amplitude=2.0832e-02 | phase=1.1253e-02 | support=2.8508e+00
2026-08-08 11:43:34 | INFO    | VAL | epoch=055/100 | batch=00313/00313 (100.00%) | elapsed=0:00:39 | eta=0:00:00
    losses | total=5.0186e+00 | fourier=5.0186e+00 | amplitude=2.0589e-02 | phase=1.1957e-02 | support=2.8677e+00
2026-08-08 11:43:34 | INFO    | VAL epoch 055 complete | batches=313 | samples=5000 | time=0:00:39
2026-08-08 11:43:34 | INFO    | 
------------------------------------------------------------------------------------------------
Epoch 055/100 summary
split             total      fourier    amplitude        phase      support        time
train        4.8068e+00   4.8068e+00   1.9491e-02   1.1319e-02   2.8086e+00     0:12:54
validation   5.0264e+00   5.0264e+00   1.9040e-02   1.0644e-02   2.7100e+00     0:00:39
lr=1.000e-03 | best_val=5.0055e+00 | best_updated=no | periodic_checkpoint=no
------------------------------------------------------------------------------------------------
2026-08-08 11:43:59 | INFO    | TRAIN | epoch=056/100 | batch=00050/01563 (  3.20%) | lr=1.000e-03 | elapsed=0:00:24 | eta=0:12:33
    losses | total=4.4598e+00 | fourier=4.4598e+00 | amplitude=1.7682e-02 | phase=1.0992e-02 | support=2.9336e+00
2026-08-08 11:44:24 | INFO    | TRAIN | epoch=056/100 | batch=00100/01563 (  6.40%) | lr=1.000e-03 | elapsed=0:00:49 | eta=0:12:06
    losses | total=4.4657e+00 | fourier=4.4657e+00 | amplitude=1.8942e-02 | phase=9.8116e-03 | support=2.7346e+00
2026-08-08 11:44:49 | INFO    | TRAIN | epoch=056/100 | batch=00150/01563 (  9.60%) | lr=1.000e-03 | elapsed=0:01:14 | eta=0:11:41
    losses | total=4.4776e+00 | fourier=4.4776e+00 | amplitude=1.7906e-02 | phase=1.1217e-02 | support=2.8195e+00
2026-08-08 11:45:14 | INFO    | TRAIN | epoch=056/100 | batch=00200/01563 ( 12.80%) | lr=1.000e-03 | elapsed=0:01:39 | eta=0:11:16
    losses | total=4.7706e+00 | fourier=4.7706e+00 | amplitude=1.9362e-02 | phase=1.2380e-02 | support=2.8041e+00
2026-08-08 11:45:38 | INFO    | TRAIN | epoch=056/100 | batch=00250/01563 ( 15.99%) | lr=1.000e-03 | elapsed=0:02:03 | eta=0:10:51
    losses | total=4.7530e+00 | fourier=4.7530e+00 | amplitude=2.0129e-02 | phase=1.2868e-02 | support=3.1129e+00
2026-08-08 11:46:03 | INFO    | TRAIN | epoch=056/100 | batch=00300/01563 ( 19.19%) | lr=1.000e-03 | elapsed=0:02:28 | eta=0:10:26
    losses | total=5.3451e+00 | fourier=5.3451e+00 | amplitude=2.5143e-02 | phase=1.3580e-02 | support=3.1985e+00
2026-08-08 11:46:28 | INFO    | TRAIN | epoch=056/100 | batch=00350/01563 ( 22.39%) | lr=1.000e-03 | elapsed=0:02:53 | eta=0:10:01
    losses | total=5.0831e+00 | fourier=5.0831e+00 | amplitude=2.0172e-02 | phase=1.1491e-02 | support=2.8040e+00
2026-08-08 11:46:53 | INFO    | TRAIN | epoch=056/100 | batch=00400/01563 ( 25.59%) | lr=1.000e-03 | elapsed=0:03:18 | eta=0:09:36
    losses | total=4.9645e+00 | fourier=4.9645e+00 | amplitude=1.9901e-02 | phase=1.0011e-02 | support=2.9408e+00
2026-08-08 11:47:17 | INFO    | TRAIN | epoch=056/100 | batch=00450/01563 ( 28.79%) | lr=1.000e-03 | elapsed=0:03:43 | eta=0:09:11
    losses | total=4.9247e+00 | fourier=4.9247e+00 | amplitude=2.1473e-02 | phase=9.9551e-03 | support=2.8465e+00
2026-08-08 11:47:42 | INFO    | TRAIN | epoch=056/100 | batch=00500/01563 ( 31.99%) | lr=1.000e-03 | elapsed=0:04:07 | eta=0:08:46
    losses | total=4.7925e+00 | fourier=4.7925e+00 | amplitude=2.0621e-02 | phase=1.3063e-02 | support=2.9821e+00
2026-08-08 11:48:07 | INFO    | TRAIN | epoch=056/100 | batch=00550/01563 ( 35.19%) | lr=1.000e-03 | elapsed=0:04:32 | eta=0:08:22
    losses | total=4.7511e+00 | fourier=4.7511e+00 | amplitude=2.0425e-02 | phase=9.5113e-03 | support=3.0496e+00
2026-08-08 11:48:32 | INFO    | TRAIN | epoch=056/100 | batch=00600/01563 ( 38.39%) | lr=1.000e-03 | elapsed=0:04:57 | eta=0:07:57
    losses | total=4.9460e+00 | fourier=4.9460e+00 | amplitude=2.0465e-02 | phase=1.1877e-02 | support=3.1625e+00
2026-08-08 11:48:57 | INFO    | TRAIN | epoch=056/100 | batch=00650/01563 ( 41.59%) | lr=1.000e-03 | elapsed=0:05:22 | eta=0:07:32
    losses | total=4.8708e+00 | fourier=4.8708e+00 | amplitude=1.8989e-02 | phase=1.2833e-02 | support=2.6928e+00
2026-08-08 11:49:21 | INFO    | TRAIN | epoch=056/100 | batch=00700/01563 ( 44.79%) | lr=1.000e-03 | elapsed=0:05:46 | eta=0:07:07
    losses | total=4.8027e+00 | fourier=4.8027e+00 | amplitude=2.0660e-02 | phase=1.0989e-02 | support=2.7978e+00
2026-08-08 11:49:46 | INFO    | TRAIN | epoch=056/100 | batch=00750/01563 ( 47.98%) | lr=1.000e-03 | elapsed=0:06:11 | eta=0:06:42
    losses | total=5.1709e+00 | fourier=5.1709e+00 | amplitude=2.1947e-02 | phase=1.2983e-02 | support=2.9978e+00
2026-08-08 11:50:11 | INFO    | TRAIN | epoch=056/100 | batch=00800/01563 ( 51.18%) | lr=1.000e-03 | elapsed=0:06:36 | eta=0:06:18
    losses | total=4.7975e+00 | fourier=4.7975e+00 | amplitude=1.9756e-02 | phase=1.1983e-02 | support=2.8879e+00
2026-08-08 11:50:36 | INFO    | TRAIN | epoch=056/100 | batch=00850/01563 ( 54.38%) | lr=1.000e-03 | elapsed=0:07:01 | eta=0:05:53
    losses | total=5.0334e+00 | fourier=5.0334e+00 | amplitude=2.3031e-02 | phase=1.2395e-02 | support=3.1174e+00
2026-08-08 11:51:00 | INFO    | TRAIN | epoch=056/100 | batch=00900/01563 ( 57.58%) | lr=1.000e-03 | elapsed=0:07:25 | eta=0:05:28
    losses | total=4.4869e+00 | fourier=4.4869e+00 | amplitude=1.5650e-02 | phase=1.0229e-02 | support=2.4979e+00
2026-08-08 11:51:25 | INFO    | TRAIN | epoch=056/100 | batch=00950/01563 ( 60.78%) | lr=1.000e-03 | elapsed=0:07:50 | eta=0:05:03
    losses | total=4.3992e+00 | fourier=4.3992e+00 | amplitude=1.8802e-02 | phase=1.1374e-02 | support=3.4858e+00
2026-08-08 11:51:50 | INFO    | TRAIN | epoch=056/100 | batch=01000/01563 ( 63.98%) | lr=1.000e-03 | elapsed=0:08:15 | eta=0:04:38
    losses | total=4.7178e+00 | fourier=4.7178e+00 | amplitude=1.9661e-02 | phase=1.0232e-02 | support=2.6591e+00
2026-08-08 11:52:15 | INFO    | TRAIN | epoch=056/100 | batch=01050/01563 ( 67.18%) | lr=1.000e-03 | elapsed=0:08:40 | eta=0:04:14
    losses | total=4.6997e+00 | fourier=4.6997e+00 | amplitude=1.8423e-02 | phase=1.0279e-02 | support=2.8259e+00
2026-08-08 11:52:39 | INFO    | TRAIN | epoch=056/100 | batch=01100/01563 ( 70.38%) | lr=1.000e-03 | elapsed=0:09:04 | eta=0:03:49
    losses | total=4.8342e+00 | fourier=4.8342e+00 | amplitude=2.0461e-02 | phase=1.1327e-02 | support=2.9235e+00
2026-08-08 11:53:04 | INFO    | TRAIN | epoch=056/100 | batch=01150/01563 ( 73.58%) | lr=1.000e-03 | elapsed=0:09:29 | eta=0:03:24
    losses | total=4.8508e+00 | fourier=4.8508e+00 | amplitude=1.8628e-02 | phase=1.1734e-02 | support=2.5612e+00
2026-08-08 11:53:29 | INFO    | TRAIN | epoch=056/100 | batch=01200/01563 ( 76.78%) | lr=1.000e-03 | elapsed=0:09:54 | eta=0:02:59
    losses | total=4.8645e+00 | fourier=4.8645e+00 | amplitude=1.8241e-02 | phase=1.1606e-02 | support=2.6391e+00
2026-08-08 11:53:54 | INFO    | TRAIN | epoch=056/100 | batch=01250/01563 ( 79.97%) | lr=1.000e-03 | elapsed=0:10:19 | eta=0:02:35
    losses | total=4.6955e+00 | fourier=4.6955e+00 | amplitude=1.7112e-02 | phase=1.0394e-02 | support=2.5592e+00
2026-08-08 11:54:18 | INFO    | TRAIN | epoch=056/100 | batch=01300/01563 ( 83.17%) | lr=1.000e-03 | elapsed=0:10:44 | eta=0:02:10
    losses | total=4.6207e+00 | fourier=4.6207e+00 | amplitude=2.0831e-02 | phase=1.0082e-02 | support=3.0111e+00
2026-08-08 11:54:43 | INFO    | TRAIN | epoch=056/100 | batch=01350/01563 ( 86.37%) | lr=1.000e-03 | elapsed=0:11:08 | eta=0:01:45
    losses | total=5.1758e+00 | fourier=5.1758e+00 | amplitude=2.0954e-02 | phase=1.1762e-02 | support=2.6062e+00
2026-08-08 11:55:08 | INFO    | TRAIN | epoch=056/100 | batch=01400/01563 ( 89.57%) | lr=1.000e-03 | elapsed=0:11:33 | eta=0:01:20
    losses | total=4.6923e+00 | fourier=4.6923e+00 | amplitude=1.9150e-02 | phase=1.0044e-02 | support=2.9565e+00
2026-08-08 11:55:33 | INFO    | TRAIN | epoch=056/100 | batch=01450/01563 ( 92.77%) | lr=1.000e-03 | elapsed=0:11:58 | eta=0:00:55
    losses | total=5.3263e+00 | fourier=5.3263e+00 | amplitude=2.2910e-02 | phase=1.1294e-02 | support=2.8951e+00
2026-08-08 11:55:58 | INFO    | TRAIN | epoch=056/100 | batch=01500/01563 ( 95.97%) | lr=1.000e-03 | elapsed=0:12:23 | eta=0:00:31
    losses | total=4.8844e+00 | fourier=4.8844e+00 | amplitude=1.8516e-02 | phase=1.1973e-02 | support=3.1559e+00
2026-08-08 11:56:22 | INFO    | TRAIN | epoch=056/100 | batch=01550/01563 ( 99.17%) | lr=1.000e-03 | elapsed=0:12:47 | eta=0:00:06
    losses | total=4.8156e+00 | fourier=4.8156e+00 | amplitude=1.8621e-02 | phase=1.2888e-02 | support=2.6404e+00
2026-08-08 11:56:29 | INFO    | TRAIN | epoch=056/100 | batch=01563/01563 (100.00%) | lr=1.000e-03 | elapsed=0:12:54 | eta=0:00:00
    losses | total=4.5532e+00 | fourier=4.5532e+00 | amplitude=2.0337e-02 | phase=1.2182e-02 | support=3.2024e+00
2026-08-08 11:56:29 | INFO    | TRAIN epoch 056 complete | batches=1563 | samples=25000 | time=0:12:54
2026-08-08 11:56:35 | INFO    | VAL | epoch=056/100 | batch=00050/00313 ( 15.97%) | elapsed=0:00:06 | eta=0:00:33
    losses | total=5.3212e+00 | fourier=5.3212e+00 | amplitude=1.9913e-02 | phase=1.2624e-02 | support=2.8965e+00
2026-08-08 11:56:41 | INFO    | VAL | epoch=056/100 | batch=00100/00313 ( 31.95%) | elapsed=0:00:12 | eta=0:00:27
    losses | total=4.9008e+00 | fourier=4.9008e+00 | amplitude=1.8218e-02 | phase=1.1427e-02 | support=2.6021e+00
2026-08-08 11:56:48 | INFO    | VAL | epoch=056/100 | batch=00150/00313 ( 47.92%) | elapsed=0:00:18 | eta=0:00:20
    losses | total=4.9078e+00 | fourier=4.9078e+00 | amplitude=2.0215e-02 | phase=9.7201e-03 | support=3.2391e+00
2026-08-08 11:56:54 | INFO    | VAL | epoch=056/100 | batch=00200/00313 ( 63.90%) | elapsed=0:00:25 | eta=0:00:14
    losses | total=4.8527e+00 | fourier=4.8527e+00 | amplitude=1.9261e-02 | phase=1.0527e-02 | support=2.8402e+00
2026-08-08 11:57:00 | INFO    | VAL | epoch=056/100 | batch=00250/00313 ( 79.87%) | elapsed=0:00:31 | eta=0:00:07
    losses | total=5.2595e+00 | fourier=5.2595e+00 | amplitude=1.9786e-02 | phase=1.2289e-02 | support=2.7589e+00
2026-08-08 11:57:07 | INFO    | VAL | epoch=056/100 | batch=00300/00313 ( 95.85%) | elapsed=0:00:37 | eta=0:00:01
    losses | total=5.0784e+00 | fourier=5.0784e+00 | amplitude=2.1212e-02 | phase=1.1874e-02 | support=3.0012e+00
2026-08-08 11:57:08 | INFO    | VAL | epoch=056/100 | batch=00313/00313 (100.00%) | elapsed=0:00:39 | eta=0:00:00
    losses | total=5.0213e+00 | fourier=5.0213e+00 | amplitude=2.1424e-02 | phase=1.2247e-02 | support=3.1463e+00
2026-08-08 11:57:08 | INFO    | VAL epoch 056 complete | batches=313 | samples=5000 | time=0:00:39
2026-08-08 11:57:09 | INFO    | 
------------------------------------------------------------------------------------------------
Epoch 056/100 summary
split             total      fourier    amplitude        phase      support        time
train        4.7975e+00   4.7975e+00   1.9529e-02   1.1360e-02   2.8471e+00     0:12:54
validation   5.0372e+00   5.0372e+00   1.9443e-02   1.0961e-02   2.9082e+00     0:00:39
lr=1.000e-03 | best_val=5.0055e+00 | best_updated=no | periodic_checkpoint=no
------------------------------------------------------------------------------------------------
2026-08-08 11:57:33 | INFO    | TRAIN | epoch=057/100 | batch=00050/01563 (  3.20%) | lr=1.000e-03 | elapsed=0:00:24 | eta=0:12:33
    losses | total=4.7279e+00 | fourier=4.7279e+00 | amplitude=1.8563e-02 | phase=1.0916e-02 | support=2.8042e+00
2026-08-08 11:57:58 | INFO    | TRAIN | epoch=057/100 | batch=00100/01563 (  6.40%) | lr=1.000e-03 | elapsed=0:00:49 | eta=0:12:06
    losses | total=5.0820e+00 | fourier=5.0820e+00 | amplitude=2.1453e-02 | phase=1.1806e-02 | support=2.7174e+00
2026-08-08 11:58:23 | INFO    | TRAIN | epoch=057/100 | batch=00150/01563 (  9.60%) | lr=1.000e-03 | elapsed=0:01:14 | eta=0:11:41
    losses | total=4.6876e+00 | fourier=4.6876e+00 | amplitude=1.7595e-02 | phase=1.0509e-02 | support=2.7761e+00
2026-08-08 11:58:48 | INFO    | TRAIN | epoch=057/100 | batch=00200/01563 ( 12.80%) | lr=1.000e-03 | elapsed=0:01:39 | eta=0:11:16
    losses | total=4.6111e+00 | fourier=4.6111e+00 | amplitude=1.9454e-02 | phase=1.1905e-02 | support=2.8205e+00
2026-08-08 11:59:13 | INFO    | TRAIN | epoch=057/100 | batch=00250/01563 ( 15.99%) | lr=1.000e-03 | elapsed=0:02:03 | eta=0:10:51
    losses | total=4.8139e+00 | fourier=4.8139e+00 | amplitude=1.8895e-02 | phase=9.5863e-03 | support=2.8137e+00
2026-08-08 11:59:37 | INFO    | TRAIN | epoch=057/100 | batch=00300/01563 ( 19.19%) | lr=1.000e-03 | elapsed=0:02:28 | eta=0:10:26
    losses | total=4.7406e+00 | fourier=4.7406e+00 | amplitude=2.1412e-02 | phase=1.1895e-02 | support=3.0186e+00
2026-08-08 12:00:02 | INFO    | TRAIN | epoch=057/100 | batch=00350/01563 ( 22.39%) | lr=1.000e-03 | elapsed=0:02:53 | eta=0:10:01
    losses | total=4.6608e+00 | fourier=4.6608e+00 | amplitude=1.6037e-02 | phase=1.0876e-02 | support=2.6385e+00
2026-08-08 12:00:27 | INFO    | TRAIN | epoch=057/100 | batch=00400/01563 ( 25.59%) | lr=1.000e-03 | elapsed=0:03:18 | eta=0:09:36
    losses | total=4.5375e+00 | fourier=4.5375e+00 | amplitude=1.8303e-02 | phase=9.2180e-03 | support=2.9461e+00
2026-08-08 12:00:52 | INFO    | TRAIN | epoch=057/100 | batch=00450/01563 ( 28.79%) | lr=1.000e-03 | elapsed=0:03:43 | eta=0:09:11
    losses | total=4.8203e+00 | fourier=4.8203e+00 | amplitude=1.8576e-02 | phase=1.0991e-02 | support=2.9906e+00
2026-08-08 12:01:16 | INFO    | TRAIN | epoch=057/100 | batch=00500/01563 ( 31.99%) | lr=1.000e-03 | elapsed=0:04:07 | eta=0:08:46
    losses | total=4.6692e+00 | fourier=4.6692e+00 | amplitude=1.8337e-02 | phase=1.2898e-02 | support=2.7879e+00
2026-08-08 12:01:41 | INFO    | TRAIN | epoch=057/100 | batch=00550/01563 ( 35.19%) | lr=1.000e-03 | elapsed=0:04:32 | eta=0:08:21
    losses | total=4.6512e+00 | fourier=4.6512e+00 | amplitude=2.2405e-02 | phase=8.9354e-03 | support=3.1965e+00
2026-08-08 12:02:06 | INFO    | TRAIN | epoch=057/100 | batch=00600/01563 ( 38.39%) | lr=1.000e-03 | elapsed=0:04:57 | eta=0:07:57
    losses | total=4.8618e+00 | fourier=4.8618e+00 | amplitude=1.9551e-02 | phase=1.2350e-02 | support=2.6420e+00
2026-08-08 12:02:31 | INFO    | TRAIN | epoch=057/100 | batch=00650/01563 ( 41.59%) | lr=1.000e-03 | elapsed=0:05:22 | eta=0:07:32
    losses | total=4.8239e+00 | fourier=4.8239e+00 | amplitude=1.8987e-02 | phase=1.0734e-02 | support=2.9048e+00
2026-08-08 12:02:55 | INFO    | TRAIN | epoch=057/100 | batch=00700/01563 ( 44.79%) | lr=1.000e-03 | elapsed=0:05:46 | eta=0:07:07
    losses | total=4.4107e+00 | fourier=4.4107e+00 | amplitude=1.8589e-02 | phase=9.9163e-03 | support=3.0269e+00
2026-08-08 12:03:20 | INFO    | TRAIN | epoch=057/100 | batch=00750/01563 ( 47.98%) | lr=1.000e-03 | elapsed=0:06:11 | eta=0:06:42
    losses | total=4.6188e+00 | fourier=4.6188e+00 | amplitude=1.8307e-02 | phase=1.0057e-02 | support=2.7375e+00
2026-08-08 12:03:45 | INFO    | TRAIN | epoch=057/100 | batch=00800/01563 ( 51.18%) | lr=1.000e-03 | elapsed=0:06:36 | eta=0:06:18
    losses | total=4.6475e+00 | fourier=4.6475e+00 | amplitude=1.8788e-02 | phase=1.0123e-02 | support=3.0296e+00
2026-08-08 12:04:10 | INFO    | TRAIN | epoch=057/100 | batch=00850/01563 ( 54.38%) | lr=1.000e-03 | elapsed=0:07:01 | eta=0:05:53
    losses | total=4.5353e+00 | fourier=4.5353e+00 | amplitude=1.8747e-02 | phase=9.5769e-03 | support=2.7797e+00
2026-08-08 12:04:34 | INFO    | TRAIN | epoch=057/100 | batch=00900/01563 ( 57.58%) | lr=1.000e-03 | elapsed=0:07:25 | eta=0:05:28
    losses | total=4.8309e+00 | fourier=4.8309e+00 | amplitude=1.9065e-02 | phase=1.1814e-02 | support=2.7208e+00
2026-08-08 12:04:59 | INFO    | TRAIN | epoch=057/100 | batch=00950/01563 ( 60.78%) | lr=1.000e-03 | elapsed=0:07:50 | eta=0:05:03
    losses | total=4.6284e+00 | fourier=4.6284e+00 | amplitude=1.6077e-02 | phase=1.0412e-02 | support=2.6833e+00
2026-08-08 12:05:24 | INFO    | TRAIN | epoch=057/100 | batch=01000/01563 ( 63.98%) | lr=1.000e-03 | elapsed=0:08:15 | eta=0:04:38
    losses | total=4.5181e+00 | fourier=4.5181e+00 | amplitude=2.1528e-02 | phase=1.0809e-02 | support=3.0345e+00
2026-08-08 12:05:49 | INFO    | TRAIN | epoch=057/100 | batch=01050/01563 ( 67.18%) | lr=1.000e-03 | elapsed=0:08:40 | eta=0:04:14
    losses | total=4.9223e+00 | fourier=4.9223e+00 | amplitude=1.9868e-02 | phase=1.2218e-02 | support=2.8076e+00
2026-08-08 12:06:14 | INFO    | TRAIN | epoch=057/100 | batch=01100/01563 ( 70.38%) | lr=1.000e-03 | elapsed=0:09:04 | eta=0:03:49
    losses | total=4.9251e+00 | fourier=4.9251e+00 | amplitude=2.1310e-02 | phase=1.0565e-02 | support=2.8189e+00
2026-08-08 12:06:38 | INFO    | TRAIN | epoch=057/100 | batch=01150/01563 ( 73.58%) | lr=1.000e-03 | elapsed=0:09:29 | eta=0:03:24
    losses | total=4.7269e+00 | fourier=4.7269e+00 | amplitude=1.9849e-02 | phase=9.7833e-03 | support=3.2390e+00
2026-08-08 12:07:03 | INFO    | TRAIN | epoch=057/100 | batch=01200/01563 ( 76.78%) | lr=1.000e-03 | elapsed=0:09:54 | eta=0:02:59
    losses | total=4.5103e+00 | fourier=4.5103e+00 | amplitude=1.8354e-02 | phase=1.3184e-02 | support=2.7880e+00
2026-08-08 12:07:28 | INFO    | TRAIN | epoch=057/100 | batch=01250/01563 ( 79.97%) | lr=1.000e-03 | elapsed=0:10:19 | eta=0:02:35
    losses | total=4.3734e+00 | fourier=4.3734e+00 | amplitude=1.8436e-02 | phase=1.1642e-02 | support=3.0330e+00
2026-08-08 12:07:53 | INFO    | TRAIN | epoch=057/100 | batch=01300/01563 ( 83.17%) | lr=1.000e-03 | elapsed=0:10:44 | eta=0:02:10
    losses | total=4.8568e+00 | fourier=4.8568e+00 | amplitude=1.8982e-02 | phase=1.1678e-02 | support=2.8376e+00
2026-08-08 12:08:17 | INFO    | TRAIN | epoch=057/100 | batch=01350/01563 ( 86.37%) | lr=1.000e-03 | elapsed=0:11:08 | eta=0:01:45
    losses | total=4.3764e+00 | fourier=4.3764e+00 | amplitude=1.6627e-02 | phase=1.0414e-02 | support=2.8340e+00
2026-08-08 12:08:42 | INFO    | TRAIN | epoch=057/100 | batch=01400/01563 ( 89.57%) | lr=1.000e-03 | elapsed=0:11:33 | eta=0:01:20
    losses | total=4.8357e+00 | fourier=4.8357e+00 | amplitude=1.8414e-02 | phase=1.0102e-02 | support=2.6015e+00
2026-08-08 12:09:07 | INFO    | TRAIN | epoch=057/100 | batch=01450/01563 ( 92.77%) | lr=1.000e-03 | elapsed=0:11:58 | eta=0:00:55
    losses | total=4.4872e+00 | fourier=4.4872e+00 | amplitude=1.6409e-02 | phase=1.0149e-02 | support=2.4658e+00
2026-08-08 12:09:32 | INFO    | TRAIN | epoch=057/100 | batch=01500/01563 ( 95.97%) | lr=1.000e-03 | elapsed=0:12:23 | eta=0:00:31
    losses | total=4.5217e+00 | fourier=4.5217e+00 | amplitude=1.7953e-02 | phase=1.0911e-02 | support=2.8689e+00
2026-08-08 12:09:56 | INFO    | TRAIN | epoch=057/100 | batch=01550/01563 ( 99.17%) | lr=1.000e-03 | elapsed=0:12:47 | eta=0:00:06
    losses | total=4.4869e+00 | fourier=4.4869e+00 | amplitude=1.9520e-02 | phase=1.1469e-02 | support=3.0471e+00
2026-08-08 12:10:03 | INFO    | TRAIN | epoch=057/100 | batch=01563/01563 (100.00%) | lr=1.000e-03 | elapsed=0:12:54 | eta=0:00:00
    losses | total=5.1337e+00 | fourier=5.1337e+00 | amplitude=2.2898e-02 | phase=1.0713e-02 | support=2.8406e+00
2026-08-08 12:10:03 | INFO    | TRAIN epoch 057 complete | batches=1563 | samples=25000 | time=0:12:54
2026-08-08 12:10:09 | INFO    | VAL | epoch=057/100 | batch=00050/00313 ( 15.97%) | elapsed=0:00:06 | eta=0:00:33
    losses | total=5.2881e+00 | fourier=5.2881e+00 | amplitude=2.0044e-02 | phase=1.2513e-02 | support=2.8542e+00
2026-08-08 12:10:16 | INFO    | VAL | epoch=057/100 | batch=00100/00313 ( 31.95%) | elapsed=0:00:12 | eta=0:00:27
    losses | total=4.8755e+00 | fourier=4.8755e+00 | amplitude=1.8165e-02 | phase=1.1699e-02 | support=2.5844e+00
2026-08-08 12:10:22 | INFO    | VAL | epoch=057/100 | batch=00150/00313 ( 47.92%) | elapsed=0:00:18 | eta=0:00:20
    losses | total=4.8762e+00 | fourier=4.8762e+00 | amplitude=2.0252e-02 | phase=9.9471e-03 | support=3.1032e+00
2026-08-08 12:10:28 | INFO    | VAL | epoch=057/100 | batch=00200/00313 ( 63.90%) | elapsed=0:00:25 | eta=0:00:14
    losses | total=4.8278e+00 | fourier=4.8278e+00 | amplitude=1.9269e-02 | phase=1.0817e-02 | support=2.7807e+00
2026-08-08 12:10:34 | INFO    | VAL | epoch=057/100 | batch=00250/00313 ( 79.87%) | elapsed=0:00:31 | eta=0:00:07
    losses | total=5.1999e+00 | fourier=5.1999e+00 | amplitude=1.9909e-02 | phase=1.2526e-02 | support=2.7044e+00
2026-08-08 12:10:41 | INFO    | VAL | epoch=057/100 | batch=00300/00313 ( 95.85%) | elapsed=0:00:37 | eta=0:00:01
    losses | total=5.0765e+00 | fourier=5.0765e+00 | amplitude=2.1318e-02 | phase=1.2530e-02 | support=2.9977e+00
2026-08-08 12:10:42 | INFO    | VAL | epoch=057/100 | batch=00313/00313 (100.00%) | elapsed=0:00:39 | eta=0:00:00
    losses | total=4.9983e+00 | fourier=4.9983e+00 | amplitude=2.1268e-02 | phase=1.2498e-02 | support=3.1191e+00
2026-08-08 12:10:42 | INFO    | VAL epoch 057 complete | batches=313 | samples=5000 | time=0:00:39
2026-08-08 12:10:43 | INFO    | 
------------------------------------------------------------------------------------------------
Epoch 057/100 summary
split             total      fourier    amplitude        phase      support        time
train        4.7862e+00   4.7862e+00   1.9598e-02   1.1421e-02   2.8730e+00     0:12:54
validation   4.9988e+00   4.9988e+00   1.9499e-02   1.1395e-02   2.8399e+00     0:00:39
lr=1.000e-03 | best_val=4.9988e+00 | best_updated=yes | periodic_checkpoint=no
------------------------------------------------------------------------------------------------
2026-08-08 12:11:08 | INFO    | TRAIN | epoch=058/100 | batch=00050/01563 (  3.20%) | lr=1.000e-03 | elapsed=0:00:24 | eta=0:12:33
    losses | total=5.0324e+00 | fourier=5.0324e+00 | amplitude=1.9609e-02 | phase=1.1271e-02 | support=2.7886e+00
2026-08-08 12:11:33 | INFO    | TRAIN | epoch=058/100 | batch=00100/01563 (  6.40%) | lr=1.000e-03 | elapsed=0:00:49 | eta=0:12:06
    losses | total=5.1168e+00 | fourier=5.1168e+00 | amplitude=2.0534e-02 | phase=1.3891e-02 | support=2.6479e+00
2026-08-08 12:11:57 | INFO    | TRAIN | epoch=058/100 | batch=00150/01563 (  9.60%) | lr=1.000e-03 | elapsed=0:01:14 | eta=0:11:41
    losses | total=4.6856e+00 | fourier=4.6856e+00 | amplitude=1.9151e-02 | phase=1.3259e-02 | support=2.9519e+00
2026-08-08 12:12:22 | INFO    | TRAIN | epoch=058/100 | batch=00200/01563 ( 12.80%) | lr=1.000e-03 | elapsed=0:01:39 | eta=0:11:15
    losses | total=4.5981e+00 | fourier=4.5981e+00 | amplitude=1.9198e-02 | phase=9.9111e-03 | support=2.7817e+00
2026-08-08 12:12:47 | INFO    | TRAIN | epoch=058/100 | batch=00250/01563 ( 15.99%) | lr=1.000e-03 | elapsed=0:02:03 | eta=0:10:51
    losses | total=5.0536e+00 | fourier=5.0536e+00 | amplitude=2.0141e-02 | phase=1.1272e-02 | support=2.7671e+00
2026-08-08 12:13:12 | INFO    | TRAIN | epoch=058/100 | batch=00300/01563 ( 19.19%) | lr=1.000e-03 | elapsed=0:02:28 | eta=0:10:26
    losses | total=4.6094e+00 | fourier=4.6094e+00 | amplitude=1.9868e-02 | phase=1.0366e-02 | support=2.7933e+00
2026-08-08 12:13:36 | INFO    | TRAIN | epoch=058/100 | batch=00350/01563 ( 22.39%) | lr=1.000e-03 | elapsed=0:02:53 | eta=0:10:01
    losses | total=4.9831e+00 | fourier=4.9831e+00 | amplitude=2.0466e-02 | phase=1.1220e-02 | support=2.7579e+00
2026-08-08 12:14:01 | INFO    | TRAIN | epoch=058/100 | batch=00400/01563 ( 25.59%) | lr=1.000e-03 | elapsed=0:03:18 | eta=0:09:36
    losses | total=5.0029e+00 | fourier=5.0029e+00 | amplitude=1.9801e-02 | phase=1.0984e-02 | support=2.7775e+00
2026-08-08 12:14:26 | INFO    | TRAIN | epoch=058/100 | batch=00450/01563 ( 28.79%) | lr=1.000e-03 | elapsed=0:03:43 | eta=0:09:11
    losses | total=4.9746e+00 | fourier=4.9746e+00 | amplitude=1.8983e-02 | phase=1.1288e-02 | support=2.7581e+00
2026-08-08 12:14:51 | INFO    | TRAIN | epoch=058/100 | batch=00500/01563 ( 31.99%) | lr=1.000e-03 | elapsed=0:04:07 | eta=0:08:46
    losses | total=4.5263e+00 | fourier=4.5263e+00 | amplitude=1.9295e-02 | phase=1.0895e-02 | support=2.9466e+00
2026-08-08 12:15:16 | INFO    | TRAIN | epoch=058/100 | batch=00550/01563 ( 35.19%) | lr=1.000e-03 | elapsed=0:04:32 | eta=0:08:21
    losses | total=4.9403e+00 | fourier=4.9403e+00 | amplitude=1.9775e-02 | phase=1.2951e-02 | support=2.8460e+00
2026-08-08 12:15:40 | INFO    | TRAIN | epoch=058/100 | batch=00600/01563 ( 38.39%) | lr=1.000e-03 | elapsed=0:04:57 | eta=0:07:57
    losses | total=4.7050e+00 | fourier=4.7050e+00 | amplitude=1.7601e-02 | phase=1.1898e-02 | support=2.8567e+00
2026-08-08 12:16:05 | INFO    | TRAIN | epoch=058/100 | batch=00650/01563 ( 41.59%) | lr=1.000e-03 | elapsed=0:05:22 | eta=0:07:32
    losses | total=4.5774e+00 | fourier=4.5774e+00 | amplitude=1.8606e-02 | phase=1.0826e-02 | support=2.7977e+00
2026-08-08 12:16:30 | INFO    | TRAIN | epoch=058/100 | batch=00700/01563 ( 44.79%) | lr=1.000e-03 | elapsed=0:05:46 | eta=0:07:07
    losses | total=4.9744e+00 | fourier=4.9744e+00 | amplitude=2.2255e-02 | phase=1.2079e-02 | support=3.0930e+00
2026-08-08 12:16:55 | INFO    | TRAIN | epoch=058/100 | batch=00750/01563 ( 47.98%) | lr=1.000e-03 | elapsed=0:06:11 | eta=0:06:42
    losses | total=4.6358e+00 | fourier=4.6358e+00 | amplitude=1.9451e-02 | phase=9.3622e-03 | support=3.0347e+00
2026-08-08 12:17:19 | INFO    | TRAIN | epoch=058/100 | batch=00800/01563 ( 51.18%) | lr=1.000e-03 | elapsed=0:06:36 | eta=0:06:18
    losses | total=5.0963e+00 | fourier=5.0963e+00 | amplitude=2.1941e-02 | phase=1.1071e-02 | support=3.2020e+00
2026-08-08 12:17:44 | INFO    | TRAIN | epoch=058/100 | batch=00850/01563 ( 54.38%) | lr=1.000e-03 | elapsed=0:07:01 | eta=0:05:53
    losses | total=4.8406e+00 | fourier=4.8406e+00 | amplitude=2.1852e-02 | phase=1.2437e-02 | support=2.8749e+00
2026-08-08 12:18:09 | INFO    | TRAIN | epoch=058/100 | batch=00900/01563 ( 57.58%) | lr=1.000e-03 | elapsed=0:07:25 | eta=0:05:28
    losses | total=4.8263e+00 | fourier=4.8263e+00 | amplitude=1.8935e-02 | phase=1.2930e-02 | support=2.6661e+00
2026-08-08 12:18:34 | INFO    | TRAIN | epoch=058/100 | batch=00950/01563 ( 60.78%) | lr=1.000e-03 | elapsed=0:07:50 | eta=0:05:03
    losses | total=4.9340e+00 | fourier=4.9340e+00 | amplitude=2.1274e-02 | phase=1.0586e-02 | support=2.9536e+00
2026-08-08 12:18:58 | INFO    | TRAIN | epoch=058/100 | batch=01000/01563 ( 63.98%) | lr=1.000e-03 | elapsed=0:08:15 | eta=0:04:38
    losses | total=4.5166e+00 | fourier=4.5166e+00 | amplitude=2.1962e-02 | phase=1.0806e-02 | support=3.2160e+00
2026-08-08 12:19:23 | INFO    | TRAIN | epoch=058/100 | batch=01050/01563 ( 67.18%) | lr=1.000e-03 | elapsed=0:08:40 | eta=0:04:14
    losses | total=5.0472e+00 | fourier=5.0472e+00 | amplitude=2.0596e-02 | phase=1.5211e-02 | support=3.0342e+00
2026-08-08 12:19:48 | INFO    | TRAIN | epoch=058/100 | batch=01100/01563 ( 70.38%) | lr=1.000e-03 | elapsed=0:09:04 | eta=0:03:49
    losses | total=4.5838e+00 | fourier=4.5838e+00 | amplitude=2.0182e-02 | phase=1.0887e-02 | support=2.8362e+00
2026-08-08 12:20:13 | INFO    | TRAIN | epoch=058/100 | batch=01150/01563 ( 73.58%) | lr=1.000e-03 | elapsed=0:09:29 | eta=0:03:24
    losses | total=4.7336e+00 | fourier=4.7336e+00 | amplitude=1.9170e-02 | phase=1.2263e-02 | support=3.0118e+00
2026-08-08 12:20:37 | INFO    | TRAIN | epoch=058/100 | batch=01200/01563 ( 76.78%) | lr=1.000e-03 | elapsed=0:09:54 | eta=0:02:59
    losses | total=5.0038e+00 | fourier=5.0038e+00 | amplitude=2.3494e-02 | phase=1.4950e-02 | support=3.0293e+00
2026-08-08 12:21:02 | INFO    | TRAIN | epoch=058/100 | batch=01250/01563 ( 79.97%) | lr=1.000e-03 | elapsed=0:10:19 | eta=0:02:35
    losses | total=4.8765e+00 | fourier=4.8765e+00 | amplitude=1.9250e-02 | phase=1.0406e-02 | support=2.7716e+00
2026-08-08 12:21:27 | INFO    | TRAIN | epoch=058/100 | batch=01300/01563 ( 83.17%) | lr=1.000e-03 | elapsed=0:10:44 | eta=0:02:10
    losses | total=4.4254e+00 | fourier=4.4254e+00 | amplitude=1.8517e-02 | phase=1.2180e-02 | support=2.9771e+00
2026-08-08 12:21:52 | INFO    | TRAIN | epoch=058/100 | batch=01350/01563 ( 86.37%) | lr=1.000e-03 | elapsed=0:11:08 | eta=0:01:45
    losses | total=5.1442e+00 | fourier=5.1442e+00 | amplitude=2.3732e-02 | phase=1.3156e-02 | support=3.2596e+00
2026-08-08 12:22:17 | INFO    | TRAIN | epoch=058/100 | batch=01400/01563 ( 89.57%) | lr=1.000e-03 | elapsed=0:11:33 | eta=0:01:20
    losses | total=4.9742e+00 | fourier=4.9742e+00 | amplitude=2.0196e-02 | phase=1.2022e-02 | support=2.6377e+00
2026-08-08 12:22:41 | INFO    | TRAIN | epoch=058/100 | batch=01450/01563 ( 92.77%) | lr=1.000e-03 | elapsed=0:11:58 | eta=0:00:55
    losses | total=4.4609e+00 | fourier=4.4609e+00 | amplitude=1.6012e-02 | phase=1.1710e-02 | support=2.6788e+00
2026-08-08 12:23:06 | INFO    | TRAIN | epoch=058/100 | batch=01500/01563 ( 95.97%) | lr=1.000e-03 | elapsed=0:12:23 | eta=0:00:31
    losses | total=4.6099e+00 | fourier=4.6099e+00 | amplitude=1.7655e-02 | phase=9.3158e-03 | support=2.9587e+00
2026-08-08 12:23:31 | INFO    | TRAIN | epoch=058/100 | batch=01550/01563 ( 99.17%) | lr=1.000e-03 | elapsed=0:12:47 | eta=0:00:06
    losses | total=4.8912e+00 | fourier=4.8912e+00 | amplitude=1.8964e-02 | phase=1.3514e-02 | support=2.7442e+00
2026-08-08 12:23:37 | INFO    | TRAIN | epoch=058/100 | batch=01563/01563 (100.00%) | lr=1.000e-03 | elapsed=0:12:54 | eta=0:00:00
    losses | total=4.9629e+00 | fourier=4.9629e+00 | amplitude=1.9172e-02 | phase=1.2371e-02 | support=2.8079e+00
2026-08-08 12:23:37 | INFO    | TRAIN epoch 058 complete | batches=1563 | samples=25000 | time=0:12:54
2026-08-08 12:23:44 | INFO    | VAL | epoch=058/100 | batch=00050/00313 ( 15.97%) | elapsed=0:00:06 | eta=0:00:33
    losses | total=5.2538e+00 | fourier=5.2538e+00 | amplitude=1.9906e-02 | phase=1.3522e-02 | support=2.7788e+00
2026-08-08 12:23:50 | INFO    | VAL | epoch=058/100 | batch=00100/00313 ( 31.95%) | elapsed=0:00:12 | eta=0:00:27
    losses | total=4.8429e+00 | fourier=4.8429e+00 | amplitude=1.8114e-02 | phase=1.2114e-02 | support=2.5313e+00
2026-08-08 12:23:56 | INFO    | VAL | epoch=058/100 | batch=00150/00313 ( 47.92%) | elapsed=0:00:18 | eta=0:00:20
    losses | total=4.8387e+00 | fourier=4.8387e+00 | amplitude=2.0301e-02 | phase=1.0471e-02 | support=3.0892e+00
2026-08-08 12:24:03 | INFO    | VAL | epoch=058/100 | batch=00200/00313 ( 63.90%) | elapsed=0:00:25 | eta=0:00:14
    losses | total=4.7925e+00 | fourier=4.7925e+00 | amplitude=1.9462e-02 | phase=1.1251e-02 | support=2.7666e+00
2026-08-08 12:24:09 | INFO    | VAL | epoch=058/100 | batch=00250/00313 ( 79.87%) | elapsed=0:00:31 | eta=0:00:07
    losses | total=5.1738e+00 | fourier=5.1738e+00 | amplitude=2.0131e-02 | phase=1.2775e-02 | support=2.6787e+00
2026-08-08 12:24:15 | INFO    | VAL | epoch=058/100 | batch=00300/00313 ( 95.85%) | elapsed=0:00:37 | eta=0:00:01
    losses | total=5.0637e+00 | fourier=5.0637e+00 | amplitude=2.1179e-02 | phase=1.2767e-02 | support=2.9139e+00
2026-08-08 12:24:17 | INFO    | VAL | epoch=058/100 | batch=00313/00313 (100.00%) | elapsed=0:00:39 | eta=0:00:00
    losses | total=5.0193e+00 | fourier=5.0193e+00 | amplitude=2.1309e-02 | phase=1.2701e-02 | support=2.9666e+00
2026-08-08 12:24:17 | INFO    | VAL epoch 058 complete | batches=313 | samples=5000 | time=0:00:39
2026-08-08 12:24:17 | INFO    | 
------------------------------------------------------------------------------------------------
Epoch 058/100 summary
split             total      fourier    amplitude        phase      support        time
train        4.7773e+00   4.7773e+00   1.9601e-02   1.1437e-02   2.8714e+00     0:12:54
validation   4.9641e+00   4.9641e+00   1.9418e-02   1.1834e-02   2.7994e+00     0:00:39
lr=1.000e-03 | best_val=4.9641e+00 | best_updated=yes | periodic_checkpoint=no
------------------------------------------------------------------------------------------------
2026-08-08 12:24:42 | INFO    | TRAIN | epoch=059/100 | batch=00050/01563 (  3.20%) | lr=1.000e-03 | elapsed=0:00:24 | eta=0:12:33
    losses | total=4.5839e+00 | fourier=4.5839e+00 | amplitude=1.7973e-02 | phase=1.0381e-02 | support=3.1514e+00
2026-08-08 12:25:07 | INFO    | TRAIN | epoch=059/100 | batch=00100/01563 (  6.40%) | lr=1.000e-03 | elapsed=0:00:49 | eta=0:12:06
    losses | total=5.1704e+00 | fourier=5.1704e+00 | amplitude=2.4135e-02 | phase=9.6911e-03 | support=2.7699e+00
2026-08-08 12:25:32 | INFO    | TRAIN | epoch=059/100 | batch=00150/01563 (  9.60%) | lr=1.000e-03 | elapsed=0:01:14 | eta=0:11:41
    losses | total=4.3857e+00 | fourier=4.3857e+00 | amplitude=1.6385e-02 | phase=1.1885e-02 | support=2.3043e+00
2026-08-08 12:25:57 | INFO    | TRAIN | epoch=059/100 | batch=00200/01563 ( 12.80%) | lr=1.000e-03 | elapsed=0:01:39 | eta=0:11:16
    losses | total=5.1145e+00 | fourier=5.1145e+00 | amplitude=2.2764e-02 | phase=1.0391e-02 | support=3.0294e+00
2026-08-08 12:26:21 | INFO    | TRAIN | epoch=059/100 | batch=00250/01563 ( 15.99%) | lr=1.000e-03 | elapsed=0:02:03 | eta=0:10:51
    losses | total=4.8398e+00 | fourier=4.8398e+00 | amplitude=2.1089e-02 | phase=1.3679e-02 | support=2.8638e+00
2026-08-08 12:26:46 | INFO    | TRAIN | epoch=059/100 | batch=00300/01563 ( 19.19%) | lr=1.000e-03 | elapsed=0:02:28 | eta=0:10:26
    losses | total=5.1532e+00 | fourier=5.1532e+00 | amplitude=2.1279e-02 | phase=1.2946e-02 | support=2.6206e+00
2026-08-08 12:27:11 | INFO    | TRAIN | epoch=059/100 | batch=00350/01563 ( 22.39%) | lr=1.000e-03 | elapsed=0:02:53 | eta=0:10:01
    losses | total=4.9401e+00 | fourier=4.9401e+00 | amplitude=1.9949e-02 | phase=1.1424e-02 | support=2.9434e+00
2026-08-08 12:27:36 | INFO    | TRAIN | epoch=059/100 | batch=00400/01563 ( 25.59%) | lr=1.000e-03 | elapsed=0:03:18 | eta=0:09:36
    losses | total=5.2769e+00 | fourier=5.2769e+00 | amplitude=2.2119e-02 | phase=1.3446e-02 | support=2.9813e+00
2026-08-08 12:28:00 | INFO    | TRAIN | epoch=059/100 | batch=00450/01563 ( 28.79%) | lr=1.000e-03 | elapsed=0:03:43 | eta=0:09:11
    losses | total=5.1074e+00 | fourier=5.1074e+00 | amplitude=2.2454e-02 | phase=1.4683e-02 | support=3.0180e+00
2026-08-08 12:28:25 | INFO    | TRAIN | epoch=059/100 | batch=00500/01563 ( 31.99%) | lr=1.000e-03 | elapsed=0:04:07 | eta=0:08:46
    losses | total=4.6215e+00 | fourier=4.6215e+00 | amplitude=1.8768e-02 | phase=1.1897e-02 | support=2.6322e+00
2026-08-08 12:28:50 | INFO    | TRAIN | epoch=059/100 | batch=00550/01563 ( 35.19%) | lr=1.000e-03 | elapsed=0:04:32 | eta=0:08:21
    losses | total=4.8827e+00 | fourier=4.8827e+00 | amplitude=2.2746e-02 | phase=1.0158e-02 | support=3.1945e+00
2026-08-08 12:29:15 | INFO    | TRAIN | epoch=059/100 | batch=00600/01563 ( 38.39%) | lr=1.000e-03 | elapsed=0:04:57 | eta=0:07:57
    losses | total=4.7813e+00 | fourier=4.7813e+00 | amplitude=1.6973e-02 | phase=1.0842e-02 | support=2.8475e+00
2026-08-08 12:29:39 | INFO    | TRAIN | epoch=059/100 | batch=00650/01563 ( 41.59%) | lr=1.000e-03 | elapsed=0:05:22 | eta=0:07:32
    losses | total=4.6436e+00 | fourier=4.6436e+00 | amplitude=2.1322e-02 | phase=1.2018e-02 | support=2.8557e+00
2026-08-08 12:30:04 | INFO    | TRAIN | epoch=059/100 | batch=00700/01563 ( 44.79%) | lr=1.000e-03 | elapsed=0:05:46 | eta=0:07:07
    losses | total=5.0311e+00 | fourier=5.0311e+00 | amplitude=2.2127e-02 | phase=1.2229e-02 | support=2.8283e+00
2026-08-08 12:30:29 | INFO    | TRAIN | epoch=059/100 | batch=00750/01563 ( 47.98%) | lr=1.000e-03 | elapsed=0:06:11 | eta=0:06:42
    losses | total=4.6962e+00 | fourier=4.6962e+00 | amplitude=1.9914e-02 | phase=1.2740e-02 | support=2.8610e+00
2026-08-08 12:30:54 | INFO    | TRAIN | epoch=059/100 | batch=00800/01563 ( 51.18%) | lr=1.000e-03 | elapsed=0:06:36 | eta=0:06:18
    losses | total=4.9948e+00 | fourier=4.9948e+00 | amplitude=1.9082e-02 | phase=9.7621e-03 | support=2.5652e+00
2026-08-08 12:31:18 | INFO    | TRAIN | epoch=059/100 | batch=00850/01563 ( 54.38%) | lr=1.000e-03 | elapsed=0:07:01 | eta=0:05:53
    losses | total=4.7789e+00 | fourier=4.7789e+00 | amplitude=1.8738e-02 | phase=9.9704e-03 | support=2.8494e+00
2026-08-08 12:31:43 | INFO    | TRAIN | epoch=059/100 | batch=00900/01563 ( 57.58%) | lr=1.000e-03 | elapsed=0:07:25 | eta=0:05:28
    losses | total=4.8262e+00 | fourier=4.8262e+00 | amplitude=2.0029e-02 | phase=1.1820e-02 | support=2.8970e+00
2026-08-08 12:32:08 | INFO    | TRAIN | epoch=059/100 | batch=00950/01563 ( 60.78%) | lr=1.000e-03 | elapsed=0:07:50 | eta=0:05:03
    losses | total=5.1262e+00 | fourier=5.1262e+00 | amplitude=2.1101e-02 | phase=1.1425e-02 | support=2.8954e+00
2026-08-08 12:32:33 | INFO    | TRAIN | epoch=059/100 | batch=01000/01563 ( 63.98%) | lr=1.000e-03 | elapsed=0:08:15 | eta=0:04:38
    losses | total=4.4945e+00 | fourier=4.4945e+00 | amplitude=1.9148e-02 | phase=1.0339e-02 | support=2.7855e+00
2026-08-08 12:32:58 | INFO    | TRAIN | epoch=059/100 | batch=01050/01563 ( 67.18%) | lr=1.000e-03 | elapsed=0:08:40 | eta=0:04:14
    losses | total=4.6097e+00 | fourier=4.6097e+00 | amplitude=2.0170e-02 | phase=1.1059e-02 | support=3.0716e+00
2026-08-08 12:33:22 | INFO    | TRAIN | epoch=059/100 | batch=01100/01563 ( 70.38%) | lr=1.000e-03 | elapsed=0:09:04 | eta=0:03:49
    losses | total=4.9914e+00 | fourier=4.9914e+00 | amplitude=1.9620e-02 | phase=9.2916e-03 | support=2.6762e+00
2026-08-08 12:33:47 | INFO    | TRAIN | epoch=059/100 | batch=01150/01563 ( 73.58%) | lr=1.000e-03 | elapsed=0:09:29 | eta=0:03:24
    losses | total=4.8605e+00 | fourier=4.8605e+00 | amplitude=1.8273e-02 | phase=1.1059e-02 | support=2.7032e+00
2026-08-08 12:34:12 | INFO    | TRAIN | epoch=059/100 | batch=01200/01563 ( 76.78%) | lr=1.000e-03 | elapsed=0:09:54 | eta=0:02:59
    losses | total=4.5217e+00 | fourier=4.5217e+00 | amplitude=1.5494e-02 | phase=9.5179e-03 | support=2.7506e+00
2026-08-08 12:34:37 | INFO    | TRAIN | epoch=059/100 | batch=01250/01563 ( 79.97%) | lr=1.000e-03 | elapsed=0:10:19 | eta=0:02:35
    losses | total=4.5515e+00 | fourier=4.5515e+00 | amplitude=1.8893e-02 | phase=1.0483e-02 | support=3.1462e+00
2026-08-08 12:35:01 | INFO    | TRAIN | epoch=059/100 | batch=01300/01563 ( 83.17%) | lr=1.000e-03 | elapsed=0:10:44 | eta=0:02:10
    losses | total=4.6976e+00 | fourier=4.6976e+00 | amplitude=1.8004e-02 | phase=9.7535e-03 | support=2.9388e+00
2026-08-08 12:35:26 | INFO    | TRAIN | epoch=059/100 | batch=01350/01563 ( 86.37%) | lr=1.000e-03 | elapsed=0:11:08 | eta=0:01:45
    losses | total=4.5936e+00 | fourier=4.5936e+00 | amplitude=2.1093e-02 | phase=1.0644e-02 | support=3.1908e+00
2026-08-08 12:35:51 | INFO    | TRAIN | epoch=059/100 | batch=01400/01563 ( 89.57%) | lr=1.000e-03 | elapsed=0:11:33 | eta=0:01:20
    losses | total=4.3687e+00 | fourier=4.3687e+00 | amplitude=1.9731e-02 | phase=9.7052e-03 | support=3.1808e+00
2026-08-08 12:36:16 | INFO    | TRAIN | epoch=059/100 | batch=01450/01563 ( 92.77%) | lr=1.000e-03 | elapsed=0:11:58 | eta=0:00:55
    losses | total=4.8909e+00 | fourier=4.8909e+00 | amplitude=1.6571e-02 | phase=9.8847e-03 | support=2.5690e+00
2026-08-08 12:36:40 | INFO    | TRAIN | epoch=059/100 | batch=01500/01563 ( 95.97%) | lr=1.000e-03 | elapsed=0:12:23 | eta=0:00:31
    losses | total=4.6561e+00 | fourier=4.6561e+00 | amplitude=1.8726e-02 | phase=1.2807e-02 | support=2.7436e+00
2026-08-08 12:37:05 | INFO    | TRAIN | epoch=059/100 | batch=01550/01563 ( 99.17%) | lr=1.000e-03 | elapsed=0:12:47 | eta=0:00:06
    losses | total=4.9739e+00 | fourier=4.9739e+00 | amplitude=2.0266e-02 | phase=1.0785e-02 | support=2.9489e+00
2026-08-08 12:37:11 | INFO    | TRAIN | epoch=059/100 | batch=01563/01563 (100.00%) | lr=1.000e-03 | elapsed=0:12:54 | eta=0:00:00
    losses | total=5.0237e+00 | fourier=5.0237e+00 | amplitude=2.1388e-02 | phase=1.1976e-02 | support=3.0782e+00
2026-08-08 12:37:12 | INFO    | TRAIN epoch 059 complete | batches=1563 | samples=25000 | time=0:12:54
2026-08-08 12:37:18 | INFO    | VAL | epoch=059/100 | batch=00050/00313 ( 15.97%) | elapsed=0:00:06 | eta=0:00:33
    losses | total=5.3002e+00 | fourier=5.3002e+00 | amplitude=1.9993e-02 | phase=1.2711e-02 | support=2.8176e+00
2026-08-08 12:37:24 | INFO    | VAL | epoch=059/100 | batch=00100/00313 ( 31.95%) | elapsed=0:00:12 | eta=0:00:27
    losses | total=4.8645e+00 | fourier=4.8645e+00 | amplitude=1.8167e-02 | phase=1.1576e-02 | support=2.6341e+00
2026-08-08 12:37:31 | INFO    | VAL | epoch=059/100 | batch=00150/00313 ( 47.92%) | elapsed=0:00:18 | eta=0:00:20
    losses | total=4.8719e+00 | fourier=4.8719e+00 | amplitude=2.0226e-02 | phase=9.6090e-03 | support=3.1659e+00
2026-08-08 12:37:37 | INFO    | VAL | epoch=059/100 | batch=00200/00313 ( 63.90%) | elapsed=0:00:25 | eta=0:00:14
    losses | total=4.8273e+00 | fourier=4.8273e+00 | amplitude=1.9204e-02 | phase=1.0530e-02 | support=2.8150e+00
2026-08-08 12:37:43 | INFO    | VAL | epoch=059/100 | batch=00250/00313 ( 79.87%) | elapsed=0:00:31 | eta=0:00:07
    losses | total=5.1817e+00 | fourier=5.1817e+00 | amplitude=1.9851e-02 | phase=1.2402e-02 | support=2.7326e+00
2026-08-08 12:37:50 | INFO    | VAL | epoch=059/100 | batch=00300/00313 ( 95.85%) | elapsed=0:00:37 | eta=0:00:01
    losses | total=5.0628e+00 | fourier=5.0628e+00 | amplitude=2.1248e-02 | phase=1.2004e-02 | support=2.9494e+00
2026-08-08 12:37:51 | INFO    | VAL | epoch=059/100 | batch=00313/00313 (100.00%) | elapsed=0:00:39 | eta=0:00:00
    losses | total=5.0109e+00 | fourier=5.0109e+00 | amplitude=2.1223e-02 | phase=1.2623e-02 | support=2.9558e+00
2026-08-08 12:37:51 | INFO    | VAL epoch 059 complete | batches=313 | samples=5000 | time=0:00:39
2026-08-08 12:37:51 | INFO    | 
------------------------------------------------------------------------------------------------
Epoch 059/100 summary
split             total      fourier    amplitude        phase      support        time
train        4.7741e+00   4.7741e+00   1.9621e-02   1.1460e-02   2.8827e+00     0:12:54
validation   4.9943e+00   4.9943e+00   1.9424e-02   1.1131e-02   2.8563e+00     0:00:39
lr=1.000e-03 | best_val=4.9641e+00 | best_updated=no | periodic_checkpoint=no
------------------------------------------------------------------------------------------------
2026-08-08 12:38:16 | INFO    | TRAIN | epoch=060/100 | batch=00050/01563 (  3.20%) | lr=1.000e-03 | elapsed=0:00:24 | eta=0:12:33
    losses | total=4.7442e+00 | fourier=4.7442e+00 | amplitude=2.0538e-02 | phase=1.0629e-02 | support=3.2181e+00
2026-08-08 12:38:41 | INFO    | TRAIN | epoch=060/100 | batch=00100/01563 (  6.40%) | lr=1.000e-03 | elapsed=0:00:49 | eta=0:12:06
    losses | total=4.9877e+00 | fourier=4.9877e+00 | amplitude=2.2570e-02 | phase=1.0592e-02 | support=2.8801e+00
2026-08-08 12:39:06 | INFO    | TRAIN | epoch=060/100 | batch=00150/01563 (  9.60%) | lr=1.000e-03 | elapsed=0:01:14 | eta=0:11:41
    losses | total=4.7087e+00 | fourier=4.7087e+00 | amplitude=1.9233e-02 | phase=1.1517e-02 | support=2.8663e+00
2026-08-08 12:39:31 | INFO    | TRAIN | epoch=060/100 | batch=00200/01563 ( 12.80%) | lr=1.000e-03 | elapsed=0:01:39 | eta=0:11:15
    losses | total=4.2510e+00 | fourier=4.2510e+00 | amplitude=1.5352e-02 | phase=1.0843e-02 | support=2.9628e+00
2026-08-08 12:39:55 | INFO    | TRAIN | epoch=060/100 | batch=00250/01563 ( 15.99%) | lr=1.000e-03 | elapsed=0:02:03 | eta=0:10:51
    losses | total=4.6033e+00 | fourier=4.6033e+00 | amplitude=1.9454e-02 | phase=1.2276e-02 | support=2.9644e+00
2026-08-08 12:40:20 | INFO    | TRAIN | epoch=060/100 | batch=00300/01563 ( 19.19%) | lr=1.000e-03 | elapsed=0:02:28 | eta=0:10:26
    losses | total=5.2016e+00 | fourier=5.2016e+00 | amplitude=2.1295e-02 | phase=1.1141e-02 | support=2.9484e+00
2026-08-08 12:40:45 | INFO    | TRAIN | epoch=060/100 | batch=00350/01563 ( 22.39%) | lr=1.000e-03 | elapsed=0:02:53 | eta=0:10:01
    losses | total=4.2335e+00 | fourier=4.2335e+00 | amplitude=1.7062e-02 | phase=9.5365e-03 | support=3.1265e+00
2026-08-08 12:41:10 | INFO    | TRAIN | epoch=060/100 | batch=00400/01563 ( 25.59%) | lr=1.000e-03 | elapsed=0:03:18 | eta=0:09:36
    losses | total=4.7515e+00 | fourier=4.7515e+00 | amplitude=2.0872e-02 | phase=9.8166e-03 | support=2.9639e+00
2026-08-08 12:41:35 | INFO    | TRAIN | epoch=060/100 | batch=00450/01563 ( 28.79%) | lr=1.000e-03 | elapsed=0:03:43 | eta=0:09:11
    losses | total=4.6228e+00 | fourier=4.6228e+00 | amplitude=2.0107e-02 | phase=1.1422e-02 | support=2.9146e+00
2026-08-08 12:41:59 | INFO    | TRAIN | epoch=060/100 | batch=00500/01563 ( 31.99%) | lr=1.000e-03 | elapsed=0:04:07 | eta=0:08:46
    losses | total=5.0452e+00 | fourier=5.0452e+00 | amplitude=2.1249e-02 | phase=1.2310e-02 | support=2.8396e+00
2026-08-08 12:42:24 | INFO    | TRAIN | epoch=060/100 | batch=00550/01563 ( 35.19%) | lr=1.000e-03 | elapsed=0:04:32 | eta=0:08:21
    losses | total=4.7134e+00 | fourier=4.7134e+00 | amplitude=1.7642e-02 | phase=9.8488e-03 | support=2.5367e+00
2026-08-08 12:42:49 | INFO    | TRAIN | epoch=060/100 | batch=00600/01563 ( 38.39%) | lr=1.000e-03 | elapsed=0:04:57 | eta=0:07:57
    losses | total=4.8583e+00 | fourier=4.8583e+00 | amplitude=1.8034e-02 | phase=1.1117e-02 | support=2.5927e+00
2026-08-08 12:43:14 | INFO    | TRAIN | epoch=060/100 | batch=00650/01563 ( 41.59%) | lr=1.000e-03 | elapsed=0:05:22 | eta=0:07:32
    losses | total=4.5595e+00 | fourier=4.5595e+00 | amplitude=1.9857e-02 | phase=1.2966e-02 | support=3.0090e+00
2026-08-08 12:43:38 | INFO    | TRAIN | epoch=060/100 | batch=00700/01563 ( 44.79%) | lr=1.000e-03 | elapsed=0:05:46 | eta=0:07:07
    losses | total=4.6181e+00 | fourier=4.6181e+00 | amplitude=2.0972e-02 | phase=1.1855e-02 | support=3.3232e+00
2026-08-08 12:44:03 | INFO    | TRAIN | epoch=060/100 | batch=00750/01563 ( 47.98%) | lr=1.000e-03 | elapsed=0:06:11 | eta=0:06:42
    losses | total=5.1220e+00 | fourier=5.1220e+00 | amplitude=2.1660e-02 | phase=1.2288e-02 | support=3.0331e+00
2026-08-08 12:44:28 | INFO    | TRAIN | epoch=060/100 | batch=00800/01563 ( 51.18%) | lr=1.000e-03 | elapsed=0:06:36 | eta=0:06:18
    losses | total=4.6594e+00 | fourier=4.6594e+00 | amplitude=1.8103e-02 | phase=9.6083e-03 | support=3.1173e+00
2026-08-08 12:44:53 | INFO    | TRAIN | epoch=060/100 | batch=00850/01563 ( 54.38%) | lr=1.000e-03 | elapsed=0:07:01 | eta=0:05:53
    losses | total=4.7647e+00 | fourier=4.7647e+00 | amplitude=1.8970e-02 | phase=1.4661e-02 | support=2.6653e+00
2026-08-08 12:45:17 | INFO    | TRAIN | epoch=060/100 | batch=00900/01563 ( 57.58%) | lr=1.000e-03 | elapsed=0:07:25 | eta=0:05:28
    losses | total=4.7060e+00 | fourier=4.7060e+00 | amplitude=1.9472e-02 | phase=1.3148e-02 | support=2.8205e+00
2026-08-08 12:45:42 | INFO    | TRAIN | epoch=060/100 | batch=00950/01563 ( 60.78%) | lr=1.000e-03 | elapsed=0:07:50 | eta=0:05:03
    losses | total=4.3238e+00 | fourier=4.3238e+00 | amplitude=1.7608e-02 | phase=1.1914e-02 | support=2.9424e+00
2026-08-08 12:46:07 | INFO    | TRAIN | epoch=060/100 | batch=01000/01563 ( 63.98%) | lr=1.000e-03 | elapsed=0:08:15 | eta=0:04:38
    losses | total=5.0900e+00 | fourier=5.0900e+00 | amplitude=2.3989e-02 | phase=1.1082e-02 | support=2.9969e+00
2026-08-08 12:46:32 | INFO    | TRAIN | epoch=060/100 | batch=01050/01563 ( 67.18%) | lr=1.000e-03 | elapsed=0:08:40 | eta=0:04:14
    losses | total=4.5475e+00 | fourier=4.5475e+00 | amplitude=1.8667e-02 | phase=1.0573e-02 | support=2.7419e+00
2026-08-08 12:46:56 | INFO    | TRAIN | epoch=060/100 | batch=01100/01563 ( 70.38%) | lr=1.000e-03 | elapsed=0:09:04 | eta=0:03:49
    losses | total=4.5565e+00 | fourier=4.5565e+00 | amplitude=2.1489e-02 | phase=1.1727e-02 | support=3.2222e+00
2026-08-08 12:47:21 | INFO    | TRAIN | epoch=060/100 | batch=01150/01563 ( 73.58%) | lr=1.000e-03 | elapsed=0:09:29 | eta=0:03:24
    losses | total=4.5556e+00 | fourier=4.5556e+00 | amplitude=1.8324e-02 | phase=1.2704e-02 | support=2.8539e+00
2026-08-08 12:47:46 | INFO    | TRAIN | epoch=060/100 | batch=01200/01563 ( 76.78%) | lr=1.000e-03 | elapsed=0:09:54 | eta=0:02:59
    losses | total=4.9180e+00 | fourier=4.9180e+00 | amplitude=1.7644e-02 | phase=9.8412e-03 | support=2.9504e+00
2026-08-08 12:48:11 | INFO    | TRAIN | epoch=060/100 | batch=01250/01563 ( 79.97%) | lr=1.000e-03 | elapsed=0:10:19 | eta=0:02:35
    losses | total=4.7147e+00 | fourier=4.7147e+00 | amplitude=1.7637e-02 | phase=1.0724e-02 | support=2.6379e+00
2026-08-08 12:48:36 | INFO    | TRAIN | epoch=060/100 | batch=01300/01563 ( 83.17%) | lr=1.000e-03 | elapsed=0:10:44 | eta=0:02:10
    losses | total=4.6863e+00 | fourier=4.6863e+00 | amplitude=1.8474e-02 | phase=1.0315e-02 | support=2.6272e+00
2026-08-08 12:49:00 | INFO    | TRAIN | epoch=060/100 | batch=01350/01563 ( 86.37%) | lr=1.000e-03 | elapsed=0:11:08 | eta=0:01:45
    losses | total=4.7626e+00 | fourier=4.7626e+00 | amplitude=1.6579e-02 | phase=1.0594e-02 | support=2.8332e+00
2026-08-08 12:49:25 | INFO    | TRAIN | epoch=060/100 | batch=01400/01563 ( 89.57%) | lr=1.000e-03 | elapsed=0:11:33 | eta=0:01:20
    losses | total=4.8470e+00 | fourier=4.8470e+00 | amplitude=2.0085e-02 | phase=1.1823e-02 | support=2.9375e+00
2026-08-08 12:49:50 | INFO    | TRAIN | epoch=060/100 | batch=01450/01563 ( 92.77%) | lr=1.000e-03 | elapsed=0:11:58 | eta=0:00:55
    losses | total=4.9555e+00 | fourier=4.9555e+00 | amplitude=1.9297e-02 | phase=1.1168e-02 | support=2.5740e+00
2026-08-08 12:50:15 | INFO    | TRAIN | epoch=060/100 | batch=01500/01563 ( 95.97%) | lr=1.000e-03 | elapsed=0:12:23 | eta=0:00:31
    losses | total=4.9167e+00 | fourier=4.9167e+00 | amplitude=1.9757e-02 | phase=1.2226e-02 | support=2.6155e+00
2026-08-08 12:50:39 | INFO    | TRAIN | epoch=060/100 | batch=01550/01563 ( 99.17%) | lr=1.000e-03 | elapsed=0:12:47 | eta=0:00:06
    losses | total=5.1525e+00 | fourier=5.1525e+00 | amplitude=2.0833e-02 | phase=1.2144e-02 | support=3.1187e+00
2026-08-08 12:50:46 | INFO    | TRAIN | epoch=060/100 | batch=01563/01563 (100.00%) | lr=1.000e-03 | elapsed=0:12:54 | eta=0:00:00
    losses | total=4.8949e+00 | fourier=4.8949e+00 | amplitude=2.2626e-02 | phase=1.2725e-02 | support=3.2886e+00
2026-08-08 12:50:46 | INFO    | TRAIN epoch 060 complete | batches=1563 | samples=25000 | time=0:12:54
2026-08-08 12:50:52 | INFO    | VAL | epoch=060/100 | batch=00050/00313 ( 15.97%) | elapsed=0:00:06 | eta=0:00:33
    losses | total=5.3249e+00 | fourier=5.3249e+00 | amplitude=1.9970e-02 | phase=1.2489e-02 | support=3.0330e+00
2026-08-08 12:50:59 | INFO    | VAL | epoch=060/100 | batch=00100/00313 ( 31.95%) | elapsed=0:00:12 | eta=0:00:27
    losses | total=4.8471e+00 | fourier=4.8471e+00 | amplitude=1.8197e-02 | phase=1.1170e-02 | support=2.7768e+00
2026-08-08 12:51:05 | INFO    | VAL | epoch=060/100 | batch=00150/00313 ( 47.92%) | elapsed=0:00:18 | eta=0:00:20
    losses | total=4.8903e+00 | fourier=4.8903e+00 | amplitude=2.0294e-02 | phase=9.1886e-03 | support=3.4148e+00
2026-08-08 12:51:11 | INFO    | VAL | epoch=060/100 | batch=00200/00313 ( 63.90%) | elapsed=0:00:25 | eta=0:00:14
    losses | total=4.8000e+00 | fourier=4.8000e+00 | amplitude=1.9337e-02 | phase=1.0287e-02 | support=3.0331e+00
2026-08-08 12:51:17 | INFO    | VAL | epoch=060/100 | batch=00250/00313 ( 79.87%) | elapsed=0:00:31 | eta=0:00:07
    losses | total=5.2042e+00 | fourier=5.2042e+00 | amplitude=2.0090e-02 | phase=1.1962e-02 | support=2.9366e+00
2026-08-08 12:51:24 | INFO    | VAL | epoch=060/100 | batch=00300/00313 ( 95.85%) | elapsed=0:00:37 | eta=0:00:01
    losses | total=5.0846e+00 | fourier=5.0846e+00 | amplitude=2.1375e-02 | phase=1.1255e-02 | support=3.1740e+00
2026-08-08 12:51:25 | INFO    | VAL | epoch=060/100 | batch=00313/00313 (100.00%) | elapsed=0:00:39 | eta=0:00:00
    losses | total=4.9970e+00 | fourier=4.9970e+00 | amplitude=2.1666e-02 | phase=1.2174e-02 | support=3.4044e+00
2026-08-08 12:51:25 | INFO    | VAL epoch 060 complete | batches=313 | samples=5000 | time=0:00:39
2026-08-08 12:51:26 | INFO    | 
------------------------------------------------------------------------------------------------
Epoch 060/100 summary
split             total      fourier    amplitude        phase      support        time
train        4.7567e+00   4.7567e+00   1.9672e-02   1.1543e-02   2.9185e+00     0:12:54
validation   5.0037e+00   5.0037e+00   1.9471e-02   1.0621e-02   3.0836e+00     0:00:39
lr=1.000e-03 | best_val=4.9641e+00 | best_updated=no | periodic_checkpoint=yes
------------------------------------------------------------------------------------------------
2026-08-08 12:51:51 | INFO    | TRAIN | epoch=061/100 | batch=00050/01563 (  3.20%) | lr=1.000e-03 | elapsed=0:00:24 | eta=0:12:33
    losses | total=4.8844e+00 | fourier=4.8844e+00 | amplitude=2.1896e-02 | phase=1.4101e-02 | support=3.0095e+00
2026-08-08 12:52:15 | INFO    | TRAIN | epoch=061/100 | batch=00100/01563 (  6.40%) | lr=1.000e-03 | elapsed=0:00:49 | eta=0:12:06
    losses | total=5.1379e+00 | fourier=5.1379e+00 | amplitude=2.3581e-02 | phase=1.1960e-02 | support=3.2528e+00
2026-08-08 12:52:40 | INFO    | TRAIN | epoch=061/100 | batch=00150/01563 (  9.60%) | lr=1.000e-03 | elapsed=0:01:14 | eta=0:11:41
    losses | total=4.4115e+00 | fourier=4.4115e+00 | amplitude=1.8566e-02 | phase=1.0118e-02 | support=3.1492e+00
2026-08-08 12:53:05 | INFO    | TRAIN | epoch=061/100 | batch=00200/01563 ( 12.80%) | lr=1.000e-03 | elapsed=0:01:39 | eta=0:11:16
    losses | total=4.5659e+00 | fourier=4.5659e+00 | amplitude=2.0589e-02 | phase=1.0382e-02 | support=3.2938e+00
2026-08-08 12:53:30 | INFO    | TRAIN | epoch=061/100 | batch=00250/01563 ( 15.99%) | lr=1.000e-03 | elapsed=0:02:03 | eta=0:10:51
    losses | total=4.7998e+00 | fourier=4.7998e+00 | amplitude=2.0195e-02 | phase=1.1433e-02 | support=2.9887e+00
2026-08-08 12:53:55 | INFO    | TRAIN | epoch=061/100 | batch=00300/01563 ( 19.19%) | lr=1.000e-03 | elapsed=0:02:28 | eta=0:10:26
    losses | total=5.0474e+00 | fourier=5.0474e+00 | amplitude=2.1260e-02 | phase=1.3798e-02 | support=3.0619e+00
2026-08-08 12:54:19 | INFO    | TRAIN | epoch=061/100 | batch=00350/01563 ( 22.39%) | lr=1.000e-03 | elapsed=0:02:53 | eta=0:10:01
    losses | total=4.6443e+00 | fourier=4.6443e+00 | amplitude=1.7214e-02 | phase=9.8962e-03 | support=2.7452e+00
2026-08-08 12:54:44 | INFO    | TRAIN | epoch=061/100 | batch=00400/01563 ( 25.59%) | lr=1.000e-03 | elapsed=0:03:18 | eta=0:09:36
    losses | total=4.7141e+00 | fourier=4.7141e+00 | amplitude=2.0221e-02 | phase=1.0235e-02 | support=3.4469e+00
2026-08-08 12:55:09 | INFO    | TRAIN | epoch=061/100 | batch=00450/01563 ( 28.79%) | lr=1.000e-03 | elapsed=0:03:43 | eta=0:09:11
    losses | total=4.9376e+00 | fourier=4.9376e+00 | amplitude=2.1556e-02 | phase=1.5300e-02 | support=3.0032e+00
2026-08-08 12:55:34 | INFO    | TRAIN | epoch=061/100 | batch=00500/01563 ( 31.99%) | lr=1.000e-03 | elapsed=0:04:07 | eta=0:08:46
    losses | total=4.9911e+00 | fourier=4.9911e+00 | amplitude=2.1623e-02 | phase=1.1005e-02 | support=2.9125e+00
2026-08-08 12:55:58 | INFO    | TRAIN | epoch=061/100 | batch=00550/01563 ( 35.19%) | lr=1.000e-03 | elapsed=0:04:32 | eta=0:08:21
    losses | total=4.5942e+00 | fourier=4.5942e+00 | amplitude=1.7762e-02 | phase=1.0506e-02 | support=2.8186e+00
2026-08-08 12:56:23 | INFO    | TRAIN | epoch=061/100 | batch=00600/01563 ( 38.39%) | lr=1.000e-03 | elapsed=0:04:57 | eta=0:07:57
    losses | total=4.7847e+00 | fourier=4.7847e+00 | amplitude=1.8189e-02 | phase=1.0424e-02 | support=2.9309e+00
2026-08-08 12:56:48 | INFO    | TRAIN | epoch=061/100 | batch=00650/01563 ( 41.59%) | lr=1.000e-03 | elapsed=0:05:22 | eta=0:07:32
    losses | total=4.9054e+00 | fourier=4.9054e+00 | amplitude=2.0090e-02 | phase=1.2152e-02 | support=2.6930e+00
2026-08-08 12:57:13 | INFO    | TRAIN | epoch=061/100 | batch=00700/01563 ( 44.79%) | lr=1.000e-03 | elapsed=0:05:46 | eta=0:07:07
    losses | total=4.8409e+00 | fourier=4.8409e+00 | amplitude=2.0865e-02 | phase=1.3056e-02 | support=2.8923e+00
2026-08-08 12:57:37 | INFO    | TRAIN | epoch=061/100 | batch=00750/01563 ( 47.98%) | lr=1.000e-03 | elapsed=0:06:11 | eta=0:06:42
    losses | total=4.7663e+00 | fourier=4.7663e+00 | amplitude=1.9947e-02 | phase=1.1332e-02 | support=2.9279e+00
2026-08-08 12:58:02 | INFO    | TRAIN | epoch=061/100 | batch=00800/01563 ( 51.18%) | lr=1.000e-03 | elapsed=0:06:36 | eta=0:06:18
    losses | total=4.7360e+00 | fourier=4.7360e+00 | amplitude=1.8740e-02 | phase=8.4348e-03 | support=2.9124e+00
2026-08-08 12:58:27 | INFO    | TRAIN | epoch=061/100 | batch=00850/01563 ( 54.38%) | lr=1.000e-03 | elapsed=0:07:01 | eta=0:05:53
    losses | total=4.9063e+00 | fourier=4.9063e+00 | amplitude=2.1255e-02 | phase=1.3646e-02 | support=2.8255e+00
2026-08-08 12:58:52 | INFO    | TRAIN | epoch=061/100 | batch=00900/01563 ( 57.58%) | lr=1.000e-03 | elapsed=0:07:25 | eta=0:05:28
    losses | total=4.5772e+00 | fourier=4.5772e+00 | amplitude=2.1315e-02 | phase=1.3347e-02 | support=3.4644e+00
2026-08-08 12:59:16 | INFO    | TRAIN | epoch=061/100 | batch=00950/01563 ( 60.78%) | lr=1.000e-03 | elapsed=0:07:50 | eta=0:05:03
    losses | total=4.4997e+00 | fourier=4.4997e+00 | amplitude=1.6768e-02 | phase=1.0936e-02 | support=2.5805e+00
2026-08-08 12:59:41 | INFO    | TRAIN | epoch=061/100 | batch=01000/01563 ( 63.98%) | lr=1.000e-03 | elapsed=0:08:15 | eta=0:04:38
    losses | total=4.6346e+00 | fourier=4.6346e+00 | amplitude=1.6946e-02 | phase=1.1180e-02 | support=2.9174e+00
2026-08-08 13:00:06 | INFO    | TRAIN | epoch=061/100 | batch=01050/01563 ( 67.18%) | lr=1.000e-03 | elapsed=0:08:40 | eta=0:04:14
    losses | total=4.3462e+00 | fourier=4.3462e+00 | amplitude=1.6582e-02 | phase=1.2393e-02 | support=2.6356e+00
2026-08-08 13:00:31 | INFO    | TRAIN | epoch=061/100 | batch=01100/01563 ( 70.38%) | lr=1.000e-03 | elapsed=0:09:04 | eta=0:03:49
    losses | total=4.8142e+00 | fourier=4.8142e+00 | amplitude=1.9129e-02 | phase=9.5312e-03 | support=2.8323e+00
2026-08-08 13:00:56 | INFO    | TRAIN | epoch=061/100 | batch=01150/01563 ( 73.58%) | lr=1.000e-03 | elapsed=0:09:29 | eta=0:03:24
    losses | total=4.7796e+00 | fourier=4.7796e+00 | amplitude=2.0142e-02 | phase=1.1557e-02 | support=2.9542e+00
2026-08-08 13:01:20 | INFO    | TRAIN | epoch=061/100 | batch=01200/01563 ( 76.78%) | lr=1.000e-03 | elapsed=0:09:54 | eta=0:02:59
    losses | total=4.9303e+00 | fourier=4.9303e+00 | amplitude=2.1462e-02 | phase=9.9025e-03 | support=2.7353e+00
2026-08-08 13:01:45 | INFO    | TRAIN | epoch=061/100 | batch=01250/01563 ( 79.97%) | lr=1.000e-03 | elapsed=0:10:19 | eta=0:02:35
    losses | total=4.7006e+00 | fourier=4.7006e+00 | amplitude=2.2174e-02 | phase=1.2322e-02 | support=2.9762e+00
2026-08-08 13:02:10 | INFO    | TRAIN | epoch=061/100 | batch=01300/01563 ( 83.17%) | lr=1.000e-03 | elapsed=0:10:44 | eta=0:02:10
    losses | total=5.1081e+00 | fourier=5.1081e+00 | amplitude=2.4202e-02 | phase=1.3959e-02 | support=3.0981e+00
2026-08-08 13:02:35 | INFO    | TRAIN | epoch=061/100 | batch=01350/01563 ( 86.37%) | lr=1.000e-03 | elapsed=0:11:08 | eta=0:01:45
    losses | total=4.6654e+00 | fourier=4.6654e+00 | amplitude=1.9625e-02 | phase=1.1974e-02 | support=2.6886e+00
2026-08-08 13:02:59 | INFO    | TRAIN | epoch=061/100 | batch=01400/01563 ( 89.57%) | lr=1.000e-03 | elapsed=0:11:33 | eta=0:01:20
    losses | total=4.2843e+00 | fourier=4.2843e+00 | amplitude=1.7409e-02 | phase=9.1683e-03 | support=2.9516e+00
2026-08-08 13:03:24 | INFO    | TRAIN | epoch=061/100 | batch=01450/01563 ( 92.77%) | lr=1.000e-03 | elapsed=0:11:58 | eta=0:00:55
    losses | total=4.2485e+00 | fourier=4.2485e+00 | amplitude=1.6867e-02 | phase=8.4422e-03 | support=2.6372e+00
2026-08-08 13:03:49 | INFO    | TRAIN | epoch=061/100 | batch=01500/01563 ( 95.97%) | lr=1.000e-03 | elapsed=0:12:23 | eta=0:00:31
    losses | total=4.7693e+00 | fourier=4.7693e+00 | amplitude=2.0895e-02 | phase=1.2739e-02 | support=2.8644e+00
2026-08-08 13:04:14 | INFO    | TRAIN | epoch=061/100 | batch=01550/01563 ( 99.17%) | lr=1.000e-03 | elapsed=0:12:47 | eta=0:00:06
    losses | total=4.5876e+00 | fourier=4.5876e+00 | amplitude=1.8554e-02 | phase=1.0944e-02 | support=2.7895e+00
2026-08-08 13:04:20 | INFO    | TRAIN | epoch=061/100 | batch=01563/01563 (100.00%) | lr=1.000e-03 | elapsed=0:12:54 | eta=0:00:00
    losses | total=4.9420e+00 | fourier=4.9420e+00 | amplitude=2.2838e-02 | phase=1.3525e-02 | support=3.1503e+00
2026-08-08 13:04:20 | INFO    | TRAIN epoch 061 complete | batches=1563 | samples=25000 | time=0:12:54
2026-08-08 13:04:27 | INFO    | VAL | epoch=061/100 | batch=00050/00313 ( 15.97%) | elapsed=0:00:06 | eta=0:00:33
    losses | total=5.2847e+00 | fourier=5.2847e+00 | amplitude=1.9792e-02 | phase=1.3712e-02 | support=2.7141e+00
2026-08-08 13:04:33 | INFO    | VAL | epoch=061/100 | batch=00100/00313 ( 31.95%) | elapsed=0:00:12 | eta=0:00:27
    losses | total=4.8130e+00 | fourier=4.8130e+00 | amplitude=1.7918e-02 | phase=1.2293e-02 | support=2.4218e+00
2026-08-08 13:04:39 | INFO    | VAL | epoch=061/100 | batch=00150/00313 ( 47.92%) | elapsed=0:00:18 | eta=0:00:20
    losses | total=4.8122e+00 | fourier=4.8122e+00 | amplitude=2.0227e-02 | phase=1.0201e-02 | support=3.0243e+00
2026-08-08 13:04:45 | INFO    | VAL | epoch=061/100 | batch=00200/00313 ( 63.90%) | elapsed=0:00:25 | eta=0:00:14
    losses | total=4.7821e+00 | fourier=4.7821e+00 | amplitude=1.9167e-02 | phase=1.1073e-02 | support=2.7114e+00
2026-08-08 13:04:52 | INFO    | VAL | epoch=061/100 | batch=00250/00313 ( 79.87%) | elapsed=0:00:31 | eta=0:00:07
    losses | total=5.1933e+00 | fourier=5.1933e+00 | amplitude=1.9475e-02 | phase=1.2629e-02 | support=2.5783e+00
2026-08-08 13:04:58 | INFO    | VAL | epoch=061/100 | batch=00300/00313 ( 95.85%) | elapsed=0:00:37 | eta=0:00:01
    losses | total=5.0257e+00 | fourier=5.0257e+00 | amplitude=2.1075e-02 | phase=1.2414e-02 | support=2.7938e+00
2026-08-08 13:05:00 | INFO    | VAL | epoch=061/100 | batch=00313/00313 (100.00%) | elapsed=0:00:39 | eta=0:00:00
    losses | total=4.9594e+00 | fourier=4.9594e+00 | amplitude=2.1290e-02 | phase=1.2852e-02 | support=2.9061e+00
2026-08-08 13:05:00 | INFO    | VAL epoch 061 complete | batches=313 | samples=5000 | time=0:00:39
2026-08-08 13:05:00 | INFO    | 
------------------------------------------------------------------------------------------------
Epoch 061/100 summary
split             total      fourier    amplitude        phase      support        time
train        4.7456e+00   4.7456e+00   1.9701e-02   1.1577e-02   2.9424e+00     0:12:54
validation   4.9468e+00   4.9468e+00   1.9275e-02   1.1594e-02   2.7147e+00     0:00:39
lr=1.000e-03 | best_val=4.9468e+00 | best_updated=yes | periodic_checkpoint=no
------------------------------------------------------------------------------------------------
2026-08-08 13:05:25 | INFO    | TRAIN | epoch=062/100 | batch=00050/01563 (  3.20%) | lr=1.000e-03 | elapsed=0:00:24 | eta=0:12:33
    losses | total=4.7233e+00 | fourier=4.7233e+00 | amplitude=1.7773e-02 | phase=1.2832e-02 | support=3.1045e+00
2026-08-08 13:05:50 | INFO    | TRAIN | epoch=062/100 | batch=00100/01563 (  6.40%) | lr=1.000e-03 | elapsed=0:00:49 | eta=0:12:06
    losses | total=4.8139e+00 | fourier=4.8139e+00 | amplitude=2.0751e-02 | phase=1.0016e-02 | support=2.8874e+00
2026-08-08 13:06:15 | INFO    | TRAIN | epoch=062/100 | batch=00150/01563 (  9.60%) | lr=1.000e-03 | elapsed=0:01:14 | eta=0:11:41
    losses | total=4.8411e+00 | fourier=4.8411e+00 | amplitude=1.8903e-02 | phase=1.1912e-02 | support=2.7811e+00
2026-08-08 13:06:39 | INFO    | TRAIN | epoch=062/100 | batch=00200/01563 ( 12.80%) | lr=1.000e-03 | elapsed=0:01:39 | eta=0:11:16
    losses | total=4.6802e+00 | fourier=4.6802e+00 | amplitude=1.8709e-02 | phase=8.7293e-03 | support=2.8093e+00
2026-08-08 13:07:04 | INFO    | TRAIN | epoch=062/100 | batch=00250/01563 ( 15.99%) | lr=1.000e-03 | elapsed=0:02:03 | eta=0:10:51
    losses | total=5.1658e+00 | fourier=5.1658e+00 | amplitude=2.3756e-02 | phase=1.3692e-02 | support=2.7617e+00
2026-08-08 13:07:29 | INFO    | TRAIN | epoch=062/100 | batch=00300/01563 ( 19.19%) | lr=1.000e-03 | elapsed=0:02:28 | eta=0:10:26
    losses | total=4.8199e+00 | fourier=4.8199e+00 | amplitude=1.8863e-02 | phase=9.9773e-03 | support=2.7004e+00
2026-08-08 13:07:54 | INFO    | TRAIN | epoch=062/100 | batch=00350/01563 ( 22.39%) | lr=1.000e-03 | elapsed=0:02:53 | eta=0:10:01
    losses | total=5.0941e+00 | fourier=5.0941e+00 | amplitude=2.0028e-02 | phase=1.3022e-02 | support=2.7479e+00
2026-08-08 13:08:18 | INFO    | TRAIN | epoch=062/100 | batch=00400/01563 ( 25.59%) | lr=1.000e-03 | elapsed=0:03:18 | eta=0:09:36
    losses | total=4.6326e+00 | fourier=4.6326e+00 | amplitude=2.0534e-02 | phase=1.0790e-02 | support=2.9000e+00
2026-08-08 13:08:43 | INFO    | TRAIN | epoch=062/100 | batch=00450/01563 ( 28.79%) | lr=1.000e-03 | elapsed=0:03:43 | eta=0:09:11
    losses | total=5.0095e+00 | fourier=5.0095e+00 | amplitude=2.0097e-02 | phase=1.1023e-02 | support=3.1512e+00
2026-08-08 13:09:08 | INFO    | TRAIN | epoch=062/100 | batch=00500/01563 ( 31.99%) | lr=1.000e-03 | elapsed=0:04:07 | eta=0:08:46
    losses | total=4.5954e+00 | fourier=4.5954e+00 | amplitude=2.1539e-02 | phase=1.3038e-02 | support=2.8528e+00
2026-08-08 13:09:33 | INFO    | TRAIN | epoch=062/100 | batch=00550/01563 ( 35.19%) | lr=1.000e-03 | elapsed=0:04:32 | eta=0:08:21
    losses | total=4.8922e+00 | fourier=4.8922e+00 | amplitude=2.0760e-02 | phase=1.1826e-02 | support=2.8160e+00
2026-08-08 13:09:58 | INFO    | TRAIN | epoch=062/100 | batch=00600/01563 ( 38.39%) | lr=1.000e-03 | elapsed=0:04:57 | eta=0:07:57
    losses | total=4.7730e+00 | fourier=4.7730e+00 | amplitude=1.9177e-02 | phase=1.2393e-02 | support=2.9162e+00
2026-08-08 13:10:22 | INFO    | TRAIN | epoch=062/100 | batch=00650/01563 ( 41.59%) | lr=1.000e-03 | elapsed=0:05:22 | eta=0:07:32
    losses | total=4.3256e+00 | fourier=4.3256e+00 | amplitude=1.7399e-02 | phase=1.1167e-02 | support=3.3688e+00
2026-08-08 13:10:47 | INFO    | TRAIN | epoch=062/100 | batch=00700/01563 ( 44.79%) | lr=1.000e-03 | elapsed=0:05:46 | eta=0:07:07
    losses | total=4.4608e+00 | fourier=4.4608e+00 | amplitude=1.9124e-02 | phase=1.1877e-02 | support=2.8242e+00
2026-08-08 13:11:12 | INFO    | TRAIN | epoch=062/100 | batch=00750/01563 ( 47.98%) | lr=1.000e-03 | elapsed=0:06:11 | eta=0:06:42
    losses | total=4.8701e+00 | fourier=4.8701e+00 | amplitude=2.1150e-02 | phase=1.2071e-02 | support=3.1402e+00
2026-08-08 13:11:37 | INFO    | TRAIN | epoch=062/100 | batch=00800/01563 ( 51.18%) | lr=1.000e-03 | elapsed=0:06:36 | eta=0:06:18
    losses | total=4.9150e+00 | fourier=4.9150e+00 | amplitude=2.0137e-02 | phase=1.1305e-02 | support=2.8541e+00
2026-08-08 13:12:01 | INFO    | TRAIN | epoch=062/100 | batch=00850/01563 ( 54.38%) | lr=1.000e-03 | elapsed=0:07:01 | eta=0:05:53
    losses | total=4.5823e+00 | fourier=4.5823e+00 | amplitude=2.0511e-02 | phase=1.1998e-02 | support=2.8734e+00
2026-08-08 13:12:26 | INFO    | TRAIN | epoch=062/100 | batch=00900/01563 ( 57.58%) | lr=1.000e-03 | elapsed=0:07:25 | eta=0:05:28
    losses | total=4.7443e+00 | fourier=4.7443e+00 | amplitude=1.9807e-02 | phase=1.1809e-02 | support=3.1655e+00
2026-08-08 13:12:51 | INFO    | TRAIN | epoch=062/100 | batch=00950/01563 ( 60.78%) | lr=1.000e-03 | elapsed=0:07:50 | eta=0:05:03
    losses | total=5.0211e+00 | fourier=5.0211e+00 | amplitude=2.3254e-02 | phase=1.2275e-02 | support=3.1375e+00
2026-08-08 13:13:16 | INFO    | TRAIN | epoch=062/100 | batch=01000/01563 ( 63.98%) | lr=1.000e-03 | elapsed=0:08:15 | eta=0:04:38
    losses | total=4.4571e+00 | fourier=4.4571e+00 | amplitude=1.7434e-02 | phase=1.0121e-02 | support=2.8525e+00
2026-08-08 13:13:40 | INFO    | TRAIN | epoch=062/100 | batch=01050/01563 ( 67.18%) | lr=1.000e-03 | elapsed=0:08:40 | eta=0:04:14
    losses | total=4.6035e+00 | fourier=4.6035e+00 | amplitude=1.8356e-02 | phase=1.1774e-02 | support=2.9718e+00
2026-08-08 13:14:05 | INFO    | TRAIN | epoch=062/100 | batch=01100/01563 ( 70.38%) | lr=1.000e-03 | elapsed=0:09:04 | eta=0:03:49
    losses | total=4.9138e+00 | fourier=4.9138e+00 | amplitude=2.3006e-02 | phase=1.3435e-02 | support=3.0837e+00
2026-08-08 13:14:30 | INFO    | TRAIN | epoch=062/100 | batch=01150/01563 ( 73.58%) | lr=1.000e-03 | elapsed=0:09:29 | eta=0:03:24
    losses | total=4.7238e+00 | fourier=4.7238e+00 | amplitude=1.7829e-02 | phase=1.0499e-02 | support=2.8222e+00
2026-08-08 13:14:55 | INFO    | TRAIN | epoch=062/100 | batch=01200/01563 ( 76.78%) | lr=1.000e-03 | elapsed=0:09:54 | eta=0:02:59
    losses | total=4.7260e+00 | fourier=4.7260e+00 | amplitude=1.8517e-02 | phase=1.1049e-02 | support=2.7160e+00
2026-08-08 13:15:19 | INFO    | TRAIN | epoch=062/100 | batch=01250/01563 ( 79.97%) | lr=1.000e-03 | elapsed=0:10:19 | eta=0:02:35
    losses | total=4.7895e+00 | fourier=4.7895e+00 | amplitude=1.7871e-02 | phase=9.0688e-03 | support=2.7951e+00
2026-08-08 13:15:44 | INFO    | TRAIN | epoch=062/100 | batch=01300/01563 ( 83.17%) | lr=1.000e-03 | elapsed=0:10:44 | eta=0:02:10
    losses | total=4.9104e+00 | fourier=4.9104e+00 | amplitude=2.1849e-02 | phase=1.2461e-02 | support=2.9291e+00
2026-08-08 13:16:09 | INFO    | TRAIN | epoch=062/100 | batch=01350/01563 ( 86.37%) | lr=1.000e-03 | elapsed=0:11:08 | eta=0:01:45
    losses | total=5.0745e+00 | fourier=5.0745e+00 | amplitude=2.2391e-02 | phase=1.3792e-02 | support=2.8836e+00
2026-08-08 13:16:34 | INFO    | TRAIN | epoch=062/100 | batch=01400/01563 ( 89.57%) | lr=1.000e-03 | elapsed=0:11:33 | eta=0:01:20
    losses | total=4.7058e+00 | fourier=4.7058e+00 | amplitude=1.9376e-02 | phase=1.2232e-02 | support=2.9167e+00
2026-08-08 13:16:59 | INFO    | TRAIN | epoch=062/100 | batch=01450/01563 ( 92.77%) | lr=1.000e-03 | elapsed=0:11:58 | eta=0:00:55
    losses | total=4.3730e+00 | fourier=4.3730e+00 | amplitude=2.1214e-02 | phase=1.1322e-02 | support=2.9124e+00
2026-08-08 13:17:23 | INFO    | TRAIN | epoch=062/100 | batch=01500/01563 ( 95.97%) | lr=1.000e-03 | elapsed=0:12:23 | eta=0:00:31
    losses | total=4.7779e+00 | fourier=4.7779e+00 | amplitude=1.8663e-02 | phase=1.3577e-02 | support=3.0947e+00
2026-08-08 13:17:48 | INFO    | TRAIN | epoch=062/100 | batch=01550/01563 ( 99.17%) | lr=1.000e-03 | elapsed=0:12:47 | eta=0:00:06
    losses | total=4.7309e+00 | fourier=4.7309e+00 | amplitude=1.9910e-02 | phase=1.1138e-02 | support=2.7760e+00
2026-08-08 13:17:54 | INFO    | TRAIN | epoch=062/100 | batch=01563/01563 (100.00%) | lr=1.000e-03 | elapsed=0:12:54 | eta=0:00:00
    losses | total=4.2298e+00 | fourier=4.2298e+00 | amplitude=1.8696e-02 | phase=9.6994e-03 | support=2.9253e+00
2026-08-08 13:17:55 | INFO    | TRAIN epoch 062 complete | batches=1563 | samples=25000 | time=0:12:54
2026-08-08 13:18:01 | INFO    | VAL | epoch=062/100 | batch=00050/00313 ( 15.97%) | elapsed=0:00:06 | eta=0:00:33
    losses | total=5.2906e+00 | fourier=5.2906e+00 | amplitude=2.0594e-02 | phase=1.3205e-02 | support=2.9228e+00
2026-08-08 13:18:07 | INFO    | VAL | epoch=062/100 | batch=00100/00313 ( 31.95%) | elapsed=0:00:12 | eta=0:00:27
    losses | total=4.8039e+00 | fourier=4.8039e+00 | amplitude=1.8510e-02 | phase=1.2060e-02 | support=2.5753e+00
2026-08-08 13:18:14 | INFO    | VAL | epoch=062/100 | batch=00150/00313 ( 47.92%) | elapsed=0:00:18 | eta=0:00:20
    losses | total=4.8181e+00 | fourier=4.8181e+00 | amplitude=2.0778e-02 | phase=1.0240e-02 | support=3.1887e+00
2026-08-08 13:18:20 | INFO    | VAL | epoch=062/100 | batch=00200/00313 ( 63.90%) | elapsed=0:00:25 | eta=0:00:14
    losses | total=4.8228e+00 | fourier=4.8228e+00 | amplitude=1.9891e-02 | phase=1.1089e-02 | support=2.8974e+00
2026-08-08 13:18:26 | INFO    | VAL | epoch=062/100 | batch=00250/00313 ( 79.87%) | elapsed=0:00:31 | eta=0:00:07
    losses | total=5.2013e+00 | fourier=5.2013e+00 | amplitude=2.0469e-02 | phase=1.2969e-02 | support=2.7410e+00
2026-08-08 13:18:32 | INFO    | VAL | epoch=062/100 | batch=00300/00313 ( 95.85%) | elapsed=0:00:37 | eta=0:00:01
    losses | total=5.0666e+00 | fourier=5.0666e+00 | amplitude=2.1688e-02 | phase=1.1975e-02 | support=2.9540e+00
2026-08-08 13:18:34 | INFO    | VAL | epoch=062/100 | batch=00313/00313 (100.00%) | elapsed=0:00:39 | eta=0:00:00
    losses | total=5.0083e+00 | fourier=5.0083e+00 | amplitude=2.2007e-02 | phase=1.2569e-02 | support=3.0774e+00
2026-08-08 13:18:34 | INFO    | VAL epoch 062 complete | batches=313 | samples=5000 | time=0:00:39
2026-08-08 13:18:34 | INFO    | 
------------------------------------------------------------------------------------------------
Epoch 062/100 summary
split             total      fourier    amplitude        phase      support        time
train        4.7334e+00   4.7334e+00   1.9733e-02   1.1633e-02   2.9322e+00     0:12:54
validation   4.9739e+00   4.9739e+00   1.9893e-02   1.1464e-02   2.8809e+00     0:00:39
lr=1.000e-03 | best_val=4.9468e+00 | best_updated=no | periodic_checkpoint=no
------------------------------------------------------------------------------------------------
2026-08-08 13:18:59 | INFO    | TRAIN | epoch=063/100 | batch=00050/01563 (  3.20%) | lr=1.000e-03 | elapsed=0:00:24 | eta=0:12:33
    losses | total=4.5943e+00 | fourier=4.5943e+00 | amplitude=1.6970e-02 | phase=1.0329e-02 | support=2.7232e+00
2026-08-08 13:19:24 | INFO    | TRAIN | epoch=063/100 | batch=00100/01563 (  6.40%) | lr=1.000e-03 | elapsed=0:00:49 | eta=0:12:06
    losses | total=4.5798e+00 | fourier=4.5798e+00 | amplitude=1.8411e-02 | phase=1.0645e-02 | support=2.9939e+00
2026-08-08 13:19:49 | INFO    | TRAIN | epoch=063/100 | batch=00150/01563 (  9.60%) | lr=1.000e-03 | elapsed=0:01:14 | eta=0:11:41
    losses | total=4.1235e+00 | fourier=4.1235e+00 | amplitude=1.6602e-02 | phase=8.8975e-03 | support=3.4017e+00
2026-08-08 13:20:14 | INFO    | TRAIN | epoch=063/100 | batch=00200/01563 ( 12.80%) | lr=1.000e-03 | elapsed=0:01:39 | eta=0:11:16
    losses | total=5.1977e+00 | fourier=5.1977e+00 | amplitude=2.0659e-02 | phase=1.1254e-02 | support=2.8135e+00
2026-08-08 13:20:38 | INFO    | TRAIN | epoch=063/100 | batch=00250/01563 ( 15.99%) | lr=1.000e-03 | elapsed=0:02:03 | eta=0:10:51
    losses | total=4.0958e+00 | fourier=4.0958e+00 | amplitude=1.6435e-02 | phase=1.0209e-02 | support=2.9792e+00
2026-08-08 13:21:03 | INFO    | TRAIN | epoch=063/100 | batch=00300/01563 ( 19.19%) | lr=1.000e-03 | elapsed=0:02:28 | eta=0:10:26
    losses | total=4.6956e+00 | fourier=4.6956e+00 | amplitude=1.9431e-02 | phase=1.0749e-02 | support=3.2654e+00
2026-08-08 13:21:28 | INFO    | TRAIN | epoch=063/100 | batch=00350/01563 ( 22.39%) | lr=1.000e-03 | elapsed=0:02:53 | eta=0:10:01
    losses | total=4.7578e+00 | fourier=4.7578e+00 | amplitude=2.3823e-02 | phase=1.1727e-02 | support=3.3788e+00
2026-08-08 13:21:53 | INFO    | TRAIN | epoch=063/100 | batch=00400/01563 ( 25.59%) | lr=1.000e-03 | elapsed=0:03:18 | eta=0:09:36
    losses | total=4.9582e+00 | fourier=4.9582e+00 | amplitude=2.0012e-02 | phase=1.1778e-02 | support=2.8569e+00
2026-08-08 13:22:17 | INFO    | TRAIN | epoch=063/100 | batch=00450/01563 ( 28.79%) | lr=1.000e-03 | elapsed=0:03:43 | eta=0:09:11
    losses | total=4.9034e+00 | fourier=4.9034e+00 | amplitude=2.1517e-02 | phase=1.2846e-02 | support=2.9287e+00
2026-08-08 13:22:42 | INFO    | TRAIN | epoch=063/100 | batch=00500/01563 ( 31.99%) | lr=1.000e-03 | elapsed=0:04:07 | eta=0:08:46
    losses | total=4.7753e+00 | fourier=4.7753e+00 | amplitude=2.3187e-02 | phase=1.5066e-02 | support=3.2107e+00
2026-08-08 13:23:07 | INFO    | TRAIN | epoch=063/100 | batch=00550/01563 ( 35.19%) | lr=1.000e-03 | elapsed=0:04:32 | eta=0:08:22
    losses | total=4.8962e+00 | fourier=4.8962e+00 | amplitude=2.0002e-02 | phase=1.2303e-02 | support=2.7660e+00
2026-08-08 13:23:32 | INFO    | TRAIN | epoch=063/100 | batch=00600/01563 ( 38.39%) | lr=1.000e-03 | elapsed=0:04:57 | eta=0:07:57
    losses | total=4.7813e+00 | fourier=4.7813e+00 | amplitude=1.9340e-02 | phase=1.0881e-02 | support=2.8443e+00
2026-08-08 13:23:56 | INFO    | TRAIN | epoch=063/100 | batch=00650/01563 ( 41.59%) | lr=1.000e-03 | elapsed=0:05:22 | eta=0:07:32
    losses | total=4.8408e+00 | fourier=4.8408e+00 | amplitude=2.0675e-02 | phase=1.2703e-02 | support=2.9557e+00
2026-08-08 13:24:21 | INFO    | TRAIN | epoch=063/100 | batch=00700/01563 ( 44.79%) | lr=1.000e-03 | elapsed=0:05:46 | eta=0:07:07
    losses | total=4.7121e+00 | fourier=4.7121e+00 | amplitude=2.1991e-02 | phase=1.1127e-02 | support=3.2815e+00
2026-08-08 13:24:46 | INFO    | TRAIN | epoch=063/100 | batch=00750/01563 ( 47.98%) | lr=1.000e-03 | elapsed=0:06:11 | eta=0:06:42
    losses | total=4.7532e+00 | fourier=4.7532e+00 | amplitude=1.9729e-02 | phase=1.2928e-02 | support=2.9566e+00
2026-08-08 13:25:11 | INFO    | TRAIN | epoch=063/100 | batch=00800/01563 ( 51.18%) | lr=1.000e-03 | elapsed=0:06:36 | eta=0:06:18
    losses | total=4.8843e+00 | fourier=4.8843e+00 | amplitude=2.0553e-02 | phase=1.1034e-02 | support=2.9059e+00
2026-08-08 13:25:35 | INFO    | TRAIN | epoch=063/100 | batch=00850/01563 ( 54.38%) | lr=1.000e-03 | elapsed=0:07:01 | eta=0:05:53
    losses | total=4.8334e+00 | fourier=4.8334e+00 | amplitude=1.8132e-02 | phase=1.3867e-02 | support=2.8081e+00
2026-08-08 13:26:00 | INFO    | TRAIN | epoch=063/100 | batch=00900/01563 ( 57.58%) | lr=1.000e-03 | elapsed=0:07:25 | eta=0:05:28
    losses | total=4.5297e+00 | fourier=4.5297e+00 | amplitude=1.6668e-02 | phase=9.6649e-03 | support=2.8252e+00
2026-08-08 13:26:25 | INFO    | TRAIN | epoch=063/100 | batch=00950/01563 ( 60.78%) | lr=1.000e-03 | elapsed=0:07:50 | eta=0:05:03
    losses | total=4.6069e+00 | fourier=4.6069e+00 | amplitude=1.9992e-02 | phase=1.2816e-02 | support=3.0367e+00
2026-08-08 13:26:50 | INFO    | TRAIN | epoch=063/100 | batch=01000/01563 ( 63.98%) | lr=1.000e-03 | elapsed=0:08:15 | eta=0:04:38
    losses | total=4.5252e+00 | fourier=4.5252e+00 | amplitude=1.8324e-02 | phase=1.1592e-02 | support=2.7595e+00
2026-08-08 13:27:15 | INFO    | TRAIN | epoch=063/100 | batch=01050/01563 ( 67.18%) | lr=1.000e-03 | elapsed=0:08:40 | eta=0:04:14
    losses | total=4.8067e+00 | fourier=4.8067e+00 | amplitude=1.7850e-02 | phase=1.4084e-02 | support=2.6319e+00
2026-08-08 13:27:39 | INFO    | TRAIN | epoch=063/100 | batch=01100/01563 ( 70.38%) | lr=1.000e-03 | elapsed=0:09:04 | eta=0:03:49
    losses | total=4.5388e+00 | fourier=4.5388e+00 | amplitude=1.9684e-02 | phase=1.2892e-02 | support=2.9540e+00
2026-08-08 13:28:04 | INFO    | TRAIN | epoch=063/100 | batch=01150/01563 ( 73.58%) | lr=1.000e-03 | elapsed=0:09:29 | eta=0:03:24
    losses | total=5.0647e+00 | fourier=5.0647e+00 | amplitude=2.2183e-02 | phase=1.3017e-02 | support=2.9529e+00
2026-08-08 13:28:29 | INFO    | TRAIN | epoch=063/100 | batch=01200/01563 ( 76.78%) | lr=1.000e-03 | elapsed=0:09:54 | eta=0:02:59
    losses | total=4.7764e+00 | fourier=4.7764e+00 | amplitude=1.8786e-02 | phase=1.1451e-02 | support=2.8720e+00
2026-08-08 13:28:54 | INFO    | TRAIN | epoch=063/100 | batch=01250/01563 ( 79.97%) | lr=1.000e-03 | elapsed=0:10:19 | eta=0:02:35
    losses | total=4.6103e+00 | fourier=4.6103e+00 | amplitude=1.9126e-02 | phase=1.1330e-02 | support=3.0207e+00
2026-08-08 13:29:18 | INFO    | TRAIN | epoch=063/100 | batch=01300/01563 ( 83.17%) | lr=1.000e-03 | elapsed=0:10:44 | eta=0:02:10
    losses | total=4.6847e+00 | fourier=4.6847e+00 | amplitude=1.8409e-02 | phase=1.1347e-02 | support=2.7509e+00
2026-08-08 13:29:43 | INFO    | TRAIN | epoch=063/100 | batch=01350/01563 ( 86.37%) | lr=1.000e-03 | elapsed=0:11:08 | eta=0:01:45
    losses | total=4.3465e+00 | fourier=4.3465e+00 | amplitude=1.8184e-02 | phase=9.7426e-03 | support=3.1065e+00
2026-08-08 13:30:08 | INFO    | TRAIN | epoch=063/100 | batch=01400/01563 ( 89.57%) | lr=1.000e-03 | elapsed=0:11:33 | eta=0:01:20
    losses | total=4.9873e+00 | fourier=4.9873e+00 | amplitude=2.0494e-02 | phase=9.0137e-03 | support=2.8023e+00
2026-08-08 13:30:33 | INFO    | TRAIN | epoch=063/100 | batch=01450/01563 ( 92.77%) | lr=1.000e-03 | elapsed=0:11:58 | eta=0:00:55
    losses | total=4.8139e+00 | fourier=4.8139e+00 | amplitude=2.1064e-02 | phase=1.0642e-02 | support=3.0027e+00
2026-08-08 13:30:57 | INFO    | TRAIN | epoch=063/100 | batch=01500/01563 ( 95.97%) | lr=1.000e-03 | elapsed=0:12:23 | eta=0:00:31
    losses | total=4.9732e+00 | fourier=4.9732e+00 | amplitude=2.2194e-02 | phase=1.2400e-02 | support=3.1766e+00
2026-08-08 13:31:22 | INFO    | TRAIN | epoch=063/100 | batch=01550/01563 ( 99.17%) | lr=1.000e-03 | elapsed=0:12:47 | eta=0:00:06
    losses | total=4.6384e+00 | fourier=4.6384e+00 | amplitude=2.0442e-02 | phase=1.2803e-02 | support=3.3575e+00
2026-08-08 13:31:28 | INFO    | TRAIN | epoch=063/100 | batch=01563/01563 (100.00%) | lr=1.000e-03 | elapsed=0:12:54 | eta=0:00:00
    losses | total=5.0267e+00 | fourier=5.0267e+00 | amplitude=2.1140e-02 | phase=1.1277e-02 | support=3.3044e+00
2026-08-08 13:31:29 | INFO    | TRAIN epoch 063 complete | batches=1563 | samples=25000 | time=0:12:54
2026-08-08 13:31:35 | INFO    | VAL | epoch=063/100 | batch=00050/00313 ( 15.97%) | elapsed=0:00:06 | eta=0:00:33
    losses | total=5.2843e+00 | fourier=5.2843e+00 | amplitude=1.9963e-02 | phase=1.2648e-02 | support=3.1578e+00
2026-08-08 13:31:41 | INFO    | VAL | epoch=063/100 | batch=00100/00313 ( 31.95%) | elapsed=0:00:12 | eta=0:00:27
    losses | total=4.8045e+00 | fourier=4.8045e+00 | amplitude=1.8197e-02 | phase=1.1504e-02 | support=2.8087e+00
2026-08-08 13:31:48 | INFO    | VAL | epoch=063/100 | batch=00150/00313 ( 47.92%) | elapsed=0:00:18 | eta=0:00:20
    losses | total=4.8498e+00 | fourier=4.8498e+00 | amplitude=2.0098e-02 | phase=9.9506e-03 | support=3.3087e+00
2026-08-08 13:31:54 | INFO    | VAL | epoch=063/100 | batch=00200/00313 ( 63.90%) | elapsed=0:00:25 | eta=0:00:14
    losses | total=4.7950e+00 | fourier=4.7950e+00 | amplitude=1.9546e-02 | phase=1.0502e-02 | support=3.1273e+00
2026-08-08 13:32:00 | INFO    | VAL | epoch=063/100 | batch=00250/00313 ( 79.87%) | elapsed=0:00:31 | eta=0:00:07
    losses | total=5.1775e+00 | fourier=5.1775e+00 | amplitude=2.0176e-02 | phase=1.2462e-02 | support=2.9406e+00
2026-08-08 13:32:07 | INFO    | VAL | epoch=063/100 | batch=00300/00313 ( 95.85%) | elapsed=0:00:37 | eta=0:00:01
    losses | total=5.0430e+00 | fourier=5.0430e+00 | amplitude=2.1406e-02 | phase=1.1984e-02 | support=3.2214e+00
2026-08-08 13:32:08 | INFO    | VAL | epoch=063/100 | batch=00313/00313 (100.00%) | elapsed=0:00:39 | eta=0:00:00
    losses | total=4.9931e+00 | fourier=4.9931e+00 | amplitude=2.1428e-02 | phase=1.3265e-02 | support=3.3244e+00
2026-08-08 13:32:08 | INFO    | VAL epoch 063 complete | batches=313 | samples=5000 | time=0:00:39
2026-08-08 13:32:08 | INFO    | 
------------------------------------------------------------------------------------------------
Epoch 063/100 summary
split             total      fourier    amplitude        phase      support        time
train        4.7241e+00   4.7241e+00   1.9784e-02   1.1683e-02   2.9733e+00     0:12:54
validation   4.9584e+00   4.9584e+00   1.9574e-02   1.1271e-02   3.1130e+00     0:00:39
lr=1.000e-03 | best_val=4.9468e+00 | best_updated=no | periodic_checkpoint=no
------------------------------------------------------------------------------------------------
2026-08-08 13:32:33 | INFO    | TRAIN | epoch=064/100 | batch=00050/01563 (  3.20%) | lr=1.000e-03 | elapsed=0:00:24 | eta=0:12:34
    losses | total=4.4818e+00 | fourier=4.4818e+00 | amplitude=1.8357e-02 | phase=9.7137e-03 | support=3.1937e+00
2026-08-08 13:32:58 | INFO    | TRAIN | epoch=064/100 | batch=00100/01563 (  6.40%) | lr=1.000e-03 | elapsed=0:00:49 | eta=0:12:06
    losses | total=4.8570e+00 | fourier=4.8570e+00 | amplitude=2.1313e-02 | phase=1.1955e-02 | support=2.7208e+00
2026-08-08 13:33:23 | INFO    | TRAIN | epoch=064/100 | batch=00150/01563 (  9.60%) | lr=1.000e-03 | elapsed=0:01:14 | eta=0:11:41
    losses | total=4.5182e+00 | fourier=4.5182e+00 | amplitude=1.9266e-02 | phase=1.0883e-02 | support=2.9065e+00
2026-08-08 13:33:48 | INFO    | TRAIN | epoch=064/100 | batch=00200/01563 ( 12.80%) | lr=1.000e-03 | elapsed=0:01:39 | eta=0:11:16
    losses | total=4.6947e+00 | fourier=4.6947e+00 | amplitude=2.0021e-02 | phase=1.2842e-02 | support=2.9939e+00
2026-08-08 13:34:12 | INFO    | TRAIN | epoch=064/100 | batch=00250/01563 ( 15.99%) | lr=1.000e-03 | elapsed=0:02:03 | eta=0:10:51
    losses | total=5.0067e+00 | fourier=5.0067e+00 | amplitude=2.3950e-02 | phase=1.1231e-02 | support=3.0440e+00
2026-08-08 13:34:37 | INFO    | TRAIN | epoch=064/100 | batch=00300/01563 ( 19.19%) | lr=1.000e-03 | elapsed=0:02:28 | eta=0:10:26
    losses | total=4.3015e+00 | fourier=4.3015e+00 | amplitude=1.8566e-02 | phase=1.0331e-02 | support=3.1117e+00
2026-08-08 13:35:02 | INFO    | TRAIN | epoch=064/100 | batch=00350/01563 ( 22.39%) | lr=1.000e-03 | elapsed=0:02:53 | eta=0:10:01
    losses | total=4.6944e+00 | fourier=4.6944e+00 | amplitude=2.1840e-02 | phase=1.1241e-02 | support=3.3240e+00
2026-08-08 13:35:27 | INFO    | TRAIN | epoch=064/100 | batch=00400/01563 ( 25.59%) | lr=1.000e-03 | elapsed=0:03:18 | eta=0:09:36
    losses | total=4.3406e+00 | fourier=4.3406e+00 | amplitude=1.9817e-02 | phase=9.7287e-03 | support=3.1830e+00
2026-08-08 13:35:52 | INFO    | TRAIN | epoch=064/100 | batch=00450/01563 ( 28.79%) | lr=1.000e-03 | elapsed=0:03:43 | eta=0:09:11
    losses | total=4.8944e+00 | fourier=4.8944e+00 | amplitude=2.2106e-02 | phase=1.1396e-02 | support=2.9827e+00
2026-08-08 13:36:16 | INFO    | TRAIN | epoch=064/100 | batch=00500/01563 ( 31.99%) | lr=1.000e-03 | elapsed=0:04:07 | eta=0:08:46
    losses | total=4.1952e+00 | fourier=4.1952e+00 | amplitude=1.9163e-02 | phase=1.0759e-02 | support=3.1142e+00
2026-08-08 13:36:41 | INFO    | TRAIN | epoch=064/100 | batch=00550/01563 ( 35.19%) | lr=1.000e-03 | elapsed=0:04:32 | eta=0:08:22
    losses | total=4.8081e+00 | fourier=4.8081e+00 | amplitude=2.1626e-02 | phase=1.2595e-02 | support=2.9546e+00
2026-08-08 13:37:06 | INFO    | TRAIN | epoch=064/100 | batch=00600/01563 ( 38.39%) | lr=1.000e-03 | elapsed=0:04:57 | eta=0:07:57
    losses | total=4.4712e+00 | fourier=4.4712e+00 | amplitude=1.9594e-02 | phase=1.2734e-02 | support=2.6623e+00
2026-08-08 13:37:31 | INFO    | TRAIN | epoch=064/100 | batch=00650/01563 ( 41.59%) | lr=1.000e-03 | elapsed=0:05:22 | eta=0:07:32
    losses | total=4.7649e+00 | fourier=4.7649e+00 | amplitude=2.0709e-02 | phase=1.1218e-02 | support=3.2408e+00
2026-08-08 13:37:55 | INFO    | TRAIN | epoch=064/100 | batch=00700/01563 ( 44.79%) | lr=1.000e-03 | elapsed=0:05:46 | eta=0:07:07
    losses | total=4.3190e+00 | fourier=4.3190e+00 | amplitude=1.6285e-02 | phase=1.0230e-02 | support=2.8961e+00
2026-08-08 13:38:20 | INFO    | TRAIN | epoch=064/100 | batch=00750/01563 ( 47.98%) | lr=1.000e-03 | elapsed=0:06:11 | eta=0:06:42
    losses | total=5.1020e+00 | fourier=5.1020e+00 | amplitude=2.1132e-02 | phase=1.0070e-02 | support=2.7425e+00
2026-08-08 13:38:45 | INFO    | TRAIN | epoch=064/100 | batch=00800/01563 ( 51.18%) | lr=1.000e-03 | elapsed=0:06:36 | eta=0:06:18
    losses | total=4.9259e+00 | fourier=4.9259e+00 | amplitude=1.9547e-02 | phase=9.8419e-03 | support=2.9153e+00
2026-08-08 13:39:10 | INFO    | TRAIN | epoch=064/100 | batch=00850/01563 ( 54.38%) | lr=1.000e-03 | elapsed=0:07:01 | eta=0:05:53
    losses | total=4.8992e+00 | fourier=4.8992e+00 | amplitude=2.0032e-02 | phase=1.2380e-02 | support=2.8980e+00
2026-08-08 13:39:34 | INFO    | TRAIN | epoch=064/100 | batch=00900/01563 ( 57.58%) | lr=1.000e-03 | elapsed=0:07:25 | eta=0:05:28
    losses | total=4.6951e+00 | fourier=4.6951e+00 | amplitude=2.0506e-02 | phase=1.0102e-02 | support=2.8533e+00
2026-08-08 13:39:59 | INFO    | TRAIN | epoch=064/100 | batch=00950/01563 ( 60.78%) | lr=1.000e-03 | elapsed=0:07:50 | eta=0:05:03
    losses | total=4.5569e+00 | fourier=4.5569e+00 | amplitude=1.7385e-02 | phase=1.0365e-02 | support=2.8067e+00
2026-08-08 13:40:24 | INFO    | TRAIN | epoch=064/100 | batch=01000/01563 ( 63.98%) | lr=1.000e-03 | elapsed=0:08:15 | eta=0:04:38
    losses | total=4.6309e+00 | fourier=4.6309e+00 | amplitude=1.8117e-02 | phase=9.7325e-03 | support=2.7796e+00
2026-08-08 13:40:49 | INFO    | TRAIN | epoch=064/100 | batch=01050/01563 ( 67.18%) | lr=1.000e-03 | elapsed=0:08:40 | eta=0:04:14
    losses | total=4.9573e+00 | fourier=4.9573e+00 | amplitude=2.0262e-02 | phase=1.3323e-02 | support=2.7763e+00
2026-08-08 13:41:13 | INFO    | TRAIN | epoch=064/100 | batch=01100/01563 ( 70.38%) | lr=1.000e-03 | elapsed=0:09:04 | eta=0:03:49
    losses | total=4.5309e+00 | fourier=4.5309e+00 | amplitude=1.8850e-02 | phase=1.0225e-02 | support=3.1612e+00
2026-08-08 13:41:38 | INFO    | TRAIN | epoch=064/100 | batch=01150/01563 ( 73.58%) | lr=1.000e-03 | elapsed=0:09:29 | eta=0:03:24
    losses | total=4.6343e+00 | fourier=4.6343e+00 | amplitude=1.9310e-02 | phase=1.1145e-02 | support=3.3057e+00
2026-08-08 13:42:03 | INFO    | TRAIN | epoch=064/100 | batch=01200/01563 ( 76.78%) | lr=1.000e-03 | elapsed=0:09:54 | eta=0:02:59
    losses | total=4.6908e+00 | fourier=4.6908e+00 | amplitude=1.9994e-02 | phase=1.1482e-02 | support=3.0414e+00
2026-08-08 13:42:28 | INFO    | TRAIN | epoch=064/100 | batch=01250/01563 ( 79.97%) | lr=1.000e-03 | elapsed=0:10:19 | eta=0:02:35
    losses | total=5.1980e+00 | fourier=5.1980e+00 | amplitude=2.2701e-02 | phase=1.2294e-02 | support=3.2218e+00
2026-08-08 13:42:53 | INFO    | TRAIN | epoch=064/100 | batch=01300/01563 ( 83.17%) | lr=1.000e-03 | elapsed=0:10:44 | eta=0:02:10
    losses | total=4.9684e+00 | fourier=4.9684e+00 | amplitude=2.4780e-02 | phase=1.5120e-02 | support=3.2060e+00
2026-08-08 13:43:17 | INFO    | TRAIN | epoch=064/100 | batch=01350/01563 ( 86.37%) | lr=1.000e-03 | elapsed=0:11:08 | eta=0:01:45
    losses | total=4.2618e+00 | fourier=4.2618e+00 | amplitude=1.7919e-02 | phase=9.9129e-03 | support=3.1861e+00
2026-08-08 13:43:42 | INFO    | TRAIN | epoch=064/100 | batch=01400/01563 ( 89.57%) | lr=1.000e-03 | elapsed=0:11:33 | eta=0:01:20
    losses | total=4.6883e+00 | fourier=4.6883e+00 | amplitude=1.9038e-02 | phase=1.3554e-02 | support=2.9736e+00
2026-08-08 13:44:07 | INFO    | TRAIN | epoch=064/100 | batch=01450/01563 ( 92.77%) | lr=1.000e-03 | elapsed=0:11:58 | eta=0:00:55
    losses | total=5.1759e+00 | fourier=5.1759e+00 | amplitude=2.2715e-02 | phase=1.5033e-02 | support=2.9477e+00
2026-08-08 13:44:32 | INFO    | TRAIN | epoch=064/100 | batch=01500/01563 ( 95.97%) | lr=1.000e-03 | elapsed=0:12:23 | eta=0:00:31
    losses | total=4.9160e+00 | fourier=4.9160e+00 | amplitude=1.8015e-02 | phase=1.2200e-02 | support=2.6400e+00
2026-08-08 13:44:56 | INFO    | TRAIN | epoch=064/100 | batch=01550/01563 ( 99.17%) | lr=1.000e-03 | elapsed=0:12:47 | eta=0:00:06
    losses | total=4.5640e+00 | fourier=4.5640e+00 | amplitude=2.0088e-02 | phase=9.7394e-03 | support=3.0417e+00
2026-08-08 13:45:03 | INFO    | TRAIN | epoch=064/100 | batch=01563/01563 (100.00%) | lr=1.000e-03 | elapsed=0:12:54 | eta=0:00:00
    losses | total=4.5904e+00 | fourier=4.5904e+00 | amplitude=2.2023e-02 | phase=1.0530e-02 | support=3.2712e+00
2026-08-08 13:45:03 | INFO    | TRAIN epoch 064 complete | batches=1563 | samples=25000 | time=0:12:54
2026-08-08 13:45:09 | INFO    | VAL | epoch=064/100 | batch=00050/00313 ( 15.97%) | elapsed=0:00:06 | eta=0:00:33
    losses | total=5.2501e+00 | fourier=5.2501e+00 | amplitude=1.9624e-02 | phase=1.2622e-02 | support=2.8937e+00
2026-08-08 13:45:16 | INFO    | VAL | epoch=064/100 | batch=00100/00313 ( 31.95%) | elapsed=0:00:12 | eta=0:00:27
    losses | total=4.8016e+00 | fourier=4.8016e+00 | amplitude=1.7934e-02 | phase=1.1419e-02 | support=2.6353e+00
2026-08-08 13:45:22 | INFO    | VAL | epoch=064/100 | batch=00150/00313 ( 47.92%) | elapsed=0:00:18 | eta=0:00:20
    losses | total=4.7806e+00 | fourier=4.7806e+00 | amplitude=2.0100e-02 | phase=9.8066e-03 | support=3.2171e+00
2026-08-08 13:45:28 | INFO    | VAL | epoch=064/100 | batch=00200/00313 ( 63.90%) | elapsed=0:00:25 | eta=0:00:14
    losses | total=4.7754e+00 | fourier=4.7754e+00 | amplitude=1.9065e-02 | phase=1.0740e-02 | support=2.8442e+00
2026-08-08 13:45:34 | INFO    | VAL | epoch=064/100 | batch=00250/00313 ( 79.87%) | elapsed=0:00:31 | eta=0:00:07
    losses | total=5.2111e+00 | fourier=5.2111e+00 | amplitude=1.9357e-02 | phase=1.2121e-02 | support=2.7202e+00
2026-08-08 13:45:41 | INFO    | VAL | epoch=064/100 | batch=00300/00313 ( 95.85%) | elapsed=0:00:37 | eta=0:00:01
    losses | total=5.0228e+00 | fourier=5.0228e+00 | amplitude=2.1036e-02 | phase=1.1820e-02 | support=3.0666e+00
2026-08-08 13:45:42 | INFO    | VAL | epoch=064/100 | batch=00313/00313 (100.00%) | elapsed=0:00:39 | eta=0:00:00
    losses | total=4.9161e+00 | fourier=4.9161e+00 | amplitude=2.1025e-02 | phase=1.2940e-02 | support=3.0357e+00
2026-08-08 13:45:42 | INFO    | VAL epoch 064 complete | batches=313 | samples=5000 | time=0:00:39
2026-08-08 13:45:43 | INFO    | 
------------------------------------------------------------------------------------------------
Epoch 064/100 summary
split             total      fourier    amplitude        phase      support        time
train        4.7121e+00   4.7121e+00   1.9849e-02   1.1775e-02   3.0019e+00     0:12:54
validation   4.9491e+00   4.9491e+00   1.9178e-02   1.1123e-02   2.9121e+00     0:00:39
lr=1.000e-03 | best_val=4.9468e+00 | best_updated=no | periodic_checkpoint=no
------------------------------------------------------------------------------------------------
2026-08-08 13:46:08 | INFO    | TRAIN | epoch=065/100 | batch=00050/01563 (  3.20%) | lr=1.000e-03 | elapsed=0:00:24 | eta=0:12:33
    losses | total=4.8491e+00 | fourier=4.8491e+00 | amplitude=2.1353e-02 | phase=1.3262e-02 | support=2.9037e+00
2026-08-08 13:46:32 | INFO    | TRAIN | epoch=065/100 | batch=00100/01563 (  6.40%) | lr=1.000e-03 | elapsed=0:00:49 | eta=0:12:06
    losses | total=4.6411e+00 | fourier=4.6411e+00 | amplitude=1.9035e-02 | phase=1.0530e-02 | support=2.8173e+00
2026-08-08 13:46:57 | INFO    | TRAIN | epoch=065/100 | batch=00150/01563 (  9.60%) | lr=1.000e-03 | elapsed=0:01:14 | eta=0:11:41
    losses | total=4.7706e+00 | fourier=4.7706e+00 | amplitude=2.0367e-02 | phase=1.0629e-02 | support=3.0530e+00
2026-08-08 13:47:22 | INFO    | TRAIN | epoch=065/100 | batch=00200/01563 ( 12.80%) | lr=1.000e-03 | elapsed=0:01:39 | eta=0:11:16
    losses | total=5.1239e+00 | fourier=5.1239e+00 | amplitude=2.2858e-02 | phase=1.4231e-02 | support=2.9520e+00
2026-08-08 13:47:47 | INFO    | TRAIN | epoch=065/100 | batch=00250/01563 ( 15.99%) | lr=1.000e-03 | elapsed=0:02:03 | eta=0:10:51
    losses | total=4.3834e+00 | fourier=4.3834e+00 | amplitude=1.8144e-02 | phase=1.0413e-02 | support=3.0523e+00
2026-08-08 13:48:11 | INFO    | TRAIN | epoch=065/100 | batch=00300/01563 ( 19.19%) | lr=1.000e-03 | elapsed=0:02:28 | eta=0:10:26
    losses | total=4.9751e+00 | fourier=4.9751e+00 | amplitude=2.1008e-02 | phase=1.1007e-02 | support=2.8735e+00
2026-08-08 13:48:36 | INFO    | TRAIN | epoch=065/100 | batch=00350/01563 ( 22.39%) | lr=1.000e-03 | elapsed=0:02:53 | eta=0:10:01
    losses | total=4.6123e+00 | fourier=4.6123e+00 | amplitude=2.0508e-02 | phase=1.2688e-02 | support=3.1396e+00
2026-08-08 13:49:01 | INFO    | TRAIN | epoch=065/100 | batch=00400/01563 ( 25.59%) | lr=1.000e-03 | elapsed=0:03:18 | eta=0:09:36
    losses | total=4.9129e+00 | fourier=4.9129e+00 | amplitude=2.0401e-02 | phase=1.1757e-02 | support=3.3412e+00
2026-08-08 13:49:26 | INFO    | TRAIN | epoch=065/100 | batch=00450/01563 ( 28.79%) | lr=1.000e-03 | elapsed=0:03:43 | eta=0:09:11
    losses | total=4.2505e+00 | fourier=4.2505e+00 | amplitude=1.6030e-02 | phase=1.0772e-02 | support=3.0322e+00
2026-08-08 13:49:50 | INFO    | TRAIN | epoch=065/100 | batch=00500/01563 ( 31.99%) | lr=1.000e-03 | elapsed=0:04:07 | eta=0:08:46
    losses | total=4.4810e+00 | fourier=4.4810e+00 | amplitude=1.9508e-02 | phase=1.0338e-02 | support=3.3805e+00
2026-08-08 13:50:15 | INFO    | TRAIN | epoch=065/100 | batch=00550/01563 ( 35.19%) | lr=1.000e-03 | elapsed=0:04:32 | eta=0:08:22
    losses | total=5.0488e+00 | fourier=5.0488e+00 | amplitude=2.1746e-02 | phase=1.1981e-02 | support=3.0432e+00
2026-08-08 13:50:40 | INFO    | TRAIN | epoch=065/100 | batch=00600/01563 ( 38.39%) | lr=1.000e-03 | elapsed=0:04:57 | eta=0:07:57
    losses | total=4.8352e+00 | fourier=4.8352e+00 | amplitude=2.3036e-02 | phase=1.2781e-02 | support=3.1395e+00
