2026-08-31 23:40:45 | INFO    | Run=author_bn_no_outer_skip_full_bs16_lr1e-3_20260831_234036 | model=reduced_bn_no_outer_skip | version=1.7.0 | commit=b12b8be13de4fc76790fa2c2d59c57df81597d98 | device=cuda | parameters=39,121,665 | train/val=80,531/3,383 | checkpoints=/data_ssd/oyys/autophasenn/autophasenn_pipeline_output/high_strain_cnn/author_bn_no_outer_skip_full_bs16_lr1e-3_20260831_234036
2026-08-31 23:40:45 | INFO    | Data=author_npz | workers=4 | prefetch/worker=2 | fixed stored observations | precision=float32
2026-08-31 23:40:45 | INFO    | Author splits | original={'train': 80531, 'val': 3383, 'test': 2524} | eligible={'train': 80531, 'val': 3383, 'test': 2524} | excluded={'train': 0, 'val': 0, 'test': 0} | min oversampling (exclusive)=None
2026-08-31 23:40:45 | INFO    | Epoch budget | train=5033/5033 batches (80528 observations), reshuffled each epoch | val=212/212 batches, fixed order
2026-08-31 23:41:22 | INFO    | TRAIN | epoch=001/030 | batch=00050/05033 | loss=9.439442e-01 | stage_elapsed=00:00:37 | stage_eta=01:00:52 | data_wait=3.23s
2026-08-31 23:41:56 | INFO    | TRAIN | epoch=001/030 | batch=00100/05033 | loss=9.449015e-01 | stage_elapsed=00:01:11 | stage_eta=00:58:10 | data_wait=3.25s
2026-08-31 23:42:27 | INFO    | TRAIN | epoch=001/030 | batch=00150/05033 | loss=9.312741e-01 | stage_elapsed=00:01:42 | stage_eta=00:55:10 | data_wait=3.26s
2026-08-31 23:43:00 | INFO    | TRAIN | epoch=001/030 | batch=00200/05033 | loss=8.830192e-01 | stage_elapsed=00:02:15 | stage_eta=00:54:31 | data_wait=3.28s
2026-08-31 23:43:34 | INFO    | TRAIN | epoch=001/030 | batch=00250/05033 | loss=8.039846e-01 | stage_elapsed=00:02:49 | stage_eta=00:53:46 | data_wait=3.30s
2026-08-31 23:44:05 | INFO    | TRAIN | epoch=001/030 | batch=00300/05033 | loss=8.444692e-01 | stage_elapsed=00:03:20 | stage_eta=00:52:35 | data_wait=3.32s
2026-08-31 23:44:39 | INFO    | TRAIN | epoch=001/030 | batch=00350/05033 | loss=7.519553e-01 | stage_elapsed=00:03:54 | stage_eta=00:52:13 | data_wait=3.33s
2026-08-31 23:45:12 | INFO    | TRAIN | epoch=001/030 | batch=00400/05033 | loss=8.409772e-01 | stage_elapsed=00:04:27 | stage_eta=00:51:27 | data_wait=3.35s
2026-08-31 23:45:45 | INFO    | TRAIN | epoch=001/030 | batch=00450/05033 | loss=8.374743e-01 | stage_elapsed=00:05:00 | stage_eta=00:50:55 | data_wait=3.36s
2026-08-31 23:46:19 | INFO    | TRAIN | epoch=001/030 | batch=00500/05033 | loss=7.537146e-01 | stage_elapsed=00:05:34 | stage_eta=00:50:31 | data_wait=3.37s
2026-08-31 23:46:53 | INFO    | TRAIN | epoch=001/030 | batch=00550/05033 | loss=7.909982e-01 | stage_elapsed=00:06:08 | stage_eta=00:50:02 | data_wait=3.38s
2026-08-31 23:47:26 | INFO    | TRAIN | epoch=001/030 | batch=00600/05033 | loss=8.100457e-01 | stage_elapsed=00:06:40 | stage_eta=00:49:19 | data_wait=3.39s
2026-08-31 23:47:57 | INFO    | TRAIN | epoch=001/030 | batch=00650/05033 | loss=8.005157e-01 | stage_elapsed=00:07:12 | stage_eta=00:48:33 | data_wait=3.42s
2026-08-31 23:48:29 | INFO    | TRAIN | epoch=001/030 | batch=00700/05033 | loss=7.179168e-01 | stage_elapsed=00:07:44 | stage_eta=00:47:52 | data_wait=3.44s
2026-08-31 23:49:03 | INFO    | TRAIN | epoch=001/030 | batch=00750/05033 | loss=7.630867e-01 | stage_elapsed=00:08:18 | stage_eta=00:47:24 | data_wait=3.45s
2026-08-31 23:49:36 | INFO    | TRAIN | epoch=001/030 | batch=00800/05033 | loss=7.402390e-01 | stage_elapsed=00:08:51 | stage_eta=00:46:49 | data_wait=3.46s
2026-08-31 23:50:10 | INFO    | TRAIN | epoch=001/030 | batch=00850/05033 | loss=7.483411e-01 | stage_elapsed=00:09:25 | stage_eta=00:46:19 | data_wait=3.47s
2026-08-31 23:50:43 | INFO    | TRAIN | epoch=001/030 | batch=00900/05033 | loss=8.117826e-01 | stage_elapsed=00:09:58 | stage_eta=00:45:44 | data_wait=3.49s
2026-08-31 23:51:15 | INFO    | TRAIN | epoch=001/030 | batch=00950/05033 | loss=7.478407e-01 | stage_elapsed=00:10:30 | stage_eta=00:45:08 | data_wait=3.50s
2026-08-31 23:51:48 | INFO    | TRAIN | epoch=001/030 | batch=01000/05033 | loss=7.790953e-01 | stage_elapsed=00:11:03 | stage_eta=00:44:33 | data_wait=3.51s
2026-08-31 23:52:22 | INFO    | TRAIN | epoch=001/030 | batch=01050/05033 | loss=7.680092e-01 | stage_elapsed=00:11:37 | stage_eta=00:44:03 | data_wait=3.52s
2026-08-31 23:52:54 | INFO    | TRAIN | epoch=001/030 | batch=01100/05033 | loss=7.727796e-01 | stage_elapsed=00:12:09 | stage_eta=00:43:25 | data_wait=3.55s
2026-08-31 23:53:26 | INFO    | TRAIN | epoch=001/030 | batch=01150/05033 | loss=8.335242e-01 | stage_elapsed=00:12:41 | stage_eta=00:42:51 | data_wait=3.56s
2026-08-31 23:53:58 | INFO    | TRAIN | epoch=001/030 | batch=01200/05033 | loss=7.281049e-01 | stage_elapsed=00:13:13 | stage_eta=00:42:12 | data_wait=3.58s
2026-08-31 23:54:32 | INFO    | TRAIN | epoch=001/030 | batch=01250/05033 | loss=7.642658e-01 | stage_elapsed=00:13:47 | stage_eta=00:41:43 | data_wait=3.59s
2026-08-31 23:55:05 | INFO    | TRAIN | epoch=001/030 | batch=01300/05033 | loss=7.568421e-01 | stage_elapsed=00:14:20 | stage_eta=00:41:09 | data_wait=3.60s
2026-08-31 23:55:40 | INFO    | TRAIN | epoch=001/030 | batch=01350/05033 | loss=7.422425e-01 | stage_elapsed=00:14:55 | stage_eta=00:40:42 | data_wait=3.61s
2026-08-31 23:56:13 | INFO    | TRAIN | epoch=001/030 | batch=01400/05033 | loss=8.049523e-01 | stage_elapsed=00:15:28 | stage_eta=00:40:09 | data_wait=3.62s
2026-08-31 23:56:44 | INFO    | TRAIN | epoch=001/030 | batch=01450/05033 | loss=8.174844e-01 | stage_elapsed=00:15:59 | stage_eta=00:39:30 | data_wait=3.64s
2026-08-31 23:57:16 | INFO    | TRAIN | epoch=001/030 | batch=01500/05033 | loss=7.586431e-01 | stage_elapsed=00:16:31 | stage_eta=00:38:55 | data_wait=3.65s
2026-08-31 23:57:50 | INFO    | TRAIN | epoch=001/030 | batch=01550/05033 | loss=7.111552e-01 | stage_elapsed=00:17:05 | stage_eta=00:38:23 | data_wait=3.67s
2026-08-31 23:58:24 | INFO    | TRAIN | epoch=001/030 | batch=01600/05033 | loss=7.576092e-01 | stage_elapsed=00:17:39 | stage_eta=00:37:52 | data_wait=3.68s
2026-08-31 23:58:57 | INFO    | TRAIN | epoch=001/030 | batch=01650/05033 | loss=8.134433e-01 | stage_elapsed=00:18:12 | stage_eta=00:37:20 | data_wait=3.69s
2026-08-31 23:59:28 | INFO    | TRAIN | epoch=001/030 | batch=01700/05033 | loss=8.200393e-01 | stage_elapsed=00:18:43 | stage_eta=00:36:42 | data_wait=3.71s
2026-09-01 00:00:02 | INFO    | TRAIN | epoch=001/030 | batch=01750/05033 | loss=7.001785e-01 | stage_elapsed=00:19:17 | stage_eta=00:36:10 | data_wait=3.72s
2026-09-01 00:00:37 | INFO    | TRAIN | epoch=001/030 | batch=01800/05033 | loss=7.101604e-01 | stage_elapsed=00:19:52 | stage_eta=00:35:40 | data_wait=3.73s
2026-09-01 00:01:11 | INFO    | TRAIN | epoch=001/030 | batch=01850/05033 | loss=7.802749e-01 | stage_elapsed=00:20:26 | stage_eta=00:35:09 | data_wait=3.75s
2026-09-01 00:01:44 | INFO    | TRAIN | epoch=001/030 | batch=01900/05033 | loss=6.995783e-01 | stage_elapsed=00:20:59 | stage_eta=00:34:35 | data_wait=3.76s
2026-09-01 00:02:15 | INFO    | TRAIN | epoch=001/030 | batch=01950/05033 | loss=7.399789e-01 | stage_elapsed=00:21:30 | stage_eta=00:33:59 | data_wait=3.78s
2026-09-01 00:02:46 | INFO    | TRAIN | epoch=001/030 | batch=02000/05033 | loss=7.312963e-01 | stage_elapsed=00:22:01 | stage_eta=00:33:24 | data_wait=3.80s
2026-09-01 00:03:21 | INFO    | TRAIN | epoch=001/030 | batch=02050/05033 | loss=7.203751e-01 | stage_elapsed=00:22:36 | stage_eta=00:32:54 | data_wait=3.81s
2026-09-01 00:03:54 | INFO    | TRAIN | epoch=001/030 | batch=02100/05033 | loss=7.688400e-01 | stage_elapsed=00:23:09 | stage_eta=00:32:20 | data_wait=3.82s
2026-09-01 00:04:28 | INFO    | TRAIN | epoch=001/030 | batch=02150/05033 | loss=7.100505e-01 | stage_elapsed=00:23:43 | stage_eta=00:31:48 | data_wait=3.83s
2026-09-01 00:05:01 | INFO    | TRAIN | epoch=001/030 | batch=02200/05033 | loss=6.558347e-01 | stage_elapsed=00:24:16 | stage_eta=00:31:14 | data_wait=3.85s
2026-09-01 00:05:34 | INFO    | TRAIN | epoch=001/030 | batch=02250/05033 | loss=6.673195e-01 | stage_elapsed=00:24:49 | stage_eta=00:30:41 | data_wait=3.86s
2026-09-01 00:06:08 | INFO    | TRAIN | epoch=001/030 | batch=02300/05033 | loss=7.137444e-01 | stage_elapsed=00:25:23 | stage_eta=00:30:10 | data_wait=3.87s
2026-09-01 00:06:40 | INFO    | TRAIN | epoch=001/030 | batch=02350/05033 | loss=7.787428e-01 | stage_elapsed=00:25:55 | stage_eta=00:29:36 | data_wait=3.89s
2026-09-01 00:07:13 | INFO    | TRAIN | epoch=001/030 | batch=02400/05033 | loss=6.922603e-01 | stage_elapsed=00:26:28 | stage_eta=00:29:02 | data_wait=3.91s
2026-09-01 00:07:45 | INFO    | TRAIN | epoch=001/030 | batch=02450/05033 | loss=7.354510e-01 | stage_elapsed=00:27:00 | stage_eta=00:28:28 | data_wait=3.92s
2026-09-01 00:08:16 | INFO    | TRAIN | epoch=001/030 | batch=02500/05033 | loss=7.234316e-01 | stage_elapsed=00:27:31 | stage_eta=00:27:52 | data_wait=3.93s
2026-09-01 00:08:50 | INFO    | TRAIN | epoch=001/030 | batch=02550/05033 | loss=7.237787e-01 | stage_elapsed=00:28:05 | stage_eta=00:27:21 | data_wait=3.94s
2026-09-01 00:09:24 | INFO    | TRAIN | epoch=001/030 | batch=02600/05033 | loss=7.010080e-01 | stage_elapsed=00:28:39 | stage_eta=00:26:48 | data_wait=3.95s
2026-09-01 00:09:58 | INFO    | TRAIN | epoch=001/030 | batch=02650/05033 | loss=6.451296e-01 | stage_elapsed=00:29:13 | stage_eta=00:26:16 | data_wait=3.96s
2026-09-01 00:10:32 | INFO    | TRAIN | epoch=001/030 | batch=02700/05033 | loss=7.076604e-01 | stage_elapsed=00:29:47 | stage_eta=00:25:44 | data_wait=3.97s
2026-09-01 00:11:02 | INFO    | TRAIN | epoch=001/030 | batch=02750/05033 | loss=7.026735e-01 | stage_elapsed=00:30:17 | stage_eta=00:25:09 | data_wait=3.99s
2026-09-01 00:11:34 | INFO    | TRAIN | epoch=001/030 | batch=02800/05033 | loss=6.846219e-01 | stage_elapsed=00:30:49 | stage_eta=00:24:35 | data_wait=4.01s
2026-09-01 00:12:07 | INFO    | TRAIN | epoch=001/030 | batch=02850/05033 | loss=7.225509e-01 | stage_elapsed=00:31:22 | stage_eta=00:24:01 | data_wait=4.02s
2026-09-01 00:12:41 | INFO    | TRAIN | epoch=001/030 | batch=02900/05033 | loss=6.626036e-01 | stage_elapsed=00:31:56 | stage_eta=00:23:29 | data_wait=4.04s
2026-09-01 00:13:15 | INFO    | TRAIN | epoch=001/030 | batch=02950/05033 | loss=7.254972e-01 | stage_elapsed=00:32:30 | stage_eta=00:22:57 | data_wait=4.05s
2026-09-01 00:13:47 | INFO    | TRAIN | epoch=001/030 | batch=03000/05033 | loss=7.131560e-01 | stage_elapsed=00:33:02 | stage_eta=00:22:23 | data_wait=4.06s
2026-09-01 00:14:20 | INFO    | TRAIN | epoch=001/030 | batch=03050/05033 | loss=7.058637e-01 | stage_elapsed=00:33:35 | stage_eta=00:21:50 | data_wait=4.07s
2026-09-01 00:14:55 | INFO    | TRAIN | epoch=001/030 | batch=03100/05033 | loss=6.780667e-01 | stage_elapsed=00:34:10 | stage_eta=00:21:18 | data_wait=4.08s
2026-09-01 00:15:28 | INFO    | TRAIN | epoch=001/030 | batch=03150/05033 | loss=7.468023e-01 | stage_elapsed=00:34:43 | stage_eta=00:20:45 | data_wait=4.09s
2026-09-01 00:16:00 | INFO    | TRAIN | epoch=001/030 | batch=03200/05033 | loss=7.833430e-01 | stage_elapsed=00:35:15 | stage_eta=00:20:12 | data_wait=4.10s
2026-09-01 00:16:32 | INFO    | TRAIN | epoch=001/030 | batch=03250/05033 | loss=7.507524e-01 | stage_elapsed=00:35:47 | stage_eta=00:19:38 | data_wait=4.12s
2026-09-01 00:17:04 | INFO    | TRAIN | epoch=001/030 | batch=03300/05033 | loss=6.748118e-01 | stage_elapsed=00:36:19 | stage_eta=00:19:04 | data_wait=4.14s
2026-09-01 00:17:39 | INFO    | TRAIN | epoch=001/030 | batch=03350/05033 | loss=7.075848e-01 | stage_elapsed=00:36:54 | stage_eta=00:18:32 | data_wait=4.15s
2026-09-01 00:18:11 | INFO    | TRAIN | epoch=001/030 | batch=03400/05033 | loss=7.285390e-01 | stage_elapsed=00:37:26 | stage_eta=00:17:59 | data_wait=4.16s
2026-09-01 00:18:45 | INFO    | TRAIN | epoch=001/030 | batch=03450/05033 | loss=7.455596e-01 | stage_elapsed=00:38:00 | stage_eta=00:17:26 | data_wait=4.17s
2026-09-01 00:19:19 | INFO    | TRAIN | epoch=001/030 | batch=03500/05033 | loss=7.104998e-01 | stage_elapsed=00:38:34 | stage_eta=00:16:54 | data_wait=4.18s
2026-09-01 00:19:51 | INFO    | TRAIN | epoch=001/030 | batch=03550/05033 | loss=6.670965e-01 | stage_elapsed=00:39:06 | stage_eta=00:16:20 | data_wait=4.20s
2026-09-01 00:20:24 | INFO    | TRAIN | epoch=001/030 | batch=03600/05033 | loss=6.445947e-01 | stage_elapsed=00:39:39 | stage_eta=00:15:47 | data_wait=4.21s
2026-09-01 00:20:56 | INFO    | TRAIN | epoch=001/030 | batch=03650/05033 | loss=6.932986e-01 | stage_elapsed=00:40:11 | stage_eta=00:15:13 | data_wait=4.23s
2026-09-01 00:21:28 | INFO    | TRAIN | epoch=001/030 | batch=03700/05033 | loss=7.644694e-01 | stage_elapsed=00:40:43 | stage_eta=00:14:40 | data_wait=4.24s
2026-09-01 00:22:01 | INFO    | TRAIN | epoch=001/030 | batch=03750/05033 | loss=6.759425e-01 | stage_elapsed=00:41:16 | stage_eta=00:14:07 | data_wait=4.25s
2026-09-01 00:22:34 | INFO    | TRAIN | epoch=001/030 | batch=03800/05033 | loss=7.625916e-01 | stage_elapsed=00:41:49 | stage_eta=00:13:34 | data_wait=4.26s
2026-09-01 00:23:07 | INFO    | TRAIN | epoch=001/030 | batch=03850/05033 | loss=7.531571e-01 | stage_elapsed=00:42:22 | stage_eta=00:13:01 | data_wait=4.28s
2026-09-01 00:23:40 | INFO    | TRAIN | epoch=001/030 | batch=03900/05033 | loss=7.413098e-01 | stage_elapsed=00:42:55 | stage_eta=00:12:28 | data_wait=4.29s
2026-09-01 00:24:15 | INFO    | TRAIN | epoch=001/030 | batch=03950/05033 | loss=6.373124e-01 | stage_elapsed=00:43:30 | stage_eta=00:11:56 | data_wait=4.30s
2026-09-01 00:24:49 | INFO    | TRAIN | epoch=001/030 | batch=04000/05033 | loss=7.142466e-01 | stage_elapsed=00:44:04 | stage_eta=00:11:23 | data_wait=4.31s
2026-09-01 00:25:20 | INFO    | TRAIN | epoch=001/030 | batch=04050/05033 | loss=7.448356e-01 | stage_elapsed=00:44:35 | stage_eta=00:10:49 | data_wait=4.33s
2026-09-01 00:25:51 | INFO    | TRAIN | epoch=001/030 | batch=04100/05033 | loss=6.925183e-01 | stage_elapsed=00:45:06 | stage_eta=00:10:16 | data_wait=4.35s
2026-09-01 00:26:25 | INFO    | TRAIN | epoch=001/030 | batch=04150/05033 | loss=7.070552e-01 | stage_elapsed=00:45:40 | stage_eta=00:09:43 | data_wait=4.36s
2026-09-01 00:26:58 | INFO    | TRAIN | epoch=001/030 | batch=04200/05033 | loss=6.982720e-01 | stage_elapsed=00:46:13 | stage_eta=00:09:10 | data_wait=4.37s
2026-09-01 00:27:31 | INFO    | TRAIN | epoch=001/030 | batch=04250/05033 | loss=7.341237e-01 | stage_elapsed=00:46:46 | stage_eta=00:08:37 | data_wait=4.38s
2026-09-01 00:28:06 | INFO    | TRAIN | epoch=001/030 | batch=04300/05033 | loss=6.682604e-01 | stage_elapsed=00:47:21 | stage_eta=00:08:04 | data_wait=4.40s
2026-09-01 00:28:36 | INFO    | TRAIN | epoch=001/030 | batch=04350/05033 | loss=6.238381e-01 | stage_elapsed=00:47:51 | stage_eta=00:07:31 | data_wait=4.41s
2026-09-01 00:29:11 | INFO    | TRAIN | epoch=001/030 | batch=04400/05033 | loss=6.994224e-01 | stage_elapsed=00:48:26 | stage_eta=00:06:58 | data_wait=4.42s
2026-09-01 00:29:43 | INFO    | TRAIN | epoch=001/030 | batch=04450/05033 | loss=6.650997e-01 | stage_elapsed=00:48:58 | stage_eta=00:06:25 | data_wait=4.44s
2026-09-01 00:30:17 | INFO    | TRAIN | epoch=001/030 | batch=04500/05033 | loss=6.605002e-01 | stage_elapsed=00:49:32 | stage_eta=00:05:52 | data_wait=4.46s
2026-09-01 00:30:51 | INFO    | TRAIN | epoch=001/030 | batch=04550/05033 | loss=7.033622e-01 | stage_elapsed=00:50:06 | stage_eta=00:05:19 | data_wait=4.47s
2026-09-01 00:31:22 | INFO    | TRAIN | epoch=001/030 | batch=04600/05033 | loss=6.935290e-01 | stage_elapsed=00:50:36 | stage_eta=00:04:46 | data_wait=4.48s
2026-09-01 00:31:55 | INFO    | TRAIN | epoch=001/030 | batch=04650/05033 | loss=7.124909e-01 | stage_elapsed=00:51:10 | stage_eta=00:04:13 | data_wait=4.50s
2026-09-01 00:32:28 | INFO    | TRAIN | epoch=001/030 | batch=04700/05033 | loss=7.663684e-01 | stage_elapsed=00:51:43 | stage_eta=00:03:40 | data_wait=4.51s
2026-09-01 00:33:01 | INFO    | TRAIN | epoch=001/030 | batch=04750/05033 | loss=7.180632e-01 | stage_elapsed=00:52:16 | stage_eta=00:03:07 | data_wait=4.52s
2026-09-01 00:33:35 | INFO    | TRAIN | epoch=001/030 | batch=04800/05033 | loss=7.135405e-01 | stage_elapsed=00:52:50 | stage_eta=00:02:34 | data_wait=4.53s
2026-09-01 00:34:08 | INFO    | TRAIN | epoch=001/030 | batch=04850/05033 | loss=7.282721e-01 | stage_elapsed=00:53:22 | stage_eta=00:02:01 | data_wait=4.55s
2026-09-01 00:34:37 | INFO    | TRAIN | epoch=001/030 | batch=04900/05033 | loss=7.751876e-01 | stage_elapsed=00:53:52 | stage_eta=00:01:28 | data_wait=4.57s
2026-09-01 00:35:11 | INFO    | TRAIN | epoch=001/030 | batch=04950/05033 | loss=6.817253e-01 | stage_elapsed=00:54:26 | stage_eta=00:00:55 | data_wait=4.59s
2026-09-01 00:35:46 | INFO    | TRAIN | epoch=001/030 | batch=05000/05033 | loss=6.790621e-01 | stage_elapsed=00:55:01 | stage_eta=00:00:22 | data_wait=4.60s
2026-09-01 00:36:07 | INFO    | TRAIN | epoch=001/030 | batch=05033/05033 | loss=6.856210e-01 | stage_elapsed=00:55:22 | stage_eta=00:00:00 | data_wait=4.61s
2026-09-01 00:36:27 | INFO    | VAL | epoch=001/030 | batch=00050/00212 | loss=7.623979e-01 | stage_elapsed=00:00:20 | stage_eta=00:01:04 | data_wait=3.60s
2026-09-01 00:36:43 | INFO    | VAL | epoch=001/030 | batch=00100/00212 | loss=8.062850e-01 | stage_elapsed=00:00:36 | stage_eta=00:00:40 | data_wait=3.61s
2026-09-01 00:36:58 | INFO    | VAL | epoch=001/030 | batch=00150/00212 | loss=8.405371e-01 | stage_elapsed=00:00:51 | stage_eta=00:00:21 | data_wait=3.62s
2026-09-01 00:37:12 | INFO    | VAL | epoch=001/030 | batch=00200/00212 | loss=8.408164e-01 | stage_elapsed=00:01:05 | stage_eta=00:00:04 | data_wait=3.63s
2026-09-01 00:37:15 | INFO    | VAL | epoch=001/030 | batch=00212/00212 | loss=8.864195e-01 | stage_elapsed=00:01:08 | stage_eta=00:00:00 | data_wait=3.64s
2026-09-01 00:37:16 | INFO    | Epoch 001 complete | train=7.437507e-01 | val=8.205398e-01 | best=8.205398e-01 | lr=1.000e-03 | epoch_time=00:56:30 | run_elapsed=00:56:30 | eta=1d 03:18:44 | finish=2026-09-02 03:55:59 CST
2026-09-01 00:37:49 | INFO    | TRAIN | epoch=002/030 | batch=00050/05033 | loss=6.594705e-01 | stage_elapsed=00:00:33 | stage_eta=00:55:03 | data_wait=0.50s
2026-09-01 00:38:23 | INFO    | TRAIN | epoch=002/030 | batch=00100/05033 | loss=6.607487e-01 | stage_elapsed=00:01:08 | stage_eta=00:55:42 | data_wait=0.51s
2026-09-01 00:38:56 | INFO    | TRAIN | epoch=002/030 | batch=00150/05033 | loss=6.594328e-01 | stage_elapsed=00:01:41 | stage_eta=00:54:33 | data_wait=0.53s
2026-09-01 00:39:28 | INFO    | TRAIN | epoch=002/030 | batch=00200/05033 | loss=6.509193e-01 | stage_elapsed=00:02:12 | stage_eta=00:53:19 | data_wait=0.54s
2026-09-01 00:40:00 | INFO    | TRAIN | epoch=002/030 | batch=00250/05033 | loss=6.694283e-01 | stage_elapsed=00:02:45 | stage_eta=00:52:32 | data_wait=0.55s
2026-09-01 00:40:32 | INFO    | TRAIN | epoch=002/030 | batch=00300/05033 | loss=6.343184e-01 | stage_elapsed=00:03:17 | stage_eta=00:51:42 | data_wait=0.57s
2026-09-01 00:41:06 | INFO    | TRAIN | epoch=002/030 | batch=00350/05033 | loss=7.269270e-01 | stage_elapsed=00:03:51 | stage_eta=00:51:26 | data_wait=0.58s
2026-09-01 00:41:39 | INFO    | TRAIN | epoch=002/030 | batch=00400/05033 | loss=6.410366e-01 | stage_elapsed=00:04:23 | stage_eta=00:50:47 | data_wait=0.59s
2026-09-01 00:42:13 | INFO    | TRAIN | epoch=002/030 | batch=00450/05033 | loss=6.561747e-01 | stage_elapsed=00:04:57 | stage_eta=00:50:28 | data_wait=0.60s
2026-09-01 00:42:47 | INFO    | TRAIN | epoch=002/030 | batch=00500/05033 | loss=7.497991e-01 | stage_elapsed=00:05:32 | stage_eta=00:50:09 | data_wait=0.62s
2026-09-01 00:43:18 | INFO    | TRAIN | epoch=002/030 | batch=00550/05033 | loss=6.907379e-01 | stage_elapsed=00:06:02 | stage_eta=00:49:13 | data_wait=0.63s
2026-09-01 00:43:52 | INFO    | TRAIN | epoch=002/030 | batch=00600/05033 | loss=7.287487e-01 | stage_elapsed=00:06:36 | stage_eta=00:48:46 | data_wait=0.65s
2026-09-01 00:44:25 | INFO    | TRAIN | epoch=002/030 | batch=00650/05033 | loss=6.735200e-01 | stage_elapsed=00:07:09 | stage_eta=00:48:14 | data_wait=0.67s
2026-09-01 00:44:58 | INFO    | TRAIN | epoch=002/030 | batch=00700/05033 | loss=6.485121e-01 | stage_elapsed=00:07:42 | stage_eta=00:47:42 | data_wait=0.68s
2026-09-01 00:45:31 | INFO    | TRAIN | epoch=002/030 | batch=00750/05033 | loss=6.330326e-01 | stage_elapsed=00:08:16 | stage_eta=00:47:11 | data_wait=0.69s
2026-09-01 00:46:04 | INFO    | TRAIN | epoch=002/030 | batch=00800/05033 | loss=6.898223e-01 | stage_elapsed=00:08:48 | stage_eta=00:46:36 | data_wait=0.71s
2026-09-01 00:46:37 | INFO    | TRAIN | epoch=002/030 | batch=00850/05033 | loss=6.933324e-01 | stage_elapsed=00:09:22 | stage_eta=00:46:04 | data_wait=0.72s
2026-09-01 00:47:10 | INFO    | TRAIN | epoch=002/030 | batch=00900/05033 | loss=6.339563e-01 | stage_elapsed=00:09:55 | stage_eta=00:45:32 | data_wait=0.73s
2026-09-01 00:47:45 | INFO    | TRAIN | epoch=002/030 | batch=00950/05033 | loss=7.022224e-01 | stage_elapsed=00:10:29 | stage_eta=00:45:05 | data_wait=0.74s
2026-09-01 00:48:19 | INFO    | TRAIN | epoch=002/030 | batch=01000/05033 | loss=6.122759e-01 | stage_elapsed=00:11:04 | stage_eta=00:44:37 | data_wait=0.76s
2026-09-01 00:48:50 | INFO    | TRAIN | epoch=002/030 | batch=01050/05033 | loss=6.726464e-01 | stage_elapsed=00:11:34 | stage_eta=00:43:53 | data_wait=0.79s
2026-09-01 00:49:21 | INFO    | TRAIN | epoch=002/030 | batch=01100/05033 | loss=6.528053e-01 | stage_elapsed=00:12:06 | stage_eta=00:43:15 | data_wait=0.80s
2026-09-01 00:49:55 | INFO    | TRAIN | epoch=002/030 | batch=01150/05033 | loss=6.879114e-01 | stage_elapsed=00:12:40 | stage_eta=00:42:46 | data_wait=0.82s
2026-09-01 00:50:30 | INFO    | TRAIN | epoch=002/030 | batch=01200/05033 | loss=6.907512e-01 | stage_elapsed=00:13:14 | stage_eta=00:42:17 | data_wait=0.83s
2026-09-01 00:51:04 | INFO    | TRAIN | epoch=002/030 | batch=01250/05033 | loss=6.042450e-01 | stage_elapsed=00:13:48 | stage_eta=00:41:46 | data_wait=0.84s
2026-09-01 00:51:36 | INFO    | TRAIN | epoch=002/030 | batch=01300/05033 | loss=6.775563e-01 | stage_elapsed=00:14:20 | stage_eta=00:41:11 | data_wait=0.85s
2026-09-01 00:52:08 | INFO    | TRAIN | epoch=002/030 | batch=01350/05033 | loss=6.350590e-01 | stage_elapsed=00:14:53 | stage_eta=00:40:36 | data_wait=0.87s
2026-09-01 00:52:42 | INFO    | TRAIN | epoch=002/030 | batch=01400/05033 | loss=7.112886e-01 | stage_elapsed=00:15:26 | stage_eta=00:40:04 | data_wait=0.88s
2026-09-01 00:53:16 | INFO    | TRAIN | epoch=002/030 | batch=01450/05033 | loss=6.684389e-01 | stage_elapsed=00:16:01 | stage_eta=00:39:34 | data_wait=0.89s
2026-09-01 00:53:48 | INFO    | TRAIN | epoch=002/030 | batch=01500/05033 | loss=7.235110e-01 | stage_elapsed=00:16:33 | stage_eta=00:38:58 | data_wait=0.91s
2026-09-01 00:54:19 | INFO    | TRAIN | epoch=002/030 | batch=01550/05033 | loss=6.124977e-01 | stage_elapsed=00:17:03 | stage_eta=00:38:19 | data_wait=0.93s
2026-09-01 00:54:52 | INFO    | TRAIN | epoch=002/030 | batch=01600/05033 | loss=6.791438e-01 | stage_elapsed=00:17:37 | stage_eta=00:37:48 | data_wait=0.94s
2026-09-01 00:55:27 | INFO    | TRAIN | epoch=002/030 | batch=01650/05033 | loss=7.472165e-01 | stage_elapsed=00:18:11 | stage_eta=00:37:18 | data_wait=0.95s
2026-09-01 00:56:01 | INFO    | TRAIN | epoch=002/030 | batch=01700/05033 | loss=7.268153e-01 | stage_elapsed=00:18:45 | stage_eta=00:36:46 | data_wait=0.96s
2026-09-01 00:56:35 | INFO    | TRAIN | epoch=002/030 | batch=01750/05033 | loss=6.633556e-01 | stage_elapsed=00:19:19 | stage_eta=00:36:15 | data_wait=0.97s
2026-09-01 00:57:08 | INFO    | TRAIN | epoch=002/030 | batch=01800/05033 | loss=7.071294e-01 | stage_elapsed=00:19:52 | stage_eta=00:35:42 | data_wait=0.98s
2026-09-01 00:57:42 | INFO    | TRAIN | epoch=002/030 | batch=01850/05033 | loss=6.475247e-01 | stage_elapsed=00:20:27 | stage_eta=00:35:10 | data_wait=0.99s
2026-09-01 00:58:16 | INFO    | TRAIN | epoch=002/030 | batch=01900/05033 | loss=6.804920e-01 | stage_elapsed=00:21:00 | stage_eta=00:34:38 | data_wait=1.01s
2026-09-01 00:58:48 | INFO    | TRAIN | epoch=002/030 | batch=01950/05033 | loss=6.490555e-01 | stage_elapsed=00:21:32 | stage_eta=00:34:03 | data_wait=1.03s
2026-09-01 00:59:21 | INFO    | TRAIN | epoch=002/030 | batch=02000/05033 | loss=6.770997e-01 | stage_elapsed=00:22:05 | stage_eta=00:33:30 | data_wait=1.04s
2026-09-01 00:59:54 | INFO    | TRAIN | epoch=002/030 | batch=02050/05033 | loss=6.708043e-01 | stage_elapsed=00:22:38 | stage_eta=00:32:56 | data_wait=1.06s
2026-09-01 01:00:28 | INFO    | TRAIN | epoch=002/030 | batch=02100/05033 | loss=7.489794e-01 | stage_elapsed=00:23:12 | stage_eta=00:32:25 | data_wait=1.07s
2026-09-01 01:01:02 | INFO    | TRAIN | epoch=002/030 | batch=02150/05033 | loss=6.634705e-01 | stage_elapsed=00:23:46 | stage_eta=00:31:53 | data_wait=1.08s
2026-09-01 01:01:35 | INFO    | TRAIN | epoch=002/030 | batch=02200/05033 | loss=6.638759e-01 | stage_elapsed=00:24:20 | stage_eta=00:31:20 | data_wait=1.09s
2026-09-01 01:02:08 | INFO    | TRAIN | epoch=002/030 | batch=02250/05033 | loss=7.152767e-01 | stage_elapsed=00:24:53 | stage_eta=00:30:46 | data_wait=1.10s
2026-09-01 01:02:41 | INFO    | TRAIN | epoch=002/030 | batch=02300/05033 | loss=6.873735e-01 | stage_elapsed=00:25:26 | stage_eta=00:30:13 | data_wait=1.11s
2026-09-01 01:03:15 | INFO    | TRAIN | epoch=002/030 | batch=02350/05033 | loss=5.931611e-01 | stage_elapsed=00:25:59 | stage_eta=00:29:40 | data_wait=1.13s
2026-09-01 01:03:47 | INFO    | TRAIN | epoch=002/030 | batch=02400/05033 | loss=6.110093e-01 | stage_elapsed=00:26:31 | stage_eta=00:29:06 | data_wait=1.14s
2026-09-01 01:04:20 | INFO    | TRAIN | epoch=002/030 | batch=02450/05033 | loss=6.907704e-01 | stage_elapsed=00:27:05 | stage_eta=00:28:33 | data_wait=1.16s
2026-09-01 01:04:51 | INFO    | TRAIN | epoch=002/030 | batch=02500/05033 | loss=6.822866e-01 | stage_elapsed=00:27:36 | stage_eta=00:27:58 | data_wait=1.17s
2026-09-01 01:05:26 | INFO    | TRAIN | epoch=002/030 | batch=02550/05033 | loss=6.190956e-01 | stage_elapsed=00:28:10 | stage_eta=00:27:26 | data_wait=1.18s
2026-09-01 01:05:59 | INFO    | TRAIN | epoch=002/030 | batch=02600/05033 | loss=6.498723e-01 | stage_elapsed=00:28:44 | stage_eta=00:26:53 | data_wait=1.20s
2026-09-01 01:06:33 | INFO    | TRAIN | epoch=002/030 | batch=02650/05033 | loss=6.413356e-01 | stage_elapsed=00:29:18 | stage_eta=00:26:21 | data_wait=1.21s
2026-09-01 01:07:07 | INFO    | TRAIN | epoch=002/030 | batch=02700/05033 | loss=7.291306e-01 | stage_elapsed=00:29:52 | stage_eta=00:25:48 | data_wait=1.22s
2026-09-01 01:07:40 | INFO    | TRAIN | epoch=002/030 | batch=02750/05033 | loss=7.030803e-01 | stage_elapsed=00:30:24 | stage_eta=00:25:14 | data_wait=1.23s
2026-09-01 01:08:13 | INFO    | TRAIN | epoch=002/030 | batch=02800/05033 | loss=6.255378e-01 | stage_elapsed=00:30:58 | stage_eta=00:24:42 | data_wait=1.25s
2026-09-01 01:08:46 | INFO    | TRAIN | epoch=002/030 | batch=02850/05033 | loss=6.190237e-01 | stage_elapsed=00:31:30 | stage_eta=00:24:08 | data_wait=1.27s
2026-09-01 01:09:19 | INFO    | TRAIN | epoch=002/030 | batch=02900/05033 | loss=6.579154e-01 | stage_elapsed=00:32:03 | stage_eta=00:23:35 | data_wait=1.28s
2026-09-01 01:09:52 | INFO    | TRAIN | epoch=002/030 | batch=02950/05033 | loss=7.371621e-01 | stage_elapsed=00:32:36 | stage_eta=00:23:01 | data_wait=1.29s
2026-09-01 01:10:25 | INFO    | TRAIN | epoch=002/030 | batch=03000/05033 | loss=6.661204e-01 | stage_elapsed=00:33:09 | stage_eta=00:22:28 | data_wait=1.30s
2026-09-01 01:10:58 | INFO    | TRAIN | epoch=002/030 | batch=03050/05033 | loss=6.840414e-01 | stage_elapsed=00:33:42 | stage_eta=00:21:55 | data_wait=1.31s
2026-09-01 01:11:31 | INFO    | TRAIN | epoch=002/030 | batch=03100/05033 | loss=6.028066e-01 | stage_elapsed=00:34:16 | stage_eta=00:21:22 | data_wait=1.33s
2026-09-01 01:12:06 | INFO    | TRAIN | epoch=002/030 | batch=03150/05033 | loss=7.359638e-01 | stage_elapsed=00:34:51 | stage_eta=00:20:50 | data_wait=1.34s
2026-09-01 01:12:38 | INFO    | TRAIN | epoch=002/030 | batch=03200/05033 | loss=6.828329e-01 | stage_elapsed=00:35:23 | stage_eta=00:20:16 | data_wait=1.36s
2026-09-01 01:13:12 | INFO    | TRAIN | epoch=002/030 | batch=03250/05033 | loss=6.820521e-01 | stage_elapsed=00:35:57 | stage_eta=00:19:43 | data_wait=1.37s
2026-09-01 01:13:45 | INFO    | TRAIN | epoch=002/030 | batch=03300/05033 | loss=6.211158e-01 | stage_elapsed=00:36:30 | stage_eta=00:19:10 | data_wait=1.38s
2026-09-01 01:14:17 | INFO    | TRAIN | epoch=002/030 | batch=03350/05033 | loss=6.672475e-01 | stage_elapsed=00:37:02 | stage_eta=00:18:36 | data_wait=1.40s
2026-09-01 01:14:51 | INFO    | TRAIN | epoch=002/030 | batch=03400/05033 | loss=6.045669e-01 | stage_elapsed=00:37:35 | stage_eta=00:18:03 | data_wait=1.42s
2026-09-01 01:15:22 | INFO    | TRAIN | epoch=002/030 | batch=03450/05033 | loss=6.753626e-01 | stage_elapsed=00:38:07 | stage_eta=00:17:29 | data_wait=1.43s
2026-09-01 01:15:56 | INFO    | TRAIN | epoch=002/030 | batch=03500/05033 | loss=6.023568e-01 | stage_elapsed=00:38:40 | stage_eta=00:16:56 | data_wait=1.44s
2026-09-01 01:16:31 | INFO    | TRAIN | epoch=002/030 | batch=03550/05033 | loss=6.215153e-01 | stage_elapsed=00:39:15 | stage_eta=00:16:24 | data_wait=1.46s
2026-09-01 01:17:04 | INFO    | TRAIN | epoch=002/030 | batch=03600/05033 | loss=6.372303e-01 | stage_elapsed=00:39:48 | stage_eta=00:15:51 | data_wait=1.47s
2026-09-01 01:17:38 | INFO    | TRAIN | epoch=002/030 | batch=03650/05033 | loss=7.131131e-01 | stage_elapsed=00:40:22 | stage_eta=00:15:18 | data_wait=1.48s
2026-09-01 01:18:10 | INFO    | TRAIN | epoch=002/030 | batch=03700/05033 | loss=6.371786e-01 | stage_elapsed=00:40:55 | stage_eta=00:14:44 | data_wait=1.49s
2026-09-01 01:18:44 | INFO    | TRAIN | epoch=002/030 | batch=03750/05033 | loss=6.741950e-01 | stage_elapsed=00:41:29 | stage_eta=00:14:12 | data_wait=1.51s
2026-09-01 01:19:17 | INFO    | TRAIN | epoch=002/030 | batch=03800/05033 | loss=7.759258e-01 | stage_elapsed=00:42:02 | stage_eta=00:13:38 | data_wait=1.52s
2026-09-01 01:19:51 | INFO    | TRAIN | epoch=002/030 | batch=03850/05033 | loss=6.091029e-01 | stage_elapsed=00:42:35 | stage_eta=00:13:05 | data_wait=1.54s
2026-09-01 01:20:24 | INFO    | TRAIN | epoch=002/030 | batch=03900/05033 | loss=7.029080e-01 | stage_elapsed=00:43:08 | stage_eta=00:12:32 | data_wait=1.55s
2026-09-01 01:20:56 | INFO    | TRAIN | epoch=002/030 | batch=03950/05033 | loss=7.374468e-01 | stage_elapsed=00:43:41 | stage_eta=00:11:58 | data_wait=1.56s
2026-09-01 01:21:30 | INFO    | TRAIN | epoch=002/030 | batch=04000/05033 | loss=6.795930e-01 | stage_elapsed=00:44:14 | stage_eta=00:11:25 | data_wait=1.57s
2026-09-01 01:22:04 | INFO    | TRAIN | epoch=002/030 | batch=04050/05033 | loss=6.205210e-01 | stage_elapsed=00:44:48 | stage_eta=00:10:52 | data_wait=1.58s
2026-09-01 01:22:38 | INFO    | TRAIN | epoch=002/030 | batch=04100/05033 | loss=5.985849e-01 | stage_elapsed=00:45:23 | stage_eta=00:10:20 | data_wait=1.59s
2026-09-01 01:23:10 | INFO    | TRAIN | epoch=002/030 | batch=04150/05033 | loss=6.973622e-01 | stage_elapsed=00:45:54 | stage_eta=00:09:46 | data_wait=1.61s
2026-09-01 01:23:42 | INFO    | TRAIN | epoch=002/030 | batch=04200/05033 | loss=6.902583e-01 | stage_elapsed=00:46:27 | stage_eta=00:09:13 | data_wait=1.62s
2026-09-01 01:24:15 | INFO    | TRAIN | epoch=002/030 | batch=04250/05033 | loss=6.624066e-01 | stage_elapsed=00:46:59 | stage_eta=00:08:39 | data_wait=1.64s
2026-09-01 01:24:48 | INFO    | TRAIN | epoch=002/030 | batch=04300/05033 | loss=6.371616e-01 | stage_elapsed=00:47:33 | stage_eta=00:08:06 | data_wait=1.65s
2026-09-01 01:25:23 | INFO    | TRAIN | epoch=002/030 | batch=04350/05033 | loss=5.811303e-01 | stage_elapsed=00:48:07 | stage_eta=00:07:33 | data_wait=1.66s
2026-09-01 01:25:54 | INFO    | TRAIN | epoch=002/030 | batch=04400/05033 | loss=6.619907e-01 | stage_elapsed=00:48:39 | stage_eta=00:07:00 | data_wait=1.67s
2026-09-01 01:26:28 | INFO    | TRAIN | epoch=002/030 | batch=04450/05033 | loss=6.429542e-01 | stage_elapsed=00:49:13 | stage_eta=00:06:27 | data_wait=1.69s
2026-09-01 01:27:02 | INFO    | TRAIN | epoch=002/030 | batch=04500/05033 | loss=7.300965e-01 | stage_elapsed=00:49:47 | stage_eta=00:05:54 | data_wait=1.70s
2026-09-01 01:27:36 | INFO    | TRAIN | epoch=002/030 | batch=04550/05033 | loss=6.731553e-01 | stage_elapsed=00:50:21 | stage_eta=00:05:21 | data_wait=1.71s
2026-09-01 01:28:10 | INFO    | TRAIN | epoch=002/030 | batch=04600/05033 | loss=7.650255e-01 | stage_elapsed=00:50:55 | stage_eta=00:04:48 | data_wait=1.73s
2026-09-01 01:28:42 | INFO    | TRAIN | epoch=002/030 | batch=04650/05033 | loss=6.529622e-01 | stage_elapsed=00:51:26 | stage_eta=00:04:14 | data_wait=1.74s
2026-09-01 01:29:15 | INFO    | TRAIN | epoch=002/030 | batch=04700/05033 | loss=6.865722e-01 | stage_elapsed=00:51:59 | stage_eta=00:03:41 | data_wait=1.75s
2026-09-01 01:29:47 | INFO    | TRAIN | epoch=002/030 | batch=04750/05033 | loss=5.879197e-01 | stage_elapsed=00:52:32 | stage_eta=00:03:08 | data_wait=1.77s
2026-09-01 01:30:22 | INFO    | TRAIN | epoch=002/030 | batch=04800/05033 | loss=7.065769e-01 | stage_elapsed=00:53:06 | stage_eta=00:02:35 | data_wait=1.79s
2026-09-01 01:30:56 | INFO    | TRAIN | epoch=002/030 | batch=04850/05033 | loss=6.876102e-01 | stage_elapsed=00:53:40 | stage_eta=00:02:02 | data_wait=1.80s
2026-09-01 01:31:28 | INFO    | TRAIN | epoch=002/030 | batch=04900/05033 | loss=5.508695e-01 | stage_elapsed=00:54:13 | stage_eta=00:01:28 | data_wait=1.81s
2026-09-01 01:32:02 | INFO    | TRAIN | epoch=002/030 | batch=04950/05033 | loss=6.913503e-01 | stage_elapsed=00:54:47 | stage_eta=00:00:55 | data_wait=1.82s
2026-09-01 01:32:36 | INFO    | TRAIN | epoch=002/030 | batch=05000/05033 | loss=5.740269e-01 | stage_elapsed=00:55:21 | stage_eta=00:00:22 | data_wait=1.84s
2026-09-01 01:32:58 | INFO    | TRAIN | epoch=002/030 | batch=05033/05033 | loss=6.646669e-01 | stage_elapsed=00:55:42 | stage_eta=00:00:00 | data_wait=1.84s
2026-09-01 01:33:13 | INFO    | VAL | epoch=002/030 | batch=00050/00212 | loss=7.219763e-01 | stage_elapsed=00:00:15 | stage_eta=00:00:49 | data_wait=0.35s
2026-09-01 01:33:29 | INFO    | VAL | epoch=002/030 | batch=00100/00212 | loss=7.650080e-01 | stage_elapsed=00:00:31 | stage_eta=00:00:35 | data_wait=0.36s
2026-09-01 01:33:43 | INFO    | VAL | epoch=002/030 | batch=00150/00212 | loss=8.036770e-01 | stage_elapsed=00:00:46 | stage_eta=00:00:19 | data_wait=0.37s
2026-09-01 01:33:57 | INFO    | VAL | epoch=002/030 | batch=00200/00212 | loss=7.861061e-01 | stage_elapsed=00:00:59 | stage_eta=00:00:04 | data_wait=0.39s
2026-09-01 01:34:01 | INFO    | VAL | epoch=002/030 | batch=00212/00212 | loss=8.685105e-01 | stage_elapsed=00:01:03 | stage_eta=00:00:00 | data_wait=0.39s
2026-09-01 01:34:02 | INFO    | Epoch 002 complete | train=6.677512e-01 | val=7.787268e-01 | best=7.787268e-01 | lr=1.000e-03 | epoch_time=00:56:47 | run_elapsed=01:53:17 | eta=1d 02:26:01 | finish=2026-09-02 04:00:04 CST
2026-09-01 01:34:36 | INFO    | TRAIN | epoch=003/030 | batch=00050/05033 | loss=6.580867e-01 | stage_elapsed=00:00:34 | stage_eta=00:56:06 | data_wait=0.73s
2026-09-01 01:35:09 | INFO    | TRAIN | epoch=003/030 | batch=00100/05033 | loss=6.802734e-01 | stage_elapsed=00:01:07 | stage_eta=00:54:59 | data_wait=0.75s
2026-09-01 01:35:43 | INFO    | TRAIN | epoch=003/030 | batch=00150/05033 | loss=7.484534e-01 | stage_elapsed=00:01:41 | stage_eta=00:54:49 | data_wait=0.76s
2026-09-01 01:36:17 | INFO    | TRAIN | epoch=003/030 | batch=00200/05033 | loss=5.861684e-01 | stage_elapsed=00:02:15 | stage_eta=00:54:13 | data_wait=0.78s
2026-09-01 01:36:49 | INFO    | TRAIN | epoch=003/030 | batch=00250/05033 | loss=6.347992e-01 | stage_elapsed=00:02:47 | stage_eta=00:53:18 | data_wait=0.79s
2026-09-01 01:37:23 | INFO    | TRAIN | epoch=003/030 | batch=00300/05033 | loss=6.599114e-01 | stage_elapsed=00:03:21 | stage_eta=00:52:51 | data_wait=0.80s
2026-09-01 01:37:56 | INFO    | TRAIN | epoch=003/030 | batch=00350/05033 | loss=5.709543e-01 | stage_elapsed=00:03:54 | stage_eta=00:52:10 | data_wait=0.81s
2026-09-01 01:38:29 | INFO    | TRAIN | epoch=003/030 | batch=00400/05033 | loss=6.524396e-01 | stage_elapsed=00:04:27 | stage_eta=00:51:34 | data_wait=0.82s
2026-09-01 01:39:01 | INFO    | TRAIN | epoch=003/030 | batch=00450/05033 | loss=6.423928e-01 | stage_elapsed=00:04:59 | stage_eta=00:50:46 | data_wait=0.84s
2026-09-01 01:39:33 | INFO    | TRAIN | epoch=003/030 | batch=00500/05033 | loss=5.822576e-01 | stage_elapsed=00:05:31 | stage_eta=00:50:01 | data_wait=0.86s
2026-09-01 01:40:06 | INFO    | TRAIN | epoch=003/030 | batch=00550/05033 | loss=6.291790e-01 | stage_elapsed=00:06:04 | stage_eta=00:49:26 | data_wait=0.87s
2026-09-01 01:40:40 | INFO    | TRAIN | epoch=003/030 | batch=00600/05033 | loss=7.161586e-01 | stage_elapsed=00:06:38 | stage_eta=00:48:57 | data_wait=0.89s
2026-09-01 01:41:15 | INFO    | TRAIN | epoch=003/030 | batch=00650/05033 | loss=6.719403e-01 | stage_elapsed=00:07:12 | stage_eta=00:48:36 | data_wait=0.90s
2026-09-01 01:41:46 | INFO    | TRAIN | epoch=003/030 | batch=00700/05033 | loss=6.522024e-01 | stage_elapsed=00:07:44 | stage_eta=00:47:50 | data_wait=0.91s
2026-09-01 01:42:21 | INFO    | TRAIN | epoch=003/030 | batch=00750/05033 | loss=6.590109e-01 | stage_elapsed=00:08:18 | stage_eta=00:47:26 | data_wait=0.92s
2026-09-01 01:42:54 | INFO    | TRAIN | epoch=003/030 | batch=00800/05033 | loss=6.554997e-01 | stage_elapsed=00:08:52 | stage_eta=00:46:55 | data_wait=0.93s
2026-09-01 01:43:28 | INFO    | TRAIN | epoch=003/030 | batch=00850/05033 | loss=6.643459e-01 | stage_elapsed=00:09:26 | stage_eta=00:46:26 | data_wait=0.95s
2026-09-01 01:44:01 | INFO    | TRAIN | epoch=003/030 | batch=00900/05033 | loss=6.248409e-01 | stage_elapsed=00:09:59 | stage_eta=00:45:50 | data_wait=0.96s
2026-09-01 01:44:33 | INFO    | TRAIN | epoch=003/030 | batch=00950/05033 | loss=6.099770e-01 | stage_elapsed=00:10:30 | stage_eta=00:45:09 | data_wait=0.98s
2026-09-01 01:45:05 | INFO    | TRAIN | epoch=003/030 | batch=01000/05033 | loss=6.536931e-01 | stage_elapsed=00:11:03 | stage_eta=00:44:34 | data_wait=0.99s
2026-09-01 01:45:39 | INFO    | TRAIN | epoch=003/030 | batch=01050/05033 | loss=7.186748e-01 | stage_elapsed=00:11:37 | stage_eta=00:44:03 | data_wait=1.00s
2026-09-01 01:46:13 | INFO    | TRAIN | epoch=003/030 | batch=01100/05033 | loss=6.266646e-01 | stage_elapsed=00:12:11 | stage_eta=00:43:34 | data_wait=1.02s
2026-09-01 01:46:46 | INFO    | TRAIN | epoch=003/030 | batch=01150/05033 | loss=7.138135e-01 | stage_elapsed=00:12:44 | stage_eta=00:43:00 | data_wait=1.03s
2026-09-01 01:47:20 | INFO    | TRAIN | epoch=003/030 | batch=01200/05033 | loss=6.637283e-01 | stage_elapsed=00:13:18 | stage_eta=00:42:30 | data_wait=1.04s
2026-09-01 01:47:53 | INFO    | TRAIN | epoch=003/030 | batch=01250/05033 | loss=7.403481e-01 | stage_elapsed=00:13:51 | stage_eta=00:41:54 | data_wait=1.05s
2026-09-01 01:48:26 | INFO    | TRAIN | epoch=003/030 | batch=01300/05033 | loss=5.923474e-01 | stage_elapsed=00:14:24 | stage_eta=00:41:22 | data_wait=1.06s
2026-09-01 01:49:00 | INFO    | TRAIN | epoch=003/030 | batch=01350/05033 | loss=6.805457e-01 | stage_elapsed=00:14:58 | stage_eta=00:40:49 | data_wait=1.07s
2026-09-01 01:49:31 | INFO    | TRAIN | epoch=003/030 | batch=01400/05033 | loss=5.349759e-01 | stage_elapsed=00:15:28 | stage_eta=00:40:09 | data_wait=1.09s
2026-09-01 01:50:02 | INFO    | TRAIN | epoch=003/030 | batch=01450/05033 | loss=5.985363e-01 | stage_elapsed=00:16:00 | stage_eta=00:39:33 | data_wait=1.10s
2026-09-01 01:50:36 | INFO    | TRAIN | epoch=003/030 | batch=01500/05033 | loss=6.114132e-01 | stage_elapsed=00:16:34 | stage_eta=00:39:01 | data_wait=1.12s
2026-09-01 01:51:11 | INFO    | TRAIN | epoch=003/030 | batch=01550/05033 | loss=7.172369e-01 | stage_elapsed=00:17:08 | stage_eta=00:38:31 | data_wait=1.13s
2026-09-01 01:51:45 | INFO    | TRAIN | epoch=003/030 | batch=01600/05033 | loss=6.618881e-01 | stage_elapsed=00:17:43 | stage_eta=00:38:01 | data_wait=1.14s
2026-09-01 01:52:17 | INFO    | TRAIN | epoch=003/030 | batch=01650/05033 | loss=7.011651e-01 | stage_elapsed=00:18:15 | stage_eta=00:37:24 | data_wait=1.16s
2026-09-01 01:52:51 | INFO    | TRAIN | epoch=003/030 | batch=01700/05033 | loss=6.384181e-01 | stage_elapsed=00:18:49 | stage_eta=00:36:53 | data_wait=1.17s
2026-09-01 01:53:24 | INFO    | TRAIN | epoch=003/030 | batch=01750/05033 | loss=7.476770e-01 | stage_elapsed=00:19:22 | stage_eta=00:36:20 | data_wait=1.18s
2026-09-01 01:53:59 | INFO    | TRAIN | epoch=003/030 | batch=01800/05033 | loss=7.106268e-01 | stage_elapsed=00:19:56 | stage_eta=00:35:49 | data_wait=1.19s
2026-09-01 01:54:31 | INFO    | TRAIN | epoch=003/030 | batch=01850/05033 | loss=6.097933e-01 | stage_elapsed=00:20:29 | stage_eta=00:35:14 | data_wait=1.21s
2026-09-01 01:55:00 | INFO    | TRAIN | epoch=003/030 | batch=01900/05033 | loss=7.116808e-01 | stage_elapsed=00:20:58 | stage_eta=00:34:34 | data_wait=1.23s
2026-09-01 01:55:33 | INFO    | TRAIN | epoch=003/030 | batch=01950/05033 | loss=5.920807e-01 | stage_elapsed=00:21:31 | stage_eta=00:34:01 | data_wait=1.24s
2026-09-01 01:56:08 | INFO    | TRAIN | epoch=003/030 | batch=02000/05033 | loss=6.374615e-01 | stage_elapsed=00:22:06 | stage_eta=00:33:31 | data_wait=1.25s
2026-09-01 01:56:41 | INFO    | TRAIN | epoch=003/030 | batch=02050/05033 | loss=6.526738e-01 | stage_elapsed=00:22:39 | stage_eta=00:32:57 | data_wait=1.26s
2026-09-01 01:57:14 | INFO    | TRAIN | epoch=003/030 | batch=02100/05033 | loss=6.997362e-01 | stage_elapsed=00:23:12 | stage_eta=00:32:24 | data_wait=1.27s
2026-09-01 01:57:47 | INFO    | TRAIN | epoch=003/030 | batch=02150/05033 | loss=5.582902e-01 | stage_elapsed=00:23:44 | stage_eta=00:31:50 | data_wait=1.29s
2026-09-01 01:58:20 | INFO    | TRAIN | epoch=003/030 | batch=02200/05033 | loss=6.311966e-01 | stage_elapsed=00:24:18 | stage_eta=00:31:17 | data_wait=1.30s
2026-09-01 01:58:54 | INFO    | TRAIN | epoch=003/030 | batch=02250/05033 | loss=6.512299e-01 | stage_elapsed=00:24:52 | stage_eta=00:30:45 | data_wait=1.31s
2026-09-01 01:59:27 | INFO    | TRAIN | epoch=003/030 | batch=02300/05033 | loss=5.952982e-01 | stage_elapsed=00:25:24 | stage_eta=00:30:11 | data_wait=1.32s
2026-09-01 01:59:58 | INFO    | TRAIN | epoch=003/030 | batch=02350/05033 | loss=5.057326e-01 | stage_elapsed=00:25:56 | stage_eta=00:29:36 | data_wait=1.34s
2026-09-01 02:00:29 | INFO    | TRAIN | epoch=003/030 | batch=02400/05033 | loss=6.271209e-01 | stage_elapsed=00:26:27 | stage_eta=00:29:01 | data_wait=1.36s
2026-09-01 02:01:03 | INFO    | TRAIN | epoch=003/030 | batch=02450/05033 | loss=5.491696e-01 | stage_elapsed=00:27:01 | stage_eta=00:28:29 | data_wait=1.37s
2026-09-01 02:01:36 | INFO    | TRAIN | epoch=003/030 | batch=02500/05033 | loss=6.548146e-01 | stage_elapsed=00:27:34 | stage_eta=00:27:56 | data_wait=1.38s
2026-09-01 02:02:09 | INFO    | TRAIN | epoch=003/030 | batch=02550/05033 | loss=6.019489e-01 | stage_elapsed=00:28:07 | stage_eta=00:27:23 | data_wait=1.39s
2026-09-01 02:02:42 | INFO    | TRAIN | epoch=003/030 | batch=02600/05033 | loss=6.410074e-01 | stage_elapsed=00:28:39 | stage_eta=00:26:49 | data_wait=1.40s
2026-09-01 02:03:15 | INFO    | TRAIN | epoch=003/030 | batch=02650/05033 | loss=6.550521e-01 | stage_elapsed=00:29:12 | stage_eta=00:26:16 | data_wait=1.42s
2026-09-01 02:03:48 | INFO    | TRAIN | epoch=003/030 | batch=02700/05033 | loss=6.804309e-01 | stage_elapsed=00:29:46 | stage_eta=00:25:43 | data_wait=1.43s
2026-09-01 02:04:21 | INFO    | TRAIN | epoch=003/030 | batch=02750/05033 | loss=6.297876e-01 | stage_elapsed=00:30:19 | stage_eta=00:25:10 | data_wait=1.45s
2026-09-01 02:04:54 | INFO    | TRAIN | epoch=003/030 | batch=02800/05033 | loss=5.507365e-01 | stage_elapsed=00:30:51 | stage_eta=00:24:36 | data_wait=1.47s
2026-09-01 02:05:27 | INFO    | TRAIN | epoch=003/030 | batch=02850/05033 | loss=6.218770e-01 | stage_elapsed=00:31:25 | stage_eta=00:24:04 | data_wait=1.48s
2026-09-01 02:06:00 | INFO    | TRAIN | epoch=003/030 | batch=02900/05033 | loss=6.391929e-01 | stage_elapsed=00:31:57 | stage_eta=00:23:30 | data_wait=1.49s
2026-09-01 02:06:33 | INFO    | TRAIN | epoch=003/030 | batch=02950/05033 | loss=5.815098e-01 | stage_elapsed=00:32:31 | stage_eta=00:22:58 | data_wait=1.50s
2026-09-01 02:07:07 | INFO    | TRAIN | epoch=003/030 | batch=03000/05033 | loss=6.580015e-01 | stage_elapsed=00:33:05 | stage_eta=00:22:25 | data_wait=1.52s
2026-09-01 02:07:42 | INFO    | TRAIN | epoch=003/030 | batch=03050/05033 | loss=7.477173e-01 | stage_elapsed=00:33:39 | stage_eta=00:21:53 | data_wait=1.53s
2026-09-01 02:08:13 | INFO    | TRAIN | epoch=003/030 | batch=03100/05033 | loss=6.230938e-01 | stage_elapsed=00:34:11 | stage_eta=00:21:19 | data_wait=1.55s
2026-09-01 02:08:46 | INFO    | TRAIN | epoch=003/030 | batch=03150/05033 | loss=6.814876e-01 | stage_elapsed=00:34:43 | stage_eta=00:20:45 | data_wait=1.56s
2026-09-01 02:09:19 | INFO    | TRAIN | epoch=003/030 | batch=03200/05033 | loss=6.674473e-01 | stage_elapsed=00:35:17 | stage_eta=00:20:12 | data_wait=1.57s
2026-09-01 02:09:51 | INFO    | TRAIN | epoch=003/030 | batch=03250/05033 | loss=6.712291e-01 | stage_elapsed=00:35:49 | stage_eta=00:19:39 | data_wait=1.59s
2026-09-01 02:10:25 | INFO    | TRAIN | epoch=003/030 | batch=03300/05033 | loss=5.988140e-01 | stage_elapsed=00:36:23 | stage_eta=00:19:06 | data_wait=1.60s
2026-09-01 02:10:58 | INFO    | TRAIN | epoch=003/030 | batch=03350/05033 | loss=6.223645e-01 | stage_elapsed=00:36:56 | stage_eta=00:18:33 | data_wait=1.62s
2026-09-01 02:11:31 | INFO    | TRAIN | epoch=003/030 | batch=03400/05033 | loss=6.408083e-01 | stage_elapsed=00:37:28 | stage_eta=00:18:00 | data_wait=1.63s
2026-09-01 02:12:04 | INFO    | TRAIN | epoch=003/030 | batch=03450/05033 | loss=7.212474e-01 | stage_elapsed=00:38:01 | stage_eta=00:17:27 | data_wait=1.64s
2026-09-01 02:12:37 | INFO    | TRAIN | epoch=003/030 | batch=03500/05033 | loss=6.334627e-01 | stage_elapsed=00:38:35 | stage_eta=00:16:54 | data_wait=1.65s
2026-09-01 02:13:11 | INFO    | TRAIN | epoch=003/030 | batch=03550/05033 | loss=5.874879e-01 | stage_elapsed=00:39:08 | stage_eta=00:16:21 | data_wait=1.66s
2026-09-01 02:13:42 | INFO    | TRAIN | epoch=003/030 | batch=03600/05033 | loss=6.407290e-01 | stage_elapsed=00:39:40 | stage_eta=00:15:47 | data_wait=1.67s
2026-09-01 02:14:15 | INFO    | TRAIN | epoch=003/030 | batch=03650/05033 | loss=6.991345e-01 | stage_elapsed=00:40:13 | stage_eta=00:15:14 | data_wait=1.68s
2026-09-01 02:14:48 | INFO    | TRAIN | epoch=003/030 | batch=03700/05033 | loss=5.983390e-01 | stage_elapsed=00:40:45 | stage_eta=00:14:41 | data_wait=1.70s
2026-09-01 02:15:20 | INFO    | TRAIN | epoch=003/030 | batch=03750/05033 | loss=5.799284e-01 | stage_elapsed=00:41:18 | stage_eta=00:14:08 | data_wait=1.72s
2026-09-01 02:15:54 | INFO    | TRAIN | epoch=003/030 | batch=03800/05033 | loss=6.587121e-01 | stage_elapsed=00:41:52 | stage_eta=00:13:35 | data_wait=1.73s
2026-09-01 02:16:27 | INFO    | TRAIN | epoch=003/030 | batch=03850/05033 | loss=6.261289e-01 | stage_elapsed=00:42:25 | stage_eta=00:13:02 | data_wait=1.75s
2026-09-01 02:16:59 | INFO    | TRAIN | epoch=003/030 | batch=03900/05033 | loss=6.357486e-01 | stage_elapsed=00:42:57 | stage_eta=00:12:29 | data_wait=1.76s
2026-09-01 02:17:33 | INFO    | TRAIN | epoch=003/030 | batch=03950/05033 | loss=6.442211e-01 | stage_elapsed=00:43:31 | stage_eta=00:11:56 | data_wait=1.77s
2026-09-01 02:18:07 | INFO    | TRAIN | epoch=003/030 | batch=04000/05033 | loss=6.521299e-01 | stage_elapsed=00:44:05 | stage_eta=00:11:23 | data_wait=1.78s
2026-09-01 02:18:41 | INFO    | TRAIN | epoch=003/030 | batch=04050/05033 | loss=5.358419e-01 | stage_elapsed=00:44:38 | stage_eta=00:10:50 | data_wait=1.79s
2026-09-01 02:19:13 | INFO    | TRAIN | epoch=003/030 | batch=04100/05033 | loss=5.874017e-01 | stage_elapsed=00:45:11 | stage_eta=00:10:17 | data_wait=1.80s
2026-09-01 02:19:46 | INFO    | TRAIN | epoch=003/030 | batch=04150/05033 | loss=6.280267e-01 | stage_elapsed=00:45:43 | stage_eta=00:09:44 | data_wait=1.82s
2026-09-01 02:20:18 | INFO    | TRAIN | epoch=003/030 | batch=04200/05033 | loss=6.919328e-01 | stage_elapsed=00:46:16 | stage_eta=00:09:11 | data_wait=1.83s
2026-09-01 02:20:50 | INFO    | TRAIN | epoch=003/030 | batch=04250/05033 | loss=6.218287e-01 | stage_elapsed=00:46:47 | stage_eta=00:08:37 | data_wait=1.85s
2026-09-01 02:21:23 | INFO    | TRAIN | epoch=003/030 | batch=04300/05033 | loss=6.380192e-01 | stage_elapsed=00:47:21 | stage_eta=00:08:04 | data_wait=1.86s
2026-09-01 02:21:57 | INFO    | TRAIN | epoch=003/030 | batch=04350/05033 | loss=7.067279e-01 | stage_elapsed=00:47:55 | stage_eta=00:07:31 | data_wait=1.87s
2026-09-01 02:22:29 | INFO    | TRAIN | epoch=003/030 | batch=04400/05033 | loss=6.751890e-01 | stage_elapsed=00:48:27 | stage_eta=00:06:58 | data_wait=1.88s
2026-09-01 02:23:02 | INFO    | TRAIN | epoch=003/030 | batch=04450/05033 | loss=6.963056e-01 | stage_elapsed=00:49:00 | stage_eta=00:06:25 | data_wait=1.90s
2026-09-01 02:23:35 | INFO    | TRAIN | epoch=003/030 | batch=04500/05033 | loss=5.716691e-01 | stage_elapsed=00:49:33 | stage_eta=00:05:52 | data_wait=1.91s
2026-09-01 02:24:09 | INFO    | TRAIN | epoch=003/030 | batch=04550/05033 | loss=7.155269e-01 | stage_elapsed=00:50:07 | stage_eta=00:05:19 | data_wait=1.92s
2026-09-01 02:24:43 | INFO    | TRAIN | epoch=003/030 | batch=04600/05033 | loss=6.277268e-01 | stage_elapsed=00:50:40 | stage_eta=00:04:46 | data_wait=1.93s
2026-09-01 02:25:11 | INFO    | TRAIN | epoch=003/030 | batch=04650/05033 | loss=5.284003e-01 | stage_elapsed=00:51:09 | stage_eta=00:04:13 | data_wait=1.94s
2026-09-01 02:25:39 | INFO    | TRAIN | epoch=003/030 | batch=04700/05033 | loss=6.004410e-01 | stage_elapsed=00:51:36 | stage_eta=00:03:39 | data_wait=1.96s
2026-09-01 02:26:07 | INFO    | TRAIN | epoch=003/030 | batch=04750/05033 | loss=6.960215e-01 | stage_elapsed=00:52:04 | stage_eta=00:03:06 | data_wait=1.99s
2026-09-01 02:26:36 | INFO    | TRAIN | epoch=003/030 | batch=04800/05033 | loss=5.798463e-01 | stage_elapsed=00:52:34 | stage_eta=00:02:33 | data_wait=2.01s
2026-09-01 02:27:09 | INFO    | TRAIN | epoch=003/030 | batch=04850/05033 | loss=6.433933e-01 | stage_elapsed=00:53:07 | stage_eta=00:02:00 | data_wait=2.03s
2026-09-01 02:27:43 | INFO    | TRAIN | epoch=003/030 | batch=04900/05033 | loss=5.782165e-01 | stage_elapsed=00:53:41 | stage_eta=00:01:27 | data_wait=2.04s
2026-09-01 02:28:15 | INFO    | TRAIN | epoch=003/030 | batch=04950/05033 | loss=5.391002e-01 | stage_elapsed=00:54:13 | stage_eta=00:00:55 | data_wait=2.05s
2026-09-01 02:28:47 | INFO    | TRAIN | epoch=003/030 | batch=05000/05033 | loss=6.169372e-01 | stage_elapsed=00:54:45 | stage_eta=00:00:22 | data_wait=2.07s
2026-09-01 02:29:10 | INFO    | TRAIN | epoch=003/030 | batch=05033/05033 | loss=6.452240e-01 | stage_elapsed=00:55:07 | stage_eta=00:00:00 | data_wait=2.08s
2026-09-01 02:29:25 | INFO    | VAL | epoch=003/030 | batch=00050/00212 | loss=6.828629e-01 | stage_elapsed=00:00:15 | stage_eta=00:00:50 | data_wait=0.40s
2026-09-01 02:29:41 | INFO    | VAL | epoch=003/030 | batch=00100/00212 | loss=7.365683e-01 | stage_elapsed=00:00:31 | stage_eta=00:00:35 | data_wait=0.41s
2026-09-01 02:29:57 | INFO    | VAL | epoch=003/030 | batch=00150/00212 | loss=7.850988e-01 | stage_elapsed=00:00:47 | stage_eta=00:00:19 | data_wait=0.42s
2026-09-01 02:30:12 | INFO    | VAL | epoch=003/030 | batch=00200/00212 | loss=7.282870e-01 | stage_elapsed=00:01:02 | stage_eta=00:00:04 | data_wait=0.43s
2026-09-01 02:30:15 | INFO    | VAL | epoch=003/030 | batch=00212/00212 | loss=8.361912e-01 | stage_elapsed=00:01:05 | stage_eta=00:00:00 | data_wait=0.44s
2026-09-01 02:30:16 | INFO    | Epoch 003 complete | train=6.323688e-01 | val=7.471438e-01 | best=7.471438e-01 | lr=1.000e-03 | epoch_time=00:56:14 | run_elapsed=02:49:31 | eta=1d 01:25:38 | finish=2026-09-02 03:55:53 CST
2026-09-01 02:30:51 | INFO    | TRAIN | epoch=004/030 | batch=00050/05033 | loss=6.235138e-01 | stage_elapsed=00:00:35 | stage_eta=00:58:53 | data_wait=0.43s
2026-09-01 02:31:23 | INFO    | TRAIN | epoch=004/030 | batch=00100/05033 | loss=6.225216e-01 | stage_elapsed=00:01:07 | stage_eta=00:55:06 | data_wait=0.45s
2026-09-01 02:31:55 | INFO    | TRAIN | epoch=004/030 | batch=00150/05033 | loss=7.168484e-01 | stage_elapsed=00:01:40 | stage_eta=00:54:00 | data_wait=0.46s
2026-09-01 02:32:28 | INFO    | TRAIN | epoch=004/030 | batch=00200/05033 | loss=5.715393e-01 | stage_elapsed=00:02:12 | stage_eta=00:53:01 | data_wait=0.47s
2026-09-01 02:33:01 | INFO    | TRAIN | epoch=004/030 | batch=00250/05033 | loss=5.421420e-01 | stage_elapsed=00:02:45 | stage_eta=00:52:40 | data_wait=0.48s
2026-09-01 02:33:35 | INFO    | TRAIN | epoch=004/030 | batch=00300/05033 | loss=6.141493e-01 | stage_elapsed=00:03:19 | stage_eta=00:52:16 | data_wait=0.50s
2026-09-01 02:34:07 | INFO    | TRAIN | epoch=004/030 | batch=00350/05033 | loss=6.801701e-01 | stage_elapsed=00:03:51 | stage_eta=00:51:36 | data_wait=0.51s
2026-09-01 02:34:39 | INFO    | TRAIN | epoch=004/030 | batch=00400/05033 | loss=5.835987e-01 | stage_elapsed=00:04:23 | stage_eta=00:50:52 | data_wait=0.52s
2026-09-01 02:35:13 | INFO    | TRAIN | epoch=004/030 | batch=00450/05033 | loss=6.051674e-01 | stage_elapsed=00:04:57 | stage_eta=00:50:27 | data_wait=0.53s
2026-09-01 02:35:47 | INFO    | TRAIN | epoch=004/030 | batch=00500/05033 | loss=6.403183e-01 | stage_elapsed=00:05:31 | stage_eta=00:50:03 | data_wait=0.55s
2026-09-01 02:36:21 | INFO    | TRAIN | epoch=004/030 | batch=00550/05033 | loss=6.033087e-01 | stage_elapsed=00:06:05 | stage_eta=00:49:37 | data_wait=0.56s
2026-09-01 02:36:53 | INFO    | TRAIN | epoch=004/030 | batch=00600/05033 | loss=6.164542e-01 | stage_elapsed=00:06:37 | stage_eta=00:48:51 | data_wait=0.58s
2026-09-01 02:37:23 | INFO    | TRAIN | epoch=004/030 | batch=00650/05033 | loss=5.862005e-01 | stage_elapsed=00:07:07 | stage_eta=00:47:59 | data_wait=0.60s
2026-09-01 02:37:56 | INFO    | TRAIN | epoch=004/030 | batch=00700/05033 | loss=5.612673e-01 | stage_elapsed=00:07:40 | stage_eta=00:47:29 | data_wait=0.61s
2026-09-01 02:38:30 | INFO    | TRAIN | epoch=004/030 | batch=00750/05033 | loss=4.982615e-01 | stage_elapsed=00:08:14 | stage_eta=00:47:00 | data_wait=0.63s
2026-09-01 02:39:03 | INFO    | TRAIN | epoch=004/030 | batch=00800/05033 | loss=6.117642e-01 | stage_elapsed=00:08:47 | stage_eta=00:46:30 | data_wait=0.64s
2026-09-01 02:39:37 | INFO    | TRAIN | epoch=004/030 | batch=00850/05033 | loss=6.062713e-01 | stage_elapsed=00:09:21 | stage_eta=00:46:00 | data_wait=0.65s
2026-09-01 02:40:08 | INFO    | TRAIN | epoch=004/030 | batch=00900/05033 | loss=7.101924e-01 | stage_elapsed=00:09:52 | stage_eta=00:45:18 | data_wait=0.67s
2026-09-01 02:40:42 | INFO    | TRAIN | epoch=004/030 | batch=00950/05033 | loss=5.274108e-01 | stage_elapsed=00:10:26 | stage_eta=00:44:51 | data_wait=0.68s
2026-09-01 02:41:15 | INFO    | TRAIN | epoch=004/030 | batch=01000/05033 | loss=6.767967e-01 | stage_elapsed=00:10:59 | stage_eta=00:44:19 | data_wait=0.70s
2026-09-01 02:41:47 | INFO    | TRAIN | epoch=004/030 | batch=01050/05033 | loss=5.757948e-01 | stage_elapsed=00:11:32 | stage_eta=00:43:43 | data_wait=0.71s
2026-09-01 02:42:21 | INFO    | TRAIN | epoch=004/030 | batch=01100/05033 | loss=6.493946e-01 | stage_elapsed=00:12:05 | stage_eta=00:43:12 | data_wait=0.74s
2026-09-01 02:42:52 | INFO    | TRAIN | epoch=004/030 | batch=01150/05033 | loss=5.814089e-01 | stage_elapsed=00:12:37 | stage_eta=00:42:35 | data_wait=0.75s
2026-09-01 02:43:24 | INFO    | TRAIN | epoch=004/030 | batch=01200/05033 | loss=5.781663e-01 | stage_elapsed=00:13:08 | stage_eta=00:41:58 | data_wait=0.76s
2026-09-01 02:43:58 | INFO    | TRAIN | epoch=004/030 | batch=01250/05033 | loss=6.186582e-01 | stage_elapsed=00:13:43 | stage_eta=00:41:30 | data_wait=0.77s
2026-09-01 02:44:32 | INFO    | TRAIN | epoch=004/030 | batch=01300/05033 | loss=6.587569e-01 | stage_elapsed=00:14:16 | stage_eta=00:40:59 | data_wait=0.78s
2026-09-01 02:45:04 | INFO    | TRAIN | epoch=004/030 | batch=01350/05033 | loss=6.219110e-01 | stage_elapsed=00:14:49 | stage_eta=00:40:24 | data_wait=0.80s
2026-09-01 02:45:39 | INFO    | TRAIN | epoch=004/030 | batch=01400/05033 | loss=6.085717e-01 | stage_elapsed=00:15:23 | stage_eta=00:39:55 | data_wait=0.81s
2026-09-01 02:46:09 | INFO    | TRAIN | epoch=004/030 | batch=01450/05033 | loss=7.171335e-01 | stage_elapsed=00:15:53 | stage_eta=00:39:16 | data_wait=0.82s
2026-09-01 02:46:43 | INFO    | TRAIN | epoch=004/030 | batch=01500/05033 | loss=6.670613e-01 | stage_elapsed=00:16:27 | stage_eta=00:38:44 | data_wait=0.84s
2026-09-01 02:47:15 | INFO    | TRAIN | epoch=004/030 | batch=01550/05033 | loss=5.533058e-01 | stage_elapsed=00:16:59 | stage_eta=00:38:10 | data_wait=0.85s
2026-09-01 02:47:48 | INFO    | TRAIN | epoch=004/030 | batch=01600/05033 | loss=6.171184e-01 | stage_elapsed=00:17:32 | stage_eta=00:37:37 | data_wait=0.87s
2026-09-01 02:48:21 | INFO    | TRAIN | epoch=004/030 | batch=01650/05033 | loss=5.451974e-01 | stage_elapsed=00:18:05 | stage_eta=00:37:05 | data_wait=0.88s
2026-09-01 02:48:54 | INFO    | TRAIN | epoch=004/030 | batch=01700/05033 | loss=5.822099e-01 | stage_elapsed=00:18:38 | stage_eta=00:36:32 | data_wait=0.89s
2026-09-01 02:49:25 | INFO    | TRAIN | epoch=004/030 | batch=01750/05033 | loss=7.310638e-01 | stage_elapsed=00:19:10 | stage_eta=00:35:57 | data_wait=0.91s
2026-09-01 02:49:59 | INFO    | TRAIN | epoch=004/030 | batch=01800/05033 | loss=6.284765e-01 | stage_elapsed=00:19:43 | stage_eta=00:35:25 | data_wait=0.92s
2026-09-01 02:50:32 | INFO    | TRAIN | epoch=004/030 | batch=01850/05033 | loss=6.974309e-01 | stage_elapsed=00:20:17 | stage_eta=00:34:53 | data_wait=0.93s
2026-09-01 02:51:05 | INFO    | TRAIN | epoch=004/030 | batch=01900/05033 | loss=5.773777e-01 | stage_elapsed=00:20:50 | stage_eta=00:34:21 | data_wait=0.95s
2026-09-01 02:51:38 | INFO    | TRAIN | epoch=004/030 | batch=01950/05033 | loss=7.049142e-01 | stage_elapsed=00:21:22 | stage_eta=00:33:46 | data_wait=0.96s
2026-09-01 02:52:08 | INFO    | TRAIN | epoch=004/030 | batch=02000/05033 | loss=6.688354e-01 | stage_elapsed=00:21:52 | stage_eta=00:33:10 | data_wait=0.98s
2026-09-01 02:52:40 | INFO    | TRAIN | epoch=004/030 | batch=02050/05033 | loss=7.092611e-01 | stage_elapsed=00:22:24 | stage_eta=00:32:35 | data_wait=0.99s
2026-09-01 02:53:14 | INFO    | TRAIN | epoch=004/030 | batch=02100/05033 | loss=7.122487e-01 | stage_elapsed=00:22:58 | stage_eta=00:32:05 | data_wait=1.01s
2026-09-01 02:53:48 | INFO    | TRAIN | epoch=004/030 | batch=02150/05033 | loss=5.534784e-01 | stage_elapsed=00:23:32 | stage_eta=00:31:33 | data_wait=1.02s
2026-09-01 02:54:21 | INFO    | TRAIN | epoch=004/030 | batch=02200/05033 | loss=6.424541e-01 | stage_elapsed=00:24:05 | stage_eta=00:31:01 | data_wait=1.03s
2026-09-01 02:54:54 | INFO    | TRAIN | epoch=004/030 | batch=02250/05033 | loss=6.535610e-01 | stage_elapsed=00:24:38 | stage_eta=00:30:29 | data_wait=1.05s
2026-09-01 02:55:26 | INFO    | TRAIN | epoch=004/030 | batch=02300/05033 | loss=6.442329e-01 | stage_elapsed=00:25:11 | stage_eta=00:29:55 | data_wait=1.06s
2026-09-01 02:56:00 | INFO    | TRAIN | epoch=004/030 | batch=02350/05033 | loss=5.385835e-01 | stage_elapsed=00:25:44 | stage_eta=00:29:23 | data_wait=1.07s
2026-09-01 02:56:32 | INFO    | TRAIN | epoch=004/030 | batch=02400/05033 | loss=6.459348e-01 | stage_elapsed=00:26:16 | stage_eta=00:28:49 | data_wait=1.08s
2026-09-01 02:57:04 | INFO    | TRAIN | epoch=004/030 | batch=02450/05033 | loss=5.684291e-01 | stage_elapsed=00:26:48 | stage_eta=00:28:15 | data_wait=1.10s
2026-09-01 02:57:36 | INFO    | TRAIN | epoch=004/030 | batch=02500/05033 | loss=5.102372e-01 | stage_elapsed=00:27:20 | stage_eta=00:27:41 | data_wait=1.12s
2026-09-01 02:58:10 | INFO    | TRAIN | epoch=004/030 | batch=02550/05033 | loss=6.508948e-01 | stage_elapsed=00:27:54 | stage_eta=00:27:10 | data_wait=1.13s
2026-09-01 02:58:41 | INFO    | TRAIN | epoch=004/030 | batch=02600/05033 | loss=5.760313e-01 | stage_elapsed=00:28:25 | stage_eta=00:26:36 | data_wait=1.14s
2026-09-01 02:59:15 | INFO    | TRAIN | epoch=004/030 | batch=02650/05033 | loss=5.890845e-01 | stage_elapsed=00:28:59 | stage_eta=00:26:04 | data_wait=1.16s
2026-09-01 02:59:49 | INFO    | TRAIN | epoch=004/030 | batch=02700/05033 | loss=5.692581e-01 | stage_elapsed=00:29:33 | stage_eta=00:25:32 | data_wait=1.18s
2026-09-01 03:00:22 | INFO    | TRAIN | epoch=004/030 | batch=02750/05033 | loss=6.230829e-01 | stage_elapsed=00:30:07 | stage_eta=00:25:00 | data_wait=1.19s
2026-09-01 03:00:55 | INFO    | TRAIN | epoch=004/030 | batch=02800/05033 | loss=6.268032e-01 | stage_elapsed=00:30:39 | stage_eta=00:24:27 | data_wait=1.20s
2026-09-01 03:01:29 | INFO    | TRAIN | epoch=004/030 | batch=02850/05033 | loss=6.388309e-01 | stage_elapsed=00:31:13 | stage_eta=00:23:55 | data_wait=1.21s
2026-09-01 03:01:58 | INFO    | TRAIN | epoch=004/030 | batch=02900/05033 | loss=5.444480e-01 | stage_elapsed=00:31:42 | stage_eta=00:23:19 | data_wait=1.23s
2026-09-01 03:02:30 | INFO    | TRAIN | epoch=004/030 | batch=02950/05033 | loss=5.929023e-01 | stage_elapsed=00:32:14 | stage_eta=00:22:46 | data_wait=1.25s
2026-09-01 03:03:04 | INFO    | TRAIN | epoch=004/030 | batch=03000/05033 | loss=5.514024e-01 | stage_elapsed=00:32:48 | stage_eta=00:22:14 | data_wait=1.26s
2026-09-01 03:03:37 | INFO    | TRAIN | epoch=004/030 | batch=03050/05033 | loss=5.697826e-01 | stage_elapsed=00:33:21 | stage_eta=00:21:41 | data_wait=1.27s
2026-09-01 03:04:10 | INFO    | TRAIN | epoch=004/030 | batch=03100/05033 | loss=5.495123e-01 | stage_elapsed=00:33:54 | stage_eta=00:21:09 | data_wait=1.29s
2026-09-01 03:04:43 | INFO    | TRAIN | epoch=004/030 | batch=03150/05033 | loss=5.966804e-01 | stage_elapsed=00:34:27 | stage_eta=00:20:36 | data_wait=1.31s
2026-09-01 03:05:14 | INFO    | TRAIN | epoch=004/030 | batch=03200/05033 | loss=7.170241e-01 | stage_elapsed=00:34:58 | stage_eta=00:20:02 | data_wait=1.32s
2026-09-01 03:05:47 | INFO    | TRAIN | epoch=004/030 | batch=03250/05033 | loss=5.724799e-01 | stage_elapsed=00:35:32 | stage_eta=00:19:29 | data_wait=1.33s
2026-09-01 03:06:21 | INFO    | TRAIN | epoch=004/030 | batch=03300/05033 | loss=5.267806e-01 | stage_elapsed=00:36:05 | stage_eta=00:18:57 | data_wait=1.34s
2026-09-01 03:06:53 | INFO    | TRAIN | epoch=004/030 | batch=03350/05033 | loss=5.852140e-01 | stage_elapsed=00:36:37 | stage_eta=00:18:24 | data_wait=1.36s
2026-09-01 03:07:26 | INFO    | TRAIN | epoch=004/030 | batch=03400/05033 | loss=6.353207e-01 | stage_elapsed=00:37:10 | stage_eta=00:17:51 | data_wait=1.38s
2026-09-01 03:07:59 | INFO    | TRAIN | epoch=004/030 | batch=03450/05033 | loss=6.948659e-01 | stage_elapsed=00:37:43 | stage_eta=00:17:18 | data_wait=1.40s
2026-09-01 03:08:31 | INFO    | TRAIN | epoch=004/030 | batch=03500/05033 | loss=5.809016e-01 | stage_elapsed=00:38:15 | stage_eta=00:16:45 | data_wait=1.41s
2026-09-01 03:09:04 | INFO    | TRAIN | epoch=004/030 | batch=03550/05033 | loss=5.817530e-01 | stage_elapsed=00:38:49 | stage_eta=00:16:13 | data_wait=1.42s
2026-09-01 03:09:38 | INFO    | TRAIN | epoch=004/030 | batch=03600/05033 | loss=5.973448e-01 | stage_elapsed=00:39:22 | stage_eta=00:15:40 | data_wait=1.43s
2026-09-01 03:10:11 | INFO    | TRAIN | epoch=004/030 | batch=03650/05033 | loss=6.545310e-01 | stage_elapsed=00:39:55 | stage_eta=00:15:07 | data_wait=1.44s
2026-09-01 03:10:44 | INFO    | TRAIN | epoch=004/030 | batch=03700/05033 | loss=6.119123e-01 | stage_elapsed=00:40:28 | stage_eta=00:14:35 | data_wait=1.46s
2026-09-01 03:11:18 | INFO    | TRAIN | epoch=004/030 | batch=03750/05033 | loss=5.186745e-01 | stage_elapsed=00:41:02 | stage_eta=00:14:02 | data_wait=1.48s
2026-09-01 03:11:47 | INFO    | TRAIN | epoch=004/030 | batch=03800/05033 | loss=5.703279e-01 | stage_elapsed=00:41:31 | stage_eta=00:13:28 | data_wait=1.50s
2026-09-01 03:12:20 | INFO    | TRAIN | epoch=004/030 | batch=03850/05033 | loss=6.363080e-01 | stage_elapsed=00:42:04 | stage_eta=00:12:56 | data_wait=1.51s
2026-09-01 03:12:54 | INFO    | TRAIN | epoch=004/030 | batch=03900/05033 | loss=7.197277e-01 | stage_elapsed=00:42:38 | stage_eta=00:12:23 | data_wait=1.53s
2026-09-01 03:13:26 | INFO    | TRAIN | epoch=004/030 | batch=03950/05033 | loss=6.288874e-01 | stage_elapsed=00:43:10 | stage_eta=00:11:50 | data_wait=1.54s
2026-09-01 03:14:00 | INFO    | TRAIN | epoch=004/030 | batch=04000/05033 | loss=5.827453e-01 | stage_elapsed=00:43:44 | stage_eta=00:11:18 | data_wait=1.55s
2026-09-01 03:14:33 | INFO    | TRAIN | epoch=004/030 | batch=04050/05033 | loss=5.532058e-01 | stage_elapsed=00:44:17 | stage_eta=00:10:45 | data_wait=1.56s
2026-09-01 03:15:04 | INFO    | TRAIN | epoch=004/030 | batch=04100/05033 | loss=5.854786e-01 | stage_elapsed=00:44:48 | stage_eta=00:10:12 | data_wait=1.58s
2026-09-01 03:15:36 | INFO    | TRAIN | epoch=004/030 | batch=04150/05033 | loss=6.025009e-01 | stage_elapsed=00:45:20 | stage_eta=00:09:39 | data_wait=1.60s
2026-09-01 03:16:09 | INFO    | TRAIN | epoch=004/030 | batch=04200/05033 | loss=6.042184e-01 | stage_elapsed=00:45:53 | stage_eta=00:09:06 | data_wait=1.61s
2026-09-01 03:16:41 | INFO    | TRAIN | epoch=004/030 | batch=04250/05033 | loss=4.684088e-01 | stage_elapsed=00:46:25 | stage_eta=00:08:33 | data_wait=1.63s
2026-09-01 03:17:13 | INFO    | TRAIN | epoch=004/030 | batch=04300/05033 | loss=5.902672e-01 | stage_elapsed=00:46:57 | stage_eta=00:08:00 | data_wait=1.65s
2026-09-01 03:17:47 | INFO    | TRAIN | epoch=004/030 | batch=04350/05033 | loss=6.601434e-01 | stage_elapsed=00:47:31 | stage_eta=00:07:28 | data_wait=1.66s
2026-09-01 03:18:19 | INFO    | TRAIN | epoch=004/030 | batch=04400/05033 | loss=5.863116e-01 | stage_elapsed=00:48:03 | stage_eta=00:06:55 | data_wait=1.67s
2026-09-01 03:18:51 | INFO    | TRAIN | epoch=004/030 | batch=04450/05033 | loss=5.793224e-01 | stage_elapsed=00:48:35 | stage_eta=00:06:22 | data_wait=1.68s
2026-09-01 03:19:24 | INFO    | TRAIN | epoch=004/030 | batch=04500/05033 | loss=6.252910e-01 | stage_elapsed=00:49:08 | stage_eta=00:05:49 | data_wait=1.70s
2026-09-01 03:19:57 | INFO    | TRAIN | epoch=004/030 | batch=04550/05033 | loss=5.257067e-01 | stage_elapsed=00:49:41 | stage_eta=00:05:16 | data_wait=1.71s
2026-09-01 03:20:31 | INFO    | TRAIN | epoch=004/030 | batch=04600/05033 | loss=5.422080e-01 | stage_elapsed=00:50:15 | stage_eta=00:04:44 | data_wait=1.72s
2026-09-01 03:21:04 | INFO    | TRAIN | epoch=004/030 | batch=04650/05033 | loss=5.544721e-01 | stage_elapsed=00:50:48 | stage_eta=00:04:11 | data_wait=1.74s
2026-09-01 03:21:36 | INFO    | TRAIN | epoch=004/030 | batch=04700/05033 | loss=6.007922e-01 | stage_elapsed=00:51:20 | stage_eta=00:03:38 | data_wait=1.76s
2026-09-01 03:22:06 | INFO    | TRAIN | epoch=004/030 | batch=04750/05033 | loss=5.757387e-01 | stage_elapsed=00:51:50 | stage_eta=00:03:05 | data_wait=1.77s
2026-09-01 03:22:40 | INFO    | TRAIN | epoch=004/030 | batch=04800/05033 | loss=4.853488e-01 | stage_elapsed=00:52:24 | stage_eta=00:02:33 | data_wait=1.78s
2026-09-01 03:23:12 | INFO    | TRAIN | epoch=004/030 | batch=04850/05033 | loss=5.872093e-01 | stage_elapsed=00:52:56 | stage_eta=00:02:00 | data_wait=1.79s
2026-09-01 03:23:45 | INFO    | TRAIN | epoch=004/030 | batch=04900/05033 | loss=6.020239e-01 | stage_elapsed=00:53:29 | stage_eta=00:01:27 | data_wait=1.80s
2026-09-01 03:24:19 | INFO    | TRAIN | epoch=004/030 | batch=04950/05033 | loss=5.625017e-01 | stage_elapsed=00:54:03 | stage_eta=00:00:54 | data_wait=1.81s
2026-09-01 03:24:51 | INFO    | TRAIN | epoch=004/030 | batch=05000/05033 | loss=5.779611e-01 | stage_elapsed=00:54:36 | stage_eta=00:00:22 | data_wait=1.83s
2026-09-01 03:25:12 | INFO    | TRAIN | epoch=004/030 | batch=05033/05033 | loss=6.523903e-01 | stage_elapsed=00:54:56 | stage_eta=00:00:00 | data_wait=1.83s
2026-09-01 03:25:27 | INFO    | VAL | epoch=004/030 | batch=00050/00212 | loss=5.586052e-01 | stage_elapsed=00:00:15 | stage_eta=00:00:47 | data_wait=0.32s
2026-09-01 03:25:42 | INFO    | VAL | epoch=004/030 | batch=00100/00212 | loss=5.880751e-01 | stage_elapsed=00:00:30 | stage_eta=00:00:34 | data_wait=0.33s
2026-09-01 03:25:58 | INFO    | VAL | epoch=004/030 | batch=00150/00212 | loss=6.542580e-01 | stage_elapsed=00:00:46 | stage_eta=00:00:19 | data_wait=0.34s
2026-09-01 03:26:13 | INFO    | VAL | epoch=004/030 | batch=00200/00212 | loss=5.733252e-01 | stage_elapsed=00:01:01 | stage_eta=00:00:04 | data_wait=0.35s
2026-09-01 03:26:17 | INFO    | VAL | epoch=004/030 | batch=00212/00212 | loss=7.295805e-01 | stage_elapsed=00:01:04 | stage_eta=00:00:00 | data_wait=0.35s
2026-09-01 03:26:18 | INFO    | Epoch 004 complete | train=6.141829e-01 | val=6.108322e-01 | best=6.108322e-01 | lr=1.000e-03 | epoch_time=00:56:02 | run_elapsed=03:45:33 | eta=1d 00:26:03 | finish=2026-09-02 03:52:20 CST
2026-09-01 03:26:50 | INFO    | TRAIN | epoch=005/030 | batch=00050/05033 | loss=6.013835e-01 | stage_elapsed=00:00:32 | stage_eta=00:52:59 | data_wait=0.37s
2026-09-01 03:27:22 | INFO    | TRAIN | epoch=005/030 | batch=00100/05033 | loss=5.867139e-01 | stage_elapsed=00:01:05 | stage_eta=00:53:06 | data_wait=0.39s
2026-09-01 03:27:56 | INFO    | TRAIN | epoch=005/030 | batch=00150/05033 | loss=6.483399e-01 | stage_elapsed=00:01:38 | stage_eta=00:53:17 | data_wait=0.40s
2026-09-01 03:28:28 | INFO    | TRAIN | epoch=005/030 | batch=00200/05033 | loss=6.518551e-01 | stage_elapsed=00:02:11 | stage_eta=00:52:37 | data_wait=0.41s
2026-09-01 03:29:00 | INFO    | TRAIN | epoch=005/030 | batch=00250/05033 | loss=6.119403e-01 | stage_elapsed=00:02:42 | stage_eta=00:51:38 | data_wait=0.42s
2026-09-01 03:29:33 | INFO    | TRAIN | epoch=005/030 | batch=00300/05033 | loss=5.341985e-01 | stage_elapsed=00:03:15 | stage_eta=00:51:16 | data_wait=0.44s
2026-09-01 03:30:06 | INFO    | TRAIN | epoch=005/030 | batch=00350/05033 | loss=6.413244e-01 | stage_elapsed=00:03:48 | stage_eta=00:50:50 | data_wait=0.45s
2026-09-01 03:30:39 | INFO    | TRAIN | epoch=005/030 | batch=00400/05033 | loss=5.607293e-01 | stage_elapsed=00:04:22 | stage_eta=00:50:29 | data_wait=0.46s
2026-09-01 03:31:12 | INFO    | TRAIN | epoch=005/030 | batch=00450/05033 | loss=5.824218e-01 | stage_elapsed=00:04:55 | stage_eta=00:50:01 | data_wait=0.48s
2026-09-01 03:31:44 | INFO    | TRAIN | epoch=005/030 | batch=00500/05033 | loss=5.529704e-01 | stage_elapsed=00:05:26 | stage_eta=00:49:17 | data_wait=0.49s
2026-09-01 03:32:15 | INFO    | TRAIN | epoch=005/030 | batch=00550/05033 | loss=6.477867e-01 | stage_elapsed=00:05:57 | stage_eta=00:48:30 | data_wait=0.51s
2026-09-01 03:32:48 | INFO    | TRAIN | epoch=005/030 | batch=00600/05033 | loss=5.717638e-01 | stage_elapsed=00:06:30 | stage_eta=00:48:02 | data_wait=0.53s
2026-09-01 03:33:21 | INFO    | TRAIN | epoch=005/030 | batch=00650/05033 | loss=5.464314e-01 | stage_elapsed=00:07:04 | stage_eta=00:47:37 | data_wait=0.54s
2026-09-01 03:33:55 | INFO    | TRAIN | epoch=005/030 | batch=00700/05033 | loss=5.851377e-01 | stage_elapsed=00:07:38 | stage_eta=00:47:13 | data_wait=0.55s
2026-09-01 03:34:29 | INFO    | TRAIN | epoch=005/030 | batch=00750/05033 | loss=5.667450e-01 | stage_elapsed=00:08:11 | stage_eta=00:46:45 | data_wait=0.56s
2026-09-01 03:35:02 | INFO    | TRAIN | epoch=005/030 | batch=00800/05033 | loss=6.141651e-01 | stage_elapsed=00:08:44 | stage_eta=00:46:12 | data_wait=0.57s
2026-09-01 03:35:33 | INFO    | TRAIN | epoch=005/030 | batch=00850/05033 | loss=6.996137e-01 | stage_elapsed=00:09:16 | stage_eta=00:45:34 | data_wait=0.59s
2026-09-01 03:36:07 | INFO    | TRAIN | epoch=005/030 | batch=00900/05033 | loss=5.767067e-01 | stage_elapsed=00:09:50 | stage_eta=00:45:08 | data_wait=0.61s
2026-09-01 03:36:39 | INFO    | TRAIN | epoch=005/030 | batch=00950/05033 | loss=5.426655e-01 | stage_elapsed=00:10:21 | stage_eta=00:44:31 | data_wait=0.63s
2026-09-01 03:37:12 | INFO    | TRAIN | epoch=005/030 | batch=01000/05033 | loss=5.426946e-01 | stage_elapsed=00:10:54 | stage_eta=00:43:58 | data_wait=0.65s
2026-09-01 03:37:46 | INFO    | TRAIN | epoch=005/030 | batch=01050/05033 | loss=5.447057e-01 | stage_elapsed=00:11:28 | stage_eta=00:43:30 | data_wait=0.66s
2026-09-01 03:38:19 | INFO    | TRAIN | epoch=005/030 | batch=01100/05033 | loss=6.329412e-01 | stage_elapsed=00:12:02 | stage_eta=00:43:00 | data_wait=0.67s
2026-09-01 03:38:51 | INFO    | TRAIN | epoch=005/030 | batch=01150/05033 | loss=5.244046e-01 | stage_elapsed=00:12:33 | stage_eta=00:42:24 | data_wait=0.68s
2026-09-01 03:39:24 | INFO    | TRAIN | epoch=005/030 | batch=01200/05033 | loss=5.158452e-01 | stage_elapsed=00:13:06 | stage_eta=00:41:50 | data_wait=0.70s
2026-09-01 03:39:57 | INFO    | TRAIN | epoch=005/030 | batch=01250/05033 | loss=6.467713e-01 | stage_elapsed=00:13:39 | stage_eta=00:41:18 | data_wait=0.71s
2026-09-01 03:40:30 | INFO    | TRAIN | epoch=005/030 | batch=01300/05033 | loss=5.631326e-01 | stage_elapsed=00:14:13 | stage_eta=00:40:48 | data_wait=0.73s
2026-09-01 03:41:04 | INFO    | TRAIN | epoch=005/030 | batch=01350/05033 | loss=5.509467e-01 | stage_elapsed=00:14:46 | stage_eta=00:40:17 | data_wait=0.74s
2026-09-01 03:41:35 | INFO    | TRAIN | epoch=005/030 | batch=01400/05033 | loss=6.097643e-01 | stage_elapsed=00:15:17 | stage_eta=00:39:41 | data_wait=0.76s
2026-09-01 03:42:06 | INFO    | TRAIN | epoch=005/030 | batch=01450/05033 | loss=5.753533e-01 | stage_elapsed=00:15:49 | stage_eta=00:39:04 | data_wait=0.78s
2026-09-01 03:42:39 | INFO    | TRAIN | epoch=005/030 | batch=01500/05033 | loss=5.576915e-01 | stage_elapsed=00:16:22 | stage_eta=00:38:32 | data_wait=0.79s
2026-09-01 03:43:13 | INFO    | TRAIN | epoch=005/030 | batch=01550/05033 | loss=5.947934e-01 | stage_elapsed=00:16:55 | stage_eta=00:38:02 | data_wait=0.81s
2026-09-01 03:43:48 | INFO    | TRAIN | epoch=005/030 | batch=01600/05033 | loss=6.233147e-01 | stage_elapsed=00:17:30 | stage_eta=00:37:33 | data_wait=0.82s
2026-09-01 03:44:20 | INFO    | TRAIN | epoch=005/030 | batch=01650/05033 | loss=6.132761e-01 | stage_elapsed=00:18:02 | stage_eta=00:36:59 | data_wait=0.83s
2026-09-01 03:44:54 | INFO    | TRAIN | epoch=005/030 | batch=01700/05033 | loss=6.011882e-01 | stage_elapsed=00:18:36 | stage_eta=00:36:29 | data_wait=0.84s
2026-09-01 03:45:25 | INFO    | TRAIN | epoch=005/030 | batch=01750/05033 | loss=6.054562e-01 | stage_elapsed=00:19:08 | stage_eta=00:35:53 | data_wait=0.86s
2026-09-01 03:45:57 | INFO    | TRAIN | epoch=005/030 | batch=01800/05033 | loss=6.208326e-01 | stage_elapsed=00:19:40 | stage_eta=00:35:19 | data_wait=0.87s
2026-09-01 03:46:30 | INFO    | TRAIN | epoch=005/030 | batch=01850/05033 | loss=5.537229e-01 | stage_elapsed=00:20:12 | stage_eta=00:34:46 | data_wait=0.89s
2026-09-01 03:47:03 | INFO    | TRAIN | epoch=005/030 | batch=01900/05033 | loss=6.043131e-01 | stage_elapsed=00:20:45 | stage_eta=00:34:13 | data_wait=0.91s
2026-09-01 03:47:36 | INFO    | TRAIN | epoch=005/030 | batch=01950/05033 | loss=6.785359e-01 | stage_elapsed=00:21:18 | stage_eta=00:33:41 | data_wait=0.92s
2026-09-01 03:48:10 | INFO    | TRAIN | epoch=005/030 | batch=02000/05033 | loss=5.817553e-01 | stage_elapsed=00:21:52 | stage_eta=00:33:10 | data_wait=0.93s
2026-09-01 03:48:44 | INFO    | TRAIN | epoch=005/030 | batch=02050/05033 | loss=6.085844e-01 | stage_elapsed=00:22:26 | stage_eta=00:32:39 | data_wait=0.94s
2026-09-01 03:49:15 | INFO    | TRAIN | epoch=005/030 | batch=02100/05033 | loss=6.521292e-01 | stage_elapsed=00:22:57 | stage_eta=00:32:04 | data_wait=0.96s
2026-09-01 03:49:48 | INFO    | TRAIN | epoch=005/030 | batch=02150/05033 | loss=5.578034e-01 | stage_elapsed=00:23:30 | stage_eta=00:31:31 | data_wait=0.97s
2026-09-01 03:50:21 | INFO    | TRAIN | epoch=005/030 | batch=02200/05033 | loss=6.889948e-01 | stage_elapsed=00:24:03 | stage_eta=00:30:59 | data_wait=0.98s
2026-09-01 03:50:54 | INFO    | TRAIN | epoch=005/030 | batch=02250/05033 | loss=6.442144e-01 | stage_elapsed=00:24:36 | stage_eta=00:30:26 | data_wait=1.00s
2026-09-01 03:51:27 | INFO    | TRAIN | epoch=005/030 | batch=02300/05033 | loss=6.280195e-01 | stage_elapsed=00:25:09 | stage_eta=00:29:53 | data_wait=1.02s
2026-09-01 03:51:59 | INFO    | TRAIN | epoch=005/030 | batch=02350/05033 | loss=5.911468e-01 | stage_elapsed=00:25:41 | stage_eta=00:29:20 | data_wait=1.03s
2026-09-01 03:52:31 | INFO    | TRAIN | epoch=005/030 | batch=02400/05033 | loss=6.532422e-01 | stage_elapsed=00:26:14 | stage_eta=00:28:46 | data_wait=1.04s
2026-09-01 03:53:04 | INFO    | TRAIN | epoch=005/030 | batch=02450/05033 | loss=6.080844e-01 | stage_elapsed=00:26:46 | stage_eta=00:28:13 | data_wait=1.05s
2026-09-01 03:53:37 | INFO    | TRAIN | epoch=005/030 | batch=02500/05033 | loss=5.945188e-01 | stage_elapsed=00:27:19 | stage_eta=00:27:41 | data_wait=1.07s
2026-09-01 03:54:10 | INFO    | TRAIN | epoch=005/030 | batch=02550/05033 | loss=5.334705e-01 | stage_elapsed=00:27:53 | stage_eta=00:27:09 | data_wait=1.08s
2026-09-01 03:54:44 | INFO    | TRAIN | epoch=005/030 | batch=02600/05033 | loss=6.916254e-01 | stage_elapsed=00:28:27 | stage_eta=00:26:37 | data_wait=1.09s
2026-09-01 03:55:18 | INFO    | TRAIN | epoch=005/030 | batch=02650/05033 | loss=5.894738e-01 | stage_elapsed=00:29:00 | stage_eta=00:26:05 | data_wait=1.10s
2026-09-01 03:55:49 | INFO    | TRAIN | epoch=005/030 | batch=02700/05033 | loss=6.489929e-01 | stage_elapsed=00:29:32 | stage_eta=00:25:31 | data_wait=1.12s
2026-09-01 03:56:21 | INFO    | TRAIN | epoch=005/030 | batch=02750/05033 | loss=5.721879e-01 | stage_elapsed=00:30:03 | stage_eta=00:24:57 | data_wait=1.14s
2026-09-01 03:56:54 | INFO    | TRAIN | epoch=005/030 | batch=02800/05033 | loss=5.524675e-01 | stage_elapsed=00:30:36 | stage_eta=00:24:24 | data_wait=1.15s
2026-09-01 03:57:27 | INFO    | TRAIN | epoch=005/030 | batch=02850/05033 | loss=7.743013e-01 | stage_elapsed=00:31:10 | stage_eta=00:23:52 | data_wait=1.16s
2026-09-01 03:58:01 | INFO    | TRAIN | epoch=005/030 | batch=02900/05033 | loss=5.487782e-01 | stage_elapsed=00:31:43 | stage_eta=00:23:20 | data_wait=1.17s
2026-09-01 03:58:34 | INFO    | TRAIN | epoch=005/030 | batch=02950/05033 | loss=6.209137e-01 | stage_elapsed=00:32:17 | stage_eta=00:22:48 | data_wait=1.19s
2026-09-01 03:59:07 | INFO    | TRAIN | epoch=005/030 | batch=03000/05033 | loss=6.195713e-01 | stage_elapsed=00:32:50 | stage_eta=00:22:15 | data_wait=1.20s
2026-09-01 03:59:40 | INFO    | TRAIN | epoch=005/030 | batch=03050/05033 | loss=5.932032e-01 | stage_elapsed=00:33:22 | stage_eta=00:21:42 | data_wait=1.21s
2026-09-01 04:00:13 | INFO    | TRAIN | epoch=005/030 | batch=03100/05033 | loss=5.650125e-01 | stage_elapsed=00:33:55 | stage_eta=00:21:09 | data_wait=1.22s
2026-09-01 04:00:44 | INFO    | TRAIN | epoch=005/030 | batch=03150/05033 | loss=6.778477e-01 | stage_elapsed=00:34:27 | stage_eta=00:20:35 | data_wait=1.24s
2026-09-01 04:01:17 | INFO    | TRAIN | epoch=005/030 | batch=03200/05033 | loss=6.216102e-01 | stage_elapsed=00:34:59 | stage_eta=00:20:03 | data_wait=1.26s
2026-09-01 04:01:51 | INFO    | TRAIN | epoch=005/030 | batch=03250/05033 | loss=6.097859e-01 | stage_elapsed=00:35:33 | stage_eta=00:19:30 | data_wait=1.27s
2026-09-01 04:02:25 | INFO    | TRAIN | epoch=005/030 | batch=03300/05033 | loss=5.546854e-01 | stage_elapsed=00:36:07 | stage_eta=00:18:58 | data_wait=1.28s
2026-09-01 04:02:57 | INFO    | TRAIN | epoch=005/030 | batch=03350/05033 | loss=6.665065e-01 | stage_elapsed=00:36:39 | stage_eta=00:18:25 | data_wait=1.29s
2026-09-01 04:03:29 | INFO    | TRAIN | epoch=005/030 | batch=03400/05033 | loss=5.715067e-01 | stage_elapsed=00:37:12 | stage_eta=00:17:52 | data_wait=1.30s
2026-09-01 04:04:03 | INFO    | TRAIN | epoch=005/030 | batch=03450/05033 | loss=6.053783e-01 | stage_elapsed=00:37:45 | stage_eta=00:17:19 | data_wait=1.32s
2026-09-01 04:04:37 | INFO    | TRAIN | epoch=005/030 | batch=03500/05033 | loss=6.484814e-01 | stage_elapsed=00:38:19 | stage_eta=00:16:47 | data_wait=1.33s
2026-09-01 04:05:10 | INFO    | TRAIN | epoch=005/030 | batch=03550/05033 | loss=6.039637e-01 | stage_elapsed=00:38:52 | stage_eta=00:16:14 | data_wait=1.34s
2026-09-01 04:05:41 | INFO    | TRAIN | epoch=005/030 | batch=03600/05033 | loss=5.899215e-01 | stage_elapsed=00:39:23 | stage_eta=00:15:41 | data_wait=1.36s
2026-09-01 04:06:13 | INFO    | TRAIN | epoch=005/030 | batch=03650/05033 | loss=4.772657e-01 | stage_elapsed=00:39:55 | stage_eta=00:15:07 | data_wait=1.38s
2026-09-01 04:06:45 | INFO    | TRAIN | epoch=005/030 | batch=03700/05033 | loss=6.250953e-01 | stage_elapsed=00:40:27 | stage_eta=00:14:34 | data_wait=1.39s
2026-09-01 04:07:18 | INFO    | TRAIN | epoch=005/030 | batch=03750/05033 | loss=6.034143e-01 | stage_elapsed=00:41:00 | stage_eta=00:14:02 | data_wait=1.40s
2026-09-01 04:07:51 | INFO    | TRAIN | epoch=005/030 | batch=03800/05033 | loss=6.258191e-01 | stage_elapsed=00:41:34 | stage_eta=00:13:29 | data_wait=1.41s
2026-09-01 04:08:24 | INFO    | TRAIN | epoch=005/030 | batch=03850/05033 | loss=6.001715e-01 | stage_elapsed=00:42:06 | stage_eta=00:12:56 | data_wait=1.42s
2026-09-01 04:08:58 | INFO    | TRAIN | epoch=005/030 | batch=03900/05033 | loss=6.267049e-01 | stage_elapsed=00:42:40 | stage_eta=00:12:24 | data_wait=1.44s
2026-09-01 04:09:31 | INFO    | TRAIN | epoch=005/030 | batch=03950/05033 | loss=6.820937e-01 | stage_elapsed=00:43:14 | stage_eta=00:11:51 | data_wait=1.45s
2026-09-01 04:10:04 | INFO    | TRAIN | epoch=005/030 | batch=04000/05033 | loss=5.918024e-01 | stage_elapsed=00:43:46 | stage_eta=00:11:18 | data_wait=1.47s
2026-09-01 04:10:34 | INFO    | TRAIN | epoch=005/030 | batch=04050/05033 | loss=5.534612e-01 | stage_elapsed=00:44:17 | stage_eta=00:10:45 | data_wait=1.49s
2026-09-01 04:11:06 | INFO    | TRAIN | epoch=005/030 | batch=04100/05033 | loss=6.040815e-01 | stage_elapsed=00:44:49 | stage_eta=00:10:12 | data_wait=1.50s
2026-09-01 04:11:40 | INFO    | TRAIN | epoch=005/030 | batch=04150/05033 | loss=5.611666e-01 | stage_elapsed=00:45:22 | stage_eta=00:09:39 | data_wait=1.51s
2026-09-01 04:12:13 | INFO    | TRAIN | epoch=005/030 | batch=04200/05033 | loss=5.966215e-01 | stage_elapsed=00:45:56 | stage_eta=00:09:07 | data_wait=1.52s
2026-09-01 04:12:46 | INFO    | TRAIN | epoch=005/030 | batch=04250/05033 | loss=5.670904e-01 | stage_elapsed=00:46:28 | stage_eta=00:08:34 | data_wait=1.53s
2026-09-01 04:13:18 | INFO    | TRAIN | epoch=005/030 | batch=04300/05033 | loss=5.675156e-01 | stage_elapsed=00:47:00 | stage_eta=00:08:01 | data_wait=1.55s
2026-09-01 04:13:52 | INFO    | TRAIN | epoch=005/030 | batch=04350/05033 | loss=5.106276e-01 | stage_elapsed=00:47:35 | stage_eta=00:07:28 | data_wait=1.56s
2026-09-01 04:14:26 | INFO    | TRAIN | epoch=005/030 | batch=04400/05033 | loss=5.798057e-01 | stage_elapsed=00:48:08 | stage_eta=00:06:56 | data_wait=1.57s
2026-09-01 04:14:59 | INFO    | TRAIN | epoch=005/030 | batch=04450/05033 | loss=6.010303e-01 | stage_elapsed=00:48:41 | stage_eta=00:06:23 | data_wait=1.59s
2026-09-01 04:15:30 | INFO    | TRAIN | epoch=005/030 | batch=04500/05033 | loss=6.088644e-01 | stage_elapsed=00:49:12 | stage_eta=00:05:50 | data_wait=1.60s
2026-09-01 04:16:03 | INFO    | TRAIN | epoch=005/030 | batch=04550/05033 | loss=6.497934e-01 | stage_elapsed=00:49:46 | stage_eta=00:05:17 | data_wait=1.62s
2026-09-01 04:16:36 | INFO    | TRAIN | epoch=005/030 | batch=04600/05033 | loss=5.505361e-01 | stage_elapsed=00:50:18 | stage_eta=00:04:44 | data_wait=1.63s
2026-09-01 04:17:09 | INFO    | TRAIN | epoch=005/030 | batch=04650/05033 | loss=6.006959e-01 | stage_elapsed=00:50:51 | stage_eta=00:04:11 | data_wait=1.64s
2026-09-01 04:17:43 | INFO    | TRAIN | epoch=005/030 | batch=04700/05033 | loss=5.634194e-01 | stage_elapsed=00:51:25 | stage_eta=00:03:39 | data_wait=1.65s
2026-09-01 04:18:17 | INFO    | TRAIN | epoch=005/030 | batch=04750/05033 | loss=5.351709e-01 | stage_elapsed=00:51:59 | stage_eta=00:03:06 | data_wait=1.66s
2026-09-01 04:18:50 | INFO    | TRAIN | epoch=005/030 | batch=04800/05033 | loss=6.546038e-01 | stage_elapsed=00:52:32 | stage_eta=00:02:33 | data_wait=1.68s
2026-09-01 04:19:23 | INFO    | TRAIN | epoch=005/030 | batch=04850/05033 | loss=5.467750e-01 | stage_elapsed=00:53:05 | stage_eta=00:02:00 | data_wait=1.69s
2026-09-01 04:19:55 | INFO    | TRAIN | epoch=005/030 | batch=04900/05033 | loss=5.259560e-01 | stage_elapsed=00:53:37 | stage_eta=00:01:27 | data_wait=1.71s
2026-09-01 04:20:27 | INFO    | TRAIN | epoch=005/030 | batch=04950/05033 | loss=5.513470e-01 | stage_elapsed=00:54:09 | stage_eta=00:00:54 | data_wait=1.73s
2026-09-01 04:21:01 | INFO    | TRAIN | epoch=005/030 | batch=05000/05033 | loss=6.094069e-01 | stage_elapsed=00:54:43 | stage_eta=00:00:22 | data_wait=1.74s
2026-09-01 04:21:22 | INFO    | TRAIN | epoch=005/030 | batch=05033/05033 | loss=6.432273e-01 | stage_elapsed=00:55:04 | stage_eta=00:00:00 | data_wait=1.74s
2026-09-01 04:21:38 | INFO    | VAL | epoch=005/030 | batch=00050/00212 | loss=5.541079e-01 | stage_elapsed=00:00:16 | stage_eta=00:00:53 | data_wait=0.29s
2026-09-01 04:21:54 | INFO    | VAL | epoch=005/030 | batch=00100/00212 | loss=6.011931e-01 | stage_elapsed=00:00:32 | stage_eta=00:00:36 | data_wait=0.30s
2026-09-01 04:22:09 | INFO    | VAL | epoch=005/030 | batch=00150/00212 | loss=6.665130e-01 | stage_elapsed=00:00:47 | stage_eta=00:00:20 | data_wait=0.31s
2026-09-01 04:22:25 | INFO    | VAL | epoch=005/030 | batch=00200/00212 | loss=5.939516e-01 | stage_elapsed=00:01:03 | stage_eta=00:00:04 | data_wait=0.32s
2026-09-01 04:22:29 | INFO    | VAL | epoch=005/030 | batch=00212/00212 | loss=7.285747e-01 | stage_elapsed=00:01:07 | stage_eta=00:00:00 | data_wait=0.33s
2026-09-01 04:22:30 | INFO    | Epoch 005 complete | train=5.999118e-01 | val=6.147385e-01 | best=6.108322e-01 | lr=1.000e-03 | epoch_time=00:56:12 | run_elapsed=04:41:45 | eta=23:28:44 | finish=2026-09-02 03:51:14 CST
2026-09-01 04:23:03 | INFO    | TRAIN | epoch=006/030 | batch=00050/05033 | loss=5.581211e-01 | stage_elapsed=00:00:33 | stage_eta=00:55:09 | data_wait=0.34s
2026-09-01 04:23:35 | INFO    | TRAIN | epoch=006/030 | batch=00100/05033 | loss=6.850996e-01 | stage_elapsed=00:01:05 | stage_eta=00:53:34 | data_wait=0.35s
2026-09-01 04:24:07 | INFO    | TRAIN | epoch=006/030 | batch=00150/05033 | loss=6.256869e-01 | stage_elapsed=00:01:37 | stage_eta=00:52:48 | data_wait=0.37s
2026-09-01 04:24:40 | INFO    | TRAIN | epoch=006/030 | batch=00200/05033 | loss=5.917657e-01 | stage_elapsed=00:02:10 | stage_eta=00:52:25 | data_wait=0.38s
2026-09-01 04:25:13 | INFO    | TRAIN | epoch=006/030 | batch=00250/05033 | loss=6.088048e-01 | stage_elapsed=00:02:44 | stage_eta=00:52:10 | data_wait=0.40s
2026-09-01 04:25:47 | INFO    | TRAIN | epoch=006/030 | batch=00300/05033 | loss=4.960163e-01 | stage_elapsed=00:03:17 | stage_eta=00:51:48 | data_wait=0.41s
2026-09-01 04:26:20 | INFO    | TRAIN | epoch=006/030 | batch=00350/05033 | loss=5.423565e-01 | stage_elapsed=00:03:50 | stage_eta=00:51:19 | data_wait=0.42s
2026-09-01 04:26:51 | INFO    | TRAIN | epoch=006/030 | batch=00400/05033 | loss=5.466406e-01 | stage_elapsed=00:04:21 | stage_eta=00:50:27 | data_wait=0.44s
2026-09-01 04:27:24 | INFO    | TRAIN | epoch=006/030 | batch=00450/05033 | loss=6.737610e-01 | stage_elapsed=00:04:54 | stage_eta=00:49:59 | data_wait=0.45s
2026-09-01 04:27:58 | INFO    | TRAIN | epoch=006/030 | batch=00500/05033 | loss=5.183944e-01 | stage_elapsed=00:05:28 | stage_eta=00:49:35 | data_wait=0.46s
2026-09-01 04:28:32 | INFO    | TRAIN | epoch=006/030 | batch=00550/05033 | loss=6.208553e-01 | stage_elapsed=00:06:02 | stage_eta=00:49:10 | data_wait=0.48s
2026-09-01 04:29:03 | INFO    | TRAIN | epoch=006/030 | batch=00600/05033 | loss=6.101932e-01 | stage_elapsed=00:06:33 | stage_eta=00:48:22 | data_wait=0.50s
2026-09-01 04:29:34 | INFO    | TRAIN | epoch=006/030 | batch=00650/05033 | loss=5.492528e-01 | stage_elapsed=00:07:05 | stage_eta=00:47:43 | data_wait=0.51s
2026-09-01 04:30:07 | INFO    | TRAIN | epoch=006/030 | batch=00700/05033 | loss=5.528004e-01 | stage_elapsed=00:07:37 | stage_eta=00:47:09 | data_wait=0.52s
2026-09-01 04:30:40 | INFO    | TRAIN | epoch=006/030 | batch=00750/05033 | loss=6.549366e-01 | stage_elapsed=00:08:10 | stage_eta=00:46:37 | data_wait=0.53s
2026-09-01 04:31:13 | INFO    | TRAIN | epoch=006/030 | batch=00800/05033 | loss=6.590309e-01 | stage_elapsed=00:08:44 | stage_eta=00:46:10 | data_wait=0.55s
2026-09-01 04:31:47 | INFO    | TRAIN | epoch=006/030 | batch=00850/05033 | loss=6.351228e-01 | stage_elapsed=00:09:17 | stage_eta=00:45:43 | data_wait=0.56s
2026-09-01 04:32:20 | INFO    | TRAIN | epoch=006/030 | batch=00900/05033 | loss=6.621161e-01 | stage_elapsed=00:09:50 | stage_eta=00:45:11 | data_wait=0.57s
2026-09-01 04:32:53 | INFO    | TRAIN | epoch=006/030 | batch=00950/05033 | loss=5.303062e-01 | stage_elapsed=00:10:23 | stage_eta=00:44:39 | data_wait=0.58s
2026-09-01 04:33:25 | INFO    | TRAIN | epoch=006/030 | batch=01000/05033 | loss=5.600201e-01 | stage_elapsed=00:10:55 | stage_eta=00:44:04 | data_wait=0.60s
2026-09-01 04:33:56 | INFO    | TRAIN | epoch=006/030 | batch=01050/05033 | loss=6.498501e-01 | stage_elapsed=00:11:26 | stage_eta=00:43:23 | data_wait=0.62s
2026-09-01 04:34:29 | INFO    | TRAIN | epoch=006/030 | batch=01100/05033 | loss=5.668467e-01 | stage_elapsed=00:11:59 | stage_eta=00:42:51 | data_wait=0.63s
2026-09-01 04:35:03 | INFO    | TRAIN | epoch=006/030 | batch=01150/05033 | loss=6.583411e-01 | stage_elapsed=00:12:33 | stage_eta=00:42:23 | data_wait=0.65s
2026-09-01 04:35:35 | INFO    | TRAIN | epoch=006/030 | batch=01200/05033 | loss=6.316001e-01 | stage_elapsed=00:13:06 | stage_eta=00:41:49 | data_wait=0.66s
2026-09-01 04:36:09 | INFO    | TRAIN | epoch=006/030 | batch=01250/05033 | loss=5.118704e-01 | stage_elapsed=00:13:39 | stage_eta=00:41:18 | data_wait=0.67s
2026-09-01 04:36:41 | INFO    | TRAIN | epoch=006/030 | batch=01300/05033 | loss=6.192595e-01 | stage_elapsed=00:14:12 | stage_eta=00:40:46 | data_wait=0.68s
2026-09-01 04:37:13 | INFO    | TRAIN | epoch=006/030 | batch=01350/05033 | loss=6.606748e-01 | stage_elapsed=00:14:43 | stage_eta=00:40:10 | data_wait=0.70s
2026-09-01 04:37:47 | INFO    | TRAIN | epoch=006/030 | batch=01400/05033 | loss=4.981369e-01 | stage_elapsed=00:15:17 | stage_eta=00:39:40 | data_wait=0.71s
2026-09-01 04:38:19 | INFO    | TRAIN | epoch=006/030 | batch=01450/05033 | loss=5.363184e-01 | stage_elapsed=00:15:49 | stage_eta=00:39:05 | data_wait=0.73s
2026-09-01 04:38:51 | INFO    | TRAIN | epoch=006/030 | batch=01500/05033 | loss=5.566493e-01 | stage_elapsed=00:16:21 | stage_eta=00:38:31 | data_wait=0.75s
2026-09-01 04:39:25 | INFO    | TRAIN | epoch=006/030 | batch=01550/05033 | loss=6.154144e-01 | stage_elapsed=00:16:55 | stage_eta=00:38:00 | data_wait=0.76s
2026-09-01 04:39:58 | INFO    | TRAIN | epoch=006/030 | batch=01600/05033 | loss=5.083379e-01 | stage_elapsed=00:17:28 | stage_eta=00:37:30 | data_wait=0.77s
2026-09-01 04:40:30 | INFO    | TRAIN | epoch=006/030 | batch=01650/05033 | loss=5.131125e-01 | stage_elapsed=00:18:00 | stage_eta=00:36:54 | data_wait=0.78s
2026-09-01 04:41:03 | INFO    | TRAIN | epoch=006/030 | batch=01700/05033 | loss=5.681524e-01 | stage_elapsed=00:18:33 | stage_eta=00:36:23 | data_wait=0.80s
2026-09-01 04:41:37 | INFO    | TRAIN | epoch=006/030 | batch=01750/05033 | loss=5.260533e-01 | stage_elapsed=00:19:08 | stage_eta=00:35:53 | data_wait=0.81s
2026-09-01 04:42:10 | INFO    | TRAIN | epoch=006/030 | batch=01800/05033 | loss=5.850128e-01 | stage_elapsed=00:19:40 | stage_eta=00:35:20 | data_wait=0.83s
2026-09-01 04:42:43 | INFO    | TRAIN | epoch=006/030 | batch=01850/05033 | loss=4.992161e-01 | stage_elapsed=00:20:13 | stage_eta=00:34:47 | data_wait=0.85s
2026-09-01 04:43:15 | INFO    | TRAIN | epoch=006/030 | batch=01900/05033 | loss=5.941201e-01 | stage_elapsed=00:20:45 | stage_eta=00:34:13 | data_wait=0.87s
2026-09-01 04:43:46 | INFO    | TRAIN | epoch=006/030 | batch=01950/05033 | loss=6.498019e-01 | stage_elapsed=00:21:16 | stage_eta=00:33:38 | data_wait=0.88s
2026-09-01 04:44:20 | INFO    | TRAIN | epoch=006/030 | batch=02000/05033 | loss=6.501006e-01 | stage_elapsed=00:21:50 | stage_eta=00:33:07 | data_wait=0.90s
2026-09-01 04:44:53 | INFO    | TRAIN | epoch=006/030 | batch=02050/05033 | loss=5.699270e-01 | stage_elapsed=00:22:23 | stage_eta=00:32:34 | data_wait=0.91s
2026-09-01 04:45:25 | INFO    | TRAIN | epoch=006/030 | batch=02100/05033 | loss=5.983887e-01 | stage_elapsed=00:22:56 | stage_eta=00:32:01 | data_wait=0.92s
2026-09-01 04:46:00 | INFO    | TRAIN | epoch=006/030 | batch=02150/05033 | loss=5.879952e-01 | stage_elapsed=00:23:30 | stage_eta=00:31:31 | data_wait=0.93s
2026-09-01 04:46:33 | INFO    | TRAIN | epoch=006/030 | batch=02200/05033 | loss=6.492360e-01 | stage_elapsed=00:24:03 | stage_eta=00:30:58 | data_wait=0.94s
2026-09-01 04:47:05 | INFO    | TRAIN | epoch=006/030 | batch=02250/05033 | loss=6.163260e-01 | stage_elapsed=00:24:35 | stage_eta=00:30:24 | data_wait=0.96s
2026-09-01 04:47:37 | INFO    | TRAIN | epoch=006/030 | batch=02300/05033 | loss=5.941137e-01 | stage_elapsed=00:25:07 | stage_eta=00:29:50 | data_wait=0.98s
2026-09-01 04:48:08 | INFO    | TRAIN | epoch=006/030 | batch=02350/05033 | loss=6.061194e-01 | stage_elapsed=00:25:38 | stage_eta=00:29:16 | data_wait=1.00s
2026-09-01 04:48:42 | INFO    | TRAIN | epoch=006/030 | batch=02400/05033 | loss=6.108004e-01 | stage_elapsed=00:26:13 | stage_eta=00:28:45 | data_wait=1.01s
2026-09-01 04:49:15 | INFO    | TRAIN | epoch=006/030 | batch=02450/05033 | loss=6.272815e-01 | stage_elapsed=00:26:45 | stage_eta=00:28:12 | data_wait=1.02s
2026-09-01 04:49:48 | INFO    | TRAIN | epoch=006/030 | batch=02500/05033 | loss=6.469709e-01 | stage_elapsed=00:27:18 | stage_eta=00:27:40 | data_wait=1.03s
2026-09-01 04:50:21 | INFO    | TRAIN | epoch=006/030 | batch=02550/05033 | loss=5.702554e-01 | stage_elapsed=00:27:52 | stage_eta=00:27:08 | data_wait=1.04s
2026-09-01 04:50:54 | INFO    | TRAIN | epoch=006/030 | batch=02600/05033 | loss=4.758107e-01 | stage_elapsed=00:28:24 | stage_eta=00:26:35 | data_wait=1.05s
2026-09-01 04:51:27 | INFO    | TRAIN | epoch=006/030 | batch=02650/05033 | loss=5.547050e-01 | stage_elapsed=00:28:58 | stage_eta=00:26:03 | data_wait=1.06s
2026-09-01 04:52:01 | INFO    | TRAIN | epoch=006/030 | batch=02700/05033 | loss=6.597687e-01 | stage_elapsed=00:29:31 | stage_eta=00:25:30 | data_wait=1.07s
2026-09-01 04:52:32 | INFO    | TRAIN | epoch=006/030 | batch=02750/05033 | loss=5.932437e-01 | stage_elapsed=00:30:02 | stage_eta=00:24:56 | data_wait=1.09s
2026-09-01 04:53:04 | INFO    | TRAIN | epoch=006/030 | batch=02800/05033 | loss=5.832806e-01 | stage_elapsed=00:30:35 | stage_eta=00:24:23 | data_wait=1.11s
2026-09-01 04:53:38 | INFO    | TRAIN | epoch=006/030 | batch=02850/05033 | loss=5.551074e-01 | stage_elapsed=00:31:09 | stage_eta=00:23:51 | data_wait=1.12s
2026-09-01 04:54:10 | INFO    | TRAIN | epoch=006/030 | batch=02900/05033 | loss=6.469289e-01 | stage_elapsed=00:31:40 | stage_eta=00:23:17 | data_wait=1.13s
2026-09-01 04:54:43 | INFO    | TRAIN | epoch=006/030 | batch=02950/05033 | loss=5.572582e-01 | stage_elapsed=00:32:13 | stage_eta=00:22:45 | data_wait=1.14s
2026-09-01 04:55:16 | INFO    | TRAIN | epoch=006/030 | batch=03000/05033 | loss=6.359099e-01 | stage_elapsed=00:32:46 | stage_eta=00:22:13 | data_wait=1.15s
2026-09-01 04:55:50 | INFO    | TRAIN | epoch=006/030 | batch=03050/05033 | loss=6.118574e-01 | stage_elapsed=00:33:20 | stage_eta=00:21:41 | data_wait=1.16s
2026-09-01 04:56:25 | INFO    | TRAIN | epoch=006/030 | batch=03100/05033 | loss=5.727484e-01 | stage_elapsed=00:33:55 | stage_eta=00:21:09 | data_wait=1.18s
2026-09-01 04:56:56 | INFO    | TRAIN | epoch=006/030 | batch=03150/05033 | loss=6.012236e-01 | stage_elapsed=00:34:26 | stage_eta=00:20:35 | data_wait=1.19s
2026-09-01 04:57:27 | INFO    | TRAIN | epoch=006/030 | batch=03200/05033 | loss=4.647568e-01 | stage_elapsed=00:34:57 | stage_eta=00:20:01 | data_wait=1.21s
2026-09-01 04:58:00 | INFO    | TRAIN | epoch=006/030 | batch=03250/05033 | loss=6.003607e-01 | stage_elapsed=00:35:30 | stage_eta=00:19:28 | data_wait=1.22s
2026-09-01 04:58:34 | INFO    | TRAIN | epoch=006/030 | batch=03300/05033 | loss=5.800569e-01 | stage_elapsed=00:36:04 | stage_eta=00:18:57 | data_wait=1.23s
2026-09-01 04:59:08 | INFO    | TRAIN | epoch=006/030 | batch=03350/05033 | loss=5.259892e-01 | stage_elapsed=00:36:38 | stage_eta=00:18:24 | data_wait=1.25s
2026-09-01 04:59:41 | INFO    | TRAIN | epoch=006/030 | batch=03400/05033 | loss=6.158513e-01 | stage_elapsed=00:37:11 | stage_eta=00:17:52 | data_wait=1.26s
2026-09-01 05:00:14 | INFO    | TRAIN | epoch=006/030 | batch=03450/05033 | loss=5.640653e-01 | stage_elapsed=00:37:45 | stage_eta=00:17:19 | data_wait=1.27s
2026-09-01 05:00:47 | INFO    | TRAIN | epoch=006/030 | batch=03500/05033 | loss=6.232200e-01 | stage_elapsed=00:38:17 | stage_eta=00:16:46 | data_wait=1.28s
2026-09-01 05:01:20 | INFO    | TRAIN | epoch=006/030 | batch=03550/05033 | loss=6.500931e-01 | stage_elapsed=00:38:50 | stage_eta=00:16:13 | data_wait=1.30s
2026-09-01 05:01:52 | INFO    | TRAIN | epoch=006/030 | batch=03600/05033 | loss=5.791730e-01 | stage_elapsed=00:39:23 | stage_eta=00:15:40 | data_wait=1.32s
2026-09-01 05:02:25 | INFO    | TRAIN | epoch=006/030 | batch=03650/05033 | loss=5.635306e-01 | stage_elapsed=00:39:55 | stage_eta=00:15:07 | data_wait=1.33s
2026-09-01 05:02:58 | INFO    | TRAIN | epoch=006/030 | batch=03700/05033 | loss=5.439465e-01 | stage_elapsed=00:40:28 | stage_eta=00:14:35 | data_wait=1.34s
2026-09-01 05:03:32 | INFO    | TRAIN | epoch=006/030 | batch=03750/05033 | loss=6.038077e-01 | stage_elapsed=00:41:02 | stage_eta=00:14:02 | data_wait=1.35s
2026-09-01 05:04:04 | INFO    | TRAIN | epoch=006/030 | batch=03800/05033 | loss=6.169953e-01 | stage_elapsed=00:41:34 | stage_eta=00:13:29 | data_wait=1.37s
2026-09-01 05:04:38 | INFO    | TRAIN | epoch=006/030 | batch=03850/05033 | loss=6.105064e-01 | stage_elapsed=00:42:08 | stage_eta=00:12:57 | data_wait=1.38s
2026-09-01 05:05:12 | INFO    | TRAIN | epoch=006/030 | batch=03900/05033 | loss=5.541490e-01 | stage_elapsed=00:42:42 | stage_eta=00:12:24 | data_wait=1.39s
2026-09-01 05:05:45 | INFO    | TRAIN | epoch=006/030 | batch=03950/05033 | loss=6.275268e-01 | stage_elapsed=00:43:15 | stage_eta=00:11:51 | data_wait=1.40s
2026-09-01 05:06:16 | INFO    | TRAIN | epoch=006/030 | batch=04000/05033 | loss=6.040763e-01 | stage_elapsed=00:43:46 | stage_eta=00:11:18 | data_wait=1.42s
2026-09-01 05:06:50 | INFO    | TRAIN | epoch=006/030 | batch=04050/05033 | loss=6.026033e-01 | stage_elapsed=00:44:20 | stage_eta=00:10:46 | data_wait=1.43s
2026-09-01 05:07:21 | INFO    | TRAIN | epoch=006/030 | batch=04100/05033 | loss=5.241230e-01 | stage_elapsed=00:44:52 | stage_eta=00:10:12 | data_wait=1.45s
2026-09-01 05:07:55 | INFO    | TRAIN | epoch=006/030 | batch=04150/05033 | loss=5.578965e-01 | stage_elapsed=00:45:25 | stage_eta=00:09:40 | data_wait=1.46s
2026-09-01 05:08:29 | INFO    | TRAIN | epoch=006/030 | batch=04200/05033 | loss=6.323256e-01 | stage_elapsed=00:46:00 | stage_eta=00:09:07 | data_wait=1.48s
2026-09-01 05:09:03 | INFO    | TRAIN | epoch=006/030 | batch=04250/05033 | loss=5.541042e-01 | stage_elapsed=00:46:33 | stage_eta=00:08:35 | data_wait=1.49s
2026-09-01 05:09:35 | INFO    | TRAIN | epoch=006/030 | batch=04300/05033 | loss=5.010116e-01 | stage_elapsed=00:47:06 | stage_eta=00:08:02 | data_wait=1.50s
2026-09-01 05:10:08 | INFO    | TRAIN | epoch=006/030 | batch=04350/05033 | loss=6.323729e-01 | stage_elapsed=00:47:38 | stage_eta=00:07:29 | data_wait=1.52s
2026-09-01 05:10:39 | INFO    | TRAIN | epoch=006/030 | batch=04400/05033 | loss=5.689838e-01 | stage_elapsed=00:48:09 | stage_eta=00:06:56 | data_wait=1.54s
2026-09-01 05:11:11 | INFO    | TRAIN | epoch=006/030 | batch=04450/05033 | loss=5.945715e-01 | stage_elapsed=00:48:42 | stage_eta=00:06:23 | data_wait=1.55s
2026-09-01 05:11:45 | INFO    | TRAIN | epoch=006/030 | batch=04500/05033 | loss=4.526379e-01 | stage_elapsed=00:49:15 | stage_eta=00:05:50 | data_wait=1.56s
2026-09-01 05:12:18 | INFO    | TRAIN | epoch=006/030 | batch=04550/05033 | loss=6.040706e-01 | stage_elapsed=00:49:48 | stage_eta=00:05:17 | data_wait=1.58s
2026-09-01 05:12:51 | INFO    | TRAIN | epoch=006/030 | batch=04600/05033 | loss=5.580071e-01 | stage_elapsed=00:50:21 | stage_eta=00:04:44 | data_wait=1.59s
2026-09-01 05:13:25 | INFO    | TRAIN | epoch=006/030 | batch=04650/05033 | loss=6.078267e-01 | stage_elapsed=00:50:55 | stage_eta=00:04:12 | data_wait=1.60s
2026-09-01 05:13:57 | INFO    | TRAIN | epoch=006/030 | batch=04700/05033 | loss=5.988006e-01 | stage_elapsed=00:51:27 | stage_eta=00:03:39 | data_wait=1.61s
2026-09-01 05:14:30 | INFO    | TRAIN | epoch=006/030 | batch=04750/05033 | loss=4.607576e-01 | stage_elapsed=00:52:00 | stage_eta=00:03:06 | data_wait=1.63s
2026-09-01 05:15:01 | INFO    | TRAIN | epoch=006/030 | batch=04800/05033 | loss=5.057343e-01 | stage_elapsed=00:52:31 | stage_eta=00:02:33 | data_wait=1.64s
2026-09-01 05:15:33 | INFO    | TRAIN | epoch=006/030 | batch=04850/05033 | loss=6.459988e-01 | stage_elapsed=00:53:03 | stage_eta=00:02:00 | data_wait=1.66s
2026-09-01 05:16:07 | INFO    | TRAIN | epoch=006/030 | batch=04900/05033 | loss=5.811990e-01 | stage_elapsed=00:53:37 | stage_eta=00:01:27 | data_wait=1.67s
2026-09-01 05:16:41 | INFO    | TRAIN | epoch=006/030 | batch=04950/05033 | loss=6.456501e-01 | stage_elapsed=00:54:11 | stage_eta=00:00:55 | data_wait=1.68s
2026-09-01 05:17:14 | INFO    | TRAIN | epoch=006/030 | batch=05000/05033 | loss=5.117746e-01 | stage_elapsed=00:54:44 | stage_eta=00:00:22 | data_wait=1.69s
2026-09-01 05:17:33 | INFO    | TRAIN | epoch=006/030 | batch=05033/05033 | loss=5.822242e-01 | stage_elapsed=00:55:03 | stage_eta=00:00:00 | data_wait=1.70s
2026-09-01 05:17:49 | INFO    | VAL | epoch=006/030 | batch=00050/00212 | loss=5.314668e-01 | stage_elapsed=00:00:16 | stage_eta=00:00:52 | data_wait=0.34s
2026-09-01 05:18:05 | INFO    | VAL | epoch=006/030 | batch=00100/00212 | loss=5.606138e-01 | stage_elapsed=00:00:32 | stage_eta=00:00:36 | data_wait=0.35s
2026-09-01 05:18:20 | INFO    | VAL | epoch=006/030 | batch=00150/00212 | loss=6.290429e-01 | stage_elapsed=00:00:47 | stage_eta=00:00:19 | data_wait=0.36s
2026-09-01 05:18:36 | INFO    | VAL | epoch=006/030 | batch=00200/00212 | loss=5.501107e-01 | stage_elapsed=00:01:03 | stage_eta=00:00:04 | data_wait=0.37s
2026-09-01 05:18:40 | INFO    | VAL | epoch=006/030 | batch=00212/00212 | loss=7.134249e-01 | stage_elapsed=00:01:07 | stage_eta=00:00:00 | data_wait=0.37s
2026-09-01 05:18:41 | INFO    | Epoch 006 complete | train=5.876505e-01 | val=5.900369e-01 | best=5.900369e-01 | lr=1.000e-03 | epoch_time=00:56:11 | run_elapsed=05:37:56 | eta=22:31:43 | finish=2026-09-02 03:50:24 CST
2026-09-01 05:19:13 | INFO    | TRAIN | epoch=007/030 | batch=00050/05033 | loss=6.105363e-01 | stage_elapsed=00:00:32 | stage_eta=00:52:56 | data_wait=0.35s
2026-09-01 05:19:45 | INFO    | TRAIN | epoch=007/030 | batch=00100/05033 | loss=6.161892e-01 | stage_elapsed=00:01:04 | stage_eta=00:52:25 | data_wait=0.36s
2026-09-01 05:20:18 | INFO    | TRAIN | epoch=007/030 | batch=00150/05033 | loss=5.853099e-01 | stage_elapsed=00:01:38 | stage_eta=00:52:57 | data_wait=0.38s
2026-09-01 05:20:50 | INFO    | TRAIN | epoch=007/030 | batch=00200/05033 | loss=5.446138e-01 | stage_elapsed=00:02:09 | stage_eta=00:52:02 | data_wait=0.39s
2026-09-01 05:21:24 | INFO    | TRAIN | epoch=007/030 | batch=00250/05033 | loss=5.410087e-01 | stage_elapsed=00:02:43 | stage_eta=00:51:59 | data_wait=0.40s
2026-09-01 05:21:58 | INFO    | TRAIN | epoch=007/030 | batch=00300/05033 | loss=5.845226e-01 | stage_elapsed=00:03:17 | stage_eta=00:51:53 | data_wait=0.42s
2026-09-01 05:22:32 | INFO    | TRAIN | epoch=007/030 | batch=00350/05033 | loss=5.818187e-01 | stage_elapsed=00:03:51 | stage_eta=00:51:33 | data_wait=0.43s
2026-09-01 05:23:05 | INFO    | TRAIN | epoch=007/030 | batch=00400/05033 | loss=6.207144e-01 | stage_elapsed=00:04:24 | stage_eta=00:51:01 | data_wait=0.44s
2026-09-01 05:23:37 | INFO    | TRAIN | epoch=007/030 | batch=00450/05033 | loss=5.758095e-01 | stage_elapsed=00:04:56 | stage_eta=00:50:17 | data_wait=0.46s
2026-09-01 05:24:08 | INFO    | TRAIN | epoch=007/030 | batch=00500/05033 | loss=5.177336e-01 | stage_elapsed=00:05:28 | stage_eta=00:49:31 | data_wait=0.48s
2026-09-01 05:24:41 | INFO    | TRAIN | epoch=007/030 | batch=00550/05033 | loss=6.230302e-01 | stage_elapsed=00:06:00 | stage_eta=00:48:55 | data_wait=0.49s
2026-09-01 05:25:13 | INFO    | TRAIN | epoch=007/030 | batch=00600/05033 | loss=6.102886e-01 | stage_elapsed=00:06:33 | stage_eta=00:48:21 | data_wait=0.50s
2026-09-01 05:25:47 | INFO    | TRAIN | epoch=007/030 | batch=00650/05033 | loss=5.867952e-01 | stage_elapsed=00:07:07 | stage_eta=00:47:56 | data_wait=0.51s
2026-09-01 05:26:22 | INFO    | TRAIN | epoch=007/030 | batch=00700/05033 | loss=6.559995e-01 | stage_elapsed=00:07:41 | stage_eta=00:47:35 | data_wait=0.52s
2026-09-01 05:26:55 | INFO    | TRAIN | epoch=007/030 | batch=00750/05033 | loss=5.822472e-01 | stage_elapsed=00:08:14 | stage_eta=00:47:01 | data_wait=0.54s
2026-09-01 05:27:27 | INFO    | TRAIN | epoch=007/030 | batch=00800/05033 | loss=6.867415e-01 | stage_elapsed=00:08:46 | stage_eta=00:46:24 | data_wait=0.55s
2026-09-01 05:28:00 | INFO    | TRAIN | epoch=007/030 | batch=00850/05033 | loss=5.180497e-01 | stage_elapsed=00:09:19 | stage_eta=00:45:52 | data_wait=0.57s
2026-09-01 05:28:32 | INFO    | TRAIN | epoch=007/030 | batch=00900/05033 | loss=5.688568e-01 | stage_elapsed=00:09:51 | stage_eta=00:45:14 | data_wait=0.59s
2026-09-01 05:29:05 | INFO    | TRAIN | epoch=007/030 | batch=00950/05033 | loss=5.557495e-01 | stage_elapsed=00:10:25 | stage_eta=00:44:45 | data_wait=0.60s
2026-09-01 05:29:39 | INFO    | TRAIN | epoch=007/030 | batch=01000/05033 | loss=4.645533e-01 | stage_elapsed=00:10:59 | stage_eta=00:44:16 | data_wait=0.61s
2026-09-01 05:30:12 | INFO    | TRAIN | epoch=007/030 | batch=01050/05033 | loss=7.170593e-01 | stage_elapsed=00:11:31 | stage_eta=00:43:42 | data_wait=0.62s
2026-09-01 05:30:44 | INFO    | TRAIN | epoch=007/030 | batch=01100/05033 | loss=5.733937e-01 | stage_elapsed=00:12:04 | stage_eta=00:43:08 | data_wait=0.64s
2026-09-01 05:31:17 | INFO    | TRAIN | epoch=007/030 | batch=01150/05033 | loss=5.582832e-01 | stage_elapsed=00:12:36 | stage_eta=00:42:34 | data_wait=0.65s
2026-09-01 05:31:52 | INFO    | TRAIN | epoch=007/030 | batch=01200/05033 | loss=6.570787e-01 | stage_elapsed=00:13:11 | stage_eta=00:42:06 | data_wait=0.66s
2026-09-01 05:32:24 | INFO    | TRAIN | epoch=007/030 | batch=01250/05033 | loss=5.687656e-01 | stage_elapsed=00:13:43 | stage_eta=00:41:31 | data_wait=0.68s
2026-09-01 05:32:55 | INFO    | TRAIN | epoch=007/030 | batch=01300/05033 | loss=5.991448e-01 | stage_elapsed=00:14:14 | stage_eta=00:40:53 | data_wait=0.70s
2026-09-01 05:33:29 | INFO    | TRAIN | epoch=007/030 | batch=01350/05033 | loss=5.289090e-01 | stage_elapsed=00:14:48 | stage_eta=00:40:23 | data_wait=0.71s
2026-09-01 05:34:02 | INFO    | TRAIN | epoch=007/030 | batch=01400/05033 | loss=6.140279e-01 | stage_elapsed=00:15:21 | stage_eta=00:39:49 | data_wait=0.72s
2026-09-01 05:34:34 | INFO    | TRAIN | epoch=007/030 | batch=01450/05033 | loss=6.866868e-01 | stage_elapsed=00:15:53 | stage_eta=00:39:16 | data_wait=0.74s
2026-09-01 05:35:07 | INFO    | TRAIN | epoch=007/030 | batch=01500/05033 | loss=6.221273e-01 | stage_elapsed=00:16:26 | stage_eta=00:38:43 | data_wait=0.75s
2026-09-01 05:35:40 | INFO    | TRAIN | epoch=007/030 | batch=01550/05033 | loss=5.637876e-01 | stage_elapsed=00:17:00 | stage_eta=00:38:11 | data_wait=0.76s
2026-09-01 05:36:15 | INFO    | TRAIN | epoch=007/030 | batch=01600/05033 | loss=6.271672e-01 | stage_elapsed=00:17:34 | stage_eta=00:37:41 | data_wait=0.77s
2026-09-01 05:36:48 | INFO    | TRAIN | epoch=007/030 | batch=01650/05033 | loss=5.298882e-01 | stage_elapsed=00:18:08 | stage_eta=00:37:10 | data_wait=0.79s
2026-09-01 05:37:19 | INFO    | TRAIN | epoch=007/030 | batch=01700/05033 | loss=5.110351e-01 | stage_elapsed=00:18:38 | stage_eta=00:36:33 | data_wait=0.81s
2026-09-01 05:37:50 | INFO    | TRAIN | epoch=007/030 | batch=01750/05033 | loss=5.629952e-01 | stage_elapsed=00:19:10 | stage_eta=00:35:57 | data_wait=0.84s
2026-09-01 05:38:25 | INFO    | TRAIN | epoch=007/030 | batch=01800/05033 | loss=5.627364e-01 | stage_elapsed=00:19:44 | stage_eta=00:35:27 | data_wait=0.85s
2026-09-01 05:38:59 | INFO    | TRAIN | epoch=007/030 | batch=01850/05033 | loss=6.189358e-01 | stage_elapsed=00:20:19 | stage_eta=00:34:57 | data_wait=0.86s
2026-09-01 05:39:33 | INFO    | TRAIN | epoch=007/030 | batch=01900/05033 | loss=6.551692e-01 | stage_elapsed=00:20:53 | stage_eta=00:34:25 | data_wait=0.87s
2026-09-01 05:40:07 | INFO    | TRAIN | epoch=007/030 | batch=01950/05033 | loss=5.690240e-01 | stage_elapsed=00:21:26 | stage_eta=00:33:53 | data_wait=0.88s
2026-09-01 05:40:39 | INFO    | TRAIN | epoch=007/030 | batch=02000/05033 | loss=5.482208e-01 | stage_elapsed=00:21:59 | stage_eta=00:33:20 | data_wait=0.90s
2026-09-01 05:41:12 | INFO    | TRAIN | epoch=007/030 | batch=02050/05033 | loss=6.152188e-01 | stage_elapsed=00:22:31 | stage_eta=00:32:46 | data_wait=0.91s
2026-09-01 05:41:44 | INFO    | TRAIN | epoch=007/030 | batch=02100/05033 | loss=4.942853e-01 | stage_elapsed=00:23:03 | stage_eta=00:32:12 | data_wait=0.93s
2026-09-01 05:42:16 | INFO    | TRAIN | epoch=007/030 | batch=02150/05033 | loss=7.024000e-01 | stage_elapsed=00:23:35 | stage_eta=00:31:38 | data_wait=0.95s
2026-09-01 05:42:49 | INFO    | TRAIN | epoch=007/030 | batch=02200/05033 | loss=5.216634e-01 | stage_elapsed=00:24:08 | stage_eta=00:31:04 | data_wait=0.96s
2026-09-01 05:43:22 | INFO    | TRAIN | epoch=007/030 | batch=02250/05033 | loss=5.872849e-01 | stage_elapsed=00:24:41 | stage_eta=00:30:32 | data_wait=0.97s
2026-09-01 05:43:57 | INFO    | TRAIN | epoch=007/030 | batch=02300/05033 | loss=5.828437e-01 | stage_elapsed=00:25:16 | stage_eta=00:30:01 | data_wait=0.98s
2026-09-01 05:44:28 | INFO    | TRAIN | epoch=007/030 | batch=02350/05033 | loss=5.313302e-01 | stage_elapsed=00:25:47 | stage_eta=00:29:27 | data_wait=1.00s
2026-09-01 05:45:01 | INFO    | TRAIN | epoch=007/030 | batch=02400/05033 | loss=6.142114e-01 | stage_elapsed=00:26:21 | stage_eta=00:28:54 | data_wait=1.01s
2026-09-01 05:45:34 | INFO    | TRAIN | epoch=007/030 | batch=02450/05033 | loss=5.928038e-01 | stage_elapsed=00:26:53 | stage_eta=00:28:21 | data_wait=1.02s
2026-09-01 05:46:06 | INFO    | TRAIN | epoch=007/030 | batch=02500/05033 | loss=5.368135e-01 | stage_elapsed=00:27:25 | stage_eta=00:27:47 | data_wait=1.04s
2026-09-01 05:46:39 | INFO    | TRAIN | epoch=007/030 | batch=02550/05033 | loss=5.955204e-01 | stage_elapsed=00:27:58 | stage_eta=00:27:14 | data_wait=1.05s
2026-09-01 05:47:13 | INFO    | TRAIN | epoch=007/030 | batch=02600/05033 | loss=5.869629e-01 | stage_elapsed=00:28:32 | stage_eta=00:26:42 | data_wait=1.07s
2026-09-01 05:47:45 | INFO    | TRAIN | epoch=007/030 | batch=02650/05033 | loss=5.773908e-01 | stage_elapsed=00:29:04 | stage_eta=00:26:09 | data_wait=1.08s
2026-09-01 05:48:18 | INFO    | TRAIN | epoch=007/030 | batch=02700/05033 | loss=5.531584e-01 | stage_elapsed=00:29:38 | stage_eta=00:25:36 | data_wait=1.10s
2026-09-01 05:48:53 | INFO    | TRAIN | epoch=007/030 | batch=02750/05033 | loss=6.008847e-01 | stage_elapsed=00:30:12 | stage_eta=00:25:04 | data_wait=1.11s
2026-09-01 05:49:26 | INFO    | TRAIN | epoch=007/030 | batch=02800/05033 | loss=5.238606e-01 | stage_elapsed=00:30:45 | stage_eta=00:24:32 | data_wait=1.12s
2026-09-01 05:49:59 | INFO    | TRAIN | epoch=007/030 | batch=02850/05033 | loss=5.153548e-01 | stage_elapsed=00:31:18 | stage_eta=00:23:58 | data_wait=1.14s
2026-09-01 05:50:31 | INFO    | TRAIN | epoch=007/030 | batch=02900/05033 | loss=5.311968e-01 | stage_elapsed=00:31:50 | stage_eta=00:23:25 | data_wait=1.15s
2026-09-01 05:51:03 | INFO    | TRAIN | epoch=007/030 | batch=02950/05033 | loss=5.618036e-01 | stage_elapsed=00:32:23 | stage_eta=00:22:52 | data_wait=1.17s
2026-09-01 05:51:36 | INFO    | TRAIN | epoch=007/030 | batch=03000/05033 | loss=5.136781e-01 | stage_elapsed=00:32:55 | stage_eta=00:22:19 | data_wait=1.18s
2026-09-01 05:52:10 | INFO    | TRAIN | epoch=007/030 | batch=03050/05033 | loss=5.112383e-01 | stage_elapsed=00:33:30 | stage_eta=00:21:47 | data_wait=1.19s
2026-09-01 05:52:44 | INFO    | TRAIN | epoch=007/030 | batch=03100/05033 | loss=6.211421e-01 | stage_elapsed=00:34:03 | stage_eta=00:21:14 | data_wait=1.20s
2026-09-01 05:53:16 | INFO    | TRAIN | epoch=007/030 | batch=03150/05033 | loss=5.458026e-01 | stage_elapsed=00:34:36 | stage_eta=00:20:41 | data_wait=1.21s
2026-09-01 05:53:50 | INFO    | TRAIN | epoch=007/030 | batch=03200/05033 | loss=7.003131e-01 | stage_elapsed=00:35:09 | stage_eta=00:20:08 | data_wait=1.22s
2026-09-01 05:54:21 | INFO    | TRAIN | epoch=007/030 | batch=03250/05033 | loss=6.098961e-01 | stage_elapsed=00:35:40 | stage_eta=00:19:34 | data_wait=1.24s
2026-09-01 05:54:52 | INFO    | TRAIN | epoch=007/030 | batch=03300/05033 | loss=5.954658e-01 | stage_elapsed=00:36:11 | stage_eta=00:19:00 | data_wait=1.26s
2026-09-01 05:55:24 | INFO    | TRAIN | epoch=007/030 | batch=03350/05033 | loss=5.854193e-01 | stage_elapsed=00:36:43 | stage_eta=00:18:27 | data_wait=1.27s
2026-09-01 05:55:59 | INFO    | TRAIN | epoch=007/030 | batch=03400/05033 | loss=6.694837e-01 | stage_elapsed=00:37:18 | stage_eta=00:17:55 | data_wait=1.29s
2026-09-01 05:56:33 | INFO    | TRAIN | epoch=007/030 | batch=03450/05033 | loss=5.903944e-01 | stage_elapsed=00:37:52 | stage_eta=00:17:22 | data_wait=1.30s
2026-09-01 05:57:06 | INFO    | TRAIN | epoch=007/030 | batch=03500/05033 | loss=6.256767e-01 | stage_elapsed=00:38:25 | stage_eta=00:16:50 | data_wait=1.31s
2026-09-01 05:57:39 | INFO    | TRAIN | epoch=007/030 | batch=03550/05033 | loss=5.892245e-01 | stage_elapsed=00:38:58 | stage_eta=00:16:17 | data_wait=1.32s
2026-09-01 05:58:12 | INFO    | TRAIN | epoch=007/030 | batch=03600/05033 | loss=6.530017e-01 | stage_elapsed=00:39:31 | stage_eta=00:15:44 | data_wait=1.33s
2026-09-01 05:58:45 | INFO    | TRAIN | epoch=007/030 | batch=03650/05033 | loss=5.865953e-01 | stage_elapsed=00:40:04 | stage_eta=00:15:11 | data_wait=1.35s
2026-09-01 05:59:17 | INFO    | TRAIN | epoch=007/030 | batch=03700/05033 | loss=5.694966e-01 | stage_elapsed=00:40:37 | stage_eta=00:14:38 | data_wait=1.37s
2026-09-01 05:59:50 | INFO    | TRAIN | epoch=007/030 | batch=03750/05033 | loss=4.874533e-01 | stage_elapsed=00:41:10 | stage_eta=00:14:05 | data_wait=1.38s
2026-09-01 06:00:24 | INFO    | TRAIN | epoch=007/030 | batch=03800/05033 | loss=5.810823e-01 | stage_elapsed=00:41:43 | stage_eta=00:13:32 | data_wait=1.39s
2026-09-01 06:00:57 | INFO    | TRAIN | epoch=007/030 | batch=03850/05033 | loss=5.048618e-01 | stage_elapsed=00:42:16 | stage_eta=00:12:59 | data_wait=1.40s
2026-09-01 06:01:30 | INFO    | TRAIN | epoch=007/030 | batch=03900/05033 | loss=5.714965e-01 | stage_elapsed=00:42:49 | stage_eta=00:12:26 | data_wait=1.41s
2026-09-01 06:02:04 | INFO    | TRAIN | epoch=007/030 | batch=03950/05033 | loss=5.810542e-01 | stage_elapsed=00:43:23 | stage_eta=00:11:54 | data_wait=1.42s
2026-09-01 06:02:36 | INFO    | TRAIN | epoch=007/030 | batch=04000/05033 | loss=6.446224e-01 | stage_elapsed=00:43:56 | stage_eta=00:11:21 | data_wait=1.43s
2026-09-01 06:03:10 | INFO    | TRAIN | epoch=007/030 | batch=04050/05033 | loss=5.126427e-01 | stage_elapsed=00:44:29 | stage_eta=00:10:48 | data_wait=1.45s
2026-09-01 06:03:41 | INFO    | TRAIN | epoch=007/030 | batch=04100/05033 | loss=5.715868e-01 | stage_elapsed=00:45:01 | stage_eta=00:10:15 | data_wait=1.47s
2026-09-01 06:04:14 | INFO    | TRAIN | epoch=007/030 | batch=04150/05033 | loss=6.029254e-01 | stage_elapsed=00:45:33 | stage_eta=00:09:42 | data_wait=1.48s
2026-09-01 06:04:46 | INFO    | TRAIN | epoch=007/030 | batch=04200/05033 | loss=5.883139e-01 | stage_elapsed=00:46:05 | stage_eta=00:09:08 | data_wait=1.50s
2026-09-01 06:05:20 | INFO    | TRAIN | epoch=007/030 | batch=04250/05033 | loss=6.404074e-01 | stage_elapsed=00:46:39 | stage_eta=00:08:36 | data_wait=1.51s
2026-09-01 06:05:54 | INFO    | TRAIN | epoch=007/030 | batch=04300/05033 | loss=7.028649e-01 | stage_elapsed=00:47:14 | stage_eta=00:08:03 | data_wait=1.52s
2026-09-01 06:06:28 | INFO    | TRAIN | epoch=007/030 | batch=04350/05033 | loss=5.574968e-01 | stage_elapsed=00:47:47 | stage_eta=00:07:30 | data_wait=1.53s
2026-09-01 06:07:01 | INFO    | TRAIN | epoch=007/030 | batch=04400/05033 | loss=5.978715e-01 | stage_elapsed=00:48:20 | stage_eta=00:06:57 | data_wait=1.55s
2026-09-01 06:07:34 | INFO    | TRAIN | epoch=007/030 | batch=04450/05033 | loss=5.571520e-01 | stage_elapsed=00:48:53 | stage_eta=00:06:24 | data_wait=1.56s
2026-09-01 06:08:04 | INFO    | TRAIN | epoch=007/030 | batch=04500/05033 | loss=5.804831e-01 | stage_elapsed=00:49:23 | stage_eta=00:05:51 | data_wait=1.58s
2026-09-01 06:08:37 | INFO    | TRAIN | epoch=007/030 | batch=04550/05033 | loss=5.103675e-01 | stage_elapsed=00:49:57 | stage_eta=00:05:18 | data_wait=1.60s
2026-09-01 06:09:11 | INFO    | TRAIN | epoch=007/030 | batch=04600/05033 | loss=5.876039e-01 | stage_elapsed=00:50:30 | stage_eta=00:04:45 | data_wait=1.61s
2026-09-01 06:09:44 | INFO    | TRAIN | epoch=007/030 | batch=04650/05033 | loss=6.689541e-01 | stage_elapsed=00:51:03 | stage_eta=00:04:12 | data_wait=1.62s
2026-09-01 06:10:17 | INFO    | TRAIN | epoch=007/030 | batch=04700/05033 | loss=5.428994e-01 | stage_elapsed=00:51:37 | stage_eta=00:03:39 | data_wait=1.63s
2026-09-01 06:10:51 | INFO    | TRAIN | epoch=007/030 | batch=04750/05033 | loss=5.496970e-01 | stage_elapsed=00:52:11 | stage_eta=00:03:07 | data_wait=1.64s
2026-09-01 06:11:23 | INFO    | TRAIN | epoch=007/030 | batch=04800/05033 | loss=5.982858e-01 | stage_elapsed=00:52:42 | stage_eta=00:02:34 | data_wait=1.66s
2026-09-01 06:11:55 | INFO    | TRAIN | epoch=007/030 | batch=04850/05033 | loss=6.726699e-01 | stage_elapsed=00:53:14 | stage_eta=00:02:01 | data_wait=1.68s
2026-09-01 06:12:28 | INFO    | TRAIN | epoch=007/030 | batch=04900/05033 | loss=5.499377e-01 | stage_elapsed=00:53:47 | stage_eta=00:01:28 | data_wait=1.70s
2026-09-01 06:13:01 | INFO    | TRAIN | epoch=007/030 | batch=04950/05033 | loss=5.581429e-01 | stage_elapsed=00:54:20 | stage_eta=00:00:55 | data_wait=1.71s
2026-09-01 06:13:35 | INFO    | TRAIN | epoch=007/030 | batch=05000/05033 | loss=5.272859e-01 | stage_elapsed=00:54:54 | stage_eta=00:00:22 | data_wait=1.72s
2026-09-01 06:13:57 | INFO    | TRAIN | epoch=007/030 | batch=05033/05033 | loss=5.391340e-01 | stage_elapsed=00:55:16 | stage_eta=00:00:00 | data_wait=1.73s
2026-09-01 06:14:12 | INFO    | VAL | epoch=007/030 | batch=00050/00212 | loss=5.265823e-01 | stage_elapsed=00:00:16 | stage_eta=00:00:51 | data_wait=0.35s
2026-09-01 06:14:28 | INFO    | VAL | epoch=007/030 | batch=00100/00212 | loss=5.545094e-01 | stage_elapsed=00:00:31 | stage_eta=00:00:35 | data_wait=0.36s
2026-09-01 06:14:42 | INFO    | VAL | epoch=007/030 | batch=00150/00212 | loss=6.216714e-01 | stage_elapsed=00:00:46 | stage_eta=00:00:19 | data_wait=0.37s
2026-09-01 06:14:57 | INFO    | VAL | epoch=007/030 | batch=00200/00212 | loss=5.569463e-01 | stage_elapsed=00:01:01 | stage_eta=00:00:04 | data_wait=0.39s
2026-09-01 06:15:00 | INFO    | VAL | epoch=007/030 | batch=00212/00212 | loss=7.183020e-01 | stage_elapsed=00:01:04 | stage_eta=00:00:00 | data_wait=0.39s
2026-09-01 06:15:01 | INFO    | Epoch 007 complete | train=5.763222e-01 | val=5.864347e-01 | best=5.864347e-01 | lr=1.000e-03 | epoch_time=00:56:21 | run_elapsed=06:34:16 | eta=21:35:28 | finish=2026-09-02 03:50:29 CST
2026-09-01 06:15:34 | INFO    | TRAIN | epoch=008/030 | batch=00050/05033 | loss=5.729197e-01 | stage_elapsed=00:00:33 | stage_eta=00:54:53 | data_wait=0.33s
2026-09-01 06:16:07 | INFO    | TRAIN | epoch=008/030 | batch=00100/05033 | loss=5.490540e-01 | stage_elapsed=00:01:06 | stage_eta=00:54:12 | data_wait=0.34s
2026-09-01 06:16:39 | INFO    | TRAIN | epoch=008/030 | batch=00150/05033 | loss=6.601936e-01 | stage_elapsed=00:01:38 | stage_eta=00:53:04 | data_wait=0.36s
2026-09-01 06:17:12 | INFO    | TRAIN | epoch=008/030 | batch=00200/05033 | loss=6.250666e-01 | stage_elapsed=00:02:10 | stage_eta=00:52:29 | data_wait=0.37s
2026-09-01 06:17:45 | INFO    | TRAIN | epoch=008/030 | batch=00250/05033 | loss=5.071936e-01 | stage_elapsed=00:02:43 | stage_eta=00:52:06 | data_wait=0.38s
2026-09-01 06:18:16 | INFO    | TRAIN | epoch=008/030 | batch=00300/05033 | loss=5.618821e-01 | stage_elapsed=00:03:14 | stage_eta=00:51:07 | data_wait=0.40s
2026-09-01 06:18:49 | INFO    | TRAIN | epoch=008/030 | batch=00350/05033 | loss=5.718904e-01 | stage_elapsed=00:03:48 | stage_eta=00:50:52 | data_wait=0.41s
2026-09-01 06:19:23 | INFO    | TRAIN | epoch=008/030 | batch=00400/05033 | loss=6.316279e-01 | stage_elapsed=00:04:22 | stage_eta=00:50:33 | data_wait=0.42s
2026-09-01 06:19:57 | INFO    | TRAIN | epoch=008/030 | batch=00450/05033 | loss=6.168801e-01 | stage_elapsed=00:04:55 | stage_eta=00:50:09 | data_wait=0.43s
2026-09-01 06:20:30 | INFO    | TRAIN | epoch=008/030 | batch=00500/05033 | loss=5.398127e-01 | stage_elapsed=00:05:28 | stage_eta=00:49:35 | data_wait=0.44s
2026-09-01 06:21:01 | INFO    | TRAIN | epoch=008/030 | batch=00550/05033 | loss=5.367121e-01 | stage_elapsed=00:05:59 | stage_eta=00:48:49 | data_wait=0.46s
2026-09-01 06:21:32 | INFO    | TRAIN | epoch=008/030 | batch=00600/05033 | loss=6.278566e-01 | stage_elapsed=00:06:30 | stage_eta=00:48:04 | data_wait=0.48s
2026-09-01 06:22:04 | INFO    | TRAIN | epoch=008/030 | batch=00650/05033 | loss=5.441685e-01 | stage_elapsed=00:07:03 | stage_eta=00:47:33 | data_wait=0.50s
2026-09-01 06:22:39 | INFO    | TRAIN | epoch=008/030 | batch=00700/05033 | loss=5.859826e-01 | stage_elapsed=00:07:38 | stage_eta=00:47:12 | data_wait=0.51s
2026-09-01 06:23:12 | INFO    | TRAIN | epoch=008/030 | batch=00750/05033 | loss=6.265958e-01 | stage_elapsed=00:08:10 | stage_eta=00:46:41 | data_wait=0.52s
2026-09-01 06:23:44 | INFO    | TRAIN | epoch=008/030 | batch=00800/05033 | loss=6.590827e-01 | stage_elapsed=00:08:43 | stage_eta=00:46:07 | data_wait=0.53s
2026-09-01 06:24:18 | INFO    | TRAIN | epoch=008/030 | batch=00850/05033 | loss=5.171789e-01 | stage_elapsed=00:09:17 | stage_eta=00:45:40 | data_wait=0.54s
2026-09-01 06:24:51 | INFO    | TRAIN | epoch=008/030 | batch=00900/05033 | loss=5.694015e-01 | stage_elapsed=00:09:49 | stage_eta=00:45:07 | data_wait=0.56s
2026-09-01 06:25:22 | INFO    | TRAIN | epoch=008/030 | batch=00950/05033 | loss=4.727227e-01 | stage_elapsed=00:10:20 | stage_eta=00:44:26 | data_wait=0.57s
2026-09-01 06:25:54 | INFO    | TRAIN | epoch=008/030 | batch=01000/05033 | loss=5.852274e-01 | stage_elapsed=00:10:52 | stage_eta=00:43:51 | data_wait=0.59s
2026-09-01 06:26:28 | INFO    | TRAIN | epoch=008/030 | batch=01050/05033 | loss=6.101500e-01 | stage_elapsed=00:11:27 | stage_eta=00:43:25 | data_wait=0.60s
2026-09-01 06:27:02 | INFO    | TRAIN | epoch=008/030 | batch=01100/05033 | loss=5.174770e-01 | stage_elapsed=00:12:01 | stage_eta=00:42:56 | data_wait=0.61s
2026-09-01 06:27:36 | INFO    | TRAIN | epoch=008/030 | batch=01150/05033 | loss=5.366119e-01 | stage_elapsed=00:12:34 | stage_eta=00:42:27 | data_wait=0.62s
2026-09-01 06:28:08 | INFO    | TRAIN | epoch=008/030 | batch=01200/05033 | loss=5.371276e-01 | stage_elapsed=00:13:07 | stage_eta=00:41:54 | data_wait=0.63s
2026-09-01 06:28:41 | INFO    | TRAIN | epoch=008/030 | batch=01250/05033 | loss=5.357461e-01 | stage_elapsed=00:13:39 | stage_eta=00:41:20 | data_wait=0.65s
2026-09-01 06:29:14 | INFO    | TRAIN | epoch=008/030 | batch=01300/05033 | loss=6.602938e-01 | stage_elapsed=00:14:13 | stage_eta=00:40:50 | data_wait=0.66s
2026-09-01 06:29:47 | INFO    | TRAIN | epoch=008/030 | batch=01350/05033 | loss=5.208486e-01 | stage_elapsed=00:14:46 | stage_eta=00:40:16 | data_wait=0.68s
2026-09-01 06:30:19 | INFO    | TRAIN | epoch=008/030 | batch=01400/05033 | loss=6.390345e-01 | stage_elapsed=00:15:18 | stage_eta=00:39:42 | data_wait=0.70s
2026-09-01 06:30:52 | INFO    | TRAIN | epoch=008/030 | batch=01450/05033 | loss=5.638894e-01 | stage_elapsed=00:15:51 | stage_eta=00:39:10 | data_wait=0.71s
2026-09-01 06:31:26 | INFO    | TRAIN | epoch=008/030 | batch=01500/05033 | loss=5.456437e-01 | stage_elapsed=00:16:25 | stage_eta=00:38:40 | data_wait=0.72s
2026-09-01 06:31:58 | INFO    | TRAIN | epoch=008/030 | batch=01550/05033 | loss=6.310507e-01 | stage_elapsed=00:16:56 | stage_eta=00:38:03 | data_wait=0.74s
2026-09-01 06:32:31 | INFO    | TRAIN | epoch=008/030 | batch=01600/05033 | loss=5.597098e-01 | stage_elapsed=00:17:30 | stage_eta=00:37:33 | data_wait=0.75s
2026-09-01 06:33:05 | INFO    | TRAIN | epoch=008/030 | batch=01650/05033 | loss=4.676722e-01 | stage_elapsed=00:18:03 | stage_eta=00:37:01 | data_wait=0.76s
2026-09-01 06:33:38 | INFO    | TRAIN | epoch=008/030 | batch=01700/05033 | loss=5.553975e-01 | stage_elapsed=00:18:36 | stage_eta=00:36:29 | data_wait=0.77s
2026-09-01 06:34:10 | INFO    | TRAIN | epoch=008/030 | batch=01750/05033 | loss=5.731159e-01 | stage_elapsed=00:19:09 | stage_eta=00:35:55 | data_wait=0.79s
2026-09-01 06:34:41 | INFO    | TRAIN | epoch=008/030 | batch=01800/05033 | loss=5.457879e-01 | stage_elapsed=00:19:40 | stage_eta=00:35:19 | data_wait=0.81s
2026-09-01 06:35:14 | INFO    | TRAIN | epoch=008/030 | batch=01850/05033 | loss=4.926278e-01 | stage_elapsed=00:20:13 | stage_eta=00:34:46 | data_wait=0.83s
2026-09-01 06:35:46 | INFO    | TRAIN | epoch=008/030 | batch=01900/05033 | loss=5.831449e-01 | stage_elapsed=00:20:45 | stage_eta=00:34:13 | data_wait=0.84s
2026-09-01 06:36:21 | INFO    | TRAIN | epoch=008/030 | batch=01950/05033 | loss=5.356706e-01 | stage_elapsed=00:21:19 | stage_eta=00:33:43 | data_wait=0.85s
2026-09-01 06:36:54 | INFO    | TRAIN | epoch=008/030 | batch=02000/05033 | loss=6.427808e-01 | stage_elapsed=00:21:53 | stage_eta=00:33:11 | data_wait=0.87s
2026-09-01 06:37:27 | INFO    | TRAIN | epoch=008/030 | batch=02050/05033 | loss=5.857483e-01 | stage_elapsed=00:22:25 | stage_eta=00:32:38 | data_wait=0.88s
2026-09-01 06:38:01 | INFO    | TRAIN | epoch=008/030 | batch=02100/05033 | loss=5.620202e-01 | stage_elapsed=00:23:00 | stage_eta=00:32:07 | data_wait=0.89s
2026-09-01 06:38:33 | INFO    | TRAIN | epoch=008/030 | batch=02150/05033 | loss=5.601624e-01 | stage_elapsed=00:23:31 | stage_eta=00:31:33 | data_wait=0.90s
2026-09-01 06:39:03 | INFO    | TRAIN | epoch=008/030 | batch=02200/05033 | loss=5.538585e-01 | stage_elapsed=00:24:02 | stage_eta=00:30:57 | data_wait=0.92s
2026-09-01 06:39:36 | INFO    | TRAIN | epoch=008/030 | batch=02250/05033 | loss=5.357069e-01 | stage_elapsed=00:24:35 | stage_eta=00:30:24 | data_wait=0.94s
2026-09-01 06:40:09 | INFO    | TRAIN | epoch=008/030 | batch=02300/05033 | loss=4.271805e-01 | stage_elapsed=00:25:08 | stage_eta=00:29:52 | data_wait=0.95s
2026-09-01 06:40:43 | INFO    | TRAIN | epoch=008/030 | batch=02350/05033 | loss=6.276322e-01 | stage_elapsed=00:25:42 | stage_eta=00:29:20 | data_wait=0.96s
2026-09-01 06:41:17 | INFO    | TRAIN | epoch=008/030 | batch=02400/05033 | loss=5.437369e-01 | stage_elapsed=00:26:16 | stage_eta=00:28:49 | data_wait=0.97s
2026-09-01 06:41:49 | INFO    | TRAIN | epoch=008/030 | batch=02450/05033 | loss=5.462034e-01 | stage_elapsed=00:26:48 | stage_eta=00:28:15 | data_wait=0.99s
2026-09-01 06:42:21 | INFO    | TRAIN | epoch=008/030 | batch=02500/05033 | loss=5.148157e-01 | stage_elapsed=00:27:20 | stage_eta=00:27:42 | data_wait=1.00s
2026-09-01 06:42:55 | INFO    | TRAIN | epoch=008/030 | batch=02550/05033 | loss=5.338640e-01 | stage_elapsed=00:27:54 | stage_eta=00:27:10 | data_wait=1.01s
2026-09-01 06:43:28 | INFO    | TRAIN | epoch=008/030 | batch=02600/05033 | loss=4.002517e-01 | stage_elapsed=00:28:27 | stage_eta=00:26:37 | data_wait=1.02s
2026-09-01 06:44:00 | INFO    | TRAIN | epoch=008/030 | batch=02650/05033 | loss=5.539714e-01 | stage_elapsed=00:28:59 | stage_eta=00:26:04 | data_wait=1.03s
2026-09-01 06:44:32 | INFO    | TRAIN | epoch=008/030 | batch=02700/05033 | loss=5.297305e-01 | stage_elapsed=00:29:30 | stage_eta=00:25:30 | data_wait=1.05s
2026-09-01 06:45:05 | INFO    | TRAIN | epoch=008/030 | batch=02750/05033 | loss=6.318448e-01 | stage_elapsed=00:30:03 | stage_eta=00:24:57 | data_wait=1.07s
2026-09-01 06:45:36 | INFO    | TRAIN | epoch=008/030 | batch=02800/05033 | loss=5.604861e-01 | stage_elapsed=00:30:35 | stage_eta=00:24:23 | data_wait=1.08s
2026-09-01 06:46:10 | INFO    | TRAIN | epoch=008/030 | batch=02850/05033 | loss=5.850160e-01 | stage_elapsed=00:31:09 | stage_eta=00:23:51 | data_wait=1.09s
2026-09-01 06:46:44 | INFO    | TRAIN | epoch=008/030 | batch=02900/05033 | loss=5.719939e-01 | stage_elapsed=00:31:43 | stage_eta=00:23:19 | data_wait=1.10s
2026-09-01 06:47:17 | INFO    | TRAIN | epoch=008/030 | batch=02950/05033 | loss=5.897694e-01 | stage_elapsed=00:32:16 | stage_eta=00:22:47 | data_wait=1.11s
2026-09-01 06:47:50 | INFO    | TRAIN | epoch=008/030 | batch=03000/05033 | loss=5.579350e-01 | stage_elapsed=00:32:48 | stage_eta=00:22:14 | data_wait=1.12s
2026-09-01 06:48:23 | INFO    | TRAIN | epoch=008/030 | batch=03050/05033 | loss=4.982663e-01 | stage_elapsed=00:33:22 | stage_eta=00:21:42 | data_wait=1.14s
2026-09-01 06:48:55 | INFO    | TRAIN | epoch=008/030 | batch=03100/05033 | loss=5.686127e-01 | stage_elapsed=00:33:54 | stage_eta=00:21:08 | data_wait=1.15s
2026-09-01 06:49:28 | INFO    | TRAIN | epoch=008/030 | batch=03150/05033 | loss=5.599762e-01 | stage_elapsed=00:34:26 | stage_eta=00:20:35 | data_wait=1.17s
2026-09-01 06:50:00 | INFO    | TRAIN | epoch=008/030 | batch=03200/05033 | loss=5.948502e-01 | stage_elapsed=00:34:58 | stage_eta=00:20:02 | data_wait=1.18s
2026-09-01 06:50:33 | INFO    | TRAIN | epoch=008/030 | batch=03250/05033 | loss=5.885851e-01 | stage_elapsed=00:35:32 | stage_eta=00:19:30 | data_wait=1.19s
2026-09-01 06:51:06 | INFO    | TRAIN | epoch=008/030 | batch=03300/05033 | loss=6.282751e-01 | stage_elapsed=00:36:05 | stage_eta=00:18:57 | data_wait=1.20s
2026-09-01 06:51:39 | INFO    | TRAIN | epoch=008/030 | batch=03350/05033 | loss=5.923277e-01 | stage_elapsed=00:36:38 | stage_eta=00:18:24 | data_wait=1.21s
2026-09-01 06:52:11 | INFO    | TRAIN | epoch=008/030 | batch=03400/05033 | loss=5.979336e-01 | stage_elapsed=00:37:10 | stage_eta=00:17:51 | data_wait=1.23s
2026-09-01 06:52:44 | INFO    | TRAIN | epoch=008/030 | batch=03450/05033 | loss=5.787443e-01 | stage_elapsed=00:37:43 | stage_eta=00:17:18 | data_wait=1.24s
2026-09-01 06:53:18 | INFO    | TRAIN | epoch=008/030 | batch=03500/05033 | loss=5.883139e-01 | stage_elapsed=00:38:16 | stage_eta=00:16:46 | data_wait=1.25s
2026-09-01 06:53:52 | INFO    | TRAIN | epoch=008/030 | batch=03550/05033 | loss=6.077749e-01 | stage_elapsed=00:38:50 | stage_eta=00:16:13 | data_wait=1.26s
2026-09-01 06:54:23 | INFO    | TRAIN | epoch=008/030 | batch=03600/05033 | loss=5.743572e-01 | stage_elapsed=00:39:22 | stage_eta=00:15:40 | data_wait=1.28s
2026-09-01 06:54:55 | INFO    | TRAIN | epoch=008/030 | batch=03650/05033 | loss=5.431170e-01 | stage_elapsed=00:39:54 | stage_eta=00:15:07 | data_wait=1.30s
2026-09-01 06:55:28 | INFO    | TRAIN | epoch=008/030 | batch=03700/05033 | loss=6.039553e-01 | stage_elapsed=00:40:26 | stage_eta=00:14:34 | data_wait=1.31s
2026-09-01 06:56:00 | INFO    | TRAIN | epoch=008/030 | batch=03750/05033 | loss=5.649805e-01 | stage_elapsed=00:40:59 | stage_eta=00:14:01 | data_wait=1.33s
2026-09-01 06:56:32 | INFO    | TRAIN | epoch=008/030 | batch=03800/05033 | loss=5.228038e-01 | stage_elapsed=00:41:31 | stage_eta=00:13:28 | data_wait=1.34s
2026-09-01 06:57:06 | INFO    | TRAIN | epoch=008/030 | batch=03850/05033 | loss=5.554867e-01 | stage_elapsed=00:42:04 | stage_eta=00:12:56 | data_wait=1.35s
2026-09-01 06:57:40 | INFO    | TRAIN | epoch=008/030 | batch=03900/05033 | loss=5.178217e-01 | stage_elapsed=00:42:38 | stage_eta=00:12:23 | data_wait=1.36s
2026-09-01 06:58:14 | INFO    | TRAIN | epoch=008/030 | batch=03950/05033 | loss=5.813569e-01 | stage_elapsed=00:43:12 | stage_eta=00:11:51 | data_wait=1.38s
2026-09-01 06:58:46 | INFO    | TRAIN | epoch=008/030 | batch=04000/05033 | loss=5.472751e-01 | stage_elapsed=00:43:45 | stage_eta=00:11:18 | data_wait=1.39s
2026-09-01 06:59:18 | INFO    | TRAIN | epoch=008/030 | batch=04050/05033 | loss=5.807447e-01 | stage_elapsed=00:44:16 | stage_eta=00:10:45 | data_wait=1.40s
2026-09-01 06:59:49 | INFO    | TRAIN | epoch=008/030 | batch=04100/05033 | loss=5.037106e-01 | stage_elapsed=00:44:48 | stage_eta=00:10:12 | data_wait=1.42s
2026-09-01 07:00:23 | INFO    | TRAIN | epoch=008/030 | batch=04150/05033 | loss=5.230850e-01 | stage_elapsed=00:45:21 | stage_eta=00:09:39 | data_wait=1.44s
2026-09-01 07:00:56 | INFO    | TRAIN | epoch=008/030 | batch=04200/05033 | loss=5.881873e-01 | stage_elapsed=00:45:55 | stage_eta=00:09:06 | data_wait=1.45s
2026-09-01 07:01:30 | INFO    | TRAIN | epoch=008/030 | batch=04250/05033 | loss=5.119662e-01 | stage_elapsed=00:46:28 | stage_eta=00:08:34 | data_wait=1.46s
2026-09-01 07:02:03 | INFO    | TRAIN | epoch=008/030 | batch=04300/05033 | loss=4.756965e-01 | stage_elapsed=00:47:01 | stage_eta=00:08:01 | data_wait=1.47s
2026-09-01 07:02:34 | INFO    | TRAIN | epoch=008/030 | batch=04350/05033 | loss=5.060264e-01 | stage_elapsed=00:47:33 | stage_eta=00:07:28 | data_wait=1.49s
2026-09-01 07:03:07 | INFO    | TRAIN | epoch=008/030 | batch=04400/05033 | loss=5.243651e-01 | stage_elapsed=00:48:06 | stage_eta=00:06:55 | data_wait=1.50s
2026-09-01 07:03:41 | INFO    | TRAIN | epoch=008/030 | batch=04450/05033 | loss=5.695140e-01 | stage_elapsed=00:48:40 | stage_eta=00:06:22 | data_wait=1.51s
2026-09-01 07:04:15 | INFO    | TRAIN | epoch=008/030 | batch=04500/05033 | loss=4.848271e-01 | stage_elapsed=00:49:14 | stage_eta=00:05:50 | data_wait=1.53s
2026-09-01 07:04:47 | INFO    | TRAIN | epoch=008/030 | batch=04550/05033 | loss=5.368916e-01 | stage_elapsed=00:49:46 | stage_eta=00:05:17 | data_wait=1.54s
2026-09-01 07:05:19 | INFO    | TRAIN | epoch=008/030 | batch=04600/05033 | loss=6.065824e-01 | stage_elapsed=00:50:17 | stage_eta=00:04:44 | data_wait=1.56s
2026-09-01 07:05:51 | INFO    | TRAIN | epoch=008/030 | batch=04650/05033 | loss=4.432007e-01 | stage_elapsed=00:50:49 | stage_eta=00:04:11 | data_wait=1.58s
2026-09-01 07:06:24 | INFO    | TRAIN | epoch=008/030 | batch=04700/05033 | loss=5.945623e-01 | stage_elapsed=00:51:22 | stage_eta=00:03:38 | data_wait=1.59s
2026-09-01 07:06:57 | INFO    | TRAIN | epoch=008/030 | batch=04750/05033 | loss=6.076304e-01 | stage_elapsed=00:51:55 | stage_eta=00:03:06 | data_wait=1.60s
2026-09-01 07:07:30 | INFO    | TRAIN | epoch=008/030 | batch=04800/05033 | loss=5.693268e-01 | stage_elapsed=00:52:29 | stage_eta=00:02:33 | data_wait=1.61s
2026-09-01 07:08:04 | INFO    | TRAIN | epoch=008/030 | batch=04850/05033 | loss=6.173238e-01 | stage_elapsed=00:53:03 | stage_eta=00:02:00 | data_wait=1.62s
2026-09-01 07:08:38 | INFO    | TRAIN | epoch=008/030 | batch=04900/05033 | loss=6.178413e-01 | stage_elapsed=00:53:37 | stage_eta=00:01:27 | data_wait=1.63s
2026-09-01 07:09:11 | INFO    | TRAIN | epoch=008/030 | batch=04950/05033 | loss=5.912513e-01 | stage_elapsed=00:54:10 | stage_eta=00:00:54 | data_wait=1.65s
2026-09-01 07:09:43 | INFO    | TRAIN | epoch=008/030 | batch=05000/05033 | loss=5.205669e-01 | stage_elapsed=00:54:41 | stage_eta=00:00:22 | data_wait=1.66s
2026-09-01 07:10:04 | INFO    | TRAIN | epoch=008/030 | batch=05033/05033 | loss=5.879036e-01 | stage_elapsed=00:55:03 | stage_eta=00:00:00 | data_wait=1.68s
2026-09-01 07:10:20 | INFO    | VAL | epoch=008/030 | batch=00050/00212 | loss=5.198836e-01 | stage_elapsed=00:00:16 | stage_eta=00:00:51 | data_wait=0.28s
2026-09-01 07:10:35 | INFO    | VAL | epoch=008/030 | batch=00100/00212 | loss=5.622445e-01 | stage_elapsed=00:00:30 | stage_eta=00:00:34 | data_wait=0.30s
2026-09-01 07:10:49 | INFO    | VAL | epoch=008/030 | batch=00150/00212 | loss=6.080985e-01 | stage_elapsed=00:00:45 | stage_eta=00:00:19 | data_wait=0.31s
2026-09-01 07:11:05 | INFO    | VAL | epoch=008/030 | batch=00200/00212 | loss=5.409794e-01 | stage_elapsed=00:01:01 | stage_eta=00:00:04 | data_wait=0.32s
2026-09-01 07:11:09 | INFO    | VAL | epoch=008/030 | batch=00212/00212 | loss=7.082938e-01 | stage_elapsed=00:01:05 | stage_eta=00:00:00 | data_wait=0.33s
2026-09-01 07:11:10 | INFO    | Epoch 008 complete | train=5.646064e-01 | val=5.763664e-01 | best=5.763664e-01 | lr=1.000e-03 | epoch_time=00:56:08 | run_elapsed=07:30:25 | eta=20:38:38 | finish=2026-09-02 03:49:47 CST
2026-09-01 07:11:43 | INFO    | TRAIN | epoch=009/030 | batch=00050/05033 | loss=5.668038e-01 | stage_elapsed=00:00:33 | stage_eta=00:55:09 | data_wait=0.31s
2026-09-01 07:12:16 | INFO    | TRAIN | epoch=009/030 | batch=00100/05033 | loss=6.119342e-01 | stage_elapsed=00:01:07 | stage_eta=00:54:48 | data_wait=0.33s
2026-09-01 07:12:49 | INFO    | TRAIN | epoch=009/030 | batch=00150/05033 | loss=4.838932e-01 | stage_elapsed=00:01:39 | stage_eta=00:53:48 | data_wait=0.34s
2026-09-01 07:13:21 | INFO    | TRAIN | epoch=009/030 | batch=00200/05033 | loss=5.201884e-01 | stage_elapsed=00:02:11 | stage_eta=00:52:57 | data_wait=0.35s
2026-09-01 07:13:55 | INFO    | TRAIN | epoch=009/030 | batch=00250/05033 | loss=6.876425e-01 | stage_elapsed=00:02:45 | stage_eta=00:52:42 | data_wait=0.37s
2026-09-01 07:14:27 | INFO    | TRAIN | epoch=009/030 | batch=00300/05033 | loss=5.957490e-01 | stage_elapsed=00:03:17 | stage_eta=00:51:55 | data_wait=0.38s
2026-09-01 07:15:01 | INFO    | TRAIN | epoch=009/030 | batch=00350/05033 | loss=5.425144e-01 | stage_elapsed=00:03:51 | stage_eta=00:51:30 | data_wait=0.40s
2026-09-01 07:15:33 | INFO    | TRAIN | epoch=009/030 | batch=00400/05033 | loss=5.440593e-01 | stage_elapsed=00:04:23 | stage_eta=00:50:47 | data_wait=0.42s
2026-09-01 07:16:05 | INFO    | TRAIN | epoch=009/030 | batch=00450/05033 | loss=6.760190e-01 | stage_elapsed=00:04:56 | stage_eta=00:50:10 | data_wait=0.43s
2026-09-01 07:16:37 | INFO    | TRAIN | epoch=009/030 | batch=00500/05033 | loss=5.007740e-01 | stage_elapsed=00:05:27 | stage_eta=00:49:24 | data_wait=0.45s
2026-09-01 07:17:10 | INFO    | TRAIN | epoch=009/030 | batch=00550/05033 | loss=4.506482e-01 | stage_elapsed=00:06:00 | stage_eta=00:48:56 | data_wait=0.46s
2026-09-01 07:17:44 | INFO    | TRAIN | epoch=009/030 | batch=00600/05033 | loss=5.469315e-01 | stage_elapsed=00:06:34 | stage_eta=00:48:33 | data_wait=0.47s
2026-09-01 07:18:17 | INFO    | TRAIN | epoch=009/030 | batch=00650/05033 | loss=5.707496e-01 | stage_elapsed=00:07:08 | stage_eta=00:48:04 | data_wait=0.48s
2026-09-01 07:18:51 | INFO    | TRAIN | epoch=009/030 | batch=00700/05033 | loss=5.484760e-01 | stage_elapsed=00:07:41 | stage_eta=00:47:36 | data_wait=0.49s
2026-09-01 07:19:24 | INFO    | TRAIN | epoch=009/030 | batch=00750/05033 | loss=5.963539e-01 | stage_elapsed=00:08:14 | stage_eta=00:47:02 | data_wait=0.51s
2026-09-01 07:19:55 | INFO    | TRAIN | epoch=009/030 | batch=00800/05033 | loss=6.003616e-01 | stage_elapsed=00:08:45 | stage_eta=00:46:19 | data_wait=0.53s
2026-09-01 07:20:25 | INFO    | TRAIN | epoch=009/030 | batch=00850/05033 | loss=5.546151e-01 | stage_elapsed=00:09:16 | stage_eta=00:45:35 | data_wait=0.54s
2026-09-01 07:20:58 | INFO    | TRAIN | epoch=009/030 | batch=00900/05033 | loss=5.706477e-01 | stage_elapsed=00:09:49 | stage_eta=00:45:03 | data_wait=0.56s
2026-09-01 07:21:32 | INFO    | TRAIN | epoch=009/030 | batch=00950/05033 | loss=6.314427e-01 | stage_elapsed=00:10:23 | stage_eta=00:44:36 | data_wait=0.57s
2026-09-01 07:22:05 | INFO    | TRAIN | epoch=009/030 | batch=01000/05033 | loss=5.632261e-01 | stage_elapsed=00:10:56 | stage_eta=00:44:04 | data_wait=0.58s
2026-09-01 07:22:39 | INFO    | TRAIN | epoch=009/030 | batch=01050/05033 | loss=5.336193e-01 | stage_elapsed=00:11:29 | stage_eta=00:43:34 | data_wait=0.59s
2026-09-01 07:23:13 | INFO    | TRAIN | epoch=009/030 | batch=01100/05033 | loss=5.312214e-01 | stage_elapsed=00:12:03 | stage_eta=00:43:04 | data_wait=0.60s
2026-09-01 07:23:44 | INFO    | TRAIN | epoch=009/030 | batch=01150/05033 | loss=5.672994e-01 | stage_elapsed=00:12:34 | stage_eta=00:42:27 | data_wait=0.62s
2026-09-01 07:24:18 | INFO    | TRAIN | epoch=009/030 | batch=01200/05033 | loss=6.308116e-01 | stage_elapsed=00:13:09 | stage_eta=00:41:59 | data_wait=0.63s
2026-09-01 07:24:51 | INFO    | TRAIN | epoch=009/030 | batch=01250/05033 | loss=6.200479e-01 | stage_elapsed=00:13:41 | stage_eta=00:41:25 | data_wait=0.64s
2026-09-01 07:25:22 | INFO    | TRAIN | epoch=009/030 | batch=01300/05033 | loss=5.296718e-01 | stage_elapsed=00:14:13 | stage_eta=00:40:49 | data_wait=0.66s
2026-09-01 07:25:56 | INFO    | TRAIN | epoch=009/030 | batch=01350/05033 | loss=6.565456e-01 | stage_elapsed=00:14:46 | stage_eta=00:40:17 | data_wait=0.68s
2026-09-01 07:26:30 | INFO    | TRAIN | epoch=009/030 | batch=01400/05033 | loss=6.853589e-01 | stage_elapsed=00:15:20 | stage_eta=00:39:48 | data_wait=0.69s
2026-09-01 07:27:02 | INFO    | TRAIN | epoch=009/030 | batch=01450/05033 | loss=5.253609e-01 | stage_elapsed=00:15:53 | stage_eta=00:39:14 | data_wait=0.70s
2026-09-01 07:27:35 | INFO    | TRAIN | epoch=009/030 | batch=01500/05033 | loss=5.528745e-01 | stage_elapsed=00:16:25 | stage_eta=00:38:40 | data_wait=0.71s
2026-09-01 07:28:07 | INFO    | TRAIN | epoch=009/030 | batch=01550/05033 | loss=4.712019e-01 | stage_elapsed=00:16:58 | stage_eta=00:38:07 | data_wait=0.72s
2026-09-01 07:28:42 | INFO    | TRAIN | epoch=009/030 | batch=01600/05033 | loss=5.906029e-01 | stage_elapsed=00:17:32 | stage_eta=00:37:38 | data_wait=0.73s
2026-09-01 07:29:15 | INFO    | TRAIN | epoch=009/030 | batch=01650/05033 | loss=5.587825e-01 | stage_elapsed=00:18:06 | stage_eta=00:37:06 | data_wait=0.74s
2026-09-01 07:29:48 | INFO    | TRAIN | epoch=009/030 | batch=01700/05033 | loss=5.616156e-01 | stage_elapsed=00:18:39 | stage_eta=00:36:33 | data_wait=0.76s
2026-09-01 07:30:20 | INFO    | TRAIN | epoch=009/030 | batch=01750/05033 | loss=5.345663e-01 | stage_elapsed=00:19:11 | stage_eta=00:35:58 | data_wait=0.78s
2026-09-01 07:30:50 | INFO    | TRAIN | epoch=009/030 | batch=01800/05033 | loss=5.649997e-01 | stage_elapsed=00:19:41 | stage_eta=00:35:21 | data_wait=0.80s
2026-09-01 07:31:25 | INFO    | TRAIN | epoch=009/030 | batch=01850/05033 | loss=5.550228e-01 | stage_elapsed=00:20:15 | stage_eta=00:34:51 | data_wait=0.82s
2026-09-01 07:31:58 | INFO    | TRAIN | epoch=009/030 | batch=01900/05033 | loss=6.101481e-01 | stage_elapsed=00:20:49 | stage_eta=00:34:19 | data_wait=0.83s
2026-09-01 07:32:31 | INFO    | TRAIN | epoch=009/030 | batch=01950/05033 | loss=5.134184e-01 | stage_elapsed=00:21:21 | stage_eta=00:33:46 | data_wait=0.84s
2026-09-01 07:33:05 | INFO    | TRAIN | epoch=009/030 | batch=02000/05033 | loss=5.098295e-01 | stage_elapsed=00:21:55 | stage_eta=00:33:14 | data_wait=0.85s
2026-09-01 07:33:38 | INFO    | TRAIN | epoch=009/030 | batch=02050/05033 | loss=5.998040e-01 | stage_elapsed=00:22:29 | stage_eta=00:32:42 | data_wait=0.86s
2026-09-01 07:34:10 | INFO    | TRAIN | epoch=009/030 | batch=02100/05033 | loss=4.851202e-01 | stage_elapsed=00:23:00 | stage_eta=00:32:08 | data_wait=0.87s
2026-09-01 07:34:44 | INFO    | TRAIN | epoch=009/030 | batch=02150/05033 | loss=5.274460e-01 | stage_elapsed=00:23:34 | stage_eta=00:31:36 | data_wait=0.89s
2026-09-01 07:35:16 | INFO    | TRAIN | epoch=009/030 | batch=02200/05033 | loss=4.749360e-01 | stage_elapsed=00:24:06 | stage_eta=00:31:03 | data_wait=0.91s
2026-09-01 07:35:48 | INFO    | TRAIN | epoch=009/030 | batch=02250/05033 | loss=5.891522e-01 | stage_elapsed=00:24:39 | stage_eta=00:30:29 | data_wait=0.93s
2026-09-01 07:36:22 | INFO    | TRAIN | epoch=009/030 | batch=02300/05033 | loss=5.585337e-01 | stage_elapsed=00:25:12 | stage_eta=00:29:57 | data_wait=0.94s
2026-09-01 07:36:56 | INFO    | TRAIN | epoch=009/030 | batch=02350/05033 | loss=5.114322e-01 | stage_elapsed=00:25:46 | stage_eta=00:29:25 | data_wait=0.95s
2026-09-01 07:37:28 | INFO    | TRAIN | epoch=009/030 | batch=02400/05033 | loss=5.495968e-01 | stage_elapsed=00:26:18 | stage_eta=00:28:52 | data_wait=0.96s
2026-09-01 07:38:00 | INFO    | TRAIN | epoch=009/030 | batch=02450/05033 | loss=5.218223e-01 | stage_elapsed=00:26:51 | stage_eta=00:28:18 | data_wait=0.97s
2026-09-01 07:38:33 | INFO    | TRAIN | epoch=009/030 | batch=02500/05033 | loss=5.978009e-01 | stage_elapsed=00:27:23 | stage_eta=00:27:45 | data_wait=0.98s
2026-09-01 07:39:07 | INFO    | TRAIN | epoch=009/030 | batch=02550/05033 | loss=6.075589e-01 | stage_elapsed=00:27:57 | stage_eta=00:27:13 | data_wait=0.99s
2026-09-01 07:39:39 | INFO    | TRAIN | epoch=009/030 | batch=02600/05033 | loss=5.898986e-01 | stage_elapsed=00:28:30 | stage_eta=00:26:40 | data_wait=1.01s
2026-09-01 07:40:11 | INFO    | TRAIN | epoch=009/030 | batch=02650/05033 | loss=5.780253e-01 | stage_elapsed=00:29:02 | stage_eta=00:26:06 | data_wait=1.02s
2026-09-01 07:40:43 | INFO    | TRAIN | epoch=009/030 | batch=02700/05033 | loss=5.852023e-01 | stage_elapsed=00:29:34 | stage_eta=00:25:33 | data_wait=1.04s
2026-09-01 07:41:16 | INFO    | TRAIN | epoch=009/030 | batch=02750/05033 | loss=5.734541e-01 | stage_elapsed=00:30:06 | stage_eta=00:24:59 | data_wait=1.05s
2026-09-01 07:41:48 | INFO    | TRAIN | epoch=009/030 | batch=02800/05033 | loss=5.443699e-01 | stage_elapsed=00:30:39 | stage_eta=00:24:26 | data_wait=1.06s
2026-09-01 07:42:22 | INFO    | TRAIN | epoch=009/030 | batch=02850/05033 | loss=5.960616e-01 | stage_elapsed=00:31:13 | stage_eta=00:23:54 | data_wait=1.07s
2026-09-01 07:42:54 | INFO    | TRAIN | epoch=009/030 | batch=02900/05033 | loss=4.858291e-01 | stage_elapsed=00:31:45 | stage_eta=00:23:21 | data_wait=1.08s
2026-09-01 07:43:28 | INFO    | TRAIN | epoch=009/030 | batch=02950/05033 | loss=6.159149e-01 | stage_elapsed=00:32:18 | stage_eta=00:22:49 | data_wait=1.10s
2026-09-01 07:44:01 | INFO    | TRAIN | epoch=009/030 | batch=03000/05033 | loss=5.629765e-01 | stage_elapsed=00:32:52 | stage_eta=00:22:16 | data_wait=1.11s
2026-09-01 07:44:34 | INFO    | TRAIN | epoch=009/030 | batch=03050/05033 | loss=5.357632e-01 | stage_elapsed=00:33:25 | stage_eta=00:21:43 | data_wait=1.13s
2026-09-01 07:45:04 | INFO    | TRAIN | epoch=009/030 | batch=03100/05033 | loss=6.177272e-01 | stage_elapsed=00:33:54 | stage_eta=00:21:08 | data_wait=1.15s
2026-09-01 07:45:36 | INFO    | TRAIN | epoch=009/030 | batch=03150/05033 | loss=5.454404e-01 | stage_elapsed=00:34:26 | stage_eta=00:20:35 | data_wait=1.17s
2026-09-01 07:46:10 | INFO    | TRAIN | epoch=009/030 | batch=03200/05033 | loss=5.597738e-01 | stage_elapsed=00:35:00 | stage_eta=00:20:03 | data_wait=1.18s
2026-09-01 07:46:43 | INFO    | TRAIN | epoch=009/030 | batch=03250/05033 | loss=5.722036e-01 | stage_elapsed=00:35:34 | stage_eta=00:19:31 | data_wait=1.19s
2026-09-01 07:47:17 | INFO    | TRAIN | epoch=009/030 | batch=03300/05033 | loss=4.940903e-01 | stage_elapsed=00:36:07 | stage_eta=00:18:58 | data_wait=1.21s
2026-09-01 07:47:50 | INFO    | TRAIN | epoch=009/030 | batch=03350/05033 | loss=5.902053e-01 | stage_elapsed=00:36:40 | stage_eta=00:18:25 | data_wait=1.22s
2026-09-01 07:48:23 | INFO    | TRAIN | epoch=009/030 | batch=03400/05033 | loss=4.961354e-01 | stage_elapsed=00:37:13 | stage_eta=00:17:53 | data_wait=1.23s
2026-09-01 07:48:55 | INFO    | TRAIN | epoch=009/030 | batch=03450/05033 | loss=5.124789e-01 | stage_elapsed=00:37:46 | stage_eta=00:17:20 | data_wait=1.24s
2026-09-01 07:49:27 | INFO    | TRAIN | epoch=009/030 | batch=03500/05033 | loss=6.415262e-01 | stage_elapsed=00:38:17 | stage_eta=00:16:46 | data_wait=1.26s
2026-09-01 07:49:58 | INFO    | TRAIN | epoch=009/030 | batch=03550/05033 | loss=5.347589e-01 | stage_elapsed=00:38:48 | stage_eta=00:16:13 | data_wait=1.28s
2026-09-01 07:50:31 | INFO    | TRAIN | epoch=009/030 | batch=03600/05033 | loss=4.144060e-01 | stage_elapsed=00:39:21 | stage_eta=00:15:40 | data_wait=1.29s
2026-09-01 07:51:05 | INFO    | TRAIN | epoch=009/030 | batch=03650/05033 | loss=5.890551e-01 | stage_elapsed=00:39:55 | stage_eta=00:15:08 | data_wait=1.30s
2026-09-01 07:51:37 | INFO    | TRAIN | epoch=009/030 | batch=03700/05033 | loss=5.544391e-01 | stage_elapsed=00:40:28 | stage_eta=00:14:35 | data_wait=1.31s
2026-09-01 07:52:09 | INFO    | TRAIN | epoch=009/030 | batch=03750/05033 | loss=5.551642e-01 | stage_elapsed=00:40:59 | stage_eta=00:14:01 | data_wait=1.33s
2026-09-01 07:52:42 | INFO    | TRAIN | epoch=009/030 | batch=03800/05033 | loss=4.892993e-01 | stage_elapsed=00:41:33 | stage_eta=00:13:29 | data_wait=1.34s
2026-09-01 07:53:16 | INFO    | TRAIN | epoch=009/030 | batch=03850/05033 | loss=4.570758e-01 | stage_elapsed=00:42:06 | stage_eta=00:12:56 | data_wait=1.35s
2026-09-01 07:53:50 | INFO    | TRAIN | epoch=009/030 | batch=03900/05033 | loss=6.269720e-01 | stage_elapsed=00:42:40 | stage_eta=00:12:24 | data_wait=1.36s
2026-09-01 07:54:22 | INFO    | TRAIN | epoch=009/030 | batch=03950/05033 | loss=6.103112e-01 | stage_elapsed=00:43:12 | stage_eta=00:11:51 | data_wait=1.38s
2026-09-01 07:54:54 | INFO    | TRAIN | epoch=009/030 | batch=04000/05033 | loss=5.199693e-01 | stage_elapsed=00:43:44 | stage_eta=00:11:18 | data_wait=1.39s
2026-09-01 07:55:26 | INFO    | TRAIN | epoch=009/030 | batch=04050/05033 | loss=4.713207e-01 | stage_elapsed=00:44:16 | stage_eta=00:10:45 | data_wait=1.40s
2026-09-01 07:55:58 | INFO    | TRAIN | epoch=009/030 | batch=04100/05033 | loss=5.948387e-01 | stage_elapsed=00:44:48 | stage_eta=00:10:12 | data_wait=1.42s
2026-09-01 07:56:31 | INFO    | TRAIN | epoch=009/030 | batch=04150/05033 | loss=5.873246e-01 | stage_elapsed=00:45:22 | stage_eta=00:09:39 | data_wait=1.43s
2026-09-01 07:57:05 | INFO    | TRAIN | epoch=009/030 | batch=04200/05033 | loss=5.422052e-01 | stage_elapsed=00:45:55 | stage_eta=00:09:06 | data_wait=1.44s
2026-09-01 07:57:38 | INFO    | TRAIN | epoch=009/030 | batch=04250/05033 | loss=5.867794e-01 | stage_elapsed=00:46:28 | stage_eta=00:08:34 | data_wait=1.46s
2026-09-01 07:58:11 | INFO    | TRAIN | epoch=009/030 | batch=04300/05033 | loss=5.332648e-01 | stage_elapsed=00:47:02 | stage_eta=00:08:01 | data_wait=1.47s
2026-09-01 07:58:45 | INFO    | TRAIN | epoch=009/030 | batch=04350/05033 | loss=5.189670e-01 | stage_elapsed=00:47:35 | stage_eta=00:07:28 | data_wait=1.48s
2026-09-01 07:59:16 | INFO    | TRAIN | epoch=009/030 | batch=04400/05033 | loss=5.471383e-01 | stage_elapsed=00:48:07 | stage_eta=00:06:55 | data_wait=1.49s
2026-09-01 07:59:48 | INFO    | TRAIN | epoch=009/030 | batch=04450/05033 | loss=5.707889e-01 | stage_elapsed=00:48:39 | stage_eta=00:06:22 | data_wait=1.51s
2026-09-01 08:00:20 | INFO    | TRAIN | epoch=009/030 | batch=04500/05033 | loss=6.016036e-01 | stage_elapsed=00:49:11 | stage_eta=00:05:49 | data_wait=1.53s
2026-09-01 08:00:53 | INFO    | TRAIN | epoch=009/030 | batch=04550/05033 | loss=5.320483e-01 | stage_elapsed=00:49:44 | stage_eta=00:05:17 | data_wait=1.54s
2026-09-01 08:01:28 | INFO    | TRAIN | epoch=009/030 | batch=04600/05033 | loss=6.253918e-01 | stage_elapsed=00:50:18 | stage_eta=00:04:44 | data_wait=1.55s
2026-09-01 08:02:01 | INFO    | TRAIN | epoch=009/030 | batch=04650/05033 | loss=5.621862e-01 | stage_elapsed=00:50:51 | stage_eta=00:04:11 | data_wait=1.56s
2026-09-01 08:02:33 | INFO    | TRAIN | epoch=009/030 | batch=04700/05033 | loss=5.497726e-01 | stage_elapsed=00:51:23 | stage_eta=00:03:38 | data_wait=1.58s
2026-09-01 08:03:06 | INFO    | TRAIN | epoch=009/030 | batch=04750/05033 | loss=5.714404e-01 | stage_elapsed=00:51:56 | stage_eta=00:03:06 | data_wait=1.59s
2026-09-01 08:03:39 | INFO    | TRAIN | epoch=009/030 | batch=04800/05033 | loss=5.050099e-01 | stage_elapsed=00:52:29 | stage_eta=00:02:33 | data_wait=1.61s
2026-09-01 08:04:12 | INFO    | TRAIN | epoch=009/030 | batch=04850/05033 | loss=5.895636e-01 | stage_elapsed=00:53:02 | stage_eta=00:02:00 | data_wait=1.62s
2026-09-01 08:04:46 | INFO    | TRAIN | epoch=009/030 | batch=04900/05033 | loss=5.552886e-01 | stage_elapsed=00:53:36 | stage_eta=00:01:27 | data_wait=1.64s
2026-09-01 08:05:17 | INFO    | TRAIN | epoch=009/030 | batch=04950/05033 | loss=6.200807e-01 | stage_elapsed=00:54:08 | stage_eta=00:00:54 | data_wait=1.66s
2026-09-01 08:05:50 | INFO    | TRAIN | epoch=009/030 | batch=05000/05033 | loss=4.946768e-01 | stage_elapsed=00:54:40 | stage_eta=00:00:22 | data_wait=1.67s
2026-09-01 08:06:10 | INFO    | TRAIN | epoch=009/030 | batch=05033/05033 | loss=5.937281e-01 | stage_elapsed=00:55:00 | stage_eta=00:00:00 | data_wait=1.69s
2026-09-01 08:06:26 | INFO    | VAL | epoch=009/030 | batch=00050/00212 | loss=5.024657e-01 | stage_elapsed=00:00:16 | stage_eta=00:00:52 | data_wait=0.51s
2026-09-01 08:06:42 | INFO    | VAL | epoch=009/030 | batch=00100/00212 | loss=5.502137e-01 | stage_elapsed=00:00:32 | stage_eta=00:00:36 | data_wait=0.52s
2026-09-01 08:06:57 | INFO    | VAL | epoch=009/030 | batch=00150/00212 | loss=5.835412e-01 | stage_elapsed=00:00:47 | stage_eta=00:00:19 | data_wait=0.53s
2026-09-01 08:07:12 | INFO    | VAL | epoch=009/030 | batch=00200/00212 | loss=5.347030e-01 | stage_elapsed=00:01:02 | stage_eta=00:00:04 | data_wait=0.54s
2026-09-01 08:07:16 | INFO    | VAL | epoch=009/030 | batch=00212/00212 | loss=7.067608e-01 | stage_elapsed=00:01:06 | stage_eta=00:00:00 | data_wait=0.54s
2026-09-01 08:07:17 | INFO    | Epoch 009 complete | train=5.527719e-01 | val=5.730146e-01 | best=5.730146e-01 | lr=1.000e-03 | epoch_time=00:56:08 | run_elapsed=08:26:32 | eta=19:41:56 | finish=2026-09-02 03:49:13 CST
2026-09-01 08:07:51 | INFO    | TRAIN | epoch=010/030 | batch=00050/05033 | loss=5.274440e-01 | stage_elapsed=00:00:34 | stage_eta=00:55:46 | data_wait=0.30s
2026-09-01 08:08:24 | INFO    | TRAIN | epoch=010/030 | batch=00100/05033 | loss=4.881994e-01 | stage_elapsed=00:01:06 | stage_eta=00:54:36 | data_wait=0.31s
2026-09-01 08:08:57 | INFO    | TRAIN | epoch=010/030 | batch=00150/05033 | loss=5.292087e-01 | stage_elapsed=00:01:39 | stage_eta=00:53:49 | data_wait=0.32s
2026-09-01 08:09:29 | INFO    | TRAIN | epoch=010/030 | batch=00200/05033 | loss=5.906614e-01 | stage_elapsed=00:02:12 | stage_eta=00:53:02 | data_wait=0.33s
2026-09-01 08:10:01 | INFO    | TRAIN | epoch=010/030 | batch=00250/05033 | loss=5.634323e-01 | stage_elapsed=00:02:44 | stage_eta=00:52:15 | data_wait=0.35s
2026-09-01 08:10:34 | INFO    | TRAIN | epoch=010/030 | batch=00300/05033 | loss=5.877872e-01 | stage_elapsed=00:03:16 | stage_eta=00:51:35 | data_wait=0.37s
2026-09-01 08:11:06 | INFO    | TRAIN | epoch=010/030 | batch=00350/05033 | loss=5.854132e-01 | stage_elapsed=00:03:48 | stage_eta=00:50:54 | data_wait=0.38s
2026-09-01 08:11:39 | INFO    | TRAIN | epoch=010/030 | batch=00400/05033 | loss=5.152197e-01 | stage_elapsed=00:04:21 | stage_eta=00:50:27 | data_wait=0.40s
2026-09-01 08:12:12 | INFO    | TRAIN | epoch=010/030 | batch=00450/05033 | loss=5.862101e-01 | stage_elapsed=00:04:55 | stage_eta=00:50:00 | data_wait=0.41s
2026-09-01 08:12:45 | INFO    | TRAIN | epoch=010/030 | batch=00500/05033 | loss=5.076049e-01 | stage_elapsed=00:05:28 | stage_eta=00:49:32 | data_wait=0.42s
2026-09-01 08:13:17 | INFO    | TRAIN | epoch=010/030 | batch=00550/05033 | loss=5.510593e-01 | stage_elapsed=00:06:00 | stage_eta=00:48:54 | data_wait=0.43s
2026-09-01 08:13:51 | INFO    | TRAIN | epoch=010/030 | batch=00600/05033 | loss=4.748383e-01 | stage_elapsed=00:06:33 | stage_eta=00:48:27 | data_wait=0.44s
2026-09-01 08:14:24 | INFO    | TRAIN | epoch=010/030 | batch=00650/05033 | loss=5.464532e-01 | stage_elapsed=00:07:07 | stage_eta=00:47:57 | data_wait=0.45s
2026-09-01 08:14:58 | INFO    | TRAIN | epoch=010/030 | batch=00700/05033 | loss=6.312537e-01 | stage_elapsed=00:07:40 | stage_eta=00:47:28 | data_wait=0.46s
2026-09-01 08:15:30 | INFO    | TRAIN | epoch=010/030 | batch=00750/05033 | loss=5.607153e-01 | stage_elapsed=00:08:13 | stage_eta=00:46:55 | data_wait=0.48s
2026-09-01 08:16:03 | INFO    | TRAIN | epoch=010/030 | batch=00800/05033 | loss=6.572928e-01 | stage_elapsed=00:08:45 | stage_eta=00:46:19 | data_wait=0.50s
2026-09-01 08:16:35 | INFO    | TRAIN | epoch=010/030 | batch=00850/05033 | loss=5.258284e-01 | stage_elapsed=00:09:18 | stage_eta=00:45:44 | data_wait=0.52s
2026-09-01 08:17:06 | INFO    | TRAIN | epoch=010/030 | batch=00900/05033 | loss=5.754044e-01 | stage_elapsed=00:09:49 | stage_eta=00:45:04 | data_wait=0.53s
2026-09-01 08:17:40 | INFO    | TRAIN | epoch=010/030 | batch=00950/05033 | loss=5.132306e-01 | stage_elapsed=00:10:23 | stage_eta=00:44:36 | data_wait=0.54s
2026-09-01 08:18:13 | INFO    | TRAIN | epoch=010/030 | batch=01000/05033 | loss=5.222508e-01 | stage_elapsed=00:10:56 | stage_eta=00:44:04 | data_wait=0.55s
2026-09-01 08:18:46 | INFO    | TRAIN | epoch=010/030 | batch=01050/05033 | loss=5.349694e-01 | stage_elapsed=00:11:29 | stage_eta=00:43:32 | data_wait=0.56s
2026-09-01 08:19:19 | INFO    | TRAIN | epoch=010/030 | batch=01100/05033 | loss=4.936088e-01 | stage_elapsed=00:12:02 | stage_eta=00:43:01 | data_wait=0.57s
2026-09-01 08:19:52 | INFO    | TRAIN | epoch=010/030 | batch=01150/05033 | loss=5.922202e-01 | stage_elapsed=00:12:35 | stage_eta=00:42:29 | data_wait=0.58s
2026-09-01 08:20:24 | INFO    | TRAIN | epoch=010/030 | batch=01200/05033 | loss=5.212216e-01 | stage_elapsed=00:13:07 | stage_eta=00:41:52 | data_wait=0.60s
2026-09-01 08:20:55 | INFO    | TRAIN | epoch=010/030 | batch=01250/05033 | loss=4.971880e-01 | stage_elapsed=00:13:38 | stage_eta=00:41:15 | data_wait=0.61s
2026-09-01 08:21:28 | INFO    | TRAIN | epoch=010/030 | batch=01300/05033 | loss=5.627402e-01 | stage_elapsed=00:14:10 | stage_eta=00:40:41 | data_wait=0.63s
2026-09-01 08:22:01 | INFO    | TRAIN | epoch=010/030 | batch=01350/05033 | loss=6.205609e-01 | stage_elapsed=00:14:44 | stage_eta=00:40:11 | data_wait=0.64s
2026-09-01 08:22:35 | INFO    | TRAIN | epoch=010/030 | batch=01400/05033 | loss=5.525917e-01 | stage_elapsed=00:15:18 | stage_eta=00:39:42 | data_wait=0.65s
2026-09-01 08:23:08 | INFO    | TRAIN | epoch=010/030 | batch=01450/05033 | loss=5.384085e-01 | stage_elapsed=00:15:51 | stage_eta=00:39:10 | data_wait=0.66s
2026-09-01 08:23:42 | INFO    | TRAIN | epoch=010/030 | batch=01500/05033 | loss=5.666111e-01 | stage_elapsed=00:16:25 | stage_eta=00:38:40 | data_wait=0.68s
2026-09-01 08:24:14 | INFO    | TRAIN | epoch=010/030 | batch=01550/05033 | loss=5.432937e-01 | stage_elapsed=00:16:57 | stage_eta=00:38:05 | data_wait=0.69s
2026-09-01 08:24:47 | INFO    | TRAIN | epoch=010/030 | batch=01600/05033 | loss=4.596860e-01 | stage_elapsed=00:17:30 | stage_eta=00:37:32 | data_wait=0.70s
2026-09-01 08:25:20 | INFO    | TRAIN | epoch=010/030 | batch=01650/05033 | loss=5.184849e-01 | stage_elapsed=00:18:02 | stage_eta=00:36:59 | data_wait=0.71s
2026-09-01 08:25:52 | INFO    | TRAIN | epoch=010/030 | batch=01700/05033 | loss=5.843371e-01 | stage_elapsed=00:18:35 | stage_eta=00:36:26 | data_wait=0.73s
2026-09-01 08:26:25 | INFO    | TRAIN | epoch=010/030 | batch=01750/05033 | loss=6.200977e-01 | stage_elapsed=00:19:08 | stage_eta=00:35:53 | data_wait=0.74s
2026-09-01 08:26:58 | INFO    | TRAIN | epoch=010/030 | batch=01800/05033 | loss=5.800506e-01 | stage_elapsed=00:19:41 | stage_eta=00:35:21 | data_wait=0.76s
2026-09-01 08:27:30 | INFO    | TRAIN | epoch=010/030 | batch=01850/05033 | loss=5.910987e-01 | stage_elapsed=00:20:13 | stage_eta=00:34:46 | data_wait=0.77s
2026-09-01 08:28:03 | INFO    | TRAIN | epoch=010/030 | batch=01900/05033 | loss=5.163156e-01 | stage_elapsed=00:20:45 | stage_eta=00:34:13 | data_wait=0.78s
2026-09-01 08:28:36 | INFO    | TRAIN | epoch=010/030 | batch=01950/05033 | loss=6.791735e-01 | stage_elapsed=00:21:19 | stage_eta=00:33:42 | data_wait=0.79s
2026-09-01 08:29:09 | INFO    | TRAIN | epoch=010/030 | batch=02000/05033 | loss=4.942830e-01 | stage_elapsed=00:21:52 | stage_eta=00:33:09 | data_wait=0.81s
2026-09-01 08:29:43 | INFO    | TRAIN | epoch=010/030 | batch=02050/05033 | loss=5.560091e-01 | stage_elapsed=00:22:25 | stage_eta=00:32:37 | data_wait=0.82s
2026-09-01 08:30:15 | INFO    | TRAIN | epoch=010/030 | batch=02100/05033 | loss=5.023915e-01 | stage_elapsed=00:22:58 | stage_eta=00:32:05 | data_wait=0.83s
2026-09-01 08:30:47 | INFO    | TRAIN | epoch=010/030 | batch=02150/05033 | loss=5.655439e-01 | stage_elapsed=00:23:29 | stage_eta=00:31:30 | data_wait=0.84s
2026-09-01 08:31:16 | INFO    | TRAIN | epoch=010/030 | batch=02200/05033 | loss=5.593027e-01 | stage_elapsed=00:23:59 | stage_eta=00:30:53 | data_wait=0.86s
2026-09-01 08:31:49 | INFO    | TRAIN | epoch=010/030 | batch=02250/05033 | loss=5.168235e-01 | stage_elapsed=00:24:32 | stage_eta=00:30:20 | data_wait=0.87s
2026-09-01 08:32:23 | INFO    | TRAIN | epoch=010/030 | batch=02300/05033 | loss=5.545944e-01 | stage_elapsed=00:25:05 | stage_eta=00:29:49 | data_wait=0.88s
2026-09-01 08:32:57 | INFO    | TRAIN | epoch=010/030 | batch=02350/05033 | loss=6.281490e-01 | stage_elapsed=00:25:39 | stage_eta=00:29:17 | data_wait=0.89s
2026-09-01 08:33:30 | INFO    | TRAIN | epoch=010/030 | batch=02400/05033 | loss=6.028311e-01 | stage_elapsed=00:26:12 | stage_eta=00:28:45 | data_wait=0.91s
2026-09-01 08:34:03 | INFO    | TRAIN | epoch=010/030 | batch=02450/05033 | loss=4.858432e-01 | stage_elapsed=00:26:46 | stage_eta=00:28:13 | data_wait=0.92s
2026-09-01 08:34:35 | INFO    | TRAIN | epoch=010/030 | batch=02500/05033 | loss=5.750772e-01 | stage_elapsed=00:27:18 | stage_eta=00:27:39 | data_wait=0.93s
2026-09-01 08:35:07 | INFO    | TRAIN | epoch=010/030 | batch=02550/05033 | loss=5.548891e-01 | stage_elapsed=00:27:50 | stage_eta=00:27:06 | data_wait=0.95s
2026-09-01 08:35:38 | INFO    | TRAIN | epoch=010/030 | batch=02600/05033 | loss=5.931218e-01 | stage_elapsed=00:28:21 | stage_eta=00:26:31 | data_wait=0.97s
2026-09-01 08:36:11 | INFO    | TRAIN | epoch=010/030 | batch=02650/05033 | loss=4.868068e-01 | stage_elapsed=00:28:54 | stage_eta=00:25:59 | data_wait=0.98s
2026-09-01 08:36:44 | INFO    | TRAIN | epoch=010/030 | batch=02700/05033 | loss=5.432647e-01 | stage_elapsed=00:29:27 | stage_eta=00:25:27 | data_wait=1.00s
2026-09-01 08:37:18 | INFO    | TRAIN | epoch=010/030 | batch=02750/05033 | loss=5.358999e-01 | stage_elapsed=00:30:00 | stage_eta=00:24:55 | data_wait=1.01s
2026-09-01 08:37:51 | INFO    | TRAIN | epoch=010/030 | batch=02800/05033 | loss=6.038105e-01 | stage_elapsed=00:30:34 | stage_eta=00:24:22 | data_wait=1.02s
2026-09-01 08:38:23 | INFO    | TRAIN | epoch=010/030 | batch=02850/05033 | loss=6.462745e-01 | stage_elapsed=00:31:05 | stage_eta=00:23:49 | data_wait=1.03s
2026-09-01 08:38:55 | INFO    | TRAIN | epoch=010/030 | batch=02900/05033 | loss=5.338675e-01 | stage_elapsed=00:31:38 | stage_eta=00:23:16 | data_wait=1.04s
2026-09-01 08:39:28 | INFO    | TRAIN | epoch=010/030 | batch=02950/05033 | loss=5.549808e-01 | stage_elapsed=00:32:11 | stage_eta=00:22:43 | data_wait=1.06s
2026-09-01 08:40:02 | INFO    | TRAIN | epoch=010/030 | batch=03000/05033 | loss=5.575071e-01 | stage_elapsed=00:32:44 | stage_eta=00:22:11 | data_wait=1.07s
2026-09-01 08:40:33 | INFO    | TRAIN | epoch=010/030 | batch=03050/05033 | loss=5.760922e-01 | stage_elapsed=00:33:16 | stage_eta=00:21:38 | data_wait=1.09s
2026-09-01 08:41:06 | INFO    | TRAIN | epoch=010/030 | batch=03100/05033 | loss=4.859023e-01 | stage_elapsed=00:33:48 | stage_eta=00:21:05 | data_wait=1.11s
2026-09-01 08:41:40 | INFO    | TRAIN | epoch=010/030 | batch=03150/05033 | loss=5.586974e-01 | stage_elapsed=00:34:22 | stage_eta=00:20:33 | data_wait=1.12s
2026-09-01 08:42:11 | INFO    | TRAIN | epoch=010/030 | batch=03200/05033 | loss=6.093166e-01 | stage_elapsed=00:34:53 | stage_eta=00:19:59 | data_wait=1.13s
2026-09-01 08:42:44 | INFO    | TRAIN | epoch=010/030 | batch=03250/05033 | loss=6.063094e-01 | stage_elapsed=00:35:27 | stage_eta=00:19:27 | data_wait=1.15s
2026-09-01 08:43:19 | INFO    | TRAIN | epoch=010/030 | batch=03300/05033 | loss=5.292978e-01 | stage_elapsed=00:36:01 | stage_eta=00:18:55 | data_wait=1.16s
2026-09-01 08:43:51 | INFO    | TRAIN | epoch=010/030 | batch=03350/05033 | loss=5.068057e-01 | stage_elapsed=00:36:34 | stage_eta=00:18:22 | data_wait=1.17s
2026-09-01 08:44:24 | INFO    | TRAIN | epoch=010/030 | batch=03400/05033 | loss=5.431247e-01 | stage_elapsed=00:37:07 | stage_eta=00:17:49 | data_wait=1.18s
2026-09-01 08:44:57 | INFO    | TRAIN | epoch=010/030 | batch=03450/05033 | loss=3.998520e-01 | stage_elapsed=00:37:40 | stage_eta=00:17:17 | data_wait=1.20s
2026-09-01 08:45:29 | INFO    | TRAIN | epoch=010/030 | batch=03500/05033 | loss=5.465519e-01 | stage_elapsed=00:38:11 | stage_eta=00:16:44 | data_wait=1.22s
2026-09-01 08:46:01 | INFO    | TRAIN | epoch=010/030 | batch=03550/05033 | loss=5.496519e-01 | stage_elapsed=00:38:43 | stage_eta=00:16:11 | data_wait=1.23s
2026-09-01 08:46:34 | INFO    | TRAIN | epoch=010/030 | batch=03600/05033 | loss=4.927027e-01 | stage_elapsed=00:39:17 | stage_eta=00:15:38 | data_wait=1.24s
2026-09-01 08:47:07 | INFO    | TRAIN | epoch=010/030 | batch=03650/05033 | loss=5.775267e-01 | stage_elapsed=00:39:49 | stage_eta=00:15:05 | data_wait=1.26s
2026-09-01 08:47:40 | INFO    | TRAIN | epoch=010/030 | batch=03700/05033 | loss=5.808419e-01 | stage_elapsed=00:40:22 | stage_eta=00:14:33 | data_wait=1.27s
2026-09-01 08:48:13 | INFO    | TRAIN | epoch=010/030 | batch=03750/05033 | loss=5.485784e-01 | stage_elapsed=00:40:56 | stage_eta=00:14:00 | data_wait=1.28s
2026-09-01 08:48:47 | INFO    | TRAIN | epoch=010/030 | batch=03800/05033 | loss=5.299330e-01 | stage_elapsed=00:41:30 | stage_eta=00:13:28 | data_wait=1.29s
2026-09-01 08:49:18 | INFO    | TRAIN | epoch=010/030 | batch=03850/05033 | loss=5.763090e-01 | stage_elapsed=00:42:00 | stage_eta=00:12:54 | data_wait=1.30s
2026-09-01 08:49:52 | INFO    | TRAIN | epoch=010/030 | batch=03900/05033 | loss=5.285121e-01 | stage_elapsed=00:42:34 | stage_eta=00:12:22 | data_wait=1.32s
2026-09-01 08:50:23 | INFO    | TRAIN | epoch=010/030 | batch=03950/05033 | loss=6.269340e-01 | stage_elapsed=00:43:06 | stage_eta=00:11:49 | data_wait=1.33s
2026-09-01 08:50:55 | INFO    | TRAIN | epoch=010/030 | batch=04000/05033 | loss=5.381527e-01 | stage_elapsed=00:43:37 | stage_eta=00:11:16 | data_wait=1.35s
2026-09-01 08:51:28 | INFO    | TRAIN | epoch=010/030 | batch=04050/05033 | loss=5.297127e-01 | stage_elapsed=00:44:11 | stage_eta=00:10:43 | data_wait=1.36s
2026-09-01 08:52:02 | INFO    | TRAIN | epoch=010/030 | batch=04100/05033 | loss=5.769069e-01 | stage_elapsed=00:44:45 | stage_eta=00:10:11 | data_wait=1.37s
2026-09-01 08:52:35 | INFO    | TRAIN | epoch=010/030 | batch=04150/05033 | loss=5.120262e-01 | stage_elapsed=00:45:17 | stage_eta=00:09:38 | data_wait=1.39s
2026-09-01 08:53:07 | INFO    | TRAIN | epoch=010/030 | batch=04200/05033 | loss=5.125254e-01 | stage_elapsed=00:45:49 | stage_eta=00:09:05 | data_wait=1.40s
2026-09-01 08:53:40 | INFO    | TRAIN | epoch=010/030 | batch=04250/05033 | loss=5.682777e-01 | stage_elapsed=00:46:22 | stage_eta=00:08:33 | data_wait=1.41s
2026-09-01 08:54:14 | INFO    | TRAIN | epoch=010/030 | batch=04300/05033 | loss=4.903519e-01 | stage_elapsed=00:46:56 | stage_eta=00:08:00 | data_wait=1.42s
2026-09-01 08:54:47 | INFO    | TRAIN | epoch=010/030 | batch=04350/05033 | loss=6.193219e-01 | stage_elapsed=00:47:30 | stage_eta=00:07:27 | data_wait=1.43s
2026-09-01 08:55:19 | INFO    | TRAIN | epoch=010/030 | batch=04400/05033 | loss=5.660193e-01 | stage_elapsed=00:48:01 | stage_eta=00:06:55 | data_wait=1.45s
2026-09-01 08:55:50 | INFO    | TRAIN | epoch=010/030 | batch=04450/05033 | loss=5.560027e-01 | stage_elapsed=00:48:33 | stage_eta=00:06:22 | data_wait=1.47s
2026-09-01 08:56:22 | INFO    | TRAIN | epoch=010/030 | batch=04500/05033 | loss=4.637872e-01 | stage_elapsed=00:49:05 | stage_eta=00:05:49 | data_wait=1.48s
2026-09-01 08:56:55 | INFO    | TRAIN | epoch=010/030 | batch=04550/05033 | loss=5.285301e-01 | stage_elapsed=00:49:38 | stage_eta=00:05:16 | data_wait=1.50s
2026-09-01 08:57:29 | INFO    | TRAIN | epoch=010/030 | batch=04600/05033 | loss=5.246642e-01 | stage_elapsed=00:50:11 | stage_eta=00:04:43 | data_wait=1.51s
2026-09-01 08:58:02 | INFO    | TRAIN | epoch=010/030 | batch=04650/05033 | loss=6.379942e-01 | stage_elapsed=00:50:44 | stage_eta=00:04:11 | data_wait=1.52s
2026-09-01 08:58:35 | INFO    | TRAIN | epoch=010/030 | batch=04700/05033 | loss=5.617968e-01 | stage_elapsed=00:51:17 | stage_eta=00:03:38 | data_wait=1.53s
2026-09-01 08:59:08 | INFO    | TRAIN | epoch=010/030 | batch=04750/05033 | loss=5.708622e-01 | stage_elapsed=00:51:50 | stage_eta=00:03:05 | data_wait=1.55s
2026-09-01 08:59:40 | INFO    | TRAIN | epoch=010/030 | batch=04800/05033 | loss=5.641659e-01 | stage_elapsed=00:52:23 | stage_eta=00:02:33 | data_wait=1.56s
2026-09-01 09:00:12 | INFO    | TRAIN | epoch=010/030 | batch=04850/05033 | loss=4.649687e-01 | stage_elapsed=00:52:54 | stage_eta=00:02:00 | data_wait=1.57s
2026-09-01 09:00:44 | INFO    | TRAIN | epoch=010/030 | batch=04900/05033 | loss=5.003633e-01 | stage_elapsed=00:53:26 | stage_eta=00:01:27 | data_wait=1.59s
2026-09-01 09:01:16 | INFO    | TRAIN | epoch=010/030 | batch=04950/05033 | loss=5.624378e-01 | stage_elapsed=00:53:59 | stage_eta=00:00:54 | data_wait=1.60s
2026-09-01 09:01:49 | INFO    | TRAIN | epoch=010/030 | batch=05000/05033 | loss=4.543526e-01 | stage_elapsed=00:54:32 | stage_eta=00:00:22 | data_wait=1.61s
2026-09-01 09:02:11 | INFO    | TRAIN | epoch=010/030 | batch=05033/05033 | loss=5.130103e-01 | stage_elapsed=00:54:54 | stage_eta=00:00:00 | data_wait=1.62s
2026-09-01 09:02:27 | INFO    | VAL | epoch=010/030 | batch=00050/00212 | loss=4.921368e-01 | stage_elapsed=00:00:16 | stage_eta=00:00:52 | data_wait=0.34s
2026-09-01 09:02:43 | INFO    | VAL | epoch=010/030 | batch=00100/00212 | loss=5.234385e-01 | stage_elapsed=00:00:32 | stage_eta=00:00:36 | data_wait=0.35s
2026-09-01 09:02:58 | INFO    | VAL | epoch=010/030 | batch=00150/00212 | loss=5.638196e-01 | stage_elapsed=00:00:47 | stage_eta=00:00:19 | data_wait=0.36s
2026-09-01 09:03:14 | INFO    | VAL | epoch=010/030 | batch=00200/00212 | loss=5.245794e-01 | stage_elapsed=00:01:02 | stage_eta=00:00:04 | data_wait=0.37s
2026-09-01 09:03:17 | INFO    | VAL | epoch=010/030 | batch=00212/00212 | loss=6.840742e-01 | stage_elapsed=00:01:06 | stage_eta=00:00:00 | data_wait=0.37s
2026-09-01 09:03:18 | INFO    | Epoch 010 complete | train=5.407750e-01 | val=5.528419e-01 | best=5.528419e-01 | lr=1.000e-03 | epoch_time=00:56:01 | run_elapsed=09:22:33 | eta=18:45:06 | finish=2026-09-02 03:48:24 CST
2026-09-01 09:03:50 | INFO    | TRAIN | epoch=011/030 | batch=00050/05033 | loss=6.064403e-01 | stage_elapsed=00:00:32 | stage_eta=00:52:45 | data_wait=0.35s
2026-09-01 09:04:23 | INFO    | TRAIN | epoch=011/030 | batch=00100/05033 | loss=5.320998e-01 | stage_elapsed=00:01:05 | stage_eta=00:53:23 | data_wait=0.36s
2026-09-01 09:04:56 | INFO    | TRAIN | epoch=011/030 | batch=00150/05033 | loss=5.174205e-01 | stage_elapsed=00:01:38 | stage_eta=00:53:22 | data_wait=0.37s
2026-09-01 09:05:29 | INFO    | TRAIN | epoch=011/030 | batch=00200/05033 | loss=4.752790e-01 | stage_elapsed=00:02:11 | stage_eta=00:52:35 | data_wait=0.39s
2026-09-01 09:06:01 | INFO    | TRAIN | epoch=011/030 | batch=00250/05033 | loss=5.264509e-01 | stage_elapsed=00:02:43 | stage_eta=00:52:05 | data_wait=0.41s
2026-09-01 09:06:34 | INFO    | TRAIN | epoch=011/030 | batch=00300/05033 | loss=5.185633e-01 | stage_elapsed=00:03:16 | stage_eta=00:51:38 | data_wait=0.42s
2026-09-01 09:07:07 | INFO    | TRAIN | epoch=011/030 | batch=00350/05033 | loss=4.963703e-01 | stage_elapsed=00:03:49 | stage_eta=00:50:58 | data_wait=0.43s
2026-09-01 09:07:40 | INFO    | TRAIN | epoch=011/030 | batch=00400/05033 | loss=5.582842e-01 | stage_elapsed=00:04:21 | stage_eta=00:50:29 | data_wait=0.44s
2026-09-01 09:08:13 | INFO    | TRAIN | epoch=011/030 | batch=00450/05033 | loss=6.284467e-01 | stage_elapsed=00:04:55 | stage_eta=00:50:01 | data_wait=0.46s
2026-09-01 09:08:47 | INFO    | TRAIN | epoch=011/030 | batch=00500/05033 | loss=4.917011e-01 | stage_elapsed=00:05:29 | stage_eta=00:49:41 | data_wait=0.47s
2026-09-01 09:09:20 | INFO    | TRAIN | epoch=011/030 | batch=00550/05033 | loss=5.235159e-01 | stage_elapsed=00:06:02 | stage_eta=00:49:07 | data_wait=0.48s
2026-09-01 09:09:52 | INFO    | TRAIN | epoch=011/030 | batch=00600/05033 | loss=6.057120e-01 | stage_elapsed=00:06:34 | stage_eta=00:48:32 | data_wait=0.49s
2026-09-01 09:10:24 | INFO    | TRAIN | epoch=011/030 | batch=00650/05033 | loss=4.636825e-01 | stage_elapsed=00:07:05 | stage_eta=00:47:49 | data_wait=0.51s
2026-09-01 09:10:54 | INFO    | TRAIN | epoch=011/030 | batch=00700/05033 | loss=4.702151e-01 | stage_elapsed=00:07:36 | stage_eta=00:47:01 | data_wait=0.53s
2026-09-01 09:11:28 | INFO    | TRAIN | epoch=011/030 | batch=00750/05033 | loss=6.262720e-01 | stage_elapsed=00:08:10 | stage_eta=00:46:37 | data_wait=0.55s
2026-09-01 09:12:01 | INFO    | TRAIN | epoch=011/030 | batch=00800/05033 | loss=5.448631e-01 | stage_elapsed=00:08:43 | stage_eta=00:46:06 | data_wait=0.56s
2026-09-01 09:12:34 | INFO    | TRAIN | epoch=011/030 | batch=00850/05033 | loss=5.345345e-01 | stage_elapsed=00:09:16 | stage_eta=00:45:38 | data_wait=0.57s
2026-09-01 09:13:08 | INFO    | TRAIN | epoch=011/030 | batch=00900/05033 | loss=5.523794e-01 | stage_elapsed=00:09:49 | stage_eta=00:45:07 | data_wait=0.59s
2026-09-01 09:13:41 | INFO    | TRAIN | epoch=011/030 | batch=00950/05033 | loss=5.478235e-01 | stage_elapsed=00:10:23 | stage_eta=00:44:36 | data_wait=0.60s
2026-09-01 09:14:12 | INFO    | TRAIN | epoch=011/030 | batch=01000/05033 | loss=5.385495e-01 | stage_elapsed=00:10:54 | stage_eta=00:43:57 | data_wait=0.61s
2026-09-01 09:14:45 | INFO    | TRAIN | epoch=011/030 | batch=01050/05033 | loss=5.076014e-01 | stage_elapsed=00:11:27 | stage_eta=00:43:25 | data_wait=0.63s
2026-09-01 09:15:17 | INFO    | TRAIN | epoch=011/030 | batch=01100/05033 | loss=4.523405e-01 | stage_elapsed=00:11:59 | stage_eta=00:42:52 | data_wait=0.65s
2026-09-01 09:15:50 | INFO    | TRAIN | epoch=011/030 | batch=01150/05033 | loss=4.902435e-01 | stage_elapsed=00:12:32 | stage_eta=00:42:19 | data_wait=0.66s
2026-09-01 09:16:23 | INFO    | TRAIN | epoch=011/030 | batch=01200/05033 | loss=5.897489e-01 | stage_elapsed=00:13:05 | stage_eta=00:41:47 | data_wait=0.67s
2026-09-01 09:16:57 | INFO    | TRAIN | epoch=011/030 | batch=01250/05033 | loss=6.124470e-01 | stage_elapsed=00:13:39 | stage_eta=00:41:17 | data_wait=0.68s
2026-09-01 09:17:30 | INFO    | TRAIN | epoch=011/030 | batch=01300/05033 | loss=6.023471e-01 | stage_elapsed=00:14:12 | stage_eta=00:40:46 | data_wait=0.70s
2026-09-01 09:18:01 | INFO    | TRAIN | epoch=011/030 | batch=01350/05033 | loss=5.726613e-01 | stage_elapsed=00:14:43 | stage_eta=00:40:09 | data_wait=0.71s
2026-09-01 09:18:35 | INFO    | TRAIN | epoch=011/030 | batch=01400/05033 | loss=5.004739e-01 | stage_elapsed=00:15:17 | stage_eta=00:39:39 | data_wait=0.72s
2026-09-01 09:19:09 | INFO    | TRAIN | epoch=011/030 | batch=01450/05033 | loss=4.642618e-01 | stage_elapsed=00:15:51 | stage_eta=00:39:09 | data_wait=0.74s
2026-09-01 09:19:40 | INFO    | TRAIN | epoch=011/030 | batch=01500/05033 | loss=4.806389e-01 | stage_elapsed=00:16:22 | stage_eta=00:38:33 | data_wait=0.75s
2026-09-01 09:20:13 | INFO    | TRAIN | epoch=011/030 | batch=01550/05033 | loss=4.446576e-01 | stage_elapsed=00:16:55 | stage_eta=00:38:00 | data_wait=0.77s
2026-09-01 09:20:46 | INFO    | TRAIN | epoch=011/030 | batch=01600/05033 | loss=4.743559e-01 | stage_elapsed=00:17:27 | stage_eta=00:37:27 | data_wait=0.78s
2026-09-01 09:21:17 | INFO    | TRAIN | epoch=011/030 | batch=01650/05033 | loss=4.886291e-01 | stage_elapsed=00:17:59 | stage_eta=00:36:53 | data_wait=0.80s
2026-09-01 09:21:50 | INFO    | TRAIN | epoch=011/030 | batch=01700/05033 | loss=5.273023e-01 | stage_elapsed=00:18:32 | stage_eta=00:36:20 | data_wait=0.81s
2026-09-01 09:22:23 | INFO    | TRAIN | epoch=011/030 | batch=01750/05033 | loss=5.699049e-01 | stage_elapsed=00:19:05 | stage_eta=00:35:49 | data_wait=0.82s
2026-09-01 09:22:57 | INFO    | TRAIN | epoch=011/030 | batch=01800/05033 | loss=6.103641e-01 | stage_elapsed=00:19:39 | stage_eta=00:35:17 | data_wait=0.83s
2026-09-01 09:23:30 | INFO    | TRAIN | epoch=011/030 | batch=01850/05033 | loss=5.010214e-01 | stage_elapsed=00:20:12 | stage_eta=00:34:45 | data_wait=0.84s
2026-09-01 09:24:04 | INFO    | TRAIN | epoch=011/030 | batch=01900/05033 | loss=5.375804e-01 | stage_elapsed=00:20:46 | stage_eta=00:34:14 | data_wait=0.86s
2026-09-01 09:24:35 | INFO    | TRAIN | epoch=011/030 | batch=01950/05033 | loss=5.555195e-01 | stage_elapsed=00:21:17 | stage_eta=00:33:39 | data_wait=0.88s
2026-09-01 09:25:05 | INFO    | TRAIN | epoch=011/030 | batch=02000/05033 | loss=4.280170e-01 | stage_elapsed=00:21:47 | stage_eta=00:33:02 | data_wait=0.90s
2026-09-01 09:25:39 | INFO    | TRAIN | epoch=011/030 | batch=02050/05033 | loss=5.328447e-01 | stage_elapsed=00:22:20 | stage_eta=00:32:31 | data_wait=0.91s
2026-09-01 09:26:12 | INFO    | TRAIN | epoch=011/030 | batch=02100/05033 | loss=6.665479e-01 | stage_elapsed=00:22:53 | stage_eta=00:31:58 | data_wait=0.92s
2026-09-01 09:26:46 | INFO    | TRAIN | epoch=011/030 | batch=02150/05033 | loss=5.862155e-01 | stage_elapsed=00:23:27 | stage_eta=00:31:27 | data_wait=0.93s
2026-09-01 09:27:19 | INFO    | TRAIN | epoch=011/030 | batch=02200/05033 | loss=5.242097e-01 | stage_elapsed=00:24:01 | stage_eta=00:30:56 | data_wait=0.94s
2026-09-01 09:27:53 | INFO    | TRAIN | epoch=011/030 | batch=02250/05033 | loss=6.132284e-01 | stage_elapsed=00:24:35 | stage_eta=00:30:25 | data_wait=0.95s
2026-09-01 09:28:25 | INFO    | TRAIN | epoch=011/030 | batch=02300/05033 | loss=4.326332e-01 | stage_elapsed=00:25:07 | stage_eta=00:29:51 | data_wait=0.97s
2026-09-01 09:28:58 | INFO    | TRAIN | epoch=011/030 | batch=02350/05033 | loss=5.411834e-01 | stage_elapsed=00:25:40 | stage_eta=00:29:18 | data_wait=0.98s
2026-09-01 09:29:30 | INFO    | TRAIN | epoch=011/030 | batch=02400/05033 | loss=5.847964e-01 | stage_elapsed=00:26:12 | stage_eta=00:28:45 | data_wait=1.01s
2026-09-01 09:30:02 | INFO    | TRAIN | epoch=011/030 | batch=02450/05033 | loss=6.134652e-01 | stage_elapsed=00:26:43 | stage_eta=00:28:11 | data_wait=1.03s
2026-09-01 09:30:35 | INFO    | TRAIN | epoch=011/030 | batch=02500/05033 | loss=5.527080e-01 | stage_elapsed=00:27:17 | stage_eta=00:27:39 | data_wait=1.04s
2026-09-01 09:31:09 | INFO    | TRAIN | epoch=011/030 | batch=02550/05033 | loss=5.270808e-01 | stage_elapsed=00:27:51 | stage_eta=00:27:07 | data_wait=1.05s
2026-09-01 09:31:42 | INFO    | TRAIN | epoch=011/030 | batch=02600/05033 | loss=4.976673e-01 | stage_elapsed=00:28:24 | stage_eta=00:26:34 | data_wait=1.06s
2026-09-01 09:32:13 | INFO    | TRAIN | epoch=011/030 | batch=02650/05033 | loss=5.371137e-01 | stage_elapsed=00:28:55 | stage_eta=00:26:00 | data_wait=1.07s
2026-09-01 09:32:46 | INFO    | TRAIN | epoch=011/030 | batch=02700/05033 | loss=5.476918e-01 | stage_elapsed=00:29:28 | stage_eta=00:25:28 | data_wait=1.08s
2026-09-01 09:33:20 | INFO    | TRAIN | epoch=011/030 | batch=02750/05033 | loss=5.111211e-01 | stage_elapsed=00:30:02 | stage_eta=00:24:56 | data_wait=1.09s
2026-09-01 09:33:53 | INFO    | TRAIN | epoch=011/030 | batch=02800/05033 | loss=4.628108e-01 | stage_elapsed=00:30:35 | stage_eta=00:24:23 | data_wait=1.11s
2026-09-01 09:34:24 | INFO    | TRAIN | epoch=011/030 | batch=02850/05033 | loss=4.992491e-01 | stage_elapsed=00:31:06 | stage_eta=00:23:50 | data_wait=1.13s
2026-09-01 09:34:57 | INFO    | TRAIN | epoch=011/030 | batch=02900/05033 | loss=5.161479e-01 | stage_elapsed=00:31:39 | stage_eta=00:23:16 | data_wait=1.15s
2026-09-01 09:35:30 | INFO    | TRAIN | epoch=011/030 | batch=02950/05033 | loss=5.527682e-01 | stage_elapsed=00:32:12 | stage_eta=00:22:44 | data_wait=1.16s
2026-09-01 09:36:01 | INFO    | TRAIN | epoch=011/030 | batch=03000/05033 | loss=6.171871e-01 | stage_elapsed=00:32:43 | stage_eta=00:22:10 | data_wait=1.17s
2026-09-01 09:36:34 | INFO    | TRAIN | epoch=011/030 | batch=03050/05033 | loss=5.624374e-01 | stage_elapsed=00:33:16 | stage_eta=00:21:38 | data_wait=1.18s
2026-09-01 09:37:08 | INFO    | TRAIN | epoch=011/030 | batch=03100/05033 | loss=4.232131e-01 | stage_elapsed=00:33:50 | stage_eta=00:21:06 | data_wait=1.19s
2026-09-01 09:37:42 | INFO    | TRAIN | epoch=011/030 | batch=03150/05033 | loss=5.638942e-01 | stage_elapsed=00:34:24 | stage_eta=00:20:34 | data_wait=1.20s
2026-09-01 09:38:14 | INFO    | TRAIN | epoch=011/030 | batch=03200/05033 | loss=5.322526e-01 | stage_elapsed=00:34:56 | stage_eta=00:20:01 | data_wait=1.21s
2026-09-01 09:38:47 | INFO    | TRAIN | epoch=011/030 | batch=03250/05033 | loss=5.317071e-01 | stage_elapsed=00:35:29 | stage_eta=00:19:28 | data_wait=1.23s
2026-09-01 09:39:18 | INFO    | TRAIN | epoch=011/030 | batch=03300/05033 | loss=5.858844e-01 | stage_elapsed=00:36:00 | stage_eta=00:18:54 | data_wait=1.25s
2026-09-01 09:39:50 | INFO    | TRAIN | epoch=011/030 | batch=03350/05033 | loss=6.006197e-01 | stage_elapsed=00:36:32 | stage_eta=00:18:21 | data_wait=1.27s
2026-09-01 09:40:23 | INFO    | TRAIN | epoch=011/030 | batch=03400/05033 | loss=4.382272e-01 | stage_elapsed=00:37:05 | stage_eta=00:17:49 | data_wait=1.28s
2026-09-01 09:40:56 | INFO    | TRAIN | epoch=011/030 | batch=03450/05033 | loss=5.159357e-01 | stage_elapsed=00:37:38 | stage_eta=00:17:16 | data_wait=1.29s
2026-09-01 09:41:29 | INFO    | TRAIN | epoch=011/030 | batch=03500/05033 | loss=5.198178e-01 | stage_elapsed=00:38:11 | stage_eta=00:16:44 | data_wait=1.30s
2026-09-01 09:42:03 | INFO    | TRAIN | epoch=011/030 | batch=03550/05033 | loss=5.017676e-01 | stage_elapsed=00:38:45 | stage_eta=00:16:11 | data_wait=1.31s
2026-09-01 09:42:36 | INFO    | TRAIN | epoch=011/030 | batch=03600/05033 | loss=5.539373e-01 | stage_elapsed=00:39:18 | stage_eta=00:15:39 | data_wait=1.32s
2026-09-01 09:43:08 | INFO    | TRAIN | epoch=011/030 | batch=03650/05033 | loss=5.445269e-01 | stage_elapsed=00:39:50 | stage_eta=00:15:06 | data_wait=1.33s
2026-09-01 09:43:41 | INFO    | TRAIN | epoch=011/030 | batch=03700/05033 | loss=5.233657e-01 | stage_elapsed=00:40:23 | stage_eta=00:14:33 | data_wait=1.35s
2026-09-01 09:44:12 | INFO    | TRAIN | epoch=011/030 | batch=03750/05033 | loss=5.357959e-01 | stage_elapsed=00:40:54 | stage_eta=00:14:00 | data_wait=1.37s
2026-09-01 09:44:46 | INFO    | TRAIN | epoch=011/030 | batch=03800/05033 | loss=5.349625e-01 | stage_elapsed=00:41:28 | stage_eta=00:13:27 | data_wait=1.38s
2026-09-01 09:45:20 | INFO    | TRAIN | epoch=011/030 | batch=03850/05033 | loss=5.526053e-01 | stage_elapsed=00:42:02 | stage_eta=00:12:55 | data_wait=1.39s
2026-09-01 09:45:54 | INFO    | TRAIN | epoch=011/030 | batch=03900/05033 | loss=5.034399e-01 | stage_elapsed=00:42:36 | stage_eta=00:12:23 | data_wait=1.40s
2026-09-01 09:46:26 | INFO    | TRAIN | epoch=011/030 | batch=03950/05033 | loss=5.974872e-01 | stage_elapsed=00:43:07 | stage_eta=00:11:49 | data_wait=1.41s
2026-09-01 09:46:59 | INFO    | TRAIN | epoch=011/030 | batch=04000/05033 | loss=5.095779e-01 | stage_elapsed=00:43:41 | stage_eta=00:11:17 | data_wait=1.42s
2026-09-01 09:47:32 | INFO    | TRAIN | epoch=011/030 | batch=04050/05033 | loss=5.673223e-01 | stage_elapsed=00:44:14 | stage_eta=00:10:44 | data_wait=1.44s
2026-09-01 09:48:06 | INFO    | TRAIN | epoch=011/030 | batch=04100/05033 | loss=5.319468e-01 | stage_elapsed=00:44:48 | stage_eta=00:10:12 | data_wait=1.45s
2026-09-01 09:48:37 | INFO    | TRAIN | epoch=011/030 | batch=04150/05033 | loss=5.043939e-01 | stage_elapsed=00:45:19 | stage_eta=00:09:38 | data_wait=1.47s
2026-09-01 09:49:09 | INFO    | TRAIN | epoch=011/030 | batch=04200/05033 | loss=5.711554e-01 | stage_elapsed=00:45:51 | stage_eta=00:09:06 | data_wait=1.49s
2026-09-01 09:49:42 | INFO    | TRAIN | epoch=011/030 | batch=04250/05033 | loss=4.947295e-01 | stage_elapsed=00:46:24 | stage_eta=00:08:33 | data_wait=1.50s
2026-09-01 09:50:13 | INFO    | TRAIN | epoch=011/030 | batch=04300/05033 | loss=5.583022e-01 | stage_elapsed=00:46:55 | stage_eta=00:08:00 | data_wait=1.51s
2026-09-01 09:50:47 | INFO    | TRAIN | epoch=011/030 | batch=04350/05033 | loss=4.894753e-01 | stage_elapsed=00:47:29 | stage_eta=00:07:27 | data_wait=1.52s
2026-09-01 09:51:21 | INFO    | TRAIN | epoch=011/030 | batch=04400/05033 | loss=5.452442e-01 | stage_elapsed=00:48:03 | stage_eta=00:06:55 | data_wait=1.53s
2026-09-01 09:51:55 | INFO    | TRAIN | epoch=011/030 | batch=04450/05033 | loss=5.320517e-01 | stage_elapsed=00:48:37 | stage_eta=00:06:22 | data_wait=1.55s
2026-09-01 09:52:28 | INFO    | TRAIN | epoch=011/030 | batch=04500/05033 | loss=5.203062e-01 | stage_elapsed=00:49:10 | stage_eta=00:05:49 | data_wait=1.56s
2026-09-01 09:53:01 | INFO    | TRAIN | epoch=011/030 | batch=04550/05033 | loss=6.048531e-01 | stage_elapsed=00:49:42 | stage_eta=00:05:17 | data_wait=1.57s
2026-09-01 09:53:32 | INFO    | TRAIN | epoch=011/030 | batch=04600/05033 | loss=5.183855e-01 | stage_elapsed=00:50:14 | stage_eta=00:04:44 | data_wait=1.59s
2026-09-01 09:54:03 | INFO    | TRAIN | epoch=011/030 | batch=04650/05033 | loss=4.657441e-01 | stage_elapsed=00:50:45 | stage_eta=00:04:11 | data_wait=1.61s
2026-09-01 09:54:37 | INFO    | TRAIN | epoch=011/030 | batch=04700/05033 | loss=5.448381e-01 | stage_elapsed=00:51:19 | stage_eta=00:03:38 | data_wait=1.62s
2026-09-01 09:55:10 | INFO    | TRAIN | epoch=011/030 | batch=04750/05033 | loss=4.874629e-01 | stage_elapsed=00:51:52 | stage_eta=00:03:05 | data_wait=1.63s
2026-09-01 09:55:43 | INFO    | TRAIN | epoch=011/030 | batch=04800/05033 | loss=4.553076e-01 | stage_elapsed=00:52:25 | stage_eta=00:02:33 | data_wait=1.64s
2026-09-01 09:56:17 | INFO    | TRAIN | epoch=011/030 | batch=04850/05033 | loss=4.828773e-01 | stage_elapsed=00:52:59 | stage_eta=00:02:00 | data_wait=1.66s
2026-09-01 09:56:51 | INFO    | TRAIN | epoch=011/030 | batch=04900/05033 | loss=4.747473e-01 | stage_elapsed=00:53:33 | stage_eta=00:01:27 | data_wait=1.67s
2026-09-01 09:57:22 | INFO    | TRAIN | epoch=011/030 | batch=04950/05033 | loss=5.078900e-01 | stage_elapsed=00:54:04 | stage_eta=00:00:54 | data_wait=1.68s
2026-09-01 09:57:54 | INFO    | TRAIN | epoch=011/030 | batch=05000/05033 | loss=5.586962e-01 | stage_elapsed=00:54:35 | stage_eta=00:00:22 | data_wait=1.70s
2026-09-01 09:58:16 | INFO    | TRAIN | epoch=011/030 | batch=05033/05033 | loss=4.559066e-01 | stage_elapsed=00:54:58 | stage_eta=00:00:00 | data_wait=1.71s
2026-09-01 09:58:31 | INFO    | VAL | epoch=011/030 | batch=00050/00212 | loss=4.918826e-01 | stage_elapsed=00:00:15 | stage_eta=00:00:49 | data_wait=0.29s
2026-09-01 09:58:46 | INFO    | VAL | epoch=011/030 | batch=00100/00212 | loss=5.789401e-01 | stage_elapsed=00:00:31 | stage_eta=00:00:34 | data_wait=0.30s
2026-09-01 09:59:01 | INFO    | VAL | epoch=011/030 | batch=00150/00212 | loss=5.964824e-01 | stage_elapsed=00:00:46 | stage_eta=00:00:19 | data_wait=0.32s
2026-09-01 09:59:17 | INFO    | VAL | epoch=011/030 | batch=00200/00212 | loss=5.736684e-01 | stage_elapsed=00:01:01 | stage_eta=00:00:04 | data_wait=0.33s
2026-09-01 09:59:21 | INFO    | VAL | epoch=011/030 | batch=00212/00212 | loss=7.046162e-01 | stage_elapsed=00:01:05 | stage_eta=00:00:00 | data_wait=0.33s
2026-09-01 09:59:21 | INFO    | Epoch 011 complete | train=5.293309e-01 | val=5.842791e-01 | best=5.528419e-01 | lr=1.000e-03 | epoch_time=00:56:03 | run_elapsed=10:18:36 | eta=17:48:29 | finish=2026-09-02 03:47:50 CST
2026-09-01 09:59:55 | INFO    | TRAIN | epoch=012/030 | batch=00050/05033 | loss=4.669163e-01 | stage_elapsed=00:00:34 | stage_eta=00:56:09 | data_wait=0.33s
2026-09-01 10:00:28 | INFO    | TRAIN | epoch=012/030 | batch=00100/05033 | loss=5.452535e-01 | stage_elapsed=00:01:07 | stage_eta=00:54:55 | data_wait=0.35s
2026-09-01 10:01:00 | INFO    | TRAIN | epoch=012/030 | batch=00150/05033 | loss=4.973013e-01 | stage_elapsed=00:01:39 | stage_eta=00:53:34 | data_wait=0.36s
2026-09-01 10:01:33 | INFO    | TRAIN | epoch=012/030 | batch=00200/05033 | loss=4.515177e-01 | stage_elapsed=00:02:12 | stage_eta=00:53:03 | data_wait=0.38s
2026-09-01 10:02:06 | INFO    | TRAIN | epoch=012/030 | batch=00250/05033 | loss=5.202571e-01 | stage_elapsed=00:02:45 | stage_eta=00:52:37 | data_wait=0.39s
2026-09-01 10:02:38 | INFO    | TRAIN | epoch=012/030 | batch=00300/05033 | loss=4.806316e-01 | stage_elapsed=00:03:17 | stage_eta=00:51:48 | data_wait=0.42s
2026-09-01 10:03:11 | INFO    | TRAIN | epoch=012/030 | batch=00350/05033 | loss=5.418178e-01 | stage_elapsed=00:03:50 | stage_eta=00:51:18 | data_wait=0.43s
2026-09-01 10:03:44 | INFO    | TRAIN | epoch=012/030 | batch=00400/05033 | loss=5.746644e-01 | stage_elapsed=00:04:23 | stage_eta=00:50:46 | data_wait=0.45s
2026-09-01 10:04:17 | INFO    | TRAIN | epoch=012/030 | batch=00450/05033 | loss=5.162191e-01 | stage_elapsed=00:04:56 | stage_eta=00:50:19 | data_wait=0.46s
2026-09-01 10:04:50 | INFO    | TRAIN | epoch=012/030 | batch=00500/05033 | loss=4.496857e-01 | stage_elapsed=00:05:29 | stage_eta=00:49:40 | data_wait=0.47s
2026-09-01 10:05:23 | INFO    | TRAIN | epoch=012/030 | batch=00550/05033 | loss=5.651499e-01 | stage_elapsed=00:06:02 | stage_eta=00:49:14 | data_wait=0.48s
2026-09-01 10:05:57 | INFO    | TRAIN | epoch=012/030 | batch=00600/05033 | loss=5.262755e-01 | stage_elapsed=00:06:36 | stage_eta=00:48:49 | data_wait=0.50s
2026-09-01 10:06:30 | INFO    | TRAIN | epoch=012/030 | batch=00650/05033 | loss=5.274673e-01 | stage_elapsed=00:07:09 | stage_eta=00:48:10 | data_wait=0.51s
2026-09-01 10:07:02 | INFO    | TRAIN | epoch=012/030 | batch=00700/05033 | loss=4.818889e-01 | stage_elapsed=00:07:41 | stage_eta=00:47:33 | data_wait=0.53s
2026-09-01 10:07:34 | INFO    | TRAIN | epoch=012/030 | batch=00750/05033 | loss=5.441887e-01 | stage_elapsed=00:08:13 | stage_eta=00:46:55 | data_wait=0.55s
2026-09-01 10:08:06 | INFO    | TRAIN | epoch=012/030 | batch=00800/05033 | loss=4.447483e-01 | stage_elapsed=00:08:45 | stage_eta=00:46:19 | data_wait=0.56s
2026-09-01 10:08:39 | INFO    | TRAIN | epoch=012/030 | batch=00850/05033 | loss=5.602926e-01 | stage_elapsed=00:09:18 | stage_eta=00:45:46 | data_wait=0.57s
2026-09-01 10:09:12 | INFO    | TRAIN | epoch=012/030 | batch=00900/05033 | loss=5.730801e-01 | stage_elapsed=00:09:51 | stage_eta=00:45:13 | data_wait=0.58s
2026-09-01 10:09:45 | INFO    | TRAIN | epoch=012/030 | batch=00950/05033 | loss=5.486475e-01 | stage_elapsed=00:10:24 | stage_eta=00:44:42 | data_wait=0.59s
2026-09-01 10:10:19 | INFO    | TRAIN | epoch=012/030 | batch=01000/05033 | loss=4.524451e-01 | stage_elapsed=00:10:58 | stage_eta=00:44:13 | data_wait=0.61s
2026-09-01 10:10:53 | INFO    | TRAIN | epoch=012/030 | batch=01050/05033 | loss=5.583419e-01 | stage_elapsed=00:11:32 | stage_eta=00:43:44 | data_wait=0.62s
2026-09-01 10:11:25 | INFO    | TRAIN | epoch=012/030 | batch=01100/05033 | loss=4.781643e-01 | stage_elapsed=00:12:04 | stage_eta=00:43:09 | data_wait=0.64s
2026-09-01 10:11:55 | INFO    | TRAIN | epoch=012/030 | batch=01150/05033 | loss=4.991165e-01 | stage_elapsed=00:12:34 | stage_eta=00:42:27 | data_wait=0.65s
2026-09-01 10:12:28 | INFO    | TRAIN | epoch=012/030 | batch=01200/05033 | loss=5.598011e-01 | stage_elapsed=00:13:07 | stage_eta=00:41:53 | data_wait=0.67s
2026-09-01 10:13:01 | INFO    | TRAIN | epoch=012/030 | batch=01250/05033 | loss=4.661908e-01 | stage_elapsed=00:13:40 | stage_eta=00:41:22 | data_wait=0.68s
2026-09-01 10:13:36 | INFO    | TRAIN | epoch=012/030 | batch=01300/05033 | loss=4.778571e-01 | stage_elapsed=00:14:15 | stage_eta=00:40:54 | data_wait=0.69s
2026-09-01 10:14:09 | INFO    | TRAIN | epoch=012/030 | batch=01350/05033 | loss=4.939414e-01 | stage_elapsed=00:14:48 | stage_eta=00:40:21 | data_wait=0.70s
2026-09-01 10:14:42 | INFO    | TRAIN | epoch=012/030 | batch=01400/05033 | loss=4.846112e-01 | stage_elapsed=00:15:21 | stage_eta=00:39:50 | data_wait=0.72s
2026-09-01 10:15:15 | INFO    | TRAIN | epoch=012/030 | batch=01450/05033 | loss=5.223336e-01 | stage_elapsed=00:15:54 | stage_eta=00:39:17 | data_wait=0.73s
2026-09-01 10:15:47 | INFO    | TRAIN | epoch=012/030 | batch=01500/05033 | loss=5.005480e-01 | stage_elapsed=00:16:26 | stage_eta=00:38:42 | data_wait=0.74s
2026-09-01 10:16:19 | INFO    | TRAIN | epoch=012/030 | batch=01550/05033 | loss=4.698171e-01 | stage_elapsed=00:16:58 | stage_eta=00:38:07 | data_wait=0.75s
2026-09-01 10:16:50 | INFO    | TRAIN | epoch=012/030 | batch=01600/05033 | loss=5.424221e-01 | stage_elapsed=00:17:29 | stage_eta=00:37:32 | data_wait=0.77s
2026-09-01 10:17:23 | INFO    | TRAIN | epoch=012/030 | batch=01650/05033 | loss=5.231853e-01 | stage_elapsed=00:18:02 | stage_eta=00:36:58 | data_wait=0.78s
2026-09-01 10:17:56 | INFO    | TRAIN | epoch=012/030 | batch=01700/05033 | loss=5.424360e-01 | stage_elapsed=00:18:35 | stage_eta=00:36:27 | data_wait=0.79s
2026-09-01 10:18:30 | INFO    | TRAIN | epoch=012/030 | batch=01750/05033 | loss=5.443183e-01 | stage_elapsed=00:19:09 | stage_eta=00:35:55 | data_wait=0.80s
2026-09-01 10:19:03 | INFO    | TRAIN | epoch=012/030 | batch=01800/05033 | loss=5.262668e-01 | stage_elapsed=00:19:42 | stage_eta=00:35:23 | data_wait=0.82s
2026-09-01 10:19:36 | INFO    | TRAIN | epoch=012/030 | batch=01850/05033 | loss=5.764835e-01 | stage_elapsed=00:20:15 | stage_eta=00:34:50 | data_wait=0.83s
2026-09-01 10:20:09 | INFO    | TRAIN | epoch=012/030 | batch=01900/05033 | loss=5.586095e-01 | stage_elapsed=00:20:48 | stage_eta=00:34:19 | data_wait=0.84s
2026-09-01 10:20:42 | INFO    | TRAIN | epoch=012/030 | batch=01950/05033 | loss=6.860963e-01 | stage_elapsed=00:21:21 | stage_eta=00:33:46 | data_wait=0.86s
2026-09-01 10:21:15 | INFO    | TRAIN | epoch=012/030 | batch=02000/05033 | loss=5.101286e-01 | stage_elapsed=00:21:54 | stage_eta=00:33:12 | data_wait=0.88s
2026-09-01 10:21:47 | INFO    | TRAIN | epoch=012/030 | batch=02050/05033 | loss=4.652193e-01 | stage_elapsed=00:22:26 | stage_eta=00:32:39 | data_wait=0.89s
2026-09-01 10:22:20 | INFO    | TRAIN | epoch=012/030 | batch=02100/05033 | loss=4.028739e-01 | stage_elapsed=00:22:59 | stage_eta=00:32:06 | data_wait=0.90s
2026-09-01 10:22:52 | INFO    | TRAIN | epoch=012/030 | batch=02150/05033 | loss=5.116221e-01 | stage_elapsed=00:23:31 | stage_eta=00:31:32 | data_wait=0.92s
2026-09-01 10:23:26 | INFO    | TRAIN | epoch=012/030 | batch=02200/05033 | loss=3.692315e-01 | stage_elapsed=00:24:05 | stage_eta=00:31:01 | data_wait=0.93s
2026-09-01 10:23:59 | INFO    | TRAIN | epoch=012/030 | batch=02250/05033 | loss=5.068182e-01 | stage_elapsed=00:24:38 | stage_eta=00:30:28 | data_wait=0.94s
2026-09-01 10:24:33 | INFO    | TRAIN | epoch=012/030 | batch=02300/05033 | loss=6.341840e-01 | stage_elapsed=00:25:12 | stage_eta=00:29:57 | data_wait=0.95s
2026-09-01 10:25:06 | INFO    | TRAIN | epoch=012/030 | batch=02350/05033 | loss=4.565576e-01 | stage_elapsed=00:25:45 | stage_eta=00:29:24 | data_wait=0.96s
2026-09-01 10:25:38 | INFO    | TRAIN | epoch=012/030 | batch=02400/05033 | loss=5.146068e-01 | stage_elapsed=00:26:17 | stage_eta=00:28:50 | data_wait=0.98s
2026-09-01 10:26:10 | INFO    | TRAIN | epoch=012/030 | batch=02450/05033 | loss=5.346023e-01 | stage_elapsed=00:26:49 | stage_eta=00:28:17 | data_wait=1.00s
2026-09-01 10:26:40 | INFO    | TRAIN | epoch=012/030 | batch=02500/05033 | loss=4.416542e-01 | stage_elapsed=00:27:19 | stage_eta=00:27:41 | data_wait=1.01s
2026-09-01 10:27:15 | INFO    | TRAIN | epoch=012/030 | batch=02550/05033 | loss=4.996867e-01 | stage_elapsed=00:27:54 | stage_eta=00:27:10 | data_wait=1.03s
2026-09-01 10:27:48 | INFO    | TRAIN | epoch=012/030 | batch=02600/05033 | loss=4.749724e-01 | stage_elapsed=00:28:27 | stage_eta=00:26:38 | data_wait=1.04s
2026-09-01 10:28:21 | INFO    | TRAIN | epoch=012/030 | batch=02650/05033 | loss=5.326277e-01 | stage_elapsed=00:29:00 | stage_eta=00:26:05 | data_wait=1.05s
2026-09-01 10:28:54 | INFO    | TRAIN | epoch=012/030 | batch=02700/05033 | loss=5.170434e-01 | stage_elapsed=00:29:33 | stage_eta=00:25:32 | data_wait=1.06s
2026-09-01 10:29:27 | INFO    | TRAIN | epoch=012/030 | batch=02750/05033 | loss=4.629215e-01 | stage_elapsed=00:30:06 | stage_eta=00:25:00 | data_wait=1.08s
2026-09-01 10:30:00 | INFO    | TRAIN | epoch=012/030 | batch=02800/05033 | loss=5.770528e-01 | stage_elapsed=00:30:39 | stage_eta=00:24:26 | data_wait=1.09s
2026-09-01 10:30:31 | INFO    | TRAIN | epoch=012/030 | batch=02850/05033 | loss=4.191600e-01 | stage_elapsed=00:31:10 | stage_eta=00:23:52 | data_wait=1.11s
2026-09-01 10:31:04 | INFO    | TRAIN | epoch=012/030 | batch=02900/05033 | loss=4.997463e-01 | stage_elapsed=00:31:43 | stage_eta=00:23:19 | data_wait=1.12s
2026-09-01 10:31:37 | INFO    | TRAIN | epoch=012/030 | batch=02950/05033 | loss=4.168007e-01 | stage_elapsed=00:32:16 | stage_eta=00:22:47 | data_wait=1.14s
2026-09-01 10:32:10 | INFO    | TRAIN | epoch=012/030 | batch=03000/05033 | loss=6.190503e-01 | stage_elapsed=00:32:49 | stage_eta=00:22:14 | data_wait=1.15s
2026-09-01 10:32:44 | INFO    | TRAIN | epoch=012/030 | batch=03050/05033 | loss=5.894662e-01 | stage_elapsed=00:33:23 | stage_eta=00:21:42 | data_wait=1.16s
2026-09-01 10:33:17 | INFO    | TRAIN | epoch=012/030 | batch=03100/05033 | loss=4.288403e-01 | stage_elapsed=00:33:56 | stage_eta=00:21:10 | data_wait=1.17s
2026-09-01 10:33:49 | INFO    | TRAIN | epoch=012/030 | batch=03150/05033 | loss=5.919994e-01 | stage_elapsed=00:34:28 | stage_eta=00:20:36 | data_wait=1.18s
2026-09-01 10:34:21 | INFO    | TRAIN | epoch=012/030 | batch=03200/05033 | loss=6.045718e-01 | stage_elapsed=00:35:00 | stage_eta=00:20:03 | data_wait=1.20s
2026-09-01 10:34:53 | INFO    | TRAIN | epoch=012/030 | batch=03250/05033 | loss=5.293468e-01 | stage_elapsed=00:35:32 | stage_eta=00:19:30 | data_wait=1.22s
2026-09-01 10:35:26 | INFO    | TRAIN | epoch=012/030 | batch=03300/05033 | loss=6.411555e-01 | stage_elapsed=00:36:05 | stage_eta=00:18:57 | data_wait=1.23s
2026-09-01 10:35:59 | INFO    | TRAIN | epoch=012/030 | batch=03350/05033 | loss=4.774905e-01 | stage_elapsed=00:36:38 | stage_eta=00:18:24 | data_wait=1.24s
2026-09-01 10:36:33 | INFO    | TRAIN | epoch=012/030 | batch=03400/05033 | loss=5.173900e-01 | stage_elapsed=00:37:12 | stage_eta=00:17:52 | data_wait=1.25s
2026-09-01 10:37:06 | INFO    | TRAIN | epoch=012/030 | batch=03450/05033 | loss=4.839011e-01 | stage_elapsed=00:37:45 | stage_eta=00:17:19 | data_wait=1.26s
2026-09-01 10:37:37 | INFO    | TRAIN | epoch=012/030 | batch=03500/05033 | loss=4.879446e-01 | stage_elapsed=00:38:16 | stage_eta=00:16:46 | data_wait=1.28s
2026-09-01 10:38:10 | INFO    | TRAIN | epoch=012/030 | batch=03550/05033 | loss=5.197920e-01 | stage_elapsed=00:38:49 | stage_eta=00:16:13 | data_wait=1.29s
2026-09-01 10:38:43 | INFO    | TRAIN | epoch=012/030 | batch=03600/05033 | loss=5.992388e-01 | stage_elapsed=00:39:22 | stage_eta=00:15:40 | data_wait=1.30s
2026-09-01 10:39:14 | INFO    | TRAIN | epoch=012/030 | batch=03650/05033 | loss=4.559201e-01 | stage_elapsed=00:39:53 | stage_eta=00:15:07 | data_wait=1.31s
2026-09-01 10:39:46 | INFO    | TRAIN | epoch=012/030 | batch=03700/05033 | loss=4.424039e-01 | stage_elapsed=00:40:25 | stage_eta=00:14:34 | data_wait=1.33s
2026-09-01 10:40:19 | INFO    | TRAIN | epoch=012/030 | batch=03750/05033 | loss=4.935101e-01 | stage_elapsed=00:40:58 | stage_eta=00:14:01 | data_wait=1.35s
2026-09-01 10:40:52 | INFO    | TRAIN | epoch=012/030 | batch=03800/05033 | loss=5.399409e-01 | stage_elapsed=00:41:31 | stage_eta=00:13:28 | data_wait=1.36s
2026-09-01 10:41:23 | INFO    | TRAIN | epoch=012/030 | batch=03850/05033 | loss=4.733079e-01 | stage_elapsed=00:42:02 | stage_eta=00:12:55 | data_wait=1.37s
2026-09-01 10:41:58 | INFO    | TRAIN | epoch=012/030 | batch=03900/05033 | loss=6.371084e-01 | stage_elapsed=00:42:37 | stage_eta=00:12:23 | data_wait=1.39s
2026-09-01 10:42:31 | INFO    | TRAIN | epoch=012/030 | batch=03950/05033 | loss=5.882606e-01 | stage_elapsed=00:43:10 | stage_eta=00:11:50 | data_wait=1.40s
2026-09-01 10:43:04 | INFO    | TRAIN | epoch=012/030 | batch=04000/05033 | loss=4.484178e-01 | stage_elapsed=00:43:43 | stage_eta=00:11:17 | data_wait=1.41s
2026-09-01 10:43:36 | INFO    | TRAIN | epoch=012/030 | batch=04050/05033 | loss=4.974648e-01 | stage_elapsed=00:44:15 | stage_eta=00:10:44 | data_wait=1.43s
2026-09-01 10:44:08 | INFO    | TRAIN | epoch=012/030 | batch=04100/05033 | loss=4.708450e-01 | stage_elapsed=00:44:48 | stage_eta=00:10:12 | data_wait=1.45s
2026-09-01 10:44:41 | INFO    | TRAIN | epoch=012/030 | batch=04150/05033 | loss=4.967780e-01 | stage_elapsed=00:45:20 | stage_eta=00:09:39 | data_wait=1.46s
2026-09-01 10:45:13 | INFO    | TRAIN | epoch=012/030 | batch=04200/05033 | loss=5.742182e-01 | stage_elapsed=00:45:52 | stage_eta=00:09:06 | data_wait=1.48s
2026-09-01 10:45:46 | INFO    | TRAIN | epoch=012/030 | batch=04250/05033 | loss=5.628230e-01 | stage_elapsed=00:46:25 | stage_eta=00:08:33 | data_wait=1.49s
2026-09-01 10:46:19 | INFO    | TRAIN | epoch=012/030 | batch=04300/05033 | loss=5.315111e-01 | stage_elapsed=00:46:58 | stage_eta=00:08:00 | data_wait=1.50s
2026-09-01 10:46:52 | INFO    | TRAIN | epoch=012/030 | batch=04350/05033 | loss=4.689201e-01 | stage_elapsed=00:47:31 | stage_eta=00:07:28 | data_wait=1.51s
2026-09-01 10:47:26 | INFO    | TRAIN | epoch=012/030 | batch=04400/05033 | loss=6.256945e-01 | stage_elapsed=00:48:05 | stage_eta=00:06:55 | data_wait=1.52s
2026-09-01 10:47:59 | INFO    | TRAIN | epoch=012/030 | batch=04450/05033 | loss=5.292761e-01 | stage_elapsed=00:48:38 | stage_eta=00:06:22 | data_wait=1.53s
2026-09-01 10:48:28 | INFO    | TRAIN | epoch=012/030 | batch=04500/05033 | loss=5.905316e-01 | stage_elapsed=00:49:07 | stage_eta=00:05:49 | data_wait=1.55s
2026-09-01 10:49:00 | INFO    | TRAIN | epoch=012/030 | batch=04550/05033 | loss=5.191243e-01 | stage_elapsed=00:49:39 | stage_eta=00:05:16 | data_wait=1.57s
2026-09-01 10:49:34 | INFO    | TRAIN | epoch=012/030 | batch=04600/05033 | loss=5.659615e-01 | stage_elapsed=00:50:13 | stage_eta=00:04:44 | data_wait=1.58s
2026-09-01 10:50:08 | INFO    | TRAIN | epoch=012/030 | batch=04650/05033 | loss=5.227499e-01 | stage_elapsed=00:50:47 | stage_eta=00:04:11 | data_wait=1.59s
2026-09-01 10:50:42 | INFO    | TRAIN | epoch=012/030 | batch=04700/05033 | loss=5.531539e-01 | stage_elapsed=00:51:21 | stage_eta=00:03:38 | data_wait=1.60s
2026-09-01 10:51:14 | INFO    | TRAIN | epoch=012/030 | batch=04750/05033 | loss=5.161550e-01 | stage_elapsed=00:51:53 | stage_eta=00:03:05 | data_wait=1.61s
2026-09-01 10:51:47 | INFO    | TRAIN | epoch=012/030 | batch=04800/05033 | loss=5.379307e-01 | stage_elapsed=00:52:26 | stage_eta=00:02:33 | data_wait=1.62s
2026-09-01 10:52:20 | INFO    | TRAIN | epoch=012/030 | batch=04850/05033 | loss=4.683559e-01 | stage_elapsed=00:52:59 | stage_eta=00:02:00 | data_wait=1.64s
2026-09-01 10:52:52 | INFO    | TRAIN | epoch=012/030 | batch=04900/05033 | loss=6.092203e-01 | stage_elapsed=00:53:31 | stage_eta=00:01:27 | data_wait=1.65s
2026-09-01 10:53:24 | INFO    | TRAIN | epoch=012/030 | batch=04950/05033 | loss=4.426479e-01 | stage_elapsed=00:54:03 | stage_eta=00:00:54 | data_wait=1.67s
2026-09-01 10:53:57 | INFO    | TRAIN | epoch=012/030 | batch=05000/05033 | loss=5.314690e-01 | stage_elapsed=00:54:36 | stage_eta=00:00:22 | data_wait=1.68s
2026-09-01 10:54:20 | INFO    | TRAIN | epoch=012/030 | batch=05033/05033 | loss=4.783273e-01 | stage_elapsed=00:54:59 | stage_eta=00:00:00 | data_wait=1.69s
2026-09-01 10:54:36 | INFO    | VAL | epoch=012/030 | batch=00050/00212 | loss=4.672093e-01 | stage_elapsed=00:00:16 | stage_eta=00:00:52 | data_wait=0.33s
2026-09-01 10:54:51 | INFO    | VAL | epoch=012/030 | batch=00100/00212 | loss=5.386592e-01 | stage_elapsed=00:00:31 | stage_eta=00:00:35 | data_wait=0.34s
2026-09-01 10:55:07 | INFO    | VAL | epoch=012/030 | batch=00150/00212 | loss=5.569397e-01 | stage_elapsed=00:00:47 | stage_eta=00:00:19 | data_wait=0.35s
2026-09-01 10:55:22 | INFO    | VAL | epoch=012/030 | batch=00200/00212 | loss=5.115651e-01 | stage_elapsed=00:01:03 | stage_eta=00:00:04 | data_wait=0.36s
2026-09-01 10:55:26 | INFO    | VAL | epoch=012/030 | batch=00212/00212 | loss=6.687012e-01 | stage_elapsed=00:01:06 | stage_eta=00:00:00 | data_wait=0.36s
2026-09-01 10:55:27 | INFO    | Epoch 012 complete | train=5.185244e-01 | val=5.457651e-01 | best=5.457651e-01 | lr=1.000e-03 | epoch_time=00:56:06 | run_elapsed=11:14:42 | eta=16:52:02 | finish=2026-09-02 03:47:29 CST
2026-09-01 10:55:59 | INFO    | TRAIN | epoch=013/030 | batch=00050/05033 | loss=6.142893e-01 | stage_elapsed=00:00:32 | stage_eta=00:53:39 | data_wait=0.40s
2026-09-01 10:56:32 | INFO    | TRAIN | epoch=013/030 | batch=00100/05033 | loss=5.165477e-01 | stage_elapsed=00:01:06 | stage_eta=00:54:06 | data_wait=0.41s
2026-09-01 10:57:06 | INFO    | TRAIN | epoch=013/030 | batch=00150/05033 | loss=4.371428e-01 | stage_elapsed=00:01:39 | stage_eta=00:53:39 | data_wait=0.43s
2026-09-01 10:57:37 | INFO    | TRAIN | epoch=013/030 | batch=00200/05033 | loss=5.248886e-01 | stage_elapsed=00:02:10 | stage_eta=00:52:32 | data_wait=0.45s
2026-09-01 10:58:09 | INFO    | TRAIN | epoch=013/030 | batch=00250/05033 | loss=4.935006e-01 | stage_elapsed=00:02:42 | stage_eta=00:51:47 | data_wait=0.47s
2026-09-01 10:58:42 | INFO    | TRAIN | epoch=013/030 | batch=00300/05033 | loss=5.000610e-01 | stage_elapsed=00:03:15 | stage_eta=00:51:23 | data_wait=0.48s
2026-09-01 10:59:15 | INFO    | TRAIN | epoch=013/030 | batch=00350/05033 | loss=5.531697e-01 | stage_elapsed=00:03:48 | stage_eta=00:50:54 | data_wait=0.49s
2026-09-01 10:59:47 | INFO    | TRAIN | epoch=013/030 | batch=00400/05033 | loss=5.761733e-01 | stage_elapsed=00:04:21 | stage_eta=00:50:18 | data_wait=0.50s
2026-09-01 11:00:21 | INFO    | TRAIN | epoch=013/030 | batch=00450/05033 | loss=4.260112e-01 | stage_elapsed=00:04:55 | stage_eta=00:50:00 | data_wait=0.51s
2026-09-01 11:00:54 | INFO    | TRAIN | epoch=013/030 | batch=00500/05033 | loss=5.081279e-01 | stage_elapsed=00:05:28 | stage_eta=00:49:31 | data_wait=0.53s
2026-09-01 11:01:28 | INFO    | TRAIN | epoch=013/030 | batch=00550/05033 | loss=5.019279e-01 | stage_elapsed=00:06:01 | stage_eta=00:49:01 | data_wait=0.54s
2026-09-01 11:02:01 | INFO    | TRAIN | epoch=013/030 | batch=00600/05033 | loss=5.920208e-01 | stage_elapsed=00:06:34 | stage_eta=00:48:31 | data_wait=0.55s
2026-09-01 11:02:32 | INFO    | TRAIN | epoch=013/030 | batch=00650/05033 | loss=4.989265e-01 | stage_elapsed=00:07:06 | stage_eta=00:47:51 | data_wait=0.57s
2026-09-01 11:03:03 | INFO    | TRAIN | epoch=013/030 | batch=00700/05033 | loss=4.449240e-01 | stage_elapsed=00:07:37 | stage_eta=00:47:06 | data_wait=0.59s
2026-09-01 11:03:36 | INFO    | TRAIN | epoch=013/030 | batch=00750/05033 | loss=5.703080e-01 | stage_elapsed=00:08:10 | stage_eta=00:46:37 | data_wait=0.60s
2026-09-01 11:04:10 | INFO    | TRAIN | epoch=013/030 | batch=00800/05033 | loss=5.514718e-01 | stage_elapsed=00:08:43 | stage_eta=00:46:07 | data_wait=0.61s
2026-09-01 11:04:43 | INFO    | TRAIN | epoch=013/030 | batch=00850/05033 | loss=5.062247e-01 | stage_elapsed=00:09:17 | stage_eta=00:45:40 | data_wait=0.62s
2026-09-01 11:05:17 | INFO    | TRAIN | epoch=013/030 | batch=00900/05033 | loss=4.861984e-01 | stage_elapsed=00:09:50 | stage_eta=00:45:11 | data_wait=0.63s
2026-09-01 11:05:50 | INFO    | TRAIN | epoch=013/030 | batch=00950/05033 | loss=5.276229e-01 | stage_elapsed=00:10:24 | stage_eta=00:44:40 | data_wait=0.65s
2026-09-01 11:06:21 | INFO    | TRAIN | epoch=013/030 | batch=01000/05033 | loss=5.458632e-01 | stage_elapsed=00:10:55 | stage_eta=00:44:01 | data_wait=0.66s
2026-09-01 11:06:54 | INFO    | TRAIN | epoch=013/030 | batch=01050/05033 | loss=5.730364e-01 | stage_elapsed=00:11:28 | stage_eta=00:43:28 | data_wait=0.68s
2026-09-01 11:07:25 | INFO    | TRAIN | epoch=013/030 | batch=01100/05033 | loss=5.775964e-01 | stage_elapsed=00:11:59 | stage_eta=00:42:50 | data_wait=0.70s
2026-09-01 11:07:59 | INFO    | TRAIN | epoch=013/030 | batch=01150/05033 | loss=4.609804e-01 | stage_elapsed=00:12:33 | stage_eta=00:42:22 | data_wait=0.71s
2026-09-01 11:08:32 | INFO    | TRAIN | epoch=013/030 | batch=01200/05033 | loss=4.236842e-01 | stage_elapsed=00:13:06 | stage_eta=00:41:49 | data_wait=0.72s
2026-09-01 11:09:06 | INFO    | TRAIN | epoch=013/030 | batch=01250/05033 | loss=5.304742e-01 | stage_elapsed=00:13:39 | stage_eta=00:41:19 | data_wait=0.73s
2026-09-01 11:09:40 | INFO    | TRAIN | epoch=013/030 | batch=01300/05033 | loss=4.893886e-01 | stage_elapsed=00:14:13 | stage_eta=00:40:49 | data_wait=0.74s
2026-09-01 11:10:12 | INFO    | TRAIN | epoch=013/030 | batch=01350/05033 | loss=5.590308e-01 | stage_elapsed=00:14:45 | stage_eta=00:40:14 | data_wait=0.75s
2026-09-01 11:10:45 | INFO    | TRAIN | epoch=013/030 | batch=01400/05033 | loss=5.219818e-01 | stage_elapsed=00:15:19 | stage_eta=00:39:44 | data_wait=0.76s
2026-09-01 11:11:18 | INFO    | TRAIN | epoch=013/030 | batch=01450/05033 | loss=5.349402e-01 | stage_elapsed=00:15:51 | stage_eta=00:39:11 | data_wait=0.78s
2026-09-01 11:11:49 | INFO    | TRAIN | epoch=013/030 | batch=01500/05033 | loss=5.527309e-01 | stage_elapsed=00:16:22 | stage_eta=00:38:34 | data_wait=0.80s
2026-09-01 11:12:21 | INFO    | TRAIN | epoch=013/030 | batch=01550/05033 | loss=5.314506e-01 | stage_elapsed=00:16:55 | stage_eta=00:38:00 | data_wait=0.81s
2026-09-01 11:12:56 | INFO    | TRAIN | epoch=013/030 | batch=01600/05033 | loss=5.104709e-01 | stage_elapsed=00:17:29 | stage_eta=00:37:31 | data_wait=0.82s
2026-09-01 11:13:28 | INFO    | TRAIN | epoch=013/030 | batch=01650/05033 | loss=4.990218e-01 | stage_elapsed=00:18:01 | stage_eta=00:36:56 | data_wait=0.83s
2026-09-01 11:14:01 | INFO    | TRAIN | epoch=013/030 | batch=01700/05033 | loss=4.426892e-01 | stage_elapsed=00:18:34 | stage_eta=00:36:24 | data_wait=0.84s
2026-09-01 11:14:34 | INFO    | TRAIN | epoch=013/030 | batch=01750/05033 | loss=4.773510e-01 | stage_elapsed=00:19:07 | stage_eta=00:35:52 | data_wait=0.86s
2026-09-01 11:15:07 | INFO    | TRAIN | epoch=013/030 | batch=01800/05033 | loss=5.693823e-01 | stage_elapsed=00:19:41 | stage_eta=00:35:20 | data_wait=0.87s
2026-09-01 11:15:41 | INFO    | TRAIN | epoch=013/030 | batch=01850/05033 | loss=5.290179e-01 | stage_elapsed=00:20:14 | stage_eta=00:34:49 | data_wait=0.88s
2026-09-01 11:16:12 | INFO    | TRAIN | epoch=013/030 | batch=01900/05033 | loss=5.109854e-01 | stage_elapsed=00:20:45 | stage_eta=00:34:14 | data_wait=0.90s
2026-09-01 11:16:44 | INFO    | TRAIN | epoch=013/030 | batch=01950/05033 | loss=5.074854e-01 | stage_elapsed=00:21:17 | stage_eta=00:33:39 | data_wait=0.92s
2026-09-01 11:17:16 | INFO    | TRAIN | epoch=013/030 | batch=02000/05033 | loss=5.836999e-01 | stage_elapsed=00:21:49 | stage_eta=00:33:05 | data_wait=0.93s
2026-09-01 11:17:49 | INFO    | TRAIN | epoch=013/030 | batch=02050/05033 | loss=5.659763e-01 | stage_elapsed=00:22:22 | stage_eta=00:32:33 | data_wait=0.94s
2026-09-01 11:18:23 | INFO    | TRAIN | epoch=013/030 | batch=02100/05033 | loss=4.820768e-01 | stage_elapsed=00:22:56 | stage_eta=00:32:02 | data_wait=0.96s
2026-09-01 11:18:57 | INFO    | TRAIN | epoch=013/030 | batch=02150/05033 | loss=4.753389e-01 | stage_elapsed=00:23:30 | stage_eta=00:31:31 | data_wait=0.97s
2026-09-01 11:19:31 | INFO    | TRAIN | epoch=013/030 | batch=02200/05033 | loss=5.412430e-01 | stage_elapsed=00:24:04 | stage_eta=00:30:59 | data_wait=0.98s
2026-09-01 11:20:03 | INFO    | TRAIN | epoch=013/030 | batch=02250/05033 | loss=4.791673e-01 | stage_elapsed=00:24:37 | stage_eta=00:30:26 | data_wait=0.99s
2026-09-01 11:20:34 | INFO    | TRAIN | epoch=013/030 | batch=02300/05033 | loss=5.169843e-01 | stage_elapsed=00:25:07 | stage_eta=00:29:51 | data_wait=1.01s
2026-09-01 11:21:05 | INFO    | TRAIN | epoch=013/030 | batch=02350/05033 | loss=4.560215e-01 | stage_elapsed=00:25:38 | stage_eta=00:29:16 | data_wait=1.03s
2026-09-01 11:21:39 | INFO    | TRAIN | epoch=013/030 | batch=02400/05033 | loss=4.755594e-01 | stage_elapsed=00:26:12 | stage_eta=00:28:45 | data_wait=1.04s
2026-09-01 11:22:13 | INFO    | TRAIN | epoch=013/030 | batch=02450/05033 | loss=5.443531e-01 | stage_elapsed=00:26:46 | stage_eta=00:28:13 | data_wait=1.05s
2026-09-01 11:22:45 | INFO    | TRAIN | epoch=013/030 | batch=02500/05033 | loss=5.882022e-01 | stage_elapsed=00:27:19 | stage_eta=00:27:40 | data_wait=1.06s
2026-09-01 11:23:19 | INFO    | TRAIN | epoch=013/030 | batch=02550/05033 | loss=4.549770e-01 | stage_elapsed=00:27:52 | stage_eta=00:27:08 | data_wait=1.08s
2026-09-01 11:23:51 | INFO    | TRAIN | epoch=013/030 | batch=02600/05033 | loss=5.254779e-01 | stage_elapsed=00:28:25 | stage_eta=00:26:35 | data_wait=1.09s
2026-09-01 11:24:24 | INFO    | TRAIN | epoch=013/030 | batch=02650/05033 | loss=5.223840e-01 | stage_elapsed=00:28:57 | stage_eta=00:26:02 | data_wait=1.10s
2026-09-01 11:24:56 | INFO    | TRAIN | epoch=013/030 | batch=02700/05033 | loss=5.481186e-01 | stage_elapsed=00:29:30 | stage_eta=00:25:29 | data_wait=1.12s
2026-09-01 11:25:28 | INFO    | TRAIN | epoch=013/030 | batch=02750/05033 | loss=5.681788e-01 | stage_elapsed=00:30:01 | stage_eta=00:24:55 | data_wait=1.14s
2026-09-01 11:26:01 | INFO    | TRAIN | epoch=013/030 | batch=02800/05033 | loss=5.573451e-01 | stage_elapsed=00:30:34 | stage_eta=00:24:23 | data_wait=1.16s
2026-09-01 11:26:34 | INFO    | TRAIN | epoch=013/030 | batch=02850/05033 | loss=5.736129e-01 | stage_elapsed=00:31:07 | stage_eta=00:23:50 | data_wait=1.16s
2026-09-01 11:27:08 | INFO    | TRAIN | epoch=013/030 | batch=02900/05033 | loss=5.622654e-01 | stage_elapsed=00:31:42 | stage_eta=00:23:19 | data_wait=1.18s
2026-09-01 11:27:40 | INFO    | TRAIN | epoch=013/030 | batch=02950/05033 | loss=5.358148e-01 | stage_elapsed=00:32:13 | stage_eta=00:22:45 | data_wait=1.19s
2026-09-01 11:28:13 | INFO    | TRAIN | epoch=013/030 | batch=03000/05033 | loss=5.552552e-01 | stage_elapsed=00:32:47 | stage_eta=00:22:13 | data_wait=1.20s
2026-09-01 11:28:46 | INFO    | TRAIN | epoch=013/030 | batch=03050/05033 | loss=4.916910e-01 | stage_elapsed=00:33:19 | stage_eta=00:21:40 | data_wait=1.21s
2026-09-01 11:29:19 | INFO    | TRAIN | epoch=013/030 | batch=03100/05033 | loss=5.029387e-01 | stage_elapsed=00:33:52 | stage_eta=00:21:07 | data_wait=1.22s
2026-09-01 11:29:51 | INFO    | TRAIN | epoch=013/030 | batch=03150/05033 | loss=5.651479e-01 | stage_elapsed=00:34:25 | stage_eta=00:20:34 | data_wait=1.24s
2026-09-01 11:30:24 | INFO    | TRAIN | epoch=013/030 | batch=03200/05033 | loss=4.776331e-01 | stage_elapsed=00:34:57 | stage_eta=00:20:01 | data_wait=1.26s
2026-09-01 11:30:57 | INFO    | TRAIN | epoch=013/030 | batch=03250/05033 | loss=4.686798e-01 | stage_elapsed=00:35:30 | stage_eta=00:19:29 | data_wait=1.27s
2026-09-01 11:31:28 | INFO    | TRAIN | epoch=013/030 | batch=03300/05033 | loss=4.524720e-01 | stage_elapsed=00:36:01 | stage_eta=00:18:55 | data_wait=1.28s
2026-09-01 11:32:02 | INFO    | TRAIN | epoch=013/030 | batch=03350/05033 | loss=4.462483e-01 | stage_elapsed=00:36:35 | stage_eta=00:18:23 | data_wait=1.29s
2026-09-01 11:32:35 | INFO    | TRAIN | epoch=013/030 | batch=03400/05033 | loss=4.623665e-01 | stage_elapsed=00:37:08 | stage_eta=00:17:50 | data_wait=1.30s
2026-09-01 11:33:08 | INFO    | TRAIN | epoch=013/030 | batch=03450/05033 | loss=5.024652e-01 | stage_elapsed=00:37:42 | stage_eta=00:17:18 | data_wait=1.31s
2026-09-01 11:33:43 | INFO    | TRAIN | epoch=013/030 | batch=03500/05033 | loss=5.840635e-01 | stage_elapsed=00:38:16 | stage_eta=00:16:46 | data_wait=1.32s
2026-09-01 11:34:14 | INFO    | TRAIN | epoch=013/030 | batch=03550/05033 | loss=4.162228e-01 | stage_elapsed=00:38:47 | stage_eta=00:16:12 | data_wait=1.34s
2026-09-01 11:34:43 | INFO    | TRAIN | epoch=013/030 | batch=03600/05033 | loss=4.698418e-01 | stage_elapsed=00:39:17 | stage_eta=00:15:38 | data_wait=1.36s
2026-09-01 11:35:16 | INFO    | TRAIN | epoch=013/030 | batch=03650/05033 | loss=4.752425e-01 | stage_elapsed=00:39:49 | stage_eta=00:15:05 | data_wait=1.38s
2026-09-01 11:35:50 | INFO    | TRAIN | epoch=013/030 | batch=03700/05033 | loss=5.309625e-01 | stage_elapsed=00:40:23 | stage_eta=00:14:33 | data_wait=1.38s
2026-09-01 11:36:24 | INFO    | TRAIN | epoch=013/030 | batch=03750/05033 | loss=5.926569e-01 | stage_elapsed=00:40:57 | stage_eta=00:14:01 | data_wait=1.39s
2026-09-01 11:36:57 | INFO    | TRAIN | epoch=013/030 | batch=03800/05033 | loss=4.257679e-01 | stage_elapsed=00:41:30 | stage_eta=00:13:28 | data_wait=1.40s
2026-09-01 11:37:30 | INFO    | TRAIN | epoch=013/030 | batch=03850/05033 | loss=5.943781e-01 | stage_elapsed=00:42:03 | stage_eta=00:12:55 | data_wait=1.42s
2026-09-01 11:38:03 | INFO    | TRAIN | epoch=013/030 | batch=03900/05033 | loss=5.585914e-01 | stage_elapsed=00:42:36 | stage_eta=00:12:23 | data_wait=1.43s
2026-09-01 11:38:36 | INFO    | TRAIN | epoch=013/030 | batch=03950/05033 | loss=4.993111e-01 | stage_elapsed=00:43:09 | stage_eta=00:11:50 | data_wait=1.44s
2026-09-01 11:39:06 | INFO    | TRAIN | epoch=013/030 | batch=04000/05033 | loss=4.847386e-01 | stage_elapsed=00:43:40 | stage_eta=00:11:17 | data_wait=1.46s
2026-09-01 11:39:39 | INFO    | TRAIN | epoch=013/030 | batch=04050/05033 | loss=4.856639e-01 | stage_elapsed=00:44:12 | stage_eta=00:10:44 | data_wait=1.48s
2026-09-01 11:40:12 | INFO    | TRAIN | epoch=013/030 | batch=04100/05033 | loss=5.041249e-01 | stage_elapsed=00:44:45 | stage_eta=00:10:11 | data_wait=1.49s
2026-09-01 11:40:46 | INFO    | TRAIN | epoch=013/030 | batch=04150/05033 | loss=5.121906e-01 | stage_elapsed=00:45:20 | stage_eta=00:09:39 | data_wait=1.50s
2026-09-01 11:41:21 | INFO    | TRAIN | epoch=013/030 | batch=04200/05033 | loss=4.290506e-01 | stage_elapsed=00:45:54 | stage_eta=00:09:06 | data_wait=1.51s
2026-09-01 11:41:52 | INFO    | TRAIN | epoch=013/030 | batch=04250/05033 | loss=5.509202e-01 | stage_elapsed=00:46:26 | stage_eta=00:08:33 | data_wait=1.52s
2026-09-01 11:42:25 | INFO    | TRAIN | epoch=013/030 | batch=04300/05033 | loss=5.038053e-01 | stage_elapsed=00:46:58 | stage_eta=00:08:00 | data_wait=1.54s
2026-09-01 11:42:58 | INFO    | TRAIN | epoch=013/030 | batch=04350/05033 | loss=6.074270e-01 | stage_elapsed=00:47:31 | stage_eta=00:07:28 | data_wait=1.55s
2026-09-01 11:43:31 | INFO    | TRAIN | epoch=013/030 | batch=04400/05033 | loss=4.830753e-01 | stage_elapsed=00:48:04 | stage_eta=00:06:55 | data_wait=1.56s
2026-09-01 11:44:03 | INFO    | TRAIN | epoch=013/030 | batch=04450/05033 | loss=5.292546e-01 | stage_elapsed=00:48:37 | stage_eta=00:06:22 | data_wait=1.58s
2026-09-01 11:44:35 | INFO    | TRAIN | epoch=013/030 | batch=04500/05033 | loss=4.748051e-01 | stage_elapsed=00:49:09 | stage_eta=00:05:49 | data_wait=1.60s
2026-09-01 11:45:08 | INFO    | TRAIN | epoch=013/030 | batch=04550/05033 | loss=5.448203e-01 | stage_elapsed=00:49:42 | stage_eta=00:05:17 | data_wait=1.61s
2026-09-01 11:45:40 | INFO    | TRAIN | epoch=013/030 | batch=04600/05033 | loss=5.646555e-01 | stage_elapsed=00:50:13 | stage_eta=00:04:44 | data_wait=1.62s
2026-09-01 11:46:14 | INFO    | TRAIN | epoch=013/030 | batch=04650/05033 | loss=5.803109e-01 | stage_elapsed=00:50:48 | stage_eta=00:04:11 | data_wait=1.63s
2026-09-01 11:46:48 | INFO    | TRAIN | epoch=013/030 | batch=04700/05033 | loss=4.783256e-01 | stage_elapsed=00:51:21 | stage_eta=00:03:38 | data_wait=1.64s
2026-09-01 11:47:22 | INFO    | TRAIN | epoch=013/030 | batch=04750/05033 | loss=4.522135e-01 | stage_elapsed=00:51:55 | stage_eta=00:03:06 | data_wait=1.66s
2026-09-01 11:47:54 | INFO    | TRAIN | epoch=013/030 | batch=04800/05033 | loss=5.039051e-01 | stage_elapsed=00:52:28 | stage_eta=00:02:33 | data_wait=1.67s
2026-09-01 11:48:28 | INFO    | TRAIN | epoch=013/030 | batch=04850/05033 | loss=5.247032e-01 | stage_elapsed=00:53:01 | stage_eta=00:02:00 | data_wait=1.68s
2026-09-01 11:48:59 | INFO    | TRAIN | epoch=013/030 | batch=04900/05033 | loss=4.852231e-01 | stage_elapsed=00:53:32 | stage_eta=00:01:27 | data_wait=1.70s
2026-09-01 11:49:31 | INFO    | TRAIN | epoch=013/030 | batch=04950/05033 | loss=4.882284e-01 | stage_elapsed=00:54:04 | stage_eta=00:00:54 | data_wait=1.71s
2026-09-01 11:50:04 | INFO    | TRAIN | epoch=013/030 | batch=05000/05033 | loss=5.698641e-01 | stage_elapsed=00:54:37 | stage_eta=00:00:22 | data_wait=1.73s
2026-09-01 11:50:26 | INFO    | TRAIN | epoch=013/030 | batch=05033/05033 | loss=5.437714e-01 | stage_elapsed=00:54:59 | stage_eta=00:00:00 | data_wait=1.73s
2026-09-01 11:50:42 | INFO    | VAL | epoch=013/030 | batch=00050/00212 | loss=4.514844e-01 | stage_elapsed=00:00:16 | stage_eta=00:00:52 | data_wait=0.37s
2026-09-01 11:50:56 | INFO    | VAL | epoch=013/030 | batch=00100/00212 | loss=5.328248e-01 | stage_elapsed=00:00:31 | stage_eta=00:00:34 | data_wait=0.38s
2026-09-01 11:51:12 | INFO    | VAL | epoch=013/030 | batch=00150/00212 | loss=5.675110e-01 | stage_elapsed=00:00:46 | stage_eta=00:00:19 | data_wait=0.39s
2026-09-01 11:51:28 | INFO    | VAL | epoch=013/030 | batch=00200/00212 | loss=5.035346e-01 | stage_elapsed=00:01:02 | stage_eta=00:00:04 | data_wait=0.41s
2026-09-01 11:51:32 | INFO    | VAL | epoch=013/030 | batch=00212/00212 | loss=6.714962e-01 | stage_elapsed=00:01:06 | stage_eta=00:00:00 | data_wait=0.41s
2026-09-01 11:51:33 | INFO    | Epoch 013 complete | train=5.084825e-01 | val=5.341109e-01 | best=5.341109e-01 | lr=1.000e-03 | epoch_time=00:56:06 | run_elapsed=12:10:48 | eta=15:55:40 | finish=2026-09-02 03:47:13 CST
2026-09-01 11:52:06 | INFO    | TRAIN | epoch=014/030 | batch=00050/05033 | loss=4.014948e-01 | stage_elapsed=00:00:33 | stage_eta=00:55:06 | data_wait=0.33s
2026-09-01 11:52:38 | INFO    | TRAIN | epoch=014/030 | batch=00100/05033 | loss=5.274076e-01 | stage_elapsed=00:01:05 | stage_eta=00:53:04 | data_wait=0.35s
2026-09-01 11:53:11 | INFO    | TRAIN | epoch=014/030 | batch=00150/05033 | loss=5.271769e-01 | stage_elapsed=00:01:38 | stage_eta=00:53:17 | data_wait=0.36s
2026-09-01 11:53:45 | INFO    | TRAIN | epoch=014/030 | batch=00200/05033 | loss=5.129690e-01 | stage_elapsed=00:02:12 | stage_eta=00:53:03 | data_wait=0.37s
2026-09-01 11:54:18 | INFO    | TRAIN | epoch=014/030 | batch=00250/05033 | loss=4.552473e-01 | stage_elapsed=00:02:45 | stage_eta=00:52:43 | data_wait=0.38s
2026-09-01 11:54:50 | INFO    | TRAIN | epoch=014/030 | batch=00300/05033 | loss=5.049859e-01 | stage_elapsed=00:03:17 | stage_eta=00:51:47 | data_wait=0.40s
2026-09-01 11:55:22 | INFO    | TRAIN | epoch=014/030 | batch=00350/05033 | loss=5.330629e-01 | stage_elapsed=00:03:49 | stage_eta=00:51:04 | data_wait=0.42s
2026-09-01 11:55:55 | INFO    | TRAIN | epoch=014/030 | batch=00400/05033 | loss=5.400547e-01 | stage_elapsed=00:04:22 | stage_eta=00:50:33 | data_wait=0.44s
2026-09-01 11:56:27 | INFO    | TRAIN | epoch=014/030 | batch=00450/05033 | loss=5.375643e-01 | stage_elapsed=00:04:54 | stage_eta=00:49:59 | data_wait=0.45s
2026-09-01 11:57:01 | INFO    | TRAIN | epoch=014/030 | batch=00500/05033 | loss=5.171813e-01 | stage_elapsed=00:05:28 | stage_eta=00:49:34 | data_wait=0.46s
2026-09-01 11:57:35 | INFO    | TRAIN | epoch=014/030 | batch=00550/05033 | loss=5.115437e-01 | stage_elapsed=00:06:02 | stage_eta=00:49:08 | data_wait=0.47s
2026-09-01 11:58:08 | INFO    | TRAIN | epoch=014/030 | batch=00600/05033 | loss=5.300215e-01 | stage_elapsed=00:06:35 | stage_eta=00:48:40 | data_wait=0.48s
2026-09-01 11:58:41 | INFO    | TRAIN | epoch=014/030 | batch=00650/05033 | loss=4.651819e-01 | stage_elapsed=00:07:08 | stage_eta=00:48:07 | data_wait=0.49s
2026-09-01 11:59:14 | INFO    | TRAIN | epoch=014/030 | batch=00700/05033 | loss=4.394719e-01 | stage_elapsed=00:07:41 | stage_eta=00:47:32 | data_wait=0.51s
2026-09-01 11:59:45 | INFO    | TRAIN | epoch=014/030 | batch=00750/05033 | loss=5.588619e-01 | stage_elapsed=00:08:12 | stage_eta=00:46:48 | data_wait=0.53s
2026-09-01 12:00:17 | INFO    | TRAIN | epoch=014/030 | batch=00800/05033 | loss=5.130933e-01 | stage_elapsed=00:08:44 | stage_eta=00:46:12 | data_wait=0.55s
2026-09-01 12:00:50 | INFO    | TRAIN | epoch=014/030 | batch=00850/05033 | loss=4.788029e-01 | stage_elapsed=00:09:17 | stage_eta=00:45:39 | data_wait=0.57s
2026-09-01 12:01:22 | INFO    | TRAIN | epoch=014/030 | batch=00900/05033 | loss=4.503659e-01 | stage_elapsed=00:09:49 | stage_eta=00:45:06 | data_wait=0.58s
2026-09-01 12:01:55 | INFO    | TRAIN | epoch=014/030 | batch=00950/05033 | loss=5.336430e-01 | stage_elapsed=00:10:23 | stage_eta=00:44:36 | data_wait=0.59s
2026-09-01 12:02:29 | INFO    | TRAIN | epoch=014/030 | batch=01000/05033 | loss=5.414541e-01 | stage_elapsed=00:10:56 | stage_eta=00:44:05 | data_wait=0.61s
2026-09-01 12:03:02 | INFO    | TRAIN | epoch=014/030 | batch=01050/05033 | loss=6.216210e-01 | stage_elapsed=00:11:29 | stage_eta=00:43:34 | data_wait=0.62s
2026-09-01 12:03:34 | INFO    | TRAIN | epoch=014/030 | batch=01100/05033 | loss=4.333401e-01 | stage_elapsed=00:12:01 | stage_eta=00:42:57 | data_wait=0.63s
2026-09-01 12:04:07 | INFO    | TRAIN | epoch=014/030 | batch=01150/05033 | loss=4.784651e-01 | stage_elapsed=00:12:34 | stage_eta=00:42:25 | data_wait=0.64s
2026-09-01 12:04:39 | INFO    | TRAIN | epoch=014/030 | batch=01200/05033 | loss=5.088880e-01 | stage_elapsed=00:13:06 | stage_eta=00:41:50 | data_wait=0.66s
2026-09-01 12:05:11 | INFO    | TRAIN | epoch=014/030 | batch=01250/05033 | loss=5.357999e-01 | stage_elapsed=00:13:38 | stage_eta=00:41:15 | data_wait=0.67s
2026-09-01 12:05:44 | INFO    | TRAIN | epoch=014/030 | batch=01300/05033 | loss=4.038095e-01 | stage_elapsed=00:14:11 | stage_eta=00:40:43 | data_wait=0.69s
2026-09-01 12:06:18 | INFO    | TRAIN | epoch=014/030 | batch=01350/05033 | loss=5.272943e-01 | stage_elapsed=00:14:45 | stage_eta=00:40:13 | data_wait=0.70s
2026-09-01 12:06:50 | INFO    | TRAIN | epoch=014/030 | batch=01400/05033 | loss=5.627385e-01 | stage_elapsed=00:15:17 | stage_eta=00:39:39 | data_wait=0.72s
2026-09-01 12:07:23 | INFO    | TRAIN | epoch=014/030 | batch=01450/05033 | loss=4.412887e-01 | stage_elapsed=00:15:50 | stage_eta=00:39:07 | data_wait=0.73s
2026-09-01 12:07:56 | INFO    | TRAIN | epoch=014/030 | batch=01500/05033 | loss=5.200272e-01 | stage_elapsed=00:16:23 | stage_eta=00:38:35 | data_wait=0.74s
2026-09-01 12:08:29 | INFO    | TRAIN | epoch=014/030 | batch=01550/05033 | loss=4.462502e-01 | stage_elapsed=00:16:56 | stage_eta=00:38:03 | data_wait=0.76s
2026-09-01 12:09:02 | INFO    | TRAIN | epoch=014/030 | batch=01600/05033 | loss=4.669340e-01 | stage_elapsed=00:17:29 | stage_eta=00:37:31 | data_wait=0.77s
2026-09-01 12:09:34 | INFO    | TRAIN | epoch=014/030 | batch=01650/05033 | loss=5.390617e-01 | stage_elapsed=00:18:01 | stage_eta=00:36:56 | data_wait=0.79s
2026-09-01 12:10:06 | INFO    | TRAIN | epoch=014/030 | batch=01700/05033 | loss=5.819305e-01 | stage_elapsed=00:18:33 | stage_eta=00:36:22 | data_wait=0.80s
2026-09-01 12:10:38 | INFO    | TRAIN | epoch=014/030 | batch=01750/05033 | loss=4.971056e-01 | stage_elapsed=00:19:05 | stage_eta=00:35:48 | data_wait=0.82s
2026-09-01 12:11:10 | INFO    | TRAIN | epoch=014/030 | batch=01800/05033 | loss=5.417658e-01 | stage_elapsed=00:19:38 | stage_eta=00:35:15 | data_wait=0.83s
2026-09-01 12:11:44 | INFO    | TRAIN | epoch=014/030 | batch=01850/05033 | loss=4.837192e-01 | stage_elapsed=00:20:11 | stage_eta=00:34:43 | data_wait=0.84s
2026-09-01 12:12:18 | INFO    | TRAIN | epoch=014/030 | batch=01900/05033 | loss=5.143173e-01 | stage_elapsed=00:20:45 | stage_eta=00:34:13 | data_wait=0.85s
2026-09-01 12:12:51 | INFO    | TRAIN | epoch=014/030 | batch=01950/05033 | loss=4.213210e-01 | stage_elapsed=00:21:18 | stage_eta=00:33:41 | data_wait=0.86s
2026-09-01 12:13:23 | INFO    | TRAIN | epoch=014/030 | batch=02000/05033 | loss=4.947667e-01 | stage_elapsed=00:21:50 | stage_eta=00:33:06 | data_wait=0.87s
2026-09-01 12:13:52 | INFO    | TRAIN | epoch=014/030 | batch=02050/05033 | loss=5.286461e-01 | stage_elapsed=00:22:19 | stage_eta=00:32:29 | data_wait=0.89s
2026-09-01 12:14:20 | INFO    | TRAIN | epoch=014/030 | batch=02100/05033 | loss=4.464036e-01 | stage_elapsed=00:22:47 | stage_eta=00:31:49 | data_wait=0.91s
2026-09-01 12:14:49 | INFO    | TRAIN | epoch=014/030 | batch=02150/05033 | loss=4.829922e-01 | stage_elapsed=00:23:16 | stage_eta=00:31:12 | data_wait=0.92s
2026-09-01 12:15:20 | INFO    | TRAIN | epoch=014/030 | batch=02200/05033 | loss=5.401319e-01 | stage_elapsed=00:23:47 | stage_eta=00:30:37 | data_wait=0.93s
2026-09-01 12:15:50 | INFO    | TRAIN | epoch=014/030 | batch=02250/05033 | loss=6.042730e-01 | stage_elapsed=00:24:17 | stage_eta=00:30:02 | data_wait=0.95s
2026-09-01 12:16:20 | INFO    | TRAIN | epoch=014/030 | batch=02300/05033 | loss=5.744387e-01 | stage_elapsed=00:24:47 | stage_eta=00:29:26 | data_wait=0.96s
2026-09-01 12:16:49 | INFO    | TRAIN | epoch=014/030 | batch=02350/05033 | loss=5.104855e-01 | stage_elapsed=00:25:16 | stage_eta=00:28:51 | data_wait=0.97s
2026-09-01 12:17:20 | INFO    | TRAIN | epoch=014/030 | batch=02400/05033 | loss=4.468306e-01 | stage_elapsed=00:25:47 | stage_eta=00:28:18 | data_wait=0.98s
2026-09-01 12:17:48 | INFO    | TRAIN | epoch=014/030 | batch=02450/05033 | loss=5.389515e-01 | stage_elapsed=00:26:15 | stage_eta=00:27:41 | data_wait=0.99s
2026-09-01 12:18:19 | INFO    | TRAIN | epoch=014/030 | batch=02500/05033 | loss=5.656512e-01 | stage_elapsed=00:26:46 | stage_eta=00:27:07 | data_wait=1.00s
2026-09-01 12:18:48 | INFO    | TRAIN | epoch=014/030 | batch=02550/05033 | loss=4.635797e-01 | stage_elapsed=00:27:15 | stage_eta=00:26:32 | data_wait=1.02s
2026-09-01 12:19:17 | INFO    | TRAIN | epoch=014/030 | batch=02600/05033 | loss=4.747084e-01 | stage_elapsed=00:27:44 | stage_eta=00:25:57 | data_wait=1.03s
2026-09-01 12:19:46 | INFO    | TRAIN | epoch=014/030 | batch=02650/05033 | loss=5.611350e-01 | stage_elapsed=00:28:13 | stage_eta=00:25:23 | data_wait=1.05s
2026-09-01 12:20:17 | INFO    | TRAIN | epoch=014/030 | batch=02700/05033 | loss=5.239968e-01 | stage_elapsed=00:28:44 | stage_eta=00:24:49 | data_wait=1.06s
2026-09-01 12:20:47 | INFO    | TRAIN | epoch=014/030 | batch=02750/05033 | loss=4.933678e-01 | stage_elapsed=00:29:14 | stage_eta=00:24:17 | data_wait=1.07s
2026-09-01 12:21:16 | INFO    | TRAIN | epoch=014/030 | batch=02800/05033 | loss=4.825158e-01 | stage_elapsed=00:29:43 | stage_eta=00:23:42 | data_wait=1.08s
2026-09-01 12:21:45 | INFO    | TRAIN | epoch=014/030 | batch=02850/05033 | loss=5.104333e-01 | stage_elapsed=00:30:12 | stage_eta=00:23:08 | data_wait=1.10s
2026-09-01 12:22:15 | INFO    | TRAIN | epoch=014/030 | batch=02900/05033 | loss=5.098703e-01 | stage_elapsed=00:30:42 | stage_eta=00:22:35 | data_wait=1.10s
2026-09-01 12:22:45 | INFO    | TRAIN | epoch=014/030 | batch=02950/05033 | loss=4.804177e-01 | stage_elapsed=00:31:12 | stage_eta=00:22:02 | data_wait=1.12s
2026-09-01 12:23:15 | INFO    | TRAIN | epoch=014/030 | batch=03000/05033 | loss=4.506315e-01 | stage_elapsed=00:31:42 | stage_eta=00:21:29 | data_wait=1.13s
2026-09-01 12:23:45 | INFO    | TRAIN | epoch=014/030 | batch=03050/05033 | loss=5.448614e-01 | stage_elapsed=00:32:12 | stage_eta=00:20:56 | data_wait=1.14s
2026-09-01 12:24:15 | INFO    | TRAIN | epoch=014/030 | batch=03100/05033 | loss=5.302752e-01 | stage_elapsed=00:32:42 | stage_eta=00:20:23 | data_wait=1.16s
2026-09-01 12:24:43 | INFO    | TRAIN | epoch=014/030 | batch=03150/05033 | loss=5.381858e-01 | stage_elapsed=00:33:10 | stage_eta=00:19:50 | data_wait=1.18s
2026-09-01 12:25:13 | INFO    | TRAIN | epoch=014/030 | batch=03200/05033 | loss=4.192321e-01 | stage_elapsed=00:33:40 | stage_eta=00:19:17 | data_wait=1.19s
2026-09-01 12:25:43 | INFO    | TRAIN | epoch=014/030 | batch=03250/05033 | loss=5.698192e-01 | stage_elapsed=00:34:10 | stage_eta=00:18:45 | data_wait=1.20s
2026-09-01 12:26:12 | INFO    | TRAIN | epoch=014/030 | batch=03300/05033 | loss=5.296115e-01 | stage_elapsed=00:34:39 | stage_eta=00:18:12 | data_wait=1.21s
2026-09-01 12:26:42 | INFO    | TRAIN | epoch=014/030 | batch=03350/05033 | loss=4.322997e-01 | stage_elapsed=00:35:09 | stage_eta=00:17:39 | data_wait=1.22s
2026-09-01 12:27:11 | INFO    | TRAIN | epoch=014/030 | batch=03400/05033 | loss=5.135120e-01 | stage_elapsed=00:35:38 | stage_eta=00:17:07 | data_wait=1.23s
2026-09-01 12:27:41 | INFO    | TRAIN | epoch=014/030 | batch=03450/05033 | loss=4.954637e-01 | stage_elapsed=00:36:08 | stage_eta=00:16:35 | data_wait=1.24s
2026-09-01 12:28:11 | INFO    | TRAIN | epoch=014/030 | batch=03500/05033 | loss=5.177647e-01 | stage_elapsed=00:36:38 | stage_eta=00:16:03 | data_wait=1.25s
2026-09-01 12:28:39 | INFO    | TRAIN | epoch=014/030 | batch=03550/05033 | loss=4.648661e-01 | stage_elapsed=00:37:06 | stage_eta=00:15:30 | data_wait=1.28s
2026-09-01 12:29:09 | INFO    | TRAIN | epoch=014/030 | batch=03600/05033 | loss=4.206499e-01 | stage_elapsed=00:37:36 | stage_eta=00:14:58 | data_wait=1.29s
2026-09-01 12:29:38 | INFO    | TRAIN | epoch=014/030 | batch=03650/05033 | loss=4.735545e-01 | stage_elapsed=00:38:05 | stage_eta=00:14:26 | data_wait=1.31s
2026-09-01 12:30:08 | INFO    | TRAIN | epoch=014/030 | batch=03700/05033 | loss=4.976820e-01 | stage_elapsed=00:38:35 | stage_eta=00:13:54 | data_wait=1.33s
2026-09-01 12:30:39 | INFO    | TRAIN | epoch=014/030 | batch=03750/05033 | loss=4.301961e-01 | stage_elapsed=00:39:06 | stage_eta=00:13:23 | data_wait=1.34s
2026-09-01 12:31:08 | INFO    | TRAIN | epoch=014/030 | batch=03800/05033 | loss=5.271282e-01 | stage_elapsed=00:39:35 | stage_eta=00:12:51 | data_wait=1.35s
2026-09-01 12:31:38 | INFO    | TRAIN | epoch=014/030 | batch=03850/05033 | loss=5.437148e-01 | stage_elapsed=00:40:05 | stage_eta=00:12:19 | data_wait=1.36s
2026-09-01 12:32:06 | INFO    | TRAIN | epoch=014/030 | batch=03900/05033 | loss=4.998742e-01 | stage_elapsed=00:40:33 | stage_eta=00:11:47 | data_wait=1.38s
2026-09-01 12:32:37 | INFO    | TRAIN | epoch=014/030 | batch=03950/05033 | loss=4.687949e-01 | stage_elapsed=00:41:04 | stage_eta=00:11:16 | data_wait=1.39s
2026-09-01 12:33:07 | INFO    | TRAIN | epoch=014/030 | batch=04000/05033 | loss=5.320377e-01 | stage_elapsed=00:41:34 | stage_eta=00:10:44 | data_wait=1.40s
2026-09-01 12:33:36 | INFO    | TRAIN | epoch=014/030 | batch=04050/05033 | loss=3.979658e-01 | stage_elapsed=00:42:03 | stage_eta=00:10:12 | data_wait=1.42s
2026-09-01 12:34:05 | INFO    | TRAIN | epoch=014/030 | batch=04100/05033 | loss=5.719773e-01 | stage_elapsed=00:42:32 | stage_eta=00:09:41 | data_wait=1.44s
2026-09-01 12:34:35 | INFO    | TRAIN | epoch=014/030 | batch=04150/05033 | loss=4.423209e-01 | stage_elapsed=00:43:02 | stage_eta=00:09:09 | data_wait=1.45s
2026-09-01 12:35:04 | INFO    | TRAIN | epoch=014/030 | batch=04200/05033 | loss=4.517447e-01 | stage_elapsed=00:43:31 | stage_eta=00:08:38 | data_wait=1.46s
2026-09-01 12:35:34 | INFO    | TRAIN | epoch=014/030 | batch=04250/05033 | loss=5.277825e-01 | stage_elapsed=00:44:01 | stage_eta=00:08:06 | data_wait=1.48s
2026-09-01 12:36:03 | INFO    | TRAIN | epoch=014/030 | batch=04300/05033 | loss=5.262400e-01 | stage_elapsed=00:44:30 | stage_eta=00:07:35 | data_wait=1.49s
2026-09-01 12:36:33 | INFO    | TRAIN | epoch=014/030 | batch=04350/05033 | loss=5.515635e-01 | stage_elapsed=00:45:00 | stage_eta=00:07:04 | data_wait=1.50s
2026-09-01 12:37:04 | INFO    | TRAIN | epoch=014/030 | batch=04400/05033 | loss=5.140883e-01 | stage_elapsed=00:45:31 | stage_eta=00:06:33 | data_wait=1.51s
2026-09-01 12:37:35 | INFO    | TRAIN | epoch=014/030 | batch=04450/05033 | loss=5.428540e-01 | stage_elapsed=00:46:02 | stage_eta=00:06:02 | data_wait=1.53s
2026-09-01 12:38:05 | INFO    | TRAIN | epoch=014/030 | batch=04500/05033 | loss=4.612055e-01 | stage_elapsed=00:46:32 | stage_eta=00:05:31 | data_wait=1.54s
2026-09-01 12:38:34 | INFO    | TRAIN | epoch=014/030 | batch=04550/05033 | loss=5.196899e-01 | stage_elapsed=00:47:01 | stage_eta=00:04:59 | data_wait=1.55s
2026-09-01 12:39:02 | INFO    | TRAIN | epoch=014/030 | batch=04600/05033 | loss=5.167016e-01 | stage_elapsed=00:47:29 | stage_eta=00:04:28 | data_wait=1.58s
2026-09-01 12:39:32 | INFO    | TRAIN | epoch=014/030 | batch=04650/05033 | loss=4.425471e-01 | stage_elapsed=00:47:59 | stage_eta=00:03:57 | data_wait=1.59s
2026-09-01 12:40:02 | INFO    | TRAIN | epoch=014/030 | batch=04700/05033 | loss=5.613570e-01 | stage_elapsed=00:48:29 | stage_eta=00:03:26 | data_wait=1.60s
2026-09-01 12:40:32 | INFO    | TRAIN | epoch=014/030 | batch=04750/05033 | loss=5.040133e-01 | stage_elapsed=00:48:59 | stage_eta=00:02:55 | data_wait=1.61s
2026-09-01 12:41:02 | INFO    | TRAIN | epoch=014/030 | batch=04800/05033 | loss=4.586406e-01 | stage_elapsed=00:49:29 | stage_eta=00:02:24 | data_wait=1.62s
2026-09-01 12:41:32 | INFO    | TRAIN | epoch=014/030 | batch=04850/05033 | loss=5.425899e-01 | stage_elapsed=00:49:59 | stage_eta=00:01:53 | data_wait=1.63s
2026-09-01 12:42:02 | INFO    | TRAIN | epoch=014/030 | batch=04900/05033 | loss=4.426831e-01 | stage_elapsed=00:50:29 | stage_eta=00:01:22 | data_wait=1.65s
2026-09-01 12:42:30 | INFO    | TRAIN | epoch=014/030 | batch=04950/05033 | loss=6.216269e-01 | stage_elapsed=00:50:57 | stage_eta=00:00:51 | data_wait=1.66s
2026-09-01 12:43:00 | INFO    | TRAIN | epoch=014/030 | batch=05000/05033 | loss=5.075328e-01 | stage_elapsed=00:51:27 | stage_eta=00:00:20 | data_wait=1.67s
2026-09-01 12:43:19 | INFO    | TRAIN | epoch=014/030 | batch=05033/05033 | loss=5.164946e-01 | stage_elapsed=00:51:46 | stage_eta=00:00:00 | data_wait=1.68s
2026-09-01 12:43:33 | INFO    | VAL | epoch=014/030 | batch=00050/00212 | loss=4.368293e-01 | stage_elapsed=00:00:14 | stage_eta=00:00:46 | data_wait=0.37s
2026-09-01 12:43:47 | INFO    | VAL | epoch=014/030 | batch=00100/00212 | loss=5.009207e-01 | stage_elapsed=00:00:28 | stage_eta=00:00:31 | data_wait=0.39s
2026-09-01 12:44:00 | INFO    | VAL | epoch=014/030 | batch=00150/00212 | loss=5.395914e-01 | stage_elapsed=00:00:41 | stage_eta=00:00:17 | data_wait=0.40s
2026-09-01 12:44:13 | INFO    | VAL | epoch=014/030 | batch=00200/00212 | loss=4.715994e-01 | stage_elapsed=00:00:54 | stage_eta=00:00:03 | data_wait=0.43s
2026-09-01 12:44:16 | INFO    | VAL | epoch=014/030 | batch=00212/00212 | loss=6.445439e-01 | stage_elapsed=00:00:57 | stage_eta=00:00:00 | data_wait=0.43s
2026-09-01 12:44:17 | INFO    | Epoch 014 complete | train=4.993254e-01 | val=5.149348e-01 | best=5.149348e-01 | lr=1.000e-03 | epoch_time=00:52:44 | run_elapsed=13:03:32 | eta=14:55:28 | finish=2026-09-02 03:39:46 CST
2026-09-01 12:44:48 | INFO    | TRAIN | epoch=015/030 | batch=00050/05033 | loss=5.219716e-01 | stage_elapsed=00:00:31 | stage_eta=00:51:35 | data_wait=0.32s
2026-09-01 12:45:18 | INFO    | TRAIN | epoch=015/030 | batch=00100/05033 | loss=5.644715e-01 | stage_elapsed=00:01:01 | stage_eta=00:49:49 | data_wait=0.34s
2026-09-01 12:45:48 | INFO    | TRAIN | epoch=015/030 | batch=00150/05033 | loss=5.062344e-01 | stage_elapsed=00:01:30 | stage_eta=00:49:05 | data_wait=0.35s
2026-09-01 12:46:15 | INFO    | TRAIN | epoch=015/030 | batch=00200/05033 | loss=5.158759e-01 | stage_elapsed=00:01:58 | stage_eta=00:47:34 | data_wait=0.36s
2026-09-01 12:46:46 | INFO    | TRAIN | epoch=015/030 | batch=00250/05033 | loss=4.898873e-01 | stage_elapsed=00:02:29 | stage_eta=00:47:31 | data_wait=0.37s
2026-09-01 12:47:16 | INFO    | TRAIN | epoch=015/030 | batch=00300/05033 | loss=4.344533e-01 | stage_elapsed=00:02:59 | stage_eta=00:47:03 | data_wait=0.39s
2026-09-01 12:47:46 | INFO    | TRAIN | epoch=015/030 | batch=00350/05033 | loss=5.971219e-01 | stage_elapsed=00:03:29 | stage_eta=00:46:36 | data_wait=0.40s
2026-09-01 12:48:17 | INFO    | TRAIN | epoch=015/030 | batch=00400/05033 | loss=5.217198e-01 | stage_elapsed=00:04:00 | stage_eta=00:46:16 | data_wait=0.42s
2026-09-01 12:48:47 | INFO    | TRAIN | epoch=015/030 | batch=00450/05033 | loss=5.596488e-01 | stage_elapsed=00:04:29 | stage_eta=00:45:44 | data_wait=0.43s
2026-09-01 12:49:16 | INFO    | TRAIN | epoch=015/030 | batch=00500/05033 | loss=4.794389e-01 | stage_elapsed=00:04:58 | stage_eta=00:45:06 | data_wait=0.45s
2026-09-01 12:49:45 | INFO    | TRAIN | epoch=015/030 | batch=00550/05033 | loss=5.382124e-01 | stage_elapsed=00:05:27 | stage_eta=00:44:28 | data_wait=0.47s
2026-09-01 12:50:14 | INFO    | TRAIN | epoch=015/030 | batch=00600/05033 | loss=5.068002e-01 | stage_elapsed=00:05:57 | stage_eta=00:43:56 | data_wait=0.48s
2026-09-01 12:50:43 | INFO    | TRAIN | epoch=015/030 | batch=00650/05033 | loss=5.148268e-01 | stage_elapsed=00:06:26 | stage_eta=00:43:22 | data_wait=0.49s
2026-09-01 12:51:13 | INFO    | TRAIN | epoch=015/030 | batch=00700/05033 | loss=4.031039e-01 | stage_elapsed=00:06:56 | stage_eta=00:42:55 | data_wait=0.50s
2026-09-01 12:51:44 | INFO    | TRAIN | epoch=015/030 | batch=00750/05033 | loss=6.257544e-01 | stage_elapsed=00:07:26 | stage_eta=00:42:28 | data_wait=0.51s
2026-09-01 12:52:13 | INFO    | TRAIN | epoch=015/030 | batch=00800/05033 | loss=4.655698e-01 | stage_elapsed=00:07:56 | stage_eta=00:41:59 | data_wait=0.53s
2026-09-01 12:52:43 | INFO    | TRAIN | epoch=015/030 | batch=00850/05033 | loss=4.226993e-01 | stage_elapsed=00:08:25 | stage_eta=00:41:28 | data_wait=0.54s
2026-09-01 12:53:12 | INFO    | TRAIN | epoch=015/030 | batch=00900/05033 | loss=5.127269e-01 | stage_elapsed=00:08:55 | stage_eta=00:40:56 | data_wait=0.55s
2026-09-01 12:53:42 | INFO    | TRAIN | epoch=015/030 | batch=00950/05033 | loss=4.844859e-01 | stage_elapsed=00:09:24 | stage_eta=00:40:26 | data_wait=0.56s
2026-09-01 12:54:12 | INFO    | TRAIN | epoch=015/030 | batch=01000/05033 | loss=4.164025e-01 | stage_elapsed=00:09:54 | stage_eta=00:39:57 | data_wait=0.57s
2026-09-01 12:54:41 | INFO    | TRAIN | epoch=015/030 | batch=01050/05033 | loss=4.238711e-01 | stage_elapsed=00:10:23 | stage_eta=00:39:25 | data_wait=0.59s
2026-09-01 12:55:10 | INFO    | TRAIN | epoch=015/030 | batch=01100/05033 | loss=4.002173e-01 | stage_elapsed=00:10:53 | stage_eta=00:38:55 | data_wait=0.60s
2026-09-01 12:55:40 | INFO    | TRAIN | epoch=015/030 | batch=01150/05033 | loss=4.401648e-01 | stage_elapsed=00:11:23 | stage_eta=00:38:26 | data_wait=0.62s
2026-09-01 12:56:10 | INFO    | TRAIN | epoch=015/030 | batch=01200/05033 | loss=4.749466e-01 | stage_elapsed=00:11:53 | stage_eta=00:37:57 | data_wait=0.63s
2026-09-01 12:56:39 | INFO    | TRAIN | epoch=015/030 | batch=01250/05033 | loss=5.069488e-01 | stage_elapsed=00:12:22 | stage_eta=00:37:25 | data_wait=0.65s
2026-09-01 12:57:09 | INFO    | TRAIN | epoch=015/030 | batch=01300/05033 | loss=5.966464e-01 | stage_elapsed=00:12:52 | stage_eta=00:36:56 | data_wait=0.66s
2026-09-01 12:57:39 | INFO    | TRAIN | epoch=015/030 | batch=01350/05033 | loss=4.630383e-01 | stage_elapsed=00:13:22 | stage_eta=00:36:28 | data_wait=0.67s
2026-09-01 12:58:09 | INFO    | TRAIN | epoch=015/030 | batch=01400/05033 | loss=6.148186e-01 | stage_elapsed=00:13:52 | stage_eta=00:35:58 | data_wait=0.69s
2026-09-01 12:58:39 | INFO    | TRAIN | epoch=015/030 | batch=01450/05033 | loss=5.732258e-01 | stage_elapsed=00:14:21 | stage_eta=00:35:28 | data_wait=0.70s
2026-09-01 12:59:09 | INFO    | TRAIN | epoch=015/030 | batch=01500/05033 | loss=4.971794e-01 | stage_elapsed=00:14:52 | stage_eta=00:35:01 | data_wait=0.71s
2026-09-01 12:59:38 | INFO    | TRAIN | epoch=015/030 | batch=01550/05033 | loss=4.907786e-01 | stage_elapsed=00:15:21 | stage_eta=00:34:29 | data_wait=0.73s
2026-09-01 13:00:06 | INFO    | TRAIN | epoch=015/030 | batch=01600/05033 | loss=5.124056e-01 | stage_elapsed=00:15:49 | stage_eta=00:33:56 | data_wait=0.75s
2026-09-01 13:00:36 | INFO    | TRAIN | epoch=015/030 | batch=01650/05033 | loss=5.177899e-01 | stage_elapsed=00:16:19 | stage_eta=00:33:27 | data_wait=0.78s
2026-09-01 13:01:07 | INFO    | TRAIN | epoch=015/030 | batch=01700/05033 | loss=5.395848e-01 | stage_elapsed=00:16:49 | stage_eta=00:32:59 | data_wait=0.79s
2026-09-01 13:01:37 | INFO    | TRAIN | epoch=015/030 | batch=01750/05033 | loss=4.736816e-01 | stage_elapsed=00:17:19 | stage_eta=00:32:30 | data_wait=0.80s
2026-09-01 13:02:06 | INFO    | TRAIN | epoch=015/030 | batch=01800/05033 | loss=5.446382e-01 | stage_elapsed=00:17:49 | stage_eta=00:32:00 | data_wait=0.81s
2026-09-01 13:02:37 | INFO    | TRAIN | epoch=015/030 | batch=01850/05033 | loss=4.876208e-01 | stage_elapsed=00:18:19 | stage_eta=00:31:32 | data_wait=0.82s
2026-09-01 13:03:07 | INFO    | TRAIN | epoch=015/030 | batch=01900/05033 | loss=4.700807e-01 | stage_elapsed=00:18:49 | stage_eta=00:31:02 | data_wait=0.83s
2026-09-01 13:03:35 | INFO    | TRAIN | epoch=015/030 | batch=01950/05033 | loss=5.416678e-01 | stage_elapsed=00:19:18 | stage_eta=00:30:30 | data_wait=0.85s
2026-09-01 13:04:05 | INFO    | TRAIN | epoch=015/030 | batch=02000/05033 | loss=4.801744e-01 | stage_elapsed=00:19:48 | stage_eta=00:30:01 | data_wait=0.86s
2026-09-01 13:04:36 | INFO    | TRAIN | epoch=015/030 | batch=02050/05033 | loss=4.974805e-01 | stage_elapsed=00:20:18 | stage_eta=00:29:33 | data_wait=0.87s
2026-09-01 13:05:05 | INFO    | TRAIN | epoch=015/030 | batch=02100/05033 | loss=4.083624e-01 | stage_elapsed=00:20:48 | stage_eta=00:29:03 | data_wait=0.89s
2026-09-01 13:05:36 | INFO    | TRAIN | epoch=015/030 | batch=02150/05033 | loss=4.352419e-01 | stage_elapsed=00:21:18 | stage_eta=00:28:34 | data_wait=0.91s
2026-09-01 13:06:06 | INFO    | TRAIN | epoch=015/030 | batch=02200/05033 | loss=4.998650e-01 | stage_elapsed=00:21:48 | stage_eta=00:28:05 | data_wait=0.92s
2026-09-01 13:06:35 | INFO    | TRAIN | epoch=015/030 | batch=02250/05033 | loss=4.876801e-01 | stage_elapsed=00:22:18 | stage_eta=00:27:35 | data_wait=0.94s
2026-09-01 13:07:04 | INFO    | TRAIN | epoch=015/030 | batch=02300/05033 | loss=5.330150e-01 | stage_elapsed=00:22:47 | stage_eta=00:27:04 | data_wait=0.95s
2026-09-01 13:07:35 | INFO    | TRAIN | epoch=015/030 | batch=02350/05033 | loss=4.443853e-01 | stage_elapsed=00:23:17 | stage_eta=00:26:35 | data_wait=0.96s
2026-09-01 13:08:05 | INFO    | TRAIN | epoch=015/030 | batch=02400/05033 | loss=4.666357e-01 | stage_elapsed=00:23:47 | stage_eta=00:26:06 | data_wait=0.97s
2026-09-01 13:08:35 | INFO    | TRAIN | epoch=015/030 | batch=02450/05033 | loss=4.243534e-01 | stage_elapsed=00:24:17 | stage_eta=00:25:37 | data_wait=0.98s
2026-09-01 13:09:05 | INFO    | TRAIN | epoch=015/030 | batch=02500/05033 | loss=5.195976e-01 | stage_elapsed=00:24:48 | stage_eta=00:25:07 | data_wait=1.00s
2026-09-01 13:09:36 | INFO    | TRAIN | epoch=015/030 | batch=02550/05033 | loss=5.274139e-01 | stage_elapsed=00:25:18 | stage_eta=00:24:38 | data_wait=1.01s
2026-09-01 13:10:04 | INFO    | TRAIN | epoch=015/030 | batch=02600/05033 | loss=4.407981e-01 | stage_elapsed=00:25:47 | stage_eta=00:24:08 | data_wait=1.02s
2026-09-01 13:10:32 | INFO    | TRAIN | epoch=015/030 | batch=02650/05033 | loss=4.584154e-01 | stage_elapsed=00:26:15 | stage_eta=00:23:36 | data_wait=1.04s
2026-09-01 13:11:01 | INFO    | TRAIN | epoch=015/030 | batch=02700/05033 | loss=5.917386e-01 | stage_elapsed=00:26:44 | stage_eta=00:23:06 | data_wait=1.06s
2026-09-01 13:11:31 | INFO    | TRAIN | epoch=015/030 | batch=02750/05033 | loss=4.837441e-01 | stage_elapsed=00:27:13 | stage_eta=00:22:36 | data_wait=1.07s
2026-09-01 13:12:01 | INFO    | TRAIN | epoch=015/030 | batch=02800/05033 | loss=4.746455e-01 | stage_elapsed=00:27:44 | stage_eta=00:22:07 | data_wait=1.08s
2026-09-01 13:12:31 | INFO    | TRAIN | epoch=015/030 | batch=02850/05033 | loss=4.640204e-01 | stage_elapsed=00:28:14 | stage_eta=00:21:37 | data_wait=1.09s
2026-09-01 13:13:01 | INFO    | TRAIN | epoch=015/030 | batch=02900/05033 | loss=5.278070e-01 | stage_elapsed=00:28:44 | stage_eta=00:21:08 | data_wait=1.11s
2026-09-01 13:13:31 | INFO    | TRAIN | epoch=015/030 | batch=02950/05033 | loss=4.259999e-01 | stage_elapsed=00:29:13 | stage_eta=00:20:38 | data_wait=1.12s
2026-09-01 13:14:00 | INFO    | TRAIN | epoch=015/030 | batch=03000/05033 | loss=5.101150e-01 | stage_elapsed=00:29:42 | stage_eta=00:20:08 | data_wait=1.13s
2026-09-01 13:14:29 | INFO    | TRAIN | epoch=015/030 | batch=03050/05033 | loss=5.461185e-01 | stage_elapsed=00:30:12 | stage_eta=00:19:38 | data_wait=1.14s
2026-09-01 13:14:59 | INFO    | TRAIN | epoch=015/030 | batch=03100/05033 | loss=5.193613e-01 | stage_elapsed=00:30:42 | stage_eta=00:19:09 | data_wait=1.15s
2026-09-01 13:15:29 | INFO    | TRAIN | epoch=015/030 | batch=03150/05033 | loss=4.144028e-01 | stage_elapsed=00:31:11 | stage_eta=00:18:39 | data_wait=1.17s
2026-09-01 13:15:58 | INFO    | TRAIN | epoch=015/030 | batch=03200/05033 | loss=4.344456e-01 | stage_elapsed=00:31:40 | stage_eta=00:18:09 | data_wait=1.19s
2026-09-01 13:16:28 | INFO    | TRAIN | epoch=015/030 | batch=03250/05033 | loss=5.485262e-01 | stage_elapsed=00:32:10 | stage_eta=00:17:39 | data_wait=1.20s
2026-09-01 13:16:58 | INFO    | TRAIN | epoch=015/030 | batch=03300/05033 | loss=6.041006e-01 | stage_elapsed=00:32:40 | stage_eta=00:17:09 | data_wait=1.21s
2026-09-01 13:17:26 | INFO    | TRAIN | epoch=015/030 | batch=03350/05033 | loss=5.489089e-01 | stage_elapsed=00:33:09 | stage_eta=00:16:39 | data_wait=1.22s
2026-09-01 13:17:56 | INFO    | TRAIN | epoch=015/030 | batch=03400/05033 | loss=5.268587e-01 | stage_elapsed=00:33:39 | stage_eta=00:16:10 | data_wait=1.24s
2026-09-01 13:18:27 | INFO    | TRAIN | epoch=015/030 | batch=03450/05033 | loss=5.186226e-01 | stage_elapsed=00:34:09 | stage_eta=00:15:40 | data_wait=1.25s
2026-09-01 13:18:58 | INFO    | TRAIN | epoch=015/030 | batch=03500/05033 | loss=4.064838e-01 | stage_elapsed=00:34:41 | stage_eta=00:15:12 | data_wait=1.26s
2026-09-01 13:19:28 | INFO    | TRAIN | epoch=015/030 | batch=03550/05033 | loss=4.589044e-01 | stage_elapsed=00:35:11 | stage_eta=00:14:42 | data_wait=1.27s
2026-09-01 13:19:58 | INFO    | TRAIN | epoch=015/030 | batch=03600/05033 | loss=4.726871e-01 | stage_elapsed=00:35:41 | stage_eta=00:14:12 | data_wait=1.28s
2026-09-01 13:20:28 | INFO    | TRAIN | epoch=015/030 | batch=03650/05033 | loss=4.472551e-01 | stage_elapsed=00:36:11 | stage_eta=00:13:43 | data_wait=1.30s
2026-09-01 13:20:55 | INFO    | TRAIN | epoch=015/030 | batch=03700/05033 | loss=4.051418e-01 | stage_elapsed=00:36:38 | stage_eta=00:13:12 | data_wait=1.32s
2026-09-01 13:21:27 | INFO    | TRAIN | epoch=015/030 | batch=03750/05033 | loss=4.803555e-01 | stage_elapsed=00:37:09 | stage_eta=00:12:43 | data_wait=1.33s
2026-09-01 13:21:57 | INFO    | TRAIN | epoch=015/030 | batch=03800/05033 | loss=4.885911e-01 | stage_elapsed=00:37:39 | stage_eta=00:12:13 | data_wait=1.35s
2026-09-01 13:22:26 | INFO    | TRAIN | epoch=015/030 | batch=03850/05033 | loss=4.088095e-01 | stage_elapsed=00:38:09 | stage_eta=00:11:43 | data_wait=1.36s
2026-09-01 13:22:57 | INFO    | TRAIN | epoch=015/030 | batch=03900/05033 | loss=5.788394e-01 | stage_elapsed=00:38:39 | stage_eta=00:11:14 | data_wait=1.37s
2026-09-01 13:23:30 | INFO    | TRAIN | epoch=015/030 | batch=03950/05033 | loss=4.537606e-01 | stage_elapsed=00:39:12 | stage_eta=00:10:45 | data_wait=1.38s
2026-09-01 13:23:59 | INFO    | TRAIN | epoch=015/030 | batch=04000/05033 | loss=5.447586e-01 | stage_elapsed=00:39:42 | stage_eta=00:10:15 | data_wait=1.39s
2026-09-01 13:24:28 | INFO    | TRAIN | epoch=015/030 | batch=04050/05033 | loss=4.909107e-01 | stage_elapsed=00:40:11 | stage_eta=00:09:45 | data_wait=1.40s
2026-09-01 13:24:56 | INFO    | TRAIN | epoch=015/030 | batch=04100/05033 | loss=5.739915e-01 | stage_elapsed=00:40:39 | stage_eta=00:09:15 | data_wait=1.42s
2026-09-01 13:25:26 | INFO    | TRAIN | epoch=015/030 | batch=04150/05033 | loss=4.730095e-01 | stage_elapsed=00:41:09 | stage_eta=00:08:45 | data_wait=1.43s
2026-09-01 13:25:56 | INFO    | TRAIN | epoch=015/030 | batch=04200/05033 | loss=4.542454e-01 | stage_elapsed=00:41:39 | stage_eta=00:08:16 | data_wait=1.45s
2026-09-01 13:26:26 | INFO    | TRAIN | epoch=015/030 | batch=04250/05033 | loss=4.892296e-01 | stage_elapsed=00:42:08 | stage_eta=00:07:46 | data_wait=1.47s
2026-09-01 13:26:56 | INFO    | TRAIN | epoch=015/030 | batch=04300/05033 | loss=4.346859e-01 | stage_elapsed=00:42:39 | stage_eta=00:07:16 | data_wait=1.49s
2026-09-01 13:27:26 | INFO    | TRAIN | epoch=015/030 | batch=04350/05033 | loss=4.508395e-01 | stage_elapsed=00:43:09 | stage_eta=00:06:46 | data_wait=1.50s
2026-09-01 13:27:57 | INFO    | TRAIN | epoch=015/030 | batch=04400/05033 | loss=4.114680e-01 | stage_elapsed=00:43:40 | stage_eta=00:06:17 | data_wait=1.51s
2026-09-01 13:28:26 | INFO    | TRAIN | epoch=015/030 | batch=04450/05033 | loss=4.519608e-01 | stage_elapsed=00:44:08 | stage_eta=00:05:47 | data_wait=1.52s
2026-09-01 13:28:56 | INFO    | TRAIN | epoch=015/030 | batch=04500/05033 | loss=5.224107e-01 | stage_elapsed=00:44:39 | stage_eta=00:05:17 | data_wait=1.54s
2026-09-01 13:29:27 | INFO    | TRAIN | epoch=015/030 | batch=04550/05033 | loss=4.749797e-01 | stage_elapsed=00:45:09 | stage_eta=00:04:48 | data_wait=1.55s
2026-09-01 13:29:56 | INFO    | TRAIN | epoch=015/030 | batch=04600/05033 | loss=5.230747e-01 | stage_elapsed=00:45:39 | stage_eta=00:04:18 | data_wait=1.57s
2026-09-01 13:30:25 | INFO    | TRAIN | epoch=015/030 | batch=04650/05033 | loss=4.815353e-01 | stage_elapsed=00:46:08 | stage_eta=00:03:48 | data_wait=1.59s
2026-09-01 13:30:54 | INFO    | TRAIN | epoch=015/030 | batch=04700/05033 | loss=5.132525e-01 | stage_elapsed=00:46:37 | stage_eta=00:03:18 | data_wait=1.61s
2026-09-01 13:31:26 | INFO    | TRAIN | epoch=015/030 | batch=04750/05033 | loss=4.761133e-01 | stage_elapsed=00:47:09 | stage_eta=00:02:49 | data_wait=1.63s
2026-09-01 13:31:55 | INFO    | TRAIN | epoch=015/030 | batch=04800/05033 | loss=5.276831e-01 | stage_elapsed=00:47:37 | stage_eta=00:02:19 | data_wait=1.65s
2026-09-01 13:32:25 | INFO    | TRAIN | epoch=015/030 | batch=04850/05033 | loss=4.246356e-01 | stage_elapsed=00:48:08 | stage_eta=00:01:49 | data_wait=1.66s
2026-09-01 13:32:55 | INFO    | TRAIN | epoch=015/030 | batch=04900/05033 | loss=3.900497e-01 | stage_elapsed=00:48:38 | stage_eta=00:01:19 | data_wait=1.67s
2026-09-01 13:33:25 | INFO    | TRAIN | epoch=015/030 | batch=04950/05033 | loss=5.156518e-01 | stage_elapsed=00:49:08 | stage_eta=00:00:49 | data_wait=1.68s
2026-09-01 13:33:56 | INFO    | TRAIN | epoch=015/030 | batch=05000/05033 | loss=4.936294e-01 | stage_elapsed=00:49:38 | stage_eta=00:00:20 | data_wait=1.69s
2026-09-01 13:34:15 | INFO    | TRAIN | epoch=015/030 | batch=05033/05033 | loss=4.864056e-01 | stage_elapsed=00:49:58 | stage_eta=00:00:00 | data_wait=1.70s
2026-09-01 13:34:30 | INFO    | VAL | epoch=015/030 | batch=00050/00212 | loss=4.872459e-01 | stage_elapsed=00:00:15 | stage_eta=00:00:48 | data_wait=0.42s
2026-09-01 13:34:44 | INFO    | VAL | epoch=015/030 | batch=00100/00212 | loss=5.265611e-01 | stage_elapsed=00:00:29 | stage_eta=00:00:32 | data_wait=0.43s
2026-09-01 13:34:57 | INFO    | VAL | epoch=015/030 | batch=00150/00212 | loss=5.709387e-01 | stage_elapsed=00:00:42 | stage_eta=00:00:17 | data_wait=0.45s
2026-09-01 13:35:10 | INFO    | VAL | epoch=015/030 | batch=00200/00212 | loss=5.034423e-01 | stage_elapsed=00:00:55 | stage_eta=00:00:03 | data_wait=0.47s
2026-09-01 13:35:13 | INFO    | VAL | epoch=015/030 | batch=00212/00212 | loss=6.800910e-01 | stage_elapsed=00:00:58 | stage_eta=00:00:00 | data_wait=0.47s
2026-09-01 13:35:14 | INFO    | Epoch 015 complete | train=4.909798e-01 | val=5.493896e-01 | best=5.149348e-01 | lr=1.000e-03 | epoch_time=00:50:56 | run_elapsed=13:54:29 | eta=13:54:29 | finish=2026-09-02 03:29:43 CST
2026-09-01 13:35:43 | INFO    | TRAIN | epoch=016/030 | batch=00050/05033 | loss=5.201300e-01 | stage_elapsed=00:00:29 | stage_eta=00:48:07 | data_wait=0.29s
2026-09-01 13:36:12 | INFO    | TRAIN | epoch=016/030 | batch=00100/05033 | loss=3.913734e-01 | stage_elapsed=00:00:59 | stage_eta=00:48:09 | data_wait=0.31s
2026-09-01 13:36:42 | INFO    | TRAIN | epoch=016/030 | batch=00150/05033 | loss=4.176482e-01 | stage_elapsed=00:01:29 | stage_eta=00:48:03 | data_wait=0.32s
2026-09-01 13:37:12 | INFO    | TRAIN | epoch=016/030 | batch=00200/05033 | loss=4.513562e-01 | stage_elapsed=00:01:59 | stage_eta=00:47:49 | data_wait=0.33s
2026-09-01 13:37:42 | INFO    | TRAIN | epoch=016/030 | batch=00250/05033 | loss=4.934624e-01 | stage_elapsed=00:02:29 | stage_eta=00:47:23 | data_wait=0.34s
2026-09-01 13:38:12 | INFO    | TRAIN | epoch=016/030 | batch=00300/05033 | loss=5.002208e-01 | stage_elapsed=00:02:58 | stage_eta=00:46:48 | data_wait=0.35s
2026-09-01 13:38:41 | INFO    | TRAIN | epoch=016/030 | batch=00350/05033 | loss=5.619599e-01 | stage_elapsed=00:03:27 | stage_eta=00:46:14 | data_wait=0.37s
2026-09-01 13:39:11 | INFO    | TRAIN | epoch=016/030 | batch=00400/05033 | loss=3.934736e-01 | stage_elapsed=00:03:57 | stage_eta=00:45:43 | data_wait=0.38s
2026-09-01 13:39:40 | INFO    | TRAIN | epoch=016/030 | batch=00450/05033 | loss=4.943646e-01 | stage_elapsed=00:04:26 | stage_eta=00:45:13 | data_wait=0.40s
2026-09-01 13:40:09 | INFO    | TRAIN | epoch=016/030 | batch=00500/05033 | loss=4.641171e-01 | stage_elapsed=00:04:56 | stage_eta=00:44:39 | data_wait=0.42s
2026-09-01 13:40:39 | INFO    | TRAIN | epoch=016/030 | batch=00550/05033 | loss=5.041398e-01 | stage_elapsed=00:05:25 | stage_eta=00:44:13 | data_wait=0.44s
2026-09-01 13:41:08 | INFO    | TRAIN | epoch=016/030 | batch=00600/05033 | loss=4.544996e-01 | stage_elapsed=00:05:55 | stage_eta=00:43:40 | data_wait=0.45s
2026-09-01 13:41:38 | INFO    | TRAIN | epoch=016/030 | batch=00650/05033 | loss=4.980746e-01 | stage_elapsed=00:06:24 | stage_eta=00:43:12 | data_wait=0.46s
2026-09-01 13:42:07 | INFO    | TRAIN | epoch=016/030 | batch=00700/05033 | loss=4.778209e-01 | stage_elapsed=00:06:53 | stage_eta=00:42:39 | data_wait=0.48s
2026-09-01 13:42:37 | INFO    | TRAIN | epoch=016/030 | batch=00750/05033 | loss=4.820085e-01 | stage_elapsed=00:07:23 | stage_eta=00:42:09 | data_wait=0.49s
2026-09-01 13:43:07 | INFO    | TRAIN | epoch=016/030 | batch=00800/05033 | loss=4.695005e-01 | stage_elapsed=00:07:53 | stage_eta=00:41:42 | data_wait=0.50s
2026-09-01 13:43:37 | INFO    | TRAIN | epoch=016/030 | batch=00850/05033 | loss=4.977541e-01 | stage_elapsed=00:08:23 | stage_eta=00:41:15 | data_wait=0.51s
2026-09-01 13:44:07 | INFO    | TRAIN | epoch=016/030 | batch=00900/05033 | loss=4.580925e-01 | stage_elapsed=00:08:53 | stage_eta=00:40:47 | data_wait=0.52s
2026-09-01 13:44:37 | INFO    | TRAIN | epoch=016/030 | batch=00950/05033 | loss=5.731458e-01 | stage_elapsed=00:09:23 | stage_eta=00:40:20 | data_wait=0.54s
2026-09-01 13:45:05 | INFO    | TRAIN | epoch=016/030 | batch=01000/05033 | loss=4.939772e-01 | stage_elapsed=00:09:51 | stage_eta=00:39:44 | data_wait=0.56s
2026-09-01 13:45:34 | INFO    | TRAIN | epoch=016/030 | batch=01050/05033 | loss=4.322927e-01 | stage_elapsed=00:10:20 | stage_eta=00:39:12 | data_wait=0.58s
2026-09-01 13:46:03 | INFO    | TRAIN | epoch=016/030 | batch=01100/05033 | loss=6.364092e-01 | stage_elapsed=00:10:49 | stage_eta=00:38:42 | data_wait=0.60s
2026-09-01 13:46:33 | INFO    | TRAIN | epoch=016/030 | batch=01150/05033 | loss=4.364860e-01 | stage_elapsed=00:11:19 | stage_eta=00:38:13 | data_wait=0.61s
2026-09-01 13:47:03 | INFO    | TRAIN | epoch=016/030 | batch=01200/05033 | loss=4.586484e-01 | stage_elapsed=00:11:49 | stage_eta=00:37:46 | data_wait=0.62s
2026-09-01 13:47:33 | INFO    | TRAIN | epoch=016/030 | batch=01250/05033 | loss=5.004658e-01 | stage_elapsed=00:12:19 | stage_eta=00:37:18 | data_wait=0.63s
2026-09-01 13:48:04 | INFO    | TRAIN | epoch=016/030 | batch=01300/05033 | loss=4.217423e-01 | stage_elapsed=00:12:50 | stage_eta=00:36:50 | data_wait=0.64s
2026-09-01 13:48:34 | INFO    | TRAIN | epoch=016/030 | batch=01350/05033 | loss=4.259088e-01 | stage_elapsed=00:13:20 | stage_eta=00:36:22 | data_wait=0.66s
2026-09-01 13:49:02 | INFO    | TRAIN | epoch=016/030 | batch=01400/05033 | loss=4.562144e-01 | stage_elapsed=00:13:48 | stage_eta=00:35:49 | data_wait=0.68s
2026-09-01 13:49:31 | INFO    | TRAIN | epoch=016/030 | batch=01450/05033 | loss=5.534418e-01 | stage_elapsed=00:14:17 | stage_eta=00:35:19 | data_wait=0.69s
2026-09-01 13:50:01 | INFO    | TRAIN | epoch=016/030 | batch=01500/05033 | loss=4.468745e-01 | stage_elapsed=00:14:47 | stage_eta=00:34:49 | data_wait=0.71s
2026-09-01 13:50:31 | INFO    | TRAIN | epoch=016/030 | batch=01550/05033 | loss=4.962964e-01 | stage_elapsed=00:15:17 | stage_eta=00:34:21 | data_wait=0.72s
2026-09-01 13:51:01 | INFO    | TRAIN | epoch=016/030 | batch=01600/05033 | loss=5.075607e-01 | stage_elapsed=00:15:47 | stage_eta=00:33:52 | data_wait=0.74s
2026-09-01 13:51:31 | INFO    | TRAIN | epoch=016/030 | batch=01650/05033 | loss=4.677867e-01 | stage_elapsed=00:16:17 | stage_eta=00:33:24 | data_wait=0.75s
2026-09-01 13:52:02 | INFO    | TRAIN | epoch=016/030 | batch=01700/05033 | loss=4.561844e-01 | stage_elapsed=00:16:48 | stage_eta=00:32:57 | data_wait=0.76s
2026-09-01 13:52:30 | INFO    | TRAIN | epoch=016/030 | batch=01750/05033 | loss=5.029122e-01 | stage_elapsed=00:17:16 | stage_eta=00:32:23 | data_wait=0.77s
2026-09-01 13:53:00 | INFO    | TRAIN | epoch=016/030 | batch=01800/05033 | loss=5.005515e-01 | stage_elapsed=00:17:46 | stage_eta=00:31:54 | data_wait=0.78s
2026-09-01 13:53:30 | INFO    | TRAIN | epoch=016/030 | batch=01850/05033 | loss=4.645310e-01 | stage_elapsed=00:18:16 | stage_eta=00:31:26 | data_wait=0.80s
2026-09-01 13:53:59 | INFO    | TRAIN | epoch=016/030 | batch=01900/05033 | loss=4.620657e-01 | stage_elapsed=00:18:45 | stage_eta=00:30:56 | data_wait=0.81s
2026-09-01 13:54:29 | INFO    | TRAIN | epoch=016/030 | batch=01950/05033 | loss=5.031627e-01 | stage_elapsed=00:19:16 | stage_eta=00:30:27 | data_wait=0.83s
2026-09-01 13:54:59 | INFO    | TRAIN | epoch=016/030 | batch=02000/05033 | loss=4.828603e-01 | stage_elapsed=00:19:45 | stage_eta=00:29:57 | data_wait=0.84s
2026-09-01 13:55:29 | INFO    | TRAIN | epoch=016/030 | batch=02050/05033 | loss=5.119863e-01 | stage_elapsed=00:20:15 | stage_eta=00:29:28 | data_wait=0.85s
2026-09-01 13:55:57 | INFO    | TRAIN | epoch=016/030 | batch=02100/05033 | loss=5.065082e-01 | stage_elapsed=00:20:43 | stage_eta=00:28:56 | data_wait=0.87s
2026-09-01 13:56:25 | INFO    | TRAIN | epoch=016/030 | batch=02150/05033 | loss=5.327057e-01 | stage_elapsed=00:21:11 | stage_eta=00:28:24 | data_wait=0.88s
2026-09-01 13:56:54 | INFO    | TRAIN | epoch=016/030 | batch=02200/05033 | loss=5.153533e-01 | stage_elapsed=00:21:41 | stage_eta=00:27:55 | data_wait=0.89s
2026-09-01 13:57:24 | INFO    | TRAIN | epoch=016/030 | batch=02250/05033 | loss=5.122022e-01 | stage_elapsed=00:22:10 | stage_eta=00:27:25 | data_wait=0.91s
2026-09-01 13:57:53 | INFO    | TRAIN | epoch=016/030 | batch=02300/05033 | loss=4.807712e-01 | stage_elapsed=00:22:39 | stage_eta=00:26:55 | data_wait=0.93s
2026-09-01 13:58:22 | INFO    | TRAIN | epoch=016/030 | batch=02350/05033 | loss=4.644414e-01 | stage_elapsed=00:23:09 | stage_eta=00:26:25 | data_wait=0.94s
2026-09-01 13:58:52 | INFO    | TRAIN | epoch=016/030 | batch=02400/05033 | loss=5.056298e-01 | stage_elapsed=00:23:38 | stage_eta=00:25:56 | data_wait=0.95s
2026-09-01 13:59:21 | INFO    | TRAIN | epoch=016/030 | batch=02450/05033 | loss=4.976475e-01 | stage_elapsed=00:24:07 | stage_eta=00:25:25 | data_wait=0.96s
2026-09-01 13:59:48 | INFO    | TRAIN | epoch=016/030 | batch=02500/05033 | loss=5.392207e-01 | stage_elapsed=00:24:35 | stage_eta=00:24:54 | data_wait=0.98s
2026-09-01 14:00:17 | INFO    | TRAIN | epoch=016/030 | batch=02550/05033 | loss=3.905317e-01 | stage_elapsed=00:25:04 | stage_eta=00:24:24 | data_wait=0.99s
2026-09-01 14:00:46 | INFO    | TRAIN | epoch=016/030 | batch=02600/05033 | loss=4.246678e-01 | stage_elapsed=00:25:32 | stage_eta=00:23:54 | data_wait=1.01s
2026-09-01 14:01:16 | INFO    | TRAIN | epoch=016/030 | batch=02650/05033 | loss=4.102116e-01 | stage_elapsed=00:26:02 | stage_eta=00:23:25 | data_wait=1.02s
2026-09-01 14:01:46 | INFO    | TRAIN | epoch=016/030 | batch=02700/05033 | loss=5.234333e-01 | stage_elapsed=00:26:32 | stage_eta=00:22:56 | data_wait=1.03s
2026-09-01 14:02:16 | INFO    | TRAIN | epoch=016/030 | batch=02750/05033 | loss=4.872588e-01 | stage_elapsed=00:27:03 | stage_eta=00:22:27 | data_wait=1.05s
2026-09-01 14:02:45 | INFO    | TRAIN | epoch=016/030 | batch=02800/05033 | loss=5.235093e-01 | stage_elapsed=00:27:31 | stage_eta=00:21:57 | data_wait=1.06s
2026-09-01 14:03:15 | INFO    | TRAIN | epoch=016/030 | batch=02850/05033 | loss=5.393180e-01 | stage_elapsed=00:28:01 | stage_eta=00:21:28 | data_wait=1.07s
2026-09-01 14:03:43 | INFO    | TRAIN | epoch=016/030 | batch=02900/05033 | loss=5.006198e-01 | stage_elapsed=00:28:30 | stage_eta=00:20:57 | data_wait=1.09s
2026-09-01 14:04:13 | INFO    | TRAIN | epoch=016/030 | batch=02950/05033 | loss=5.865564e-01 | stage_elapsed=00:28:59 | stage_eta=00:20:28 | data_wait=1.10s
2026-09-01 14:04:43 | INFO    | TRAIN | epoch=016/030 | batch=03000/05033 | loss=4.316737e-01 | stage_elapsed=00:29:29 | stage_eta=00:19:59 | data_wait=1.11s
2026-09-01 14:05:12 | INFO    | TRAIN | epoch=016/030 | batch=03050/05033 | loss=4.886777e-01 | stage_elapsed=00:29:58 | stage_eta=00:19:29 | data_wait=1.12s
2026-09-01 14:05:41 | INFO    | TRAIN | epoch=016/030 | batch=03100/05033 | loss=5.052700e-01 | stage_elapsed=00:30:28 | stage_eta=00:19:00 | data_wait=1.14s
2026-09-01 14:06:10 | INFO    | TRAIN | epoch=016/030 | batch=03150/05033 | loss=4.609216e-01 | stage_elapsed=00:30:56 | stage_eta=00:18:30 | data_wait=1.15s
2026-09-01 14:06:40 | INFO    | TRAIN | epoch=016/030 | batch=03200/05033 | loss=4.852489e-01 | stage_elapsed=00:31:26 | stage_eta=00:18:00 | data_wait=1.17s
2026-09-01 14:07:08 | INFO    | TRAIN | epoch=016/030 | batch=03250/05033 | loss=5.202830e-01 | stage_elapsed=00:31:54 | stage_eta=00:17:30 | data_wait=1.18s
2026-09-01 14:07:37 | INFO    | TRAIN | epoch=016/030 | batch=03300/05033 | loss=4.638690e-01 | stage_elapsed=00:32:23 | stage_eta=00:17:00 | data_wait=1.20s
2026-09-01 14:08:07 | INFO    | TRAIN | epoch=016/030 | batch=03350/05033 | loss=5.217029e-01 | stage_elapsed=00:32:53 | stage_eta=00:16:31 | data_wait=1.21s
2026-09-01 14:08:36 | INFO    | TRAIN | epoch=016/030 | batch=03400/05033 | loss=4.953815e-01 | stage_elapsed=00:33:22 | stage_eta=00:16:02 | data_wait=1.22s
2026-09-01 14:09:06 | INFO    | TRAIN | epoch=016/030 | batch=03450/05033 | loss=4.279372e-01 | stage_elapsed=00:33:52 | stage_eta=00:15:32 | data_wait=1.23s
2026-09-01 14:09:35 | INFO    | TRAIN | epoch=016/030 | batch=03500/05033 | loss=4.266800e-01 | stage_elapsed=00:34:21 | stage_eta=00:15:03 | data_wait=1.24s
2026-09-01 14:10:04 | INFO    | TRAIN | epoch=016/030 | batch=03550/05033 | loss=4.790613e-01 | stage_elapsed=00:34:50 | stage_eta=00:14:33 | data_wait=1.26s
2026-09-01 14:10:33 | INFO    | TRAIN | epoch=016/030 | batch=03600/05033 | loss=4.860314e-01 | stage_elapsed=00:35:19 | stage_eta=00:14:04 | data_wait=1.27s
2026-09-01 14:11:02 | INFO    | TRAIN | epoch=016/030 | batch=03650/05033 | loss=4.941949e-01 | stage_elapsed=00:35:48 | stage_eta=00:13:34 | data_wait=1.28s
2026-09-01 14:11:31 | INFO    | TRAIN | epoch=016/030 | batch=03700/05033 | loss=4.113495e-01 | stage_elapsed=00:36:17 | stage_eta=00:13:04 | data_wait=1.30s
2026-09-01 14:11:59 | INFO    | TRAIN | epoch=016/030 | batch=03750/05033 | loss=4.746339e-01 | stage_elapsed=00:36:45 | stage_eta=00:12:35 | data_wait=1.31s
2026-09-01 14:12:28 | INFO    | TRAIN | epoch=016/030 | batch=03800/05033 | loss=4.563992e-01 | stage_elapsed=00:37:15 | stage_eta=00:12:05 | data_wait=1.33s
2026-09-01 14:12:59 | INFO    | TRAIN | epoch=016/030 | batch=03850/05033 | loss=4.767626e-01 | stage_elapsed=00:37:45 | stage_eta=00:11:36 | data_wait=1.34s
2026-09-01 14:13:28 | INFO    | TRAIN | epoch=016/030 | batch=03900/05033 | loss=4.854059e-01 | stage_elapsed=00:38:14 | stage_eta=00:11:07 | data_wait=1.35s
2026-09-01 14:13:58 | INFO    | TRAIN | epoch=016/030 | batch=03950/05033 | loss=5.010330e-01 | stage_elapsed=00:38:44 | stage_eta=00:10:37 | data_wait=1.36s
2026-09-01 14:14:27 | INFO    | TRAIN | epoch=016/030 | batch=04000/05033 | loss=5.578243e-01 | stage_elapsed=00:39:13 | stage_eta=00:10:08 | data_wait=1.38s
2026-09-01 14:14:55 | INFO    | TRAIN | epoch=016/030 | batch=04050/05033 | loss=4.605235e-01 | stage_elapsed=00:39:41 | stage_eta=00:09:38 | data_wait=1.40s
2026-09-01 14:15:24 | INFO    | TRAIN | epoch=016/030 | batch=04100/05033 | loss=4.394997e-01 | stage_elapsed=00:40:11 | stage_eta=00:09:09 | data_wait=1.41s
2026-09-01 14:15:54 | INFO    | TRAIN | epoch=016/030 | batch=04150/05033 | loss=5.353959e-01 | stage_elapsed=00:40:40 | stage_eta=00:08:39 | data_wait=1.42s
2026-09-01 14:16:23 | INFO    | TRAIN | epoch=016/030 | batch=04200/05033 | loss=4.991044e-01 | stage_elapsed=00:41:10 | stage_eta=00:08:10 | data_wait=1.44s
2026-09-01 14:16:53 | INFO    | TRAIN | epoch=016/030 | batch=04250/05033 | loss=4.741898e-01 | stage_elapsed=00:41:39 | stage_eta=00:07:40 | data_wait=1.45s
2026-09-01 14:17:23 | INFO    | TRAIN | epoch=016/030 | batch=04300/05033 | loss=4.925316e-01 | stage_elapsed=00:42:09 | stage_eta=00:07:11 | data_wait=1.46s
2026-09-01 14:17:53 | INFO    | TRAIN | epoch=016/030 | batch=04350/05033 | loss=4.722731e-01 | stage_elapsed=00:42:39 | stage_eta=00:06:42 | data_wait=1.48s
2026-09-01 14:18:21 | INFO    | TRAIN | epoch=016/030 | batch=04400/05033 | loss=5.249912e-01 | stage_elapsed=00:43:07 | stage_eta=00:06:12 | data_wait=1.50s
2026-09-01 14:18:51 | INFO    | TRAIN | epoch=016/030 | batch=04450/05033 | loss=4.827695e-01 | stage_elapsed=00:43:37 | stage_eta=00:05:43 | data_wait=1.51s
2026-09-01 14:19:20 | INFO    | TRAIN | epoch=016/030 | batch=04500/05033 | loss=4.630093e-01 | stage_elapsed=00:44:07 | stage_eta=00:05:13 | data_wait=1.53s
2026-09-01 14:19:50 | INFO    | TRAIN | epoch=016/030 | batch=04550/05033 | loss=4.003839e-01 | stage_elapsed=00:44:37 | stage_eta=00:04:44 | data_wait=1.54s
2026-09-01 14:20:21 | INFO    | TRAIN | epoch=016/030 | batch=04600/05033 | loss=5.480710e-01 | stage_elapsed=00:45:07 | stage_eta=00:04:15 | data_wait=1.55s
2026-09-01 14:20:50 | INFO    | TRAIN | epoch=016/030 | batch=04650/05033 | loss=5.365533e-01 | stage_elapsed=00:45:37 | stage_eta=00:03:45 | data_wait=1.57s
2026-09-01 14:21:20 | INFO    | TRAIN | epoch=016/030 | batch=04700/05033 | loss=4.086568e-01 | stage_elapsed=00:46:06 | stage_eta=00:03:16 | data_wait=1.58s
2026-09-01 14:21:48 | INFO    | TRAIN | epoch=016/030 | batch=04750/05033 | loss=4.680581e-01 | stage_elapsed=00:46:35 | stage_eta=00:02:47 | data_wait=1.59s
2026-09-01 14:22:19 | INFO    | TRAIN | epoch=016/030 | batch=04800/05033 | loss=4.604120e-01 | stage_elapsed=00:47:05 | stage_eta=00:02:17 | data_wait=1.61s
2026-09-01 14:22:48 | INFO    | TRAIN | epoch=016/030 | batch=04850/05033 | loss=4.057111e-01 | stage_elapsed=00:47:35 | stage_eta=00:01:48 | data_wait=1.62s
2026-09-01 14:23:18 | INFO    | TRAIN | epoch=016/030 | batch=04900/05033 | loss=4.546531e-01 | stage_elapsed=00:48:04 | stage_eta=00:01:18 | data_wait=1.64s
2026-09-01 14:23:48 | INFO    | TRAIN | epoch=016/030 | batch=04950/05033 | loss=4.958986e-01 | stage_elapsed=00:48:35 | stage_eta=00:00:49 | data_wait=1.65s
2026-09-01 14:24:18 | INFO    | TRAIN | epoch=016/030 | batch=05000/05033 | loss=4.957987e-01 | stage_elapsed=00:49:04 | stage_eta=00:00:19 | data_wait=1.66s
2026-09-01 14:24:38 | INFO    | TRAIN | epoch=016/030 | batch=05033/05033 | loss=5.920851e-01 | stage_elapsed=00:49:24 | stage_eta=00:00:00 | data_wait=1.67s
2026-09-01 14:24:52 | INFO    | VAL | epoch=016/030 | batch=00050/00212 | loss=4.363819e-01 | stage_elapsed=00:00:14 | stage_eta=00:00:45 | data_wait=0.41s
2026-09-01 14:25:05 | INFO    | VAL | epoch=016/030 | batch=00100/00212 | loss=4.957202e-01 | stage_elapsed=00:00:27 | stage_eta=00:00:30 | data_wait=0.42s
2026-09-01 14:25:19 | INFO    | VAL | epoch=016/030 | batch=00150/00212 | loss=5.183148e-01 | stage_elapsed=00:00:41 | stage_eta=00:00:17 | data_wait=0.43s
2026-09-01 14:25:33 | INFO    | VAL | epoch=016/030 | batch=00200/00212 | loss=4.743061e-01 | stage_elapsed=00:00:55 | stage_eta=00:00:03 | data_wait=0.44s
2026-09-01 14:25:36 | INFO    | VAL | epoch=016/030 | batch=00212/00212 | loss=6.443656e-01 | stage_elapsed=00:00:58 | stage_eta=00:00:00 | data_wait=0.45s
2026-09-01 14:25:37 | INFO    | Epoch 016 complete | train=4.823548e-01 | val=5.060094e-01 | best=5.060094e-01 | lr=1.000e-03 | epoch_time=00:50:24 | run_elapsed=14:44:52 | eta=12:54:16 | finish=2026-09-02 03:19:53 CST
2026-09-01 14:26:08 | INFO    | TRAIN | epoch=017/030 | batch=00050/05033 | loss=5.575496e-01 | stage_elapsed=00:00:31 | stage_eta=00:50:45 | data_wait=0.38s
2026-09-01 14:26:38 | INFO    | TRAIN | epoch=017/030 | batch=00100/05033 | loss=4.533634e-01 | stage_elapsed=00:01:01 | stage_eta=00:49:57 | data_wait=0.40s
2026-09-01 14:27:08 | INFO    | TRAIN | epoch=017/030 | batch=00150/05033 | loss=4.525688e-01 | stage_elapsed=00:01:31 | stage_eta=00:49:23 | data_wait=0.41s
2026-09-01 14:27:38 | INFO    | TRAIN | epoch=017/030 | batch=00200/05033 | loss=5.382937e-01 | stage_elapsed=00:02:01 | stage_eta=00:48:33 | data_wait=0.43s
2026-09-01 14:28:07 | INFO    | TRAIN | epoch=017/030 | batch=00250/05033 | loss=4.986699e-01 | stage_elapsed=00:02:30 | stage_eta=00:47:45 | data_wait=0.45s
2026-09-01 14:28:36 | INFO    | TRAIN | epoch=017/030 | batch=00300/05033 | loss=5.110809e-01 | stage_elapsed=00:02:59 | stage_eta=00:46:59 | data_wait=0.46s
2026-09-01 14:29:05 | INFO    | TRAIN | epoch=017/030 | batch=00350/05033 | loss=5.124798e-01 | stage_elapsed=00:03:28 | stage_eta=00:46:24 | data_wait=0.47s
2026-09-01 14:29:35 | INFO    | TRAIN | epoch=017/030 | batch=00400/05033 | loss=4.570060e-01 | stage_elapsed=00:03:58 | stage_eta=00:45:55 | data_wait=0.49s
2026-09-01 14:30:06 | INFO    | TRAIN | epoch=017/030 | batch=00450/05033 | loss=5.000931e-01 | stage_elapsed=00:04:28 | stage_eta=00:45:33 | data_wait=0.50s
2026-09-01 14:30:36 | INFO    | TRAIN | epoch=017/030 | batch=00500/05033 | loss=5.179513e-01 | stage_elapsed=00:04:59 | stage_eta=00:45:08 | data_wait=0.51s
2026-09-01 14:31:07 | INFO    | TRAIN | epoch=017/030 | batch=00550/05033 | loss=5.257833e-01 | stage_elapsed=00:05:29 | stage_eta=00:44:45 | data_wait=0.52s
2026-09-01 14:31:36 | INFO    | TRAIN | epoch=017/030 | batch=00600/05033 | loss=4.899513e-01 | stage_elapsed=00:05:58 | stage_eta=00:44:08 | data_wait=0.53s
2026-09-01 14:32:06 | INFO    | TRAIN | epoch=017/030 | batch=00650/05033 | loss=4.495761e-01 | stage_elapsed=00:06:29 | stage_eta=00:43:44 | data_wait=0.55s
2026-09-01 14:32:36 | INFO    | TRAIN | epoch=017/030 | batch=00700/05033 | loss=5.475659e-01 | stage_elapsed=00:06:58 | stage_eta=00:43:10 | data_wait=0.56s
2026-09-01 14:33:05 | INFO    | TRAIN | epoch=017/030 | batch=00750/05033 | loss=4.531347e-01 | stage_elapsed=00:07:28 | stage_eta=00:42:37 | data_wait=0.58s
2026-09-01 14:33:34 | INFO    | TRAIN | epoch=017/030 | batch=00800/05033 | loss=5.446273e-01 | stage_elapsed=00:07:57 | stage_eta=00:42:04 | data_wait=0.60s
2026-09-01 14:34:05 | INFO    | TRAIN | epoch=017/030 | batch=00850/05033 | loss=5.051223e-01 | stage_elapsed=00:08:28 | stage_eta=00:41:39 | data_wait=0.61s
2026-09-01 14:34:35 | INFO    | TRAIN | epoch=017/030 | batch=00900/05033 | loss=4.770660e-01 | stage_elapsed=00:08:57 | stage_eta=00:41:08 | data_wait=0.62s
2026-09-01 14:35:05 | INFO    | TRAIN | epoch=017/030 | batch=00950/05033 | loss=5.921238e-01 | stage_elapsed=00:09:28 | stage_eta=00:40:40 | data_wait=0.63s
2026-09-01 14:35:36 | INFO    | TRAIN | epoch=017/030 | batch=01000/05033 | loss=4.520986e-01 | stage_elapsed=00:09:59 | stage_eta=00:40:14 | data_wait=0.65s
2026-09-01 14:36:06 | INFO    | TRAIN | epoch=017/030 | batch=01050/05033 | loss=4.565484e-01 | stage_elapsed=00:10:28 | stage_eta=00:39:44 | data_wait=0.66s
2026-09-01 14:36:36 | INFO    | TRAIN | epoch=017/030 | batch=01100/05033 | loss=4.204839e-01 | stage_elapsed=00:10:59 | stage_eta=00:39:16 | data_wait=0.67s
2026-09-01 14:37:06 | INFO    | TRAIN | epoch=017/030 | batch=01150/05033 | loss=5.545859e-01 | stage_elapsed=00:11:28 | stage_eta=00:38:45 | data_wait=0.68s
2026-09-01 14:37:35 | INFO    | TRAIN | epoch=017/030 | batch=01200/05033 | loss=4.232063e-01 | stage_elapsed=00:11:58 | stage_eta=00:38:13 | data_wait=0.70s
2026-09-01 14:38:03 | INFO    | TRAIN | epoch=017/030 | batch=01250/05033 | loss=4.573212e-01 | stage_elapsed=00:12:25 | stage_eta=00:37:36 | data_wait=0.71s
2026-09-01 14:38:32 | INFO    | TRAIN | epoch=017/030 | batch=01300/05033 | loss=4.376255e-01 | stage_elapsed=00:12:54 | stage_eta=00:37:04 | data_wait=0.73s
2026-09-01 14:39:02 | INFO    | TRAIN | epoch=017/030 | batch=01350/05033 | loss=5.471820e-01 | stage_elapsed=00:13:25 | stage_eta=00:36:35 | data_wait=0.74s
2026-09-01 14:39:32 | INFO    | TRAIN | epoch=017/030 | batch=01400/05033 | loss=5.941502e-01 | stage_elapsed=00:13:55 | stage_eta=00:36:07 | data_wait=0.75s
2026-09-01 14:40:03 | INFO    | TRAIN | epoch=017/030 | batch=01450/05033 | loss=4.146417e-01 | stage_elapsed=00:14:26 | stage_eta=00:35:40 | data_wait=0.76s
2026-09-01 14:40:35 | INFO    | TRAIN | epoch=017/030 | batch=01500/05033 | loss=4.518217e-01 | stage_elapsed=00:14:58 | stage_eta=00:35:14 | data_wait=0.77s
2026-09-01 14:41:04 | INFO    | TRAIN | epoch=017/030 | batch=01550/05033 | loss=4.805845e-01 | stage_elapsed=00:15:27 | stage_eta=00:34:43 | data_wait=0.78s
2026-09-01 14:41:34 | INFO    | TRAIN | epoch=017/030 | batch=01600/05033 | loss=4.456465e-01 | stage_elapsed=00:15:57 | stage_eta=00:34:13 | data_wait=0.80s
2026-09-01 14:42:03 | INFO    | TRAIN | epoch=017/030 | batch=01650/05033 | loss=4.797364e-01 | stage_elapsed=00:16:26 | stage_eta=00:33:42 | data_wait=0.81s
2026-09-01 14:42:33 | INFO    | TRAIN | epoch=017/030 | batch=01700/05033 | loss=4.850622e-01 | stage_elapsed=00:16:56 | stage_eta=00:33:12 | data_wait=0.82s
2026-09-01 14:43:03 | INFO    | TRAIN | epoch=017/030 | batch=01750/05033 | loss=4.291171e-01 | stage_elapsed=00:17:26 | stage_eta=00:32:43 | data_wait=0.83s
2026-09-01 14:43:33 | INFO    | TRAIN | epoch=017/030 | batch=01800/05033 | loss=5.226840e-01 | stage_elapsed=00:17:56 | stage_eta=00:32:12 | data_wait=0.85s
2026-09-01 14:44:02 | INFO    | TRAIN | epoch=017/030 | batch=01850/05033 | loss=4.577019e-01 | stage_elapsed=00:18:25 | stage_eta=00:31:41 | data_wait=0.87s
2026-09-01 14:44:31 | INFO    | TRAIN | epoch=017/030 | batch=01900/05033 | loss=4.013651e-01 | stage_elapsed=00:18:54 | stage_eta=00:31:09 | data_wait=0.88s
2026-09-01 14:45:01 | INFO    | TRAIN | epoch=017/030 | batch=01950/05033 | loss=4.555593e-01 | stage_elapsed=00:19:23 | stage_eta=00:30:39 | data_wait=0.89s
2026-09-01 14:45:31 | INFO    | TRAIN | epoch=017/030 | batch=02000/05033 | loss=5.046103e-01 | stage_elapsed=00:19:54 | stage_eta=00:30:10 | data_wait=0.90s
2026-09-01 14:46:02 | INFO    | TRAIN | epoch=017/030 | batch=02050/05033 | loss=4.551286e-01 | stage_elapsed=00:20:25 | stage_eta=00:29:42 | data_wait=0.91s
2026-09-01 14:46:32 | INFO    | TRAIN | epoch=017/030 | batch=02100/05033 | loss=4.060230e-01 | stage_elapsed=00:20:55 | stage_eta=00:29:12 | data_wait=0.92s
2026-09-01 14:47:02 | INFO    | TRAIN | epoch=017/030 | batch=02150/05033 | loss=4.678873e-01 | stage_elapsed=00:21:24 | stage_eta=00:28:42 | data_wait=0.93s
2026-09-01 14:47:32 | INFO    | TRAIN | epoch=017/030 | batch=02200/05033 | loss=4.519099e-01 | stage_elapsed=00:21:55 | stage_eta=00:28:13 | data_wait=0.94s
2026-09-01 14:48:00 | INFO    | TRAIN | epoch=017/030 | batch=02250/05033 | loss=4.489280e-01 | stage_elapsed=00:22:23 | stage_eta=00:27:41 | data_wait=0.96s
2026-09-01 14:48:30 | INFO    | TRAIN | epoch=017/030 | batch=02300/05033 | loss=4.569491e-01 | stage_elapsed=00:22:52 | stage_eta=00:27:11 | data_wait=0.98s
2026-09-01 14:49:00 | INFO    | TRAIN | epoch=017/030 | batch=02350/05033 | loss=4.743938e-01 | stage_elapsed=00:23:22 | stage_eta=00:26:41 | data_wait=1.00s
2026-09-01 14:49:30 | INFO    | TRAIN | epoch=017/030 | batch=02400/05033 | loss=4.501736e-01 | stage_elapsed=00:23:53 | stage_eta=00:26:12 | data_wait=1.01s
2026-09-01 14:50:01 | INFO    | TRAIN | epoch=017/030 | batch=02450/05033 | loss=4.503459e-01 | stage_elapsed=00:24:23 | stage_eta=00:25:43 | data_wait=1.02s
2026-09-01 14:50:31 | INFO    | TRAIN | epoch=017/030 | batch=02500/05033 | loss=4.023328e-01 | stage_elapsed=00:24:54 | stage_eta=00:25:13 | data_wait=1.03s
2026-09-01 14:51:00 | INFO    | TRAIN | epoch=017/030 | batch=02550/05033 | loss=4.277566e-01 | stage_elapsed=00:25:23 | stage_eta=00:24:43 | data_wait=1.04s
2026-09-01 14:51:31 | INFO    | TRAIN | epoch=017/030 | batch=02600/05033 | loss=4.663634e-01 | stage_elapsed=00:25:53 | stage_eta=00:24:13 | data_wait=1.06s
2026-09-01 14:52:00 | INFO    | TRAIN | epoch=017/030 | batch=02650/05033 | loss=4.766333e-01 | stage_elapsed=00:26:23 | stage_eta=00:23:43 | data_wait=1.07s
2026-09-01 14:52:30 | INFO    | TRAIN | epoch=017/030 | batch=02700/05033 | loss=4.591385e-01 | stage_elapsed=00:26:53 | stage_eta=00:23:13 | data_wait=1.08s
2026-09-01 14:52:59 | INFO    | TRAIN | epoch=017/030 | batch=02750/05033 | loss=4.798604e-01 | stage_elapsed=00:27:22 | stage_eta=00:22:43 | data_wait=1.09s
2026-09-01 14:53:28 | INFO    | TRAIN | epoch=017/030 | batch=02800/05033 | loss=4.360673e-01 | stage_elapsed=00:27:51 | stage_eta=00:22:12 | data_wait=1.11s
2026-09-01 14:53:58 | INFO    | TRAIN | epoch=017/030 | batch=02850/05033 | loss=4.025263e-01 | stage_elapsed=00:28:20 | stage_eta=00:21:42 | data_wait=1.12s
2026-09-01 14:54:26 | INFO    | TRAIN | epoch=017/030 | batch=02900/05033 | loss=5.343358e-01 | stage_elapsed=00:28:49 | stage_eta=00:21:12 | data_wait=1.14s
2026-09-01 14:54:56 | INFO    | TRAIN | epoch=017/030 | batch=02950/05033 | loss=4.681881e-01 | stage_elapsed=00:29:19 | stage_eta=00:20:42 | data_wait=1.15s
2026-09-01 14:55:27 | INFO    | TRAIN | epoch=017/030 | batch=03000/05033 | loss=4.677991e-01 | stage_elapsed=00:29:49 | stage_eta=00:20:13 | data_wait=1.16s
2026-09-01 14:55:57 | INFO    | TRAIN | epoch=017/030 | batch=03050/05033 | loss=4.652897e-01 | stage_elapsed=00:30:20 | stage_eta=00:19:43 | data_wait=1.17s
2026-09-01 14:56:28 | INFO    | TRAIN | epoch=017/030 | batch=03100/05033 | loss=5.153443e-01 | stage_elapsed=00:30:50 | stage_eta=00:19:14 | data_wait=1.18s
2026-09-01 14:56:58 | INFO    | TRAIN | epoch=017/030 | batch=03150/05033 | loss=4.288072e-01 | stage_elapsed=00:31:20 | stage_eta=00:18:44 | data_wait=1.20s
2026-09-01 14:57:27 | INFO    | TRAIN | epoch=017/030 | batch=03200/05033 | loss=4.267908e-01 | stage_elapsed=00:31:50 | stage_eta=00:18:14 | data_wait=1.21s
2026-09-01 14:57:55 | INFO    | TRAIN | epoch=017/030 | batch=03250/05033 | loss=4.998760e-01 | stage_elapsed=00:32:18 | stage_eta=00:17:43 | data_wait=1.23s
2026-09-01 14:58:24 | INFO    | TRAIN | epoch=017/030 | batch=03300/05033 | loss=5.352391e-01 | stage_elapsed=00:32:47 | stage_eta=00:17:13 | data_wait=1.25s
2026-09-01 14:58:53 | INFO    | TRAIN | epoch=017/030 | batch=03350/05033 | loss=5.317698e-01 | stage_elapsed=00:33:16 | stage_eta=00:16:43 | data_wait=1.26s
2026-09-01 14:59:23 | INFO    | TRAIN | epoch=017/030 | batch=03400/05033 | loss=4.236658e-01 | stage_elapsed=00:33:46 | stage_eta=00:16:13 | data_wait=1.27s
2026-09-01 14:59:53 | INFO    | TRAIN | epoch=017/030 | batch=03450/05033 | loss=4.631063e-01 | stage_elapsed=00:34:16 | stage_eta=00:15:43 | data_wait=1.29s
2026-09-01 15:00:23 | INFO    | TRAIN | epoch=017/030 | batch=03500/05033 | loss=5.887964e-01 | stage_elapsed=00:34:46 | stage_eta=00:15:14 | data_wait=1.30s
2026-09-01 15:00:52 | INFO    | TRAIN | epoch=017/030 | batch=03550/05033 | loss=4.752152e-01 | stage_elapsed=00:35:15 | stage_eta=00:14:43 | data_wait=1.31s
2026-09-01 15:01:22 | INFO    | TRAIN | epoch=017/030 | batch=03600/05033 | loss=4.154905e-01 | stage_elapsed=00:35:45 | stage_eta=00:14:14 | data_wait=1.32s
2026-09-01 15:01:52 | INFO    | TRAIN | epoch=017/030 | batch=03650/05033 | loss=5.093482e-01 | stage_elapsed=00:36:15 | stage_eta=00:13:44 | data_wait=1.33s
2026-09-01 15:02:21 | INFO    | TRAIN | epoch=017/030 | batch=03700/05033 | loss=3.953803e-01 | stage_elapsed=00:36:44 | stage_eta=00:13:14 | data_wait=1.34s
2026-09-01 15:02:51 | INFO    | TRAIN | epoch=017/030 | batch=03750/05033 | loss=3.769367e-01 | stage_elapsed=00:37:14 | stage_eta=00:12:44 | data_wait=1.36s
2026-09-01 15:03:20 | INFO    | TRAIN | epoch=017/030 | batch=03800/05033 | loss=4.947943e-01 | stage_elapsed=00:37:43 | stage_eta=00:12:14 | data_wait=1.38s
2026-09-01 15:03:51 | INFO    | TRAIN | epoch=017/030 | batch=03850/05033 | loss=4.507825e-01 | stage_elapsed=00:38:13 | stage_eta=00:11:45 | data_wait=1.39s
2026-09-01 15:04:18 | INFO    | TRAIN | epoch=017/030 | batch=03900/05033 | loss=4.955991e-01 | stage_elapsed=00:38:41 | stage_eta=00:11:14 | data_wait=1.40s
2026-09-01 15:04:49 | INFO    | TRAIN | epoch=017/030 | batch=03950/05033 | loss=5.053926e-01 | stage_elapsed=00:39:12 | stage_eta=00:10:45 | data_wait=1.42s
2026-09-01 15:05:19 | INFO    | TRAIN | epoch=017/030 | batch=04000/05033 | loss=5.811570e-01 | stage_elapsed=00:39:42 | stage_eta=00:10:15 | data_wait=1.43s
2026-09-01 15:05:49 | INFO    | TRAIN | epoch=017/030 | batch=04050/05033 | loss=4.220960e-01 | stage_elapsed=00:40:12 | stage_eta=00:09:45 | data_wait=1.44s
2026-09-01 15:06:19 | INFO    | TRAIN | epoch=017/030 | batch=04100/05033 | loss=4.949085e-01 | stage_elapsed=00:40:41 | stage_eta=00:09:16 | data_wait=1.45s
2026-09-01 15:06:49 | INFO    | TRAIN | epoch=017/030 | batch=04150/05033 | loss=4.143086e-01 | stage_elapsed=00:41:11 | stage_eta=00:08:46 | data_wait=1.46s
2026-09-01 15:07:18 | INFO    | TRAIN | epoch=017/030 | batch=04200/05033 | loss=4.063995e-01 | stage_elapsed=00:41:40 | stage_eta=00:08:16 | data_wait=1.47s
2026-09-01 15:07:46 | INFO    | TRAIN | epoch=017/030 | batch=04250/05033 | loss=5.141810e-01 | stage_elapsed=00:42:08 | stage_eta=00:07:46 | data_wait=1.49s
2026-09-01 15:08:15 | INFO    | TRAIN | epoch=017/030 | batch=04300/05033 | loss=4.697892e-01 | stage_elapsed=00:42:38 | stage_eta=00:07:16 | data_wait=1.51s
2026-09-01 15:08:46 | INFO    | TRAIN | epoch=017/030 | batch=04350/05033 | loss=4.398285e-01 | stage_elapsed=00:43:08 | stage_eta=00:06:46 | data_wait=1.53s
2026-09-01 15:09:16 | INFO    | TRAIN | epoch=017/030 | batch=04400/05033 | loss=4.710970e-01 | stage_elapsed=00:43:39 | stage_eta=00:06:17 | data_wait=1.54s
2026-09-01 15:09:46 | INFO    | TRAIN | epoch=017/030 | batch=04450/05033 | loss=5.290915e-01 | stage_elapsed=00:44:09 | stage_eta=00:05:47 | data_wait=1.55s
2026-09-01 15:10:16 | INFO    | TRAIN | epoch=017/030 | batch=04500/05033 | loss=5.572251e-01 | stage_elapsed=00:44:39 | stage_eta=00:05:17 | data_wait=1.57s
2026-09-01 15:10:46 | INFO    | TRAIN | epoch=017/030 | batch=04550/05033 | loss=5.259138e-01 | stage_elapsed=00:45:08 | stage_eta=00:04:47 | data_wait=1.58s
2026-09-01 15:11:16 | INFO    | TRAIN | epoch=017/030 | batch=04600/05033 | loss=5.163446e-01 | stage_elapsed=00:45:39 | stage_eta=00:04:18 | data_wait=1.59s
2026-09-01 15:11:46 | INFO    | TRAIN | epoch=017/030 | batch=04650/05033 | loss=4.838840e-01 | stage_elapsed=00:46:08 | stage_eta=00:03:48 | data_wait=1.60s
2026-09-01 15:12:15 | INFO    | TRAIN | epoch=017/030 | batch=04700/05033 | loss=4.933183e-01 | stage_elapsed=00:46:38 | stage_eta=00:03:18 | data_wait=1.62s
2026-09-01 15:12:44 | INFO    | TRAIN | epoch=017/030 | batch=04750/05033 | loss=4.922530e-01 | stage_elapsed=00:47:07 | stage_eta=00:02:48 | data_wait=1.64s
2026-09-01 15:13:14 | INFO    | TRAIN | epoch=017/030 | batch=04800/05033 | loss=4.562985e-01 | stage_elapsed=00:47:37 | stage_eta=00:02:19 | data_wait=1.65s
2026-09-01 15:13:43 | INFO    | TRAIN | epoch=017/030 | batch=04850/05033 | loss=5.352792e-01 | stage_elapsed=00:48:06 | stage_eta=00:01:49 | data_wait=1.66s
2026-09-01 15:14:12 | INFO    | TRAIN | epoch=017/030 | batch=04900/05033 | loss=4.718999e-01 | stage_elapsed=00:48:35 | stage_eta=00:01:19 | data_wait=1.68s
2026-09-01 15:14:42 | INFO    | TRAIN | epoch=017/030 | batch=04950/05033 | loss=4.368355e-01 | stage_elapsed=00:49:05 | stage_eta=00:00:49 | data_wait=1.69s
2026-09-01 15:15:13 | INFO    | TRAIN | epoch=017/030 | batch=05000/05033 | loss=5.328540e-01 | stage_elapsed=00:49:36 | stage_eta=00:00:20 | data_wait=1.70s
2026-09-01 15:15:33 | INFO    | TRAIN | epoch=017/030 | batch=05033/05033 | loss=4.942596e-01 | stage_elapsed=00:49:56 | stage_eta=00:00:00 | data_wait=1.70s
2026-09-01 15:15:48 | INFO    | VAL | epoch=017/030 | batch=00050/00212 | loss=4.179556e-01 | stage_elapsed=00:00:14 | stage_eta=00:00:47 | data_wait=0.38s
2026-09-01 15:16:01 | INFO    | VAL | epoch=017/030 | batch=00100/00212 | loss=4.914197e-01 | stage_elapsed=00:00:28 | stage_eta=00:00:31 | data_wait=0.39s
2026-09-01 15:16:15 | INFO    | VAL | epoch=017/030 | batch=00150/00212 | loss=5.206594e-01 | stage_elapsed=00:00:42 | stage_eta=00:00:17 | data_wait=0.40s
2026-09-01 15:16:29 | INFO    | VAL | epoch=017/030 | batch=00200/00212 | loss=4.667617e-01 | stage_elapsed=00:00:55 | stage_eta=00:00:03 | data_wait=0.41s
2026-09-01 15:16:32 | INFO    | VAL | epoch=017/030 | batch=00212/00212 | loss=6.536846e-01 | stage_elapsed=00:00:59 | stage_eta=00:00:00 | data_wait=0.42s
2026-09-01 15:16:33 | INFO    | Epoch 017 complete | train=4.741847e-01 | val=5.047328e-01 | best=5.047328e-01 | lr=1.000e-03 | epoch_time=00:50:55 | run_elapsed=15:35:48 | eta=11:55:36 | finish=2026-09-02 03:12:09 CST
2026-09-01 15:17:01 | INFO    | TRAIN | epoch=018/030 | batch=00050/05033 | loss=4.261606e-01 | stage_elapsed=00:00:29 | stage_eta=00:47:47 | data_wait=0.47s
2026-09-01 15:17:31 | INFO    | TRAIN | epoch=018/030 | batch=00100/05033 | loss=4.770114e-01 | stage_elapsed=00:00:58 | stage_eta=00:47:41 | data_wait=0.49s
2026-09-01 15:17:59 | INFO    | TRAIN | epoch=018/030 | batch=00150/05033 | loss=4.333900e-01 | stage_elapsed=00:01:27 | stage_eta=00:47:01 | data_wait=0.51s
2026-09-01 15:18:29 | INFO    | TRAIN | epoch=018/030 | batch=00200/05033 | loss=3.422397e-01 | stage_elapsed=00:01:57 | stage_eta=00:46:58 | data_wait=0.52s
2026-09-01 15:19:00 | INFO    | TRAIN | epoch=018/030 | batch=00250/05033 | loss=4.341211e-01 | stage_elapsed=00:02:27 | stage_eta=00:46:58 | data_wait=0.53s
2026-09-01 15:19:30 | INFO    | TRAIN | epoch=018/030 | batch=00300/05033 | loss=5.283471e-01 | stage_elapsed=00:02:57 | stage_eta=00:46:34 | data_wait=0.54s
2026-09-01 15:19:59 | INFO    | TRAIN | epoch=018/030 | batch=00350/05033 | loss=4.875687e-01 | stage_elapsed=00:03:27 | stage_eta=00:46:07 | data_wait=0.55s
2026-09-01 15:20:27 | INFO    | TRAIN | epoch=018/030 | batch=00400/05033 | loss=4.691744e-01 | stage_elapsed=00:03:54 | stage_eta=00:45:12 | data_wait=0.56s
2026-09-01 15:20:57 | INFO    | TRAIN | epoch=018/030 | batch=00450/05033 | loss=4.387707e-01 | stage_elapsed=00:04:24 | stage_eta=00:44:48 | data_wait=0.57s
2026-09-01 15:21:27 | INFO    | TRAIN | epoch=018/030 | batch=00500/05033 | loss=5.477235e-01 | stage_elapsed=00:04:54 | stage_eta=00:44:27 | data_wait=0.59s
2026-09-01 15:21:56 | INFO    | TRAIN | epoch=018/030 | batch=00550/05033 | loss=4.528677e-01 | stage_elapsed=00:05:24 | stage_eta=00:43:58 | data_wait=0.60s
2026-09-01 15:22:27 | INFO    | TRAIN | epoch=018/030 | batch=00600/05033 | loss=5.035388e-01 | stage_elapsed=00:05:54 | stage_eta=00:43:35 | data_wait=0.62s
2026-09-01 15:22:56 | INFO    | TRAIN | epoch=018/030 | batch=00650/05033 | loss=4.947898e-01 | stage_elapsed=00:06:23 | stage_eta=00:43:04 | data_wait=0.63s
2026-09-01 15:23:25 | INFO    | TRAIN | epoch=018/030 | batch=00700/05033 | loss=4.559142e-01 | stage_elapsed=00:06:53 | stage_eta=00:42:35 | data_wait=0.64s
2026-09-01 15:23:54 | INFO    | TRAIN | epoch=018/030 | batch=00750/05033 | loss=4.855821e-01 | stage_elapsed=00:07:21 | stage_eta=00:42:00 | data_wait=0.65s
2026-09-01 15:24:24 | INFO    | TRAIN | epoch=018/030 | batch=00800/05033 | loss=5.402871e-01 | stage_elapsed=00:07:51 | stage_eta=00:41:33 | data_wait=0.67s
2026-09-01 15:24:54 | INFO    | TRAIN | epoch=018/030 | batch=00850/05033 | loss=5.039902e-01 | stage_elapsed=00:08:21 | stage_eta=00:41:05 | data_wait=0.68s
2026-09-01 15:25:24 | INFO    | TRAIN | epoch=018/030 | batch=00900/05033 | loss=5.125834e-01 | stage_elapsed=00:08:51 | stage_eta=00:40:39 | data_wait=0.69s
2026-09-01 15:25:54 | INFO    | TRAIN | epoch=018/030 | batch=00950/05033 | loss=4.323612e-01 | stage_elapsed=00:09:22 | stage_eta=00:40:14 | data_wait=0.70s
2026-09-01 15:26:24 | INFO    | TRAIN | epoch=018/030 | batch=01000/05033 | loss=4.871703e-01 | stage_elapsed=00:09:51 | stage_eta=00:39:44 | data_wait=0.71s
2026-09-01 15:26:50 | INFO    | TRAIN | epoch=018/030 | batch=01050/05033 | loss=5.215480e-01 | stage_elapsed=00:10:17 | stage_eta=00:39:01 | data_wait=0.74s
2026-09-01 15:27:16 | INFO    | TRAIN | epoch=018/030 | batch=01100/05033 | loss=4.912177e-01 | stage_elapsed=00:10:43 | stage_eta=00:38:20 | data_wait=0.76s
2026-09-01 15:27:42 | INFO    | TRAIN | epoch=018/030 | batch=01150/05033 | loss=5.039272e-01 | stage_elapsed=00:11:09 | stage_eta=00:37:39 | data_wait=0.78s
2026-09-01 15:28:09 | INFO    | TRAIN | epoch=018/030 | batch=01200/05033 | loss=3.805642e-01 | stage_elapsed=00:11:36 | stage_eta=00:37:04 | data_wait=0.80s
2026-09-01 15:28:36 | INFO    | TRAIN | epoch=018/030 | batch=01250/05033 | loss=4.319284e-01 | stage_elapsed=00:12:03 | stage_eta=00:36:28 | data_wait=0.82s
2026-09-01 15:29:02 | INFO    | TRAIN | epoch=018/030 | batch=01300/05033 | loss=5.086306e-01 | stage_elapsed=00:12:30 | stage_eta=00:35:53 | data_wait=0.84s
2026-09-01 15:29:30 | INFO    | TRAIN | epoch=018/030 | batch=01350/05033 | loss=4.015971e-01 | stage_elapsed=00:12:57 | stage_eta=00:35:20 | data_wait=0.86s
2026-09-01 15:29:57 | INFO    | TRAIN | epoch=018/030 | batch=01400/05033 | loss=4.314393e-01 | stage_elapsed=00:13:24 | stage_eta=00:34:47 | data_wait=0.88s
2026-09-01 15:30:25 | INFO    | TRAIN | epoch=018/030 | batch=01450/05033 | loss=5.098152e-01 | stage_elapsed=00:13:52 | stage_eta=00:34:16 | data_wait=0.90s
2026-09-01 15:30:51 | INFO    | TRAIN | epoch=018/030 | batch=01500/05033 | loss=4.631416e-01 | stage_elapsed=00:14:19 | stage_eta=00:33:43 | data_wait=0.92s
2026-09-01 15:31:19 | INFO    | TRAIN | epoch=018/030 | batch=01550/05033 | loss=5.463982e-01 | stage_elapsed=00:14:46 | stage_eta=00:33:11 | data_wait=0.94s
2026-09-01 15:31:46 | INFO    | TRAIN | epoch=018/030 | batch=01600/05033 | loss=4.975037e-01 | stage_elapsed=00:15:13 | stage_eta=00:32:39 | data_wait=0.97s
2026-09-01 15:32:13 | INFO    | TRAIN | epoch=018/030 | batch=01650/05033 | loss=4.301921e-01 | stage_elapsed=00:15:40 | stage_eta=00:32:08 | data_wait=1.00s
2026-09-01 15:32:40 | INFO    | TRAIN | epoch=018/030 | batch=01700/05033 | loss=5.172243e-01 | stage_elapsed=00:16:08 | stage_eta=00:31:37 | data_wait=1.01s
2026-09-01 15:33:06 | INFO    | TRAIN | epoch=018/030 | batch=01750/05033 | loss=4.323781e-01 | stage_elapsed=00:16:34 | stage_eta=00:31:04 | data_wait=1.04s
2026-09-01 15:33:33 | INFO    | TRAIN | epoch=018/030 | batch=01800/05033 | loss=4.377109e-01 | stage_elapsed=00:17:00 | stage_eta=00:30:32 | data_wait=1.06s
2026-09-01 15:34:00 | INFO    | TRAIN | epoch=018/030 | batch=01850/05033 | loss=4.861084e-01 | stage_elapsed=00:17:28 | stage_eta=00:30:03 | data_wait=1.08s
2026-09-01 15:34:27 | INFO    | TRAIN | epoch=018/030 | batch=01900/05033 | loss=4.053910e-01 | stage_elapsed=00:17:54 | stage_eta=00:29:31 | data_wait=1.11s
2026-09-01 15:34:54 | INFO    | TRAIN | epoch=018/030 | batch=01950/05033 | loss=5.190930e-01 | stage_elapsed=00:18:21 | stage_eta=00:29:01 | data_wait=1.13s
2026-09-01 15:35:21 | INFO    | TRAIN | epoch=018/030 | batch=02000/05033 | loss=4.327064e-01 | stage_elapsed=00:18:48 | stage_eta=00:28:31 | data_wait=1.15s
2026-09-01 15:35:48 | INFO    | TRAIN | epoch=018/030 | batch=02050/05033 | loss=5.479550e-01 | stage_elapsed=00:19:16 | stage_eta=00:28:02 | data_wait=1.16s
2026-09-01 15:36:16 | INFO    | TRAIN | epoch=018/030 | batch=02100/05033 | loss=4.717661e-01 | stage_elapsed=00:19:43 | stage_eta=00:27:32 | data_wait=1.18s
2026-09-01 15:36:42 | INFO    | TRAIN | epoch=018/030 | batch=02150/05033 | loss=5.389825e-01 | stage_elapsed=00:20:09 | stage_eta=00:27:01 | data_wait=1.21s
2026-09-01 15:37:09 | INFO    | TRAIN | epoch=018/030 | batch=02200/05033 | loss=5.515934e-01 | stage_elapsed=00:20:36 | stage_eta=00:26:32 | data_wait=1.23s
2026-09-01 15:37:37 | INFO    | TRAIN | epoch=018/030 | batch=02250/05033 | loss=5.103060e-01 | stage_elapsed=00:21:05 | stage_eta=00:26:04 | data_wait=1.25s
2026-09-01 15:38:04 | INFO    | TRAIN | epoch=018/030 | batch=02300/05033 | loss=4.036373e-01 | stage_elapsed=00:21:31 | stage_eta=00:25:34 | data_wait=1.26s
2026-09-01 15:38:32 | INFO    | TRAIN | epoch=018/030 | batch=02350/05033 | loss=4.349600e-01 | stage_elapsed=00:21:59 | stage_eta=00:25:06 | data_wait=1.28s
2026-09-01 15:38:58 | INFO    | TRAIN | epoch=018/030 | batch=02400/05033 | loss=4.819257e-01 | stage_elapsed=00:22:26 | stage_eta=00:24:36 | data_wait=1.31s
2026-09-01 15:39:24 | INFO    | TRAIN | epoch=018/030 | batch=02450/05033 | loss=4.373516e-01 | stage_elapsed=00:22:51 | stage_eta=00:24:06 | data_wait=1.34s
2026-09-01 15:39:51 | INFO    | TRAIN | epoch=018/030 | batch=02500/05033 | loss=4.477969e-01 | stage_elapsed=00:23:18 | stage_eta=00:23:37 | data_wait=1.37s
2026-09-01 15:40:18 | INFO    | TRAIN | epoch=018/030 | batch=02550/05033 | loss=5.158533e-01 | stage_elapsed=00:23:45 | stage_eta=00:23:08 | data_wait=1.39s
2026-09-01 15:40:45 | INFO    | TRAIN | epoch=018/030 | batch=02600/05033 | loss=4.644116e-01 | stage_elapsed=00:24:12 | stage_eta=00:22:39 | data_wait=1.41s
2026-09-01 15:41:11 | INFO    | TRAIN | epoch=018/030 | batch=02650/05033 | loss=4.778429e-01 | stage_elapsed=00:24:39 | stage_eta=00:22:10 | data_wait=1.43s
2026-09-01 15:41:41 | INFO    | TRAIN | epoch=018/030 | batch=02700/05033 | loss=4.271924e-01 | stage_elapsed=00:25:08 | stage_eta=00:21:43 | data_wait=1.44s
2026-09-01 15:42:10 | INFO    | TRAIN | epoch=018/030 | batch=02750/05033 | loss=3.776972e-01 | stage_elapsed=00:25:37 | stage_eta=00:21:16 | data_wait=1.45s
2026-09-01 15:42:36 | INFO    | TRAIN | epoch=018/030 | batch=02800/05033 | loss=5.278573e-01 | stage_elapsed=00:26:04 | stage_eta=00:20:47 | data_wait=1.47s
2026-09-01 15:43:04 | INFO    | TRAIN | epoch=018/030 | batch=02850/05033 | loss=4.418246e-01 | stage_elapsed=00:26:31 | stage_eta=00:20:19 | data_wait=1.49s
2026-09-01 15:43:31 | INFO    | TRAIN | epoch=018/030 | batch=02900/05033 | loss=4.260402e-01 | stage_elapsed=00:26:58 | stage_eta=00:19:50 | data_wait=1.50s
2026-09-01 15:43:57 | INFO    | TRAIN | epoch=018/030 | batch=02950/05033 | loss=4.484777e-01 | stage_elapsed=00:27:24 | stage_eta=00:19:21 | data_wait=1.51s
2026-09-01 15:44:23 | INFO    | TRAIN | epoch=018/030 | batch=03000/05033 | loss=4.809107e-01 | stage_elapsed=00:27:51 | stage_eta=00:18:52 | data_wait=1.54s
2026-09-01 15:44:50 | INFO    | TRAIN | epoch=018/030 | batch=03050/05033 | loss=4.496717e-01 | stage_elapsed=00:28:17 | stage_eta=00:18:23 | data_wait=1.55s
2026-09-01 15:45:16 | INFO    | TRAIN | epoch=018/030 | batch=03100/05033 | loss=4.502330e-01 | stage_elapsed=00:28:43 | stage_eta=00:17:55 | data_wait=1.57s
2026-09-01 15:45:46 | INFO    | TRAIN | epoch=018/030 | batch=03150/05033 | loss=5.034088e-01 | stage_elapsed=00:29:13 | stage_eta=00:17:28 | data_wait=1.59s
2026-09-01 15:46:14 | INFO    | TRAIN | epoch=018/030 | batch=03200/05033 | loss=4.973097e-01 | stage_elapsed=00:29:42 | stage_eta=00:17:01 | data_wait=1.61s
2026-09-01 15:46:42 | INFO    | TRAIN | epoch=018/030 | batch=03250/05033 | loss=4.513719e-01 | stage_elapsed=00:30:10 | stage_eta=00:16:33 | data_wait=1.63s
2026-09-01 15:47:09 | INFO    | TRAIN | epoch=018/030 | batch=03300/05033 | loss=5.688946e-01 | stage_elapsed=00:30:36 | stage_eta=00:16:04 | data_wait=1.65s
2026-09-01 15:47:36 | INFO    | TRAIN | epoch=018/030 | batch=03350/05033 | loss=3.215886e-01 | stage_elapsed=00:31:04 | stage_eta=00:15:36 | data_wait=1.68s
2026-09-01 15:48:04 | INFO    | TRAIN | epoch=018/030 | batch=03400/05033 | loss=4.733784e-01 | stage_elapsed=00:31:31 | stage_eta=00:15:08 | data_wait=1.71s
2026-09-01 15:48:31 | INFO    | TRAIN | epoch=018/030 | batch=03450/05033 | loss=5.164064e-01 | stage_elapsed=00:31:58 | stage_eta=00:14:40 | data_wait=1.74s
2026-09-01 15:48:57 | INFO    | TRAIN | epoch=018/030 | batch=03500/05033 | loss=4.915588e-01 | stage_elapsed=00:32:25 | stage_eta=00:14:12 | data_wait=1.76s
2026-09-01 15:49:24 | INFO    | TRAIN | epoch=018/030 | batch=03550/05033 | loss=4.549665e-01 | stage_elapsed=00:32:51 | stage_eta=00:13:43 | data_wait=1.78s
2026-09-01 15:49:50 | INFO    | TRAIN | epoch=018/030 | batch=03600/05033 | loss=4.298057e-01 | stage_elapsed=00:33:18 | stage_eta=00:13:15 | data_wait=1.80s
2026-09-01 15:50:18 | INFO    | TRAIN | epoch=018/030 | batch=03650/05033 | loss=4.086623e-01 | stage_elapsed=00:33:45 | stage_eta=00:12:47 | data_wait=1.82s
2026-09-01 15:50:48 | INFO    | TRAIN | epoch=018/030 | batch=03700/05033 | loss=4.298600e-01 | stage_elapsed=00:34:15 | stage_eta=00:12:20 | data_wait=1.83s
2026-09-01 15:51:18 | INFO    | TRAIN | epoch=018/030 | batch=03750/05033 | loss=4.565716e-01 | stage_elapsed=00:34:46 | stage_eta=00:11:54 | data_wait=1.84s
2026-09-01 15:51:48 | INFO    | TRAIN | epoch=018/030 | batch=03800/05033 | loss=3.984595e-01 | stage_elapsed=00:35:16 | stage_eta=00:11:26 | data_wait=1.85s
2026-09-01 15:52:19 | INFO    | TRAIN | epoch=018/030 | batch=03850/05033 | loss=4.719359e-01 | stage_elapsed=00:35:46 | stage_eta=00:10:59 | data_wait=1.86s
2026-09-01 15:52:48 | INFO    | TRAIN | epoch=018/030 | batch=03900/05033 | loss=4.879857e-01 | stage_elapsed=00:36:16 | stage_eta=00:10:32 | data_wait=1.87s
2026-09-01 15:53:16 | INFO    | TRAIN | epoch=018/030 | batch=03950/05033 | loss=4.972131e-01 | stage_elapsed=00:36:43 | stage_eta=00:10:04 | data_wait=1.89s
2026-09-01 15:53:45 | INFO    | TRAIN | epoch=018/030 | batch=04000/05033 | loss=5.825251e-01 | stage_elapsed=00:37:12 | stage_eta=00:09:36 | data_wait=1.91s
2026-09-01 15:54:15 | INFO    | TRAIN | epoch=018/030 | batch=04050/05033 | loss=3.716232e-01 | stage_elapsed=00:37:43 | stage_eta=00:09:09 | data_wait=1.92s
2026-09-01 15:54:45 | INFO    | TRAIN | epoch=018/030 | batch=04100/05033 | loss=4.547561e-01 | stage_elapsed=00:38:12 | stage_eta=00:08:42 | data_wait=1.93s
2026-09-01 15:55:15 | INFO    | TRAIN | epoch=018/030 | batch=04150/05033 | loss=4.373428e-01 | stage_elapsed=00:38:42 | stage_eta=00:08:14 | data_wait=1.94s
2026-09-01 15:55:44 | INFO    | TRAIN | epoch=018/030 | batch=04200/05033 | loss=5.206833e-01 | stage_elapsed=00:39:12 | stage_eta=00:07:46 | data_wait=1.95s
2026-09-01 15:56:15 | INFO    | TRAIN | epoch=018/030 | batch=04250/05033 | loss=4.506374e-01 | stage_elapsed=00:39:42 | stage_eta=00:07:19 | data_wait=1.96s
2026-09-01 15:56:43 | INFO    | TRAIN | epoch=018/030 | batch=04300/05033 | loss=4.195927e-01 | stage_elapsed=00:40:10 | stage_eta=00:06:51 | data_wait=1.98s
2026-09-01 15:57:13 | INFO    | TRAIN | epoch=018/030 | batch=04350/05033 | loss=4.820470e-01 | stage_elapsed=00:40:40 | stage_eta=00:06:23 | data_wait=1.99s
2026-09-01 15:57:43 | INFO    | TRAIN | epoch=018/030 | batch=04400/05033 | loss=5.388108e-01 | stage_elapsed=00:41:10 | stage_eta=00:05:55 | data_wait=2.00s
2026-09-01 15:58:12 | INFO    | TRAIN | epoch=018/030 | batch=04450/05033 | loss=4.389096e-01 | stage_elapsed=00:41:39 | stage_eta=00:05:27 | data_wait=2.02s
2026-09-01 15:58:42 | INFO    | TRAIN | epoch=018/030 | batch=04500/05033 | loss=4.445605e-01 | stage_elapsed=00:42:09 | stage_eta=00:05:00 | data_wait=2.04s
2026-09-01 15:59:12 | INFO    | TRAIN | epoch=018/030 | batch=04550/05033 | loss=4.846306e-01 | stage_elapsed=00:42:39 | stage_eta=00:04:32 | data_wait=2.06s
2026-09-01 15:59:42 | INFO    | TRAIN | epoch=018/030 | batch=04600/05033 | loss=4.407037e-01 | stage_elapsed=00:43:09 | stage_eta=00:04:04 | data_wait=2.08s
2026-09-01 16:00:11 | INFO    | TRAIN | epoch=018/030 | batch=04650/05033 | loss=5.085583e-01 | stage_elapsed=00:43:38 | stage_eta=00:03:36 | data_wait=2.09s
2026-09-01 16:00:41 | INFO    | TRAIN | epoch=018/030 | batch=04700/05033 | loss=5.452409e-01 | stage_elapsed=00:44:08 | stage_eta=00:03:08 | data_wait=2.10s
2026-09-01 16:01:10 | INFO    | TRAIN | epoch=018/030 | batch=04750/05033 | loss=4.754462e-01 | stage_elapsed=00:44:38 | stage_eta=00:02:40 | data_wait=2.12s
2026-09-01 16:01:41 | INFO    | TRAIN | epoch=018/030 | batch=04800/05033 | loss=4.793536e-01 | stage_elapsed=00:45:08 | stage_eta=00:02:11 | data_wait=2.13s
2026-09-01 16:02:11 | INFO    | TRAIN | epoch=018/030 | batch=04850/05033 | loss=4.270237e-01 | stage_elapsed=00:45:38 | stage_eta=00:01:43 | data_wait=2.15s
2026-09-01 16:02:40 | INFO    | TRAIN | epoch=018/030 | batch=04900/05033 | loss=3.871520e-01 | stage_elapsed=00:46:07 | stage_eta=00:01:15 | data_wait=2.16s
2026-09-01 16:03:09 | INFO    | TRAIN | epoch=018/030 | batch=04950/05033 | loss=4.920977e-01 | stage_elapsed=00:46:37 | stage_eta=00:00:47 | data_wait=2.18s
2026-09-01 16:03:38 | INFO    | TRAIN | epoch=018/030 | batch=05000/05033 | loss=4.418787e-01 | stage_elapsed=00:47:05 | stage_eta=00:00:19 | data_wait=2.19s
2026-09-01 16:03:57 | INFO    | TRAIN | epoch=018/030 | batch=05033/05033 | loss=4.055879e-01 | stage_elapsed=00:47:24 | stage_eta=00:00:00 | data_wait=2.20s
2026-09-01 16:04:12 | INFO    | VAL | epoch=018/030 | batch=00050/00212 | loss=4.252664e-01 | stage_elapsed=00:00:15 | stage_eta=00:00:48 | data_wait=0.44s
2026-09-01 16:04:26 | INFO    | VAL | epoch=018/030 | batch=00100/00212 | loss=4.816048e-01 | stage_elapsed=00:00:29 | stage_eta=00:00:32 | data_wait=0.46s
2026-09-01 16:04:40 | INFO    | VAL | epoch=018/030 | batch=00150/00212 | loss=5.225028e-01 | stage_elapsed=00:00:43 | stage_eta=00:00:18 | data_wait=0.47s
2026-09-01 16:04:52 | INFO    | VAL | epoch=018/030 | batch=00200/00212 | loss=4.574496e-01 | stage_elapsed=00:00:55 | stage_eta=00:00:03 | data_wait=0.49s
2026-09-01 16:04:55 | INFO    | VAL | epoch=018/030 | batch=00212/00212 | loss=6.495161e-01 | stage_elapsed=00:00:58 | stage_eta=00:00:00 | data_wait=0.49s
2026-09-01 16:04:56 | INFO    | Epoch 018 complete | train=4.651582e-01 | val=4.999421e-01 | best=4.999421e-01 | lr=1.000e-03 | epoch_time=00:48:23 | run_elapsed=16:24:11 | eta=10:56:07 | finish=2026-09-02 03:01:03 CST
2026-09-01 16:05:26 | INFO    | TRAIN | epoch=019/030 | batch=00050/05033 | loss=5.088869e-01 | stage_elapsed=00:00:30 | stage_eta=00:50:10 | data_wait=0.31s
2026-09-01 16:05:55 | INFO    | TRAIN | epoch=019/030 | batch=00100/05033 | loss=4.446221e-01 | stage_elapsed=00:01:00 | stage_eta=00:49:13 | data_wait=0.32s
2026-09-01 16:06:26 | INFO    | TRAIN | epoch=019/030 | batch=00150/05033 | loss=4.411481e-01 | stage_elapsed=00:01:31 | stage_eta=00:49:16 | data_wait=0.33s
2026-09-01 16:06:55 | INFO    | TRAIN | epoch=019/030 | batch=00200/05033 | loss=4.353060e-01 | stage_elapsed=00:01:59 | stage_eta=00:48:02 | data_wait=0.34s
2026-09-01 16:07:25 | INFO    | TRAIN | epoch=019/030 | batch=00250/05033 | loss=4.714760e-01 | stage_elapsed=00:02:29 | stage_eta=00:47:33 | data_wait=0.36s
2026-09-01 16:07:54 | INFO    | TRAIN | epoch=019/030 | batch=00300/05033 | loss=4.600934e-01 | stage_elapsed=00:02:59 | stage_eta=00:46:58 | data_wait=0.38s
2026-09-01 16:08:24 | INFO    | TRAIN | epoch=019/030 | batch=00350/05033 | loss=4.868719e-01 | stage_elapsed=00:03:28 | stage_eta=00:46:29 | data_wait=0.40s
2026-09-01 16:08:53 | INFO    | TRAIN | epoch=019/030 | batch=00400/05033 | loss=4.394765e-01 | stage_elapsed=00:03:58 | stage_eta=00:45:52 | data_wait=0.41s
2026-09-01 16:09:23 | INFO    | TRAIN | epoch=019/030 | batch=00450/05033 | loss=4.409099e-01 | stage_elapsed=00:04:27 | stage_eta=00:45:24 | data_wait=0.42s
2026-09-01 16:09:53 | INFO    | TRAIN | epoch=019/030 | batch=00500/05033 | loss=4.668494e-01 | stage_elapsed=00:04:57 | stage_eta=00:44:53 | data_wait=0.44s
2026-09-01 16:10:21 | INFO    | TRAIN | epoch=019/030 | batch=00550/05033 | loss=4.289473e-01 | stage_elapsed=00:05:26 | stage_eta=00:44:16 | data_wait=0.46s
2026-09-01 16:10:51 | INFO    | TRAIN | epoch=019/030 | batch=00600/05033 | loss=4.126593e-01 | stage_elapsed=00:05:56 | stage_eta=00:43:47 | data_wait=0.47s
2026-09-01 16:11:23 | INFO    | TRAIN | epoch=019/030 | batch=00650/05033 | loss=4.837489e-01 | stage_elapsed=00:06:27 | stage_eta=00:43:29 | data_wait=0.48s
2026-09-01 16:11:52 | INFO    | TRAIN | epoch=019/030 | batch=00700/05033 | loss=4.031816e-01 | stage_elapsed=00:06:56 | stage_eta=00:42:58 | data_wait=0.50s
2026-09-01 16:12:22 | INFO    | TRAIN | epoch=019/030 | batch=00750/05033 | loss=4.657251e-01 | stage_elapsed=00:07:27 | stage_eta=00:42:31 | data_wait=0.51s
2026-09-01 16:12:51 | INFO    | TRAIN | epoch=019/030 | batch=00800/05033 | loss=4.976795e-01 | stage_elapsed=00:07:55 | stage_eta=00:41:56 | data_wait=0.53s
2026-09-01 16:13:20 | INFO    | TRAIN | epoch=019/030 | batch=00850/05033 | loss=4.497442e-01 | stage_elapsed=00:08:25 | stage_eta=00:41:23 | data_wait=0.54s
2026-09-01 16:13:49 | INFO    | TRAIN | epoch=019/030 | batch=00900/05033 | loss=5.433286e-01 | stage_elapsed=00:08:53 | stage_eta=00:40:49 | data_wait=0.56s
2026-09-01 16:14:20 | INFO    | TRAIN | epoch=019/030 | batch=00950/05033 | loss=4.902386e-01 | stage_elapsed=00:09:24 | stage_eta=00:40:25 | data_wait=0.57s
2026-09-01 16:14:50 | INFO    | TRAIN | epoch=019/030 | batch=01000/05033 | loss=4.766803e-01 | stage_elapsed=00:09:54 | stage_eta=00:39:57 | data_wait=0.58s
2026-09-01 16:15:20 | INFO    | TRAIN | epoch=019/030 | batch=01050/05033 | loss=5.341635e-01 | stage_elapsed=00:10:24 | stage_eta=00:39:27 | data_wait=0.59s
2026-09-01 16:15:50 | INFO    | TRAIN | epoch=019/030 | batch=01100/05033 | loss=4.864400e-01 | stage_elapsed=00:10:54 | stage_eta=00:38:58 | data_wait=0.61s
2026-09-01 16:16:20 | INFO    | TRAIN | epoch=019/030 | batch=01150/05033 | loss=4.622066e-01 | stage_elapsed=00:11:24 | stage_eta=00:38:30 | data_wait=0.62s
2026-09-01 16:16:48 | INFO    | TRAIN | epoch=019/030 | batch=01200/05033 | loss=5.122826e-01 | stage_elapsed=00:11:53 | stage_eta=00:37:56 | data_wait=0.64s
2026-09-01 16:17:18 | INFO    | TRAIN | epoch=019/030 | batch=01250/05033 | loss=5.448477e-01 | stage_elapsed=00:12:22 | stage_eta=00:37:26 | data_wait=0.66s
2026-09-01 16:17:47 | INFO    | TRAIN | epoch=019/030 | batch=01300/05033 | loss=4.733072e-01 | stage_elapsed=00:12:52 | stage_eta=00:36:56 | data_wait=0.68s
2026-09-01 16:18:17 | INFO    | TRAIN | epoch=019/030 | batch=01350/05033 | loss=4.716967e-01 | stage_elapsed=00:13:21 | stage_eta=00:36:25 | data_wait=0.69s
2026-09-01 16:18:47 | INFO    | TRAIN | epoch=019/030 | batch=01400/05033 | loss=4.723592e-01 | stage_elapsed=00:13:52 | stage_eta=00:35:58 | data_wait=0.70s
2026-09-01 16:19:17 | INFO    | TRAIN | epoch=019/030 | batch=01450/05033 | loss=4.925860e-01 | stage_elapsed=00:14:22 | stage_eta=00:35:30 | data_wait=0.71s
2026-09-01 16:19:47 | INFO    | TRAIN | epoch=019/030 | batch=01500/05033 | loss=5.178409e-01 | stage_elapsed=00:14:52 | stage_eta=00:35:00 | data_wait=0.72s
2026-09-01 16:20:16 | INFO    | TRAIN | epoch=019/030 | batch=01550/05033 | loss=5.074693e-01 | stage_elapsed=00:15:20 | stage_eta=00:34:28 | data_wait=0.73s
2026-09-01 16:20:46 | INFO    | TRAIN | epoch=019/030 | batch=01600/05033 | loss=4.647159e-01 | stage_elapsed=00:15:50 | stage_eta=00:33:59 | data_wait=0.75s
2026-09-01 16:21:16 | INFO    | TRAIN | epoch=019/030 | batch=01650/05033 | loss=4.969120e-01 | stage_elapsed=00:16:21 | stage_eta=00:33:31 | data_wait=0.76s
2026-09-01 16:21:46 | INFO    | TRAIN | epoch=019/030 | batch=01700/05033 | loss=5.013296e-01 | stage_elapsed=00:16:50 | stage_eta=00:33:01 | data_wait=0.78s
2026-09-01 16:22:16 | INFO    | TRAIN | epoch=019/030 | batch=01750/05033 | loss=4.563705e-01 | stage_elapsed=00:17:20 | stage_eta=00:32:31 | data_wait=0.79s
2026-09-01 16:22:45 | INFO    | TRAIN | epoch=019/030 | batch=01800/05033 | loss=4.511819e-01 | stage_elapsed=00:17:50 | stage_eta=00:32:01 | data_wait=0.81s
2026-09-01 16:23:14 | INFO    | TRAIN | epoch=019/030 | batch=01850/05033 | loss=4.494350e-01 | stage_elapsed=00:18:19 | stage_eta=00:31:30 | data_wait=0.82s
2026-09-01 16:23:42 | INFO    | TRAIN | epoch=019/030 | batch=01900/05033 | loss=4.046008e-01 | stage_elapsed=00:18:47 | stage_eta=00:30:58 | data_wait=0.84s
2026-09-01 16:24:13 | INFO    | TRAIN | epoch=019/030 | batch=01950/05033 | loss=5.203863e-01 | stage_elapsed=00:19:17 | stage_eta=00:30:29 | data_wait=0.85s
2026-09-01 16:24:43 | INFO    | TRAIN | epoch=019/030 | batch=02000/05033 | loss=4.039271e-01 | stage_elapsed=00:19:47 | stage_eta=00:30:00 | data_wait=0.86s
2026-09-01 16:25:13 | INFO    | TRAIN | epoch=019/030 | batch=02050/05033 | loss=4.778297e-01 | stage_elapsed=00:20:18 | stage_eta=00:29:32 | data_wait=0.87s
2026-09-01 16:25:43 | INFO    | TRAIN | epoch=019/030 | batch=02100/05033 | loss=5.305859e-01 | stage_elapsed=00:20:48 | stage_eta=00:29:03 | data_wait=0.89s
2026-09-01 16:26:13 | INFO    | TRAIN | epoch=019/030 | batch=02150/05033 | loss=4.087133e-01 | stage_elapsed=00:21:17 | stage_eta=00:28:33 | data_wait=0.91s
2026-09-01 16:26:41 | INFO    | TRAIN | epoch=019/030 | batch=02200/05033 | loss=4.542643e-01 | stage_elapsed=00:21:46 | stage_eta=00:28:01 | data_wait=0.92s
2026-09-01 16:27:09 | INFO    | TRAIN | epoch=019/030 | batch=02250/05033 | loss=4.646580e-01 | stage_elapsed=00:22:14 | stage_eta=00:27:30 | data_wait=0.93s
2026-09-01 16:27:39 | INFO    | TRAIN | epoch=019/030 | batch=02300/05033 | loss=4.460642e-01 | stage_elapsed=00:22:44 | stage_eta=00:27:00 | data_wait=0.96s
2026-09-01 16:28:09 | INFO    | TRAIN | epoch=019/030 | batch=02350/05033 | loss=4.772949e-01 | stage_elapsed=00:23:13 | stage_eta=00:26:30 | data_wait=0.97s
2026-09-01 16:28:39 | INFO    | TRAIN | epoch=019/030 | batch=02400/05033 | loss=4.063404e-01 | stage_elapsed=00:23:43 | stage_eta=00:26:01 | data_wait=0.99s
2026-09-01 16:29:09 | INFO    | TRAIN | epoch=019/030 | batch=02450/05033 | loss=4.846114e-01 | stage_elapsed=00:24:14 | stage_eta=00:25:32 | data_wait=1.00s
2026-09-01 16:29:39 | INFO    | TRAIN | epoch=019/030 | batch=02500/05033 | loss=3.381089e-01 | stage_elapsed=00:24:44 | stage_eta=00:25:03 | data_wait=1.01s
2026-09-01 16:30:08 | INFO    | TRAIN | epoch=019/030 | batch=02550/05033 | loss=4.247953e-01 | stage_elapsed=00:25:13 | stage_eta=00:24:33 | data_wait=1.03s
2026-09-01 16:30:37 | INFO    | TRAIN | epoch=019/030 | batch=02600/05033 | loss=3.736388e-01 | stage_elapsed=00:25:42 | stage_eta=00:24:03 | data_wait=1.04s
2026-09-01 16:31:08 | INFO    | TRAIN | epoch=019/030 | batch=02650/05033 | loss=3.892906e-01 | stage_elapsed=00:26:12 | stage_eta=00:23:34 | data_wait=1.05s
2026-09-01 16:31:39 | INFO    | TRAIN | epoch=019/030 | batch=02700/05033 | loss=4.525899e-01 | stage_elapsed=00:26:43 | stage_eta=00:23:05 | data_wait=1.07s
2026-09-01 16:32:08 | INFO    | TRAIN | epoch=019/030 | batch=02750/05033 | loss=4.705640e-01 | stage_elapsed=00:27:12 | stage_eta=00:22:35 | data_wait=1.09s
2026-09-01 16:32:37 | INFO    | TRAIN | epoch=019/030 | batch=02800/05033 | loss=4.171655e-01 | stage_elapsed=00:27:42 | stage_eta=00:22:05 | data_wait=1.10s
2026-09-01 16:33:07 | INFO    | TRAIN | epoch=019/030 | batch=02850/05033 | loss=3.893455e-01 | stage_elapsed=00:28:12 | stage_eta=00:21:36 | data_wait=1.12s
2026-09-01 16:33:36 | INFO    | TRAIN | epoch=019/030 | batch=02900/05033 | loss=4.370000e-01 | stage_elapsed=00:28:40 | stage_eta=00:21:05 | data_wait=1.13s
2026-09-01 16:34:06 | INFO    | TRAIN | epoch=019/030 | batch=02950/05033 | loss=4.410733e-01 | stage_elapsed=00:29:10 | stage_eta=00:20:36 | data_wait=1.14s
2026-09-01 16:34:36 | INFO    | TRAIN | epoch=019/030 | batch=03000/05033 | loss=4.865894e-01 | stage_elapsed=00:29:40 | stage_eta=00:20:07 | data_wait=1.15s
2026-09-01 16:35:06 | INFO    | TRAIN | epoch=019/030 | batch=03050/05033 | loss=4.225722e-01 | stage_elapsed=00:30:11 | stage_eta=00:19:37 | data_wait=1.17s
2026-09-01 16:35:36 | INFO    | TRAIN | epoch=019/030 | batch=03100/05033 | loss=4.903624e-01 | stage_elapsed=00:30:41 | stage_eta=00:19:08 | data_wait=1.18s
2026-09-01 16:36:06 | INFO    | TRAIN | epoch=019/030 | batch=03150/05033 | loss=4.287971e-01 | stage_elapsed=00:31:11 | stage_eta=00:18:38 | data_wait=1.19s
2026-09-01 16:36:35 | INFO    | TRAIN | epoch=019/030 | batch=03200/05033 | loss=3.450813e-01 | stage_elapsed=00:31:39 | stage_eta=00:18:08 | data_wait=1.21s
2026-09-01 16:37:02 | INFO    | TRAIN | epoch=019/030 | batch=03250/05033 | loss=4.289794e-01 | stage_elapsed=00:32:07 | stage_eta=00:17:37 | data_wait=1.22s
2026-09-01 16:37:32 | INFO    | TRAIN | epoch=019/030 | batch=03300/05033 | loss=4.030466e-01 | stage_elapsed=00:32:37 | stage_eta=00:17:08 | data_wait=1.23s
2026-09-01 16:38:03 | INFO    | TRAIN | epoch=019/030 | batch=03350/05033 | loss=4.249938e-01 | stage_elapsed=00:33:07 | stage_eta=00:16:38 | data_wait=1.25s
2026-09-01 16:38:33 | INFO    | TRAIN | epoch=019/030 | batch=03400/05033 | loss=4.750092e-01 | stage_elapsed=00:33:37 | stage_eta=00:16:09 | data_wait=1.26s
2026-09-01 16:39:03 | INFO    | TRAIN | epoch=019/030 | batch=03450/05033 | loss=4.313014e-01 | stage_elapsed=00:34:07 | stage_eta=00:15:39 | data_wait=1.28s
2026-09-01 16:39:33 | INFO    | TRAIN | epoch=019/030 | batch=03500/05033 | loss=4.512286e-01 | stage_elapsed=00:34:37 | stage_eta=00:15:10 | data_wait=1.29s
2026-09-01 16:40:02 | INFO    | TRAIN | epoch=019/030 | batch=03550/05033 | loss=5.039455e-01 | stage_elapsed=00:35:07 | stage_eta=00:14:40 | data_wait=1.30s
2026-09-01 16:40:32 | INFO    | TRAIN | epoch=019/030 | batch=03600/05033 | loss=4.930289e-01 | stage_elapsed=00:35:36 | stage_eta=00:14:10 | data_wait=1.31s
2026-09-01 16:41:01 | INFO    | TRAIN | epoch=019/030 | batch=03650/05033 | loss=5.109887e-01 | stage_elapsed=00:36:06 | stage_eta=00:13:41 | data_wait=1.33s
2026-09-01 16:41:30 | INFO    | TRAIN | epoch=019/030 | batch=03700/05033 | loss=4.734992e-01 | stage_elapsed=00:36:35 | stage_eta=00:13:11 | data_wait=1.35s
2026-09-01 16:42:01 | INFO    | TRAIN | epoch=019/030 | batch=03750/05033 | loss=4.740138e-01 | stage_elapsed=00:37:05 | stage_eta=00:12:41 | data_wait=1.36s
2026-09-01 16:42:31 | INFO    | TRAIN | epoch=019/030 | batch=03800/05033 | loss=5.124516e-01 | stage_elapsed=00:37:36 | stage_eta=00:12:12 | data_wait=1.37s
2026-09-01 16:43:01 | INFO    | TRAIN | epoch=019/030 | batch=03850/05033 | loss=4.596956e-01 | stage_elapsed=00:38:05 | stage_eta=00:11:42 | data_wait=1.38s
2026-09-01 16:43:30 | INFO    | TRAIN | epoch=019/030 | batch=03900/05033 | loss=4.817798e-01 | stage_elapsed=00:38:34 | stage_eta=00:11:12 | data_wait=1.39s
2026-09-01 16:44:00 | INFO    | TRAIN | epoch=019/030 | batch=03950/05033 | loss=4.742036e-01 | stage_elapsed=00:39:05 | stage_eta=00:10:43 | data_wait=1.40s
2026-09-01 16:44:30 | INFO    | TRAIN | epoch=019/030 | batch=04000/05033 | loss=4.691344e-01 | stage_elapsed=00:39:35 | stage_eta=00:10:13 | data_wait=1.41s
2026-09-01 16:45:00 | INFO    | TRAIN | epoch=019/030 | batch=04050/05033 | loss=3.687216e-01 | stage_elapsed=00:40:05 | stage_eta=00:09:44 | data_wait=1.43s
2026-09-01 16:45:30 | INFO    | TRAIN | epoch=019/030 | batch=04100/05033 | loss=4.350381e-01 | stage_elapsed=00:40:34 | stage_eta=00:09:14 | data_wait=1.44s
2026-09-01 16:45:59 | INFO    | TRAIN | epoch=019/030 | batch=04150/05033 | loss=4.771487e-01 | stage_elapsed=00:41:04 | stage_eta=00:08:44 | data_wait=1.46s
2026-09-01 16:46:29 | INFO    | TRAIN | epoch=019/030 | batch=04200/05033 | loss=4.714037e-01 | stage_elapsed=00:41:34 | stage_eta=00:08:15 | data_wait=1.48s
2026-09-01 16:46:58 | INFO    | TRAIN | epoch=019/030 | batch=04250/05033 | loss=4.204524e-01 | stage_elapsed=00:42:03 | stage_eta=00:07:45 | data_wait=1.50s
2026-09-01 16:47:28 | INFO    | TRAIN | epoch=019/030 | batch=04300/05033 | loss=4.267398e-01 | stage_elapsed=00:42:32 | stage_eta=00:07:15 | data_wait=1.51s
2026-09-01 16:47:58 | INFO    | TRAIN | epoch=019/030 | batch=04350/05033 | loss=4.091258e-01 | stage_elapsed=00:43:02 | stage_eta=00:06:45 | data_wait=1.52s
2026-09-01 16:48:29 | INFO    | TRAIN | epoch=019/030 | batch=04400/05033 | loss=4.826645e-01 | stage_elapsed=00:43:33 | stage_eta=00:06:16 | data_wait=1.53s
2026-09-01 16:48:59 | INFO    | TRAIN | epoch=019/030 | batch=04450/05033 | loss=4.600542e-01 | stage_elapsed=00:44:03 | stage_eta=00:05:46 | data_wait=1.54s
2026-09-01 16:49:30 | INFO    | TRAIN | epoch=019/030 | batch=04500/05033 | loss=4.434301e-01 | stage_elapsed=00:44:34 | stage_eta=00:05:17 | data_wait=1.56s
2026-09-01 16:49:58 | INFO    | TRAIN | epoch=019/030 | batch=04550/05033 | loss=4.473247e-01 | stage_elapsed=00:45:02 | stage_eta=00:04:47 | data_wait=1.57s
2026-09-01 16:50:28 | INFO    | TRAIN | epoch=019/030 | batch=04600/05033 | loss=4.467369e-01 | stage_elapsed=00:45:32 | stage_eta=00:04:17 | data_wait=1.59s
2026-09-01 16:50:57 | INFO    | TRAIN | epoch=019/030 | batch=04650/05033 | loss=5.217881e-01 | stage_elapsed=00:46:01 | stage_eta=00:03:47 | data_wait=1.60s
2026-09-01 16:51:27 | INFO    | TRAIN | epoch=019/030 | batch=04700/05033 | loss=4.521805e-01 | stage_elapsed=00:46:32 | stage_eta=00:03:18 | data_wait=1.61s
2026-09-01 16:51:57 | INFO    | TRAIN | epoch=019/030 | batch=04750/05033 | loss=4.933066e-01 | stage_elapsed=00:47:02 | stage_eta=00:02:48 | data_wait=1.63s
2026-09-01 16:52:27 | INFO    | TRAIN | epoch=019/030 | batch=04800/05033 | loss=3.912609e-01 | stage_elapsed=00:47:32 | stage_eta=00:02:18 | data_wait=1.64s
2026-09-01 16:52:57 | INFO    | TRAIN | epoch=019/030 | batch=04850/05033 | loss=4.578323e-01 | stage_elapsed=00:48:02 | stage_eta=00:01:49 | data_wait=1.65s
2026-09-01 16:53:25 | INFO    | TRAIN | epoch=019/030 | batch=04900/05033 | loss=3.971725e-01 | stage_elapsed=00:48:29 | stage_eta=00:01:19 | data_wait=1.67s
2026-09-01 16:53:55 | INFO    | TRAIN | epoch=019/030 | batch=04950/05033 | loss=4.983077e-01 | stage_elapsed=00:48:59 | stage_eta=00:00:49 | data_wait=1.68s
2026-09-01 16:54:25 | INFO    | TRAIN | epoch=019/030 | batch=05000/05033 | loss=4.830202e-01 | stage_elapsed=00:49:29 | stage_eta=00:00:20 | data_wait=1.69s
2026-09-01 16:54:46 | INFO    | TRAIN | epoch=019/030 | batch=05033/05033 | loss=3.969821e-01 | stage_elapsed=00:49:50 | stage_eta=00:00:00 | data_wait=1.71s
2026-09-01 16:54:59 | INFO    | VAL | epoch=019/030 | batch=00050/00212 | loss=4.185239e-01 | stage_elapsed=00:00:14 | stage_eta=00:00:44 | data_wait=0.44s
2026-09-01 16:55:14 | INFO    | VAL | epoch=019/030 | batch=00100/00212 | loss=4.796170e-01 | stage_elapsed=00:00:28 | stage_eta=00:00:31 | data_wait=0.46s
2026-09-01 16:55:27 | INFO    | VAL | epoch=019/030 | batch=00150/00212 | loss=4.942279e-01 | stage_elapsed=00:00:42 | stage_eta=00:00:17 | data_wait=0.48s
2026-09-01 16:55:41 | INFO    | VAL | epoch=019/030 | batch=00200/00212 | loss=4.540239e-01 | stage_elapsed=00:00:55 | stage_eta=00:00:03 | data_wait=0.50s
2026-09-01 16:55:44 | INFO    | VAL | epoch=019/030 | batch=00212/00212 | loss=6.633497e-01 | stage_elapsed=00:00:58 | stage_eta=00:00:00 | data_wait=0.50s
2026-09-01 16:55:45 | INFO    | Epoch 019 complete | train=4.578681e-01 | val=4.937449e-01 | best=4.937449e-01 | lr=1.000e-03 | epoch_time=00:50:49 | run_elapsed=17:15:00 | eta=09:59:13 | finish=2026-09-02 02:54:58 CST
2026-09-01 16:56:15 | INFO    | TRAIN | epoch=020/030 | batch=00050/05033 | loss=4.748207e-01 | stage_elapsed=00:00:30 | stage_eta=00:50:33 | data_wait=0.48s
2026-09-01 16:56:44 | INFO    | TRAIN | epoch=020/030 | batch=00100/05033 | loss=4.224594e-01 | stage_elapsed=00:00:59 | stage_eta=00:48:52 | data_wait=0.50s
2026-09-01 16:57:14 | INFO    | TRAIN | epoch=020/030 | batch=00150/05033 | loss=4.875445e-01 | stage_elapsed=00:01:29 | stage_eta=00:48:26 | data_wait=0.51s
2026-09-01 16:57:42 | INFO    | TRAIN | epoch=020/030 | batch=00200/05033 | loss=5.717733e-01 | stage_elapsed=00:01:57 | stage_eta=00:47:12 | data_wait=0.52s
2026-09-01 16:58:09 | INFO    | TRAIN | epoch=020/030 | batch=00250/05033 | loss=4.162176e-01 | stage_elapsed=00:02:24 | stage_eta=00:45:58 | data_wait=0.55s
2026-09-01 16:58:36 | INFO    | TRAIN | epoch=020/030 | batch=00300/05033 | loss=5.103693e-01 | stage_elapsed=00:02:51 | stage_eta=00:44:58 | data_wait=0.58s
2026-09-01 16:59:03 | INFO    | TRAIN | epoch=020/030 | batch=00350/05033 | loss=3.998811e-01 | stage_elapsed=00:03:18 | stage_eta=00:44:05 | data_wait=0.60s
2026-09-01 16:59:30 | INFO    | TRAIN | epoch=020/030 | batch=00400/05033 | loss=4.489416e-01 | stage_elapsed=00:03:45 | stage_eta=00:43:21 | data_wait=0.62s
2026-09-01 16:59:56 | INFO    | TRAIN | epoch=020/030 | batch=00450/05033 | loss=4.825467e-01 | stage_elapsed=00:04:11 | stage_eta=00:42:37 | data_wait=0.64s
2026-09-01 17:00:23 | INFO    | TRAIN | epoch=020/030 | batch=00500/05033 | loss=4.141788e-01 | stage_elapsed=00:04:38 | stage_eta=00:42:02 | data_wait=0.66s
2026-09-01 17:00:51 | INFO    | TRAIN | epoch=020/030 | batch=00550/05033 | loss=4.513345e-01 | stage_elapsed=00:05:06 | stage_eta=00:41:32 | data_wait=0.68s
2026-09-01 17:01:20 | INFO    | TRAIN | epoch=020/030 | batch=00600/05033 | loss=4.304244e-01 | stage_elapsed=00:05:35 | stage_eta=00:41:15 | data_wait=0.70s
2026-09-01 17:01:49 | INFO    | TRAIN | epoch=020/030 | batch=00650/05033 | loss=4.016474e-01 | stage_elapsed=00:06:04 | stage_eta=00:40:57 | data_wait=0.71s
2026-09-01 17:02:17 | INFO    | TRAIN | epoch=020/030 | batch=00700/05033 | loss=5.375150e-01 | stage_elapsed=00:06:32 | stage_eta=00:40:29 | data_wait=0.73s
2026-09-01 17:02:47 | INFO    | TRAIN | epoch=020/030 | batch=00750/05033 | loss=4.118487e-01 | stage_elapsed=00:07:02 | stage_eta=00:40:12 | data_wait=0.75s
2026-09-01 17:03:18 | INFO    | TRAIN | epoch=020/030 | batch=00800/05033 | loss=4.869882e-01 | stage_elapsed=00:07:33 | stage_eta=00:39:56 | data_wait=0.76s
2026-09-01 17:03:48 | INFO    | TRAIN | epoch=020/030 | batch=00850/05033 | loss=5.005345e-01 | stage_elapsed=00:08:03 | stage_eta=00:39:36 | data_wait=0.77s
2026-09-01 17:04:17 | INFO    | TRAIN | epoch=020/030 | batch=00900/05033 | loss=4.926896e-01 | stage_elapsed=00:08:32 | stage_eta=00:39:13 | data_wait=0.78s
2026-09-01 17:04:48 | INFO    | TRAIN | epoch=020/030 | batch=00950/05033 | loss=4.762805e-01 | stage_elapsed=00:09:03 | stage_eta=00:38:54 | data_wait=0.79s
2026-09-01 17:05:17 | INFO    | TRAIN | epoch=020/030 | batch=01000/05033 | loss=4.519189e-01 | stage_elapsed=00:09:32 | stage_eta=00:38:26 | data_wait=0.80s
2026-09-01 17:05:48 | INFO    | TRAIN | epoch=020/030 | batch=01050/05033 | loss=4.072997e-01 | stage_elapsed=00:10:03 | stage_eta=00:38:06 | data_wait=0.82s
2026-09-01 17:06:17 | INFO    | TRAIN | epoch=020/030 | batch=01100/05033 | loss=4.274524e-01 | stage_elapsed=00:10:32 | stage_eta=00:37:40 | data_wait=0.83s
2026-09-01 17:06:46 | INFO    | TRAIN | epoch=020/030 | batch=01150/05033 | loss=5.027274e-01 | stage_elapsed=00:11:01 | stage_eta=00:37:12 | data_wait=0.85s
2026-09-01 17:07:16 | INFO    | TRAIN | epoch=020/030 | batch=01200/05033 | loss=4.520264e-01 | stage_elapsed=00:11:31 | stage_eta=00:36:48 | data_wait=0.87s
2026-09-01 17:07:47 | INFO    | TRAIN | epoch=020/030 | batch=01250/05033 | loss=5.137682e-01 | stage_elapsed=00:12:02 | stage_eta=00:36:24 | data_wait=0.88s
2026-09-01 17:08:17 | INFO    | TRAIN | epoch=020/030 | batch=01300/05033 | loss=4.207464e-01 | stage_elapsed=00:12:32 | stage_eta=00:35:59 | data_wait=0.89s
2026-09-01 17:08:46 | INFO    | TRAIN | epoch=020/030 | batch=01350/05033 | loss=4.702171e-01 | stage_elapsed=00:13:00 | stage_eta=00:35:29 | data_wait=0.91s
2026-09-01 17:09:16 | INFO    | TRAIN | epoch=020/030 | batch=01400/05033 | loss=4.596048e-01 | stage_elapsed=00:13:31 | stage_eta=00:35:05 | data_wait=0.92s
2026-09-01 17:09:46 | INFO    | TRAIN | epoch=020/030 | batch=01450/05033 | loss=3.657370e-01 | stage_elapsed=00:14:01 | stage_eta=00:34:38 | data_wait=0.93s
2026-09-01 17:10:17 | INFO    | TRAIN | epoch=020/030 | batch=01500/05033 | loss=4.691514e-01 | stage_elapsed=00:14:32 | stage_eta=00:34:13 | data_wait=0.94s
2026-09-01 17:10:46 | INFO    | TRAIN | epoch=020/030 | batch=01550/05033 | loss=4.543545e-01 | stage_elapsed=00:15:01 | stage_eta=00:33:46 | data_wait=0.96s
2026-09-01 17:11:15 | INFO    | TRAIN | epoch=020/030 | batch=01600/05033 | loss=4.530706e-01 | stage_elapsed=00:15:29 | stage_eta=00:33:14 | data_wait=0.98s
2026-09-01 17:11:44 | INFO    | TRAIN | epoch=020/030 | batch=01650/05033 | loss=4.679887e-01 | stage_elapsed=00:15:59 | stage_eta=00:32:45 | data_wait=0.99s
2026-09-01 17:12:13 | INFO    | TRAIN | epoch=020/030 | batch=01700/05033 | loss=4.489009e-01 | stage_elapsed=00:16:28 | stage_eta=00:32:18 | data_wait=1.01s
2026-09-01 17:12:41 | INFO    | TRAIN | epoch=020/030 | batch=01750/05033 | loss=4.877380e-01 | stage_elapsed=00:16:56 | stage_eta=00:31:46 | data_wait=1.03s
2026-09-01 17:13:08 | INFO    | TRAIN | epoch=020/030 | batch=01800/05033 | loss=3.667514e-01 | stage_elapsed=00:17:23 | stage_eta=00:31:13 | data_wait=1.04s
2026-09-01 17:13:35 | INFO    | TRAIN | epoch=020/030 | batch=01850/05033 | loss=4.524065e-01 | stage_elapsed=00:17:50 | stage_eta=00:30:41 | data_wait=1.06s
2026-09-01 17:14:02 | INFO    | TRAIN | epoch=020/030 | batch=01900/05033 | loss=4.386737e-01 | stage_elapsed=00:18:17 | stage_eta=00:30:08 | data_wait=1.08s
2026-09-01 17:14:28 | INFO    | TRAIN | epoch=020/030 | batch=01950/05033 | loss=4.444497e-01 | stage_elapsed=00:18:43 | stage_eta=00:29:36 | data_wait=1.10s
2026-09-01 17:14:55 | INFO    | TRAIN | epoch=020/030 | batch=02000/05033 | loss=3.995990e-01 | stage_elapsed=00:19:10 | stage_eta=00:29:04 | data_wait=1.12s
2026-09-01 17:15:22 | INFO    | TRAIN | epoch=020/030 | batch=02050/05033 | loss=4.400469e-01 | stage_elapsed=00:19:37 | stage_eta=00:28:33 | data_wait=1.15s
2026-09-01 17:15:49 | INFO    | TRAIN | epoch=020/030 | batch=02100/05033 | loss=4.969837e-01 | stage_elapsed=00:20:04 | stage_eta=00:28:02 | data_wait=1.16s
2026-09-01 17:16:18 | INFO    | TRAIN | epoch=020/030 | batch=02150/05033 | loss=4.292626e-01 | stage_elapsed=00:20:33 | stage_eta=00:27:34 | data_wait=1.18s
2026-09-01 17:16:46 | INFO    | TRAIN | epoch=020/030 | batch=02200/05033 | loss=4.584672e-01 | stage_elapsed=00:21:01 | stage_eta=00:27:04 | data_wait=1.20s
2026-09-01 17:17:12 | INFO    | TRAIN | epoch=020/030 | batch=02250/05033 | loss=4.201529e-01 | stage_elapsed=00:21:27 | stage_eta=00:26:32 | data_wait=1.22s
2026-09-01 17:17:39 | INFO    | TRAIN | epoch=020/030 | batch=02300/05033 | loss=4.631751e-01 | stage_elapsed=00:21:54 | stage_eta=00:26:01 | data_wait=1.24s
2026-09-01 17:18:05 | INFO    | TRAIN | epoch=020/030 | batch=02350/05033 | loss=4.317364e-01 | stage_elapsed=00:22:20 | stage_eta=00:25:30 | data_wait=1.25s
2026-09-01 17:18:32 | INFO    | TRAIN | epoch=020/030 | batch=02400/05033 | loss=3.704466e-01 | stage_elapsed=00:22:47 | stage_eta=00:24:59 | data_wait=1.27s
2026-09-01 17:18:59 | INFO    | TRAIN | epoch=020/030 | batch=02450/05033 | loss=3.429039e-01 | stage_elapsed=00:23:13 | stage_eta=00:24:29 | data_wait=1.31s
2026-09-01 17:19:25 | INFO    | TRAIN | epoch=020/030 | batch=02500/05033 | loss=4.657621e-01 | stage_elapsed=00:23:40 | stage_eta=00:23:59 | data_wait=1.33s
2026-09-01 17:19:52 | INFO    | TRAIN | epoch=020/030 | batch=02550/05033 | loss=3.270986e-01 | stage_elapsed=00:24:07 | stage_eta=00:23:29 | data_wait=1.36s
2026-09-01 17:20:21 | INFO    | TRAIN | epoch=020/030 | batch=02600/05033 | loss=4.574211e-01 | stage_elapsed=00:24:36 | stage_eta=00:23:02 | data_wait=1.38s
2026-09-01 17:20:48 | INFO    | TRAIN | epoch=020/030 | batch=02650/05033 | loss=4.788672e-01 | stage_elapsed=00:25:03 | stage_eta=00:22:32 | data_wait=1.40s
2026-09-01 17:21:15 | INFO    | TRAIN | epoch=020/030 | batch=02700/05033 | loss=3.863957e-01 | stage_elapsed=00:25:30 | stage_eta=00:22:02 | data_wait=1.42s
2026-09-01 17:21:42 | INFO    | TRAIN | epoch=020/030 | batch=02750/05033 | loss=4.904432e-01 | stage_elapsed=00:25:57 | stage_eta=00:21:33 | data_wait=1.44s
2026-09-01 17:22:09 | INFO    | TRAIN | epoch=020/030 | batch=02800/05033 | loss=4.092160e-01 | stage_elapsed=00:26:24 | stage_eta=00:21:03 | data_wait=1.46s
2026-09-01 17:22:36 | INFO    | TRAIN | epoch=020/030 | batch=02850/05033 | loss=4.285744e-01 | stage_elapsed=00:26:51 | stage_eta=00:20:34 | data_wait=1.49s
2026-09-01 17:23:03 | INFO    | TRAIN | epoch=020/030 | batch=02900/05033 | loss=4.865675e-01 | stage_elapsed=00:27:18 | stage_eta=00:20:05 | data_wait=1.51s
2026-09-01 17:23:30 | INFO    | TRAIN | epoch=020/030 | batch=02950/05033 | loss=4.748992e-01 | stage_elapsed=00:27:45 | stage_eta=00:19:36 | data_wait=1.53s
2026-09-01 17:23:56 | INFO    | TRAIN | epoch=020/030 | batch=03000/05033 | loss=4.815651e-01 | stage_elapsed=00:28:11 | stage_eta=00:19:06 | data_wait=1.55s
2026-09-01 17:24:26 | INFO    | TRAIN | epoch=020/030 | batch=03050/05033 | loss=4.377952e-01 | stage_elapsed=00:28:41 | stage_eta=00:18:39 | data_wait=1.56s
2026-09-01 17:24:56 | INFO    | TRAIN | epoch=020/030 | batch=03100/05033 | loss=5.181205e-01 | stage_elapsed=00:29:11 | stage_eta=00:18:12 | data_wait=1.58s
2026-09-01 17:25:25 | INFO    | TRAIN | epoch=020/030 | batch=03150/05033 | loss=5.190921e-01 | stage_elapsed=00:29:40 | stage_eta=00:17:44 | data_wait=1.59s
2026-09-01 17:25:55 | INFO    | TRAIN | epoch=020/030 | batch=03200/05033 | loss=4.281786e-01 | stage_elapsed=00:30:10 | stage_eta=00:17:17 | data_wait=1.60s
2026-09-01 17:26:22 | INFO    | TRAIN | epoch=020/030 | batch=03250/05033 | loss=4.663364e-01 | stage_elapsed=00:30:37 | stage_eta=00:16:48 | data_wait=1.62s
2026-09-01 17:26:49 | INFO    | TRAIN | epoch=020/030 | batch=03300/05033 | loss=4.653990e-01 | stage_elapsed=00:31:04 | stage_eta=00:16:19 | data_wait=1.64s
2026-09-01 17:27:16 | INFO    | TRAIN | epoch=020/030 | batch=03350/05033 | loss=4.752288e-01 | stage_elapsed=00:31:31 | stage_eta=00:15:50 | data_wait=1.66s
2026-09-01 17:27:43 | INFO    | TRAIN | epoch=020/030 | batch=03400/05033 | loss=5.117444e-01 | stage_elapsed=00:31:58 | stage_eta=00:15:21 | data_wait=1.68s
2026-09-01 17:28:09 | INFO    | TRAIN | epoch=020/030 | batch=03450/05033 | loss=4.966858e-01 | stage_elapsed=00:32:24 | stage_eta=00:14:52 | data_wait=1.70s
2026-09-01 17:28:35 | INFO    | TRAIN | epoch=020/030 | batch=03500/05033 | loss=4.768965e-01 | stage_elapsed=00:32:50 | stage_eta=00:14:23 | data_wait=1.72s
2026-09-01 17:29:02 | INFO    | TRAIN | epoch=020/030 | batch=03550/05033 | loss=4.489073e-01 | stage_elapsed=00:33:17 | stage_eta=00:13:54 | data_wait=1.75s
2026-09-01 17:29:29 | INFO    | TRAIN | epoch=020/030 | batch=03600/05033 | loss=4.099498e-01 | stage_elapsed=00:33:44 | stage_eta=00:13:26 | data_wait=1.77s
2026-09-01 17:29:56 | INFO    | TRAIN | epoch=020/030 | batch=03650/05033 | loss=4.420185e-01 | stage_elapsed=00:34:11 | stage_eta=00:12:57 | data_wait=1.79s
2026-09-01 17:30:27 | INFO    | TRAIN | epoch=020/030 | batch=03700/05033 | loss=4.528911e-01 | stage_elapsed=00:34:42 | stage_eta=00:12:30 | data_wait=1.80s
2026-09-01 17:30:57 | INFO    | TRAIN | epoch=020/030 | batch=03750/05033 | loss=5.442779e-01 | stage_elapsed=00:35:12 | stage_eta=00:12:03 | data_wait=1.81s
2026-09-01 17:31:26 | INFO    | TRAIN | epoch=020/030 | batch=03800/05033 | loss=4.996521e-01 | stage_elapsed=00:35:41 | stage_eta=00:11:35 | data_wait=1.82s
2026-09-01 17:31:56 | INFO    | TRAIN | epoch=020/030 | batch=03850/05033 | loss=4.611647e-01 | stage_elapsed=00:36:11 | stage_eta=00:11:07 | data_wait=1.83s
2026-09-01 17:32:25 | INFO    | TRAIN | epoch=020/030 | batch=03900/05033 | loss=4.639254e-01 | stage_elapsed=00:36:40 | stage_eta=00:10:39 | data_wait=1.85s
2026-09-01 17:32:52 | INFO    | TRAIN | epoch=020/030 | batch=03950/05033 | loss=5.373188e-01 | stage_elapsed=00:37:07 | stage_eta=00:10:11 | data_wait=1.86s
2026-09-01 17:33:20 | INFO    | TRAIN | epoch=020/030 | batch=04000/05033 | loss=4.542654e-01 | stage_elapsed=00:37:35 | stage_eta=00:09:42 | data_wait=1.88s
2026-09-01 17:33:46 | INFO    | TRAIN | epoch=020/030 | batch=04050/05033 | loss=5.222783e-01 | stage_elapsed=00:38:01 | stage_eta=00:09:14 | data_wait=1.90s
2026-09-01 17:34:13 | INFO    | TRAIN | epoch=020/030 | batch=04100/05033 | loss=4.664873e-01 | stage_elapsed=00:38:28 | stage_eta=00:08:45 | data_wait=1.93s
2026-09-01 17:34:40 | INFO    | TRAIN | epoch=020/030 | batch=04150/05033 | loss=4.274172e-01 | stage_elapsed=00:38:55 | stage_eta=00:08:17 | data_wait=1.95s
2026-09-01 17:35:08 | INFO    | TRAIN | epoch=020/030 | batch=04200/05033 | loss=4.573162e-01 | stage_elapsed=00:39:23 | stage_eta=00:07:49 | data_wait=1.97s
2026-09-01 17:35:35 | INFO    | TRAIN | epoch=020/030 | batch=04250/05033 | loss=3.391073e-01 | stage_elapsed=00:39:49 | stage_eta=00:07:20 | data_wait=1.98s
2026-09-01 17:36:02 | INFO    | TRAIN | epoch=020/030 | batch=04300/05033 | loss=4.344837e-01 | stage_elapsed=00:40:17 | stage_eta=00:06:52 | data_wait=2.01s
2026-09-01 17:36:29 | INFO    | TRAIN | epoch=020/030 | batch=04350/05033 | loss=4.538000e-01 | stage_elapsed=00:40:44 | stage_eta=00:06:24 | data_wait=2.04s
2026-09-01 17:36:56 | INFO    | TRAIN | epoch=020/030 | batch=04400/05033 | loss=4.320174e-01 | stage_elapsed=00:41:11 | stage_eta=00:05:55 | data_wait=2.06s
2026-09-01 17:37:23 | INFO    | TRAIN | epoch=020/030 | batch=04450/05033 | loss=3.998899e-01 | stage_elapsed=00:41:38 | stage_eta=00:05:27 | data_wait=2.07s
2026-09-01 17:37:50 | INFO    | TRAIN | epoch=020/030 | batch=04500/05033 | loss=4.431711e-01 | stage_elapsed=00:42:05 | stage_eta=00:04:59 | data_wait=2.09s
2026-09-01 17:38:17 | INFO    | TRAIN | epoch=020/030 | batch=04550/05033 | loss=4.046473e-01 | stage_elapsed=00:42:32 | stage_eta=00:04:31 | data_wait=2.11s
2026-09-01 17:38:43 | INFO    | TRAIN | epoch=020/030 | batch=04600/05033 | loss=4.502985e-01 | stage_elapsed=00:42:58 | stage_eta=00:04:03 | data_wait=2.14s
2026-09-01 17:39:08 | INFO    | TRAIN | epoch=020/030 | batch=04650/05033 | loss=4.669133e-01 | stage_elapsed=00:43:23 | stage_eta=00:03:34 | data_wait=2.16s
2026-09-01 17:39:35 | INFO    | TRAIN | epoch=020/030 | batch=04700/05033 | loss=4.335305e-01 | stage_elapsed=00:43:50 | stage_eta=00:03:06 | data_wait=2.18s
2026-09-01 17:40:02 | INFO    | TRAIN | epoch=020/030 | batch=04750/05033 | loss=4.545298e-01 | stage_elapsed=00:44:17 | stage_eta=00:02:38 | data_wait=2.21s
2026-09-01 17:40:32 | INFO    | TRAIN | epoch=020/030 | batch=04800/05033 | loss=3.661653e-01 | stage_elapsed=00:44:47 | stage_eta=00:02:10 | data_wait=2.22s
2026-09-01 17:41:03 | INFO    | TRAIN | epoch=020/030 | batch=04850/05033 | loss=4.418104e-01 | stage_elapsed=00:45:18 | stage_eta=00:01:43 | data_wait=2.23s
2026-09-01 17:41:32 | INFO    | TRAIN | epoch=020/030 | batch=04900/05033 | loss=4.861628e-01 | stage_elapsed=00:45:47 | stage_eta=00:01:15 | data_wait=2.24s
2026-09-01 17:42:01 | INFO    | TRAIN | epoch=020/030 | batch=04950/05033 | loss=4.247521e-01 | stage_elapsed=00:46:16 | stage_eta=00:00:47 | data_wait=2.26s
2026-09-01 17:42:31 | INFO    | TRAIN | epoch=020/030 | batch=05000/05033 | loss=4.631470e-01 | stage_elapsed=00:46:46 | stage_eta=00:00:19 | data_wait=2.27s
2026-09-01 17:42:50 | INFO    | TRAIN | epoch=020/030 | batch=05033/05033 | loss=4.257694e-01 | stage_elapsed=00:47:04 | stage_eta=00:00:00 | data_wait=2.29s
2026-09-01 17:43:05 | INFO    | VAL | epoch=020/030 | batch=00050/00212 | loss=4.181442e-01 | stage_elapsed=00:00:15 | stage_eta=00:00:49 | data_wait=0.36s
2026-09-01 17:43:19 | INFO    | VAL | epoch=020/030 | batch=00100/00212 | loss=4.788092e-01 | stage_elapsed=00:00:29 | stage_eta=00:00:33 | data_wait=0.38s
2026-09-01 17:43:33 | INFO    | VAL | epoch=020/030 | batch=00150/00212 | loss=5.106283e-01 | stage_elapsed=00:00:44 | stage_eta=00:00:18 | data_wait=0.38s
2026-09-01 17:43:48 | INFO    | VAL | epoch=020/030 | batch=00200/00212 | loss=4.479035e-01 | stage_elapsed=00:00:58 | stage_eta=00:00:03 | data_wait=0.40s
2026-09-01 17:43:51 | INFO    | VAL | epoch=020/030 | batch=00212/00212 | loss=6.460845e-01 | stage_elapsed=00:01:01 | stage_eta=00:00:00 | data_wait=0.40s
2026-09-01 17:43:51 | INFO    | Epoch 020 complete | train=4.508522e-01 | val=5.034383e-01 | best=4.937449e-01 | lr=1.000e-03 | epoch_time=00:48:06 | run_elapsed=18:03:06 | eta=09:01:33 | finish=2026-09-02 02:45:24 CST
2026-09-01 17:44:22 | INFO    | TRAIN | epoch=021/030 | batch=00050/05033 | loss=4.482030e-01 | stage_elapsed=00:00:31 | stage_eta=00:51:20 | data_wait=0.34s
2026-09-01 17:44:52 | INFO    | TRAIN | epoch=021/030 | batch=00100/05033 | loss=4.622500e-01 | stage_elapsed=00:01:01 | stage_eta=00:50:28 | data_wait=0.35s
2026-09-01 17:45:22 | INFO    | TRAIN | epoch=021/030 | batch=00150/05033 | loss=3.786701e-01 | stage_elapsed=00:01:31 | stage_eta=00:49:31 | data_wait=0.36s
2026-09-01 17:45:52 | INFO    | TRAIN | epoch=021/030 | batch=00200/05033 | loss=3.957535e-01 | stage_elapsed=00:02:01 | stage_eta=00:48:36 | data_wait=0.37s
2026-09-01 17:46:20 | INFO    | TRAIN | epoch=021/030 | batch=00250/05033 | loss=5.086395e-01 | stage_elapsed=00:02:29 | stage_eta=00:47:31 | data_wait=0.40s
2026-09-01 17:46:50 | INFO    | TRAIN | epoch=021/030 | batch=00300/05033 | loss=4.796063e-01 | stage_elapsed=00:02:59 | stage_eta=00:47:09 | data_wait=0.42s
2026-09-01 17:47:21 | INFO    | TRAIN | epoch=021/030 | batch=00350/05033 | loss=5.387340e-01 | stage_elapsed=00:03:29 | stage_eta=00:46:43 | data_wait=0.43s
2026-09-01 17:47:51 | INFO    | TRAIN | epoch=021/030 | batch=00400/05033 | loss=5.101147e-01 | stage_elapsed=00:04:00 | stage_eta=00:46:15 | data_wait=0.44s
2026-09-01 17:48:21 | INFO    | TRAIN | epoch=021/030 | batch=00450/05033 | loss=3.845106e-01 | stage_elapsed=00:04:30 | stage_eta=00:45:51 | data_wait=0.45s
2026-09-01 17:48:51 | INFO    | TRAIN | epoch=021/030 | batch=00500/05033 | loss=4.365052e-01 | stage_elapsed=00:05:00 | stage_eta=00:45:24 | data_wait=0.46s
2026-09-01 17:49:20 | INFO    | TRAIN | epoch=021/030 | batch=00550/05033 | loss=4.436115e-01 | stage_elapsed=00:05:29 | stage_eta=00:44:39 | data_wait=0.47s
2026-09-01 17:49:50 | INFO    | TRAIN | epoch=021/030 | batch=00600/05033 | loss=4.073760e-01 | stage_elapsed=00:05:59 | stage_eta=00:44:10 | data_wait=0.49s
2026-09-01 17:50:20 | INFO    | TRAIN | epoch=021/030 | batch=00650/05033 | loss=4.979974e-01 | stage_elapsed=00:06:29 | stage_eta=00:43:43 | data_wait=0.50s
2026-09-01 17:50:49 | INFO    | TRAIN | epoch=021/030 | batch=00700/05033 | loss=4.441571e-01 | stage_elapsed=00:06:58 | stage_eta=00:43:10 | data_wait=0.52s
2026-09-01 17:51:18 | INFO    | TRAIN | epoch=021/030 | batch=00750/05033 | loss=4.854918e-01 | stage_elapsed=00:07:27 | stage_eta=00:42:34 | data_wait=0.53s
2026-09-01 17:51:48 | INFO    | TRAIN | epoch=021/030 | batch=00800/05033 | loss=3.676707e-01 | stage_elapsed=00:07:57 | stage_eta=00:42:03 | data_wait=0.54s
2026-09-01 17:52:18 | INFO    | TRAIN | epoch=021/030 | batch=00850/05033 | loss=4.004267e-01 | stage_elapsed=00:08:27 | stage_eta=00:41:34 | data_wait=0.56s
2026-09-01 17:52:47 | INFO    | TRAIN | epoch=021/030 | batch=00900/05033 | loss=4.665342e-01 | stage_elapsed=00:08:55 | stage_eta=00:40:59 | data_wait=0.57s
2026-09-01 17:53:17 | INFO    | TRAIN | epoch=021/030 | batch=00950/05033 | loss=4.587826e-01 | stage_elapsed=00:09:26 | stage_eta=00:40:32 | data_wait=0.58s
2026-09-01 17:53:47 | INFO    | TRAIN | epoch=021/030 | batch=01000/05033 | loss=4.011462e-01 | stage_elapsed=00:09:56 | stage_eta=00:40:04 | data_wait=0.59s
2026-09-01 17:54:17 | INFO    | TRAIN | epoch=021/030 | batch=01050/05033 | loss=4.317676e-01 | stage_elapsed=00:10:26 | stage_eta=00:39:36 | data_wait=0.60s
2026-09-01 17:54:48 | INFO    | TRAIN | epoch=021/030 | batch=01100/05033 | loss=4.400264e-01 | stage_elapsed=00:10:57 | stage_eta=00:39:09 | data_wait=0.61s
2026-09-01 17:55:16 | INFO    | TRAIN | epoch=021/030 | batch=01150/05033 | loss=4.705998e-01 | stage_elapsed=00:11:25 | stage_eta=00:38:34 | data_wait=0.63s
2026-09-01 17:55:46 | INFO    | TRAIN | epoch=021/030 | batch=01200/05033 | loss=4.363272e-01 | stage_elapsed=00:11:55 | stage_eta=00:38:03 | data_wait=0.64s
2026-09-01 17:56:15 | INFO    | TRAIN | epoch=021/030 | batch=01250/05033 | loss=4.362719e-01 | stage_elapsed=00:12:24 | stage_eta=00:37:33 | data_wait=0.65s
2026-09-01 17:56:46 | INFO    | TRAIN | epoch=021/030 | batch=01300/05033 | loss=4.153044e-01 | stage_elapsed=00:12:55 | stage_eta=00:37:05 | data_wait=0.66s
2026-09-01 17:57:16 | INFO    | TRAIN | epoch=021/030 | batch=01350/05033 | loss=5.149384e-01 | stage_elapsed=00:13:25 | stage_eta=00:36:36 | data_wait=0.68s
2026-09-01 17:57:47 | INFO    | TRAIN | epoch=021/030 | batch=01400/05033 | loss=4.583007e-01 | stage_elapsed=00:13:56 | stage_eta=00:36:08 | data_wait=0.69s
2026-09-01 17:58:16 | INFO    | TRAIN | epoch=021/030 | batch=01450/05033 | loss=4.489604e-01 | stage_elapsed=00:14:25 | stage_eta=00:35:38 | data_wait=0.70s
2026-09-01 17:58:47 | INFO    | TRAIN | epoch=021/030 | batch=01500/05033 | loss=3.810298e-01 | stage_elapsed=00:14:56 | stage_eta=00:35:09 | data_wait=0.71s
2026-09-01 17:59:14 | INFO    | TRAIN | epoch=021/030 | batch=01550/05033 | loss=4.788622e-01 | stage_elapsed=00:15:23 | stage_eta=00:34:34 | data_wait=0.73s
2026-09-01 17:59:44 | INFO    | TRAIN | epoch=021/030 | batch=01600/05033 | loss=4.198052e-01 | stage_elapsed=00:15:53 | stage_eta=00:34:04 | data_wait=0.74s
2026-09-01 18:00:14 | INFO    | TRAIN | epoch=021/030 | batch=01650/05033 | loss=5.051073e-01 | stage_elapsed=00:16:22 | stage_eta=00:33:34 | data_wait=0.76s
2026-09-01 18:00:43 | INFO    | TRAIN | epoch=021/030 | batch=01700/05033 | loss=3.763719e-01 | stage_elapsed=00:16:52 | stage_eta=00:33:05 | data_wait=0.77s
2026-09-01 18:01:14 | INFO    | TRAIN | epoch=021/030 | batch=01750/05033 | loss=4.236514e-01 | stage_elapsed=00:17:23 | stage_eta=00:32:36 | data_wait=0.78s
2026-09-01 18:01:44 | INFO    | TRAIN | epoch=021/030 | batch=01800/05033 | loss=5.228051e-01 | stage_elapsed=00:17:53 | stage_eta=00:32:07 | data_wait=0.79s
2026-09-01 18:02:14 | INFO    | TRAIN | epoch=021/030 | batch=01850/05033 | loss=4.478146e-01 | stage_elapsed=00:18:22 | stage_eta=00:31:37 | data_wait=0.80s
2026-09-01 18:02:42 | INFO    | TRAIN | epoch=021/030 | batch=01900/05033 | loss=3.608105e-01 | stage_elapsed=00:18:51 | stage_eta=00:31:05 | data_wait=0.82s
2026-09-01 18:03:13 | INFO    | TRAIN | epoch=021/030 | batch=01950/05033 | loss=4.514433e-01 | stage_elapsed=00:19:22 | stage_eta=00:30:37 | data_wait=0.83s
2026-09-01 18:03:43 | INFO    | TRAIN | epoch=021/030 | batch=02000/05033 | loss=4.103851e-01 | stage_elapsed=00:19:52 | stage_eta=00:30:08 | data_wait=0.85s
2026-09-01 18:04:12 | INFO    | TRAIN | epoch=021/030 | batch=02050/05033 | loss=3.861350e-01 | stage_elapsed=00:20:21 | stage_eta=00:29:36 | data_wait=0.86s
2026-09-01 18:04:41 | INFO    | TRAIN | epoch=021/030 | batch=02100/05033 | loss=4.288345e-01 | stage_elapsed=00:20:50 | stage_eta=00:29:06 | data_wait=0.88s
2026-09-01 18:05:12 | INFO    | TRAIN | epoch=021/030 | batch=02150/05033 | loss=4.365828e-01 | stage_elapsed=00:21:21 | stage_eta=00:28:37 | data_wait=0.89s
2026-09-01 18:05:42 | INFO    | TRAIN | epoch=021/030 | batch=02200/05033 | loss=4.714864e-01 | stage_elapsed=00:21:51 | stage_eta=00:28:08 | data_wait=0.90s
2026-09-01 18:06:11 | INFO    | TRAIN | epoch=021/030 | batch=02250/05033 | loss=4.576619e-01 | stage_elapsed=00:22:20 | stage_eta=00:27:37 | data_wait=0.92s
2026-09-01 18:06:41 | INFO    | TRAIN | epoch=021/030 | batch=02300/05033 | loss=4.536291e-01 | stage_elapsed=00:22:50 | stage_eta=00:27:08 | data_wait=0.93s
2026-09-01 18:07:12 | INFO    | TRAIN | epoch=021/030 | batch=02350/05033 | loss=4.176618e-01 | stage_elapsed=00:23:21 | stage_eta=00:26:39 | data_wait=0.94s
2026-09-01 18:07:43 | INFO    | TRAIN | epoch=021/030 | batch=02400/05033 | loss=3.644044e-01 | stage_elapsed=00:23:51 | stage_eta=00:26:10 | data_wait=0.95s
2026-09-01 18:08:11 | INFO    | TRAIN | epoch=021/030 | batch=02450/05033 | loss=4.423967e-01 | stage_elapsed=00:24:20 | stage_eta=00:25:40 | data_wait=0.96s
2026-09-01 18:08:41 | INFO    | TRAIN | epoch=021/030 | batch=02500/05033 | loss=4.994823e-01 | stage_elapsed=00:24:50 | stage_eta=00:25:10 | data_wait=0.98s
2026-09-01 18:09:09 | INFO    | TRAIN | epoch=021/030 | batch=02550/05033 | loss=4.862570e-01 | stage_elapsed=00:25:18 | stage_eta=00:24:38 | data_wait=1.00s
2026-09-01 18:09:39 | INFO    | TRAIN | epoch=021/030 | batch=02600/05033 | loss=5.288562e-01 | stage_elapsed=00:25:48 | stage_eta=00:24:09 | data_wait=1.01s
2026-09-01 18:10:10 | INFO    | TRAIN | epoch=021/030 | batch=02650/05033 | loss=4.181224e-01 | stage_elapsed=00:26:19 | stage_eta=00:23:40 | data_wait=1.02s
2026-09-01 18:10:40 | INFO    | TRAIN | epoch=021/030 | batch=02700/05033 | loss=4.185847e-01 | stage_elapsed=00:26:49 | stage_eta=00:23:10 | data_wait=1.03s
2026-09-01 18:11:11 | INFO    | TRAIN | epoch=021/030 | batch=02750/05033 | loss=4.417566e-01 | stage_elapsed=00:27:19 | stage_eta=00:22:41 | data_wait=1.04s
2026-09-01 18:11:41 | INFO    | TRAIN | epoch=021/030 | batch=02800/05033 | loss=3.899199e-01 | stage_elapsed=00:27:50 | stage_eta=00:22:12 | data_wait=1.05s
2026-09-01 18:12:11 | INFO    | TRAIN | epoch=021/030 | batch=02850/05033 | loss=4.801681e-01 | stage_elapsed=00:28:20 | stage_eta=00:21:42 | data_wait=1.07s
2026-09-01 18:12:38 | INFO    | TRAIN | epoch=021/030 | batch=02900/05033 | loss=4.441502e-01 | stage_elapsed=00:28:47 | stage_eta=00:21:11 | data_wait=1.09s
2026-09-01 18:13:08 | INFO    | TRAIN | epoch=021/030 | batch=02950/05033 | loss=4.414527e-01 | stage_elapsed=00:29:17 | stage_eta=00:20:41 | data_wait=1.11s
2026-09-01 18:13:39 | INFO    | TRAIN | epoch=021/030 | batch=03000/05033 | loss=4.641221e-01 | stage_elapsed=00:29:47 | stage_eta=00:20:11 | data_wait=1.12s
2026-09-01 18:14:09 | INFO    | TRAIN | epoch=021/030 | batch=03050/05033 | loss=4.158219e-01 | stage_elapsed=00:30:18 | stage_eta=00:19:42 | data_wait=1.14s
2026-09-01 18:14:40 | INFO    | TRAIN | epoch=021/030 | batch=03100/05033 | loss=4.721557e-01 | stage_elapsed=00:30:49 | stage_eta=00:19:13 | data_wait=1.15s
2026-09-01 18:15:10 | INFO    | TRAIN | epoch=021/030 | batch=03150/05033 | loss=5.478532e-01 | stage_elapsed=00:31:19 | stage_eta=00:18:43 | data_wait=1.16s
2026-09-01 18:15:39 | INFO    | TRAIN | epoch=021/030 | batch=03200/05033 | loss=4.076859e-01 | stage_elapsed=00:31:48 | stage_eta=00:18:13 | data_wait=1.18s
2026-09-01 18:16:09 | INFO    | TRAIN | epoch=021/030 | batch=03250/05033 | loss=4.498756e-01 | stage_elapsed=00:32:17 | stage_eta=00:17:43 | data_wait=1.19s
2026-09-01 18:16:39 | INFO    | TRAIN | epoch=021/030 | batch=03300/05033 | loss=4.445180e-01 | stage_elapsed=00:32:48 | stage_eta=00:17:13 | data_wait=1.20s
2026-09-01 18:17:08 | INFO    | TRAIN | epoch=021/030 | batch=03350/05033 | loss=4.913977e-01 | stage_elapsed=00:33:17 | stage_eta=00:16:43 | data_wait=1.22s
2026-09-01 18:17:38 | INFO    | TRAIN | epoch=021/030 | batch=03400/05033 | loss=5.297315e-01 | stage_elapsed=00:33:47 | stage_eta=00:16:14 | data_wait=1.24s
2026-09-01 18:18:09 | INFO    | TRAIN | epoch=021/030 | batch=03450/05033 | loss=4.460899e-01 | stage_elapsed=00:34:18 | stage_eta=00:15:44 | data_wait=1.25s
2026-09-01 18:18:39 | INFO    | TRAIN | epoch=021/030 | batch=03500/05033 | loss=4.319293e-01 | stage_elapsed=00:34:48 | stage_eta=00:15:14 | data_wait=1.26s
2026-09-01 18:19:08 | INFO    | TRAIN | epoch=021/030 | batch=03550/05033 | loss=5.069314e-01 | stage_elapsed=00:35:16 | stage_eta=00:14:44 | data_wait=1.27s
2026-09-01 18:19:37 | INFO    | TRAIN | epoch=021/030 | batch=03600/05033 | loss=4.914487e-01 | stage_elapsed=00:35:46 | stage_eta=00:14:14 | data_wait=1.28s
2026-09-01 18:20:08 | INFO    | TRAIN | epoch=021/030 | batch=03650/05033 | loss=4.267805e-01 | stage_elapsed=00:36:17 | stage_eta=00:13:45 | data_wait=1.29s
2026-09-01 18:20:39 | INFO    | TRAIN | epoch=021/030 | batch=03700/05033 | loss=4.690702e-01 | stage_elapsed=00:36:48 | stage_eta=00:13:15 | data_wait=1.31s
2026-09-01 18:21:09 | INFO    | TRAIN | epoch=021/030 | batch=03750/05033 | loss=4.460000e-01 | stage_elapsed=00:37:18 | stage_eta=00:12:46 | data_wait=1.32s
2026-09-01 18:21:38 | INFO    | TRAIN | epoch=021/030 | batch=03800/05033 | loss=4.173555e-01 | stage_elapsed=00:37:47 | stage_eta=00:12:16 | data_wait=1.34s
2026-09-01 18:22:06 | INFO    | TRAIN | epoch=021/030 | batch=03850/05033 | loss=5.064734e-01 | stage_elapsed=00:38:15 | stage_eta=00:11:45 | data_wait=1.36s
2026-09-01 18:22:35 | INFO    | TRAIN | epoch=021/030 | batch=03900/05033 | loss=3.764573e-01 | stage_elapsed=00:38:44 | stage_eta=00:11:15 | data_wait=1.37s
2026-09-01 18:23:06 | INFO    | TRAIN | epoch=021/030 | batch=03950/05033 | loss=4.572710e-01 | stage_elapsed=00:39:15 | stage_eta=00:10:46 | data_wait=1.38s
2026-09-01 18:23:37 | INFO    | TRAIN | epoch=021/030 | batch=04000/05033 | loss=4.686317e-01 | stage_elapsed=00:39:46 | stage_eta=00:10:16 | data_wait=1.39s
2026-09-01 18:24:07 | INFO    | TRAIN | epoch=021/030 | batch=04050/05033 | loss=4.071930e-01 | stage_elapsed=00:40:16 | stage_eta=00:09:46 | data_wait=1.41s
2026-09-01 18:24:37 | INFO    | TRAIN | epoch=021/030 | batch=04100/05033 | loss=3.382014e-01 | stage_elapsed=00:40:46 | stage_eta=00:09:17 | data_wait=1.42s
2026-09-01 18:25:07 | INFO    | TRAIN | epoch=021/030 | batch=04150/05033 | loss=4.323900e-01 | stage_elapsed=00:41:16 | stage_eta=00:08:47 | data_wait=1.43s
2026-09-01 18:25:36 | INFO    | TRAIN | epoch=021/030 | batch=04200/05033 | loss=4.692306e-01 | stage_elapsed=00:41:45 | stage_eta=00:08:17 | data_wait=1.45s
2026-09-01 18:26:05 | INFO    | TRAIN | epoch=021/030 | batch=04250/05033 | loss=4.118704e-01 | stage_elapsed=00:42:14 | stage_eta=00:07:47 | data_wait=1.46s
2026-09-01 18:26:36 | INFO    | TRAIN | epoch=021/030 | batch=04300/05033 | loss=3.929084e-01 | stage_elapsed=00:42:45 | stage_eta=00:07:17 | data_wait=1.48s
2026-09-01 18:27:06 | INFO    | TRAIN | epoch=021/030 | batch=04350/05033 | loss=3.696074e-01 | stage_elapsed=00:43:15 | stage_eta=00:06:47 | data_wait=1.49s
2026-09-01 18:27:36 | INFO    | TRAIN | epoch=021/030 | batch=04400/05033 | loss=4.414437e-01 | stage_elapsed=00:43:45 | stage_eta=00:06:18 | data_wait=1.51s
2026-09-01 18:28:07 | INFO    | TRAIN | epoch=021/030 | batch=04450/05033 | loss=4.897390e-01 | stage_elapsed=00:44:16 | stage_eta=00:05:48 | data_wait=1.52s
2026-09-01 18:28:36 | INFO    | TRAIN | epoch=021/030 | batch=04500/05033 | loss=4.364251e-01 | stage_elapsed=00:44:45 | stage_eta=00:05:18 | data_wait=1.53s
2026-09-01 18:29:07 | INFO    | TRAIN | epoch=021/030 | batch=04550/05033 | loss=4.518311e-01 | stage_elapsed=00:45:16 | stage_eta=00:04:48 | data_wait=1.54s
2026-09-01 18:29:37 | INFO    | TRAIN | epoch=021/030 | batch=04600/05033 | loss=5.402455e-01 | stage_elapsed=00:45:46 | stage_eta=00:04:18 | data_wait=1.56s
2026-09-01 18:30:06 | INFO    | TRAIN | epoch=021/030 | batch=04650/05033 | loss=4.786690e-01 | stage_elapsed=00:46:15 | stage_eta=00:03:49 | data_wait=1.57s
2026-09-01 18:30:36 | INFO    | TRAIN | epoch=021/030 | batch=04700/05033 | loss=4.518421e-01 | stage_elapsed=00:46:45 | stage_eta=00:03:19 | data_wait=1.59s
2026-09-01 18:31:06 | INFO    | TRAIN | epoch=021/030 | batch=04750/05033 | loss=4.720200e-01 | stage_elapsed=00:47:15 | stage_eta=00:02:49 | data_wait=1.60s
2026-09-01 18:31:37 | INFO    | TRAIN | epoch=021/030 | batch=04800/05033 | loss=4.496685e-01 | stage_elapsed=00:47:46 | stage_eta=00:02:19 | data_wait=1.61s
2026-09-01 18:32:05 | INFO    | TRAIN | epoch=021/030 | batch=04850/05033 | loss=4.412280e-01 | stage_elapsed=00:48:14 | stage_eta=00:01:49 | data_wait=1.62s
2026-09-01 18:32:35 | INFO    | TRAIN | epoch=021/030 | batch=04900/05033 | loss=4.031579e-01 | stage_elapsed=00:48:44 | stage_eta=00:01:19 | data_wait=1.63s
2026-09-01 18:33:05 | INFO    | TRAIN | epoch=021/030 | batch=04950/05033 | loss=3.616813e-01 | stage_elapsed=00:49:14 | stage_eta=00:00:50 | data_wait=1.65s
2026-09-01 18:33:36 | INFO    | TRAIN | epoch=021/030 | batch=05000/05033 | loss=4.924856e-01 | stage_elapsed=00:49:45 | stage_eta=00:00:20 | data_wait=1.67s
2026-09-01 18:33:57 | INFO    | TRAIN | epoch=021/030 | batch=05033/05033 | loss=3.863084e-01 | stage_elapsed=00:50:06 | stage_eta=00:00:00 | data_wait=1.68s
2026-09-01 18:34:10 | INFO    | VAL | epoch=021/030 | batch=00050/00212 | loss=3.993564e-01 | stage_elapsed=00:00:13 | stage_eta=00:00:43 | data_wait=0.32s
2026-09-01 18:34:24 | INFO    | VAL | epoch=021/030 | batch=00100/00212 | loss=4.864950e-01 | stage_elapsed=00:00:27 | stage_eta=00:00:30 | data_wait=0.35s
2026-09-01 18:34:38 | INFO    | VAL | epoch=021/030 | batch=00150/00212 | loss=4.996906e-01 | stage_elapsed=00:00:41 | stage_eta=00:00:17 | data_wait=0.37s
2026-09-01 18:34:51 | INFO    | VAL | epoch=021/030 | batch=00200/00212 | loss=4.337982e-01 | stage_elapsed=00:00:54 | stage_eta=00:00:03 | data_wait=0.39s
2026-09-01 18:34:54 | INFO    | VAL | epoch=021/030 | batch=00212/00212 | loss=6.350899e-01 | stage_elapsed=00:00:58 | stage_eta=00:00:00 | data_wait=0.39s
2026-09-01 18:34:55 | INFO    | Epoch 021 complete | train=4.428744e-01 | val=4.878061e-01 | best=4.878061e-01 | lr=1.000e-03 | epoch_time=00:51:04 | run_elapsed=18:54:10 | eta=08:06:04 | finish=2026-09-02 02:41:00 CST
2026-09-01 18:35:24 | INFO    | TRAIN | epoch=022/030 | batch=00050/05033 | loss=4.758036e-01 | stage_elapsed=00:00:29 | stage_eta=00:47:42 | data_wait=0.51s
2026-09-01 18:35:55 | INFO    | TRAIN | epoch=022/030 | batch=00100/05033 | loss=3.471744e-01 | stage_elapsed=00:00:59 | stage_eta=00:48:45 | data_wait=0.52s
2026-09-01 18:36:25 | INFO    | TRAIN | epoch=022/030 | batch=00150/05033 | loss=5.671428e-01 | stage_elapsed=00:01:30 | stage_eta=00:48:34 | data_wait=0.53s
2026-09-01 18:36:56 | INFO    | TRAIN | epoch=022/030 | batch=00200/05033 | loss=4.008738e-01 | stage_elapsed=00:02:00 | stage_eta=00:48:22 | data_wait=0.55s
2026-09-01 18:37:26 | INFO    | TRAIN | epoch=022/030 | batch=00250/05033 | loss=4.062746e-01 | stage_elapsed=00:02:30 | stage_eta=00:47:56 | data_wait=0.56s
2026-09-01 18:37:56 | INFO    | TRAIN | epoch=022/030 | batch=00300/05033 | loss=4.646831e-01 | stage_elapsed=00:03:01 | stage_eta=00:47:36 | data_wait=0.57s
2026-09-01 18:38:24 | INFO    | TRAIN | epoch=022/030 | batch=00350/05033 | loss=3.492500e-01 | stage_elapsed=00:03:28 | stage_eta=00:46:27 | data_wait=0.58s
2026-09-01 18:38:54 | INFO    | TRAIN | epoch=022/030 | batch=00400/05033 | loss=5.061409e-01 | stage_elapsed=00:03:58 | stage_eta=00:46:01 | data_wait=0.61s
2026-09-01 18:39:23 | INFO    | TRAIN | epoch=022/030 | batch=00450/05033 | loss=4.783288e-01 | stage_elapsed=00:04:28 | stage_eta=00:45:25 | data_wait=0.63s
2026-09-01 18:39:54 | INFO    | TRAIN | epoch=022/030 | batch=00500/05033 | loss=4.533365e-01 | stage_elapsed=00:04:58 | stage_eta=00:45:02 | data_wait=0.64s
2026-09-01 18:40:24 | INFO    | TRAIN | epoch=022/030 | batch=00550/05033 | loss=3.724237e-01 | stage_elapsed=00:05:28 | stage_eta=00:44:36 | data_wait=0.65s
2026-09-01 18:40:54 | INFO    | TRAIN | epoch=022/030 | batch=00600/05033 | loss=3.870871e-01 | stage_elapsed=00:05:59 | stage_eta=00:44:10 | data_wait=0.66s
2026-09-01 18:41:23 | INFO    | TRAIN | epoch=022/030 | batch=00650/05033 | loss=4.916221e-01 | stage_elapsed=00:06:28 | stage_eta=00:43:34 | data_wait=0.68s
2026-09-01 18:41:52 | INFO    | TRAIN | epoch=022/030 | batch=00700/05033 | loss=3.879303e-01 | stage_elapsed=00:06:57 | stage_eta=00:42:59 | data_wait=0.69s
2026-09-01 18:42:23 | INFO    | TRAIN | epoch=022/030 | batch=00750/05033 | loss=4.303289e-01 | stage_elapsed=00:07:27 | stage_eta=00:42:33 | data_wait=0.70s
2026-09-01 18:42:53 | INFO    | TRAIN | epoch=022/030 | batch=00800/05033 | loss=4.511389e-01 | stage_elapsed=00:07:57 | stage_eta=00:42:05 | data_wait=0.72s
2026-09-01 18:43:23 | INFO    | TRAIN | epoch=022/030 | batch=00850/05033 | loss=4.364826e-01 | stage_elapsed=00:08:27 | stage_eta=00:41:37 | data_wait=0.74s
2026-09-01 18:43:53 | INFO    | TRAIN | epoch=022/030 | batch=00900/05033 | loss=4.596937e-01 | stage_elapsed=00:08:58 | stage_eta=00:41:08 | data_wait=0.75s
2026-09-01 18:44:24 | INFO    | TRAIN | epoch=022/030 | batch=00950/05033 | loss=4.177503e-01 | stage_elapsed=00:09:28 | stage_eta=00:40:42 | data_wait=0.76s
2026-09-01 18:44:52 | INFO    | TRAIN | epoch=022/030 | batch=01000/05033 | loss=4.895975e-01 | stage_elapsed=00:09:56 | stage_eta=00:40:04 | data_wait=0.78s
2026-09-01 18:45:22 | INFO    | TRAIN | epoch=022/030 | batch=01050/05033 | loss=4.179054e-01 | stage_elapsed=00:10:27 | stage_eta=00:39:38 | data_wait=0.79s
2026-09-01 18:45:52 | INFO    | TRAIN | epoch=022/030 | batch=01100/05033 | loss=4.523101e-01 | stage_elapsed=00:10:57 | stage_eta=00:39:08 | data_wait=0.80s
2026-09-01 18:46:23 | INFO    | TRAIN | epoch=022/030 | batch=01150/05033 | loss=3.733760e-01 | stage_elapsed=00:11:28 | stage_eta=00:38:42 | data_wait=0.81s
2026-09-01 18:46:54 | INFO    | TRAIN | epoch=022/030 | batch=01200/05033 | loss=4.312017e-01 | stage_elapsed=00:11:58 | stage_eta=00:38:14 | data_wait=0.83s
2026-09-01 18:47:24 | INFO    | TRAIN | epoch=022/030 | batch=01250/05033 | loss=3.828234e-01 | stage_elapsed=00:12:28 | stage_eta=00:37:45 | data_wait=0.84s
2026-09-01 18:47:52 | INFO    | TRAIN | epoch=022/030 | batch=01300/05033 | loss=4.928801e-01 | stage_elapsed=00:12:56 | stage_eta=00:37:09 | data_wait=0.86s
2026-09-01 18:48:21 | INFO    | TRAIN | epoch=022/030 | batch=01350/05033 | loss=4.029838e-01 | stage_elapsed=00:13:26 | stage_eta=00:36:38 | data_wait=0.87s
2026-09-01 18:48:51 | INFO    | TRAIN | epoch=022/030 | batch=01400/05033 | loss=4.628987e-01 | stage_elapsed=00:13:56 | stage_eta=00:36:08 | data_wait=0.89s
2026-09-01 18:49:21 | INFO    | TRAIN | epoch=022/030 | batch=01450/05033 | loss=4.316460e-01 | stage_elapsed=00:14:26 | stage_eta=00:35:39 | data_wait=0.90s
2026-09-01 18:49:52 | INFO    | TRAIN | epoch=022/030 | batch=01500/05033 | loss=4.184185e-01 | stage_elapsed=00:14:56 | stage_eta=00:35:10 | data_wait=0.92s
2026-09-01 18:50:21 | INFO    | TRAIN | epoch=022/030 | batch=01550/05033 | loss=4.941178e-01 | stage_elapsed=00:15:26 | stage_eta=00:34:41 | data_wait=0.93s
2026-09-01 18:50:52 | INFO    | TRAIN | epoch=022/030 | batch=01600/05033 | loss=4.162916e-01 | stage_elapsed=00:15:57 | stage_eta=00:34:13 | data_wait=0.94s
2026-09-01 18:51:21 | INFO    | TRAIN | epoch=022/030 | batch=01650/05033 | loss=3.869786e-01 | stage_elapsed=00:16:25 | stage_eta=00:33:40 | data_wait=0.95s
2026-09-01 18:51:49 | INFO    | TRAIN | epoch=022/030 | batch=01700/05033 | loss=4.621885e-01 | stage_elapsed=00:16:54 | stage_eta=00:33:08 | data_wait=0.97s
2026-09-01 18:52:19 | INFO    | TRAIN | epoch=022/030 | batch=01750/05033 | loss=4.813208e-01 | stage_elapsed=00:17:24 | stage_eta=00:32:38 | data_wait=0.99s
2026-09-01 18:52:50 | INFO    | TRAIN | epoch=022/030 | batch=01800/05033 | loss=3.903892e-01 | stage_elapsed=00:17:54 | stage_eta=00:32:10 | data_wait=1.00s
2026-09-01 18:53:20 | INFO    | TRAIN | epoch=022/030 | batch=01850/05033 | loss=3.620450e-01 | stage_elapsed=00:18:25 | stage_eta=00:31:41 | data_wait=1.01s
2026-09-01 18:53:51 | INFO    | TRAIN | epoch=022/030 | batch=01900/05033 | loss=5.185798e-01 | stage_elapsed=00:18:55 | stage_eta=00:31:12 | data_wait=1.02s
2026-09-01 18:54:21 | INFO    | TRAIN | epoch=022/030 | batch=01950/05033 | loss=4.210055e-01 | stage_elapsed=00:19:26 | stage_eta=00:30:44 | data_wait=1.03s
2026-09-01 18:54:51 | INFO    | TRAIN | epoch=022/030 | batch=02000/05033 | loss=3.899207e-01 | stage_elapsed=00:19:55 | stage_eta=00:30:13 | data_wait=1.04s
2026-09-01 18:55:21 | INFO    | TRAIN | epoch=022/030 | batch=02050/05033 | loss=3.899026e-01 | stage_elapsed=00:20:26 | stage_eta=00:29:44 | data_wait=1.05s
2026-09-01 18:55:50 | INFO    | TRAIN | epoch=022/030 | batch=02100/05033 | loss=5.456579e-01 | stage_elapsed=00:20:55 | stage_eta=00:29:12 | data_wait=1.07s
2026-09-01 18:56:20 | INFO    | TRAIN | epoch=022/030 | batch=02150/05033 | loss=4.552261e-01 | stage_elapsed=00:21:24 | stage_eta=00:28:42 | data_wait=1.09s
2026-09-01 18:56:50 | INFO    | TRAIN | epoch=022/030 | batch=02200/05033 | loss=4.128254e-01 | stage_elapsed=00:21:55 | stage_eta=00:28:13 | data_wait=1.10s
2026-09-01 18:57:20 | INFO    | TRAIN | epoch=022/030 | batch=02250/05033 | loss=4.122356e-01 | stage_elapsed=00:22:25 | stage_eta=00:27:43 | data_wait=1.12s
2026-09-01 18:57:49 | INFO    | TRAIN | epoch=022/030 | batch=02300/05033 | loss=4.480234e-01 | stage_elapsed=00:22:53 | stage_eta=00:27:12 | data_wait=1.13s
2026-09-01 18:58:19 | INFO    | TRAIN | epoch=022/030 | batch=02350/05033 | loss=4.298998e-01 | stage_elapsed=00:23:24 | stage_eta=00:26:42 | data_wait=1.14s
2026-09-01 18:58:50 | INFO    | TRAIN | epoch=022/030 | batch=02400/05033 | loss=3.851166e-01 | stage_elapsed=00:23:54 | stage_eta=00:26:13 | data_wait=1.15s
2026-09-01 18:59:20 | INFO    | TRAIN | epoch=022/030 | batch=02450/05033 | loss=4.438260e-01 | stage_elapsed=00:24:25 | stage_eta=00:25:44 | data_wait=1.17s
2026-09-01 18:59:50 | INFO    | TRAIN | epoch=022/030 | batch=02500/05033 | loss=4.118098e-01 | stage_elapsed=00:24:55 | stage_eta=00:25:14 | data_wait=1.18s
2026-09-01 19:00:19 | INFO    | TRAIN | epoch=022/030 | batch=02550/05033 | loss=4.530494e-01 | stage_elapsed=00:25:24 | stage_eta=00:24:44 | data_wait=1.20s
2026-09-01 19:00:49 | INFO    | TRAIN | epoch=022/030 | batch=02600/05033 | loss=5.785029e-01 | stage_elapsed=00:25:53 | stage_eta=00:24:14 | data_wait=1.21s
2026-09-01 19:01:17 | INFO    | TRAIN | epoch=022/030 | batch=02650/05033 | loss=5.244862e-01 | stage_elapsed=00:26:22 | stage_eta=00:23:42 | data_wait=1.23s
2026-09-01 19:01:48 | INFO    | TRAIN | epoch=022/030 | batch=02700/05033 | loss=4.453534e-01 | stage_elapsed=00:26:52 | stage_eta=00:23:13 | data_wait=1.24s
2026-09-01 19:02:18 | INFO    | TRAIN | epoch=022/030 | batch=02750/05033 | loss=3.955863e-01 | stage_elapsed=00:27:22 | stage_eta=00:22:44 | data_wait=1.25s
2026-09-01 19:02:49 | INFO    | TRAIN | epoch=022/030 | batch=02800/05033 | loss=4.635824e-01 | stage_elapsed=00:27:54 | stage_eta=00:22:15 | data_wait=1.26s
2026-09-01 19:03:20 | INFO    | TRAIN | epoch=022/030 | batch=02850/05033 | loss=4.478202e-01 | stage_elapsed=00:28:25 | stage_eta=00:21:46 | data_wait=1.28s
2026-09-01 19:03:51 | INFO    | TRAIN | epoch=022/030 | batch=02900/05033 | loss=4.873219e-01 | stage_elapsed=00:28:55 | stage_eta=00:21:16 | data_wait=1.29s
2026-09-01 19:04:19 | INFO    | TRAIN | epoch=022/030 | batch=02950/05033 | loss=4.809361e-01 | stage_elapsed=00:29:24 | stage_eta=00:20:45 | data_wait=1.31s
2026-09-01 19:04:47 | INFO    | TRAIN | epoch=022/030 | batch=03000/05033 | loss=4.082368e-01 | stage_elapsed=00:29:52 | stage_eta=00:20:14 | data_wait=1.33s
2026-09-01 19:05:18 | INFO    | TRAIN | epoch=022/030 | batch=03050/05033 | loss=4.541345e-01 | stage_elapsed=00:30:23 | stage_eta=00:19:45 | data_wait=1.34s
2026-09-01 19:05:49 | INFO    | TRAIN | epoch=022/030 | batch=03100/05033 | loss=4.096462e-01 | stage_elapsed=00:30:53 | stage_eta=00:19:15 | data_wait=1.35s
2026-09-01 19:06:19 | INFO    | TRAIN | epoch=022/030 | batch=03150/05033 | loss=4.332043e-01 | stage_elapsed=00:31:24 | stage_eta=00:18:46 | data_wait=1.36s
2026-09-01 19:06:50 | INFO    | TRAIN | epoch=022/030 | batch=03200/05033 | loss=3.581294e-01 | stage_elapsed=00:31:54 | stage_eta=00:18:16 | data_wait=1.37s
2026-09-01 19:07:20 | INFO    | TRAIN | epoch=022/030 | batch=03250/05033 | loss=4.522132e-01 | stage_elapsed=00:32:25 | stage_eta=00:17:47 | data_wait=1.38s
2026-09-01 19:07:48 | INFO    | TRAIN | epoch=022/030 | batch=03300/05033 | loss=3.592264e-01 | stage_elapsed=00:32:53 | stage_eta=00:17:16 | data_wait=1.39s
2026-09-01 19:08:18 | INFO    | TRAIN | epoch=022/030 | batch=03350/05033 | loss=3.807270e-01 | stage_elapsed=00:33:22 | stage_eta=00:16:46 | data_wait=1.41s
2026-09-01 19:08:47 | INFO    | TRAIN | epoch=022/030 | batch=03400/05033 | loss=5.616827e-01 | stage_elapsed=00:33:52 | stage_eta=00:16:16 | data_wait=1.44s
2026-09-01 19:09:17 | INFO    | TRAIN | epoch=022/030 | batch=03450/05033 | loss=4.194007e-01 | stage_elapsed=00:34:22 | stage_eta=00:15:46 | data_wait=1.45s
2026-09-01 19:09:47 | INFO    | TRAIN | epoch=022/030 | batch=03500/05033 | loss=4.219491e-01 | stage_elapsed=00:34:52 | stage_eta=00:15:16 | data_wait=1.46s
2026-09-01 19:10:18 | INFO    | TRAIN | epoch=022/030 | batch=03550/05033 | loss=4.585910e-01 | stage_elapsed=00:35:22 | stage_eta=00:14:47 | data_wait=1.47s
2026-09-01 19:10:48 | INFO    | TRAIN | epoch=022/030 | batch=03600/05033 | loss=4.912216e-01 | stage_elapsed=00:35:52 | stage_eta=00:14:17 | data_wait=1.48s
2026-09-01 19:11:16 | INFO    | TRAIN | epoch=022/030 | batch=03650/05033 | loss=4.576405e-01 | stage_elapsed=00:36:20 | stage_eta=00:13:46 | data_wait=1.50s
2026-09-01 19:11:46 | INFO    | TRAIN | epoch=022/030 | batch=03700/05033 | loss=4.428223e-01 | stage_elapsed=00:36:51 | stage_eta=00:13:17 | data_wait=1.51s
2026-09-01 19:12:17 | INFO    | TRAIN | epoch=022/030 | batch=03750/05033 | loss=5.127097e-01 | stage_elapsed=00:37:22 | stage_eta=00:12:47 | data_wait=1.52s
2026-09-01 19:12:47 | INFO    | TRAIN | epoch=022/030 | batch=03800/05033 | loss=3.549897e-01 | stage_elapsed=00:37:51 | stage_eta=00:12:17 | data_wait=1.54s
2026-09-01 19:13:16 | INFO    | TRAIN | epoch=022/030 | batch=03850/05033 | loss=4.430593e-01 | stage_elapsed=00:38:21 | stage_eta=00:11:47 | data_wait=1.56s
2026-09-01 19:13:47 | INFO    | TRAIN | epoch=022/030 | batch=03900/05033 | loss=4.078455e-01 | stage_elapsed=00:38:51 | stage_eta=00:11:17 | data_wait=1.57s
2026-09-01 19:14:16 | INFO    | TRAIN | epoch=022/030 | batch=03950/05033 | loss=4.495595e-01 | stage_elapsed=00:39:21 | stage_eta=00:10:47 | data_wait=1.59s
2026-09-01 19:14:46 | INFO    | TRAIN | epoch=022/030 | batch=04000/05033 | loss=4.557204e-01 | stage_elapsed=00:39:50 | stage_eta=00:10:17 | data_wait=1.60s
2026-09-01 19:15:16 | INFO    | TRAIN | epoch=022/030 | batch=04050/05033 | loss=4.593086e-01 | stage_elapsed=00:40:21 | stage_eta=00:09:48 | data_wait=1.61s
2026-09-01 19:15:46 | INFO    | TRAIN | epoch=022/030 | batch=04100/05033 | loss=4.912488e-01 | stage_elapsed=00:40:51 | stage_eta=00:09:18 | data_wait=1.62s
2026-09-01 19:16:17 | INFO    | TRAIN | epoch=022/030 | batch=04150/05033 | loss=3.695079e-01 | stage_elapsed=00:41:21 | stage_eta=00:08:48 | data_wait=1.63s
2026-09-01 19:16:47 | INFO    | TRAIN | epoch=022/030 | batch=04200/05033 | loss=4.362381e-01 | stage_elapsed=00:41:52 | stage_eta=00:08:18 | data_wait=1.65s
2026-09-01 19:17:17 | INFO    | TRAIN | epoch=022/030 | batch=04250/05033 | loss=4.187931e-01 | stage_elapsed=00:42:22 | stage_eta=00:07:48 | data_wait=1.66s
2026-09-01 19:17:45 | INFO    | TRAIN | epoch=022/030 | batch=04300/05033 | loss=4.086658e-01 | stage_elapsed=00:42:50 | stage_eta=00:07:18 | data_wait=1.68s
2026-09-01 19:18:15 | INFO    | TRAIN | epoch=022/030 | batch=04350/05033 | loss=4.645034e-01 | stage_elapsed=00:43:20 | stage_eta=00:06:48 | data_wait=1.69s
2026-09-01 19:18:46 | INFO    | TRAIN | epoch=022/030 | batch=04400/05033 | loss=4.806207e-01 | stage_elapsed=00:43:50 | stage_eta=00:06:18 | data_wait=1.70s
2026-09-01 19:19:16 | INFO    | TRAIN | epoch=022/030 | batch=04450/05033 | loss=4.805089e-01 | stage_elapsed=00:44:20 | stage_eta=00:05:49 | data_wait=1.71s
2026-09-01 19:19:46 | INFO    | TRAIN | epoch=022/030 | batch=04500/05033 | loss=4.082506e-01 | stage_elapsed=00:44:50 | stage_eta=00:05:19 | data_wait=1.73s
2026-09-01 19:20:16 | INFO    | TRAIN | epoch=022/030 | batch=04550/05033 | loss=4.796805e-01 | stage_elapsed=00:45:21 | stage_eta=00:04:49 | data_wait=1.73s
2026-09-01 19:20:45 | INFO    | TRAIN | epoch=022/030 | batch=04600/05033 | loss=4.338925e-01 | stage_elapsed=00:45:50 | stage_eta=00:04:19 | data_wait=1.75s
2026-09-01 19:21:14 | INFO    | TRAIN | epoch=022/030 | batch=04650/05033 | loss=4.597241e-01 | stage_elapsed=00:46:19 | stage_eta=00:03:49 | data_wait=1.76s
2026-09-01 19:21:44 | INFO    | TRAIN | epoch=022/030 | batch=04700/05033 | loss=3.553215e-01 | stage_elapsed=00:46:49 | stage_eta=00:03:19 | data_wait=1.78s
2026-09-01 19:22:14 | INFO    | TRAIN | epoch=022/030 | batch=04750/05033 | loss=3.693995e-01 | stage_elapsed=00:47:19 | stage_eta=00:02:49 | data_wait=1.80s
2026-09-01 19:22:44 | INFO    | TRAIN | epoch=022/030 | batch=04800/05033 | loss=4.272830e-01 | stage_elapsed=00:47:49 | stage_eta=00:02:19 | data_wait=1.81s
2026-09-01 19:23:15 | INFO    | TRAIN | epoch=022/030 | batch=04850/05033 | loss=5.116864e-01 | stage_elapsed=00:48:20 | stage_eta=00:01:49 | data_wait=1.82s
2026-09-01 19:23:45 | INFO    | TRAIN | epoch=022/030 | batch=04900/05033 | loss=3.928366e-01 | stage_elapsed=00:48:50 | stage_eta=00:01:20 | data_wait=1.83s
2026-09-01 19:24:14 | INFO    | TRAIN | epoch=022/030 | batch=04950/05033 | loss=4.600196e-01 | stage_elapsed=00:49:19 | stage_eta=00:00:50 | data_wait=1.85s
2026-09-01 19:24:44 | INFO    | TRAIN | epoch=022/030 | batch=05000/05033 | loss=4.380036e-01 | stage_elapsed=00:49:49 | stage_eta=00:00:20 | data_wait=1.86s
2026-09-01 19:25:04 | INFO    | TRAIN | epoch=022/030 | batch=05033/05033 | loss=4.258470e-01 | stage_elapsed=00:50:09 | stage_eta=00:00:00 | data_wait=1.87s
2026-09-01 19:25:19 | INFO    | VAL | epoch=022/030 | batch=00050/00212 | loss=4.108564e-01 | stage_elapsed=00:00:14 | stage_eta=00:00:46 | data_wait=0.32s
2026-09-01 19:25:33 | INFO    | VAL | epoch=022/030 | batch=00100/00212 | loss=4.975010e-01 | stage_elapsed=00:00:29 | stage_eta=00:00:32 | data_wait=0.33s
2026-09-01 19:25:47 | INFO    | VAL | epoch=022/030 | batch=00150/00212 | loss=5.082697e-01 | stage_elapsed=00:00:43 | stage_eta=00:00:18 | data_wait=0.34s
2026-09-01 19:26:01 | INFO    | VAL | epoch=022/030 | batch=00200/00212 | loss=4.259311e-01 | stage_elapsed=00:00:57 | stage_eta=00:00:03 | data_wait=0.35s
2026-09-01 19:26:04 | INFO    | VAL | epoch=022/030 | batch=00212/00212 | loss=6.349613e-01 | stage_elapsed=00:01:00 | stage_eta=00:00:00 | data_wait=0.35s
2026-09-01 19:26:04 | INFO    | Epoch 022 complete | train=4.348619e-01 | val=4.901123e-01 | best=4.878061e-01 | lr=1.000e-03 | epoch_time=00:51:09 | run_elapsed=19:45:19 | eta=07:11:02 | finish=2026-09-02 02:37:06 CST
2026-09-01 19:26:35 | INFO    | TRAIN | epoch=023/030 | batch=00050/05033 | loss=5.049567e-01 | stage_elapsed=00:00:30 | stage_eta=00:50:12 | data_wait=0.41s
2026-09-01 19:27:04 | INFO    | TRAIN | epoch=023/030 | batch=00100/05033 | loss=3.871875e-01 | stage_elapsed=00:01:00 | stage_eta=00:49:11 | data_wait=0.42s
2026-09-01 19:27:34 | INFO    | TRAIN | epoch=023/030 | batch=00150/05033 | loss=4.061151e-01 | stage_elapsed=00:01:29 | stage_eta=00:48:25 | data_wait=0.43s
2026-09-01 19:28:03 | INFO    | TRAIN | epoch=023/030 | batch=00200/05033 | loss=4.556626e-01 | stage_elapsed=00:01:59 | stage_eta=00:47:51 | data_wait=0.44s
2026-09-01 19:28:34 | INFO    | TRAIN | epoch=023/030 | batch=00250/05033 | loss=4.812871e-01 | stage_elapsed=00:02:29 | stage_eta=00:47:37 | data_wait=0.45s
2026-09-01 19:29:04 | INFO    | TRAIN | epoch=023/030 | batch=00300/05033 | loss=3.736235e-01 | stage_elapsed=00:03:00 | stage_eta=00:47:16 | data_wait=0.46s
2026-09-01 19:29:34 | INFO    | TRAIN | epoch=023/030 | batch=00350/05033 | loss=4.195748e-01 | stage_elapsed=00:03:29 | stage_eta=00:46:42 | data_wait=0.47s
2026-09-01 19:30:04 | INFO    | TRAIN | epoch=023/030 | batch=00400/05033 | loss=4.865816e-01 | stage_elapsed=00:04:00 | stage_eta=00:46:19 | data_wait=0.48s
2026-09-01 19:30:35 | INFO    | TRAIN | epoch=023/030 | batch=00450/05033 | loss=3.819317e-01 | stage_elapsed=00:04:30 | stage_eta=00:45:53 | data_wait=0.49s
2026-09-01 19:31:04 | INFO    | TRAIN | epoch=023/030 | batch=00500/05033 | loss=4.519502e-01 | stage_elapsed=00:04:59 | stage_eta=00:45:13 | data_wait=0.51s
2026-09-01 19:31:31 | INFO    | TRAIN | epoch=023/030 | batch=00550/05033 | loss=4.342213e-01 | stage_elapsed=00:05:27 | stage_eta=00:44:25 | data_wait=0.53s
2026-09-01 19:32:02 | INFO    | TRAIN | epoch=023/030 | batch=00600/05033 | loss=4.101956e-01 | stage_elapsed=00:05:58 | stage_eta=00:44:04 | data_wait=0.54s
2026-09-01 19:32:33 | INFO    | TRAIN | epoch=023/030 | batch=00650/05033 | loss=4.235306e-01 | stage_elapsed=00:06:28 | stage_eta=00:43:38 | data_wait=0.55s
2026-09-01 19:33:03 | INFO    | TRAIN | epoch=023/030 | batch=00700/05033 | loss=4.592763e-01 | stage_elapsed=00:06:59 | stage_eta=00:43:12 | data_wait=0.56s
2026-09-01 19:33:33 | INFO    | TRAIN | epoch=023/030 | batch=00750/05033 | loss=4.577073e-01 | stage_elapsed=00:07:29 | stage_eta=00:42:43 | data_wait=0.57s
2026-09-01 19:34:04 | INFO    | TRAIN | epoch=023/030 | batch=00800/05033 | loss=4.427868e-01 | stage_elapsed=00:07:59 | stage_eta=00:42:15 | data_wait=0.58s
2026-09-01 19:34:33 | INFO    | TRAIN | epoch=023/030 | batch=00850/05033 | loss=3.676432e-01 | stage_elapsed=00:08:29 | stage_eta=00:41:43 | data_wait=0.59s
2026-09-01 19:35:03 | INFO    | TRAIN | epoch=023/030 | batch=00900/05033 | loss=3.254031e-01 | stage_elapsed=00:08:59 | stage_eta=00:41:13 | data_wait=0.60s
2026-09-01 19:35:33 | INFO    | TRAIN | epoch=023/030 | batch=00950/05033 | loss=3.789332e-01 | stage_elapsed=00:09:29 | stage_eta=00:40:44 | data_wait=0.62s
2026-09-01 19:36:01 | INFO    | TRAIN | epoch=023/030 | batch=01000/05033 | loss=3.638759e-01 | stage_elapsed=00:09:57 | stage_eta=00:40:07 | data_wait=0.63s
2026-09-01 19:36:31 | INFO    | TRAIN | epoch=023/030 | batch=01050/05033 | loss=4.435225e-01 | stage_elapsed=00:10:27 | stage_eta=00:39:38 | data_wait=0.65s
2026-09-01 19:37:02 | INFO    | TRAIN | epoch=023/030 | batch=01100/05033 | loss=4.132183e-01 | stage_elapsed=00:10:57 | stage_eta=00:39:09 | data_wait=0.66s
2026-09-01 19:37:32 | INFO    | TRAIN | epoch=023/030 | batch=01150/05033 | loss=3.500371e-01 | stage_elapsed=00:11:27 | stage_eta=00:38:41 | data_wait=0.67s
2026-09-01 19:38:02 | INFO    | TRAIN | epoch=023/030 | batch=01200/05033 | loss=4.370636e-01 | stage_elapsed=00:11:58 | stage_eta=00:38:13 | data_wait=0.68s
2026-09-01 19:38:31 | INFO    | TRAIN | epoch=023/030 | batch=01250/05033 | loss=4.277673e-01 | stage_elapsed=00:12:27 | stage_eta=00:37:40 | data_wait=0.70s
2026-09-01 19:39:02 | INFO    | TRAIN | epoch=023/030 | batch=01300/05033 | loss=4.200301e-01 | stage_elapsed=00:12:57 | stage_eta=00:37:12 | data_wait=0.71s
2026-09-01 19:39:32 | INFO    | TRAIN | epoch=023/030 | batch=01350/05033 | loss=4.507620e-01 | stage_elapsed=00:13:27 | stage_eta=00:36:43 | data_wait=0.72s
2026-09-01 19:40:02 | INFO    | TRAIN | epoch=023/030 | batch=01400/05033 | loss=3.546661e-01 | stage_elapsed=00:13:57 | stage_eta=00:36:13 | data_wait=0.73s
2026-09-01 19:40:32 | INFO    | TRAIN | epoch=023/030 | batch=01450/05033 | loss=4.410760e-01 | stage_elapsed=00:14:28 | stage_eta=00:35:44 | data_wait=0.74s
2026-09-01 19:40:59 | INFO    | TRAIN | epoch=023/030 | batch=01500/05033 | loss=3.795963e-01 | stage_elapsed=00:14:55 | stage_eta=00:35:08 | data_wait=0.76s
2026-09-01 19:41:28 | INFO    | TRAIN | epoch=023/030 | batch=01550/05033 | loss=4.036844e-01 | stage_elapsed=00:15:24 | stage_eta=00:34:36 | data_wait=0.77s
2026-09-01 19:41:56 | INFO    | TRAIN | epoch=023/030 | batch=01600/05033 | loss=4.133285e-01 | stage_elapsed=00:15:52 | stage_eta=00:34:02 | data_wait=0.79s
2026-09-01 19:42:26 | INFO    | TRAIN | epoch=023/030 | batch=01650/05033 | loss=4.646567e-01 | stage_elapsed=00:16:21 | stage_eta=00:33:32 | data_wait=0.80s
2026-09-01 19:42:56 | INFO    | TRAIN | epoch=023/030 | batch=01700/05033 | loss=3.862769e-01 | stage_elapsed=00:16:52 | stage_eta=00:33:03 | data_wait=0.81s
2026-09-01 19:43:25 | INFO    | TRAIN | epoch=023/030 | batch=01750/05033 | loss=3.588049e-01 | stage_elapsed=00:17:21 | stage_eta=00:32:32 | data_wait=0.82s
2026-09-01 19:43:55 | INFO    | TRAIN | epoch=023/030 | batch=01800/05033 | loss=3.678898e-01 | stage_elapsed=00:17:51 | stage_eta=00:32:03 | data_wait=0.83s
2026-09-01 19:44:26 | INFO    | TRAIN | epoch=023/030 | batch=01850/05033 | loss=4.484642e-01 | stage_elapsed=00:18:21 | stage_eta=00:31:35 | data_wait=0.84s
2026-09-01 19:44:54 | INFO    | TRAIN | epoch=023/030 | batch=01900/05033 | loss=4.908123e-01 | stage_elapsed=00:18:49 | stage_eta=00:31:02 | data_wait=0.86s
2026-09-01 19:45:23 | INFO    | TRAIN | epoch=023/030 | batch=01950/05033 | loss=4.612989e-01 | stage_elapsed=00:19:18 | stage_eta=00:30:31 | data_wait=0.87s
2026-09-01 19:45:48 | INFO    | TRAIN | epoch=023/030 | batch=02000/05033 | loss=3.791348e-01 | stage_elapsed=00:19:44 | stage_eta=00:29:55 | data_wait=0.89s
2026-09-01 19:46:13 | INFO    | TRAIN | epoch=023/030 | batch=02050/05033 | loss=4.739834e-01 | stage_elapsed=00:20:09 | stage_eta=00:29:19 | data_wait=0.91s
2026-09-01 19:46:41 | INFO    | TRAIN | epoch=023/030 | batch=02100/05033 | loss=4.951125e-01 | stage_elapsed=00:20:36 | stage_eta=00:28:47 | data_wait=0.93s
2026-09-01 19:47:08 | INFO    | TRAIN | epoch=023/030 | batch=02150/05033 | loss=4.102204e-01 | stage_elapsed=00:21:03 | stage_eta=00:28:14 | data_wait=0.95s
2026-09-01 19:47:33 | INFO    | TRAIN | epoch=023/030 | batch=02200/05033 | loss=4.559190e-01 | stage_elapsed=00:21:29 | stage_eta=00:27:40 | data_wait=0.97s
2026-09-01 19:48:00 | INFO    | TRAIN | epoch=023/030 | batch=02250/05033 | loss=4.585074e-01 | stage_elapsed=00:21:56 | stage_eta=00:27:07 | data_wait=0.99s
2026-09-01 19:48:27 | INFO    | TRAIN | epoch=023/030 | batch=02300/05033 | loss=3.801723e-01 | stage_elapsed=00:22:23 | stage_eta=00:26:35 | data_wait=1.01s
2026-09-01 19:48:54 | INFO    | TRAIN | epoch=023/030 | batch=02350/05033 | loss=4.735251e-01 | stage_elapsed=00:22:50 | stage_eta=00:26:04 | data_wait=1.03s
2026-09-01 19:49:25 | INFO    | TRAIN | epoch=023/030 | batch=02400/05033 | loss=4.406377e-01 | stage_elapsed=00:23:21 | stage_eta=00:25:37 | data_wait=1.03s
2026-09-01 19:49:55 | INFO    | TRAIN | epoch=023/030 | batch=02450/05033 | loss=3.498178e-01 | stage_elapsed=00:23:50 | stage_eta=00:25:08 | data_wait=1.05s
2026-09-01 19:50:22 | INFO    | TRAIN | epoch=023/030 | batch=02500/05033 | loss=4.623924e-01 | stage_elapsed=00:24:17 | stage_eta=00:24:37 | data_wait=1.07s
2026-09-01 19:50:48 | INFO    | TRAIN | epoch=023/030 | batch=02550/05033 | loss=3.714108e-01 | stage_elapsed=00:24:44 | stage_eta=00:24:05 | data_wait=1.09s
2026-09-01 19:51:15 | INFO    | TRAIN | epoch=023/030 | batch=02600/05033 | loss=4.436136e-01 | stage_elapsed=00:25:10 | stage_eta=00:23:33 | data_wait=1.11s
2026-09-01 19:51:40 | INFO    | TRAIN | epoch=023/030 | batch=02650/05033 | loss=3.342174e-01 | stage_elapsed=00:25:36 | stage_eta=00:23:01 | data_wait=1.13s
2026-09-01 19:52:07 | INFO    | TRAIN | epoch=023/030 | batch=02700/05033 | loss=4.906257e-01 | stage_elapsed=00:26:02 | stage_eta=00:22:30 | data_wait=1.15s
2026-09-01 19:52:33 | INFO    | TRAIN | epoch=023/030 | batch=02750/05033 | loss=3.994845e-01 | stage_elapsed=00:26:29 | stage_eta=00:21:59 | data_wait=1.19s
2026-09-01 19:53:00 | INFO    | TRAIN | epoch=023/030 | batch=02800/05033 | loss=4.372872e-01 | stage_elapsed=00:26:55 | stage_eta=00:21:28 | data_wait=1.20s
2026-09-01 19:53:27 | INFO    | TRAIN | epoch=023/030 | batch=02850/05033 | loss=4.490093e-01 | stage_elapsed=00:27:23 | stage_eta=00:20:58 | data_wait=1.23s
2026-09-01 19:53:54 | INFO    | TRAIN | epoch=023/030 | batch=02900/05033 | loss=4.817219e-01 | stage_elapsed=00:27:50 | stage_eta=00:20:28 | data_wait=1.25s
2026-09-01 19:54:21 | INFO    | TRAIN | epoch=023/030 | batch=02950/05033 | loss=4.252955e-01 | stage_elapsed=00:28:17 | stage_eta=00:19:58 | data_wait=1.27s
2026-09-01 19:54:48 | INFO    | TRAIN | epoch=023/030 | batch=03000/05033 | loss=4.253478e-01 | stage_elapsed=00:28:44 | stage_eta=00:19:28 | data_wait=1.30s
2026-09-01 19:55:15 | INFO    | TRAIN | epoch=023/030 | batch=03050/05033 | loss=3.670351e-01 | stage_elapsed=00:29:11 | stage_eta=00:18:58 | data_wait=1.32s
2026-09-01 19:55:43 | INFO    | TRAIN | epoch=023/030 | batch=03100/05033 | loss=4.261971e-01 | stage_elapsed=00:29:38 | stage_eta=00:18:29 | data_wait=1.33s
2026-09-01 19:56:10 | INFO    | TRAIN | epoch=023/030 | batch=03150/05033 | loss=4.906807e-01 | stage_elapsed=00:30:05 | stage_eta=00:17:59 | data_wait=1.35s
2026-09-01 19:56:36 | INFO    | TRAIN | epoch=023/030 | batch=03200/05033 | loss=3.738121e-01 | stage_elapsed=00:30:32 | stage_eta=00:17:29 | data_wait=1.38s
2026-09-01 19:57:03 | INFO    | TRAIN | epoch=023/030 | batch=03250/05033 | loss=4.655357e-01 | stage_elapsed=00:30:59 | stage_eta=00:17:00 | data_wait=1.40s
2026-09-01 19:57:31 | INFO    | TRAIN | epoch=023/030 | batch=03300/05033 | loss=5.153579e-01 | stage_elapsed=00:31:26 | stage_eta=00:16:31 | data_wait=1.43s
2026-09-01 19:57:57 | INFO    | TRAIN | epoch=023/030 | batch=03350/05033 | loss=4.272566e-01 | stage_elapsed=00:31:53 | stage_eta=00:16:01 | data_wait=1.45s
2026-09-01 19:58:24 | INFO    | TRAIN | epoch=023/030 | batch=03400/05033 | loss=4.379535e-01 | stage_elapsed=00:32:20 | stage_eta=00:15:32 | data_wait=1.46s
2026-09-01 19:58:51 | INFO    | TRAIN | epoch=023/030 | batch=03450/05033 | loss=3.661572e-01 | stage_elapsed=00:32:47 | stage_eta=00:15:02 | data_wait=1.49s
2026-09-01 19:59:18 | INFO    | TRAIN | epoch=023/030 | batch=03500/05033 | loss=4.278846e-01 | stage_elapsed=00:33:14 | stage_eta=00:14:33 | data_wait=1.50s
2026-09-01 19:59:45 | INFO    | TRAIN | epoch=023/030 | batch=03550/05033 | loss=4.264761e-01 | stage_elapsed=00:33:41 | stage_eta=00:14:04 | data_wait=1.52s
2026-09-01 20:00:12 | INFO    | TRAIN | epoch=023/030 | batch=03600/05033 | loss=4.205486e-01 | stage_elapsed=00:34:08 | stage_eta=00:13:35 | data_wait=1.53s
2026-09-01 20:00:40 | INFO    | TRAIN | epoch=023/030 | batch=03650/05033 | loss=4.639552e-01 | stage_elapsed=00:34:35 | stage_eta=00:13:06 | data_wait=1.56s
2026-09-01 20:01:07 | INFO    | TRAIN | epoch=023/030 | batch=03700/05033 | loss=4.726831e-01 | stage_elapsed=00:35:03 | stage_eta=00:12:37 | data_wait=1.58s
2026-09-01 20:01:34 | INFO    | TRAIN | epoch=023/030 | batch=03750/05033 | loss=4.195747e-01 | stage_elapsed=00:35:30 | stage_eta=00:12:09 | data_wait=1.60s
2026-09-01 20:02:01 | INFO    | TRAIN | epoch=023/030 | batch=03800/05033 | loss=4.984085e-01 | stage_elapsed=00:35:57 | stage_eta=00:11:40 | data_wait=1.61s
2026-09-01 20:02:31 | INFO    | TRAIN | epoch=023/030 | batch=03850/05033 | loss=4.094419e-01 | stage_elapsed=00:36:27 | stage_eta=00:11:12 | data_wait=1.62s
2026-09-01 20:03:01 | INFO    | TRAIN | epoch=023/030 | batch=03900/05033 | loss=4.324232e-01 | stage_elapsed=00:36:56 | stage_eta=00:10:44 | data_wait=1.63s
2026-09-01 20:03:29 | INFO    | TRAIN | epoch=023/030 | batch=03950/05033 | loss=4.293805e-01 | stage_elapsed=00:37:25 | stage_eta=00:10:15 | data_wait=1.64s
2026-09-01 20:03:59 | INFO    | TRAIN | epoch=023/030 | batch=04000/05033 | loss=4.653845e-01 | stage_elapsed=00:37:55 | stage_eta=00:09:47 | data_wait=1.65s
2026-09-01 20:04:28 | INFO    | TRAIN | epoch=023/030 | batch=04050/05033 | loss=4.440593e-01 | stage_elapsed=00:38:24 | stage_eta=00:09:19 | data_wait=1.67s
2026-09-01 20:04:57 | INFO    | TRAIN | epoch=023/030 | batch=04100/05033 | loss=4.146999e-01 | stage_elapsed=00:38:52 | stage_eta=00:08:51 | data_wait=1.69s
2026-09-01 20:05:23 | INFO    | TRAIN | epoch=023/030 | batch=04150/05033 | loss=4.631280e-01 | stage_elapsed=00:39:19 | stage_eta=00:08:22 | data_wait=1.70s
2026-09-01 20:05:51 | INFO    | TRAIN | epoch=023/030 | batch=04200/05033 | loss=4.107796e-01 | stage_elapsed=00:39:46 | stage_eta=00:07:53 | data_wait=1.72s
2026-09-01 20:06:18 | INFO    | TRAIN | epoch=023/030 | batch=04250/05033 | loss=4.589053e-01 | stage_elapsed=00:40:13 | stage_eta=00:07:25 | data_wait=1.74s
2026-09-01 20:06:44 | INFO    | TRAIN | epoch=023/030 | batch=04300/05033 | loss=4.742773e-01 | stage_elapsed=00:40:40 | stage_eta=00:06:56 | data_wait=1.77s
2026-09-01 20:07:11 | INFO    | TRAIN | epoch=023/030 | batch=04350/05033 | loss=4.563001e-01 | stage_elapsed=00:41:07 | stage_eta=00:06:27 | data_wait=1.79s
2026-09-01 20:07:38 | INFO    | TRAIN | epoch=023/030 | batch=04400/05033 | loss=4.473615e-01 | stage_elapsed=00:41:33 | stage_eta=00:05:59 | data_wait=1.81s
2026-09-01 20:08:04 | INFO    | TRAIN | epoch=023/030 | batch=04450/05033 | loss=4.976091e-01 | stage_elapsed=00:42:00 | stage_eta=00:05:30 | data_wait=1.82s
2026-09-01 20:08:30 | INFO    | TRAIN | epoch=023/030 | batch=04500/05033 | loss=4.546064e-01 | stage_elapsed=00:42:26 | stage_eta=00:05:02 | data_wait=1.85s
2026-09-01 20:08:57 | INFO    | TRAIN | epoch=023/030 | batch=04550/05033 | loss=4.525830e-01 | stage_elapsed=00:42:53 | stage_eta=00:04:33 | data_wait=1.86s
2026-09-01 20:09:27 | INFO    | TRAIN | epoch=023/030 | batch=04600/05033 | loss=3.687320e-01 | stage_elapsed=00:43:23 | stage_eta=00:04:05 | data_wait=1.88s
2026-09-01 20:09:57 | INFO    | TRAIN | epoch=023/030 | batch=04650/05033 | loss=4.688033e-01 | stage_elapsed=00:43:53 | stage_eta=00:03:37 | data_wait=1.89s
2026-09-01 20:10:27 | INFO    | TRAIN | epoch=023/030 | batch=04700/05033 | loss=4.091488e-01 | stage_elapsed=00:44:23 | stage_eta=00:03:09 | data_wait=1.90s
2026-09-01 20:10:58 | INFO    | TRAIN | epoch=023/030 | batch=04750/05033 | loss=3.930567e-01 | stage_elapsed=00:44:53 | stage_eta=00:02:40 | data_wait=1.91s
2026-09-01 20:11:27 | INFO    | TRAIN | epoch=023/030 | batch=04800/05033 | loss=4.432355e-01 | stage_elapsed=00:45:22 | stage_eta=00:02:12 | data_wait=1.92s
2026-09-01 20:11:56 | INFO    | TRAIN | epoch=023/030 | batch=04850/05033 | loss=5.335677e-01 | stage_elapsed=00:45:52 | stage_eta=00:01:44 | data_wait=1.94s
2026-09-01 20:12:24 | INFO    | TRAIN | epoch=023/030 | batch=04900/05033 | loss=4.507691e-01 | stage_elapsed=00:46:20 | stage_eta=00:01:15 | data_wait=1.96s
2026-09-01 20:12:50 | INFO    | TRAIN | epoch=023/030 | batch=04950/05033 | loss=3.875996e-01 | stage_elapsed=00:46:46 | stage_eta=00:00:47 | data_wait=1.98s
2026-09-01 20:13:16 | INFO    | TRAIN | epoch=023/030 | batch=05000/05033 | loss=4.840764e-01 | stage_elapsed=00:47:12 | stage_eta=00:00:19 | data_wait=2.00s
2026-09-01 20:13:34 | INFO    | TRAIN | epoch=023/030 | batch=05033/05033 | loss=4.205861e-01 | stage_elapsed=00:47:30 | stage_eta=00:00:00 | data_wait=2.02s
2026-09-01 20:13:47 | INFO    | VAL | epoch=023/030 | batch=00050/00212 | loss=4.227159e-01 | stage_elapsed=00:00:13 | stage_eta=00:00:42 | data_wait=0.48s
2026-09-01 20:14:00 | INFO    | VAL | epoch=023/030 | batch=00100/00212 | loss=5.102835e-01 | stage_elapsed=00:00:25 | stage_eta=00:00:28 | data_wait=0.50s
2026-09-01 20:14:13 | INFO    | VAL | epoch=023/030 | batch=00150/00212 | loss=5.336473e-01 | stage_elapsed=00:00:38 | stage_eta=00:00:16 | data_wait=0.52s
2026-09-01 20:14:25 | INFO    | VAL | epoch=023/030 | batch=00200/00212 | loss=4.752818e-01 | stage_elapsed=00:00:50 | stage_eta=00:00:03 | data_wait=0.53s
2026-09-01 20:14:28 | INFO    | VAL | epoch=023/030 | batch=00212/00212 | loss=6.392013e-01 | stage_elapsed=00:00:53 | stage_eta=00:00:00 | data_wait=0.53s
2026-09-01 20:14:28 | INFO    | Epoch 023 complete | train=4.276478e-01 | val=5.098775e-01 | best=4.878061e-01 | lr=1.000e-03 | epoch_time=00:48:24 | run_elapsed=20:33:43 | eta=06:15:29 | finish=2026-09-02 02:29:57 CST
2026-09-01 20:14:56 | INFO    | TRAIN | epoch=024/030 | batch=00050/05033 | loss=4.541919e-01 | stage_elapsed=00:00:28 | stage_eta=00:46:00 | data_wait=0.47s
2026-09-01 20:15:23 | INFO    | TRAIN | epoch=024/030 | batch=00100/05033 | loss=4.009347e-01 | stage_elapsed=00:00:55 | stage_eta=00:45:09 | data_wait=0.50s
2026-09-01 20:15:50 | INFO    | TRAIN | epoch=024/030 | batch=00150/05033 | loss=3.955361e-01 | stage_elapsed=00:01:21 | stage_eta=00:44:03 | data_wait=0.52s
2026-09-01 20:16:17 | INFO    | TRAIN | epoch=024/030 | batch=00200/05033 | loss=4.584854e-01 | stage_elapsed=00:01:49 | stage_eta=00:43:49 | data_wait=0.54s
2026-09-01 20:16:43 | INFO    | TRAIN | epoch=024/030 | batch=00250/05033 | loss=3.973320e-01 | stage_elapsed=00:02:15 | stage_eta=00:43:01 | data_wait=0.55s
2026-09-01 20:17:10 | INFO    | TRAIN | epoch=024/030 | batch=00300/05033 | loss=4.623921e-01 | stage_elapsed=00:02:41 | stage_eta=00:42:25 | data_wait=0.57s
2026-09-01 20:17:37 | INFO    | TRAIN | epoch=024/030 | batch=00350/05033 | loss=3.458486e-01 | stage_elapsed=00:03:08 | stage_eta=00:41:58 | data_wait=0.60s
2026-09-01 20:18:04 | INFO    | TRAIN | epoch=024/030 | batch=00400/05033 | loss=4.330773e-01 | stage_elapsed=00:03:36 | stage_eta=00:41:39 | data_wait=0.62s
2026-09-01 20:18:30 | INFO    | TRAIN | epoch=024/030 | batch=00450/05033 | loss=3.367211e-01 | stage_elapsed=00:04:02 | stage_eta=00:41:03 | data_wait=0.64s
2026-09-01 20:18:56 | INFO    | TRAIN | epoch=024/030 | batch=00500/05033 | loss=4.166684e-01 | stage_elapsed=00:04:28 | stage_eta=00:40:30 | data_wait=0.65s
2026-09-01 20:19:22 | INFO    | TRAIN | epoch=024/030 | batch=00550/05033 | loss=4.366291e-01 | stage_elapsed=00:04:54 | stage_eta=00:39:56 | data_wait=0.67s
2026-09-01 20:19:50 | INFO    | TRAIN | epoch=024/030 | batch=00600/05033 | loss=4.490560e-01 | stage_elapsed=00:05:21 | stage_eta=00:39:32 | data_wait=0.69s
2026-09-01 20:20:18 | INFO    | TRAIN | epoch=024/030 | batch=00650/05033 | loss=5.452074e-01 | stage_elapsed=00:05:49 | stage_eta=00:39:15 | data_wait=0.71s
2026-09-01 20:20:48 | INFO    | TRAIN | epoch=024/030 | batch=00700/05033 | loss=4.465147e-01 | stage_elapsed=00:06:20 | stage_eta=00:39:10 | data_wait=0.72s
2026-09-01 20:21:17 | INFO    | TRAIN | epoch=024/030 | batch=00750/05033 | loss=4.081161e-01 | stage_elapsed=00:06:49 | stage_eta=00:38:56 | data_wait=0.74s
2026-09-01 20:21:47 | INFO    | TRAIN | epoch=024/030 | batch=00800/05033 | loss=3.576283e-01 | stage_elapsed=00:07:19 | stage_eta=00:38:42 | data_wait=0.76s
2026-09-01 20:22:17 | INFO    | TRAIN | epoch=024/030 | batch=00850/05033 | loss=4.326263e-01 | stage_elapsed=00:07:49 | stage_eta=00:38:26 | data_wait=0.77s
2026-09-01 20:22:47 | INFO    | TRAIN | epoch=024/030 | batch=00900/05033 | loss=3.849049e-01 | stage_elapsed=00:08:18 | stage_eta=00:38:07 | data_wait=0.79s
2026-09-01 20:23:15 | INFO    | TRAIN | epoch=024/030 | batch=00950/05033 | loss=4.208476e-01 | stage_elapsed=00:08:46 | stage_eta=00:37:42 | data_wait=0.80s
2026-09-01 20:23:46 | INFO    | TRAIN | epoch=024/030 | batch=01000/05033 | loss=4.673372e-01 | stage_elapsed=00:09:17 | stage_eta=00:37:28 | data_wait=0.81s
2026-09-01 20:24:17 | INFO    | TRAIN | epoch=024/030 | batch=01050/05033 | loss=4.557928e-01 | stage_elapsed=00:09:48 | stage_eta=00:37:12 | data_wait=0.82s
2026-09-01 20:24:47 | INFO    | TRAIN | epoch=024/030 | batch=01100/05033 | loss=4.492023e-01 | stage_elapsed=00:10:19 | stage_eta=00:36:53 | data_wait=0.83s
2026-09-01 20:25:18 | INFO    | TRAIN | epoch=024/030 | batch=01150/05033 | loss=3.222815e-01 | stage_elapsed=00:10:49 | stage_eta=00:36:33 | data_wait=0.84s
2026-09-01 20:25:47 | INFO    | TRAIN | epoch=024/030 | batch=01200/05033 | loss=3.941071e-01 | stage_elapsed=00:11:19 | stage_eta=00:36:08 | data_wait=0.86s
2026-09-01 20:26:16 | INFO    | TRAIN | epoch=024/030 | batch=01250/05033 | loss=3.934094e-01 | stage_elapsed=00:11:47 | stage_eta=00:35:41 | data_wait=0.88s
2026-09-01 20:26:46 | INFO    | TRAIN | epoch=024/030 | batch=01300/05033 | loss=4.412360e-01 | stage_elapsed=00:12:17 | stage_eta=00:35:17 | data_wait=0.89s
2026-09-01 20:27:16 | INFO    | TRAIN | epoch=024/030 | batch=01350/05033 | loss=4.439544e-01 | stage_elapsed=00:12:48 | stage_eta=00:34:54 | data_wait=0.90s
2026-09-01 20:27:47 | INFO    | TRAIN | epoch=024/030 | batch=01400/05033 | loss=4.429770e-01 | stage_elapsed=00:13:18 | stage_eta=00:34:31 | data_wait=0.91s
2026-09-01 20:28:17 | INFO    | TRAIN | epoch=024/030 | batch=01450/05033 | loss=5.064988e-01 | stage_elapsed=00:13:48 | stage_eta=00:34:06 | data_wait=0.92s
2026-09-01 20:28:47 | INFO    | TRAIN | epoch=024/030 | batch=01500/05033 | loss=3.868591e-01 | stage_elapsed=00:14:19 | stage_eta=00:33:42 | data_wait=0.93s
2026-09-01 20:29:17 | INFO    | TRAIN | epoch=024/030 | batch=01550/05033 | loss=4.963012e-01 | stage_elapsed=00:14:48 | stage_eta=00:33:16 | data_wait=0.94s
2026-09-01 20:29:45 | INFO    | TRAIN | epoch=024/030 | batch=01600/05033 | loss=3.602465e-01 | stage_elapsed=00:15:17 | stage_eta=00:32:47 | data_wait=0.96s
2026-09-01 20:30:15 | INFO    | TRAIN | epoch=024/030 | batch=01650/05033 | loss=4.460836e-01 | stage_elapsed=00:15:46 | stage_eta=00:32:20 | data_wait=0.97s
2026-09-01 20:30:44 | INFO    | TRAIN | epoch=024/030 | batch=01700/05033 | loss=4.494158e-01 | stage_elapsed=00:16:16 | stage_eta=00:31:53 | data_wait=0.99s
2026-09-01 20:31:13 | INFO    | TRAIN | epoch=024/030 | batch=01750/05033 | loss=4.185846e-01 | stage_elapsed=00:16:45 | stage_eta=00:31:25 | data_wait=1.00s
2026-09-01 20:31:43 | INFO    | TRAIN | epoch=024/030 | batch=01800/05033 | loss=4.417925e-01 | stage_elapsed=00:17:15 | stage_eta=00:30:58 | data_wait=1.01s
2026-09-01 20:32:14 | INFO    | TRAIN | epoch=024/030 | batch=01850/05033 | loss=3.976708e-01 | stage_elapsed=00:17:45 | stage_eta=00:30:33 | data_wait=1.02s
2026-09-01 20:32:44 | INFO    | TRAIN | epoch=024/030 | batch=01900/05033 | loss=3.736345e-01 | stage_elapsed=00:18:15 | stage_eta=00:30:06 | data_wait=1.03s
2026-09-01 20:33:13 | INFO    | TRAIN | epoch=024/030 | batch=01950/05033 | loss=4.033265e-01 | stage_elapsed=00:18:44 | stage_eta=00:29:38 | data_wait=1.05s
2026-09-01 20:33:43 | INFO    | TRAIN | epoch=024/030 | batch=02000/05033 | loss=4.364251e-01 | stage_elapsed=00:19:14 | stage_eta=00:29:10 | data_wait=1.06s
2026-09-01 20:34:13 | INFO    | TRAIN | epoch=024/030 | batch=02050/05033 | loss=3.908288e-01 | stage_elapsed=00:19:44 | stage_eta=00:28:43 | data_wait=1.07s
2026-09-01 20:34:43 | INFO    | TRAIN | epoch=024/030 | batch=02100/05033 | loss=4.370068e-01 | stage_elapsed=00:20:14 | stage_eta=00:28:16 | data_wait=1.09s
2026-09-01 20:35:12 | INFO    | TRAIN | epoch=024/030 | batch=02150/05033 | loss=4.835681e-01 | stage_elapsed=00:20:44 | stage_eta=00:27:48 | data_wait=1.10s
2026-09-01 20:35:42 | INFO    | TRAIN | epoch=024/030 | batch=02200/05033 | loss=4.068058e-01 | stage_elapsed=00:21:14 | stage_eta=00:27:20 | data_wait=1.12s
2026-09-01 20:36:12 | INFO    | TRAIN | epoch=024/030 | batch=02250/05033 | loss=4.554425e-01 | stage_elapsed=00:21:44 | stage_eta=00:26:53 | data_wait=1.13s
2026-09-01 20:36:40 | INFO    | TRAIN | epoch=024/030 | batch=02300/05033 | loss=4.339811e-01 | stage_elapsed=00:22:11 | stage_eta=00:26:22 | data_wait=1.14s
2026-09-01 20:37:10 | INFO    | TRAIN | epoch=024/030 | batch=02350/05033 | loss=4.333102e-01 | stage_elapsed=00:22:42 | stage_eta=00:25:54 | data_wait=1.15s
2026-09-01 20:37:40 | INFO    | TRAIN | epoch=024/030 | batch=02400/05033 | loss=4.103171e-01 | stage_elapsed=00:23:11 | stage_eta=00:25:26 | data_wait=1.16s
2026-09-01 20:38:10 | INFO    | TRAIN | epoch=024/030 | batch=02450/05033 | loss=3.642327e-01 | stage_elapsed=00:23:42 | stage_eta=00:24:59 | data_wait=1.17s
2026-09-01 20:38:41 | INFO    | TRAIN | epoch=024/030 | batch=02500/05033 | loss=3.748976e-01 | stage_elapsed=00:24:12 | stage_eta=00:24:31 | data_wait=1.19s
2026-09-01 20:39:11 | INFO    | TRAIN | epoch=024/030 | batch=02550/05033 | loss=4.462315e-01 | stage_elapsed=00:24:43 | stage_eta=00:24:04 | data_wait=1.20s
2026-09-01 20:39:41 | INFO    | TRAIN | epoch=024/030 | batch=02600/05033 | loss=4.403995e-01 | stage_elapsed=00:25:12 | stage_eta=00:23:35 | data_wait=1.22s
2026-09-01 20:40:08 | INFO    | TRAIN | epoch=024/030 | batch=02650/05033 | loss=5.567695e-01 | stage_elapsed=00:25:39 | stage_eta=00:23:04 | data_wait=1.24s
2026-09-01 20:40:38 | INFO    | TRAIN | epoch=024/030 | batch=02700/05033 | loss=4.006985e-01 | stage_elapsed=00:26:10 | stage_eta=00:22:36 | data_wait=1.25s
2026-09-01 20:41:09 | INFO    | TRAIN | epoch=024/030 | batch=02750/05033 | loss=3.762859e-01 | stage_elapsed=00:26:40 | stage_eta=00:22:08 | data_wait=1.26s
2026-09-01 20:41:39 | INFO    | TRAIN | epoch=024/030 | batch=02800/05033 | loss=5.103110e-01 | stage_elapsed=00:27:11 | stage_eta=00:21:41 | data_wait=1.27s
2026-09-01 20:42:09 | INFO    | TRAIN | epoch=024/030 | batch=02850/05033 | loss=4.935015e-01 | stage_elapsed=00:27:41 | stage_eta=00:21:12 | data_wait=1.28s
2026-09-01 20:42:39 | INFO    | TRAIN | epoch=024/030 | batch=02900/05033 | loss=4.736792e-01 | stage_elapsed=00:28:11 | stage_eta=00:20:44 | data_wait=1.29s
2026-09-01 20:43:09 | INFO    | TRAIN | epoch=024/030 | batch=02950/05033 | loss=4.332727e-01 | stage_elapsed=00:28:40 | stage_eta=00:20:15 | data_wait=1.31s
2026-09-01 20:43:38 | INFO    | TRAIN | epoch=024/030 | batch=03000/05033 | loss=3.982382e-01 | stage_elapsed=00:29:10 | stage_eta=00:19:46 | data_wait=1.32s
2026-09-01 20:44:08 | INFO    | TRAIN | epoch=024/030 | batch=03050/05033 | loss=4.255493e-01 | stage_elapsed=00:29:40 | stage_eta=00:19:17 | data_wait=1.33s
2026-09-01 20:44:37 | INFO    | TRAIN | epoch=024/030 | batch=03100/05033 | loss=3.515395e-01 | stage_elapsed=00:30:09 | stage_eta=00:18:48 | data_wait=1.35s
2026-09-01 20:45:07 | INFO    | TRAIN | epoch=024/030 | batch=03150/05033 | loss=3.971786e-01 | stage_elapsed=00:30:39 | stage_eta=00:18:19 | data_wait=1.36s
2026-09-01 20:45:37 | INFO    | TRAIN | epoch=024/030 | batch=03200/05033 | loss=4.389232e-01 | stage_elapsed=00:31:09 | stage_eta=00:17:50 | data_wait=1.38s
2026-09-01 20:46:08 | INFO    | TRAIN | epoch=024/030 | batch=03250/05033 | loss=4.181526e-01 | stage_elapsed=00:31:40 | stage_eta=00:17:22 | data_wait=1.39s
2026-09-01 20:46:37 | INFO    | TRAIN | epoch=024/030 | batch=03300/05033 | loss=4.015196e-01 | stage_elapsed=00:32:08 | stage_eta=00:16:53 | data_wait=1.40s
2026-09-01 20:47:07 | INFO    | TRAIN | epoch=024/030 | batch=03350/05033 | loss=4.867193e-01 | stage_elapsed=00:32:38 | stage_eta=00:16:24 | data_wait=1.41s
2026-09-01 20:47:37 | INFO    | TRAIN | epoch=024/030 | batch=03400/05033 | loss=4.399125e-01 | stage_elapsed=00:33:09 | stage_eta=00:15:55 | data_wait=1.42s
2026-09-01 20:48:08 | INFO    | TRAIN | epoch=024/030 | batch=03450/05033 | loss=4.602353e-01 | stage_elapsed=00:33:40 | stage_eta=00:15:27 | data_wait=1.43s
2026-09-01 20:48:39 | INFO    | TRAIN | epoch=024/030 | batch=03500/05033 | loss=4.082372e-01 | stage_elapsed=00:34:10 | stage_eta=00:14:58 | data_wait=1.44s
2026-09-01 20:49:07 | INFO    | TRAIN | epoch=024/030 | batch=03550/05033 | loss=4.169009e-01 | stage_elapsed=00:34:39 | stage_eta=00:14:28 | data_wait=1.46s
2026-09-01 20:49:37 | INFO    | TRAIN | epoch=024/030 | batch=03600/05033 | loss=4.629500e-01 | stage_elapsed=00:35:08 | stage_eta=00:13:59 | data_wait=1.48s
2026-09-01 20:50:06 | INFO    | TRAIN | epoch=024/030 | batch=03650/05033 | loss=4.279562e-01 | stage_elapsed=00:35:37 | stage_eta=00:13:30 | data_wait=1.49s
2026-09-01 20:50:36 | INFO    | TRAIN | epoch=024/030 | batch=03700/05033 | loss=4.800583e-01 | stage_elapsed=00:36:07 | stage_eta=00:13:01 | data_wait=1.50s
2026-09-01 20:51:06 | INFO    | TRAIN | epoch=024/030 | batch=03750/05033 | loss=4.313500e-01 | stage_elapsed=00:36:38 | stage_eta=00:12:32 | data_wait=1.51s
2026-09-01 20:51:36 | INFO    | TRAIN | epoch=024/030 | batch=03800/05033 | loss=5.774473e-01 | stage_elapsed=00:37:07 | stage_eta=00:12:03 | data_wait=1.53s
2026-09-01 20:52:06 | INFO    | TRAIN | epoch=024/030 | batch=03850/05033 | loss=4.460948e-01 | stage_elapsed=00:37:38 | stage_eta=00:11:34 | data_wait=1.54s
2026-09-01 20:52:36 | INFO    | TRAIN | epoch=024/030 | batch=03900/05033 | loss=3.726770e-01 | stage_elapsed=00:38:08 | stage_eta=00:11:05 | data_wait=1.55s
2026-09-01 20:53:06 | INFO    | TRAIN | epoch=024/030 | batch=03950/05033 | loss=3.880473e-01 | stage_elapsed=00:38:37 | stage_eta=00:10:35 | data_wait=1.56s
2026-09-01 20:53:33 | INFO    | TRAIN | epoch=024/030 | batch=04000/05033 | loss=4.460776e-01 | stage_elapsed=00:39:05 | stage_eta=00:10:06 | data_wait=1.59s
2026-09-01 20:54:03 | INFO    | TRAIN | epoch=024/030 | batch=04050/05033 | loss=4.202070e-01 | stage_elapsed=00:39:35 | stage_eta=00:09:36 | data_wait=1.60s
2026-09-01 20:54:34 | INFO    | TRAIN | epoch=024/030 | batch=04100/05033 | loss=4.732568e-01 | stage_elapsed=00:40:05 | stage_eta=00:09:07 | data_wait=1.61s
2026-09-01 20:55:04 | INFO    | TRAIN | epoch=024/030 | batch=04150/05033 | loss=4.229285e-01 | stage_elapsed=00:40:35 | stage_eta=00:08:38 | data_wait=1.62s
2026-09-01 20:55:35 | INFO    | TRAIN | epoch=024/030 | batch=04200/05033 | loss=4.655509e-01 | stage_elapsed=00:41:06 | stage_eta=00:08:09 | data_wait=1.63s
2026-09-01 20:56:05 | INFO    | TRAIN | epoch=024/030 | batch=04250/05033 | loss=3.782803e-01 | stage_elapsed=00:41:36 | stage_eta=00:07:40 | data_wait=1.64s
2026-09-01 20:56:33 | INFO    | TRAIN | epoch=024/030 | batch=04300/05033 | loss=4.118408e-01 | stage_elapsed=00:42:05 | stage_eta=00:07:10 | data_wait=1.66s
2026-09-01 20:57:03 | INFO    | TRAIN | epoch=024/030 | batch=04350/05033 | loss=4.098124e-01 | stage_elapsed=00:42:34 | stage_eta=00:06:41 | data_wait=1.67s
2026-09-01 20:57:33 | INFO    | TRAIN | epoch=024/030 | batch=04400/05033 | loss=3.809757e-01 | stage_elapsed=00:43:04 | stage_eta=00:06:12 | data_wait=1.68s
2026-09-01 20:58:02 | INFO    | TRAIN | epoch=024/030 | batch=04450/05033 | loss=4.315301e-01 | stage_elapsed=00:43:33 | stage_eta=00:05:42 | data_wait=1.69s
2026-09-01 20:58:31 | INFO    | TRAIN | epoch=024/030 | batch=04500/05033 | loss=3.556387e-01 | stage_elapsed=00:44:03 | stage_eta=00:05:13 | data_wait=1.71s
2026-09-01 20:59:00 | INFO    | TRAIN | epoch=024/030 | batch=04550/05033 | loss=5.173141e-01 | stage_elapsed=00:44:32 | stage_eta=00:04:44 | data_wait=1.72s
2026-09-01 20:59:31 | INFO    | TRAIN | epoch=024/030 | batch=04600/05033 | loss=4.260647e-01 | stage_elapsed=00:45:02 | stage_eta=00:04:14 | data_wait=1.73s
2026-09-01 20:59:59 | INFO    | TRAIN | epoch=024/030 | batch=04650/05033 | loss=3.322425e-01 | stage_elapsed=00:45:31 | stage_eta=00:03:45 | data_wait=1.75s
2026-09-01 21:00:30 | INFO    | TRAIN | epoch=024/030 | batch=04700/05033 | loss=3.705565e-01 | stage_elapsed=00:46:01 | stage_eta=00:03:16 | data_wait=1.76s
2026-09-01 21:01:01 | INFO    | TRAIN | epoch=024/030 | batch=04750/05033 | loss=4.115732e-01 | stage_elapsed=00:46:32 | stage_eta=00:02:46 | data_wait=1.77s
2026-09-01 21:01:31 | INFO    | TRAIN | epoch=024/030 | batch=04800/05033 | loss=4.144122e-01 | stage_elapsed=00:47:03 | stage_eta=00:02:17 | data_wait=1.78s
2026-09-01 21:02:02 | INFO    | TRAIN | epoch=024/030 | batch=04850/05033 | loss=4.615485e-01 | stage_elapsed=00:47:33 | stage_eta=00:01:48 | data_wait=1.79s
2026-09-01 21:02:31 | INFO    | TRAIN | epoch=024/030 | batch=04900/05033 | loss=4.250816e-01 | stage_elapsed=00:48:02 | stage_eta=00:01:18 | data_wait=1.81s
2026-09-01 21:03:00 | INFO    | TRAIN | epoch=024/030 | batch=04950/05033 | loss=4.040953e-01 | stage_elapsed=00:48:32 | stage_eta=00:00:49 | data_wait=1.83s
2026-09-01 21:03:29 | INFO    | TRAIN | epoch=024/030 | batch=05000/05033 | loss=3.700612e-01 | stage_elapsed=00:49:00 | stage_eta=00:00:19 | data_wait=1.84s
2026-09-01 21:03:48 | INFO    | TRAIN | epoch=024/030 | batch=05033/05033 | loss=4.068541e-01 | stage_elapsed=00:49:20 | stage_eta=00:00:00 | data_wait=1.85s
2026-09-01 21:04:03 | INFO    | VAL | epoch=024/030 | batch=00050/00212 | loss=3.854990e-01 | stage_elapsed=00:00:15 | stage_eta=00:00:47 | data_wait=0.35s
2026-09-01 21:04:17 | INFO    | VAL | epoch=024/030 | batch=00100/00212 | loss=4.658741e-01 | stage_elapsed=00:00:29 | stage_eta=00:00:32 | data_wait=0.36s
2026-09-01 21:04:31 | INFO    | VAL | epoch=024/030 | batch=00150/00212 | loss=5.184284e-01 | stage_elapsed=00:00:43 | stage_eta=00:00:18 | data_wait=0.38s
2026-09-01 21:04:45 | INFO    | VAL | epoch=024/030 | batch=00200/00212 | loss=4.326336e-01 | stage_elapsed=00:00:57 | stage_eta=00:00:03 | data_wait=0.39s
2026-09-01 21:04:48 | INFO    | VAL | epoch=024/030 | batch=00212/00212 | loss=6.164244e-01 | stage_elapsed=00:01:00 | stage_eta=00:00:00 | data_wait=0.39s
2026-09-01 21:04:49 | INFO    | Epoch 024 complete | train=4.201544e-01 | val=4.740163e-01 | best=4.740163e-01 | lr=1.000e-03 | epoch_time=00:50:20 | run_elapsed=21:24:04 | eta=05:21:01 | finish=2026-09-02 02:25:50 CST
2026-09-01 21:05:20 | INFO    | TRAIN | epoch=025/030 | batch=00050/05033 | loss=4.194778e-01 | stage_elapsed=00:00:31 | stage_eta=00:51:40 | data_wait=0.45s
2026-09-01 21:05:50 | INFO    | TRAIN | epoch=025/030 | batch=00100/05033 | loss=4.843290e-01 | stage_elapsed=00:01:01 | stage_eta=00:50:23 | data_wait=0.46s
2026-09-01 21:06:20 | INFO    | TRAIN | epoch=025/030 | batch=00150/05033 | loss=4.053882e-01 | stage_elapsed=00:01:31 | stage_eta=00:49:33 | data_wait=0.47s
2026-09-01 21:06:49 | INFO    | TRAIN | epoch=025/030 | batch=00200/05033 | loss=4.085684e-01 | stage_elapsed=00:02:00 | stage_eta=00:48:16 | data_wait=0.49s
2026-09-01 21:07:17 | INFO    | TRAIN | epoch=025/030 | batch=00250/05033 | loss=4.318745e-01 | stage_elapsed=00:02:28 | stage_eta=00:47:13 | data_wait=0.51s
2026-09-01 21:07:47 | INFO    | TRAIN | epoch=025/030 | batch=00300/05033 | loss=4.757971e-01 | stage_elapsed=00:02:58 | stage_eta=00:46:52 | data_wait=0.52s
2026-09-01 21:08:18 | INFO    | TRAIN | epoch=025/030 | batch=00350/05033 | loss=4.561556e-01 | stage_elapsed=00:03:29 | stage_eta=00:46:41 | data_wait=0.53s
2026-09-01 21:08:49 | INFO    | TRAIN | epoch=025/030 | batch=00400/05033 | loss=3.878400e-01 | stage_elapsed=00:04:00 | stage_eta=00:46:17 | data_wait=0.54s
2026-09-01 21:09:19 | INFO    | TRAIN | epoch=025/030 | batch=00450/05033 | loss=3.933399e-01 | stage_elapsed=00:04:30 | stage_eta=00:45:51 | data_wait=0.55s
2026-09-01 21:09:49 | INFO    | TRAIN | epoch=025/030 | batch=00500/05033 | loss=4.252842e-01 | stage_elapsed=00:05:00 | stage_eta=00:45:19 | data_wait=0.56s
2026-09-01 21:10:18 | INFO    | TRAIN | epoch=025/030 | batch=00550/05033 | loss=5.233191e-01 | stage_elapsed=00:05:30 | stage_eta=00:44:46 | data_wait=0.58s
2026-09-01 21:10:49 | INFO    | TRAIN | epoch=025/030 | batch=00600/05033 | loss=4.339651e-01 | stage_elapsed=00:06:00 | stage_eta=00:44:17 | data_wait=0.59s
2026-09-01 21:11:19 | INFO    | TRAIN | epoch=025/030 | batch=00650/05033 | loss=3.821545e-01 | stage_elapsed=00:06:30 | stage_eta=00:43:48 | data_wait=0.61s
2026-09-01 21:11:48 | INFO    | TRAIN | epoch=025/030 | batch=00700/05033 | loss=4.422644e-01 | stage_elapsed=00:06:59 | stage_eta=00:43:14 | data_wait=0.62s
2026-09-01 21:12:18 | INFO    | TRAIN | epoch=025/030 | batch=00750/05033 | loss=4.150918e-01 | stage_elapsed=00:07:29 | stage_eta=00:42:45 | data_wait=0.63s
2026-09-01 21:12:49 | INFO    | TRAIN | epoch=025/030 | batch=00800/05033 | loss=4.406323e-01 | stage_elapsed=00:08:00 | stage_eta=00:42:19 | data_wait=0.64s
2026-09-01 21:13:18 | INFO    | TRAIN | epoch=025/030 | batch=00850/05033 | loss=4.392774e-01 | stage_elapsed=00:08:29 | stage_eta=00:41:46 | data_wait=0.66s
2026-09-01 21:13:48 | INFO    | TRAIN | epoch=025/030 | batch=00900/05033 | loss=4.133015e-01 | stage_elapsed=00:08:59 | stage_eta=00:41:16 | data_wait=0.67s
2026-09-01 21:14:18 | INFO    | TRAIN | epoch=025/030 | batch=00950/05033 | loss=4.259368e-01 | stage_elapsed=00:09:29 | stage_eta=00:40:48 | data_wait=0.68s
2026-09-01 21:14:48 | INFO    | TRAIN | epoch=025/030 | batch=01000/05033 | loss=3.936267e-01 | stage_elapsed=00:09:59 | stage_eta=00:40:17 | data_wait=0.69s
2026-09-01 21:15:19 | INFO    | TRAIN | epoch=025/030 | batch=01050/05033 | loss=4.089884e-01 | stage_elapsed=00:10:30 | stage_eta=00:39:51 | data_wait=0.70s
2026-09-01 21:15:49 | INFO    | TRAIN | epoch=025/030 | batch=01100/05033 | loss=3.874302e-01 | stage_elapsed=00:11:00 | stage_eta=00:39:21 | data_wait=0.72s
2026-09-01 21:16:18 | INFO    | TRAIN | epoch=025/030 | batch=01150/05033 | loss=4.379987e-01 | stage_elapsed=00:11:29 | stage_eta=00:38:48 | data_wait=0.74s
2026-09-01 21:16:47 | INFO    | TRAIN | epoch=025/030 | batch=01200/05033 | loss=4.445217e-01 | stage_elapsed=00:11:58 | stage_eta=00:38:13 | data_wait=0.75s
2026-09-01 21:17:16 | INFO    | TRAIN | epoch=025/030 | batch=01250/05033 | loss=3.980591e-01 | stage_elapsed=00:12:28 | stage_eta=00:37:42 | data_wait=0.76s
2026-09-01 21:17:47 | INFO    | TRAIN | epoch=025/030 | batch=01300/05033 | loss=3.704632e-01 | stage_elapsed=00:12:58 | stage_eta=00:37:14 | data_wait=0.77s
2026-09-01 21:18:17 | INFO    | TRAIN | epoch=025/030 | batch=01350/05033 | loss=4.169088e-01 | stage_elapsed=00:13:28 | stage_eta=00:36:45 | data_wait=0.78s
2026-09-01 21:18:48 | INFO    | TRAIN | epoch=025/030 | batch=01400/05033 | loss=4.338108e-01 | stage_elapsed=00:13:59 | stage_eta=00:36:17 | data_wait=0.79s
2026-09-01 21:19:17 | INFO    | TRAIN | epoch=025/030 | batch=01450/05033 | loss=4.578597e-01 | stage_elapsed=00:14:29 | stage_eta=00:35:46 | data_wait=0.80s
2026-09-01 21:19:47 | INFO    | TRAIN | epoch=025/030 | batch=01500/05033 | loss=3.266353e-01 | stage_elapsed=00:14:58 | stage_eta=00:35:16 | data_wait=0.81s
2026-09-01 21:20:15 | INFO    | TRAIN | epoch=025/030 | batch=01550/05033 | loss=4.219934e-01 | stage_elapsed=00:15:26 | stage_eta=00:34:41 | data_wait=0.84s
2026-09-01 21:20:45 | INFO    | TRAIN | epoch=025/030 | batch=01600/05033 | loss=4.389714e-01 | stage_elapsed=00:15:56 | stage_eta=00:34:11 | data_wait=0.86s
2026-09-01 21:21:15 | INFO    | TRAIN | epoch=025/030 | batch=01650/05033 | loss=4.186200e-01 | stage_elapsed=00:16:26 | stage_eta=00:33:41 | data_wait=0.87s
2026-09-01 21:21:44 | INFO    | TRAIN | epoch=025/030 | batch=01700/05033 | loss=4.157041e-01 | stage_elapsed=00:16:55 | stage_eta=00:33:11 | data_wait=0.88s
2026-09-01 21:22:15 | INFO    | TRAIN | epoch=025/030 | batch=01750/05033 | loss=4.244411e-01 | stage_elapsed=00:17:26 | stage_eta=00:32:42 | data_wait=0.90s
2026-09-01 21:22:44 | INFO    | TRAIN | epoch=025/030 | batch=01800/05033 | loss=4.425523e-01 | stage_elapsed=00:17:55 | stage_eta=00:32:12 | data_wait=0.91s
2026-09-01 21:23:15 | INFO    | TRAIN | epoch=025/030 | batch=01850/05033 | loss=3.429488e-01 | stage_elapsed=00:18:26 | stage_eta=00:31:42 | data_wait=0.92s
2026-09-01 21:23:44 | INFO    | TRAIN | epoch=025/030 | batch=01900/05033 | loss=3.925042e-01 | stage_elapsed=00:18:55 | stage_eta=00:31:11 | data_wait=0.93s
2026-09-01 21:24:14 | INFO    | TRAIN | epoch=025/030 | batch=01950/05033 | loss=4.005765e-01 | stage_elapsed=00:19:25 | stage_eta=00:30:42 | data_wait=0.94s
2026-09-01 21:24:43 | INFO    | TRAIN | epoch=025/030 | batch=02000/05033 | loss=4.112839e-01 | stage_elapsed=00:19:54 | stage_eta=00:30:11 | data_wait=0.96s
2026-09-01 21:25:12 | INFO    | TRAIN | epoch=025/030 | batch=02050/05033 | loss=4.600773e-01 | stage_elapsed=00:20:23 | stage_eta=00:29:40 | data_wait=0.98s
2026-09-01 21:25:42 | INFO    | TRAIN | epoch=025/030 | batch=02100/05033 | loss=3.393227e-01 | stage_elapsed=00:20:53 | stage_eta=00:29:10 | data_wait=0.99s
2026-09-01 21:26:13 | INFO    | TRAIN | epoch=025/030 | batch=02150/05033 | loss=3.858668e-01 | stage_elapsed=00:21:24 | stage_eta=00:28:41 | data_wait=1.00s
2026-09-01 21:26:42 | INFO    | TRAIN | epoch=025/030 | batch=02200/05033 | loss=3.958155e-01 | stage_elapsed=00:21:54 | stage_eta=00:28:12 | data_wait=1.01s
2026-09-01 21:27:13 | INFO    | TRAIN | epoch=025/030 | batch=02250/05033 | loss=4.715470e-01 | stage_elapsed=00:22:24 | stage_eta=00:27:42 | data_wait=1.02s
2026-09-01 21:27:43 | INFO    | TRAIN | epoch=025/030 | batch=02300/05033 | loss=4.209939e-01 | stage_elapsed=00:22:54 | stage_eta=00:27:12 | data_wait=1.03s
2026-09-01 21:28:12 | INFO    | TRAIN | epoch=025/030 | batch=02350/05033 | loss=4.160380e-01 | stage_elapsed=00:23:24 | stage_eta=00:26:42 | data_wait=1.04s
2026-09-01 21:28:41 | INFO    | TRAIN | epoch=025/030 | batch=02400/05033 | loss=4.433651e-01 | stage_elapsed=00:23:52 | stage_eta=00:26:11 | data_wait=1.06s
2026-09-01 21:29:11 | INFO    | TRAIN | epoch=025/030 | batch=02450/05033 | loss=3.916796e-01 | stage_elapsed=00:24:22 | stage_eta=00:25:42 | data_wait=1.07s
2026-09-01 21:29:40 | INFO    | TRAIN | epoch=025/030 | batch=02500/05033 | loss=4.054911e-01 | stage_elapsed=00:24:51 | stage_eta=00:25:11 | data_wait=1.09s
2026-09-01 21:30:08 | INFO    | TRAIN | epoch=025/030 | batch=02550/05033 | loss=3.882616e-01 | stage_elapsed=00:25:19 | stage_eta=00:24:39 | data_wait=1.11s
2026-09-01 21:30:38 | INFO    | TRAIN | epoch=025/030 | batch=02600/05033 | loss=4.126586e-01 | stage_elapsed=00:25:49 | stage_eta=00:24:10 | data_wait=1.12s
2026-09-01 21:31:09 | INFO    | TRAIN | epoch=025/030 | batch=02650/05033 | loss=4.356666e-01 | stage_elapsed=00:26:20 | stage_eta=00:23:41 | data_wait=1.13s
2026-09-01 21:31:39 | INFO    | TRAIN | epoch=025/030 | batch=02700/05033 | loss=3.830765e-01 | stage_elapsed=00:26:50 | stage_eta=00:23:11 | data_wait=1.14s
2026-09-01 21:32:09 | INFO    | TRAIN | epoch=025/030 | batch=02750/05033 | loss=4.243560e-01 | stage_elapsed=00:27:20 | stage_eta=00:22:42 | data_wait=1.15s
2026-09-01 21:32:39 | INFO    | TRAIN | epoch=025/030 | batch=02800/05033 | loss=3.665531e-01 | stage_elapsed=00:27:51 | stage_eta=00:22:12 | data_wait=1.16s
2026-09-01 21:33:09 | INFO    | TRAIN | epoch=025/030 | batch=02850/05033 | loss=4.256876e-01 | stage_elapsed=00:28:20 | stage_eta=00:21:42 | data_wait=1.18s
2026-09-01 21:33:37 | INFO    | TRAIN | epoch=025/030 | batch=02900/05033 | loss=4.340181e-01 | stage_elapsed=00:28:49 | stage_eta=00:21:11 | data_wait=1.19s
2026-09-01 21:34:06 | INFO    | TRAIN | epoch=025/030 | batch=02950/05033 | loss=3.755873e-01 | stage_elapsed=00:29:18 | stage_eta=00:20:41 | data_wait=1.21s
2026-09-01 21:34:36 | INFO    | TRAIN | epoch=025/030 | batch=03000/05033 | loss=3.512646e-01 | stage_elapsed=00:29:48 | stage_eta=00:20:11 | data_wait=1.22s
2026-09-01 21:35:07 | INFO    | TRAIN | epoch=025/030 | batch=03050/05033 | loss=3.876050e-01 | stage_elapsed=00:30:18 | stage_eta=00:19:42 | data_wait=1.24s
2026-09-01 21:35:38 | INFO    | TRAIN | epoch=025/030 | batch=03100/05033 | loss=4.470967e-01 | stage_elapsed=00:30:49 | stage_eta=00:19:13 | data_wait=1.25s
2026-09-01 21:36:08 | INFO    | TRAIN | epoch=025/030 | batch=03150/05033 | loss=4.731366e-01 | stage_elapsed=00:31:19 | stage_eta=00:18:43 | data_wait=1.26s
2026-09-01 21:36:37 | INFO    | TRAIN | epoch=025/030 | batch=03200/05033 | loss=4.222921e-01 | stage_elapsed=00:31:48 | stage_eta=00:18:13 | data_wait=1.27s
2026-09-01 21:37:07 | INFO    | TRAIN | epoch=025/030 | batch=03250/05033 | loss=3.955941e-01 | stage_elapsed=00:32:19 | stage_eta=00:17:44 | data_wait=1.29s
2026-09-01 21:37:38 | INFO    | TRAIN | epoch=025/030 | batch=03300/05033 | loss=3.839561e-01 | stage_elapsed=00:32:49 | stage_eta=00:17:14 | data_wait=1.30s
2026-09-01 21:38:07 | INFO    | TRAIN | epoch=025/030 | batch=03350/05033 | loss=4.622451e-01 | stage_elapsed=00:33:18 | stage_eta=00:16:44 | data_wait=1.32s
2026-09-01 21:38:36 | INFO    | TRAIN | epoch=025/030 | batch=03400/05033 | loss=3.566701e-01 | stage_elapsed=00:33:48 | stage_eta=00:16:14 | data_wait=1.34s
2026-09-01 21:39:07 | INFO    | TRAIN | epoch=025/030 | batch=03450/05033 | loss=4.344954e-01 | stage_elapsed=00:34:18 | stage_eta=00:15:44 | data_wait=1.36s
2026-09-01 21:39:37 | INFO    | TRAIN | epoch=025/030 | batch=03500/05033 | loss=3.186711e-01 | stage_elapsed=00:34:48 | stage_eta=00:15:14 | data_wait=1.37s
2026-09-01 21:40:05 | INFO    | TRAIN | epoch=025/030 | batch=03550/05033 | loss=3.755127e-01 | stage_elapsed=00:35:17 | stage_eta=00:14:44 | data_wait=1.38s
2026-09-01 21:40:35 | INFO    | TRAIN | epoch=025/030 | batch=03600/05033 | loss=3.801716e-01 | stage_elapsed=00:35:47 | stage_eta=00:14:14 | data_wait=1.40s
2026-09-01 21:41:05 | INFO    | TRAIN | epoch=025/030 | batch=03650/05033 | loss=4.419518e-01 | stage_elapsed=00:36:17 | stage_eta=00:13:45 | data_wait=1.41s
2026-09-01 21:41:36 | INFO    | TRAIN | epoch=025/030 | batch=03700/05033 | loss=4.724761e-01 | stage_elapsed=00:36:47 | stage_eta=00:13:15 | data_wait=1.42s
2026-09-01 21:42:06 | INFO    | TRAIN | epoch=025/030 | batch=03750/05033 | loss=4.528782e-01 | stage_elapsed=00:37:17 | stage_eta=00:12:45 | data_wait=1.43s
2026-09-01 21:42:36 | INFO    | TRAIN | epoch=025/030 | batch=03800/05033 | loss=4.475071e-01 | stage_elapsed=00:37:47 | stage_eta=00:12:16 | data_wait=1.45s
2026-09-01 21:43:05 | INFO    | TRAIN | epoch=025/030 | batch=03850/05033 | loss=5.180845e-01 | stage_elapsed=00:38:16 | stage_eta=00:11:45 | data_wait=1.46s
2026-09-01 21:43:34 | INFO    | TRAIN | epoch=025/030 | batch=03900/05033 | loss=3.661402e-01 | stage_elapsed=00:38:45 | stage_eta=00:11:15 | data_wait=1.48s
2026-09-01 21:44:05 | INFO    | TRAIN | epoch=025/030 | batch=03950/05033 | loss=4.325156e-01 | stage_elapsed=00:39:16 | stage_eta=00:10:46 | data_wait=1.49s
2026-09-01 21:44:36 | INFO    | TRAIN | epoch=025/030 | batch=04000/05033 | loss=4.452492e-01 | stage_elapsed=00:39:47 | stage_eta=00:10:16 | data_wait=1.50s
2026-09-01 21:45:07 | INFO    | TRAIN | epoch=025/030 | batch=04050/05033 | loss=4.758663e-01 | stage_elapsed=00:40:18 | stage_eta=00:09:47 | data_wait=1.51s
2026-09-01 21:45:37 | INFO    | TRAIN | epoch=025/030 | batch=04100/05033 | loss=4.533975e-01 | stage_elapsed=00:40:48 | stage_eta=00:09:17 | data_wait=1.52s
2026-09-01 21:46:06 | INFO    | TRAIN | epoch=025/030 | batch=04150/05033 | loss=4.055447e-01 | stage_elapsed=00:41:18 | stage_eta=00:08:47 | data_wait=1.54s
2026-09-01 21:46:35 | INFO    | TRAIN | epoch=025/030 | batch=04200/05033 | loss=4.088932e-01 | stage_elapsed=00:41:46 | stage_eta=00:08:17 | data_wait=1.55s
2026-09-01 21:47:05 | INFO    | TRAIN | epoch=025/030 | batch=04250/05033 | loss=4.979804e-01 | stage_elapsed=00:42:16 | stage_eta=00:07:47 | data_wait=1.58s
2026-09-01 21:47:35 | INFO    | TRAIN | epoch=025/030 | batch=04300/05033 | loss=3.331222e-01 | stage_elapsed=00:42:46 | stage_eta=00:07:17 | data_wait=1.59s
2026-09-01 21:48:05 | INFO    | TRAIN | epoch=025/030 | batch=04350/05033 | loss=3.912998e-01 | stage_elapsed=00:43:16 | stage_eta=00:06:48 | data_wait=1.60s
2026-09-01 21:48:35 | INFO    | TRAIN | epoch=025/030 | batch=04400/05033 | loss=3.808465e-01 | stage_elapsed=00:43:46 | stage_eta=00:06:18 | data_wait=1.61s
2026-09-01 21:49:05 | INFO    | TRAIN | epoch=025/030 | batch=04450/05033 | loss=3.853539e-01 | stage_elapsed=00:44:16 | stage_eta=00:05:48 | data_wait=1.62s
2026-09-01 21:49:34 | INFO    | TRAIN | epoch=025/030 | batch=04500/05033 | loss=4.329150e-01 | stage_elapsed=00:44:45 | stage_eta=00:05:18 | data_wait=1.63s
2026-09-01 21:50:03 | INFO    | TRAIN | epoch=025/030 | batch=04550/05033 | loss=3.884801e-01 | stage_elapsed=00:45:14 | stage_eta=00:04:48 | data_wait=1.65s
2026-09-01 21:50:34 | INFO    | TRAIN | epoch=025/030 | batch=04600/05033 | loss=4.353367e-01 | stage_elapsed=00:45:45 | stage_eta=00:04:18 | data_wait=1.66s
2026-09-01 21:51:04 | INFO    | TRAIN | epoch=025/030 | batch=04650/05033 | loss=4.777158e-01 | stage_elapsed=00:46:15 | stage_eta=00:03:49 | data_wait=1.67s
2026-09-01 21:51:33 | INFO    | TRAIN | epoch=025/030 | batch=04700/05033 | loss=3.700642e-01 | stage_elapsed=00:46:44 | stage_eta=00:03:19 | data_wait=1.69s
2026-09-01 21:52:03 | INFO    | TRAIN | epoch=025/030 | batch=04750/05033 | loss=3.980768e-01 | stage_elapsed=00:47:14 | stage_eta=00:02:49 | data_wait=1.70s
2026-09-01 21:52:33 | INFO    | TRAIN | epoch=025/030 | batch=04800/05033 | loss=4.986825e-01 | stage_elapsed=00:47:44 | stage_eta=00:02:19 | data_wait=1.71s
2026-09-01 21:53:01 | INFO    | TRAIN | epoch=025/030 | batch=04850/05033 | loss=5.329665e-01 | stage_elapsed=00:48:13 | stage_eta=00:01:49 | data_wait=1.73s
2026-09-01 21:53:32 | INFO    | TRAIN | epoch=025/030 | batch=04900/05033 | loss=3.283419e-01 | stage_elapsed=00:48:43 | stage_eta=00:01:19 | data_wait=1.74s
2026-09-01 21:54:02 | INFO    | TRAIN | epoch=025/030 | batch=04950/05033 | loss=4.880494e-01 | stage_elapsed=00:49:13 | stage_eta=00:00:50 | data_wait=1.75s
2026-09-01 21:54:33 | INFO    | TRAIN | epoch=025/030 | batch=05000/05033 | loss=4.115755e-01 | stage_elapsed=00:49:44 | stage_eta=00:00:20 | data_wait=1.76s
2026-09-01 21:54:52 | INFO    | TRAIN | epoch=025/030 | batch=05033/05033 | loss=4.321522e-01 | stage_elapsed=00:50:03 | stage_eta=00:00:00 | data_wait=1.77s
2026-09-01 21:55:07 | INFO    | VAL | epoch=025/030 | batch=00050/00212 | loss=3.838763e-01 | stage_elapsed=00:00:14 | stage_eta=00:00:47 | data_wait=0.40s
2026-09-01 21:55:21 | INFO    | VAL | epoch=025/030 | batch=00100/00212 | loss=4.603412e-01 | stage_elapsed=00:00:29 | stage_eta=00:00:32 | data_wait=0.42s
2026-09-01 21:55:35 | INFO    | VAL | epoch=025/030 | batch=00150/00212 | loss=4.894017e-01 | stage_elapsed=00:00:42 | stage_eta=00:00:18 | data_wait=0.43s
2026-09-01 21:55:48 | INFO    | VAL | epoch=025/030 | batch=00200/00212 | loss=4.283583e-01 | stage_elapsed=00:00:56 | stage_eta=00:00:03 | data_wait=0.45s
2026-09-01 21:55:51 | INFO    | VAL | epoch=025/030 | batch=00212/00212 | loss=6.127827e-01 | stage_elapsed=00:00:59 | stage_eta=00:00:00 | data_wait=0.46s
2026-09-01 21:55:52 | INFO    | Epoch 025 complete | train=4.118232e-01 | val=4.722384e-01 | best=4.722384e-01 | lr=1.000e-03 | epoch_time=00:51:03 | run_elapsed=22:15:07 | eta=04:27:01 | finish=2026-09-02 02:22:54 CST
2026-09-01 21:56:20 | INFO    | TRAIN | epoch=026/030 | batch=00050/05033 | loss=3.324724e-01 | stage_elapsed=00:00:28 | stage_eta=00:46:33 | data_wait=0.44s
2026-09-01 21:56:51 | INFO    | TRAIN | epoch=026/030 | batch=00100/05033 | loss=3.929273e-01 | stage_elapsed=00:00:58 | stage_eta=00:47:59 | data_wait=0.46s
2026-09-01 21:57:21 | INFO    | TRAIN | epoch=026/030 | batch=00150/05033 | loss=3.785688e-01 | stage_elapsed=00:01:29 | stage_eta=00:48:11 | data_wait=0.47s
2026-09-01 21:57:52 | INFO    | TRAIN | epoch=026/030 | batch=00200/05033 | loss=3.921083e-01 | stage_elapsed=00:01:59 | stage_eta=00:48:07 | data_wait=0.48s
2026-09-01 21:58:22 | INFO    | TRAIN | epoch=026/030 | batch=00250/05033 | loss=3.023915e-01 | stage_elapsed=00:02:29 | stage_eta=00:47:40 | data_wait=0.49s
2026-09-01 21:58:52 | INFO    | TRAIN | epoch=026/030 | batch=00300/05033 | loss=3.986148e-01 | stage_elapsed=00:03:00 | stage_eta=00:47:14 | data_wait=0.50s
2026-09-01 21:59:22 | INFO    | TRAIN | epoch=026/030 | batch=00350/05033 | loss=3.565574e-01 | stage_elapsed=00:03:30 | stage_eta=00:46:49 | data_wait=0.51s
2026-09-01 21:59:50 | INFO    | TRAIN | epoch=026/030 | batch=00400/05033 | loss=4.087077e-01 | stage_elapsed=00:03:57 | stage_eta=00:45:48 | data_wait=0.53s
2026-09-01 22:00:20 | INFO    | TRAIN | epoch=026/030 | batch=00450/05033 | loss=4.203075e-01 | stage_elapsed=00:04:27 | stage_eta=00:45:22 | data_wait=0.55s
2026-09-01 22:00:50 | INFO    | TRAIN | epoch=026/030 | batch=00500/05033 | loss=4.134087e-01 | stage_elapsed=00:04:58 | stage_eta=00:44:58 | data_wait=0.56s
2026-09-01 22:01:21 | INFO    | TRAIN | epoch=026/030 | batch=00550/05033 | loss=4.018248e-01 | stage_elapsed=00:05:28 | stage_eta=00:44:36 | data_wait=0.57s
2026-09-01 22:01:51 | INFO    | TRAIN | epoch=026/030 | batch=00600/05033 | loss=4.123960e-01 | stage_elapsed=00:05:59 | stage_eta=00:44:13 | data_wait=0.58s
2026-09-01 22:02:22 | INFO    | TRAIN | epoch=026/030 | batch=00650/05033 | loss=3.716695e-01 | stage_elapsed=00:06:29 | stage_eta=00:43:45 | data_wait=0.60s
2026-09-01 22:02:51 | INFO    | TRAIN | epoch=026/030 | batch=00700/05033 | loss=3.502949e-01 | stage_elapsed=00:06:59 | stage_eta=00:43:13 | data_wait=0.61s
2026-09-01 22:03:21 | INFO    | TRAIN | epoch=026/030 | batch=00750/05033 | loss=4.898960e-01 | stage_elapsed=00:07:29 | stage_eta=00:42:43 | data_wait=0.62s
2026-09-01 22:03:51 | INFO    | TRAIN | epoch=026/030 | batch=00800/05033 | loss=3.996821e-01 | stage_elapsed=00:07:59 | stage_eta=00:42:13 | data_wait=0.63s
2026-09-01 22:04:20 | INFO    | TRAIN | epoch=026/030 | batch=00850/05033 | loss=4.098616e-01 | stage_elapsed=00:08:28 | stage_eta=00:41:39 | data_wait=0.65s
2026-09-01 22:04:51 | INFO    | TRAIN | epoch=026/030 | batch=00900/05033 | loss=3.758716e-01 | stage_elapsed=00:08:58 | stage_eta=00:41:12 | data_wait=0.66s
2026-09-01 22:05:21 | INFO    | TRAIN | epoch=026/030 | batch=00950/05033 | loss=3.978505e-01 | stage_elapsed=00:09:29 | stage_eta=00:40:44 | data_wait=0.67s
2026-09-01 22:05:52 | INFO    | TRAIN | epoch=026/030 | batch=01000/05033 | loss=4.343234e-01 | stage_elapsed=00:09:59 | stage_eta=00:40:17 | data_wait=0.69s
2026-09-01 22:06:20 | INFO    | TRAIN | epoch=026/030 | batch=01050/05033 | loss=4.054396e-01 | stage_elapsed=00:10:28 | stage_eta=00:39:42 | data_wait=0.70s
2026-09-01 22:06:51 | INFO    | TRAIN | epoch=026/030 | batch=01100/05033 | loss=4.717150e-01 | stage_elapsed=00:10:59 | stage_eta=00:39:17 | data_wait=0.71s
2026-09-01 22:07:22 | INFO    | TRAIN | epoch=026/030 | batch=01150/05033 | loss=4.777762e-01 | stage_elapsed=00:11:29 | stage_eta=00:38:47 | data_wait=0.72s
2026-09-01 22:07:52 | INFO    | TRAIN | epoch=026/030 | batch=01200/05033 | loss=4.483477e-01 | stage_elapsed=00:12:00 | stage_eta=00:38:19 | data_wait=0.74s
2026-09-01 22:08:21 | INFO    | TRAIN | epoch=026/030 | batch=01250/05033 | loss=4.161413e-01 | stage_elapsed=00:12:29 | stage_eta=00:37:46 | data_wait=0.75s
2026-09-01 22:08:51 | INFO    | TRAIN | epoch=026/030 | batch=01300/05033 | loss=4.097425e-01 | stage_elapsed=00:12:58 | stage_eta=00:37:15 | data_wait=0.77s
2026-09-01 22:09:20 | INFO    | TRAIN | epoch=026/030 | batch=01350/05033 | loss=3.705792e-01 | stage_elapsed=00:13:27 | stage_eta=00:36:43 | data_wait=0.78s
2026-09-01 22:09:51 | INFO    | TRAIN | epoch=026/030 | batch=01400/05033 | loss=4.223959e-01 | stage_elapsed=00:13:58 | stage_eta=00:36:15 | data_wait=0.80s
2026-09-01 22:10:21 | INFO    | TRAIN | epoch=026/030 | batch=01450/05033 | loss=3.631991e-01 | stage_elapsed=00:14:29 | stage_eta=00:35:47 | data_wait=0.81s
2026-09-01 22:10:52 | INFO    | TRAIN | epoch=026/030 | batch=01500/05033 | loss=4.015260e-01 | stage_elapsed=00:14:59 | stage_eta=00:35:18 | data_wait=0.82s
2026-09-01 22:11:22 | INFO    | TRAIN | epoch=026/030 | batch=01550/05033 | loss=4.237898e-01 | stage_elapsed=00:15:30 | stage_eta=00:34:49 | data_wait=0.83s
2026-09-01 22:11:52 | INFO    | TRAIN | epoch=026/030 | batch=01600/05033 | loss=4.448888e-01 | stage_elapsed=00:15:59 | stage_eta=00:34:19 | data_wait=0.84s
2026-09-01 22:12:20 | INFO    | TRAIN | epoch=026/030 | batch=01650/05033 | loss=3.503888e-01 | stage_elapsed=00:16:28 | stage_eta=00:33:46 | data_wait=0.86s
2026-09-01 22:12:50 | INFO    | TRAIN | epoch=026/030 | batch=01700/05033 | loss=4.584712e-01 | stage_elapsed=00:16:57 | stage_eta=00:33:15 | data_wait=0.88s
2026-09-01 22:13:20 | INFO    | TRAIN | epoch=026/030 | batch=01750/05033 | loss=4.737124e-01 | stage_elapsed=00:17:28 | stage_eta=00:32:46 | data_wait=0.89s
2026-09-01 22:13:51 | INFO    | TRAIN | epoch=026/030 | batch=01800/05033 | loss=5.369739e-01 | stage_elapsed=00:17:58 | stage_eta=00:32:17 | data_wait=0.90s
2026-09-01 22:14:21 | INFO    | TRAIN | epoch=026/030 | batch=01850/05033 | loss=3.732079e-01 | stage_elapsed=00:18:29 | stage_eta=00:31:48 | data_wait=0.92s
2026-09-01 22:14:51 | INFO    | TRAIN | epoch=026/030 | batch=01900/05033 | loss=4.620625e-01 | stage_elapsed=00:18:59 | stage_eta=00:31:18 | data_wait=0.93s
2026-09-01 22:15:21 | INFO    | TRAIN | epoch=026/030 | batch=01950/05033 | loss=3.698480e-01 | stage_elapsed=00:19:29 | stage_eta=00:30:48 | data_wait=0.95s
2026-09-01 22:15:52 | INFO    | TRAIN | epoch=026/030 | batch=02000/05033 | loss=4.168966e-01 | stage_elapsed=00:20:00 | stage_eta=00:30:19 | data_wait=0.96s
2026-09-01 22:16:22 | INFO    | TRAIN | epoch=026/030 | batch=02050/05033 | loss=3.183989e-01 | stage_elapsed=00:20:30 | stage_eta=00:29:50 | data_wait=0.97s
2026-09-01 22:16:51 | INFO    | TRAIN | epoch=026/030 | batch=02100/05033 | loss=4.204887e-01 | stage_elapsed=00:20:59 | stage_eta=00:29:18 | data_wait=1.00s
2026-09-01 22:17:21 | INFO    | TRAIN | epoch=026/030 | batch=02150/05033 | loss=4.167458e-01 | stage_elapsed=00:21:29 | stage_eta=00:28:49 | data_wait=1.01s
2026-09-01 22:17:51 | INFO    | TRAIN | epoch=026/030 | batch=02200/05033 | loss=3.899904e-01 | stage_elapsed=00:21:59 | stage_eta=00:28:19 | data_wait=1.02s
2026-09-01 22:18:20 | INFO    | TRAIN | epoch=026/030 | batch=02250/05033 | loss=3.959858e-01 | stage_elapsed=00:22:28 | stage_eta=00:27:47 | data_wait=1.04s
2026-09-01 22:18:51 | INFO    | TRAIN | epoch=026/030 | batch=02300/05033 | loss=3.772856e-01 | stage_elapsed=00:22:59 | stage_eta=00:27:18 | data_wait=1.05s
2026-09-01 22:19:21 | INFO    | TRAIN | epoch=026/030 | batch=02350/05033 | loss=4.124650e-01 | stage_elapsed=00:23:29 | stage_eta=00:26:49 | data_wait=1.06s
2026-09-01 22:19:52 | INFO    | TRAIN | epoch=026/030 | batch=02400/05033 | loss=4.380689e-01 | stage_elapsed=00:24:00 | stage_eta=00:26:19 | data_wait=1.07s
2026-09-01 22:20:23 | INFO    | TRAIN | epoch=026/030 | batch=02450/05033 | loss=3.741395e-01 | stage_elapsed=00:24:30 | stage_eta=00:25:50 | data_wait=1.08s
2026-09-01 22:20:51 | INFO    | TRAIN | epoch=026/030 | batch=02500/05033 | loss=3.585504e-01 | stage_elapsed=00:24:59 | stage_eta=00:25:19 | data_wait=1.10s
2026-09-01 22:21:19 | INFO    | TRAIN | epoch=026/030 | batch=02550/05033 | loss=4.528250e-01 | stage_elapsed=00:25:27 | stage_eta=00:24:46 | data_wait=1.12s
2026-09-01 22:21:50 | INFO    | TRAIN | epoch=026/030 | batch=02600/05033 | loss=4.059537e-01 | stage_elapsed=00:25:58 | stage_eta=00:24:18 | data_wait=1.13s
2026-09-01 22:22:20 | INFO    | TRAIN | epoch=026/030 | batch=02650/05033 | loss=3.600767e-01 | stage_elapsed=00:26:28 | stage_eta=00:23:48 | data_wait=1.14s
2026-09-01 22:22:51 | INFO    | TRAIN | epoch=026/030 | batch=02700/05033 | loss=3.705246e-01 | stage_elapsed=00:26:59 | stage_eta=00:23:19 | data_wait=1.15s
2026-09-01 22:23:21 | INFO    | TRAIN | epoch=026/030 | batch=02750/05033 | loss=4.072229e-01 | stage_elapsed=00:27:29 | stage_eta=00:22:49 | data_wait=1.16s
2026-09-01 22:23:52 | INFO    | TRAIN | epoch=026/030 | batch=02800/05033 | loss=3.539477e-01 | stage_elapsed=00:28:00 | stage_eta=00:22:19 | data_wait=1.17s
2026-09-01 22:24:20 | INFO    | TRAIN | epoch=026/030 | batch=02850/05033 | loss=3.751183e-01 | stage_elapsed=00:28:27 | stage_eta=00:21:48 | data_wait=1.19s
2026-09-01 22:24:51 | INFO    | TRAIN | epoch=026/030 | batch=02900/05033 | loss=3.771349e-01 | stage_elapsed=00:28:58 | stage_eta=00:21:19 | data_wait=1.21s
2026-09-01 22:25:21 | INFO    | TRAIN | epoch=026/030 | batch=02950/05033 | loss=4.865653e-01 | stage_elapsed=00:29:29 | stage_eta=00:20:49 | data_wait=1.23s
2026-09-01 22:25:51 | INFO    | TRAIN | epoch=026/030 | batch=03000/05033 | loss=3.918194e-01 | stage_elapsed=00:29:59 | stage_eta=00:20:19 | data_wait=1.24s
2026-09-01 22:26:22 | INFO    | TRAIN | epoch=026/030 | batch=03050/05033 | loss=3.407943e-01 | stage_elapsed=00:30:29 | stage_eta=00:19:49 | data_wait=1.26s
2026-09-01 22:26:52 | INFO    | TRAIN | epoch=026/030 | batch=03100/05033 | loss=3.618408e-01 | stage_elapsed=00:31:00 | stage_eta=00:19:20 | data_wait=1.27s
2026-09-01 22:27:20 | INFO    | TRAIN | epoch=026/030 | batch=03150/05033 | loss=3.613928e-01 | stage_elapsed=00:31:28 | stage_eta=00:18:48 | data_wait=1.29s
2026-09-01 22:27:50 | INFO    | TRAIN | epoch=026/030 | batch=03200/05033 | loss=3.808639e-01 | stage_elapsed=00:31:58 | stage_eta=00:18:19 | data_wait=1.30s
2026-09-01 22:28:21 | INFO    | TRAIN | epoch=026/030 | batch=03250/05033 | loss=3.700249e-01 | stage_elapsed=00:32:29 | stage_eta=00:17:49 | data_wait=1.31s
2026-09-01 22:28:52 | INFO    | TRAIN | epoch=026/030 | batch=03300/05033 | loss=4.259762e-01 | stage_elapsed=00:32:59 | stage_eta=00:17:19 | data_wait=1.32s
2026-09-01 22:29:21 | INFO    | TRAIN | epoch=026/030 | batch=03350/05033 | loss=4.034449e-01 | stage_elapsed=00:33:29 | stage_eta=00:16:49 | data_wait=1.33s
2026-09-01 22:29:51 | INFO    | TRAIN | epoch=026/030 | batch=03400/05033 | loss=3.848017e-01 | stage_elapsed=00:33:58 | stage_eta=00:16:19 | data_wait=1.35s
2026-09-01 22:30:20 | INFO    | TRAIN | epoch=026/030 | batch=03450/05033 | loss=4.027752e-01 | stage_elapsed=00:34:28 | stage_eta=00:15:49 | data_wait=1.36s
2026-09-01 22:30:50 | INFO    | TRAIN | epoch=026/030 | batch=03500/05033 | loss=3.493469e-01 | stage_elapsed=00:34:58 | stage_eta=00:15:19 | data_wait=1.38s
2026-09-01 22:31:20 | INFO    | TRAIN | epoch=026/030 | batch=03550/05033 | loss=3.982906e-01 | stage_elapsed=00:35:28 | stage_eta=00:14:49 | data_wait=1.39s
2026-09-01 22:31:50 | INFO    | TRAIN | epoch=026/030 | batch=03600/05033 | loss=4.384701e-01 | stage_elapsed=00:35:58 | stage_eta=00:14:19 | data_wait=1.40s
2026-09-01 22:32:21 | INFO    | TRAIN | epoch=026/030 | batch=03650/05033 | loss=3.774031e-01 | stage_elapsed=00:36:28 | stage_eta=00:13:49 | data_wait=1.41s
2026-09-01 22:32:51 | INFO    | TRAIN | epoch=026/030 | batch=03700/05033 | loss=3.802930e-01 | stage_elapsed=00:36:59 | stage_eta=00:13:20 | data_wait=1.42s
2026-09-01 22:33:20 | INFO    | TRAIN | epoch=026/030 | batch=03750/05033 | loss=4.025903e-01 | stage_elapsed=00:37:28 | stage_eta=00:12:49 | data_wait=1.43s
2026-09-01 22:33:50 | INFO    | TRAIN | epoch=026/030 | batch=03800/05033 | loss=3.831569e-01 | stage_elapsed=00:37:58 | stage_eta=00:12:19 | data_wait=1.45s
2026-09-01 22:34:20 | INFO    | TRAIN | epoch=026/030 | batch=03850/05033 | loss=3.928089e-01 | stage_elapsed=00:38:27 | stage_eta=00:11:49 | data_wait=1.47s
2026-09-01 22:34:51 | INFO    | TRAIN | epoch=026/030 | batch=03900/05033 | loss=3.798673e-01 | stage_elapsed=00:38:58 | stage_eta=00:11:19 | data_wait=1.48s
2026-09-01 22:35:22 | INFO    | TRAIN | epoch=026/030 | batch=03950/05033 | loss=3.680068e-01 | stage_elapsed=00:39:29 | stage_eta=00:10:50 | data_wait=1.49s
2026-09-01 22:35:52 | INFO    | TRAIN | epoch=026/030 | batch=04000/05033 | loss=4.682027e-01 | stage_elapsed=00:40:00 | stage_eta=00:10:20 | data_wait=1.50s
2026-09-01 22:36:21 | INFO    | TRAIN | epoch=026/030 | batch=04050/05033 | loss=3.671051e-01 | stage_elapsed=00:40:29 | stage_eta=00:09:49 | data_wait=1.51s
2026-09-01 22:36:51 | INFO    | TRAIN | epoch=026/030 | batch=04100/05033 | loss=4.158721e-01 | stage_elapsed=00:40:58 | stage_eta=00:09:19 | data_wait=1.52s
2026-09-01 22:37:22 | INFO    | TRAIN | epoch=026/030 | batch=04150/05033 | loss=4.333850e-01 | stage_elapsed=00:41:29 | stage_eta=00:08:50 | data_wait=1.53s
2026-09-01 22:37:50 | INFO    | TRAIN | epoch=026/030 | batch=04200/05033 | loss=4.912833e-01 | stage_elapsed=00:41:58 | stage_eta=00:08:19 | data_wait=1.55s
2026-09-01 22:38:21 | INFO    | TRAIN | epoch=026/030 | batch=04250/05033 | loss=4.666729e-01 | stage_elapsed=00:42:29 | stage_eta=00:07:50 | data_wait=1.57s
2026-09-01 22:38:52 | INFO    | TRAIN | epoch=026/030 | batch=04300/05033 | loss=4.005149e-01 | stage_elapsed=00:42:59 | stage_eta=00:07:20 | data_wait=1.58s
2026-09-01 22:39:21 | INFO    | TRAIN | epoch=026/030 | batch=04350/05033 | loss=3.903983e-01 | stage_elapsed=00:43:29 | stage_eta=00:06:50 | data_wait=1.59s
2026-09-01 22:39:51 | INFO    | TRAIN | epoch=026/030 | batch=04400/05033 | loss=4.499827e-01 | stage_elapsed=00:43:59 | stage_eta=00:06:20 | data_wait=1.61s
2026-09-01 22:40:21 | INFO    | TRAIN | epoch=026/030 | batch=04450/05033 | loss=3.604387e-01 | stage_elapsed=00:44:28 | stage_eta=00:05:50 | data_wait=1.62s
2026-09-01 22:40:51 | INFO    | TRAIN | epoch=026/030 | batch=04500/05033 | loss=3.724251e-01 | stage_elapsed=00:44:59 | stage_eta=00:05:20 | data_wait=1.63s
2026-09-01 22:41:21 | INFO    | TRAIN | epoch=026/030 | batch=04550/05033 | loss=4.023383e-01 | stage_elapsed=00:45:29 | stage_eta=00:04:50 | data_wait=1.64s
2026-09-01 22:41:51 | INFO    | TRAIN | epoch=026/030 | batch=04600/05033 | loss=3.841431e-01 | stage_elapsed=00:45:59 | stage_eta=00:04:20 | data_wait=1.65s
2026-09-01 22:42:20 | INFO    | TRAIN | epoch=026/030 | batch=04650/05033 | loss=4.772321e-01 | stage_elapsed=00:46:28 | stage_eta=00:03:50 | data_wait=1.68s
2026-09-01 22:42:49 | INFO    | TRAIN | epoch=026/030 | batch=04700/05033 | loss=4.299451e-01 | stage_elapsed=00:46:56 | stage_eta=00:03:20 | data_wait=1.69s
2026-09-01 22:43:19 | INFO    | TRAIN | epoch=026/030 | batch=04750/05033 | loss=3.954782e-01 | stage_elapsed=00:47:27 | stage_eta=00:02:50 | data_wait=1.70s
2026-09-01 22:43:48 | INFO    | TRAIN | epoch=026/030 | batch=04800/05033 | loss=3.859393e-01 | stage_elapsed=00:47:56 | stage_eta=00:02:20 | data_wait=1.71s
2026-09-01 22:44:20 | INFO    | TRAIN | epoch=026/030 | batch=04850/05033 | loss=3.826603e-01 | stage_elapsed=00:48:27 | stage_eta=00:01:50 | data_wait=1.72s
2026-09-01 22:44:50 | INFO    | TRAIN | epoch=026/030 | batch=04900/05033 | loss=4.282392e-01 | stage_elapsed=00:48:58 | stage_eta=00:01:20 | data_wait=1.73s
2026-09-01 22:45:20 | INFO    | TRAIN | epoch=026/030 | batch=04950/05033 | loss=3.689412e-01 | stage_elapsed=00:49:27 | stage_eta=00:00:50 | data_wait=1.75s
2026-09-01 22:45:50 | INFO    | TRAIN | epoch=026/030 | batch=05000/05033 | loss=3.711941e-01 | stage_elapsed=00:49:58 | stage_eta=00:00:20 | data_wait=1.76s
2026-09-01 22:46:09 | INFO    | TRAIN | epoch=026/030 | batch=05033/05033 | loss=3.544717e-01 | stage_elapsed=00:50:17 | stage_eta=00:00:00 | data_wait=1.77s
2026-09-01 22:46:23 | INFO    | VAL | epoch=026/030 | batch=00050/00212 | loss=3.923600e-01 | stage_elapsed=00:00:14 | stage_eta=00:00:46 | data_wait=0.36s
2026-09-01 22:46:36 | INFO    | VAL | epoch=026/030 | batch=00100/00212 | loss=4.835714e-01 | stage_elapsed=00:00:27 | stage_eta=00:00:30 | data_wait=0.38s
2026-09-01 22:46:51 | INFO    | VAL | epoch=026/030 | batch=00150/00212 | loss=5.000504e-01 | stage_elapsed=00:00:42 | stage_eta=00:00:17 | data_wait=0.40s
2026-09-01 22:47:05 | INFO    | VAL | epoch=026/030 | batch=00200/00212 | loss=4.316964e-01 | stage_elapsed=00:00:55 | stage_eta=00:00:03 | data_wait=0.41s
2026-09-01 22:47:08 | INFO    | VAL | epoch=026/030 | batch=00212/00212 | loss=6.315882e-01 | stage_elapsed=00:00:58 | stage_eta=00:00:00 | data_wait=0.41s
2026-09-01 22:47:08 | INFO    | Epoch 026 complete | train=4.039545e-01 | val=4.818055e-01 | best=4.722384e-01 | lr=1.000e-03 | epoch_time=00:51:16 | run_elapsed=23:06:23 | eta=03:33:17 | finish=2026-09-02 02:20:26 CST
2026-09-01 22:47:39 | INFO    | TRAIN | epoch=027/030 | batch=00050/05033 | loss=4.597288e-01 | stage_elapsed=00:00:31 | stage_eta=00:51:25 | data_wait=0.30s
2026-09-01 22:48:10 | INFO    | TRAIN | epoch=027/030 | batch=00100/05033 | loss=3.538916e-01 | stage_elapsed=00:01:01 | stage_eta=00:50:32 | data_wait=0.32s
2026-09-01 22:48:38 | INFO    | TRAIN | epoch=027/030 | batch=00150/05033 | loss=3.815563e-01 | stage_elapsed=00:01:30 | stage_eta=00:49:00 | data_wait=0.33s
2026-09-01 22:49:09 | INFO    | TRAIN | epoch=027/030 | batch=00200/05033 | loss=4.025863e-01 | stage_elapsed=00:02:01 | stage_eta=00:48:35 | data_wait=0.34s
2026-09-01 22:49:39 | INFO    | TRAIN | epoch=027/030 | batch=00250/05033 | loss=3.790763e-01 | stage_elapsed=00:02:31 | stage_eta=00:48:10 | data_wait=0.36s
2026-09-01 22:50:10 | INFO    | TRAIN | epoch=027/030 | batch=00300/05033 | loss=4.362529e-01 | stage_elapsed=00:03:02 | stage_eta=00:47:45 | data_wait=0.37s
2026-09-01 22:50:40 | INFO    | TRAIN | epoch=027/030 | batch=00350/05033 | loss=3.235435e-01 | stage_elapsed=00:03:32 | stage_eta=00:47:11 | data_wait=0.39s
2026-09-01 22:51:09 | INFO    | TRAIN | epoch=027/030 | batch=00400/05033 | loss=4.112479e-01 | stage_elapsed=00:04:01 | stage_eta=00:46:34 | data_wait=0.40s
2026-09-01 22:51:38 | INFO    | TRAIN | epoch=027/030 | batch=00450/05033 | loss=4.433287e-01 | stage_elapsed=00:04:30 | stage_eta=00:45:51 | data_wait=0.41s
2026-09-01 22:52:09 | INFO    | TRAIN | epoch=027/030 | batch=00500/05033 | loss=4.089053e-01 | stage_elapsed=00:05:01 | stage_eta=00:45:28 | data_wait=0.42s
2026-09-01 22:52:39 | INFO    | TRAIN | epoch=027/030 | batch=00550/05033 | loss=4.192932e-01 | stage_elapsed=00:05:31 | stage_eta=00:44:58 | data_wait=0.43s
2026-09-01 22:53:10 | INFO    | TRAIN | epoch=027/030 | batch=00600/05033 | loss=4.111933e-01 | stage_elapsed=00:06:02 | stage_eta=00:44:36 | data_wait=0.45s
2026-09-01 22:53:41 | INFO    | TRAIN | epoch=027/030 | batch=00650/05033 | loss=4.262355e-01 | stage_elapsed=00:06:33 | stage_eta=00:44:07 | data_wait=0.46s
2026-09-01 22:54:11 | INFO    | TRAIN | epoch=027/030 | batch=00700/05033 | loss=3.546950e-01 | stage_elapsed=00:07:03 | stage_eta=00:43:36 | data_wait=0.47s
2026-09-01 22:54:39 | INFO    | TRAIN | epoch=027/030 | batch=00750/05033 | loss=3.179086e-01 | stage_elapsed=00:07:31 | stage_eta=00:42:56 | data_wait=0.50s
2026-09-01 22:55:09 | INFO    | TRAIN | epoch=027/030 | batch=00800/05033 | loss=3.716647e-01 | stage_elapsed=00:08:00 | stage_eta=00:42:22 | data_wait=0.51s
2026-09-01 22:55:39 | INFO    | TRAIN | epoch=027/030 | batch=00850/05033 | loss=4.523425e-01 | stage_elapsed=00:08:31 | stage_eta=00:41:56 | data_wait=0.52s
2026-09-01 22:56:10 | INFO    | TRAIN | epoch=027/030 | batch=00900/05033 | loss=3.921161e-01 | stage_elapsed=00:09:02 | stage_eta=00:41:27 | data_wait=0.54s
2026-09-01 22:56:41 | INFO    | TRAIN | epoch=027/030 | batch=00950/05033 | loss=4.196831e-01 | stage_elapsed=00:09:33 | stage_eta=00:41:02 | data_wait=0.55s
2026-09-01 22:57:11 | INFO    | TRAIN | epoch=027/030 | batch=01000/05033 | loss=3.851989e-01 | stage_elapsed=00:10:03 | stage_eta=00:40:30 | data_wait=0.56s
2026-09-01 22:57:40 | INFO    | TRAIN | epoch=027/030 | batch=01050/05033 | loss=3.551117e-01 | stage_elapsed=00:10:32 | stage_eta=00:39:56 | data_wait=0.57s
2026-09-01 22:58:10 | INFO    | TRAIN | epoch=027/030 | batch=01100/05033 | loss=4.565113e-01 | stage_elapsed=00:11:02 | stage_eta=00:39:28 | data_wait=0.59s
2026-09-01 22:58:41 | INFO    | TRAIN | epoch=027/030 | batch=01150/05033 | loss=4.234214e-01 | stage_elapsed=00:11:33 | stage_eta=00:38:59 | data_wait=0.60s
2026-09-01 22:59:10 | INFO    | TRAIN | epoch=027/030 | batch=01200/05033 | loss=4.315489e-01 | stage_elapsed=00:12:02 | stage_eta=00:38:26 | data_wait=0.62s
2026-09-01 22:59:41 | INFO    | TRAIN | epoch=027/030 | batch=01250/05033 | loss=4.103875e-01 | stage_elapsed=00:12:33 | stage_eta=00:37:58 | data_wait=0.63s
2026-09-01 23:00:12 | INFO    | TRAIN | epoch=027/030 | batch=01300/05033 | loss=3.878045e-01 | stage_elapsed=00:13:03 | stage_eta=00:37:30 | data_wait=0.64s
2026-09-01 23:00:39 | INFO    | TRAIN | epoch=027/030 | batch=01350/05033 | loss=3.265524e-01 | stage_elapsed=00:13:31 | stage_eta=00:36:53 | data_wait=0.65s
2026-09-01 23:01:11 | INFO    | TRAIN | epoch=027/030 | batch=01400/05033 | loss=3.948475e-01 | stage_elapsed=00:14:02 | stage_eta=00:36:26 | data_wait=0.67s
2026-09-01 23:01:41 | INFO    | TRAIN | epoch=027/030 | batch=01450/05033 | loss=3.447092e-01 | stage_elapsed=00:14:32 | stage_eta=00:35:56 | data_wait=0.68s
2026-09-01 23:02:12 | INFO    | TRAIN | epoch=027/030 | batch=01500/05033 | loss=4.189403e-01 | stage_elapsed=00:15:04 | stage_eta=00:35:29 | data_wait=0.69s
2026-09-01 23:02:42 | INFO    | TRAIN | epoch=027/030 | batch=01550/05033 | loss=4.810193e-01 | stage_elapsed=00:15:34 | stage_eta=00:34:58 | data_wait=0.70s
2026-09-01 23:03:12 | INFO    | TRAIN | epoch=027/030 | batch=01600/05033 | loss=3.265918e-01 | stage_elapsed=00:16:04 | stage_eta=00:34:27 | data_wait=0.72s
2026-09-01 23:03:40 | INFO    | TRAIN | epoch=027/030 | batch=01650/05033 | loss=4.895504e-01 | stage_elapsed=00:16:32 | stage_eta=00:33:54 | data_wait=0.74s
2026-09-01 23:04:10 | INFO    | TRAIN | epoch=027/030 | batch=01700/05033 | loss=3.563037e-01 | stage_elapsed=00:17:02 | stage_eta=00:33:24 | data_wait=0.75s
2026-09-01 23:04:41 | INFO    | TRAIN | epoch=027/030 | batch=01750/05033 | loss=4.249446e-01 | stage_elapsed=00:17:33 | stage_eta=00:32:56 | data_wait=0.76s
2026-09-01 23:05:12 | INFO    | TRAIN | epoch=027/030 | batch=01800/05033 | loss=4.308976e-01 | stage_elapsed=00:18:03 | stage_eta=00:32:26 | data_wait=0.77s
2026-09-01 23:05:43 | INFO    | TRAIN | epoch=027/030 | batch=01850/05033 | loss=3.378020e-01 | stage_elapsed=00:18:35 | stage_eta=00:31:58 | data_wait=0.79s
2026-09-01 23:06:13 | INFO    | TRAIN | epoch=027/030 | batch=01900/05033 | loss=3.255286e-01 | stage_elapsed=00:19:05 | stage_eta=00:31:28 | data_wait=0.80s
2026-09-01 23:06:42 | INFO    | TRAIN | epoch=027/030 | batch=01950/05033 | loss=4.037034e-01 | stage_elapsed=00:19:34 | stage_eta=00:30:56 | data_wait=0.81s
2026-09-01 23:07:12 | INFO    | TRAIN | epoch=027/030 | batch=02000/05033 | loss=4.307424e-01 | stage_elapsed=00:20:04 | stage_eta=00:30:25 | data_wait=0.83s
2026-09-01 23:07:41 | INFO    | TRAIN | epoch=027/030 | batch=02050/05033 | loss=4.373872e-01 | stage_elapsed=00:20:33 | stage_eta=00:29:55 | data_wait=0.85s
2026-09-01 23:08:13 | INFO    | TRAIN | epoch=027/030 | batch=02100/05033 | loss=3.270596e-01 | stage_elapsed=00:21:04 | stage_eta=00:29:26 | data_wait=0.86s
2026-09-01 23:08:43 | INFO    | TRAIN | epoch=027/030 | batch=02150/05033 | loss=4.189073e-01 | stage_elapsed=00:21:35 | stage_eta=00:28:56 | data_wait=0.87s
2026-09-01 23:09:13 | INFO    | TRAIN | epoch=027/030 | batch=02200/05033 | loss=3.627011e-01 | stage_elapsed=00:22:05 | stage_eta=00:28:26 | data_wait=0.88s
2026-09-01 23:09:43 | INFO    | TRAIN | epoch=027/030 | batch=02250/05033 | loss=4.401059e-01 | stage_elapsed=00:22:35 | stage_eta=00:27:55 | data_wait=0.89s
2026-09-01 23:10:13 | INFO    | TRAIN | epoch=027/030 | batch=02300/05033 | loss=4.144627e-01 | stage_elapsed=00:23:05 | stage_eta=00:27:26 | data_wait=0.90s
2026-09-01 23:10:44 | INFO    | TRAIN | epoch=027/030 | batch=02350/05033 | loss=4.890593e-01 | stage_elapsed=00:23:36 | stage_eta=00:26:56 | data_wait=0.91s
2026-09-01 23:11:14 | INFO    | TRAIN | epoch=027/030 | batch=02400/05033 | loss=4.057666e-01 | stage_elapsed=00:24:05 | stage_eta=00:26:26 | data_wait=0.93s
2026-09-01 23:11:43 | INFO    | TRAIN | epoch=027/030 | batch=02450/05033 | loss=3.911035e-01 | stage_elapsed=00:24:34 | stage_eta=00:25:54 | data_wait=0.95s
2026-09-01 23:12:13 | INFO    | TRAIN | epoch=027/030 | batch=02500/05033 | loss=4.151752e-01 | stage_elapsed=00:25:05 | stage_eta=00:25:25 | data_wait=0.96s
2026-09-01 23:12:42 | INFO    | TRAIN | epoch=027/030 | batch=02550/05033 | loss=3.865555e-01 | stage_elapsed=00:25:34 | stage_eta=00:24:54 | data_wait=0.97s
2026-09-01 23:13:13 | INFO    | TRAIN | epoch=027/030 | batch=02600/05033 | loss=4.350049e-01 | stage_elapsed=00:26:05 | stage_eta=00:24:24 | data_wait=0.98s
2026-09-01 23:13:43 | INFO    | TRAIN | epoch=027/030 | batch=02650/05033 | loss=3.872917e-01 | stage_elapsed=00:26:35 | stage_eta=00:23:54 | data_wait=0.99s
2026-09-01 23:14:14 | INFO    | TRAIN | epoch=027/030 | batch=02700/05033 | loss=3.762070e-01 | stage_elapsed=00:27:06 | stage_eta=00:23:25 | data_wait=1.00s
2026-09-01 23:14:44 | INFO    | TRAIN | epoch=027/030 | batch=02750/05033 | loss=4.222676e-01 | stage_elapsed=00:27:36 | stage_eta=00:22:55 | data_wait=1.01s
2026-09-01 23:15:13 | INFO    | TRAIN | epoch=027/030 | batch=02800/05033 | loss=3.812823e-01 | stage_elapsed=00:28:05 | stage_eta=00:22:24 | data_wait=1.03s
2026-09-01 23:15:42 | INFO    | TRAIN | epoch=027/030 | batch=02850/05033 | loss=4.758193e-01 | stage_elapsed=00:28:34 | stage_eta=00:21:53 | data_wait=1.05s
2026-09-01 23:16:12 | INFO    | TRAIN | epoch=027/030 | batch=02900/05033 | loss=4.385990e-01 | stage_elapsed=00:29:04 | stage_eta=00:21:23 | data_wait=1.06s
2026-09-01 23:16:43 | INFO    | TRAIN | epoch=027/030 | batch=02950/05033 | loss=4.005071e-01 | stage_elapsed=00:29:34 | stage_eta=00:20:53 | data_wait=1.07s
2026-09-01 23:17:13 | INFO    | TRAIN | epoch=027/030 | batch=03000/05033 | loss=3.982759e-01 | stage_elapsed=00:30:05 | stage_eta=00:20:23 | data_wait=1.08s
2026-09-01 23:17:44 | INFO    | TRAIN | epoch=027/030 | batch=03050/05033 | loss=3.959810e-01 | stage_elapsed=00:30:36 | stage_eta=00:19:53 | data_wait=1.09s
2026-09-01 23:18:13 | INFO    | TRAIN | epoch=027/030 | batch=03100/05033 | loss=3.523788e-01 | stage_elapsed=00:31:05 | stage_eta=00:19:23 | data_wait=1.10s
2026-09-01 23:18:43 | INFO    | TRAIN | epoch=027/030 | batch=03150/05033 | loss=3.822135e-01 | stage_elapsed=00:31:35 | stage_eta=00:18:53 | data_wait=1.11s
2026-09-01 23:19:13 | INFO    | TRAIN | epoch=027/030 | batch=03200/05033 | loss=4.393269e-01 | stage_elapsed=00:32:04 | stage_eta=00:18:22 | data_wait=1.13s
2026-09-01 23:19:42 | INFO    | TRAIN | epoch=027/030 | batch=03250/05033 | loss=3.671677e-01 | stage_elapsed=00:32:34 | stage_eta=00:17:52 | data_wait=1.15s
2026-09-01 23:20:13 | INFO    | TRAIN | epoch=027/030 | batch=03300/05033 | loss=3.762321e-01 | stage_elapsed=00:33:04 | stage_eta=00:17:22 | data_wait=1.16s
2026-09-01 23:20:42 | INFO    | TRAIN | epoch=027/030 | batch=03350/05033 | loss=2.909984e-01 | stage_elapsed=00:33:34 | stage_eta=00:16:52 | data_wait=1.17s
2026-09-01 23:21:13 | INFO    | TRAIN | epoch=027/030 | batch=03400/05033 | loss=4.952857e-01 | stage_elapsed=00:34:05 | stage_eta=00:16:22 | data_wait=1.19s
2026-09-01 23:21:42 | INFO    | TRAIN | epoch=027/030 | batch=03450/05033 | loss=4.600246e-01 | stage_elapsed=00:34:34 | stage_eta=00:15:52 | data_wait=1.20s
2026-09-01 23:22:13 | INFO    | TRAIN | epoch=027/030 | batch=03500/05033 | loss=4.245502e-01 | stage_elapsed=00:35:05 | stage_eta=00:15:22 | data_wait=1.21s
2026-09-01 23:22:43 | INFO    | TRAIN | epoch=027/030 | batch=03550/05033 | loss=3.919400e-01 | stage_elapsed=00:35:35 | stage_eta=00:14:52 | data_wait=1.22s
2026-09-01 23:23:14 | INFO    | TRAIN | epoch=027/030 | batch=03600/05033 | loss=3.146734e-01 | stage_elapsed=00:36:06 | stage_eta=00:14:22 | data_wait=1.23s
2026-09-01 23:23:43 | INFO    | TRAIN | epoch=027/030 | batch=03650/05033 | loss=4.769129e-01 | stage_elapsed=00:36:35 | stage_eta=00:13:52 | data_wait=1.25s
2026-09-01 23:24:13 | INFO    | TRAIN | epoch=027/030 | batch=03700/05033 | loss=4.163569e-01 | stage_elapsed=00:37:05 | stage_eta=00:13:22 | data_wait=1.27s
2026-09-01 23:24:42 | INFO    | TRAIN | epoch=027/030 | batch=03750/05033 | loss=3.829805e-01 | stage_elapsed=00:37:34 | stage_eta=00:12:51 | data_wait=1.28s
2026-09-01 23:25:13 | INFO    | TRAIN | epoch=027/030 | batch=03800/05033 | loss=3.232379e-01 | stage_elapsed=00:38:05 | stage_eta=00:12:21 | data_wait=1.29s
2026-09-01 23:25:44 | INFO    | TRAIN | epoch=027/030 | batch=03850/05033 | loss=4.178041e-01 | stage_elapsed=00:38:35 | stage_eta=00:11:51 | data_wait=1.30s
2026-09-01 23:26:14 | INFO    | TRAIN | epoch=027/030 | batch=03900/05033 | loss=4.073544e-01 | stage_elapsed=00:39:06 | stage_eta=00:11:21 | data_wait=1.31s
2026-09-01 23:26:44 | INFO    | TRAIN | epoch=027/030 | batch=03950/05033 | loss=4.619178e-01 | stage_elapsed=00:39:36 | stage_eta=00:10:51 | data_wait=1.33s
2026-09-01 23:27:14 | INFO    | TRAIN | epoch=027/030 | batch=04000/05033 | loss=3.321874e-01 | stage_elapsed=00:40:06 | stage_eta=00:10:21 | data_wait=1.34s
2026-09-01 23:27:42 | INFO    | TRAIN | epoch=027/030 | batch=04050/05033 | loss=3.592266e-01 | stage_elapsed=00:40:34 | stage_eta=00:09:51 | data_wait=1.35s
2026-09-01 23:28:12 | INFO    | TRAIN | epoch=027/030 | batch=04100/05033 | loss=3.531732e-01 | stage_elapsed=00:41:03 | stage_eta=00:09:21 | data_wait=1.37s
2026-09-01 23:28:42 | INFO    | TRAIN | epoch=027/030 | batch=04150/05033 | loss=2.777841e-01 | stage_elapsed=00:41:33 | stage_eta=00:08:51 | data_wait=1.38s
2026-09-01 23:29:12 | INFO    | TRAIN | epoch=027/030 | batch=04200/05033 | loss=4.173754e-01 | stage_elapsed=00:42:04 | stage_eta=00:08:21 | data_wait=1.39s
2026-09-01 23:29:43 | INFO    | TRAIN | epoch=027/030 | batch=04250/05033 | loss=3.795946e-01 | stage_elapsed=00:42:35 | stage_eta=00:07:51 | data_wait=1.40s
2026-09-01 23:30:13 | INFO    | TRAIN | epoch=027/030 | batch=04300/05033 | loss=3.926096e-01 | stage_elapsed=00:43:05 | stage_eta=00:07:21 | data_wait=1.42s
2026-09-01 23:30:42 | INFO    | TRAIN | epoch=027/030 | batch=04350/05033 | loss=4.102017e-01 | stage_elapsed=00:43:34 | stage_eta=00:06:50 | data_wait=1.43s
2026-09-01 23:31:12 | INFO    | TRAIN | epoch=027/030 | batch=04400/05033 | loss=4.320291e-01 | stage_elapsed=00:44:04 | stage_eta=00:06:20 | data_wait=1.44s
2026-09-01 23:31:42 | INFO    | TRAIN | epoch=027/030 | batch=04450/05033 | loss=3.922897e-01 | stage_elapsed=00:44:34 | stage_eta=00:05:50 | data_wait=1.45s
2026-09-01 23:32:13 | INFO    | TRAIN | epoch=027/030 | batch=04500/05033 | loss=3.455803e-01 | stage_elapsed=00:45:04 | stage_eta=00:05:20 | data_wait=1.47s
2026-09-01 23:32:43 | INFO    | TRAIN | epoch=027/030 | batch=04550/05033 | loss=3.405709e-01 | stage_elapsed=00:45:34 | stage_eta=00:04:50 | data_wait=1.49s
2026-09-01 23:33:13 | INFO    | TRAIN | epoch=027/030 | batch=04600/05033 | loss=4.359962e-01 | stage_elapsed=00:46:05 | stage_eta=00:04:20 | data_wait=1.50s
2026-09-01 23:33:42 | INFO    | TRAIN | epoch=027/030 | batch=04650/05033 | loss=3.444258e-01 | stage_elapsed=00:46:34 | stage_eta=00:03:50 | data_wait=1.51s
2026-09-01 23:34:12 | INFO    | TRAIN | epoch=027/030 | batch=04700/05033 | loss=4.129211e-01 | stage_elapsed=00:47:03 | stage_eta=00:03:20 | data_wait=1.53s
2026-09-01 23:34:42 | INFO    | TRAIN | epoch=027/030 | batch=04750/05033 | loss=3.990110e-01 | stage_elapsed=00:47:34 | stage_eta=00:02:50 | data_wait=1.54s
2026-09-01 23:35:13 | INFO    | TRAIN | epoch=027/030 | batch=04800/05033 | loss=4.340205e-01 | stage_elapsed=00:48:05 | stage_eta=00:02:20 | data_wait=1.55s
2026-09-01 23:35:43 | INFO    | TRAIN | epoch=027/030 | batch=04850/05033 | loss=4.060757e-01 | stage_elapsed=00:48:35 | stage_eta=00:01:50 | data_wait=1.56s
2026-09-01 23:36:13 | INFO    | TRAIN | epoch=027/030 | batch=04900/05033 | loss=3.786422e-01 | stage_elapsed=00:49:05 | stage_eta=00:01:20 | data_wait=1.58s
2026-09-01 23:36:43 | INFO    | TRAIN | epoch=027/030 | batch=04950/05033 | loss=4.641185e-01 | stage_elapsed=00:49:35 | stage_eta=00:00:50 | data_wait=1.60s
2026-09-01 23:37:10 | INFO    | TRAIN | epoch=027/030 | batch=05000/05033 | loss=4.855697e-01 | stage_elapsed=00:50:02 | stage_eta=00:00:20 | data_wait=1.61s
2026-09-01 23:37:31 | INFO    | TRAIN | epoch=027/030 | batch=05033/05033 | loss=3.697281e-01 | stage_elapsed=00:50:23 | stage_eta=00:00:00 | data_wait=1.62s
2026-09-01 23:37:45 | INFO    | VAL | epoch=027/030 | batch=00050/00212 | loss=4.073607e-01 | stage_elapsed=00:00:14 | stage_eta=00:00:46 | data_wait=0.33s
2026-09-01 23:37:59 | INFO    | VAL | epoch=027/030 | batch=00100/00212 | loss=4.827787e-01 | stage_elapsed=00:00:28 | stage_eta=00:00:32 | data_wait=0.34s
2026-09-01 23:38:13 | INFO    | VAL | epoch=027/030 | batch=00150/00212 | loss=5.019991e-01 | stage_elapsed=00:00:42 | stage_eta=00:00:17 | data_wait=0.35s
2026-09-01 23:38:27 | INFO    | VAL | epoch=027/030 | batch=00200/00212 | loss=4.640870e-01 | stage_elapsed=00:00:57 | stage_eta=00:00:03 | data_wait=0.36s
2026-09-01 23:38:30 | INFO    | VAL | epoch=027/030 | batch=00212/00212 | loss=6.494362e-01 | stage_elapsed=00:01:00 | stage_eta=00:00:00 | data_wait=0.36s
2026-09-01 23:38:31 | INFO    | Epoch 027 complete | train=3.977656e-01 | val=4.970605e-01 | best=4.722384e-01 | lr=1.000e-03 | epoch_time=00:51:23 | run_elapsed=23:57:46 | eta=02:39:45 | finish=2026-09-02 02:18:16 CST
2026-09-01 23:39:02 | INFO    | TRAIN | epoch=028/030 | batch=00050/05033 | loss=3.704436e-01 | stage_elapsed=00:00:31 | stage_eta=00:51:45 | data_wait=0.33s
2026-09-01 23:39:31 | INFO    | TRAIN | epoch=028/030 | batch=00100/05033 | loss=3.816453e-01 | stage_elapsed=00:01:01 | stage_eta=00:49:49 | data_wait=0.34s
2026-09-01 23:40:02 | INFO    | TRAIN | epoch=028/030 | batch=00150/05033 | loss=3.887241e-01 | stage_elapsed=00:01:31 | stage_eta=00:49:14 | data_wait=0.35s
2026-09-01 23:40:31 | INFO    | TRAIN | epoch=028/030 | batch=00200/05033 | loss=4.685956e-01 | stage_elapsed=00:02:00 | stage_eta=00:48:22 | data_wait=0.36s
2026-09-01 23:41:01 | INFO    | TRAIN | epoch=028/030 | batch=00250/05033 | loss=2.778350e-01 | stage_elapsed=00:02:30 | stage_eta=00:47:51 | data_wait=0.38s
2026-09-01 23:41:30 | INFO    | TRAIN | epoch=028/030 | batch=00300/05033 | loss=4.341427e-01 | stage_elapsed=00:02:59 | stage_eta=00:47:06 | data_wait=0.40s
2026-09-01 23:42:00 | INFO    | TRAIN | epoch=028/030 | batch=00350/05033 | loss=3.916494e-01 | stage_elapsed=00:03:29 | stage_eta=00:46:43 | data_wait=0.41s
2026-09-01 23:42:31 | INFO    | TRAIN | epoch=028/030 | batch=00400/05033 | loss=3.648854e-01 | stage_elapsed=00:04:00 | stage_eta=00:46:24 | data_wait=0.42s
2026-09-01 23:43:02 | INFO    | TRAIN | epoch=028/030 | batch=00450/05033 | loss=4.214257e-01 | stage_elapsed=00:04:31 | stage_eta=00:45:57 | data_wait=0.43s
2026-09-01 23:43:31 | INFO    | TRAIN | epoch=028/030 | batch=00500/05033 | loss=3.479165e-01 | stage_elapsed=00:05:00 | stage_eta=00:45:24 | data_wait=0.45s
2026-09-01 23:44:02 | INFO    | TRAIN | epoch=028/030 | batch=00550/05033 | loss=4.071562e-01 | stage_elapsed=00:05:31 | stage_eta=00:44:58 | data_wait=0.46s
2026-09-01 23:44:32 | INFO    | TRAIN | epoch=028/030 | batch=00600/05033 | loss=3.615829e-01 | stage_elapsed=00:06:01 | stage_eta=00:44:30 | data_wait=0.47s
2026-09-01 23:45:03 | INFO    | TRAIN | epoch=028/030 | batch=00650/05033 | loss=3.855752e-01 | stage_elapsed=00:06:32 | stage_eta=00:44:02 | data_wait=0.48s
2026-09-01 23:45:32 | INFO    | TRAIN | epoch=028/030 | batch=00700/05033 | loss=4.754772e-01 | stage_elapsed=00:07:01 | stage_eta=00:43:27 | data_wait=0.50s
2026-09-01 23:46:02 | INFO    | TRAIN | epoch=028/030 | batch=00750/05033 | loss=3.849520e-01 | stage_elapsed=00:07:31 | stage_eta=00:42:56 | data_wait=0.51s
2026-09-01 23:46:31 | INFO    | TRAIN | epoch=028/030 | batch=00800/05033 | loss=4.463356e-01 | stage_elapsed=00:08:00 | stage_eta=00:42:19 | data_wait=0.53s
2026-09-01 23:47:01 | INFO    | TRAIN | epoch=028/030 | batch=00850/05033 | loss=4.058180e-01 | stage_elapsed=00:08:30 | stage_eta=00:41:51 | data_wait=0.54s
2026-09-01 23:47:31 | INFO    | TRAIN | epoch=028/030 | batch=00900/05033 | loss=3.537401e-01 | stage_elapsed=00:09:01 | stage_eta=00:41:23 | data_wait=0.55s
2026-09-01 23:48:02 | INFO    | TRAIN | epoch=028/030 | batch=00950/05033 | loss=3.564537e-01 | stage_elapsed=00:09:31 | stage_eta=00:40:56 | data_wait=0.56s
2026-09-01 23:48:33 | INFO    | TRAIN | epoch=028/030 | batch=01000/05033 | loss=3.009578e-01 | stage_elapsed=00:10:02 | stage_eta=00:40:29 | data_wait=0.57s
2026-09-01 23:49:03 | INFO    | TRAIN | epoch=028/030 | batch=01050/05033 | loss=3.047320e-01 | stage_elapsed=00:10:32 | stage_eta=00:39:58 | data_wait=0.58s
2026-09-01 23:49:32 | INFO    | TRAIN | epoch=028/030 | batch=01100/05033 | loss=4.635845e-01 | stage_elapsed=00:11:01 | stage_eta=00:39:23 | data_wait=0.61s
2026-09-01 23:50:00 | INFO    | TRAIN | epoch=028/030 | batch=01150/05033 | loss=3.461472e-01 | stage_elapsed=00:11:29 | stage_eta=00:38:46 | data_wait=0.63s
2026-09-01 23:50:30 | INFO    | TRAIN | epoch=028/030 | batch=01200/05033 | loss=3.532899e-01 | stage_elapsed=00:11:59 | stage_eta=00:38:17 | data_wait=0.64s
2026-09-01 23:51:01 | INFO    | TRAIN | epoch=028/030 | batch=01250/05033 | loss=3.801778e-01 | stage_elapsed=00:12:30 | stage_eta=00:37:49 | data_wait=0.65s
2026-09-01 23:51:31 | INFO    | TRAIN | epoch=028/030 | batch=01300/05033 | loss=4.388435e-01 | stage_elapsed=00:13:00 | stage_eta=00:37:20 | data_wait=0.66s
2026-09-01 23:52:01 | INFO    | TRAIN | epoch=028/030 | batch=01350/05033 | loss=3.488377e-01 | stage_elapsed=00:13:31 | stage_eta=00:36:52 | data_wait=0.67s
2026-09-01 23:52:31 | INFO    | TRAIN | epoch=028/030 | batch=01400/05033 | loss=3.524489e-01 | stage_elapsed=00:14:00 | stage_eta=00:36:21 | data_wait=0.68s
2026-09-01 23:53:01 | INFO    | TRAIN | epoch=028/030 | batch=01450/05033 | loss=3.541959e-01 | stage_elapsed=00:14:30 | stage_eta=00:35:50 | data_wait=0.69s
2026-09-01 23:53:31 | INFO    | TRAIN | epoch=028/030 | batch=01500/05033 | loss=4.092887e-01 | stage_elapsed=00:15:00 | stage_eta=00:35:21 | data_wait=0.70s
2026-09-01 23:54:00 | INFO    | TRAIN | epoch=028/030 | batch=01550/05033 | loss=4.938412e-01 | stage_elapsed=00:15:30 | stage_eta=00:34:49 | data_wait=0.72s
2026-09-01 23:54:30 | INFO    | TRAIN | epoch=028/030 | batch=01600/05033 | loss=3.695513e-01 | stage_elapsed=00:15:59 | stage_eta=00:34:18 | data_wait=0.74s
2026-09-01 23:55:01 | INFO    | TRAIN | epoch=028/030 | batch=01650/05033 | loss=3.783075e-01 | stage_elapsed=00:16:30 | stage_eta=00:33:49 | data_wait=0.75s
2026-09-01 23:55:31 | INFO    | TRAIN | epoch=028/030 | batch=01700/05033 | loss=3.270657e-01 | stage_elapsed=00:17:00 | stage_eta=00:33:20 | data_wait=0.76s
2026-09-01 23:56:00 | INFO    | TRAIN | epoch=028/030 | batch=01750/05033 | loss=3.332008e-01 | stage_elapsed=00:17:30 | stage_eta=00:32:49 | data_wait=0.77s
2026-09-01 23:56:31 | INFO    | TRAIN | epoch=028/030 | batch=01800/05033 | loss=3.761742e-01 | stage_elapsed=00:18:00 | stage_eta=00:32:19 | data_wait=0.78s
2026-09-01 23:57:01 | INFO    | TRAIN | epoch=028/030 | batch=01850/05033 | loss=3.683861e-01 | stage_elapsed=00:18:30 | stage_eta=00:31:50 | data_wait=0.79s
2026-09-01 23:57:31 | INFO    | TRAIN | epoch=028/030 | batch=01900/05033 | loss=4.070800e-01 | stage_elapsed=00:19:00 | stage_eta=00:31:20 | data_wait=0.80s
2026-09-01 23:58:01 | INFO    | TRAIN | epoch=028/030 | batch=01950/05033 | loss=3.508120e-01 | stage_elapsed=00:19:30 | stage_eta=00:30:50 | data_wait=0.82s
2026-09-01 23:58:31 | INFO    | TRAIN | epoch=028/030 | batch=02000/05033 | loss=3.403134e-01 | stage_elapsed=00:20:00 | stage_eta=00:30:19 | data_wait=0.84s
2026-09-01 23:58:59 | INFO    | TRAIN | epoch=028/030 | batch=02050/05033 | loss=3.673989e-01 | stage_elapsed=00:20:28 | stage_eta=00:29:46 | data_wait=0.85s
2026-09-01 23:59:29 | INFO    | TRAIN | epoch=028/030 | batch=02100/05033 | loss=4.389111e-01 | stage_elapsed=00:20:58 | stage_eta=00:29:17 | data_wait=0.86s
2026-09-01 23:59:59 | INFO    | TRAIN | epoch=028/030 | batch=02150/05033 | loss=3.551133e-01 | stage_elapsed=00:21:28 | stage_eta=00:28:47 | data_wait=0.88s
2026-09-02 00:00:30 | INFO    | TRAIN | epoch=028/030 | batch=02200/05033 | loss=3.438637e-01 | stage_elapsed=00:21:59 | stage_eta=00:28:19 | data_wait=0.89s
2026-09-02 00:01:01 | INFO    | TRAIN | epoch=028/030 | batch=02250/05033 | loss=4.017650e-01 | stage_elapsed=00:22:30 | stage_eta=00:27:50 | data_wait=0.90s
2026-09-02 00:01:31 | INFO    | TRAIN | epoch=028/030 | batch=02300/05033 | loss=4.384942e-01 | stage_elapsed=00:23:00 | stage_eta=00:27:20 | data_wait=0.91s
2026-09-02 00:02:00 | INFO    | TRAIN | epoch=028/030 | batch=02350/05033 | loss=3.632818e-01 | stage_elapsed=00:23:29 | stage_eta=00:26:49 | data_wait=0.92s
2026-09-02 00:02:29 | INFO    | TRAIN | epoch=028/030 | batch=02400/05033 | loss=3.976997e-01 | stage_elapsed=00:23:59 | stage_eta=00:26:18 | data_wait=0.94s
2026-09-02 00:02:59 | INFO    | TRAIN | epoch=028/030 | batch=02450/05033 | loss=3.688796e-01 | stage_elapsed=00:24:28 | stage_eta=00:25:48 | data_wait=0.96s
2026-09-02 00:03:28 | INFO    | TRAIN | epoch=028/030 | batch=02500/05033 | loss=3.947338e-01 | stage_elapsed=00:24:58 | stage_eta=00:25:17 | data_wait=0.97s
2026-09-02 00:03:59 | INFO    | TRAIN | epoch=028/030 | batch=02550/05033 | loss=4.405552e-01 | stage_elapsed=00:25:28 | stage_eta=00:24:48 | data_wait=0.98s
2026-09-02 00:04:29 | INFO    | TRAIN | epoch=028/030 | batch=02600/05033 | loss=3.798621e-01 | stage_elapsed=00:25:58 | stage_eta=00:24:18 | data_wait=0.99s
2026-09-02 00:05:00 | INFO    | TRAIN | epoch=028/030 | batch=02650/05033 | loss=3.669565e-01 | stage_elapsed=00:26:29 | stage_eta=00:23:49 | data_wait=1.01s
2026-09-02 00:05:28 | INFO    | TRAIN | epoch=028/030 | batch=02700/05033 | loss=3.656169e-01 | stage_elapsed=00:26:58 | stage_eta=00:23:18 | data_wait=1.02s
2026-09-02 00:05:59 | INFO    | TRAIN | epoch=028/030 | batch=02750/05033 | loss=3.063574e-01 | stage_elapsed=00:27:28 | stage_eta=00:22:48 | data_wait=1.03s
2026-09-02 00:06:29 | INFO    | TRAIN | epoch=028/030 | batch=02800/05033 | loss=3.425806e-01 | stage_elapsed=00:27:58 | stage_eta=00:22:18 | data_wait=1.04s
2026-09-02 00:07:00 | INFO    | TRAIN | epoch=028/030 | batch=02850/05033 | loss=3.485088e-01 | stage_elapsed=00:28:29 | stage_eta=00:21:49 | data_wait=1.05s
2026-09-02 00:07:29 | INFO    | TRAIN | epoch=028/030 | batch=02900/05033 | loss=3.397989e-01 | stage_elapsed=00:28:58 | stage_eta=00:21:18 | data_wait=1.07s
2026-09-02 00:07:58 | INFO    | TRAIN | epoch=028/030 | batch=02950/05033 | loss=3.950704e-01 | stage_elapsed=00:29:27 | stage_eta=00:20:48 | data_wait=1.09s
2026-09-02 00:08:29 | INFO    | TRAIN | epoch=028/030 | batch=03000/05033 | loss=4.365924e-01 | stage_elapsed=00:29:58 | stage_eta=00:20:18 | data_wait=1.10s
2026-09-02 00:08:58 | INFO    | TRAIN | epoch=028/030 | batch=03050/05033 | loss=3.824644e-01 | stage_elapsed=00:30:27 | stage_eta=00:19:48 | data_wait=1.12s
2026-09-02 00:09:28 | INFO    | TRAIN | epoch=028/030 | batch=03100/05033 | loss=3.826467e-01 | stage_elapsed=00:30:57 | stage_eta=00:19:18 | data_wait=1.13s
2026-09-02 00:09:59 | INFO    | TRAIN | epoch=028/030 | batch=03150/05033 | loss=3.680480e-01 | stage_elapsed=00:31:28 | stage_eta=00:18:49 | data_wait=1.14s
2026-09-02 00:10:29 | INFO    | TRAIN | epoch=028/030 | batch=03200/05033 | loss=4.080162e-01 | stage_elapsed=00:31:58 | stage_eta=00:18:19 | data_wait=1.15s
2026-09-02 00:11:00 | INFO    | TRAIN | epoch=028/030 | batch=03250/05033 | loss=4.250123e-01 | stage_elapsed=00:32:29 | stage_eta=00:17:49 | data_wait=1.16s
2026-09-02 00:11:29 | INFO    | TRAIN | epoch=028/030 | batch=03300/05033 | loss=4.360625e-01 | stage_elapsed=00:32:58 | stage_eta=00:17:19 | data_wait=1.17s
2026-09-02 00:11:58 | INFO    | TRAIN | epoch=028/030 | batch=03350/05033 | loss=4.168694e-01 | stage_elapsed=00:33:27 | stage_eta=00:16:48 | data_wait=1.19s
2026-09-02 00:12:27 | INFO    | TRAIN | epoch=028/030 | batch=03400/05033 | loss=3.627203e-01 | stage_elapsed=00:33:56 | stage_eta=00:16:18 | data_wait=1.20s
2026-09-02 00:12:56 | INFO    | TRAIN | epoch=028/030 | batch=03450/05033 | loss=3.444661e-01 | stage_elapsed=00:34:25 | stage_eta=00:15:48 | data_wait=1.22s
2026-09-02 00:13:27 | INFO    | TRAIN | epoch=028/030 | batch=03500/05033 | loss=4.207751e-01 | stage_elapsed=00:34:56 | stage_eta=00:15:18 | data_wait=1.23s
2026-09-02 00:13:56 | INFO    | TRAIN | epoch=028/030 | batch=03550/05033 | loss=3.415832e-01 | stage_elapsed=00:35:26 | stage_eta=00:14:48 | data_wait=1.24s
2026-09-02 00:14:27 | INFO    | TRAIN | epoch=028/030 | batch=03600/05033 | loss=3.900933e-01 | stage_elapsed=00:35:57 | stage_eta=00:14:18 | data_wait=1.25s
2026-09-02 00:14:58 | INFO    | TRAIN | epoch=028/030 | batch=03650/05033 | loss=3.790441e-01 | stage_elapsed=00:36:27 | stage_eta=00:13:49 | data_wait=1.26s
2026-09-02 00:15:26 | INFO    | TRAIN | epoch=028/030 | batch=03700/05033 | loss=3.224981e-01 | stage_elapsed=00:36:56 | stage_eta=00:13:18 | data_wait=1.27s
2026-09-02 00:16:03 | INFO    | TRAIN | epoch=028/030 | batch=03750/05033 | loss=4.480898e-01 | stage_elapsed=00:37:32 | stage_eta=00:12:51 | data_wait=1.28s
2026-09-02 00:16:36 | INFO    | TRAIN | epoch=028/030 | batch=03800/05033 | loss=3.374774e-01 | stage_elapsed=00:38:05 | stage_eta=00:12:22 | data_wait=1.30s
2026-09-02 00:17:12 | INFO    | TRAIN | epoch=028/030 | batch=03850/05033 | loss=4.124233e-01 | stage_elapsed=00:38:41 | stage_eta=00:11:53 | data_wait=1.31s
2026-09-02 00:17:49 | INFO    | TRAIN | epoch=028/030 | batch=03900/05033 | loss=4.773543e-01 | stage_elapsed=00:39:18 | stage_eta=00:11:25 | data_wait=1.32s
2026-09-02 00:18:26 | INFO    | TRAIN | epoch=028/030 | batch=03950/05033 | loss=3.860347e-01 | stage_elapsed=00:39:55 | stage_eta=00:10:57 | data_wait=1.34s
2026-09-02 00:19:02 | INFO    | TRAIN | epoch=028/030 | batch=04000/05033 | loss=4.121083e-01 | stage_elapsed=00:40:31 | stage_eta=00:10:28 | data_wait=1.35s
2026-09-02 00:19:37 | INFO    | TRAIN | epoch=028/030 | batch=04050/05033 | loss=4.149384e-01 | stage_elapsed=00:41:06 | stage_eta=00:09:59 | data_wait=1.36s
2026-09-02 00:20:13 | INFO    | TRAIN | epoch=028/030 | batch=04100/05033 | loss=4.026835e-01 | stage_elapsed=00:41:42 | stage_eta=00:09:29 | data_wait=1.37s
2026-09-02 00:20:49 | INFO    | TRAIN | epoch=028/030 | batch=04150/05033 | loss=4.425744e-01 | stage_elapsed=00:42:18 | stage_eta=00:09:00 | data_wait=1.38s
2026-09-02 00:21:24 | INFO    | TRAIN | epoch=028/030 | batch=04200/05033 | loss=3.557662e-01 | stage_elapsed=00:42:53 | stage_eta=00:08:30 | data_wait=1.40s
2026-09-02 00:21:59 | INFO    | TRAIN | epoch=028/030 | batch=04250/05033 | loss=4.230816e-01 | stage_elapsed=00:43:28 | stage_eta=00:08:01 | data_wait=1.41s
2026-09-02 00:22:36 | INFO    | TRAIN | epoch=028/030 | batch=04300/05033 | loss=4.394515e-01 | stage_elapsed=00:44:05 | stage_eta=00:07:31 | data_wait=1.42s
2026-09-02 00:23:13 | INFO    | TRAIN | epoch=028/030 | batch=04350/05033 | loss=3.492057e-01 | stage_elapsed=00:44:42 | stage_eta=00:07:01 | data_wait=1.43s
2026-09-02 00:23:49 | INFO    | TRAIN | epoch=028/030 | batch=04400/05033 | loss=4.030614e-01 | stage_elapsed=00:45:18 | stage_eta=00:06:31 | data_wait=1.44s
2026-09-02 00:24:25 | INFO    | TRAIN | epoch=028/030 | batch=04450/05033 | loss=3.558391e-01 | stage_elapsed=00:45:55 | stage_eta=00:06:01 | data_wait=1.45s
2026-09-02 00:25:01 | INFO    | TRAIN | epoch=028/030 | batch=04500/05033 | loss=4.511080e-01 | stage_elapsed=00:46:30 | stage_eta=00:05:31 | data_wait=1.46s
2026-09-02 00:25:37 | INFO    | TRAIN | epoch=028/030 | batch=04550/05033 | loss=3.924049e-01 | stage_elapsed=00:47:07 | stage_eta=00:05:00 | data_wait=1.48s
2026-09-02 00:26:12 | INFO    | TRAIN | epoch=028/030 | batch=04600/05033 | loss=4.056413e-01 | stage_elapsed=00:47:41 | stage_eta=00:04:29 | data_wait=1.49s
2026-09-02 00:26:49 | INFO    | TRAIN | epoch=028/030 | batch=04650/05033 | loss=3.482803e-01 | stage_elapsed=00:48:18 | stage_eta=00:03:59 | data_wait=1.50s
2026-09-02 00:27:24 | INFO    | TRAIN | epoch=028/030 | batch=04700/05033 | loss=2.904775e-01 | stage_elapsed=00:48:54 | stage_eta=00:03:28 | data_wait=1.51s
2026-09-02 00:28:02 | INFO    | TRAIN | epoch=028/030 | batch=04750/05033 | loss=4.084634e-01 | stage_elapsed=00:49:31 | stage_eta=00:02:57 | data_wait=1.52s
2026-09-02 00:28:38 | INFO    | TRAIN | epoch=028/030 | batch=04800/05033 | loss=3.772081e-01 | stage_elapsed=00:50:07 | stage_eta=00:02:26 | data_wait=1.54s
2026-09-02 00:29:13 | INFO    | TRAIN | epoch=028/030 | batch=04850/05033 | loss=5.395223e-01 | stage_elapsed=00:50:42 | stage_eta=00:01:55 | data_wait=1.55s
2026-09-02 00:29:51 | INFO    | TRAIN | epoch=028/030 | batch=04900/05033 | loss=3.621838e-01 | stage_elapsed=00:51:20 | stage_eta=00:01:24 | data_wait=1.56s
2026-09-02 00:30:27 | INFO    | TRAIN | epoch=028/030 | batch=04950/05033 | loss=4.492863e-01 | stage_elapsed=00:51:56 | stage_eta=00:00:52 | data_wait=1.57s
2026-09-02 00:31:02 | INFO    | TRAIN | epoch=028/030 | batch=05000/05033 | loss=3.630390e-01 | stage_elapsed=00:52:31 | stage_eta=00:00:21 | data_wait=1.59s
2026-09-02 00:31:26 | INFO    | TRAIN | epoch=028/030 | batch=05033/05033 | loss=3.460116e-01 | stage_elapsed=00:52:55 | stage_eta=00:00:00 | data_wait=1.60s
2026-09-02 00:31:43 | INFO    | VAL | epoch=028/030 | batch=00050/00212 | loss=3.798363e-01 | stage_elapsed=00:00:17 | stage_eta=00:00:54 | data_wait=0.45s
2026-09-02 00:32:00 | INFO    | VAL | epoch=028/030 | batch=00100/00212 | loss=4.885084e-01 | stage_elapsed=00:00:34 | stage_eta=00:00:38 | data_wait=0.46s
2026-09-02 00:32:16 | INFO    | VAL | epoch=028/030 | batch=00150/00212 | loss=4.812156e-01 | stage_elapsed=00:00:50 | stage_eta=00:00:21 | data_wait=0.47s
2026-09-02 00:32:32 | INFO    | VAL | epoch=028/030 | batch=00200/00212 | loss=4.214327e-01 | stage_elapsed=00:01:07 | stage_eta=00:00:04 | data_wait=0.48s
2026-09-02 00:32:36 | INFO    | VAL | epoch=028/030 | batch=00212/00212 | loss=6.252996e-01 | stage_elapsed=00:01:10 | stage_eta=00:00:00 | data_wait=0.49s
2026-09-02 00:32:37 | INFO    | Epoch 028 complete | train=3.902252e-01 | val=4.656669e-01 | best=4.656669e-01 | lr=1.000e-03 | epoch_time=00:54:06 | run_elapsed=1d 00:51:52 | eta=01:46:34 | finish=2026-09-02 02:19:11 CST
2026-09-02 00:33:15 | INFO    | TRAIN | epoch=029/030 | batch=00050/05033 | loss=3.535801e-01 | stage_elapsed=00:00:38 | stage_eta=01:03:10 | data_wait=0.33s
2026-09-02 00:33:51 | INFO    | TRAIN | epoch=029/030 | batch=00100/05033 | loss=3.621966e-01 | stage_elapsed=00:01:14 | stage_eta=01:01:05 | data_wait=0.34s
2026-09-02 00:34:28 | INFO    | TRAIN | epoch=029/030 | batch=00150/05033 | loss=4.002620e-01 | stage_elapsed=00:01:51 | stage_eta=01:00:16 | data_wait=0.35s
2026-09-02 00:35:05 | INFO    | TRAIN | epoch=029/030 | batch=00200/05033 | loss=4.199552e-01 | stage_elapsed=00:02:28 | stage_eta=00:59:31 | data_wait=0.36s
2026-09-02 00:35:39 | INFO    | TRAIN | epoch=029/030 | batch=00250/05033 | loss=3.137396e-01 | stage_elapsed=00:03:01 | stage_eta=00:57:51 | data_wait=0.38s
2026-09-02 00:36:15 | INFO    | TRAIN | epoch=029/030 | batch=00300/05033 | loss=3.739418e-01 | stage_elapsed=00:03:38 | stage_eta=00:57:24 | data_wait=0.39s
2026-09-02 00:36:52 | INFO    | TRAIN | epoch=029/030 | batch=00350/05033 | loss=3.615475e-01 | stage_elapsed=00:04:14 | stage_eta=00:56:44 | data_wait=0.40s
2026-09-02 00:37:29 | INFO    | TRAIN | epoch=029/030 | batch=00400/05033 | loss=3.241453e-01 | stage_elapsed=00:04:52 | stage_eta=00:56:22 | data_wait=0.41s
2026-09-02 00:38:06 | INFO    | TRAIN | epoch=029/030 | batch=00450/05033 | loss=3.791075e-01 | stage_elapsed=00:05:29 | stage_eta=00:55:49 | data_wait=0.42s
2026-09-02 00:38:42 | INFO    | TRAIN | epoch=029/030 | batch=00500/05033 | loss=3.618808e-01 | stage_elapsed=00:06:05 | stage_eta=00:55:07 | data_wait=0.43s
2026-09-02 00:39:18 | INFO    | TRAIN | epoch=029/030 | batch=00550/05033 | loss=3.838226e-01 | stage_elapsed=00:06:41 | stage_eta=00:54:30 | data_wait=0.44s
2026-09-02 00:39:53 | INFO    | TRAIN | epoch=029/030 | batch=00600/05033 | loss=4.767628e-01 | stage_elapsed=00:07:16 | stage_eta=00:53:42 | data_wait=0.45s
2026-09-02 00:40:28 | INFO    | TRAIN | epoch=029/030 | batch=00650/05033 | loss=3.766680e-01 | stage_elapsed=00:07:51 | stage_eta=00:52:55 | data_wait=0.47s
2026-09-02 00:41:05 | INFO    | TRAIN | epoch=029/030 | batch=00700/05033 | loss=3.376524e-01 | stage_elapsed=00:08:28 | stage_eta=00:52:24 | data_wait=0.49s
2026-09-02 00:41:41 | INFO    | TRAIN | epoch=029/030 | batch=00750/05033 | loss=4.525805e-01 | stage_elapsed=00:09:04 | stage_eta=00:51:47 | data_wait=0.50s
2026-09-02 00:42:18 | INFO    | TRAIN | epoch=029/030 | batch=00800/05033 | loss=3.905523e-01 | stage_elapsed=00:09:41 | stage_eta=00:51:15 | data_wait=0.51s
2026-09-02 00:42:55 | INFO    | TRAIN | epoch=029/030 | batch=00850/05033 | loss=3.897074e-01 | stage_elapsed=00:10:18 | stage_eta=00:50:41 | data_wait=0.52s
2026-09-02 00:43:31 | INFO    | TRAIN | epoch=029/030 | batch=00900/05033 | loss=4.063404e-01 | stage_elapsed=00:10:54 | stage_eta=00:50:02 | data_wait=0.53s
2026-09-02 00:44:07 | INFO    | TRAIN | epoch=029/030 | batch=00950/05033 | loss=3.263391e-01 | stage_elapsed=00:11:30 | stage_eta=00:49:25 | data_wait=0.54s
2026-09-02 00:44:41 | INFO    | TRAIN | epoch=029/030 | batch=01000/05033 | loss=3.569922e-01 | stage_elapsed=00:12:04 | stage_eta=00:48:40 | data_wait=0.56s
2026-09-02 00:45:18 | INFO    | TRAIN | epoch=029/030 | batch=01050/05033 | loss=4.100722e-01 | stage_elapsed=00:12:40 | stage_eta=00:48:04 | data_wait=0.57s
2026-09-02 00:45:55 | INFO    | TRAIN | epoch=029/030 | batch=01100/05033 | loss=3.493362e-01 | stage_elapsed=00:13:18 | stage_eta=00:47:32 | data_wait=0.58s
2026-09-02 00:46:31 | INFO    | TRAIN | epoch=029/030 | batch=01150/05033 | loss=3.627339e-01 | stage_elapsed=00:13:54 | stage_eta=00:46:56 | data_wait=0.60s
2026-09-02 00:47:08 | INFO    | TRAIN | epoch=029/030 | batch=01200/05033 | loss=3.455593e-01 | stage_elapsed=00:14:31 | stage_eta=00:46:23 | data_wait=0.61s
2026-09-02 00:47:44 | INFO    | TRAIN | epoch=029/030 | batch=01250/05033 | loss=2.927611e-01 | stage_elapsed=00:15:07 | stage_eta=00:45:46 | data_wait=0.61s
2026-09-02 00:48:20 | INFO    | TRAIN | epoch=029/030 | batch=01300/05033 | loss=3.742409e-01 | stage_elapsed=00:15:43 | stage_eta=00:45:07 | data_wait=0.62s
2026-09-02 00:48:54 | INFO    | TRAIN | epoch=029/030 | batch=01350/05033 | loss=3.213247e-01 | stage_elapsed=00:16:17 | stage_eta=00:44:26 | data_wait=0.64s
2026-09-02 00:49:30 | INFO    | TRAIN | epoch=029/030 | batch=01400/05033 | loss=4.086673e-01 | stage_elapsed=00:16:53 | stage_eta=00:43:48 | data_wait=0.66s
2026-09-02 00:50:06 | INFO    | TRAIN | epoch=029/030 | batch=01450/05033 | loss=3.449413e-01 | stage_elapsed=00:17:29 | stage_eta=00:43:12 | data_wait=0.67s
2026-09-02 00:50:43 | INFO    | TRAIN | epoch=029/030 | batch=01500/05033 | loss=4.002139e-01 | stage_elapsed=00:18:06 | stage_eta=00:42:39 | data_wait=0.68s
2026-09-02 00:51:20 | INFO    | TRAIN | epoch=029/030 | batch=01550/05033 | loss=4.276450e-01 | stage_elapsed=00:18:43 | stage_eta=00:42:03 | data_wait=0.70s
2026-09-02 00:51:56 | INFO    | TRAIN | epoch=029/030 | batch=01600/05033 | loss=3.975516e-01 | stage_elapsed=00:19:18 | stage_eta=00:41:26 | data_wait=0.70s
2026-09-02 00:52:33 | INFO    | TRAIN | epoch=029/030 | batch=01650/05033 | loss=4.144576e-01 | stage_elapsed=00:19:56 | stage_eta=00:40:53 | data_wait=0.72s
2026-09-02 00:53:09 | INFO    | TRAIN | epoch=029/030 | batch=01700/05033 | loss=4.148746e-01 | stage_elapsed=00:20:32 | stage_eta=00:40:15 | data_wait=0.73s
2026-09-02 00:53:45 | INFO    | TRAIN | epoch=029/030 | batch=01750/05033 | loss=2.916780e-01 | stage_elapsed=00:21:07 | stage_eta=00:39:38 | data_wait=0.74s
2026-09-02 00:54:19 | INFO    | TRAIN | epoch=029/030 | batch=01800/05033 | loss=3.909555e-01 | stage_elapsed=00:21:42 | stage_eta=00:38:58 | data_wait=0.76s
2026-09-02 00:54:56 | INFO    | TRAIN | epoch=029/030 | batch=01850/05033 | loss=3.260034e-01 | stage_elapsed=00:22:19 | stage_eta=00:38:23 | data_wait=0.77s
2026-09-02 00:55:31 | INFO    | TRAIN | epoch=029/030 | batch=01900/05033 | loss=4.359804e-01 | stage_elapsed=00:22:54 | stage_eta=00:37:45 | data_wait=0.78s
2026-09-02 00:56:07 | INFO    | TRAIN | epoch=029/030 | batch=01950/05033 | loss=3.730471e-01 | stage_elapsed=00:23:30 | stage_eta=00:37:09 | data_wait=0.79s
2026-09-02 00:56:43 | INFO    | TRAIN | epoch=029/030 | batch=02000/05033 | loss=4.056270e-01 | stage_elapsed=00:24:06 | stage_eta=00:36:32 | data_wait=0.80s
2026-09-02 00:57:20 | INFO    | TRAIN | epoch=029/030 | batch=02050/05033 | loss=3.786225e-01 | stage_elapsed=00:24:43 | stage_eta=00:35:58 | data_wait=0.81s
2026-09-02 00:57:55 | INFO    | TRAIN | epoch=029/030 | batch=02100/05033 | loss=4.437748e-01 | stage_elapsed=00:25:18 | stage_eta=00:35:19 | data_wait=0.82s
2026-09-02 00:58:30 | INFO    | TRAIN | epoch=029/030 | batch=02150/05033 | loss=3.570751e-01 | stage_elapsed=00:25:53 | stage_eta=00:34:43 | data_wait=0.84s
2026-09-02 00:59:05 | INFO    | TRAIN | epoch=029/030 | batch=02200/05033 | loss=3.405432e-01 | stage_elapsed=00:26:28 | stage_eta=00:34:05 | data_wait=0.85s
2026-09-02 00:59:42 | INFO    | TRAIN | epoch=029/030 | batch=02250/05033 | loss=3.152153e-01 | stage_elapsed=00:27:05 | stage_eta=00:33:30 | data_wait=0.87s
2026-09-02 01:00:19 | INFO    | TRAIN | epoch=029/030 | batch=02300/05033 | loss=3.081095e-01 | stage_elapsed=00:27:42 | stage_eta=00:32:55 | data_wait=0.88s
2026-09-02 01:00:55 | INFO    | TRAIN | epoch=029/030 | batch=02350/05033 | loss=4.106753e-01 | stage_elapsed=00:28:18 | stage_eta=00:32:18 | data_wait=0.89s
2026-09-02 01:01:31 | INFO    | TRAIN | epoch=029/030 | batch=02400/05033 | loss=3.524477e-01 | stage_elapsed=00:28:54 | stage_eta=00:31:43 | data_wait=0.90s
2026-09-02 01:02:09 | INFO    | TRAIN | epoch=029/030 | batch=02450/05033 | loss=3.693082e-01 | stage_elapsed=00:29:32 | stage_eta=00:31:08 | data_wait=0.92s
2026-09-02 01:02:45 | INFO    | TRAIN | epoch=029/030 | batch=02500/05033 | loss=3.820535e-01 | stage_elapsed=00:30:08 | stage_eta=00:30:32 | data_wait=0.93s
2026-09-02 01:03:21 | INFO    | TRAIN | epoch=029/030 | batch=02550/05033 | loss=4.690140e-01 | stage_elapsed=00:30:44 | stage_eta=00:29:56 | data_wait=0.94s
2026-09-02 01:03:56 | INFO    | TRAIN | epoch=029/030 | batch=02600/05033 | loss=3.613848e-01 | stage_elapsed=00:31:19 | stage_eta=00:29:19 | data_wait=0.96s
2026-09-02 01:04:32 | INFO    | TRAIN | epoch=029/030 | batch=02650/05033 | loss=3.228894e-01 | stage_elapsed=00:31:54 | stage_eta=00:28:41 | data_wait=0.97s
2026-09-02 01:05:08 | INFO    | TRAIN | epoch=029/030 | batch=02700/05033 | loss=3.390785e-01 | stage_elapsed=00:32:31 | stage_eta=00:28:06 | data_wait=0.98s
2026-09-02 01:05:46 | INFO    | TRAIN | epoch=029/030 | batch=02750/05033 | loss=3.250629e-01 | stage_elapsed=00:33:09 | stage_eta=00:27:31 | data_wait=0.99s
2026-09-02 01:06:22 | INFO    | TRAIN | epoch=029/030 | batch=02800/05033 | loss=4.077359e-01 | stage_elapsed=00:33:45 | stage_eta=00:26:55 | data_wait=0.99s
2026-09-02 01:06:59 | INFO    | TRAIN | epoch=029/030 | batch=02850/05033 | loss=3.872862e-01 | stage_elapsed=00:34:22 | stage_eta=00:26:19 | data_wait=1.01s
2026-09-02 01:07:35 | INFO    | TRAIN | epoch=029/030 | batch=02900/05033 | loss=3.667494e-01 | stage_elapsed=00:34:58 | stage_eta=00:25:43 | data_wait=1.02s
2026-09-02 01:08:11 | INFO    | TRAIN | epoch=029/030 | batch=02950/05033 | loss=3.578631e-01 | stage_elapsed=00:35:34 | stage_eta=00:25:07 | data_wait=1.03s
2026-09-02 01:08:47 | INFO    | TRAIN | epoch=029/030 | batch=03000/05033 | loss=3.629600e-01 | stage_elapsed=00:36:10 | stage_eta=00:24:30 | data_wait=1.04s
2026-09-02 01:09:23 | INFO    | TRAIN | epoch=029/030 | batch=03050/05033 | loss=4.018043e-01 | stage_elapsed=00:36:46 | stage_eta=00:23:54 | data_wait=1.05s
2026-09-02 01:09:58 | INFO    | TRAIN | epoch=029/030 | batch=03100/05033 | loss=4.420137e-01 | stage_elapsed=00:37:21 | stage_eta=00:23:17 | data_wait=1.07s
2026-09-02 01:10:33 | INFO    | TRAIN | epoch=029/030 | batch=03150/05033 | loss=3.273605e-01 | stage_elapsed=00:37:56 | stage_eta=00:22:41 | data_wait=1.08s
2026-09-02 01:11:10 | INFO    | TRAIN | epoch=029/030 | batch=03200/05033 | loss=3.240087e-01 | stage_elapsed=00:38:33 | stage_eta=00:22:05 | data_wait=1.09s
2026-09-02 01:11:47 | INFO    | TRAIN | epoch=029/030 | batch=03250/05033 | loss=4.350274e-01 | stage_elapsed=00:39:10 | stage_eta=00:21:29 | data_wait=1.10s
2026-09-02 01:12:23 | INFO    | TRAIN | epoch=029/030 | batch=03300/05033 | loss=4.195335e-01 | stage_elapsed=00:39:46 | stage_eta=00:20:53 | data_wait=1.11s
2026-09-02 01:13:00 | INFO    | TRAIN | epoch=029/030 | batch=03350/05033 | loss=3.815455e-01 | stage_elapsed=00:40:23 | stage_eta=00:20:17 | data_wait=1.12s
2026-09-02 01:13:37 | INFO    | TRAIN | epoch=029/030 | batch=03400/05033 | loss=3.854487e-01 | stage_elapsed=00:41:00 | stage_eta=00:19:41 | data_wait=1.13s
2026-09-02 01:14:12 | INFO    | TRAIN | epoch=029/030 | batch=03450/05033 | loss=4.621688e-01 | stage_elapsed=00:41:35 | stage_eta=00:19:05 | data_wait=1.14s
2026-09-02 01:14:47 | INFO    | TRAIN | epoch=029/030 | batch=03500/05033 | loss=3.552967e-01 | stage_elapsed=00:42:10 | stage_eta=00:18:28 | data_wait=1.16s
2026-09-02 01:15:23 | INFO    | TRAIN | epoch=029/030 | batch=03550/05033 | loss=3.578587e-01 | stage_elapsed=00:42:46 | stage_eta=00:17:52 | data_wait=1.17s
2026-09-02 01:15:59 | INFO    | TRAIN | epoch=029/030 | batch=03600/05033 | loss=3.542456e-01 | stage_elapsed=00:43:22 | stage_eta=00:17:16 | data_wait=1.19s
2026-09-02 01:16:34 | INFO    | TRAIN | epoch=029/030 | batch=03650/05033 | loss=4.098739e-01 | stage_elapsed=00:43:57 | stage_eta=00:16:39 | data_wait=1.20s
2026-09-02 01:17:12 | INFO    | TRAIN | epoch=029/030 | batch=03700/05033 | loss=4.086620e-01 | stage_elapsed=00:44:35 | stage_eta=00:16:04 | data_wait=1.21s
2026-09-02 01:17:48 | INFO    | TRAIN | epoch=029/030 | batch=03750/05033 | loss=3.301363e-01 | stage_elapsed=00:45:11 | stage_eta=00:15:27 | data_wait=1.22s
2026-09-02 01:18:25 | INFO    | TRAIN | epoch=029/030 | batch=03800/05033 | loss=3.763318e-01 | stage_elapsed=00:45:47 | stage_eta=00:14:51 | data_wait=1.23s
2026-09-02 01:19:02 | INFO    | TRAIN | epoch=029/030 | batch=03850/05033 | loss=3.260731e-01 | stage_elapsed=00:46:25 | stage_eta=00:14:16 | data_wait=1.24s
2026-09-02 01:19:38 | INFO    | TRAIN | epoch=029/030 | batch=03900/05033 | loss=3.829570e-01 | stage_elapsed=00:47:01 | stage_eta=00:13:40 | data_wait=1.25s
2026-09-02 01:20:13 | INFO    | TRAIN | epoch=029/030 | batch=03950/05033 | loss=3.509936e-01 | stage_elapsed=00:47:36 | stage_eta=00:13:03 | data_wait=1.26s
2026-09-02 01:20:49 | INFO    | TRAIN | epoch=029/030 | batch=04000/05033 | loss=3.437329e-01 | stage_elapsed=00:48:11 | stage_eta=00:12:27 | data_wait=1.28s
2026-09-02 01:21:25 | INFO    | TRAIN | epoch=029/030 | batch=04050/05033 | loss=4.058034e-01 | stage_elapsed=00:48:48 | stage_eta=00:11:51 | data_wait=1.29s
2026-09-02 01:22:02 | INFO    | TRAIN | epoch=029/030 | batch=04100/05033 | loss=3.490997e-01 | stage_elapsed=00:49:25 | stage_eta=00:11:15 | data_wait=1.30s
2026-09-02 01:22:39 | INFO    | TRAIN | epoch=029/030 | batch=04150/05033 | loss=4.147639e-01 | stage_elapsed=00:50:01 | stage_eta=00:10:39 | data_wait=1.31s
2026-09-02 01:23:15 | INFO    | TRAIN | epoch=029/030 | batch=04200/05033 | loss=3.403929e-01 | stage_elapsed=00:50:38 | stage_eta=00:10:02 | data_wait=1.32s
2026-09-02 01:23:52 | INFO    | TRAIN | epoch=029/030 | batch=04250/05033 | loss=4.457375e-01 | stage_elapsed=00:51:15 | stage_eta=00:09:26 | data_wait=1.33s
2026-09-02 01:24:29 | INFO    | TRAIN | epoch=029/030 | batch=04300/05033 | loss=3.786128e-01 | stage_elapsed=00:51:52 | stage_eta=00:08:50 | data_wait=1.34s
2026-09-02 01:25:03 | INFO    | TRAIN | epoch=029/030 | batch=04350/05033 | loss=4.233866e-01 | stage_elapsed=00:52:26 | stage_eta=00:08:14 | data_wait=1.36s
2026-09-02 01:25:38 | INFO    | TRAIN | epoch=029/030 | batch=04400/05033 | loss=4.094542e-01 | stage_elapsed=00:53:01 | stage_eta=00:07:38 | data_wait=1.38s
2026-09-02 01:26:14 | INFO    | TRAIN | epoch=029/030 | batch=04450/05033 | loss=4.224456e-01 | stage_elapsed=00:53:36 | stage_eta=00:07:01 | data_wait=1.39s
2026-09-02 01:26:49 | INFO    | TRAIN | epoch=029/030 | batch=04500/05033 | loss=3.460163e-01 | stage_elapsed=00:54:12 | stage_eta=00:06:25 | data_wait=1.40s
2026-09-02 01:27:27 | INFO    | TRAIN | epoch=029/030 | batch=04550/05033 | loss=3.684478e-01 | stage_elapsed=00:54:50 | stage_eta=00:05:49 | data_wait=1.41s
2026-09-02 01:28:03 | INFO    | TRAIN | epoch=029/030 | batch=04600/05033 | loss=3.629704e-01 | stage_elapsed=00:55:26 | stage_eta=00:05:13 | data_wait=1.42s
2026-09-02 01:28:39 | INFO    | TRAIN | epoch=029/030 | batch=04650/05033 | loss=3.583269e-01 | stage_elapsed=00:56:02 | stage_eta=00:04:37 | data_wait=1.43s
2026-09-02 01:29:15 | INFO    | TRAIN | epoch=029/030 | batch=04700/05033 | loss=4.051512e-01 | stage_elapsed=00:56:38 | stage_eta=00:04:01 | data_wait=1.44s
2026-09-02 01:29:52 | INFO    | TRAIN | epoch=029/030 | batch=04750/05033 | loss=4.196674e-01 | stage_elapsed=00:57:15 | stage_eta=00:03:25 | data_wait=1.45s
2026-09-02 01:30:28 | INFO    | TRAIN | epoch=029/030 | batch=04800/05033 | loss=3.995330e-01 | stage_elapsed=00:57:51 | stage_eta=00:02:48 | data_wait=1.47s
2026-09-02 01:31:02 | INFO    | TRAIN | epoch=029/030 | batch=04850/05033 | loss=4.463500e-01 | stage_elapsed=00:58:25 | stage_eta=00:02:12 | data_wait=1.48s
2026-09-02 01:31:39 | INFO    | TRAIN | epoch=029/030 | batch=04900/05033 | loss=3.569891e-01 | stage_elapsed=00:59:02 | stage_eta=00:01:36 | data_wait=1.49s
2026-09-02 01:32:15 | INFO    | TRAIN | epoch=029/030 | batch=04950/05033 | loss=4.188021e-01 | stage_elapsed=00:59:38 | stage_eta=00:01:00 | data_wait=1.50s
2026-09-02 01:32:52 | INFO    | TRAIN | epoch=029/030 | batch=05000/05033 | loss=4.306474e-01 | stage_elapsed=01:00:15 | stage_eta=00:00:24 | data_wait=1.51s
2026-09-02 01:33:16 | INFO    | TRAIN | epoch=029/030 | batch=05033/05033 | loss=3.587981e-01 | stage_elapsed=01:00:39 | stage_eta=00:00:00 | data_wait=1.52s
2026-09-02 01:33:34 | INFO    | VAL | epoch=029/030 | batch=00050/00212 | loss=4.071498e-01 | stage_elapsed=00:00:17 | stage_eta=00:00:56 | data_wait=0.36s
2026-09-02 01:33:50 | INFO    | VAL | epoch=029/030 | batch=00100/00212 | loss=4.830946e-01 | stage_elapsed=00:00:34 | stage_eta=00:00:38 | data_wait=0.37s
2026-09-02 01:34:07 | INFO    | VAL | epoch=029/030 | batch=00150/00212 | loss=4.830730e-01 | stage_elapsed=00:00:51 | stage_eta=00:00:21 | data_wait=0.38s
2026-09-02 01:34:24 | INFO    | VAL | epoch=029/030 | batch=00200/00212 | loss=4.409224e-01 | stage_elapsed=00:01:07 | stage_eta=00:00:04 | data_wait=0.39s
2026-09-02 01:34:27 | INFO    | VAL | epoch=029/030 | batch=00212/00212 | loss=6.251553e-01 | stage_elapsed=00:01:11 | stage_eta=00:00:00 | data_wait=0.39s
2026-09-02 01:34:28 | INFO    | Epoch 029 complete | train=3.835735e-01 | val=4.834278e-01 | best=4.656669e-01 | lr=1.000e-03 | epoch_time=01:01:50 | run_elapsed=1d 01:53:42 | eta=00:53:35 | finish=2026-09-02 02:28:02 CST
2026-09-02 01:35:05 | INFO    | TRAIN | epoch=030/030 | batch=00050/05033 | loss=4.348438e-01 | stage_elapsed=00:00:37 | stage_eta=01:01:45 | data_wait=0.37s
2026-09-02 01:35:40 | INFO    | TRAIN | epoch=030/030 | batch=00100/05033 | loss=4.076558e-01 | stage_elapsed=00:01:12 | stage_eta=00:59:24 | data_wait=0.38s
2026-09-02 01:36:14 | INFO    | TRAIN | epoch=030/030 | batch=00150/05033 | loss=3.390753e-01 | stage_elapsed=00:01:47 | stage_eta=00:57:57 | data_wait=0.40s
2026-09-02 01:36:52 | INFO    | TRAIN | epoch=030/030 | batch=00200/05033 | loss=3.300382e-01 | stage_elapsed=00:02:24 | stage_eta=00:58:01 | data_wait=0.41s
2026-09-02 01:37:29 | INFO    | TRAIN | epoch=030/030 | batch=00250/05033 | loss=3.416294e-01 | stage_elapsed=00:03:01 | stage_eta=00:57:44 | data_wait=0.42s
2026-09-02 01:38:05 | INFO    | TRAIN | epoch=030/030 | batch=00300/05033 | loss=3.891895e-01 | stage_elapsed=00:03:38 | stage_eta=00:57:13 | data_wait=0.43s
2026-09-02 01:38:41 | INFO    | TRAIN | epoch=030/030 | batch=00350/05033 | loss=4.425077e-01 | stage_elapsed=00:04:14 | stage_eta=00:56:37 | data_wait=0.44s
2026-09-02 01:39:18 | INFO    | TRAIN | epoch=030/030 | batch=00400/05033 | loss=3.825870e-01 | stage_elapsed=00:04:51 | stage_eta=00:56:10 | data_wait=0.45s
2026-09-02 01:39:54 | INFO    | TRAIN | epoch=030/030 | batch=00450/05033 | loss=4.036718e-01 | stage_elapsed=00:05:27 | stage_eta=00:55:25 | data_wait=0.46s
2026-09-02 01:40:29 | INFO    | TRAIN | epoch=030/030 | batch=00500/05033 | loss=3.470718e-01 | stage_elapsed=00:06:02 | stage_eta=00:54:38 | data_wait=0.48s
2026-09-02 01:41:05 | INFO    | TRAIN | epoch=030/030 | batch=00550/05033 | loss=3.767012e-01 | stage_elapsed=00:06:38 | stage_eta=00:54:00 | data_wait=0.49s
2026-09-02 01:41:41 | INFO    | TRAIN | epoch=030/030 | batch=00600/05033 | loss=3.519230e-01 | stage_elapsed=00:07:14 | stage_eta=00:53:26 | data_wait=0.51s
2026-09-02 01:42:17 | INFO    | TRAIN | epoch=030/030 | batch=00650/05033 | loss=3.618878e-01 | stage_elapsed=00:07:50 | stage_eta=00:52:49 | data_wait=0.52s
2026-09-02 01:42:53 | INFO    | TRAIN | epoch=030/030 | batch=00700/05033 | loss=3.552213e-01 | stage_elapsed=00:08:25 | stage_eta=00:52:06 | data_wait=0.53s
2026-09-02 01:43:30 | INFO    | TRAIN | epoch=030/030 | batch=00750/05033 | loss=4.112260e-01 | stage_elapsed=00:09:02 | stage_eta=00:51:38 | data_wait=0.54s
2026-09-02 01:44:06 | INFO    | TRAIN | epoch=030/030 | batch=00800/05033 | loss=3.820369e-01 | stage_elapsed=00:09:38 | stage_eta=00:51:01 | data_wait=0.55s
2026-09-02 01:44:41 | INFO    | TRAIN | epoch=030/030 | batch=00850/05033 | loss=3.805652e-01 | stage_elapsed=00:10:14 | stage_eta=00:50:21 | data_wait=0.57s
2026-09-02 01:45:17 | INFO    | TRAIN | epoch=030/030 | batch=00900/05033 | loss=4.553497e-01 | stage_elapsed=00:10:49 | stage_eta=00:49:41 | data_wait=0.58s
2026-09-02 01:45:52 | INFO    | TRAIN | epoch=030/030 | batch=00950/05033 | loss=4.324565e-01 | stage_elapsed=00:11:25 | stage_eta=00:49:03 | data_wait=0.60s
2026-09-02 01:46:29 | INFO    | TRAIN | epoch=030/030 | batch=01000/05033 | loss=4.077336e-01 | stage_elapsed=00:12:02 | stage_eta=00:48:30 | data_wait=0.61s
2026-09-02 01:47:06 | INFO    | TRAIN | epoch=030/030 | batch=01050/05033 | loss=3.580006e-01 | stage_elapsed=00:12:39 | stage_eta=00:47:58 | data_wait=0.61s
2026-09-02 01:47:42 | INFO    | TRAIN | epoch=030/030 | batch=01100/05033 | loss=3.263700e-01 | stage_elapsed=00:13:15 | stage_eta=00:47:21 | data_wait=0.63s
2026-09-02 01:48:18 | INFO    | TRAIN | epoch=030/030 | batch=01150/05033 | loss=3.771516e-01 | stage_elapsed=00:13:50 | stage_eta=00:46:43 | data_wait=0.64s
2026-09-02 01:48:53 | INFO    | TRAIN | epoch=030/030 | batch=01200/05033 | loss=3.006856e-01 | stage_elapsed=00:14:25 | stage_eta=00:46:04 | data_wait=0.65s
2026-09-02 01:49:30 | INFO    | TRAIN | epoch=030/030 | batch=01250/05033 | loss=3.657563e-01 | stage_elapsed=00:15:02 | stage_eta=00:45:31 | data_wait=0.66s
2026-09-02 01:50:05 | INFO    | TRAIN | epoch=030/030 | batch=01300/05033 | loss=3.852291e-01 | stage_elapsed=00:15:38 | stage_eta=00:44:53 | data_wait=0.68s
2026-09-02 01:50:40 | INFO    | TRAIN | epoch=030/030 | batch=01350/05033 | loss=3.838752e-01 | stage_elapsed=00:16:13 | stage_eta=00:44:14 | data_wait=0.69s
2026-09-02 01:51:18 | INFO    | TRAIN | epoch=030/030 | batch=01400/05033 | loss=4.290279e-01 | stage_elapsed=00:16:50 | stage_eta=00:43:41 | data_wait=0.70s
2026-09-02 01:51:54 | INFO    | TRAIN | epoch=030/030 | batch=01450/05033 | loss=3.308163e-01 | stage_elapsed=00:17:26 | stage_eta=00:43:06 | data_wait=0.71s
2026-09-02 01:52:31 | INFO    | TRAIN | epoch=030/030 | batch=01500/05033 | loss=4.203783e-01 | stage_elapsed=00:18:04 | stage_eta=00:42:33 | data_wait=0.72s
2026-09-02 01:53:07 | INFO    | TRAIN | epoch=030/030 | batch=01550/05033 | loss=3.698782e-01 | stage_elapsed=00:18:39 | stage_eta=00:41:56 | data_wait=0.73s
2026-09-02 01:53:43 | INFO    | TRAIN | epoch=030/030 | batch=01600/05033 | loss=3.701061e-01 | stage_elapsed=00:19:15 | stage_eta=00:41:19 | data_wait=0.74s
2026-09-02 01:54:19 | INFO    | TRAIN | epoch=030/030 | batch=01650/05033 | loss=4.292767e-01 | stage_elapsed=00:19:52 | stage_eta=00:40:44 | data_wait=0.75s
2026-09-02 01:54:54 | INFO    | TRAIN | epoch=030/030 | batch=01700/05033 | loss=3.443096e-01 | stage_elapsed=00:20:27 | stage_eta=00:40:05 | data_wait=0.77s
2026-09-02 01:55:30 | INFO    | TRAIN | epoch=030/030 | batch=01750/05033 | loss=3.413495e-01 | stage_elapsed=00:21:03 | stage_eta=00:39:28 | data_wait=0.79s
2026-09-02 01:56:06 | INFO    | TRAIN | epoch=030/030 | batch=01800/05033 | loss=3.437431e-01 | stage_elapsed=00:21:39 | stage_eta=00:38:53 | data_wait=0.80s
2026-09-02 01:56:42 | INFO    | TRAIN | epoch=030/030 | batch=01850/05033 | loss=4.085221e-01 | stage_elapsed=00:22:15 | stage_eta=00:38:16 | data_wait=0.81s
2026-09-02 01:57:18 | INFO    | TRAIN | epoch=030/030 | batch=01900/05033 | loss=4.211730e-01 | stage_elapsed=00:22:51 | stage_eta=00:37:40 | data_wait=0.82s
2026-09-02 01:57:57 | INFO    | TRAIN | epoch=030/030 | batch=01950/05033 | loss=4.011999e-01 | stage_elapsed=00:23:30 | stage_eta=00:37:09 | data_wait=0.83s
2026-09-02 01:58:42 | INFO    | TRAIN | epoch=030/030 | batch=02000/05033 | loss=3.479301e-01 | stage_elapsed=00:24:15 | stage_eta=00:36:46 | data_wait=0.84s
2026-09-02 01:59:25 | INFO    | TRAIN | epoch=030/030 | batch=02050/05033 | loss=4.193154e-01 | stage_elapsed=00:24:57 | stage_eta=00:36:18 | data_wait=0.85s
2026-09-02 02:00:09 | INFO    | TRAIN | epoch=030/030 | batch=02100/05033 | loss=3.651710e-01 | stage_elapsed=00:25:41 | stage_eta=00:35:52 | data_wait=0.87s
2026-09-02 02:00:54 | INFO    | TRAIN | epoch=030/030 | batch=02150/05033 | loss=4.021438e-01 | stage_elapsed=00:26:27 | stage_eta=00:35:28 | data_wait=0.88s
2026-09-02 02:01:40 | INFO    | TRAIN | epoch=030/030 | batch=02200/05033 | loss=3.839433e-01 | stage_elapsed=00:27:13 | stage_eta=00:35:02 | data_wait=0.89s
2026-09-02 02:02:25 | INFO    | TRAIN | epoch=030/030 | batch=02250/05033 | loss=4.041186e-01 | stage_elapsed=00:27:58 | stage_eta=00:34:35 | data_wait=0.89s
2026-09-02 02:03:10 | INFO    | TRAIN | epoch=030/030 | batch=02300/05033 | loss=3.893778e-01 | stage_elapsed=00:28:42 | stage_eta=00:34:06 | data_wait=0.91s
2026-09-02 02:03:52 | INFO    | TRAIN | epoch=030/030 | batch=02350/05033 | loss=3.912539e-01 | stage_elapsed=00:29:24 | stage_eta=00:33:34 | data_wait=0.93s
2026-09-02 02:04:35 | INFO    | TRAIN | epoch=030/030 | batch=02400/05033 | loss=3.484545e-01 | stage_elapsed=00:30:07 | stage_eta=00:33:03 | data_wait=0.94s
2026-09-02 02:05:20 | INFO    | TRAIN | epoch=030/030 | batch=02450/05033 | loss=3.888181e-01 | stage_elapsed=00:30:52 | stage_eta=00:32:33 | data_wait=0.95s
2026-09-02 02:06:05 | INFO    | TRAIN | epoch=030/030 | batch=02500/05033 | loss=3.662310e-01 | stage_elapsed=00:31:38 | stage_eta=00:32:03 | data_wait=0.96s
2026-09-02 02:06:51 | INFO    | TRAIN | epoch=030/030 | batch=02550/05033 | loss=4.045170e-01 | stage_elapsed=00:32:23 | stage_eta=00:31:32 | data_wait=0.97s
2026-09-02 02:07:36 | INFO    | TRAIN | epoch=030/030 | batch=02600/05033 | loss=4.243335e-01 | stage_elapsed=00:33:09 | stage_eta=00:31:01 | data_wait=0.98s
2026-09-02 02:08:18 | INFO    | TRAIN | epoch=030/030 | batch=02650/05033 | loss=3.047688e-01 | stage_elapsed=00:33:51 | stage_eta=00:30:26 | data_wait=1.00s
2026-09-02 02:09:03 | INFO    | TRAIN | epoch=030/030 | batch=02700/05033 | loss=3.745722e-01 | stage_elapsed=00:34:35 | stage_eta=00:29:53 | data_wait=1.01s
2026-09-02 02:09:48 | INFO    | TRAIN | epoch=030/030 | batch=02750/05033 | loss=3.354990e-01 | stage_elapsed=00:35:21 | stage_eta=00:29:21 | data_wait=1.02s
2026-09-02 02:10:33 | INFO    | TRAIN | epoch=030/030 | batch=02800/05033 | loss=4.086027e-01 | stage_elapsed=00:36:06 | stage_eta=00:28:47 | data_wait=1.03s
2026-09-02 02:11:19 | INFO    | TRAIN | epoch=030/030 | batch=02850/05033 | loss=3.876668e-01 | stage_elapsed=00:36:51 | stage_eta=00:28:14 | data_wait=1.04s
2026-09-02 02:12:03 | INFO    | TRAIN | epoch=030/030 | batch=02900/05033 | loss=3.446438e-01 | stage_elapsed=00:37:36 | stage_eta=00:27:39 | data_wait=1.05s
2026-09-02 02:12:45 | INFO    | TRAIN | epoch=030/030 | batch=02950/05033 | loss=3.803341e-01 | stage_elapsed=00:38:18 | stage_eta=00:27:02 | data_wait=1.07s
2026-09-02 02:13:31 | INFO    | TRAIN | epoch=030/030 | batch=03000/05033 | loss=3.371134e-01 | stage_elapsed=00:39:03 | stage_eta=00:26:28 | data_wait=1.08s
2026-09-02 02:14:16 | INFO    | TRAIN | epoch=030/030 | batch=03050/05033 | loss=3.914912e-01 | stage_elapsed=00:39:49 | stage_eta=00:25:53 | data_wait=1.09s
2026-09-02 02:15:01 | INFO    | TRAIN | epoch=030/030 | batch=03100/05033 | loss=3.147819e-01 | stage_elapsed=00:40:34 | stage_eta=00:25:18 | data_wait=1.10s
2026-09-02 02:15:46 | INFO    | TRAIN | epoch=030/030 | batch=03150/05033 | loss=3.948582e-01 | stage_elapsed=00:41:19 | stage_eta=00:24:42 | data_wait=1.11s
2026-09-02 02:16:29 | INFO    | TRAIN | epoch=030/030 | batch=03200/05033 | loss=3.196023e-01 | stage_elapsed=00:42:02 | stage_eta=00:24:04 | data_wait=1.12s
2026-09-02 02:17:12 | INFO    | TRAIN | epoch=030/030 | batch=03250/05033 | loss=3.424286e-01 | stage_elapsed=00:42:45 | stage_eta=00:23:27 | data_wait=1.14s
2026-09-02 02:17:58 | INFO    | TRAIN | epoch=030/030 | batch=03300/05033 | loss=4.251348e-01 | stage_elapsed=00:43:30 | stage_eta=00:22:51 | data_wait=1.15s
2026-09-02 02:18:43 | INFO    | TRAIN | epoch=030/030 | batch=03350/05033 | loss=3.198068e-01 | stage_elapsed=00:44:16 | stage_eta=00:22:14 | data_wait=1.16s
2026-09-02 02:19:29 | INFO    | TRAIN | epoch=030/030 | batch=03400/05033 | loss=3.779983e-01 | stage_elapsed=00:45:02 | stage_eta=00:21:38 | data_wait=1.17s
2026-09-02 02:20:14 | INFO    | TRAIN | epoch=030/030 | batch=03450/05033 | loss=3.478506e-01 | stage_elapsed=00:45:46 | stage_eta=00:21:00 | data_wait=1.18s
2026-09-02 02:20:56 | INFO    | TRAIN | epoch=030/030 | batch=03500/05033 | loss=3.556194e-01 | stage_elapsed=00:46:28 | stage_eta=00:20:21 | data_wait=1.19s
2026-09-02 02:21:40 | INFO    | TRAIN | epoch=030/030 | batch=03550/05033 | loss=4.563566e-01 | stage_elapsed=00:47:12 | stage_eta=00:19:43 | data_wait=1.21s
2026-09-02 02:22:25 | INFO    | TRAIN | epoch=030/030 | batch=03600/05033 | loss=3.799984e-01 | stage_elapsed=00:47:58 | stage_eta=00:19:05 | data_wait=1.22s
2026-09-02 02:23:10 | INFO    | TRAIN | epoch=030/030 | batch=03650/05033 | loss=3.686205e-01 | stage_elapsed=00:48:43 | stage_eta=00:18:27 | data_wait=1.23s
2026-09-02 02:23:55 | INFO    | TRAIN | epoch=030/030 | batch=03700/05033 | loss=4.017318e-01 | stage_elapsed=00:49:28 | stage_eta=00:17:49 | data_wait=1.24s
2026-09-02 02:24:40 | INFO    | TRAIN | epoch=030/030 | batch=03750/05033 | loss=3.622415e-01 | stage_elapsed=00:50:12 | stage_eta=00:17:11 | data_wait=1.25s
2026-09-02 02:25:22 | INFO    | TRAIN | epoch=030/030 | batch=03800/05033 | loss=3.664225e-01 | stage_elapsed=00:50:54 | stage_eta=00:16:31 | data_wait=1.26s
2026-09-02 02:26:07 | INFO    | TRAIN | epoch=030/030 | batch=03850/05033 | loss=3.665801e-01 | stage_elapsed=00:51:39 | stage_eta=00:15:52 | data_wait=1.27s
2026-09-02 02:26:52 | INFO    | TRAIN | epoch=030/030 | batch=03900/05033 | loss=3.545345e-01 | stage_elapsed=00:52:25 | stage_eta=00:15:14 | data_wait=1.29s
2026-09-02 02:27:38 | INFO    | TRAIN | epoch=030/030 | batch=03950/05033 | loss=3.538132e-01 | stage_elapsed=00:53:10 | stage_eta=00:14:35 | data_wait=1.30s
2026-09-02 02:28:23 | INFO    | TRAIN | epoch=030/030 | batch=04000/05033 | loss=4.002034e-01 | stage_elapsed=00:53:56 | stage_eta=00:13:56 | data_wait=1.30s
2026-09-02 02:29:07 | INFO    | TRAIN | epoch=030/030 | batch=04050/05033 | loss=4.578333e-01 | stage_elapsed=00:54:40 | stage_eta=00:13:16 | data_wait=1.32s
2026-09-02 02:29:50 | INFO    | TRAIN | epoch=030/030 | batch=04100/05033 | loss=3.552312e-01 | stage_elapsed=00:55:23 | stage_eta=00:12:36 | data_wait=1.34s
2026-09-02 02:30:34 | INFO    | TRAIN | epoch=030/030 | batch=04150/05033 | loss=3.096870e-01 | stage_elapsed=00:56:06 | stage_eta=00:11:56 | data_wait=1.35s
2026-09-02 02:31:19 | INFO    | TRAIN | epoch=030/030 | batch=04200/05033 | loss=3.929872e-01 | stage_elapsed=00:56:52 | stage_eta=00:11:17 | data_wait=1.35s
2026-09-02 02:32:05 | INFO    | TRAIN | epoch=030/030 | batch=04250/05033 | loss=3.870562e-01 | stage_elapsed=00:57:37 | stage_eta=00:10:37 | data_wait=1.36s
2026-09-02 02:32:50 | INFO    | TRAIN | epoch=030/030 | batch=04300/05033 | loss=3.854116e-01 | stage_elapsed=00:58:23 | stage_eta=00:09:57 | data_wait=1.37s
2026-09-02 02:33:33 | INFO    | TRAIN | epoch=030/030 | batch=04350/05033 | loss=3.961475e-01 | stage_elapsed=00:59:06 | stage_eta=00:09:17 | data_wait=1.39s
2026-09-02 02:34:17 | INFO    | TRAIN | epoch=030/030 | batch=04400/05033 | loss=3.513336e-01 | stage_elapsed=00:59:49 | stage_eta=00:08:36 | data_wait=1.40s
2026-09-02 02:35:02 | INFO    | TRAIN | epoch=030/030 | batch=04450/05033 | loss=3.998603e-01 | stage_elapsed=01:00:34 | stage_eta=00:07:56 | data_wait=1.42s
2026-09-02 02:35:47 | INFO    | TRAIN | epoch=030/030 | batch=04500/05033 | loss=3.725111e-01 | stage_elapsed=01:01:20 | stage_eta=00:07:16 | data_wait=1.43s
2026-09-02 02:36:32 | INFO    | TRAIN | epoch=030/030 | batch=04550/05033 | loss=3.023382e-01 | stage_elapsed=01:02:05 | stage_eta=00:06:35 | data_wait=1.44s
2026-09-02 02:37:18 | INFO    | TRAIN | epoch=030/030 | batch=04600/05033 | loss=3.647079e-01 | stage_elapsed=01:02:50 | stage_eta=00:05:55 | data_wait=1.44s
2026-09-02 02:38:00 | INFO    | TRAIN | epoch=030/030 | batch=04650/05033 | loss=3.171190e-01 | stage_elapsed=01:03:32 | stage_eta=00:05:14 | data_wait=1.47s
2026-09-02 02:38:44 | INFO    | TRAIN | epoch=030/030 | batch=04700/05033 | loss=3.512661e-01 | stage_elapsed=01:04:16 | stage_eta=00:04:33 | data_wait=1.48s
2026-09-02 02:39:30 | INFO    | TRAIN | epoch=030/030 | batch=04750/05033 | loss=3.485373e-01 | stage_elapsed=01:05:02 | stage_eta=00:03:52 | data_wait=1.49s
2026-09-02 02:40:15 | INFO    | TRAIN | epoch=030/030 | batch=04800/05033 | loss=3.188277e-01 | stage_elapsed=01:05:47 | stage_eta=00:03:12 | data_wait=1.50s
2026-09-02 02:41:00 | INFO    | TRAIN | epoch=030/030 | batch=04850/05033 | loss=3.777587e-01 | stage_elapsed=01:06:33 | stage_eta=00:02:31 | data_wait=1.51s
2026-09-02 02:41:45 | INFO    | TRAIN | epoch=030/030 | batch=04900/05033 | loss=4.537660e-01 | stage_elapsed=01:07:17 | stage_eta=00:01:50 | data_wait=1.52s
2026-09-02 02:42:25 | INFO    | TRAIN | epoch=030/030 | batch=04950/05033 | loss=3.688703e-01 | stage_elapsed=01:07:58 | stage_eta=00:01:08 | data_wait=1.54s
2026-09-02 02:43:10 | INFO    | TRAIN | epoch=030/030 | batch=05000/05033 | loss=4.369638e-01 | stage_elapsed=01:08:43 | stage_eta=00:00:27 | data_wait=1.55s
2026-09-02 02:43:41 | INFO    | TRAIN | epoch=030/030 | batch=05033/05033 | loss=3.582510e-01 | stage_elapsed=01:09:13 | stage_eta=00:00:00 | data_wait=1.56s
2026-09-02 02:44:02 | INFO    | VAL | epoch=030/030 | batch=00050/00212 | loss=3.777804e-01 | stage_elapsed=00:00:21 | stage_eta=00:01:09 | data_wait=0.34s
2026-09-02 02:44:22 | INFO    | VAL | epoch=030/030 | batch=00100/00212 | loss=4.591878e-01 | stage_elapsed=00:00:42 | stage_eta=00:00:47 | data_wait=0.35s
2026-09-02 02:44:44 | INFO    | VAL | epoch=030/030 | batch=00150/00212 | loss=4.758480e-01 | stage_elapsed=00:01:03 | stage_eta=00:00:26 | data_wait=0.36s
2026-09-02 02:45:05 | INFO    | VAL | epoch=030/030 | batch=00200/00212 | loss=4.067287e-01 | stage_elapsed=00:01:24 | stage_eta=00:00:05 | data_wait=0.37s
2026-09-02 02:45:10 | INFO    | VAL | epoch=030/030 | batch=00212/00212 | loss=5.950413e-01 | stage_elapsed=00:01:29 | stage_eta=00:00:00 | data_wait=0.37s
2026-09-02 02:45:11 | INFO    | Epoch 030 complete | train=3.771801e-01 | val=4.630705e-01 | best=4.630705e-01 | lr=1.000e-03 | epoch_time=01:10:43 | run_elapsed=1d 03:04:26 | eta=00:00:00 | finish=2026-09-02 02:45:11 CST
2026-09-02 02:45:11 | INFO    | Training complete | best checkpoint=/data_ssd/oyys/autophasenn/autophasenn_pipeline_output/high_strain_cnn/author_bn_no_outer_skip_full_bs16_lr1e-3_20260831_234036/checkpoint_best.pt
  